0 1556958000000 0 -11000 2000 -22756327.2740819
823958.224543081 1547875799116.37 1647909833.49524 -11045.3830535251 1999.97584200141 -22756327.2739592
1647916.44908616 1538755984184.11 3295779503.67634 -11091.3027843297 1999.90222182371 -22756327.2738299
2471874.67362924 1529598108205.94 4943567530.5019 -11137.770898082 1999.77736701949 -22756327.2736935
3295832.89817232 1520401714388.36 6591230943.38711 -11184.7994700145 1999.59943143098 -22756327.2735495
4119791.1227154 1511166335830.91 8238725218.96279 -11232.4009602522 1999.36649149742 -22756327.2733975
4943749.34725848 1501891495202.43 9886004215.70238 -11280.5882299298 1999.07654234277 -22756327.2732369
5767707.57180157 1492576704403.73 11533020105.2296 -11329.3745581479 1998.72749362853 -22756327.2730672
6591665.79634465 1483221464215.88 13179723300.1069 -11378.7736598205 1998.31716515506 -22756327.2728877
7415624.02088773 1473825263933.5 14826062377.8893 -11428.7997044694 1997.84328219385 -22756327.2726978
8239582.24543081 1464387580982.05 16471984001.2156 -11479.4673360269 1997.30347053136 -22756327.2724968
9063540.46997389 1454907880518.43 18117432833.6896 -11530.7916937103 1996.69525120365 -22756327.2722838
9887498.69451697 1445385615013.9 19762351451.2876 -11582.7884340383 1996.01603489935 -22756327.272058
10711456.9190601 1435820223818.33 21406680249.0098 -11635.473754065 1995.26311600654 -22756327.2718186
11535415.1436031 1426211132704.85 23050357342.4705 -11688.8644159107 1994.43366627695 -22756327.2715645
12359373.3681462 1416557753393.66 24693318464.1002 -11742.9777726782 1993.52472807906 -22756327.2712947
13183331.5926893 1406859483053.89 26335496853.6092 -11797.8317958465 1992.53320720848 -22756327.271008
14007289.8172324 1397115703782.28 27976823142.3329 -11853.4451042451 1991.45586522211 -22756327.2707032
14831248.0417755 1387325782057.28 29617225231.0519 -11909.8369947158 1990.28931125879 -22756327.2703788
15655206.2663185 1377489068167.13 31256628160.8476 -11967.0274745827 1989.02999330652 -22756327.2700334
16479164.4908616 1367604895610.42 32894953976.5196 -12025.0372960564 1987.67418887231 -22756327.2696654
17303122.7154047 1357672580467.47 34532121582.0528 -12083.8879927115 1986.21799500673 -22756327.2692731
18127080.9399478 1347691420740.72 36168046587.5817 -12143.6019181871 1984.65731763123 -22756327.2688545
18951039.1644909 1337660695662.27 37802641147.2538 -12204.2022872732 1982.9878601108 -22756327.2684075
19774997.3890339 1327579664966.54 39435813787.3459 -12265.7132195599 1981.20511100979 -22756327.2679298
20598955.613577 1317447568125.82 41067469223.9315 -12328.1597858409 1979.30433096231 -22756327.2674189
21422913.8381201 1307263623546.4 42697508169.3395 -12391.5680574795 1977.28053858222 -22756327.2668721
22246872.0626632 1297027027722.7 44325827126.5798 -12455.965158966 1975.12849533046 -22756327.2662864
23070830.2872063 1286736954346.76 45952318170.8405 -12521.3793239132 1972.8426892491 -22756327.2656584
23894788.5117493 1276392553369.97 47576868717.0806 -12587.8399547597 1970.41731746273 -22756327.2649846
24718746.7362924 1265992950014.09 49199361272.6608 -12655.3776864778 1967.84626733755 -22756327.2642609
25542704.9608355 1255537243727.97 50819673173.8554 -12724.0244546071 1965.12309617727 -22756327.263483
26366663.1853786 1245024507086.32 52437676304.9867 -12793.8135679678 1962.2410093226 -22756327.262646
27190621.4099217 1234453784626.45 54053236798.8061 -12864.7797864409 1959.19283650682 -22756327.2617446
28014579.6344647 1223824091618.83 55666214716.6195 -12936.9594042391 1955.97100630443 -22756327.2607729
28838537.8590078 1213134412766.45 57276463706.513 -13010.390339135 1952.56751849212 -22756327.2597243
29662496.0835509 1202383700828.18 58883830637.876 -13085.1122281595 1948.97391412172 -22756327.2585916
30486454.308094 1191570875160.3 60488155210.2484 -13161.1665303342 1945.18124308233 -22756327.2573667
31310412.5326371 1180694820170.34 62089269534.3212 -13238.5966370604 1941.18002890409 -22756327.2560408
32134370.7571801 1169754383676.58 63686997682.707 -13317.4479908516 1936.96023052756 -22756327.2546038
32958328.9817232 1158748375166 65281155207.8558 -13397.7682131676 1932.51120073093 -22756327.2530446
33782287.2062663 1147675563942.86 66871548624.2222 -13479.6072421921 1927.82164087116 -22756327.2513509
34606245.4308094 1136534677159.35 68457974851.4928 -13563.0174814822 1922.87955155424 -22756327.2495088
35430203.6553525 1125324397718.99 70040220615.3441 -13648.0539605266 1917.67217880328 -22756327.2475028
36254161.8798955 1114043362042.3 71618061801.8262 -13734.7745083586 1912.1859552402 -22756327.2453154
37078120.1044386 1102690157683.76 73191262761.0434 -13823.2399415049 1906.40643573682 -22756327.2429272
37902078.3289817 1091263320787.42 74759575555.3283 -13913.5142676955 1900.3182269219 -22756327.2403161
38726036.5535248 1079761333367.67 76322739146.5664 -14005.6649069291 1893.90490985235 -22756327.2374571
39549994.7780679 1068182620400.1 77880478516.7231 -14099.762931676 1887.14895506646 -22756327.2343223
40373953.0026109 1056525546705.85 79432503714.9405 -14195.883328216 1880.03162913303 -22756327.2308797
41197911.227154 1044788413611.21 80978508823.7899 -14294.1052813564 1872.53289169123 -22756327.2270933
42021869.4516971 1032969455362.1 82518170836.3843 -14394.5124850512 1864.63128183808 -22756327.2229219
42845827.6762402 1021066835271 84051148435.0494 -14497.1934817679 1856.30379256076 -22756327.2183188
43669785.9007833 1009078641571.3 85577080661.1038 -14602.2420338117 1847.52573172663 -22756327.2132305
44493744.1253263 997002882951.329 87095585463.9854 -14709.7575302426 1838.27056792858 -22756327.2075958
45317702.3498694 984837483736.999 88606258116.4616 -14819.8454335054 1828.50975923322 -22756327.2013442
46141660.5744125 972580278688.538 90108669480.9319 -14932.6177704563 1818.21256258693 -22756327.1943951
46965618.7989556 960229007372.516 91602364109.8446 -15048.1936731197 1807.34582129217 -22756327.1866551
47789577.0234987 947781308065.774 93086858160.9574 -15166.6999752651 1795.87372756383 -22756327.1780162
48613535.2480417 935234711142.429 94561637105.5167 -15288.2718717723 1783.75755670118 -22756327.1683534
49437493.4725848 922586631889.028 96026153204.352 -15413.0536487811 1770.95536885059 -22756327.1575209
50261451.6971279 909834362685.812 97479822723.2976 -15541.1994938223 1757.42167366918 -22756327.1453488
51085409.921671 896975064483.926 98922022855.1777 -15672.8743965375 1743.10705240953 -22756327.1316383
51909368.1462141 884005757499.004 100352088310.694 -15808.2551522573 1727.9577310018 -22756327.1161556
52733326.3707571 870923311030.666 101769307534.811 -15947.5314826725 1711.91509657946 -22756327.0986256
53557284.5953002 857724432304.784 103172918498.479 -16090.9072901586 1694.91514853636 -22756327.0787225
54381242.8198433 844405654220.655 104562104007.51 -16238.6020650861 1676.8878735632 -22756327.05606
55205201.0443864 830963321867.928 105935986460.97 -16390.8524687584 1657.75653212443 -22756327.0301774
56029159.2689295 817393577657.927 107293621980.135 -16547.9141185842 1637.4368414197 -22756327.0005238
56853117.4934725 803692344890.16 108633993815.559 -16710.0636068662 1615.83603691924 -22756326.9664369
57677075.7180156 789855309546.653 109956004923.607 -16877.6007903599 1592.85179093568 -22756326.9271172
58501033.9425587 775877900073.349 111258469584.294 -17050.8513947629 1568.37096222053 -22756326.8815956
59324992.1671018 761755264868.015 112540103908.605 -17230.1699868362 1542.26814502619 -22756326.8286905
60148950.3916449 747482247146.505 113799515054.76 -17415.9433773366 1514.4039791603 -22756326.7669547
60972908.6161879 733053356802.065 115035188937.727 -17608.5945308308 1484.62317389424 -22756326.6946054
61796866.840731 718462738803.318 116245476173.141 -17808.5870744338 1452.75218766385 -22756326.6094339
62620825.0652741 703704137592.867 117428575943.448 -18016.4305173986 1418.59649164604 -22756326.5086872
63444783.2898172 688770856846.329 118582517407.875 -18232.6863183849 1381.93732760736 -22756326.3889111
64268741.5143602 673655713826.49 119705138195.009 -18457.9749686203 1342.52784768645 -22756326.2457424
65092699.7389033 658350987412.886 120794059412.61 -18692.9842989747 1300.08849433812 -22756326.0736294
65916657.9634464 642848358695.671 121846656477.382 -18938.4792698158 1254.30144026529 -22756325.8654532
66740616.1879895 627138842783.504 122860024899.093 -19195.3135679366 1204.80385765433 -22756325.6120096
67564574.4125326 611212710174.61 123830939937.109 -19464.4434196741 1151.1797190141 -22756325.3012929
68388532.6370756 595059395659.403 124755808766.935 -19746.9441402547 1092.9497421801 -22756324.9174955
69212490.8616187 578667392237.2 125630613427.729 -20044.0300856855 1029.55897069005 -22756324.4395911
70036449.0861618 562024126904.12 126450842337.787 -20357.0788682873 960.361314882764 -22756323.8393064
70860407.3107049 545115814357.335 127211407519.874 -20687.6609588957 884.600149824019 -22756323.0781732
71684365.535248 527927283596.429 127906543808.915 -21037.576154816 801.383745403526 -22756322.1031829
72508323.759791 510441770993.155 128529685129.228 -21408.8988822546 709.65384921335 -22756320.8402735
73332281.9843341 492640671513.676 129073311292.056 -21804.0349836737 608.145088915677 -22756319.1844004
74156240.2088772 474503237220.453 129528756473.518 -22225.7936025245 495.33190587363 -22756316.9841019
74980198.4334203 456006208671.701 129885967278.937 -22677.479155174 369.358313606864 -22756314.0170054
75804156.6579634 437123359952.392 130133193600.138 -23163.0103831919 227.94362926441 -22756309.9500522
76628114.8825064 417824931169.233 130256588563.671 -23687.0764434066 68.2540146537642 -22756304.2732494
77452073.1070495 398076912325.823 130239683508.296 -24255.3444620087 -113.275563990965 -22756296.1861794
78276031.3315926 377840127983.688 130062688051.603 -24874.7398556694 -321.192806510942 -22756284.3973734
79099989.5561357 357069050450.481 129701540365.152 -25553.8315451534 -561.390898220621 -22756266.7568918
79923947.7806788 335710236165.13 129126592512.137 -26303.3716458984 -841.644739302847 -22756239.5560019
80747906.0052218 313700228208.409 128300748641.172 -27137.0681626241 -1172.42555536182 -22756196.1299844
81571864.2297649 290962684678.754 127176758109.802 -28072.7186527361 -1568.17825310776 -22756123.9201288
82395822.454308 267404354819.891 125693157590.876 -29133.9200770628 -2049.39974280472 -22755997.9055336
83219780.6788511 242909288610.689 123767964030.385 -30352.7295576209 -2646.17116611918 -22755764.8195431
84043738.9033942 217330246043.742 121288438157.254 -31773.9530369734 -3404.48318379011 -22755301.7983831
84867697.1279372 190475499051.975 118093569445.197 -33462.3304795249 -4398.30905865982 -22754296.0342779
85691655.3524803 162087746504.601 113942066943.627 -35515.0597117941 -5754.5588086012 -22751845.7351625
86515613.5770234 131809037223.376 108448708940.266 -38084.2760104078 -7710.20749651923 -22744899.5529807
87339571.8015665 99120751015.1141 100942778278.58 -41416.139545595 -10762.0849758742 -22720715.6854382
88163530.0261096 63246807615.091 90100512926.9781 -45890.233598888 -16140.3812318162 -22609724.4651875
88987488.2506526 23116799500.423 72754787793.5921 -51613.7814904669 -27743.8483476979 -21977529.2949181
89811446.4751957 -20365275166.5459 38930560205.4664 -48377.925140515 -60211.6266716326 -38323346.6637607
90635404.6997388 -36719167691.3299 -21615773397.4851 13756.0731644708 -73556.2508438032 -315430365.358244
91459362.9242819 -13696909744.7614 -69008858916.4543 34325.9755796582 -43370.9355788856 -357069072.147817
92283321.148825 15131123155.8214 -97567833328.2765 34664.9683925191 -27753.5951460296 -358462513.264965
93107279.373368 42827939143.4952 -116590779944.205 32447.1758965612 -19165.8911001301 -358619595.779206
93931237.5979111 68557072417.1487 -129985510958.069 30020.3520702763 -13711.3510233526 -358650758.731592
94755195.8224542 92346844823.3977 -139627023712.682 27760.2315835898 -9896.15818143059 -358659396.377404
95579154.0469973 114362102552.685 -146555501212.579 25712.1567747521 -7048.30396116955 -358662387.545463
96403112.2715404 134771030958.581 -151411093274.052 23856.2795632619 -4822.30002740615 -358663600.839599
97227070.4960834 153719679411.637 -154618279484.147 22162.607751343 -3022.02892051096 -358664154.426691
98051028.7206265 171329981931.021 -156474626536.236 20603.4199692676 -1527.54065446303 -358664430.982028
98874986.9451696 187702878642.802 -157197877094.125 19155.5408398348 -261.111811018755 -358664579.430662
99698945.1697127 202922036915.401 -156952886810.558 17800.10523359 829.978878658483 -358664663.889322
100522903.394256 217057099814.556 -155867982967.105 16521.8022400165 1782.84382770958 -358664714.304274
101346861.618799 230166298974.295 -154045392836.166 15308.1271550896 2624.41738234607 -358664745.63167
102170819.843342 242298501520.412 -151568164018.083 14148.7615432793 3374.75089258249 -358664765.771969
102994778.067885 253494802477.167 -148504914915.838 13035.0870107637 4049.09447951565 -358664779.101855
103818736.292428 263789764237.942 -144913191658.584 11959.8102912964 4659.25815610567 -358664788.146871
104642694.516971 273212384283.599 -140841900960.221 10916.6745116392 5214.52826473311 -358664794.416666
105466652.741514 281786853045.218 -136333113206.9 9900.23535095436 5722.30026157564 -358664798.841657
106290610.966057 289533148246.55 -131423426123.477 8905.68554832665 6188.52519406758 -358664802.01063
107114569.1906 296467500172.245 -126145015612.476 7928.7152850429 6618.03055696555 -358664804.30462
107938527.415143 302602753388.35 -120526460105.42 6965.3991085312 7014.75438266284 -358664805.974702
108762485.639687 307948643756.229 -114593398708.158 6012.10237784329 7381.9180217314 -358664807.18838
109586443.86423 312512004520.952 -108369066191.557 5065.40187260162 7722.15461147693 -358664808.057827
110410402.088773 316296911351.908 -101874736291.098 4122.01637740454 8037.6047464425 -358664808.657313
111234360.313316 319304773114.474 -95130096895.6605 3178.743853517 8329.98721070672 -358664809.033942
112058318.537859 321534372589.553 -88153575325.8707 2232.40232483584 8600.65012067513 -358664809.214051
112882276.762402 322981859122.794 -80962628273.0193 1279.77189077633 8850.6060327189 -358664809.2066
113706234.986945 323640693102.134 -73574008621.5774 317.535364781264 9080.55321660609 -358664809.004192
114530193.211488 323501540071.125 -66004020031.0399 -657.785068852645 9290.88419297581 -358664808.581937
115354151.436031 322552110023.678 -58268769661.4999 -1649.89809993804 9481.68163601831 -358664807.893896
116178109.660574 320776934808.18 -50384429758.2441 -2662.8239191501 9652.70072234383 -358664806.866403
117002067.885117 318157073364.422 -42367520037.8678 -3700.98958717139 9803.33582651756 -358664805.386829
117826026.10966 314669730414.995 -34235225141.9436 -4769.34482938883 9932.56794915578 -358664803.285252
118649984.334204 310287768796.186 -26005765215.1849 -5873.50589744764 10038.8871653902 -358664800.304545
119473942.558747 304979088201.076 -17698843551.4107 -7019.93804091786 10120.1813117994 -358664796.050893
120297900.78329 298705832754.408 -9336204272.69152 -8216.19147344688 10173.577452124 -358664789.910144
121121859.007833 291423375053.421 -942346895.823914 -9471.21230735661 10195.215290869 -358664780.902599
121945817.232376 283079002731.51 7454533672.75096 -10795.7601184534 10179.9197233914 -358664767.422914
122769775.456919 273610201405.068 15821278596.7557 -12202.9798939134 10120.7196209818 -358664746.757265
123593733.681462 262942378680.607 24118008328.6541 -13709.2021513891 10008.1251147167 -358664714.149632
124417691.906005 250985796839.115 32295622395.1821 -15335.0882843337 9829.01296112012 -358664660.909414
125241650.130548 237631357699.526 40292133442.0068 -17107.3122280609 9564.85195451196 -358664570.362323
126065608.355091 222744677157.773 48027108182.8145 -19061.1002879817 9188.7687319074 -358664408.619886
126889566.579634 206157533717.422 55392902834.4377 -21244.1894833728 8660.47177715093 -358664101.900836
127713524.804177 187655149132.687 62240190672.0517 -23723.2132211153 7916.97680766886 -358663475.578151
128537483.02872 166956613896.323 68352681966.9457 -26594.3818801855 6854.48341859287 -358662071.43636
129361441.253264 143683639633.733 73399754183.7908 -30001.9259499052 5289.84646234851 -358658520.45763
130185399.477807 117309022621.319 76839307793.1973 -34170.0871342283 2869.27313907345 -358647993.203207
131009357.70235 87071681147.4784 77693145227.6243 -39451.0576099293 -1181.59173153502 -358609448.232222
131833315.926893 51864606416.1734 73934409122.2724 -46300.4339796435 -8889.06737442344 -358428599.07012
132657274.151436 10482668571.1611 60401041418.4869 -53720.5700293784 -26996.4062773468 -357932776.610042
133481232.375979 -31053397669.7504 21458104271.6457 -35065.5157637933 -70684.7839810122 -403709287.810595
134305190.600522 -34288104736.4373 -36465000950.6556 21958.341006398 -58151.9993127183 -720051630.203352
135129148.825065 -9203038778.36483 -72445664188.0771 34457.7092513625 -31342.0441150293 -732840553.52874
135953107.049608 19269508075.1535 -91161309455.871 33810.2269039611 -15457.1218026175 -733599977.50728
136777065.274151 45829915366.4382 -99457404122.154 30465.2131685693 -5361.28860598997 -733709526.527365
137601023.498694 69300224136.9075 -100811882768.097 26453.649893135 1694.51422872148 -733734819.374926
138424981.723238 89372783581.2644 -97147343571.7879 22251.9461420109 6965.78132076133 -733742633.247899
139248939.947781 105945268009.675 -89646552206.1961 17961.2949758006 11082.1266141704 -733745586.941036
140072898.172324 118943056089.775 -79106616283.437 13567.5533377305 14384.890621613 -733746876.865085
140896856.396867 128258183616.363 -66111624756.7785 9009.14066848947 17064.4588100563 -733747477.580555
141720814.62141 133718681179.039 -51129440726.7129 4192.81050709763 19218.6219589444 -733747688.502381
142544772.845953 135061856391.887 -34577448001.615 -1010.22469411713 20873.3633437044 -733747492.97033
143368731.070496 131898854504.968 -16882213014.5792 -6781.60377902849 21977.0811208799 -733746495.776293
144192689.295039 123658309566.312 1442977346.60754 -13390.7284527439 22359.5106083654 -733743286.335358
145016647.519582 109489920952.515 19659575689.2671 -21260.2883289988 21611.942415646 -733732683.374109
145840605.744125 88095286017.5976 36489219478.8873 -31079.1868516461 18731.8786171359 -733692668.152354
146664563.968668 57467520865.2254 49230384723.6509 -43850.3407965002 10882.7498669265 -733529113.090529
147488522.193212 15133544568.7151 50658309859.4675 -58442.3452169174 -11715.4982949561 -734292946.53706
148312480.417755 -30545828208.8258 19972603977.4833 -38920.0014089698 -64826.1158455191 -778536773.076014
149136438.642298 -36158573223.1799 -33558996926.421 19250.3646160721 -53734.7720081155 -1061756460.8348
149960396.866841 -11969747723.6108 -65448726814.6721 34802.8219884874 -25050.2344137472 -1075694225.28366
150784355.091384 17096311563.7009 -77149215884.5358 34421.7776624751 -4611.3592972618 -1076755965.19896
151608313.315927 43325713625.4363 -74568613843.1763 28667.85804321 10129.680860641 -1076944029.4483
152432271.54047 63526242091.0125 -61419855559.7583 19931.5335478819 21287.7798602167 -1077004182.39993
153256229.765013 75399065964.6787 -40229567819.8942 8372.65520214649 29703.8263587578 -1077035318.5755
154080187.989556 76279467863.9317 -13308253240.382 -7026.28614953405 35001.5194260549 -1077054364.63476
154904146.214099 62143971025.2547 15841917514.0622 -28608.4069668175 34161.5254117032 -1077094892.61155
155728104.438643 26811093686.7172 38024945137.9908 -57904.474418002 13885.2607114017 -1080134095.81926
156552062.663186 -24392302639.2662 24039032572.4947 -51490.3568186029 -52598.1049642879 -1167062258.76741
157376020.887729 -38090606382.9095 -24340536517.676 13914.1661649917 -50880.5310735132 -1545293857.21612
158199979.112272 -13967548842.7075 -52137503799.8102 38875.6840246353 -16144.8737767581 -1573261585.84362
159023937.336815 18801470043.5559 -50472355936.28 37147.9433563849 19792.4409847482 -1578669048.12455
159847895.561358 39883881150.546 -20299662972.9489 8584.80488291453 51828.555677599 -1586143494.23742
160671853.785901 19505029886.2797 23252725523.0758 -63065.0115526178 37344.6037252886 -1687719752.88448
161495812.010444 -28733983227.618 20595902835.1471 -31603.0533817113 -37445.3864239583 -2554264737.15646
162319770.234987 -17270028586.486 -14500892015.3108 63385.1445966611 -32077.5825395972 -3363015910.98139
163143728.45953 43976130930.2852 -5181236517.01299 21764.3147959545 12851.2976407994 -2678312214.60483
163967686.684073 40250983364.6007 5987480239.67117 -30075.0399953389 12174.0880857394 -2735570406.87451
164791644.908617 -53220710163.7709 -19055302573.4571 -167407.155832896 -69902.2223279904 14107561376.9095
165615603.13316 -185013574216.028 -74392648096.8474 -157456.02324919 -66177.2935929176 13920249905.8299
166439561.357703 -314017160949.993 -128623186686.338 -155954.336301512 -65567.9793417092 13919283244.9738
167263519.582246 -442230196514.618 -182530672924.113 -155331.016157227 -65311.690924301 13919214305.2635
168087477.806789 -570063303989.36 -236281470385.817 -154988.645813001 -65170.0817656228 13919203006.2797
168911436.031332 -697672137379.113 -289939344498.103 -154771.968315611 -65080.153863398 13919200167.844
169735394.255875 -825132692888.125 -343535609447.875 -154622.421648766 -65017.9484154918 13919199241.0865
170559352.480418 -952487843427.947 -397087995380.533 -154512.959914228 -64972.3447352882 13919198879.5972
171383310.704961 -1079764177872.46 -450607525784.079 -154429.355443018 -64937.4726521146 13919198719.2158
172207268.929504 -1206979333060.72 -504101526199.575 -154363.405729908 -64909.9394484715 13919198640.7621
173031227.154047 -1334145612183.71 -557575114034.645 -154310.047912005 -64887.6470284598 13919198599.3296
173855185.378591 -1461271940971.21 -611032006025.622 -154265.987141814 -64869.2279196857 13919198576.0555
174679143.603134 -1588365001579.96 -664474987198.596 -154228.986480602 -64853.7525830659 13919198562.3
175503101.827677 -1715429927101.88 -717906198563.602 -154197.473695791 -64840.5670313151 13919198553.8169
176327060.05222 -1842470746441.09 -771327321641.221 -154170.311348337 -64829.1977315487 13919198548.3926
177151018.276763 -1969490680074.98 -824739701272.519 -154146.656160235 -64819.293359442 13919198544.8145
177974976.501306 -2096492342941.97 -878144429943.056 -154125.869664372 -64810.5877515126 13919198542.3895
178798934.725849 -2223477887402.33 -931542407247.603 -154107.459565107 -64802.8755676748 13919198540.7065
179622892.950392 -2350449106338.13 -984934382804.518 -154091.040159418 -64795.9958508158 13919198539.5136
180446851.174935 -2477407509030.83 -1038320987858.39 -154076.304960509 -64789.8206466954 13919198538.6522
181270809.399478 -2604354378012.76 -1091702758971.25 -154063.007348452 -64784.2469553518 13919198538.0195
182094767.624022 -2731290812346.39 -1145080156066.6 -154050.946629417 -64779.1909289003 13919198537.5478
182918725.848565 -2858217761043.51 -1198453576368.72 -154039.95781791 -64774.5836166395 13919198537.1913
183742684.073108 -2985136049203.82 -1251823365309.34 -154029.904031278 -64770.3677964679 13919198536.9184
184566642.297651 -3112046398697.03 -1305189825160.75 -154020.670749043 -64766.4955821961 13919198536.7071
185390600.522194 -3238949444701.38 -1358553221941.36 -154012.161424457 -64762.926593751 13919198536.5418
186214558.746737 -3365845749056.38 -1411913790992.86 -154004.294090678 -64759.6265415833 13919198536.4112
187038516.97128 -3492735811139.22 -1465271741524.23 -153996.998708079 -64756.5661198511 13919198536.3072
187862475.195823 -3619620076796.41 -1518627260344.19 -153990.215070487 -64753.7201325471 13919198536.2235
188686433.420366 -3746498945733.51 -1571980514950.05 -153983.891137599 -64751.0667973021 13919198536.1558
189510391.644909 -3873372777671.94 -1625331656101.74 -153977.981695669 -64748.587186096 13919198536.1005
190334349.869452 -4000241897511.67 -1678680819980.67 -153972.447273464 -64746.264772457 13919198536.0552
191158308.093996 -4127106599686.54 -1732028130011.31 -153967.253258467 -64744.0850622204 13919198536.0177
191982266.318539 -4253967151859.15 -1785373698406.8 -153962.369171452 -64742.03529039 13919198535.9865
192806224.543082 -4380823798071.82 -1838717627487.29 -153957.768067285 -64740.104170696 13919198535.9605
193630182.767625 -4507676761447.27 -1892060010810.02 -153953.426037036 -64738.2816874602 13919198535.9386
194454140.992168 -4634526246513.84 -1945400934142.45 -153949.321791972 -64736.5589216581 13919198535.9201
195278099.216711 -4761372441216.37 -1998740476303.91 -153945.436314129 -64734.9279047977 13919198535.9044
196102057.441254 -4888215518662.28 -2052078709896.63 -153941.752561366 -64733.3814955576 13919198535.8911
196926015.665797 -5015055638643.76 -2105415701942.95 -153938.255217224 -64731.9132751544 13919198535.8796
197749973.89034 -5141892948969.55 -2158751514443.02 -153934.930477861 -64730.5174582022 13919198535.8698
198573932.114883 -5268727586634.25 -2212086204864.42 -153931.765869793 -64729.1888164534 13919198535.8614
199397890.339427 -5395559678848.41 -2265419826573.62 -153928.750093372 -64727.9226132993 13919198535.854
200221848.56397 -5522389343948.74 -2318752429217.17 -153925.872887861 -64726.7145472993 13919198535.8477
201045806.788513 -5649216692204.9 -2372084059059.71 -153923.124914696 -64725.5607033212 13919198535.8421
201869765.013056 -5776041826536.64 -2425414759284.36 -153920.497656152 -64724.4575101193 13919198535.8373
202693723.237599 -5902864843152.9 -2478744570260.5 -153917.983327082 -64723.4017033839 13919198535.8331
203517681.462142 -6029685832122.99 -2532073529783.07 -153915.574797805 -64722.3902934558 13919198535.8293
204341639.686685 -6156504877888.2 -2585401673286.98 -153913.265526537 -64721.4205370318 13919198535.826
205165597.911228 -6283322059721.22 -2638729034039.61 -153911.049500012 -64720.489912298 13919198535.8232
205989556.135771 -6410137452139.62 -2692055643314.13 -153908.921181154 -64719.5960970161 13919198535.8206
206813514.360314 -6536951125278.77 -2745381530545.74 -153906.875462854 -64718.736949161 13919198535.8183
207637472.584857 -6663763145228.91 -2798706723473.02 -153904.90762702 -64717.9104897699 13919198535.8163
208461430.809401 -6790573574340.42 -2852031248265.83 -153903.01330823 -64717.1148877138 13919198535.8145
209285389.033944 -6917382471500.8 -2905355129641.49 -153901.188461376 -64716.3484461446 13919198535.8128
210109347.258487 -7044189892386.5 -2958678390970.28 -153899.429332813 -64715.6095904059 13919198535.8114
210933305.48303 -7170995889692.27 -3012001054371.63 -153897.732434568 -64714.8968572278 13919198535.8101
211757263.707573 -7297800513340.32 -3065323140801.83 -153896.094521245 -64714.2088850479 13919198535.8089
212581221.932116 -7424603810671.57 -3118644670134.19 -153894.51256929 -64713.5444053242 13919198535.8079
213405180.156659 -7551405826620.55 -3171965661232.4 -153892.983758358 -64712.9022347243 13919198535.8069
214229138.381202 -7678206603875.87 -3225286132017.8 -153891.505454515 -64712.2812680879 13919198535.806
215053096.605745 -7805006183027.41 -3278606099531.13 -153890.075195091 -64711.680472076 13919198535.8053
215877054.830288 -7931804602701.73 -3331925579989.3 -153888.690674979 -64711.098879429 13919198535.8046
216701013.054832 -8058601899686.7 -3385244588837.66 -153887.349734232 -64710.5355837677 13919198535.8039
217524971.279375 -8185398109046.37 -3438563140798.18 -153886.05034681 -64709.9897348767 13919198535.8033
218348929.503918 -8312193264227.05 -3491881249913.95 -153884.790610362 -64709.4605344203 13919198535.8028
219172887.728461 -8438987397155.33 -3545198929590.29 -153883.56873693 -64708.9472320446 13919198535.8023
219996845.953004 -8565780538328.8 -3598516192632.78 -153882.383044473 -64708.4491218254 13919198535.8019
220820804.177547 -8692572716900.05 -3651833051282.56 -153881.23194914 -64707.9655390279 13919198535.8015
221644762.40209 -8819363960754.67 -3705149517248.96 -153880.113958208 -64707.4958571449 13919198535.8011
222468720.626633 -8946154296583.62 -3758465601739.95 -153879.027663619 -64707.039485188 13919198535.8008
223292678.851176 -9072943749950.48 -3811781315490.29 -153877.971736063 -64706.5958652049 13919198535.8004
224116637.075719 -9199732345354.13 -3865096668787.83 -153876.944919544 -64706.1644700032 13919198535.8001
224940595.300262 -9326520106287.03 -3918411671498.02 -153875.946026398 -64705.744801059 13919198535.7999
225764553.524806 -9453307055289.59 -3971726333086.66 -153874.973932708 -64705.336386594 13919198535.7996
226588511.749349 -9580093214001.01 -4025040662641.23 -153874.02757408 -64704.9387798058 13919198535.7994
227412469.973892 -9706878603206.61 -4078354668890.82 -153873.105941758 -64704.5515572362 13919198535.7992
228236428.198435 -9833663242882.24 -4131668360224.66 -153872.20807903 -64704.1743172665 13919198535.799
229060386.422978 -9960447152235.74 -4184981744709.62 -153871.333077919 -64703.8066787271 13919198535.7988
229884344.647521 -10087230349745.8 -4238294830106.45 -153870.480076116 -64703.4482796125 13919198535.7987
230708302.872064 -10214012853198.6 -4291607623885.14 -153869.648254145 -64703.0987758913 13919198535.7985
231532261.096607 -10340794679721.6 -4344920133239.2 -153868.836832737 -64702.7578404048 13919198535.7984
232356219.32115 -10467575845816 -4398232365099.2 -153868.045070389 -64702.4251618448 13919198535.7982
233180177.545693 -10594356367386.9 -4451544326145.39 -153867.272261111 -64702.1004438049 13919198535.7981
234004135.770236 -10721136259771.6 -4504856022819.64 -153866.517732318 -64701.7834038997 13919198535.798
234828093.99478 -10847915537766 -4558167461336.63 -153865.780842881 -64701.473772945 13919198535.7979
235652052.219323 -10974694215650.5 -4611478647694.43 -153865.060981307 -64701.1712941956 13919198535.7978
236476010.443866 -11101472307212.9 -4664789587684.43 -153864.35756405 -64700.8757226346 13919198535.7977
237299968.668409 -11228249825771.5 -4718100286900.74 -153863.670033927 -64700.5868243115 13919198535.7976
238123926.892952 -11355026784195.6 -4771410750749.07 -153862.997858648 -64700.304375724 13919198535.7975
238947885.117495 -11481803194925.7 -4824720984455.04 -153862.340529444 -64700.0281632417 13919198535.7975
239771843.342038 -11608579069992.6 -4878030993072.16 -153861.697559777 -64699.7579825663 13919198535.7974
240595801.566581 -11735354421034.6 -4931340781489.27 -153861.068484142 -64699.4936382279 13919198535.7973
241419759.791124 -11862129259315 -4984650354437.63 -153860.452856941 -64699.2349431132 13919198535.7973
242243718.015667 -11988903595737.6 -5037959716497.59 -153859.85025143 -64698.9817180234 13919198535.7972
243067676.240211 -12115677440862.2 -5091268872105 -153859.260258736 -64698.7337912603 13919198535.7971
243891634.464754 -12242450804918.6 -5144577825557.17 -153858.682486925 -64698.4909982376 13919198535.7971
244715592.689297 -12369223697820.2 -5197886581018.62 -153858.116560136 -64698.253181117 13919198535.7971
245539550.91384 -12495996129177.5 -5251195142526.46 -153857.562117769 -64698.0201884652 13919198535.797
246363509.138383 -12622768108309.4 -5304503513995.57 -153857.018813713 -64697.7918749326 13919198535.797
247187467.362926 -12749539644255.7 -5357811699223.45 -153856.486315629 -64697.5681009508 13919198535.7969
248011425.587469 -12876310745787.6 -5411119701894.92 -153855.964304269 -64697.3487324478 13919198535.7969
248835383.812012 -13003081421418.5 -5464427525586.45 -153855.45247284 -64697.1336405804 13919198535.7969
249659342.036555 -13129851679414 -5517735173770.47 -153854.950526403 -64696.9227014813 13919198535.7968
250483300.261098 -13256621527801.2 -5571042649819.28 -153854.458181301 -64696.7157960216 13919198535.7968
251307258.485641 -13383390974378.2 -5624349957008.91 -153853.97516463 -64696.5128095858 13919198535.7968
252131216.710185 -13510160026722.1 -5677657098522.73 -153853.501213733 -64696.3136318608 13919198535.7967
252955174.934728 -13636928692198.2 -5730964077454.94 -153853.036075722 -64696.1181566352 13919198535.7967
253779133.159271 -13763696977966.7 -5784270896813.84 -153852.579507029 -64695.9262816108 13919198535.7967
254603091.383814 -13890464890991.2 -5837577559524.97 -153852.131272979 -64695.7379082238 13919198535.7967
255427049.608357 -14017232438045.3 -5890884068434.17 -153851.691147391 -64695.5529414762 13919198535.7966
256251007.8329 -14143999625719.7 -5944190426310.4 -153851.258912194 -64695.3712897755 13919198535.7966
257074966.057443 -14270766460428.6 -5997496635848.52 -153850.834357068 -64695.1928647841 13919198535.7966
257898924.281986 -14397532948415.9 -6050802699671.86 -153850.417279103 -64695.0175812754 13919198535.7966
258722882.506529 -14524299095761.3 -6104108620334.81 -153850.007482476 -64694.8453569983 13919198535.7965
259546840.731072 -14651064908386.1 -6157414400325.13 -153849.60477814 -64694.6761125485 13919198535.7965
260370798.955616 -14777830392058.4 -6210720042066.31 -153849.20898354 -64694.5097712462 13919198535.7965
261194757.180159 -14904595552398.3 -6264025547919.72 -153848.819922333 -64694.3462590205 13919198535.7965
262018715.404702 -15031360394883.3 -6317330920186.75 -153848.437424125 -64694.185504299 13919198535.7965
262842673.629245 -15158124924852.9 -6370636161110.82 -153848.061324224 -64694.0274379038 13919198535.7965
263666631.853788 -15284889147513.1 -6423941272879.27 -153847.691463403 -64693.8719929518 13919198535.7965
264490590.078331 -15411653067940.7 -6477246257625.27 -153847.327687677 -64693.7191047604 13919198535.7964
265314548.302874 -15538416691087.9 -6530551117429.58 -153846.969848085 -64693.5687107579 13919198535.7964
266138506.527417 -15665180021786.1 -6583855854322.2 -153846.617800489 -64693.420750398 13919198535.7964
266962464.75196 -15791943064750 -6637160470284.1 -153846.271405383 -64693.2751650784 13919198535.7964
267786422.976503 -15918705824580.9 -6690464967248.7 -153845.930527702 -64693.1318980635 13919198535.7964
268610381.201046 -16045468305771 -6743769347103.44 -153845.595036654 -64692.9908944107 13919198535.7964
269434339.42559 -16172230512705.9 -6797073611691.18 -153845.264805547 -64692.8521008999 13919198535.7964
270258297.650133 -16298992449668.9 -6850377762811.65 -153844.939711631 -64692.7154659668 13919198535.7964
271082255.874676 -16425754120843.6 -6903681802222.72 -153844.619635947 -64692.5809396388 13919198535.7964
271906214.099219 -16552515530317 -6956985731641.73 -153844.304463181 -64692.4484734743 13919198535.7964
272730172.323762 -16679276682082.5 -7010289552746.73 -153843.994081525 -64692.318020504 13919198535.7963
273554130.548305 -16806037580043.1 -7063593267177.63 -153843.688382546 -64692.1895351761 13919198535.7963
274378088.772848 -16932798228013.4 -7116896876537.41 -153843.387261057 -64692.0629733025 13919198535.7963
275202046.997391 -17059558629722.9 -7170200382393.15 -153843.090615001 -64691.9382920088 13919198535.7963
276026005.221934 -17186318788818.1 -7223503786277.14 -153842.79834533 -64691.8154496852 13919198535.7963
276849963.446477 -17313078708865.2 -7276807089687.9 -153842.510355899 -64691.6944059408 13919198535.7963
277673921.671021 -17439838393352.2 -7330110294091.15 -153842.226553358 -64691.5751215589 13919198535.7963
278497879.895564 -17566597845691.5 -7383413400920.75 -153841.946847054 -64691.4575584548 13919198535.7963
279321838.120107 -17693357069221.7 -7436716411579.67 -153841.671148931 -64691.3416796353 13919198535.7963
280145796.34465 -17820116067210 -7490019327440.79 -153841.399373438 -64691.2274491595 13919198535.7963
280969754.569193 -17946874842854.1 -7543322149847.83 -153841.131437445 -64691.1148321023 13919198535.7963
281793712.793736 -18073633399284.1 -7596624880116.13 -153840.867260151 -64691.0037945181 13919198535.7963
282617671.018279 -18200391739564.6 -7649927519533.44 -153840.606763008 -64690.8943034072 13919198535.7963
283441629.242822 -18327149866696.1 -7703230069360.73 -153840.349869643 -64690.7863266828 13919198535.7963
284265587.467365 -18453907783617.3 -7756532530832.85 -153840.09650578 -64690.6798331396 13919198535.7963
285089545.691908 -18580665493206.5 -7809834905159.34 -153839.846599172 -64690.5747924241 13919198535.7963
285913503.916451 -18707422998283.2 -7863137193525.03 -153839.600079527 -64690.4711750052 13919198535.7962
286737462.140995 -18834180301609.8 -7916439397090.78 -153839.356878451 -64690.368952147 13919198535.7962
287561420.365538 -18960937405893.2 -7969741516994.06 -153839.116929376 -64690.268095882 13919198535.7962
288385378.590081 -19087694313786 -8023043554349.63 -153838.880167502 -64690.1685789856 13919198535.7962
289209336.814624 -19214451027888.2 -8076345510250.1 -153838.646529742 -64690.0703749517 13919198535.7962
290033295.039167 -19341207550748.6 -8129647385766.54 -153838.415954661 -64689.9734579689 13919198535.7962
290857253.26371 -19467963884866 -8182949181949.01 -153838.188382427 -64689.8778028981 13919198535.7962
291681211.488253 -19594720032690.4 -8236250899827.16 -153837.963754752 -64689.7833852508 13919198535.7962
292505169.712796 -19721475996624.5 -8289552540410.69 -153837.742014852 -64689.690181168 13919198535.7962
293329127.937339 -19848231779024.8 -8342854104689.91 -153837.52310739 -64689.5981674002 13919198535.7962
294153086.161882 -19974987382202.9 -8396155593636.22 -153837.306978437 -64689.507321288 13919198535.7962
294977044.386425 -20101742808426.4 -8449457008202.57 -153837.093575421 -64689.4176207437 13919198535.7962
295801002.610969 -20228498059920.1 -8502758349323.96 -153836.882847092 -64689.3290442331 13919198535.7962
296624960.835512 -20355253138867.1 -8556059617917.85 -153836.674743473 -64689.2415707584 13919198535.7962
297448919.060055 -20482008047410 -8609360814884.64 -153836.469215828 -64689.1551798417 13919198535.7962
298272877.284598 -20608762787651.6 -8662661941108.04 -153836.266216617 -64689.0698515087 13919198535.7962
299096835.509141 -20735517361656.1 -8715962997455.51 -153836.065699465 -64688.9855662738 13919198535.7962
299920793.733684 -20862271771449.7 -8769263984778.66 -153835.867619124 -64688.9023051247 13919198535.7962
300744751.958227 -20989026019022.2 -8822564903913.62 -153835.671931437 -64688.8200495086 13919198535.7962
301568710.18277 -21115780106327.1 -8875865755681.41 -153835.47859331 -64688.7387813179 13919198535.7962
302392668.407313 -21242534035282.9 -8929166540888.33 -153835.287562678 -64688.6584828775 13919198535.7962
303216626.631856 -21369287807774 -8982467260326.27 -153835.098798473 -64688.5791369315 13919198535.7962
304040584.8564 -21496041425651.2 -9035767914773.06 -153834.912260595 -64688.5007266311 13919198535.7962
304864543.080943 -21622794890732.7 -9089068504992.86 -153834.727909886 -64688.4232355225 13919198535.7962
305688501.305486 -21749548204804.8 -9142369031736.37 -153834.545708101 -64688.3466475355 13919198535.7962
306512459.530029 -21876301369622.7 -9195669495741.25 -153834.365617881 -64688.2709469723 13919198535.7962
307336417.754572 -22003054386911.1 -9248969897732.35 -153834.187602728 -64688.196118497 13919198535.7962
308160375.979115 -22129807258365.1 -9302270238422.03 -153834.011626981 -64688.1221471248 13919198535.7962
308984334.203658 -22256559985650.7 -9355570518510.47 -153833.837655791 -64688.0490182126 13919198535.7962
309808292.428201 -22383312570405.4 -9408870738685.88 -153833.665655098 -64687.9767174486 13919198535.7962
310632250.652744 -22510065014239 -9462170899624.86 -153833.49559161 -64687.9052308437 13919198535.7962
311456208.877287 -22636817318734.3 -9515471001992.57 -153833.327432782 -64687.834544722 13919198535.7962
312280167.10183 -22763569485447.5 -9568771046443.05 -153833.161146791 -64687.764645712 13919198535.7962
313104125.326374 -22890321515908.9 -9622071033619.44 -153832.996702522 -64687.6955207388 13919198535.7962
313928083.550917 -23017073411623.3 -9675370964154.23 -153832.834069543 -64687.6271570151 13919198535.7962
314752041.77546 -23143825174070.9 -9728670838669.48 -153832.673218092 -64687.559542034 13919198535.7962
315576000.000003 -23270576804707.6 -9781970657777.07 -153832.514119051 -64687.492663561 13919198535.7962
316399958.224546 -23397328304965.4 -9835270422078.9 -153832.356743938 -64687.4265096267 13919198535.7962
317223916.449089 -23524079676253.4 -9888570132167.11 -153832.201064881 -64687.3610685197 13919198535.7962
318047874.673632 -23650830919957.7 -9941869788624.31 -153832.047054609 -64687.2963287797 13919198535.7962
318871832.898175 -23777582037442.3 -9995169392023.77 -153831.89468643 -64687.2322791907 13919198535.7962
319695791.122718 -23904333030049.4 -10048468942929.6 -153831.743934218 -64687.1689087746 13919198535.7962
320519749.347261 -24031083899099.9 -10101768441896.9 -153831.594772401 -64687.106206785 13919198535.7962
321343707.571805 -24157834645893.9 -10155067889472.2 -153831.447175942 -64687.044162701 13919198535.7962
322167665.796348 -24284585271711.1 -10208367286193.3 -153831.301120326 -64686.9827662213 13919198535.7962
322991624.020891 -24411335777811 -10261666632589.5 -153831.15658155 -64686.9220072585 13919198535.7962
323815582.245434 -24538086165433.9 -10314965929182.2 -153831.013536103 -64686.8618759338 13919198535.7962
324639540.469977 -24664836435800.6 -10368265176484.4 -153830.871960962 -64686.8023625715 13919198535.7962
325463498.69452 -24791586590113.2 -10421564375001.4 -153830.731833571 -64686.7434576934 13919198535.7962
326287456.919063 -24918336629555.6 -10474863525230.7 -153830.593131835 -64686.6851520146 13919198535.7962
327111415.143606 -25045086555293.5 -10528162627662.3 -153830.455834106 -64686.6274364378 13919198535.7962
327935373.368149 -25171836368474.9 -10581461682778.7 -153830.319919172 -64686.5703020493 13919198535.7962
328759331.592692 -25298586070230.5 -10634760691055.2 -153830.185366247 -64686.5137401138 13919198535.7962
329583289.817235 -25425335661674.3 -10688059652960 -153830.052154957 -64686.4577420701 13919198535.7962
330407248.041779 -25552085143903.5 -10741358568954.1 -153829.920265336 -64686.4022995271 13919198535.7962
331231206.266322 -25678834517998.8 -10794657439491.9 -153829.78967781 -64686.3474042593 13919198535.7962
332055164.490865 -25805583785025.4 -10847956265020.9 -153829.660373189 -64686.2930482027 13919198535.7962
332879122.715408 -25932332946032.3 -10901255045982.3 -153829.53233266 -64686.2392234511 13919198535.7962
333703080.939951 -26059082002053.7 -10954553782810.6 -153829.405537775 -64686.1859222522 13919198535.7962
334527039.164494 -26185830954108.3 -11007852475934 -153829.279970445 -64686.1331370034 13919198535.7962
335350997.389037 -26312579803200.3 -11061151125774.5 -153829.155612926 -64686.080860249 13919198535.7962
336174955.61358 -26439328550319.4 -11114449732748.1 -153829.032447818 -64686.0290846761 13919198535.7962
336998913.838123 -26566077196440.9 -11167748297264.9 -153828.910458051 -64685.9778031115 13919198535.7962
337822872.062666 -26692825742526.4 -11221046819728.8 -153828.78962688 -64685.927008518 13919198535.7962
338646830.28721 -26819574189523.8 -11274345300538.4 -153828.669937876 -64685.8766939915 13919198535.7962
339470788.511753 -26946322538367.4 -11327643740086.4 -153828.551374921 -64685.8268527581 13919198535.7961
340294746.736296 -27073070789978.5 -11380942138760 -153828.433922197 -64685.7774781704 13919198535.7961
341118704.960839 -27199818945265.6 -11434240496941 -153828.31756418 -64685.7285637049 13919198535.7961
341942663.185382 -27326567005124.2 -11487538815005.9 -153828.202285638 -64685.6801029595 13919198535.7961
342766621.409925 -27453314970437.8 -11540837093325.9 -153828.088071616 -64685.63208965 13919198535.7961
343590579.634468 -27580062842077.3 -11594135332267.1 -153827.974907436 -64685.5845176078 13919198535.7961
344414537.859011 -27706810620901.8 -11647433532190.7 -153827.862778689 -64685.5373807772 13919198535.7961
345238496.083554 -27833558307758.6 -11700731693452.8 -153827.751671228 -64685.4906732128 13919198535.7961
346062454.308097 -27960305903483.4 -11754029816404.6 -153827.641571162 -64685.444389077 13919198535.7961
346886412.53264 -28087053408900.7 -11807327901392.7 -153827.532464851 -64685.3985226377 13919198535.7961
347710370.757184 -28213800824823.8 -11860625948758.9 -153827.424338902 -64685.3530682655 13919198535.7961
348534328.981727 -28340548152055 -11913923958840.5 -153827.317180158 -64685.3080204319 13919198535.7961
349358287.20627 -28467295391385.9 -11967221931970.2 -153827.210975699 -64685.263373707 13919198535.7961
350182245.430813 -28594042543597.5 -12020519868476.2 -153827.105712835 -64685.2191227569 13919198535.7961
351006203.655356 -28720789609460.6 -12073817768682.6 -153827.001379096 -64685.1752623421 13919198535.7961
351830161.879899 -28847536589735.6 -12127115632908.9 -153826.897962236 -64685.131787315 13919198535.7961
352654120.104442 -28974283485173 -12180413461470.7 -153826.79545022 -64685.0886926181 13919198535.7961
353478078.328985 -29101030296513.5 -12233711254679.2 -153826.693831224 -64685.0459732821 13919198535.7961
354302036.553528 -29227777024488.1 -12287009012841.7 -153826.593093629 -64685.0036244239 13919198535.7961
355125994.778071 -29354523669818.3 -12340306736261.5 -153826.493226016 -64684.9616412446 13919198535.7961
355949953.002614 -29481270233216.3 -12393604425237.9 -153826.394217163 -64684.920019028 13919198535.7961
356773911.227158 -29608016715385.2 -12446902080066.5 -153826.296056041 -64684.8787531386 13919198535.7961
357597869.451701 -29734763117018.9 -12500199701039 -153826.198731808 -64684.8378390197 13919198535.7961
358421827.676244 -29861509438802.6 -12553497288443.3 -153826.102233806 -64684.7972721925 13919198535.7961
359245785.900787 -29988255681412.9 -12606794842563.8 -153826.006551558 -64684.7570482533 13919198535.7961
360069744.12533 -30115001845517.4 -12660092363681.2 -153825.911674763 -64684.717162873 13919198535.7961
360893702.349873 -30241747931775.8 -12713389852072.8 -153825.817593292 -64684.6776117948 13919198535.7961
361717660.574416 -30368493940839.2 -12766687308012.2 -153825.724297186 -64684.6383908333 13919198535.7961
362541618.798959 -30495239873350.7 -12819984731769.8 -153825.631776652 -64684.5994958722 13919198535.7961
363365577.023502 -30621985729945.4 -12873282123612.5 -153825.540022058 -64684.5609228637 13919198535.7961
364189535.248045 -30748731511250.4 -12926579483803.8 -153825.449023932 -64684.5226678266 13919198535.7961
365013493.472589 -30875477217885.2 -12979876812604.3 -153825.358772957 -64684.4847268453 13919198535.7961
365837451.697132 -31002222850461.6 -13033174110271.1 -153825.269259967 -64684.4470960679 13919198535.7961
366661409.921675 -31128968409584 -13086471377058.1 -153825.180475948 -64684.4097717054 13919198535.7961
367485368.146218 -31255713895849.4 -13139768613216.4 -153825.09241203 -64684.3727500302 13919198535.7961
368309326.370761 -31382459309847.4 -13193065818993.8 -153825.005059488 -64684.3360273752 13919198535.7961
369133284.595304 -31509204652160.7 -13246362994635.3 -153824.918409735 -64684.2996001318 13919198535.7961
369957242.819847 -31635949923364.8 -13299660140382.7 -153824.832454326 -64684.2634647497 13919198535.7961
370781201.04439 -31762695124028.5 -13352957256475.1 -153824.747184946 -64684.2276177349 13919198535.7961
371605159.268933 -31889440254713.6 -13406254343148.6 -153824.662593414 -64684.1920556493 13919198535.7961
372429117.493476 -32016185315975.3 -13459551400636.7 -153824.57867168 -64684.1567751089 13919198535.7961
373253075.718019 -32142930308362.2 -13512848429170 -153824.495411819 -64684.1217727834 13919198535.7961
374077033.942563 -32269675232416.5 -13566145428976.3 -153824.412806032 -64684.0870453945 13919198535.7961
374900992.167106 -32396420088673.8 -13619442400280.9 -153824.330846641 -64684.0525897155 13919198535.7961
375724950.391649 -32523164877663.8 -13672739343306.2 -153824.249526088 -64684.0184025698 13919198535.7961
376548908.616192 -32649909599909.6 -13726036258272.3 -153824.168836933 -64683.9844808302 13919198535.7961
377372866.840735 -32776654255928.6 -13779333145396.7 -153824.088771849 -64683.9508214178 13919198535.7961
378196825.065278 -32903398846231.8 -13832630004894 -153824.009323625 -64683.9174213013 13919198535.7961
379020783.289821 -33030143371324.8 -13885926836976.9 -153823.930485159 -64683.8842774958 13919198535.7961
379844741.514364 -33156887831707 -13939223641855.3 -153823.852249458 -64683.8513870621 13919198535.7961
380668699.738907 -33283632227872.1 -13992520419736.7 -153823.774609634 -64683.8187471056 13919198535.7961
381492657.96345 -33410376560308.5 -14045817170826.4 -153823.697558906 -64683.786354776 13919198535.7961
382316616.187994 -33537120829498.7 -14099113895327.2 -153823.621090594 -64683.7542072656 13919198535.7961
383140574.412537 -33663865035919.8 -14152410593439.7 -153823.545198119 -64683.7223018094 13919198535.7961
383964532.63708 -33790609180043.8 -14205707265362.2 -153823.469875001 -64683.6906356836 13919198535.7961
384788490.861623 -33917353262337 -14259003911290.8 -153823.395114856 -64683.6592062054 13919198535.7961
385612449.086166 -34044097283260.7 -14312300531419.4 -153823.320911396 -64683.6280107317 13919198535.7961
386436407.310709 -34170841243271.1 -14365597125939.8 -153823.247258426 -64683.5970466586 13919198535.7961
387260365.535252 -34297585142819.3 -14418893695041.5 -153823.174149842 -64683.566311421 13919198535.7961
388084323.759795 -34424328982351.2 -14472190238912.1 -153823.101579631 -64683.5358024912 13919198535.7961
388908281.984338 -34551072762308 -14525486757737 -153823.029541868 -64683.5055173788 13919198535.7961
389732240.208881 -34677816483126.1 -14578783251699.6 -153822.958030713 -64683.4754536298 13919198535.7961
390556198.433424 -34804560145237 -14632079720981.2 -153822.887040414 -64683.4456088259 13919198535.7961
391380156.657968 -34931303749067.4 -14685376165761.4 -153822.8165653 -64683.415980584 13919198535.7961
392204114.882511 -35058047295039.7 -14738672586217.5 -153822.746599783 -64683.3865665552 13919198535.7961
393028073.107054 -35184790783571.3 -14791968982525.2 -153822.677138355 -64683.3573644247 13919198535.7961
393852031.331597 -35311534215075.4 -14845265354858.1 -153822.608175588 -64683.3283719109 13919198535.7961
394675989.55614 -35438277589960.6 -14898561703387.9 -153822.539706132 -64683.2995867647 13919198535.7961
395499947.780683 -35565020908631.4 -14951858028284.6 -153822.471724711 -64683.2710067693 13919198535.7961
396323906.005226 -35691764171487.5 -15005154329716.4 -153822.404226126 -64683.2426297392 13919198535.7961
397147864.229769 -35818507378924.8 -15058450607849.5 -153822.337205251 -64683.2144535197 13919198535.7961
397971822.454312 -35945250531334.7 -15111746862848.7 -153822.270657033 -64683.1864759869 13919198535.7961
398795780.678855 -36071993629104.7 -15165043094876.6 -153822.204576488 -64683.1586950464 13919198535.7961
399619738.903399 -36198736672618.1 -15218339304094.5 -153822.138958704 -64683.1311086333 13919198535.7961
400443697.127942 -36325479662254.2 -15271635490661.8 -153822.073798836 -64683.1037147114 13919198535.7961
401267655.352485 -36452222598388.2 -15324931654736.2 -153822.009092109 -64683.076511273 13919198535.7961
402091613.577028 -36578965481391.7 -15378227796474 -153821.94483381 -64683.049496338 13919198535.7961
402915571.801571 -36705708311632.2 -15431523916029.6 -153821.881019294 -64683.0226679539 13919198535.7961
403739530.026114 -36832451089473.4 -15484820013555.8 -153821.81764398 -64682.9960241948 13919198535.7961
404563488.250657 -36959193815275.4 -15538116089204.2 -153821.754703349 -64682.9695631614 13919198535.7961
405387446.4752 -37085936489394.5 -15591412143124.4 -153821.692192943 -64682.9432829803 13919198535.7961
406211404.699743 -37212679112183.4 -15644708175464.7 -153821.630108367 -64682.9171818038 13919198535.7961
407035362.924286 -37339421683991.1 -15698004186371.8 -153821.568445284 -64682.8912578089 13919198535.7961
407859321.148829 -37466164205163.2 -15751300175991 -153821.507199416 -64682.8655091977 13919198535.7961
408683279.373373 -37592906676041.7 -15804596144466.1 -153821.446366542 -64682.8399341962 13919198535.7961
409507237.597916 -37719649096965.1 -15857892091939.4 -153821.3859425 -64682.8145310545 13919198535.7961
410331195.822459 -37846391468268.7 -15911188018551.8 -153821.325923181 -64682.789298046 13919198535.7961
411155154.047002 -37973133790284.2 -15964483924442.7 -153821.266304533 -64682.7642334671 13919198535.7961
411979112.271545 -38099876063340.2 -16017779809750.3 -153821.207082557 -64682.739335637 13919198535.7961
412803070.496088 -38226618287761.7 -16071075674611.2 -153821.148253306 -64682.7146028972 13919198535.7961
413627028.720631 -38353360463870.9 -16124371519160.8 -153821.089812887 -64682.690033611 13919198535.7961
414450986.945174 -38480102591986.5 -16177667343533.2 -153821.031757458 -64682.6656261634 13919198535.7961
415274945.169717 -38606844672424.1 -16230963147860.9 -153820.974083226 -64682.6413789605 13919198535.7961
416098903.39426 -38733586705496.3 -16284258932275.5 -153820.91678645 -64682.6172904292 13919198535.7961
416922861.618804 -38860328691512.7 -16337554696906.9 -153820.859863436 -64682.5933590171 13919198535.7961
417746819.843347 -38987070630779.5 -16390850441884.1 -153820.803310538 -64682.569583192 13919198535.7961
418570778.06789 -39113812523600.4 -16444146167334.5 -153820.747124158 -64682.5459614413 13919198535.7961
419394736.292433 -39240554370275.8 -16497441873384.6 -153820.691300745 -64682.5224922722 13919198535.7961
420218694.516976 -39367296171103.4 -16550737560159.4 -153820.635836792 -64682.499174211 13919198535.7961
421042652.741519 -39494037926378 -16604033227782.9 -153820.580728838 -64682.4760058031 13919198535.7961
421866610.966062 -39620779636391.3 -16657328876377.7 -153820.525973468 -64682.4529856121 13919198535.7961
422690569.190605 -39747521301432.6 -16710624506065.5 -153820.471567307 -64682.4301122204 13919198535.7961
423514527.415148 -39874262921788.3 -16763920116966.5 -153820.417507026 -64682.407384228 13919198535.7961
424338485.639691 -40001004497741.9 -16817215709200 -153820.363789336 -64682.3848002531 13919198535.7961
425162443.864234 -40127746029574.3 -16870511282884.1 -153820.310410991 -64682.362358931 13919198535.7961
425986402.088778 -40254487517564 -16923806838135.8 -153820.257368786 -64682.3400589142 13919198535.7961
426810360.313321 -40381228961986.5 -16977102375071 -153820.204659555 -64682.3178988724 13919198535.7961
427634318.537864 -40507970363114.9 -17030397893804.5 -153820.152280173 -64682.2958774916 13919198535.7961
428458276.762407 -40634711721219.7 -17083693394449.9 -153820.100227552 -64682.2739934744 13919198535.7961
429282234.98695 -40761453036568.8 -17136988877120 -153820.048498645 -64682.2522455395 13919198535.7961
430106193.211493 -40888194309427.9 -17190284341926.3 -153819.997090441 -64682.2306324216 13919198535.7961
430930151.436036 -41014935540059.8 -17243579788979.4 -153819.945999967 -64682.2091528707 13919198535.7961
431754109.660579 -41141676728725.2 -17296875218388.9 -153819.895224286 -64682.1878056526 13919198535.7961
432578067.885122 -41268417875682.3 -17350170630263.3 -153819.844760498 -64682.1665895479 13919198535.7961
433402026.109665 -41395158981186.8 -17403466024710 -153819.794605737 -64682.1455033526 13919198535.7961
434225984.334208 -41521900045492.2 -17456761401835.8 -153819.744757174 -64682.1245458769 13919198535.7961
435049942.558752 -41648641068849.7 -17510056761746.1 -153819.695212012 -64682.1037159457 13919198535.7961
435873900.783295 -41775382051508.1 -17563352104545.5 -153819.645967491 -64682.0830123982 13919198535.7961
436697859.007838 -41902122993714 -17616647430337.7 -153819.597020882 -64682.0624340877 13919198535.7961
437521817.232381 -42028863895711.7 -17669942739225.5 -153819.54836949 -64682.0419798812 13919198535.7961
438345775.456924 -42155604757743.4 -17723238031310.6 -153819.500010651 -64682.0216486592 13919198535.7961
439169733.681467 -42282345580049.1 -17776533306694 -153819.451941736 -64682.001439316 13919198535.7961
439993691.90601 -42409086362866.5 -17829828565475.5 -153819.404160143 -64681.9813507588 13919198535.7961
440817650.130553 -42535827106431.4 -17883123807754.2 -153819.356663305 -64681.961381908 13919198535.7961
441641608.355096 -42662567810977.4 -17936419033628.5 -153819.309448684 -64681.9415316967 13919198535.7961
442465566.579639 -42789308476735.8 -17989714243195.5 -153819.262513772 -64681.9217990706 13919198535.7961
443289524.804183 -42916049103936.3 -18043009436551.7 -153819.21585609 -64681.9021829882 13919198535.7961
444113483.028726 -43042789692806.1 -18096304613792.7 -153819.169473189 -64681.8826824198 13919198535.7961
444937441.253269 -43169530243570.7 -18149599775013.3 -153819.123362649 -64681.8632963481 13919198535.7961
445761399.477812 -43296270756453.6 -18202894920307.5 -153819.077522078 -64681.8440237676 13919198535.7961
446585357.702355 -43423011231676.1 -18256190049768.2 -153819.031949112 -64681.8248636846 13919198535.7961
447409315.926898 -43549751669457.9 -18309485163487.9 -153818.986641415 -64681.805815117 13919198535.7961
448233274.151441 -43676492070016.5 -18362780261557.9 -153818.941596676 -64681.7868770938 13919198535.7961
449057232.375984 -43803232433567.6 -18416075344069 -153818.896812613 -64681.7680486557 13919198535.7961
449881190.600527 -43929972760325.2 -18469370411111.1 -153818.85228697 -64681.7493288541 13919198535.7961
450705148.82507 -44056713050501.3 -18522665462773.3 -153818.808017516 -64681.7307167516 13919198535.7961
451529107.049613 -44183453304305.9 -18575960499143.9 -153818.764002047 -64681.7122114212 13919198535.7961
452353065.274157 -44310193521947.5 -18629255520310.6 -153818.720238383 -64681.6938119469 13919198535.7961
453177023.4987 -44436933703632.7 -18682550526360.2 -153818.676724369 -64681.6755174229 13919198535.7961
454000981.723243 -44563673849566.2 -18735845517378.8 -153818.633457875 -64681.6573269538 13919198535.7961
454824939.947786 -44690413959951.3 -18789140493451.8 -153818.590436795 -64681.6392396543 13919198535.7961
455648898.172329 -44817154034989.1 -18842435454663.8 -153818.547659047 -64681.6212546492 13919198535.7961
456472856.396872 -44943894074879.4 -18895730401098.7 -153818.505122572 -64681.603371073 13919198535.7961
457296814.621415 -45070634079820.1 -18949025332839.9 -153818.462825335 -64681.5855880701 13919198535.7961
458120772.845958 -45197374050007.6 -19002320249969.7 -153818.420765322 -64681.5679047945 13919198535.7961
458944731.070501 -45324113985636.4 -19055615152570 -153818.378940544 -64681.5503204096 13919198535.7961
459768689.295044 -45450853886899.5 -19108910040722 -153818.337349033 -64681.5328340881 13919198535.7961
460592647.519588 -45577593753988.5 -19162204914506.1 -153818.295988843 -64681.5154450119 13919198535.7961
461416605.744131 -45704333587093 -19215499774002.2 -153818.254858048 -64681.4981523722 13919198535.7961
462240563.968674 -45831073386401.2 -19268794619289.2 -153818.213954746 -64681.4809553688 13919198535.7961
463064522.193217 -45957813152100 -19322089450445.8 -153818.173277055 -64681.4638532105 13919198535.7961
463888480.41776 -46084552884374.4 -19375384267549.7 -153818.132823113 -64681.4468451149 13919198535.7961
464712438.642303 -46211292583407.9 -19428679070678.2 -153818.092591079 -64681.429930308 13919198535.7961
465536396.866846 -46338032249382.7 -19481973859907.7 -153818.052579132 -64681.4131080243 13919198535.7961
466360355.091389 -46464771882479.4 -19535268635314.2 -153818.01278547 -64681.3963775069 13919198535.7961
467184313.315932 -46591511482877.1 -19588563396973.1 -153817.973208313 -64681.3797380067 13919198535.7961
468008271.540475 -46718251050753.4 -19641858144958.9 -153817.933845898 -64681.3631887831 13919198535.7961
468832229.765018 -46844990586284.7 -19695152879345.8 -153817.894696483 -64681.3467291033 13919198535.7961
469656187.989562 -46971730089645.6 -19748447600207.2 -153817.855758342 -64681.3303582426 13919198535.7961
470480146.214105 -47098469561009.6 -19801742307616.1 -153817.81702977 -64681.3140754839 13919198535.7961
471304104.438648 -47225209000548.6 -19855037001644.7 -153817.778509081 -64681.297880118 13919198535.7961
472128062.663191 -47351948408433.2 -19908331682364.8 -153817.740194603 -64681.281771443 13919198535.7961
472952020.887734 -47478687784832.7 -19961626349847.5 -153817.702084687 -64681.2657487648 13919198535.7961
473775979.112277 -47605427129914.9 -20014921004163.3 -153817.664177697 -64681.2498113965 13919198535.7961
474599937.33682 -47732166443846.4 -20068215645382.4 -153817.626472019 -64681.2339586586 13919198535.7961
475423895.561363 -47858905726792.4 -20121510273574.1 -153817.588966051 -64681.2181898788 13919198535.7961
476247853.785906 -47985644978916.8 -20174804888807.3 -153817.551658211 -64681.2025043918 13919198535.7961
477071812.010449 -48112384200382.1 -20228099491150.4 -153817.514546934 -64681.1869015394 13919198535.7961
477895770.234993 -48239123391349.8 -20281394080671.3 -153817.477630671 -64681.1713806702 13919198535.7961
478719728.459536 -48365862551979.8 -20334688657437.1 -153817.440907887 -64681.1559411399 13919198535.7961
479543686.684079 -48492601682431 -20387983221514.7 -153817.404377067 -64681.1405823106 13919198535.7961
480367644.908622 -48619340782860.8 -20441277772970.4 -153817.368036708 -64681.1253035513 13919198535.7961
481191603.133165 -48746079853425.7 -20494572311869.7 -153817.331885325 -64681.1101042374 13919198535.7961
482015561.357708 -48872818894280.7 -20547866838277.9 -153817.295921448 -64681.0949837509 13919198535.7961
482839519.582251 -48999557905579.7 -20601161352259.8 -153817.260143621 -64681.0799414801 13919198535.7961
483663477.806794 -49126296887475.4 -20654455853879.5 -153817.224550405 -64681.0649768196 13919198535.7961
484487436.031337 -49253035840119.4 -20707750343200.7 -153817.189140374 -64681.0500891704 13919198535.7961
485311394.25588 -49379774763662 -20761044820286.6 -153817.153912118 -64681.0352779395 13919198535.7961
486135352.480423 -49506513658252.4 -20814339285199.9 -153817.118864241 -64681.02054254 13919198535.7961
486959310.704967 -49633252524038.6 -20867633738003 -153817.08399536 -64681.005882391 13919198535.7961
487783268.92951 -49759991361167.6 -20920928178757.5 -153817.049304108 -64680.9912969174 13919198535.7961
488607227.154053 -49886730169785.1 -20974222607524.7 -153817.014789131 -64680.9767855503 13919198535.7961
489431185.378596 -50013468950035.9 -21027517024365.5 -153816.980449089 -64680.9623477262 13919198535.7961
490255143.603139 -50140207702063.6 -21080811429340.3 -153816.946282655 -64680.9479828873 13919198535.7961
491079101.827682 -50266946426010.7 -21134105822508.9 -153816.912288516 -64680.9336904818 13919198535.7961
491903060.052225 -50393685122018.5 -21187400203930.8 -153816.878465372 -64680.9194699631 13919198535.7961
492727018.276768 -50520423790227.4 -21240694573665.1 -153816.844811936 -64680.9053207901 13919198535.7961
493550976.501311 -50647162430776.9 -21293988931770.2 -153816.811326934 -64680.8912424273 13919198535.7961
494374934.725854 -50773901043805 -21347283278304.3 -153816.778009103 -64680.8772343445 13919198535.7961
495198892.950397 -50900639629449.1 -21400577613325.2 -153816.744857197 -64680.8632960166 13919198535.7961
496022851.174941 -51027378187845.3 -21453871936889.9 -153816.711869978 -64680.849426924 13919198535.7961
496846809.399484 -51154116719128.9 -21507166249055.5 -153816.679046222 -64680.8356265519 13919198535.7961
497670767.624027 -51280855223433.9 -21560460549878.3 -153816.646384716 -64680.821894391 13919198535.7961
498494725.84857 -51407593700893.7 -21613754839414.3 -153816.613884262 -64680.8082299367 13919198535.7961
499318684.073113 -51534332151640.4 -21667049117719.1 -153816.58154367 -64680.7946326894 13919198535.7961
500142642.297656 -51661070575805.3 -21720343384847.8 -153816.549361764 -64680.7811021547 13919198535.7961
500966600.522199 -51787808973518.6 -21773637640855.2 -153816.517337379 -64680.7676378426 13919198535.7961
501790558.746742 -51914547344909.7 -21826931885795.8 -153816.485469361 -64680.7542392682 13919198535.7961
502614516.971285 -52041285690106.9 -21880226119723.4 -153816.453756567 -64680.7409059513 13919198535.7961
503438475.195828 -52168024009237.6 -21933520342691.6 -153816.422197867 -64680.7276374161 13919198535.7961
504262433.420372 -52294762302428.3 -21986814554753.6 -153816.39079214 -64680.7144331917 13919198535.7961
505086391.644915 -52421500569804.7 -22040108755962.2 -153816.359538276 -64680.7012928118 13919198535.7961
505910349.869458 -52548238811491.4 -22093402946369.8 -153816.328435176 -64680.6882158142 13919198535.7961
506734308.094001 -52674977027612.2 -22146697126028.5 -153816.297481752 -64680.6752017416 13919198535.7961
507558266.318544 -52801715218289.9 -22199991294989.9 -153816.266676926 -64680.6622501408 13919198535.7961
508382224.543087 -52928453383646.6 -22253285453305.4 -153816.236019631 -64680.6493605631 13919198535.7961
509206182.76763 -53055191523803.4 -22306579601025.7 -153816.205508809 -64680.6365325639 13919198535.7961
510030140.992173 -53181929638880.5 -22359873738201.5 -153816.175143413 -64680.6237657031 13919198535.7961
510854099.216716 -53308667728997.4 -22413167864883 -153816.144922406 -64680.6110595446 13919198535.7961
511678057.441259 -53435405794272.6 -22466461981120.1 -153816.11484476 -64680.5984136565 13919198535.7961
512502015.665802 -53562143834823.7 -22519756086962.1 -153816.084909458 -64680.585827611 13919198535.7961
513325973.890346 -53688881850767.7 -22573050182458.2 -153816.055115491 -64680.5733009842 13919198535.7961
514149932.114889 -53815619842220.6 -22626344267657.3 -153816.025461861 -64680.5608333564 13919198535.7961
514973890.339432 -53942357809297.7 -22679638342607.7 -153815.995947579 -64680.5484243117 13919198535.7961
515797848.563975 -54069095752113.2 -22732932407357.6 -153815.966571664 -64680.5360734382 13919198535.7961
516621806.788518 -54195833670780.9 -22786226461954.7 -153815.937333147 -64680.5237803278 13919198535.7961
517445765.013061 -54322571565413.6 -22839520506446.5 -153815.908231064 -64680.5115445762 13919198535.7961
518269723.237604 -54449309436123.2 -22892814540880 -153815.879264464 -64680.4993657828 13919198535.7961
519093681.462147 -54576047283021.1 -22946108565302 -153815.850432402 -64680.4872435509 13919198535.7961
519917639.68669 -54702785106217.7 -22999402579759 -153815.821733944 -64680.4751774874 13919198535.7961
520741597.911233 -54829522905822.6 -23052696584297 -153815.793168162 -64680.4631672027 13919198535.7961
521565556.135777 -54956260681944.9 -23105990578961.9 -153815.76473414 -64680.4512123109 13919198535.7961
522389514.36032 -55082998434692.7 -23159284563799.2 -153815.736430966 -64680.4393124297 13919198535.7961
523213472.584863 -55209736164173.5 -23212578538854 -153815.708257741 -64680.4274671803 13919198535.7961
524037430.809406 -55336473870493.9 -23265872504171.2 -153815.680213571 -64680.4156761873 13919198535.7961
524861389.033949 -55463211553760 -23319166459795.3 -153815.652297571 -64680.4039390787 13919198535.7961
525685347.258492 -55589949214077 -23372460405770.6 -153815.624508865 -64680.3922554861 13919198535.7961
526509305.483035 -55716686851549.3 -23425754342141.1 -153815.596846584 -64680.3806250442 13919198535.7961
527333263.707578 -55843424466280.9 -23479048268950.3 -153815.569309867 -64680.3690473911 13919198535.7961
528157221.932121 -55970162058374.9 -23532342186241.6 -153815.541897862 -64680.3575221683 13919198535.7961
528981180.156664 -56096899627933.6 -23585636094058.2 -153815.514609722 -64680.3460490204 13919198535.7961
529805138.381207 -56223637175058.7 -23638929992442.6 -153815.48744461 -64680.3346275952 13919198535.7961
530629096.605751 -56350374699851.3 -23692223881437.5 -153815.460401697 -64680.3232575438 13919198535.7961
531453054.830294 -56477112202411.7 -23745517761084.9 -153815.433480159 -64680.3119385204 13919198535.7961
532277013.054837 -56603849682839.7 -23798811631426.9 -153815.40667918 -64680.300670182 13919198535.7961
533100971.27938 -56730587141234.1 -23852105492505 -153815.379997954 -64680.2894521892 13919198535.7961
533924929.503923 -56857324577693.4 -23905399344360.6 -153815.353435679 -64680.2782842052 13919198535.7961
534748887.728466 -56984061992315.2 -23958693187034.7 -153815.326991561 -64680.2671658963 13919198535.7961
535572845.953009 -57110799385196.6 -24011987020568.1 -153815.300664814 -64680.2560969318 13919198535.7961
536396804.177552 -57237536756433.9 -24065280845001.4 -153815.274454658 -64680.245076984 13919198535.7961
537220762.402095 -57364274106123 -24118574660374.7 -153815.24836032 -64680.2341057279 13919198535.7961
538044720.626638 -57491011434358.8 -24171868466728.2 -153815.222381034 -64680.2231828417 13919198535.7961
538868678.851182 -57617748741235.9 -24225162264101.5 -153815.196516041 -64680.212308006 13919198535.7961
539692637.075725 -57744486026848.2 -24278456052534.1 -153815.170764589 -64680.2014809045 13919198535.7961
540516595.300268 -57871223291288.8 -24331749832065.1 -153815.145125931 -64680.1907012236 13919198535.7961
541340553.524811 -57997960534650.5 -24385043602733.6 -153815.119599327 -64680.1799686525 13919198535.7961
542164511.749354 -58124697757025.3 -24438337364578.2 -153815.094184046 -64680.1692828829 13919198535.7961
542988469.973897 -58251434958504.5 -24491631117637.3 -153815.06887936 -64680.1586436094 13919198535.7961
543812428.19844 -58378172139179.1 -24544924861949.2 -153815.043684548 -64680.1480505292 13919198535.7961
544636386.422983 -58504909299139.2 -24598218597551.7 -153815.018598897 -64680.1375033421 13919198535.7961
545460344.647526 -58631646438474.5 -24651512324482.6 -153814.9936217 -64680.1270017505 13919198535.7961
546284302.872069 -58758383557274.1 -24704806042779.3 -153814.968752253 -64680.1165454593 13919198535.7961
547108261.096612 -58885120655626.4 -24758099752479 -153814.943989861 -64680.106134176 13919198535.7961
547932219.321156 -59011857733619.5 -24811393453618.7 -153814.919333835 -64680.0957676108 13919198535.7961
548756177.545699 -59138594791340.5 -24864687146235.1 -153814.89478349 -64680.085445476 13919198535.7961
549580135.770242 -59265331828876.5 -24917980830364.8 -153814.870338149 -64680.0751674867 13919198535.7961
550404093.994785 -59392068846313.5 -24971274506043.8 -153814.84599714 -64680.0649333602 13919198535.7961
551228052.219328 -59518805843737.3 -25024568173308.4 -153814.821759795 -64680.0547428163 13919198535.7961
552052010.443871 -59645542821233 -25077861832194.2 -153814.797625454 -64680.0445955773 13919198535.7961
552875968.668414 -59772279778885.2 -25131155482736.9 -153814.773593462 -64680.0344913677 13919198535.7961
553699926.892957 -59899016716778 -25184449124971.7 -153814.749663168 -64680.0244299143 13919198535.7961
554523885.1175 -60025753634995 -25237742758933.9 -153814.72583393 -64680.0144109463 13919198535.7961
555347843.342043 -60152490533619 -25291036384658.2 -153814.702105107 -64680.0044341952 13919198535.7961
556171801.566586 -60279227412732.7 -25344330002179.5 -153814.678476068 -64679.9944993948 13919198535.7961
556995759.79113 -60405964272417.9 -25397623611532.1 -153814.654946182 -64679.9846062809 13919198535.7961
557819718.015673 -60532701112756.1 -25450917212750.2 -153814.631514829 -64679.9747545917 13919198535.7961
558643676.240216 -60659437933828.2 -25504210805867.9 -153814.608181389 -64679.9649440676 13919198535.7961
559467634.464759 -60786174735714.6 -25557504390919.1 -153814.584945251 -64679.9551744511 13919198535.7961
560291592.689302 -60912911518495.4 -25610797967937.2 -153814.561805807 -64679.9454454869 13919198535.7961
561115550.913845 -61039648282249.8 -25664091536955.8 -153814.538762456 -64679.9357569217 13919198535.7961
561939509.138388 -61166385027056.9 -25717385098007.9 -153814.515814598 -64679.9261085045 13919198535.7961
562763467.362931 -61293121752995 -25770678651126.6 -153814.492961643 -64679.9164999862 13919198535.7961
563587425.587474 -61419858460142.1 -25823972196344.7 -153814.470203002 -64679.9069311198 13919198535.7961
564411383.812017 -61546595148575.7 -25877265733694.6 -153814.447538094 -64679.8974016604 13919198535.7961
565235342.036561 -61673331818372.8 -25930559263208.8 -153814.424966339 -64679.8879113649 13919198535.7961
566059300.261104 -61800068469609.9 -25983852784919.5 -153814.402487166 -64679.8784599926 13919198535.7961
566883258.485647 -61926805102363.1 -26037146298858.5 -153814.380100005 -64679.8690473044 13919198535.7961
567707216.71019 -62053541716707.8 -26090439805057.8 -153814.357804292 -64679.8596730632 13919198535.7961
568531174.934733 -62180278312719.3 -26143733303548.9 -153814.335599469 -64679.8503370341 13919198535.7961
569355133.159276 -62307014890472.3 -26197026794363.1 -153814.313484981 -64679.8410389838 13919198535.7961
570179091.383819 -62433751450040.8 -26250320277531.7 -153814.291460278 -64679.831778681 13919198535.7961
571003049.608362 -62560487991498.7 -26303613753085.6 -153814.269524813 -64679.8225558964 13919198535.7961
571827007.832905 -62687224514919.3 -26356907221055.7 -153814.247678047 -64679.8133704024 13919198535.7961
572650966.057448 -62813961020375.4 -26410200681472.7 -153814.225919441 -64679.8042219732 13919198535.7961
573474924.281991 -62940697507939.4 -26463494134366.9 -153814.204248463 -64679.795110385 13919198535.7961
574298882.506535 -63067433977683.4 -26516787579768.7 -153814.182664585 -64679.7860354157 13919198535.7961
575122840.731078 -63194170429678.9 -26570081017708 -153814.161167283 -64679.776996845 13919198535.7961
575946798.955621 -63320906863997 -26623374448214.9 -153814.139756037 -64679.7679944543 13919198535.7961
576770757.180164 -63447643280708.4 -26676667871319.1 -153814.118430332 -64679.7590280267 13919198535.7961
577594715.404707 -63574379679883.4 -26729961287050 -153814.097189655 -64679.7500973474 13919198535.7961
578418673.62925 -63701116061591.8 -26783254695437 -153814.076033499 -64679.7412022027 13919198535.7961
579242631.853793 -63827852425903.1 -26836548096509.4 -153814.05496136 -64679.7323423812 13919198535.7961
580066590.078336 -63954588772886.2 -26889841490296.2 -153814.03397274 -64679.7235176727 13919198535.7961
580890548.302879 -64081325102609.9 -26943134876826.1 -153814.013067143 -64679.7147278691 13919198535.7961
581714506.527422 -64208061415142.2 -26996428256128 -153813.992244076 -64679.7059727635 13919198535.7961
582538464.751966 -64334797710551 -27049721628230.2 -153813.971503052 -64679.6972521509 13919198535.7961
583362422.976509 -64461533988903.7 -27103014993161.1 -153813.950843588 -64679.688565828 13919198535.7961
584186381.201052 -64588270250267.4 -27156308350948.9 -153813.930265202 -64679.6799135927 13919198535.7961
585010339.425595 -64715006494708.5 -27209601701621.6 -153813.90976742 -64679.6712952449 13919198535.7961
585834297.650138 -64841742722293.4 -27262895045207.1 -153813.889349767 -64679.6627105859 13919198535.7961
586658255.874681 -64968478933087.8 -27316188381733 -153813.869011776 -64679.6541594185 13919198535.7961
587482214.099224 -65095215127157.2 -27369481711226.8 -153813.84875298 -64679.6456415471 13919198535.7961
588306172.323767 -65221951304566.7 -27422775033715.8 -153813.828572918 -64679.6371567776 13919198535.7961
589130130.54831 -65348687465380.9 -27476068349227.4 -153813.808471132 -64679.6287049174 13919198535.7961
589954088.772853 -65475423609664.2 -27529361657788.4 -153813.788447168 -64679.6202857754 13919198535.7961
590778046.997396 -65602159737480.5 -27582654959425.9 -153813.768500574 -64679.611899162 13919198535.7961
591602005.22194 -65728895848893.4 -27635948254166.4 -153813.748630903 -64679.603544889 13919198535.7961
592425963.446483 -65855631943966 -27689241542036.7 -153813.728837711 -64679.5952227698 13919198535.7961
593249921.671026 -65982368022761.2 -27742534823063.1 -153813.709120556 -64679.586932619 13919198535.7961
594073879.895569 -66109104085341.5 -27795828097271.8 -153813.689479002 -64679.5786742528 13919198535.7961
594897838.120112 -66235840131768.9 -27849121364689 -153813.669912615 -64679.5704474887 13919198535.7961
595721796.344655 -66362576162105.3 -27902414625340.7 -153813.650420963 -64679.5622521457 13919198535.7961
596545754.569198 -66489312176412 -27955707879252.6 -153813.631003621 -64679.5540880441 13919198535.7961
597369712.793741 -66616048174750.2 -28009001126450.4 -153813.611660162 -64679.5459550057 13919198535.7961
598193671.018284 -66742784157180.4 -28062294366959.8 -153813.592390168 -64679.5378528534 13919198535.7961
599017629.242827 -66869520123763 -28115587600805.9 -153813.573193219 -64679.5297814116 13919198535.7961
599841587.467371 -66996256074558.1 -28168880828014.1 -153813.554068901 -64679.5217405061 13919198535.7961
600665545.691914 -67122992009625.4 -28222174048609.4 -153813.535016803 -64679.5137299639 13919198535.7961
601489503.916457 -67249727929024.1 -28275467262616.9 -153813.516036517 -64679.5057496133 13919198535.7961
602313462.141 -67376463832813.4 -28328760470061.2 -153813.497127636 -64679.4977992839 13919198535.7961
603137420.365543 -67503199721051.7 -28382053670967.2 -153813.47828976 -64679.4898788068 13919198535.7961
603961378.590086 -67629935593797.6 -28435346865359.2 -153813.459522489 -64679.481988014 13919198535.7961
604785336.814629 -67756671451109 -28488640053261.7 -153813.440825426 -64679.474126739 13919198535.7961
605609295.039172 -67883407293043.5 -28541933234698.9 -153813.422198179 -64679.4662948164 13919198535.7961
606433253.263715 -68010143119658.7 -28595226409695 -153813.403640356 -64679.4584920822 13919198535.7961
607257211.488258 -68136878931011.4 -28648519578274 -153813.385151572 -64679.4507183734 13919198535.7961
608081169.712801 -68263614727158.4 -28701812740459.6 -153813.36673144 -64679.4429735286 13919198535.7961
608905127.937345 -68390350508156.2 -28755105896275.7 -153813.34837958 -64679.435257387 13919198535.7961
609729086.161888 -68517086274060.8 -28808399045745.7 -153813.330095613 -64679.4275697896 13919198535.7961
610553044.386431 -68643822024928 -28861692188893.2 -153813.311879161 -64679.4199105782 13919198535.7961
611377002.610974 -68770557760813.3 -28914985325741.5 -153813.293729853 -64679.4122795958 13919198535.7961
612200960.835517 -68897293481771.9 -28968278456313.7 -153813.275647318 -64679.4046766867 13919198535.7961
613024919.06006 -69024029187858.6 -29021571580633 -153813.257631188 -64679.3971016963 13919198535.7961
613848877.284603 -69150764879128 -29074864698722.2 -153813.239681097 -64679.389554471 13919198535.7961
614672835.509146 -69277500555634.4 -29128157810604.2 -153813.221796684 -64679.3820348584 13919198535.7961
615496793.733689 -69404236217431.6 -29181450916301.7 -153813.203977588 -64679.3745427074 13919198535.7961
616320751.958232 -69530971864573.5 -29234744015837.2 -153813.186223452 -64679.3670778677 13919198535.7961
617144710.182775 -69657707497113.4 -29288037109233.3 -153813.168533922 -64679.3596401902 13919198535.7961
617968668.407319 -69784443115104.3 -29341330196512.1 -153813.150908645 -64679.3522295271 13919198535.7961
618792626.631862 -69911178718599 -29394623277695.9 -153813.133347273 -64679.3448457313 13919198535.7961
619616584.856405 -70037914307650.2 -29447916352806.8 -153813.115849458 -64679.337488657 13919198535.7961
620440543.080948 -70164649882309.9 -29501209421866.8 -153813.098414856 -64679.3301581595 13919198535.7961
621264501.305491 -70291385442630.2 -29554502484897.6 -153813.081043125 -64679.3228540949 13919198535.7961
622088459.530034 -70418120988662.7 -29607795541921 -153813.063733925 -64679.3155763206 13919198535.7961
622912417.754577 -70544856520458.8 -29661088592958.6 -153813.04648692 -64679.3083246948 13919198535.7961
623736375.97912 -70671592038069.5 -29714381638031.9 -153813.029301774 -64679.3010990769 13919198535.7961
624560334.203663 -70798327541545.8 -29767674677162.3 -153813.012178156 -64679.2938993272 13919198535.7961
625384292.428206 -70925063030938.2 -29820967710371 -153812.995115736 -64679.2867253071 13919198535.7961
626208250.65275 -71051798506297 -29874260737679.1 -153812.978114186 -64679.2795768789 13919198535.7961
627032208.877293 -71178533967672.1 -29927553759107.8 -153812.961173181 -64679.2724539058 13919198535.7961
627856167.101836 -71305269415113.4 -29980846774677.8 -153812.944292398 -64679.2653562522 13919198535.7961
628680125.326379 -71432004848670.4 -30034139784410 -153812.927471518 -64679.2582837832 13919198535.7961
629504083.550922 -71558740268392.2 -30087432788325.2 -153812.91071022 -64679.2512363651 13919198535.7961
630328041.775465 -71685475674327.9 -30140725786443.9 -153812.89400819 -64679.244213865 13919198535.7961
631152000.000008 -71812211066526.1 -30194018778786.5 -153812.877365113 -64679.2372161509 13919198535.7961
631975958.224551 -71938946445035.2 -30247311765373.5 -153812.860780679 -64679.230243092 13919198535.7961
632799916.449094 -72065681809903.6 -30300604746225.1 -153812.844254577 -64679.2232945581 13919198535.7961
633623874.673637 -72192417161179 -30353897721361.4 -153812.8277865 -64679.21637042 13919198535.7961
634447832.89818 -72319152498909.2 -30407190690802.5 -153812.811376143 -64679.2094705494 13919198535.7961
635271791.122724 -72445887823141.7 -30460483654568.4 -153812.795023204 -64679.2025948192 13919198535.7961
636095749.347267 -72572623133923.6 -30513776612678.9 -153812.778727382 -64679.1957431026 13919198535.7961
636919707.57181 -72699358431301.8 -30567069565153.7 -153812.762488377 -64679.1889152743 13919198535.7961
637743665.796353 -72826093715323.1 -30620362512012.5 -153812.746305893 -64679.1821112094 13919198535.7961
638567624.020896 -72952828986033.9 -30673655453274.7 -153812.730179636 -64679.1753307841 13919198535.7961
639391582.245439 -73079564243480.3 -30726948388959.9 -153812.714109313 -64679.1685738755 13919198535.7961
640215540.469982 -73206299487708.5 -30780241319087.2 -153812.698094634 -64679.1618403614 13919198535.7961
641039498.694525 -73333034718764 -30833534243676.1 -153812.682135309 -64679.1551301204 13919198535.7961
641863456.919068 -73459769936692.4 -30886827162745.5 -153812.666231053 -64679.1484430322 13919198535.7961
642687415.143611 -73586505141539 -30940120076314.6 -153812.650381581 -64679.1417789772 13919198535.7961
643511373.368155 -73713240333348.8 -30993412984402.2 -153812.63458661 -64679.1351378364 13919198535.7961
644335331.592698 -73839975512166.5 -31046705887027.1 -153812.61884586 -64679.128519492 13919198535.7961
645159289.817241 -73966710678036.7 -31099998784208.2 -153812.603159052 -64679.1219238268 13919198535.7961
645983248.041784 -74093445831003.8 -31153291675964.1 -153812.58752591 -64679.1153507243 13919198535.7961
646807206.266327 -74220180971111.8 -31206584562313.2 -153812.571946157 -64679.1088000691 13919198535.7961
647631164.49087 -74346916098404.7 -31259877443274.1 -153812.556419522 -64679.1022717463 13919198535.7961
648455122.715413 -74473651212926 -31313170318865 -153812.540945733 -64679.0957656418 13919198535.7961
649279080.939956 -74600386314719.3 -31366463189104.4 -153812.52552452 -64679.0892816426 13919198535.7961
650103039.164499 -74727121403827.7 -31419756054010.2 -153812.510155617 -64679.082819636 13919198535.7961
650926997.389042 -74853856480294.3 -31473048913600.7 -153812.494838757 -64679.0763795104 13919198535.7961
651750955.613585 -74980591544161.7 -31526341767893.7 -153812.479573676 -64679.0699611549 13919198535.7961
652574913.838129 -75107326595472.6 -31579634616907.2 -153812.464360114 -64679.0635644592 13919198535.7961
653398872.062672 -75234061634269.3 -31632927460659 -153812.449197808 -64679.0571893139 13919198535.7961
654222830.287215 -75360796660593.9 -31686220299166.7 -153812.4340865 -64679.0508356102 13919198535.7961
655046788.511758 -75487531674488.4 -31739513132448.1 -153812.419025935 -64679.0445032402 13919198535.7961
655870746.736301 -75614266675994.3 -31792805960520.6 -153812.404015855 -64679.0381920966 13919198535.7961
656694704.960844 -75741001665153.4 -31846098783401.7 -153812.389056009 -64679.0319020728 13919198535.7961
657518663.185387 -75867736642006.7 -31899391601108.8 -153812.374146144 -64679.0256330631 13919198535.7961
658342621.40993 -75994471606595.4 -31952684413659.1 -153812.35928601 -64679.0193849622 13919198535.7961
659166579.634473 -76121206558960.5 -32005977221069.8 -153812.344475359 -64679.0131576657 13919198535.7961
659990537.859016 -76247941499142.4 -32059270023357.9 -153812.329713944 -64679.00695107 13919198535.7961
660814496.08356 -76374676427181.8 -32112562820540.6 -153812.31500152 -64679.0007650718 13919198535.7961
661638454.308103 -76501411343118.8 -32165855612634.8 -153812.300337843 -64678.994599569 13919198535.7961
662462412.532646 -76628146246993.6 -32219148399657.2 -153812.285722672 -64678.9884544598 13919198535.7961
663286370.757189 -76754881138846 -32272441181624.7 -153812.271155766 -64678.9823296431 13919198535.7961
664110328.981732 -76881616018715.7 -32325733958553.9 -153812.256636886 -64678.9762250186 13919198535.7961
664934287.206275 -77008350886642.1 -32379026730461.5 -153812.242165796 -64678.9701404867 13919198535.7961
665758245.430818 -77135085742664.6 -32432319497363.9 -153812.22774226 -64678.9640759483 13919198535.7961
666582203.655361 -77261820586822.2 -32485612259277.6 -153812.213366044 -64678.9580313049 13919198535.7961
667406161.879904 -77388555419153.8 -32538905016218.9 -153812.199036915 -64678.952006459 13919198535.7961
668230120.104447 -77515290239698.1 -32592197768204.1 -153812.184754642 -64678.9460013132 13919198535.7961
669054078.32899 -77642025048493.6 -32645490515249.4 -153812.170518996 -64678.9400157713 13919198535.7961
669878036.553534 -77768759845578.7 -32698783257370.9 -153812.15632975 -64678.9340497373 13919198535.7961
670701994.778077 -77895494630991.5 -32752075994584.6 -153812.142186675 -64678.9281031161 13919198535.7961
671525953.00262 -78022229404770 -32805368726906.6 -153812.128089549 -64678.922175813 13919198535.7961
672349911.227163 -78148964166951.8 -32858661454352.6 -153812.114038146 -64678.916267734 13919198535.7961
673173869.451706 -78275698917574.6 -32911954176938.5 -153812.100032245 -64678.9103787859 13919198535.7961
673997827.676249 -78402433656675.9 -32965246894680 -153812.086071625 -64678.9045088757 13919198535.7961
674821785.900792 -78529168384292.7 -33018539607592.7 -153812.072156067 -64678.8986579113 13919198535.7961
675645744.125335 -78655903100462.2 -33071832315692.3 -153812.058285353 -64678.8928258012 13919198535.7961
676469702.349878 -78782637805221.2 -33125125018994.2 -153812.044459267 -64678.8870124544 13919198535.7961
677293660.574421 -78909372498606.4 -33178417717513.9 -153812.030677593 -64678.8812177804 13919198535.7961
678117618.798965 -79036107180654.3 -33231710411266.6 -153812.016940118 -64678.8754416895 13919198535.7961
678941577.023508 -79162841851401.2 -33285003100267.7 -153812.00324663 -64678.8696840923 13919198535.7961
679765535.248051 -79289576510883.3 -33338295784532.4 -153811.989596918 -64678.8639449003 13919198535.7961
680589493.472594 -79416311159136.6 -33391588464075.7 -153811.975990772 -64678.8582240252 13919198535.7961
681413451.697137 -79543045796196.8 -33444881138912.9 -153811.962427984 -64678.8525213796 13919198535.7961
682237409.92168 -79669780422099.7 -33498173809058.7 -153811.948908346 -64678.8468368764 13919198535.7961
683061368.146223 -79796515036880.7 -33551466474528.2 -153811.935431654 -64678.8411704292 13919198535.7961
683885326.370766 -79923249640575.1 -33604759135336.2 -153811.921997704 -64678.8355219522 13919198535.7961
684709284.595309 -80049984233218 -33658051791497.5 -153811.908606291 -64678.8298913598 13919198535.7961
685533242.819852 -80176718814844.3 -33711344443026.7 -153811.895257215 -64678.8242785675 13919198535.7961
686357201.044395 -80303453385489 -33764637089938.6 -153811.881950274 -64678.8186834908 13919198535.7961
687181159.268939 -80430187945186.6 -33817929732247.6 -153811.86868527 -64678.813106046 13919198535.7961
688005117.493482 -80556922493971.6 -33871222369968.2 -153811.855462005 -64678.80754615 13919198535.7961
688829075.718025 -80683657031878.3 -33924515003114.9 -153811.842280282 -64678.80200372 13919198535.7961
689653033.942568 -80810391558940.9 -33977807631702.1 -153811.829139906 -64678.7964786738 13919198535.7961
690476992.167111 -80937126075193.3 -34031100255744 -153811.816040682 -64678.7909709298 13919198535.7961
691300950.391654 -81063860580669.4 -34084392875254.8 -153811.802982417 -64678.7854804069 13919198535.7961
692124908.616197 -81190595075402.8 -34137685490248.8 -153811.78996492 -64678.7800070243 13919198535.7961
692948866.84074 -81317329559427.1 -34190978100739.9 -153811.776988 -64678.774550702 13919198535.7961
693772825.065283 -81444064032775.6 -34244270706742.3 -153811.764051467 -64678.7691113603 13919198535.7961
694596783.289826 -81570798495481.5 -34297563308269.8 -153811.751155134 -64678.7636889201 13919198535.7961
695420741.514369 -81697532947577.9 -34350855905336.4 -153811.738298813 -64678.7582833027 13919198535.7961
696244699.738913 -81824267389097.6 -34404148497955.9 -153811.725482317 -64678.7528944299 13919198535.7961
697068657.963456 -81951001820073.4 -34457441086142.1 -153811.712705464 -64678.7475222241 13919198535.7961
697892616.187999 -82077736240537.9 -34510733669908.7 -153811.699968068 -64678.742166608 13919198535.7961
698716574.412542 -82204470650523.5 -34564026249269.2 -153811.687269947 -64678.736827505 13919198535.7961
699540532.637085 -82331205050062.5 -34617318824237.3 -153811.674610921 -64678.7315048387 13919198535.7961
700364490.861628 -82457939439187 -34670611394826.5 -153811.661990808 -64678.7261985335 13919198535.7961
701188449.086171 -82584673817929.1 -34723903961050.3 -153811.649409429 -64678.7209085138 13919198535.7961
702012407.310714 -82711408186320.5 -34777196522922 -153811.636866607 -64678.715634705 13919198535.7961
702836365.535257 -82838142544393 -34830489080454.9 -153811.624362165 -64678.7103770326 13919198535.7961
703660323.7598 -82964876892178 -34883781633662.4 -153811.611895926 -64678.7051354226 13919198535.7961
704484281.984344 -83091611229707.2 -34937074182557.6 -153811.599467715 -64678.6999098016 13919198535.7961
705308240.208887 -83218345557011.5 -34990366727153.6 -153811.58707736 -64678.6947000965 13919198535.7961
706132198.43343 -83345079874122.3 -35043659267463.6 -153811.574724687 -64678.6895062347 13919198535.7961
706956156.657973 -83471814181070.5 -35096951803500.6 -153811.562409525 -64678.684328144 13919198535.7961
707780114.882516 -83598548477886.9 -35150244335277.6 -153811.550131703 -64678.6791657528 13919198535.7961
708604073.107059 -83725282764602.2 -35203536862807.3 -153811.537891051 -64678.6740189896 13919198535.7961
709428031.331602 -83852017041247 -35256829386102.8 -153811.525687402 -64678.6688877838 13919198535.7961
710251989.556145 -83978751307851.6 -35310121905176.8 -153811.513520586 -64678.6637720647 13919198535.7961
711075947.780688 -84105485564446.5 -35363414420041.9 -153811.501390439 -64678.6586717625 13919198535.7961
711899906.005231 -84232219811061.6 -35416706930711 -153811.489296794 -64678.6535868075 13919198535.7961
712723864.229774 -84358954047727.1 -35469999437196.6 -153811.477239487 -64678.6485171306 13919198535.7961
713547822.454318 -84485688274472.7 -35523291939511.2 -153811.465218354 -64678.6434626629 13919198535.7961
714371780.678861 -84612422491328.3 -35576584437667.4 -153811.453233233 -64678.6384233363 13919198535.7961
715195738.903404 -84739156698323.5 -35629876931677.7 -153811.441283963 -64678.6333990826 13919198535.7961
716019697.127947 -84865890895487.6 -35683169421554.3 -153811.429370382 -64678.6283898345 13919198535.7961
716843655.35249 -84992625082850.1 -35736461907309.7 -153811.41749233 -64678.6233955248 13919198535.7961
717667613.577033 -85119359260440.2 -35789754388956.1 -153811.40564965 -64678.6184160867 13919198535.7961
718491571.801576 -85246093428286.9 -35843046866505.8 -153811.393842184 -64678.613451454 13919198535.7961
719315530.026119 -85372827586419.2 -35896339339970.9 -153811.382069774 -64678.6085015606 13919198535.7961
720139488.250662 -85499561734866 -35949631809363.6 -153811.370332265 -64678.6035663411 13919198535.7961
720963446.475205 -85626295873655.8 -36002924274695.8 -153811.358629501 -64678.5986457303 13919198535.7961
721787404.699749 -85753030002817.3 -36056216735979.7 -153811.346961329 -64678.5937396635 13919198535.7961
722611362.924292 -85879764122379 -36109509193227.2 -153811.335327596 -64678.5888480761 13919198535.7961
723435321.148835 -86006498232369 -36162801646450.1 -153811.323728149 -64678.5839709044 13919198535.7961
724259279.373378 -86133232332815.7 -36216094095660.4 -153811.312162837 -64678.5791080845 13919198535.7961
725083237.597921 -86259966423747 -36269386540869.8 -153811.30063151 -64678.5742595532 13919198535.7961
725907195.822464 -86386700505191 -36322678982090 -153811.289134018 -64678.5694252477 13919198535.7961
726731154.047007 -86513434577175.3 -36375971419332.9 -153811.277670211 -64678.5646051055 13919198535.7961
727555112.27155 -86640168639727.9 -36429263852609.9 -153811.266239943 -64678.5597990643 13919198535.7961
728379070.496093 -86766902692876.1 -36482556281932.8 -153811.254843067 -64678.5550070625 13919198535.7961
729203028.720636 -86893636736647.5 -36535848707313 -153811.243479436 -64678.5502290385 13919198535.7961
730026986.945179 -87020370771069.3 -36589141128762.1 -153811.232148905 -64678.5454649313 13919198535.7961
730850945.169723 -87147104796168.9 -36642433546291.5 -153811.220851329 -64678.5407146802 13919198535.7961
731674903.394266 -87273838811973.3 -36695725959912.5 -153811.209586566 -64678.5359782248 13919198535.7961
732498861.618809 -87400572818509.4 -36749018369636.6 -153811.198354472 -64678.5312555052 13919198535.7961
733322819.843352 -87527306815804.2 -36802310775474.9 -153811.187154905 -64678.5265464616 13919198535.7961
734146778.067895 -87654040803884.4 -36855603177438.9 -153811.175987725 -64678.5218510347 13919198535.7961
734970736.292438 -87780774782776.5 -36908895575539.6 -153811.16485279 -64678.5171691655 13919198535.7961
735794694.516981 -87907508752507.2 -36962187969788.1 -153811.153749962 -64678.5125007955 13919198535.7961
736618652.741524 -88034242713102.8 -37015480360195.7 -153811.142679103 -64678.5078458663 13919198535.7961
737442610.966067 -88160976664589.6 -37068772746773.4 -153811.131640073 -64678.5032043199 13919198535.7961
738266569.19061 -88287710606993.7 -37122065129532.1 -153811.120632736 -64678.4985760988 13919198535.7961
739090527.415154 -88414444540341.3 -37175357508482.8 -153811.109656956 -64678.4939611455 13919198535.7961
739914485.639697 -88541178464658.2 -37228649883636.4 -153811.098712597 -64678.4893594032 13919198535.7961
740738443.86424 -88667912379970.4 -37281942255003.8 -153811.087799524 -64678.4847708153 13919198535.7961
741562402.088783 -88794646286303.5 -37335234622595.8 -153811.076917604 -64678.4801953252 13919198535.7961
742386360.313326 -88921380183683.1 -37388526986423.1 -153811.066066703 -64678.4756328772 13919198535.7961
743210318.537869 -89048114072134.8 -37441819346496.6 -153811.055246689 -64678.4710834154 13919198535.7961
744034276.762412 -89174847951683.9 -37495111702826.8 -153811.04445743 -64678.4665468846 13919198535.7961
744858234.986955 -89301581822355.7 -37548404055424.4 -153811.033698795 -64678.4620232296 13919198535.7961
745682193.211498 -89428315684175.4 -37601696404300 -153811.022970654 -64678.4575123958 13919198535.7961
746506151.436041 -89555049537168.2 -37654988749464.1 -153811.012272877 -64678.4530143286 13919198535.7961
747330109.660584 -89681783381358.8 -37708281090927.2 -153811.001605337 -64678.4485289741 13919198535.7961
748154067.885128 -89808517216772.3 -37761573428699.9 -153810.990967904 -64678.4440562782 13919198535.7961
748978026.109671 -89935251043433.3 -37814865762792.3 -153810.980360451 -64678.4395961877 13919198535.7961
749801984.334214 -90061984861366.5 -37868158093215.1 -153810.969782853 -64678.4351486491 13919198535.7961
750625942.558757 -90188718670596.5 -37921450419978.4 -153810.959234982 -64678.4307136097 13919198535.7961
751449900.7833 -90315452471147.7 -37974742743092.5 -153810.948716714 -64678.4262910167 13919198535.7961
752273859.007843 -90442186263044.4 -38028035062567.8 -153810.938227925 -64678.4218808179 13919198535.7961
753097817.232386 -90568920046310.9 -38081327378414.3 -153810.927768491 -64678.4174829613 13919198535.7961
753921775.456929 -90695653820971.4 -38134619690642.2 -153810.917338288 -64678.4130973951 13919198535.7961
754745733.681472 -90822387587049.7 -38187911999261.6 -153810.906937194 -64678.4087240678 13919198535.7961
755569691.906015 -90949121344570 -38241204304282.6 -153810.896565088 -64678.4043629283 13919198535.7961
756393650.130558 -91075855093556 -38294496605715.3 -153810.886221848 -64678.4000139257 13919198535.7961
757217608.355102 -91202588834031.4 -38347788903569.5 -153810.875907355 -64678.3956770095 13919198535.7961
758041566.579645 -91329322566019.9 -38401081197855.2 -153810.865621488 -64678.3913521292 13919198535.7961
758865524.804188 -91456056289545 -38454373488582.4 -153810.855364129 -64678.387039235 13919198535.7961
759689483.028731 -91582790004630.2 -38507665775760.8 -153810.845135159 -64678.3827382769 13919198535.7961
760513441.253274 -91709523711298.9 -38560958059400.3 -153810.83493446 -64678.3784492055 13919198535.7961
761337399.477817 -91836257409574.2 -38614250339510.7 -153810.824761916 -64678.3741719717 13919198535.7961
762161357.70236 -91962991099479.2 -38667542616101.7 -153810.814617409 -64678.3699065265 13919198535.7962
762985315.926903 -92089724781037.2 -38720834889183 -153810.804500825 -64678.3656528211 13919198535.7961
763809274.151446 -92216458454271 -38774127158764.2 -153810.794412049 -64678.3614108073 13919198535.7962
764633232.375989 -92343192119203.4 -38827419424855 -153810.784350964 -64678.3571804368 13919198535.7961
765457190.600533 -92469925775857.3 -38880711687464.9 -153810.774317459 -64678.3529616618 13919198535.7961
766281148.825076 -92596659424255.4 -38934003946603.5 -153810.764311419 -64678.3487544348 13919198535.7961
767105107.049619 -92723393064420.2 -38987296202280.2 -153810.754332732 -64678.3445587082 13919198535.7961
767929065.274162 -92850126696374.1 -39040588454504.6 -153810.744381286 -64678.3403744351 13919198535.7961
768753023.498705 -92976860320139.7 -39093880703286 -153810.734456969 -64678.3362015686 13919198535.7961
769576981.723248 -93103593935739.2 -39147172948633.8 -153810.724559671 -64678.3320400621 13919198535.7962
770400939.947791 -93230327543194.8 -39200465190557.4 -153810.714689282 -64678.3278898693 13919198535.7961
771224898.172334 -93357061142528.7 -39253757429066 -153810.704845692 -64678.3237509442 13919198535.7962
772048856.396877 -93483794733762.9 -39307049664169 -153810.695028791 -64678.3196232408 13919198535.7962
772872814.62142 -93610528316919.4 -39360341895875.5 -153810.685238472 -64678.3155067137 13919198535.7961
773696772.845963 -93737261892019.9 -39413634124194.7 -153810.675474627 -64678.3114013174 13919198535.7961
774520731.070507 -93863995459086.3 -39466926349135.9 -153810.665737148 -64678.307307007 13919198535.7961
775344689.29505 -93990729018140.2 -39520218570708 -153810.656025929 -64678.3032237375 13919198535.7961
776168647.519593 -94117462569203.3 -39573510788920.3 -153810.646340864 -64678.2991514644 13919198535.7961
776992605.744136 -94244196112297.1 -39626803003781.6 -153810.636681847 -64678.2950901433 13919198535.7961
777816563.968679 -94370929647442.9 -39680095215301.2 -153810.627048773 -64678.2910397301 13919198535.7961
778640522.193222 -94497663174662.1 -39733387423487.8 -153810.617441538 -64678.2870001809 13919198535.7962
779464480.417765 -94624396693976 -39786679628350.4 -153810.607860038 -64678.282971452 13919198535.7962
780288438.642308 -94751130205405.7 -39839971829898 -153810.59830417 -64678.2789535 13919198535.7962
781112396.866851 -94877863708972.2 -39893264028139.4 -153810.588773831 -64678.2749462818 13919198535.7962
781936355.091394 -95004597204696.7 -39946556223083.5 -153810.579268919 -64678.2709497543 13919198535.7962
782760313.315938 -95131330692599.9 -39999848414738.9 -153810.569789333 -64678.2669638749 13919198535.7962
783584271.540481 -95258064172702.7 -40053140603114.5 -153810.56033497 -64678.2629886011 13919198535.7962
784408229.765024 -95384797645025.9 -40106432788219.1 -153810.550905731 -64678.2590238906 13919198535.7961
785232187.989567 -95511531109590.2 -40159724970061.2 -153810.541501516 -64678.2550697012 13919198535.7961
786056146.21411 -95638264566416 -40213017148649.5 -153810.532122225 -64678.2511259913 13919198535.7961
786880104.438653 -95764998015523.9 -40266309323992.7 -153810.522767759 -64678.2471927192 13919198535.7961
787704062.663196 -95891731456934.3 -40319601496099.3 -153810.51343802 -64678.2432698436 13919198535.7961
788528020.887739 -96018464890667.5 -40372893664977.9 -153810.50413291 -64678.2393573232 13919198535.7961
789351979.112282 -96145198316743.9 -40426185830637 -153810.494852331 -64678.235455117 13919198535.7961
790175937.336825 -96271931735183.5 -40479477993085.1 -153810.485596187 -64678.2315631845 13919198535.7961
790999895.561368 -96398665146006.5 -40532770152330.6 -153810.476364381 -64678.227681485 13919198535.7962
791823853.785912 -96525398549232.8 -40586062308381.9 -153810.467156817 -64678.2238099783 13919198535.7961
792647812.010455 -96652131944882.4 -40639354461247.5 -153810.457973401 -64678.2199486242 13919198535.7962
793471770.234998 -96778865332975.2 -40692646610935.7 -153810.448814036 -64678.2160973829 13919198535.7962
794295728.459541 -96905598713531 -40745938757454.7 -153810.439678629 -64678.2122562147 13919198535.7961
795119686.684084 -97032332086569.4 -40799230900812.9 -153810.430567086 -64678.2084250801 13919198535.7961
795943644.908627 -97159065452110 -40852523041018.6 -153810.421479314 -64678.2046039398 13919198535.7961
796767603.13317 -97285798810172.5 -40905815178079.8 -153810.412415219 -64678.2007927549 13919198535.7961
797591561.357713 -97412532160776.3 -40959107312005 -153810.403374709 -64678.1969914864 13919198535.7961
798415519.582256 -97539265503940.7 -41012399442802.1 -153810.394357692 -64678.1932000957 13919198535.7961
799239477.806799 -97665998839685.2 -41065691570479.3 -153810.385364078 -64678.1894185443 13919198535.7961
800063436.031343 -97792732168028.9 -41118983695044.7 -153810.376393774 -64678.1856467941 13919198535.7961
800887394.255886 -97919465488991 -41172275816506.4 -153810.36744669 -64678.1818848068 13919198535.7962
801711352.480429 -98046198802590.6 -41225567934872.3 -153810.358522736 -64678.1781325448 13919198535.7962
802535310.704972 -98172932108846.8 -41278860050150.6 -153810.349621824 -64678.1743899702 13919198535.7962
803359268.929515 -98299665407778.4 -41332152162349.1 -153810.340743862 -64678.1706570457 13919198535.7962
804183227.154058 -98426398699404.4 -41385444271475.8 -153810.331888764 -64678.1669337339 13919198535.7962
805007185.378601 -98553131983743.6 -41438736377538.5 -153810.32305644 -64678.1632199979 13919198535.7962
805831143.603144 -98679865260814.6 -41492028480545.3 -153810.314246803 -64678.1595158006 13919198535.7961
806655101.827687 -98806598530636.2 -41545320580503.9 -153810.305459765 -64678.1558211054 13919198535.7962
807479060.05223 -98933331793226.9 -41598612677422 -153810.296695241 -64678.1521358758 13919198535.7961
808303018.276773 -99060065048605.3 -41651904771307.6 -153810.287953143 -64678.1484600754 13919198535.7961
809126976.501317 -99186798296789.7 -41705196862168.4 -153810.279233385 -64678.1447936681 13919198535.7961
809950934.72586 -99313531537798.6 -41758488950012.1 -153810.270535882 -64678.141136618 13919198535.7961
810774892.950403 -99440264771650.3 -41811781034846.3 -153810.261860548 -64678.1374888892 13919198535.7961
811598851.174946 -99566997998362.9 -41865073116678.8 -153810.2532073 -64678.1338504462 13919198535.7961
812422809.399489 -99693731217954.8 -41918365195517.2 -153810.244576053 -64678.1302212535 13919198535.7961
813246767.624032 -99820464430443.8 -41971657271369.1 -153810.235966723 -64678.126601276 13919198535.7961
814070725.848575 -99947197635848.1 -42024949344242.1 -153810.227379226 -64678.1229904785 13919198535.7961
814894684.073118 -100073930834186 -42078241414143.6 -153810.21881348 -64678.1193888262 13919198535.7961
815718642.297661 -100200664025474 -42131533481081.4 -153810.210269403 -64678.1157962844 13919198535.7961
816542600.522204 -100327397209732 -42184825545062.7 -153810.201746911 -64678.1122128186 13919198535.7961
817366558.746747 -100454130386976 -42238117606095.2 -153810.193245924 -64678.1086383944 13919198535.7961
818190516.971291 -100580863557225 -42291409664186.2 -153810.18476636 -64678.1050729776 13919198535.7961
819014475.195834 -100707596720496 -42344701719343.1 -153810.176308138 -64678.1015165343 13919198535.7961
819838433.420377 -100834329876806 -42397993771573.4 -153810.167871178 -64678.0979690306 13919198535.7961
820662391.64492 -100961063026173 -42451285820884.4 -153810.1594554 -64678.0944304328 13919198535.7961
821486349.869463 -101087796168615 -42504577867283.3 -153810.151060723 -64678.0909007074 13919198535.7961
822310308.094006 -101214529304148 -42557869910777.5 -153810.14268707 -64678.0873798212 13919198535.7961
823134266.318549 -101341262432791 -42611161951374.4 -153810.13433436 -64678.0838677409 13919198535.7961
823958224.543092 -101467995554560 -42664453989081 -153810.126002516 -64678.0803644335 13919198535.7961
824782182.767635 -101594728669472 -42717746023904.6 -153810.117691459 -64678.0768698663 13919198535.7961
825606140.992178 -101721461777545 -42771038055852.5 -153810.109401111 -64678.0733840065 13919198535.7961
826430099.216722 -101848194878796 -42824330084931.7 -153810.101131396 -64678.0699068217 13919198535.7961
827254057.441265 -101974927973241 -42877622111149.5 -153810.092882236 -64678.0664382795 13919198535.7961
828078015.665808 -102101661060897 -42930914134512.8 -153810.084653555 -64678.0629783477 13919198535.7961
828901973.890351 -102228394141782 -42984206155028.9 -153810.076445276 -64678.0595269943 13919198535.7961
829725932.114894 -102355127215912 -43037498172704.7 -153810.068257325 -64678.0560841875 13919198535.7961
830549890.339437 -102481860283304 -43090790187547.3 -153810.060089625 -64678.0526498955 13919198535.7961
831373848.56398 -102608593343974 -43144082199563.6 -153810.051942101 -64678.0492240868 13919198535.7962
832197806.788523 -102735326397940 -43197374208760.8 -153810.043814679 -64678.0458067299 13919198535.7962
833021765.013066 -102862059445217 -43250666215145.6 -153810.035707285 -64678.0423977937 13919198535.7962
833845723.237609 -102988792485822 -43303958218725.1 -153810.027619844 -64678.0389972471 13919198535.7962
834669681.462152 -103115525519771 -43357250219506.1 -153810.019552283 -64678.0356050591 13919198535.7962
835493639.686696 -103242258547082 -43410542217495.5 -153810.011504528 -64678.0322211989 13919198535.7962
836317597.911239 -103368991567769 -43463834212700.2 -153810.003476508 -64678.028845636 13919198535.7962
837141556.135782 -103495724581850 -43517126205127 -153809.995468148 -64678.0254783398 13919198535.7962
837965514.360325 -103622457589340 -43570418194782.6 -153809.987479378 -64678.02211928 13919198535.7961
838789472.584868 -103749190590256 -43623710181674 -153809.979510126 -64678.0187684264 13919198535.7961
839613430.809411 -103875923584614 -43677002165807.7 -153809.971560319 -64678.0154257491 13919198535.7961
840437389.033954 -104002656572430 -43730294147190.5 -153809.963629888 -64678.012091218 13919198535.7961
841261347.258497 -104129389553718 -43783586125829.2 -153809.95571876 -64678.0087648034 13919198535.7961
842085305.48304 -104256122528497 -43836878101730.4 -153809.947826867 -64678.0054464759 13919198535.7962
842909263.707583 -104382855496781 -43890170074900.8 -153809.939954137 -64678.0021362058 13919198535.7961
843733221.932127 -104509588458586 -43943462045346.9 -153809.932100501 -64677.9988339639 13919198535.7962
844557180.15667 -104636321413927 -43996754013075.4 -153809.924265889 -64677.995539721 13919198535.7962
845381138.381213 -104763054362821 -44050045978092.9 -153809.916450233 -64677.9922534481 13919198535.7962
846205096.605756 -104889787305283 -44103337940405.9 -153809.908653464 -64677.9889751164 13919198535.7962
847029054.830299 -105016520241329 -44156629900021 -153809.900875514 -64677.9857046969 13919198535.7962
847853013.054842 -105143253170974 -44209921856944.6 -153809.893116313 -64677.9824421612 13919198535.7962
848676971.279385 -105269986094233 -44263213811183.3 -153809.885375796 -64677.9791874808 13919198535.7962
849500929.503928 -105396719011121 -44316505762743.5 -153809.877653894 -64677.9759406273 13919198535.7962
850324887.728471 -105523451921655 -44369797711631.6 -153809.86995054 -64677.9727015725 13919198535.7962
851148845.953014 -105650184825850 -44423089657854.1 -153809.862265667 -64677.9694702884 13919198535.7962
851972804.177557 -105776917723720 -44476381601417.3 -153809.85459921 -64677.9662467471 13919198535.7962
852796762.402101 -105903650615280 -44529673542327.7 -153809.846951101 -64677.9630309206 13919198535.7962
853620720.626644 -106030383500547 -44582965480591.5 -153809.839321276 -64677.9598227815 13919198535.7962
854444678.851187 -106157116379534 -44636257416215.1 -153809.831709668 -64677.9566223021 13919198535.7962
855268637.07573 -106283849252257 -44689549349204.7 -153809.824116213 -64677.953429455 13919198535.7962
856092595.300273 -106410582118731 -44742841279566.8 -153809.816540846 -64677.950244213 13919198535.7962
856916553.524816 -106537314978971 -44796133207307.4 -153809.808983501 -64677.9470665489 13919198535.7962
857740511.749359 -106664047832991 -44849425132432.9 -153809.801444115 -64677.9438964358 13919198535.7962
858564469.973902 -106790780680806 -44902717054949.5 -153809.793922624 -64677.9407338467 13919198535.7962
859388428.198445 -106917513522432 -44956008974863.3 -153809.786418965 -64677.9375787549 13919198535.7962
860212386.422988 -107044246357881 -45009300892180.6 -153809.778933073 -64677.9344311337 13919198535.7962
861036344.647532 -107170979187171 -45062592806907.4 -153809.771464886 -64677.9312909567 13919198535.7962
861860302.872075 -107297712010314 -45115884719049.8 -153809.764014342 -64677.9281581974 13919198535.7962
862684261.096618 -107424444827325 -45169176628614.1 -153809.756581377 -64677.9250328297 13919198535.7962
863508219.321161 -107551177638219 -45222468535606.2 -153809.749165929 -64677.9219148274 13919198535.7962
864332177.545704 -107677910443010 -45275760440032.3 -153809.741767938 -64677.9188041645 13919198535.7962
865156135.770247 -107804643241713 -45329052341898.3 -153809.73438734 -64677.915700815 13919198535.7962
865980093.99479 -107931376034341 -45382344241210.3 -153809.727024075 -64677.9126047533 13919198535.7962
866804052.219333 -108058108820910 -45435636137974.2 -153809.719678083 -64677.9095159537 13919198535.7962
867628010.443876 -108184841601433 -45488928032196.1 -153809.712349301 -64677.9064343907 13919198535.7962
868451968.668419 -108311574375924 -45542219923881.9 -153809.70503767 -64677.9033600389 13919198535.7962
869275926.892962 -108438307144398 -45595511813037.5 -153809.69774313 -64677.9002928729 13919198535.7962
870099885.117506 -108565039906869 -45648803699668.8 -153809.69046562 -64677.8972328677 13919198535.7962
870923843.342049 -108691772663350 -45702095583781.8 -153809.683205082 -64677.8941799982 13919198535.7962
871747801.566592 -108818505413856 -45755387465382.3 -153809.675961456 -64677.8911342394 13919198535.7962
872571759.791135 -108945238158400 -45808679344476.1 -153809.668734682 -64677.8880955666 13919198535.7962
873395718.015678 -109071970896997 -45861971221069 -153809.661524703 -64677.8850639549 13919198535.7962
874219676.240221 -109198703629660 -45915263095167 -153809.654331459 -64677.88203938 13919198535.7962
875043634.464764 -109325436356402 -45968554966775.7 -153809.647154892 -64677.8790218172 13919198535.7962
875867592.689307 -109452169077239 -46021846835901 -153809.639994946 -64677.8760112422 13919198535.7962
876691550.91385 -109578901792183 -46075138702548.5 -153809.632851561 -64677.8730076308 13919198535.7962
877515509.138393 -109705634501247 -46128430566724.1 -153809.62572468 -64677.8700109589 13919198535.7962
878339467.362936 -109832367204447 -46181722428433.3 -153809.618614247 -64677.8670212023 13919198535.7962
879163425.58748 -109959099901794 -46235014287682 -153809.611520204 -64677.8640383373 13919198535.7962
879987383.812023 -110085832593303 -46288306144475.7 -153809.604442495 -64677.86106234 13919198535.7962
880811342.036566 -110212565278987 -46341597998820.2 -153809.597381064 -64677.8580931867 13919198535.7962
881635300.261109 -110339297958859 -46394889850721 -153809.590335854 -64677.8551308539 13919198535.7962
882459258.485652 -110466030632933 -46448181700183.8 -153809.58330681 -64677.852175318 13919198535.7962
883283216.710195 -110592763301222 -46501473547214.2 -153809.576293875 -64677.8492265557 13919198535.7962
884107174.934738 -110719495963739 -46554765391817.6 -153809.569296995 -64677.8462845437 13919198535.7962
884931133.159281 -110846228620497 -46608057233999.8 -153809.562316115 -64677.8433492589 13919198535.7962
885755091.383824 -110972961271511 -46661349073766.1 -153809.55535118 -64677.8404206783 13919198535.7962
886579049.608367 -111099693916792 -46714640911122.2 -153809.548402135 -64677.8374987788 13919198535.7962
887403007.832911 -111226426556353 -46767932746073.5 -153809.541468926 -64677.8345835378 13919198535.7962
888226966.057454 -111353159190209 -46821224578625.5 -153809.534551498 -64677.8316749323 13919198535.7962
889050924.281997 -111479891818371 -46874516408783.7 -153809.527649799 -64677.8287729398 13919198535.7962
889874882.50654 -111606624440854 -46927808236553.5 -153809.520763774 -64677.8258775378 13919198535.7962
890698840.731083 -111733357057668 -46981100061940.2 -153809.51389337 -64677.8229887038 13919198535.7962
891522798.955626 -111860089668829 -47034391884949.4 -153809.507038534 -64677.8201064156 13919198535.7962
892346757.180169 -111986822274347 -47087683705586.4 -153809.500199213 -64677.8172306508 13919198535.7962
893170715.404712 -112113554874237 -47140975523856.6 -153809.493375355 -64677.8143613874 13919198535.7962
893994673.629255 -112240287468510 -47194267339765.3 -153809.486566907 -64677.8114986033 13919198535.7962
894818631.853798 -112367020057180 -47247559153317.8 -153809.479773817 -64677.8086422767 13919198535.7962
895642590.078341 -112493752640259 -47300850964519.5 -153809.472996033 -64677.8057923857 13919198535.7962
896466548.302885 -112620485217760 -47354142773375.6 -153809.466233504 -64677.8029489085 13919198535.7962
897290506.527428 -112747217789695 -47407434579891.5 -153809.459486177 -64677.8001118236 13919198535.7962
898114464.751971 -112873950356076 -47460726384072.4 -153809.452754002 -64677.7972811094 13919198535.7962
898938422.976514 -113000682916917 -47514018185923.5 -153809.446036928 -64677.7944567445 13919198535.7962
899762381.201057 -113127415472230 -47567309985450 -153809.439334904 -64677.7916387075 13919198535.7962
900586339.4256 -113254148022026 -47620601782657.2 -153809.43264788 -64677.7888269773 13919198535.7962
901410297.650143 -113380880566319 -47673893577550.2 -153809.425975805 -64677.7860215326 13919198535.7962
902234255.874686 -113507613105120 -47727185370134.3 -153809.419318628 -64677.7832223523 13919198535.7962
903058214.099229 -113634345638442 -47780477160414.5 -153809.412676302 -64677.7804294157 13919198535.7962
903882172.323772 -113761078166298 -47833768948396 -153809.406048774 -64677.7776427016 13919198535.7962
904706130.548316 -113887810688698 -47887060734083.9 -153809.399435997 -64677.7748621895 13919198535.7962
905530088.772859 -114014543205656 -47940352517483.4 -153809.392837922 -64677.7720878586 13919198535.7962
906354046.997402 -114141275717184 -47993644298599.4 -153809.386254498 -64677.7693196884 13919198535.7962
907178005.221945 -114268008223293 -48046936077437.2 -153809.379685677 -64677.7665576582 13919198535.7962
908001963.446488 -114394740723996 -48100227854001.6 -153809.373131412 -64677.7638017478 13919198535.7962
908825921.671031 -114521473219304 -48153519628297.9 -153809.366591653 -64677.7610519368 13919198535.7962
909649879.895574 -114648205709230 -48206811400330.9 -153809.360066352 -64677.758308205 13919198535.7962
910473838.120117 -114774938193785 -48260103170105.6 -153809.353555462 -64677.7555705322 13919198535.7962
911297796.34466 -114901670672981 -48313394937627.2 -153809.347058934 -64677.7528388984 13919198535.7962
912121754.569203 -115028403146830 -48366686702900.4 -153809.340576722 -64677.7501132837 13919198535.7962
912945712.793746 -115155135615344 -48419978465930.4 -153809.334108778 -64677.7473936681 13919198535.7962
913769671.01829 -115281868078535 -48473270226721.9 -153809.327655055 -64677.7446800319 13919198535.7962
914593629.242833 -115408600536414 -48526561985280 -153809.321215506 -64677.7419723553 13919198535.7962
915417587.467376 -115535332988993 -48579853741609.6 -153809.314790084 -64677.7392706188 13919198535.7962
916241545.691919 -115662065436283 -48633145495715.4 -153809.308378744 -64677.7365748029 13919198535.7962
917065503.916462 -115788797878296 -48686437247602.5 -153809.301981438 -64677.7338848881 13919198535.7962
917889462.141005 -115915530315044 -48739728997275.6 -153809.295598122 -64677.731200855 13919198535.7962
918713420.365548 -116042262746539 -48793020744739.5 -153809.289228748 -64677.7285226844 13919198535.7962
919537378.590091 -116168995172791 -48846312489999.2 -153809.282873271 -64677.7258503571 13919198535.7962
920361336.814634 -116295727593812 -48899604233059.4 -153809.276531647 -64677.7231838539 13919198535.7962
921185295.039177 -116422460009613 -48952895973924.9 -153809.270203829 -64677.720523156 13919198535.7962
922009253.263721 -116549192420206 -49006187712600.5 -153809.263889772 -64677.7178682442 13919198535.7962
922833211.488264 -116675924825602 -49059479449090.9 -153809.257589433 -64677.7152190999 13919198535.7962
923657169.712807 -116802657225813 -49112771183401 -153809.251302765 -64677.7125757041 13919198535.7962
924481127.93735 -116929389620850 -49166062915535.3 -153809.245029725 -64677.7099380383 13919198535.7962
925305086.161893 -117056122010723 -49219354645498.6 -153809.238770269 -64677.7073060837 13919198535.7962
926129044.386436 -117182854395444 -49272646373295.7 -153809.232524352 -64677.7046798219 13919198535.7962
926953002.610979 -117309586775025 -49325938098931.2 -153809.22629193 -64677.7020592345 13919198535.7962
927776960.835522 -117436319149476 -49379229822409.8 -153809.22007296 -64677.699444303 13919198535.7962
928600919.060065 -117563051518808 -49432521543736.1 -153809.213867399 -64677.6968350091 13919198535.7962
929424877.284608 -117689783883032 -49485813262914.8 -153809.207675202 -64677.6942313347 13919198535.7962
930248835.509151 -117816516242160 -49539104979950.4 -153809.201496327 -64677.6916332616 13919198535.7962
931072793.733695 -117943248596203 -49592396694847.7 -153809.195330731 -64677.6890407717 13919198535.7962
931896751.958238 -118069980945170 -49645688407611.1 -153809.189178371 -64677.6864538472 13919198535.7962
932720710.182781 -118196713289074 -49698980118245.3 -153809.183039205 -64677.68387247 13919198535.7962
933544668.407324 -118323445627925 -49752271826754.9 -153809.176913189 -64677.6812966223 13919198535.7962
934368626.631867 -118450177961733 -49805563533144.3 -153809.170800283 -64677.6787262865 13919198535.7962
935192584.85641 -118576910290510 -49858855237418.1 -153809.164700443 -64677.6761614448 13919198535.7962
936016543.080953 -118703642614267 -49912146939580.9 -153809.158613629 -64677.6736020796 13919198535.7962
936840501.305496 -118830374933013 -49965438639637.1 -153809.152539798 -64677.6710481735 13919198535.7962
937664459.530039 -118957107246761 -50018730337591.3 -153809.146478908 -64677.6684997089 13919198535.7962
938488417.754582 -119083839555519 -50072022033447.8 -153809.14043092 -64677.6659566684 13919198535.7962
939312375.979125 -119210571859300 -50125313727211.2 -153809.13439579 -64677.6634190349 13919198535.7962
940136334.203669 -119337304158114 -50178605418886 -153809.128373479 -64677.6608867911 13919198535.7962
940960292.428212 -119464036451970 -50231897108476.5 -153809.122363946 -64677.6583599197 13919198535.7962
941784250.652755 -119590768740880 -50285188795987.1 -153809.116367149 -64677.6558384038 13919198535.7962
942608208.877298 -119717501024854 -50338480481422.4 -153809.11038305 -64677.6533222263 13919198535.7962
943432167.101841 -119844233303903 -50391772164786.6 -153809.104411606 -64677.6508113703 13919198535.7962
944256125.326384 -119970965578037 -50445063846084.2 -153809.098452779 -64677.648305819 13919198535.7962
945080083.550927 -120097697847266 -50498355525319.4 -153809.092506528 -64677.6458055554 13919198535.7962
945904041.77547 -120224430111601 -50551647202496.8 -153809.086572813 -64677.643310563 13919198535.7962
946728000.000013 -120351162371052 -50604938877620.5 -153809.080651595 -64677.640820825 13919198535.7962
947551958.224556 -120477894625629 -50658230550694.9 -153809.074742835 -64677.6383363249 13919198535.7962
948375916.4491 -120604626875343 -50711522221724.4 -153809.068846492 -64677.6358570462 13919198535.7962
949199874.673643 -120731359120203 -50764813890713.2 -153809.062962529 -64677.6333829724 13919198535.7962
950023832.898186 -120858091360220 -50818105557665.6 -153809.057090906 -64677.6309140872 13919198535.7962
950847791.122729 -120984823595405 -50871397222585.8 -153809.051231584 -64677.6284503742 13919198535.7962
951671749.347272 -121111555825767 -50924688885478.2 -153809.045384524 -64677.6259918172 13919198535.7962
952495707.571815 -121238288051316 -50977980546347 -153809.039549689 -64677.6235384 13919198535.7962
953319665.796358 -121365020272062 -51031272205196.4 -153809.03372704 -64677.6210901066 13919198535.7962
954143624.020901 -121491752488016 -51084563862030.6 -153809.027916539 -64677.6186469209 13919198535.7962
954967582.245444 -121618484699187 -51137855516853.8 -153809.022118147 -64677.6162088269 13919198535.7962
955791540.469987 -121745216905585 -51191147169670.2 -153809.016331828 -64677.6137758087 13919198535.7962
956615498.69453 -121871949107221 -51244438820483.9 -153809.010557543 -64677.6113478506 13919198535.7962
957439456.919074 -121998681304104 -51297730469299.3 -153809.004795254 -64677.6089249367 13919198535.7962
958263415.143617 -122125413496244 -51351022116120.3 -153808.999044926 -64677.6065070513 13919198535.7962
959087373.36816 -122252145683651 -51404313760951.1 -153808.993306519 -64677.6040941788 13919198535.7962
959911331.592703 -122378877866335 -51457605403795.9 -153808.987579998 -64677.6016863036 13919198535.7962
960735289.817246 -122505610044305 -51510897044658.8 -153808.981865325 -64677.5992834102 13919198535.7962
961559248.041789 -122632342217571 -51564188683543.8 -153808.976162463 -64677.5968854832 13919198535.7962
962383206.266332 -122759074386143 -51617480320455.1 -153808.970471377 -64677.5944925072 13919198535.7962
963207164.490875 -122885806550031 -51670771955396.7 -153808.96479203 -64677.5921044668 13919198535.7962
964031122.715418 -123012538709244 -51724063588372.7 -153808.959124384 -64677.5897213468 13919198535.7962
964855080.939961 -123139270863792 -51777355219387.1 -153808.953468405 -64677.5873431321 13919198535.7962
965679039.164505 -123266003013685 -51830646848444 -153808.947824056 -64677.5849698074 13919198535.7962
966502997.389048 -123392735158931 -51883938475547.4 -153808.942191302 -64677.5826013578 13919198535.7962
967326955.613591 -123519467299541 -51937230100701.2 -153808.936570106 -64677.5802377682 13919198535.7962
968150913.838134 -123646199435525 -51990521723909.6 -153808.930960433 -64677.5778790236 13919198535.7962
968974872.062677 -123772931566891 -52043813345176.5 -153808.925362248 -64677.5755251093 13919198535.7962
969798830.28722 -123899663693649 -52097104964505.8 -153808.919775516 -64677.5731760103 13919198535.7962
970622788.511763 -124026395815808 -52150396581901.5 -153808.914200201 -64677.5708317119 13919198535.7962
971446746.736306 -124153127933378 -52203688197367.6 -153808.908636268 -64677.5684921994 13919198535.7962
972270704.960849 -124279860046369 -52256979810908 -153808.903083683 -64677.5661574582 13919198535.7962
973094663.185392 -124406592154789 -52310271422526.6 -153808.897542411 -64677.5638274736 13919198535.7962
973918621.409935 -124533324258648 -52363563032227.4 -153808.892012418 -64677.5615022312 13919198535.7962
974742579.634479 -124660056357955 -52416854640014.2 -153808.886493668 -64677.5591817166 13919198535.7962
975566537.859022 -124786788452719 -52470146245891 -153808.880986128 -64677.5568659152 13919198535.7962
976390496.083565 -124913520542951 -52523437849861.6 -153808.875489764 -64677.5545548127 13919198535.7962
977214454.308108 -125040252628658 -52576729451929.8 -153808.870004541 -64677.552248395 13919198535.7962
978038412.532651 -125166984709849 -52630021052099.6 -153808.864530426 -64677.5499466476 13919198535.7962
978862370.757194 -125293716786536 -52683312650374.8 -153808.859067385 -64677.5476495565 13919198535.7962
979686328.981737 -125420448858725 -52736604246759.2 -153808.853615385 -64677.5453571076 13919198535.7962
980510287.20628 -125547180926426 -52789895841256.6 -153808.848174391 -64677.5430692867 13919198535.7962
981334245.430823 -125673912989649 -52843187433870.8 -153808.842744372 -64677.5407860799 13919198535.7962
982158203.655366 -125800645048403 -52896479024605.6 -153808.837325293 -64677.5385074733 13919198535.7962
982982161.87991 -125927377102696 -52949770613464.9 -153808.831917122 -64677.5362334529 13919198535.7962
983806120.104453 -126054109152537 -53003062200452.4 -153808.826519825 -64677.533964005 13919198535.7962
984630078.328996 -126180841197935 -53056353785571.8 -153808.82113337 -64677.5316991156 13919198535.7962
985454036.553539 -126307573238900 -53109645368826.9 -153808.815757725 -64677.5294387712 13919198535.7962
986277994.778082 -126434305275440 -53162936950221.4 -153808.810392856 -64677.5271829581 13919198535.7962
987101953.002625 -126561037307564 -53216228529759.2 -153808.805038732 -64677.5249316626 13919198535.7962
987925911.227168 -126687769335280 -53269520107443.8 -153808.799695319 -64677.5226848712 13919198535.7962
988749869.451711 -126814501358599 -53322811683278.9 -153808.794362587 -64677.5204425703 13919198535.7962
989573827.676254 -126941233377528 -53376103257268.4 -153808.789040503 -64677.5182047466 13919198535.7962
990397785.900797 -127067965392076 -53429394829415.8 -153808.783729035 -64677.5159713866 13919198535.7962
991221744.12534 -127194697402251 -53482686399724.9 -153808.778428152 -64677.5137424771 13919198535.7962
992045702.349884 -127321429408064 -53535977968199.3 -153808.773137821 -64677.5115180046 13919198535.7962
992869660.574427 -127448161409522 -53589269534842.6 -153808.767858012 -64677.509297956 13919198535.7962
993693618.79897 -127574893406634 -53642561099658.5 -153808.762588693 -64677.5070823181 13919198535.7962
994517577.023513 -127701625399408 -53695852662650.6 -153808.757329832 -64677.5048710777 13919198535.7962
995341535.248056 -127828357387854 -53749144223822.6 -153808.752081399 -64677.5026642218 13919198535.7962
996165493.472599 -127955089371979 -53802435783178 -153808.746843363 -64677.5004617373 13919198535.7962
996989451.697142 -128081821351793 -53855727340720.5 -153808.741615693 -64677.4982636113 13919198535.7962
997813409.921685 -128208553327304 -53909018896453.6 -153808.736398358 -64677.4960698309 13919198535.7962
998637368.146228 -128335285298520 -53962310450380.9 -153808.731191327 -64677.4938803831 13919198535.7962
999461326.370771 -128462017265450 -54015602002505.9 -153808.72599457 -64677.4916952552 13919198535.7962
1000285284.59531 -128588749228102 -54068893552832.3 -153808.720808057 -64677.4895144343 13919198535.7962
1001109242.81986 -128715481186485 -54122185101363.5 -153808.715631757 -64677.4873379078 13919198535.7962
1001933201.0444 -128842213140608 -54175476648103.2 -153808.71046564 -64677.485165663 13919198535.7962
1002757159.26894 -128968945090477 -54228768193054.7 -153808.705309676 -64677.4829976873 13919198535.7962
1003581117.49349 -129095677036103 -54282059736221.7 -153808.700163836 -64677.480833968 13919198535.7962
1004405075.71803 -129222408977493 -54335351277607.6 -153808.695028089 -64677.4786744927 13919198535.7962
1005229033.94257 -129349140914655 -54388642817216 -153808.689902406 -64677.4765192489 13919198535.7962
1006052992.16712 -129475872847598 -54441934355050.2 -153808.684786757 -64677.4743682241 13919198535.7962
1006876950.39166 -129602604776330 -54495225891113.9 -153808.679681113 -64677.4722214061 13919198535.7962
1007700908.6162 -129729336700859 -54548517425410.4 -153808.674585445 -64677.4700787823 13919198535.7962
1008524866.84075 -129856068621194 -54601808957943.1 -153808.669499723 -64677.4679403407 13919198535.7962
1009348825.06529 -129982800537343 -54655100488715.6 -153808.664423918 -64677.4658060689 13919198535.7962
1010172783.28983 -130109532449313 -54708392017731.3 -153808.659358001 -64677.4636759548 13919198535.7962
1010996741.51437 -130236264357113 -54761683544993.5 -153808.654301943 -64677.4615499862 13919198535.7962
1011820699.73892 -130362996260752 -54814975070505.8 -153808.649255717 -64677.459428151 13919198535.7962
1012644657.96346 -130489728160236 -54868266594271.4 -153808.644219292 -64677.4573104373 13919198535.7962
1013468616.188 -130616460055575 -54921558116293.9 -153808.63919264 -64677.4551968329 13919198535.7962
1014292574.41255 -130743191946776 -54974849636576.5 -153808.634175734 -64677.4530873259 13919198535.7962
1015116532.63709 -130869923833847 -55028141155122.6 -153808.629168544 -64677.4509819045 13919198535.7962
1015940490.86163 -130996655716797 -55081432671935.6 -153808.624171043 -64677.4488805568 13919198535.7962
1016764449.08618 -131123387595633 -55134724187018.9 -153808.619183202 -64677.446783271 13919198535.7962
1017588407.31072 -131250119470363 -55188015700375.8 -153808.614204993 -64677.4446900352 13919198535.7962
1018412365.53526 -131376851340995 -55241307212009.6 -153808.609236389 -64677.4426008379 13919198535.7962
1019236323.75981 -131503583207537 -55294598721923.6 -153808.604277362 -64677.4405156673 13919198535.7962
1020060281.98435 -131630315069997 -55347890230121.2 -153808.599327884 -64677.4384345117 13919198535.7962
1020884240.20889 -131757046928383 -55401181736605.7 -153808.594387927 -64677.4363573596 13919198535.7962
1021708198.43343 -131883778782703 -55454473241380.3 -153808.589457465 -64677.4342841995 13919198535.7962
1022532156.65798 -132010510632963 -55507764744448.4 -153808.584536469 -64677.4322150198 13919198535.7962
1023356114.88252 -132137242479174 -55561056245813.2 -153808.579624913 -64677.4301498092 13919198535.7962
1024180073.10706 -132263974321341 -55614347745478 -153808.574722769 -64677.4280885561 13919198535.7962
1025004031.33161 -132390706159472 -55667639243446 -153808.569830011 -64677.4260312493 13919198535.7962
1025827989.55615 -132517437993576 -55720930739720.5 -153808.564946611 -64677.4239778773 13919198535.7962
1026651947.78069 -132644169823661 -55774222234304.8 -153808.560072542 -64677.421928429 13919198535.7962
1027475906.00524 -132770901649733 -55827513727202 -153808.555207779 -64677.4198828931 13919198535.7962
1028299864.22978 -132897633471800 -55880805218415.3 -153808.550352293 -64677.4178412584 13919198535.7962
1029123822.45432 -133024365289871 -55934096707948.1 -153808.54550606 -64677.4158035137 13919198535.7962
1029947780.67887 -133151097103952 -55987388195803.4 -153808.540669051 -64677.413769648 13919198535.7962
1030771738.90341 -133277828914052 -56040679681984.5 -153808.535841242 -64677.4117396501 13919198535.7962
1031595697.12795 -133404560720177 -56093971166494.5 -153808.531022606 -64677.4097135092 13919198535.7962
1032419655.3525 -133531292522336 -56147262649336.7 -153808.526213116 -64677.407691214 13919198535.7962
1033243613.57704 -133658024320536 -56200554130514.2 -153808.521412747 -64677.4056727538 13919198535.7962
1034067571.80158 -133784756114785 -56253845610030.1 -153808.516621472 -64677.4036581177 13919198535.7962
1034891530.02612 -133911487905089 -56307137087887.6 -153808.511839267 -64677.4016472947 13919198535.7962
1035715488.25067 -134038219691456 -56360428564089.9 -153808.507066104 -64677.3996402741 13919198535.7962
1036539446.47521 -134164951473895 -56413720038640 -153808.502301959 -64677.3976370451 13919198535.7962
1037363404.69975 -134291683252412 -56467011511541.1 -153808.497546807 -64677.3956375969 13919198535.7962
1038187362.9243 -134418415027014 -56520302982796.3 -153808.49280062 -64677.3936419189 13919198535.7962
1039011321.14884 -134545146797709 -56573594452408.7 -153808.488063375 -64677.3916500004 13919198535.7962
1039835279.37338 -134671878564505 -56626885920381.3 -153808.483335046 -64677.3896618308 13919198535.7962
1040659237.59793 -134798610327409 -56680177386717.4 -153808.478615608 -64677.3876773995 13919198535.7962
1041483195.82247 -134925342086427 -56733468851419.9 -153808.473905036 -64677.385696696 13919198535.7962
1042307154.04701 -135052073841568 -56786760314491.9 -153808.469203305 -64677.3837197097 13919198535.7962
1043131112.27156 -135178805592838 -56840051775936.4 -153808.464510389 -64677.3817464304 13919198535.7962
1043955070.4961 -135305537340246 -56893343235756.6 -153808.459826265 -64677.3797768474 13919198535.7962
1044779028.72064 -135432269083797 -56946634693955.5 -153808.455150907 -64677.3778109504 13919198535.7962
1045602986.94518 -135559000823500 -56999926150536.1 -153808.450484291 -64677.3758487292 13919198535.7962
1046426945.16973 -135685732559361 -57053217605501.4 -153808.445826393 -64677.3738901734 13919198535.7962
1047250903.39427 -135812464291388 -57106509058854.4 -153808.441177188 -64677.3719352727 13919198535.7962
1048074861.61881 -135939196019588 -57159800510598.2 -153808.436536651 -64677.369984017 13919198535.7962
1048898819.84336 -136065927743967 -57213091960735.7 -153808.431904759 -64677.368036396 13919198535.7962
1049722778.0679 -136192659464534 -57266383409269.9 -153808.427281487 -64677.3660923995 13919198535.7962
1050546736.29244 -136319391181295 -57319674856203.9 -153808.422666812 -64677.3641520176 13919198535.7962
1051370694.51699 -136446122894257 -57372966301540.6 -153808.418060709 -64677.36221524 13919198535.7962
1052194652.74153 -136572854603427 -57426257745282.9 -153808.413463154 -64677.3602820569 13919198535.7962
1053018610.96607 -136699586308813 -57479549187433.8 -153808.408874125 -64677.3583524581 13919198535.7962
1053842569.19062 -136826318010421 -57532840627996.3 -153808.404293596 -64677.3564264337 13919198535.7962
1054666527.41516 -136953049708259 -57586132066973.3 -153808.399721544 -64677.3545039739 13919198535.7962
1055490485.6397 -137079781402332 -57639423504367.8 -153808.395157947 -64677.3525850686 13919198535.7962
1056314443.86424 -137206513092649 -57692714940182.6 -153808.39060278 -64677.3506697081 13919198535.7962
1057138402.08879 -137333244779216 -57746006374420.7 -153808.386056021 -64677.3487578826 13919198535.7962
1057962360.31333 -137459976462041 -57799297807085 -153808.381517645 -64677.3468495822 13919198535.7962
1058786318.53787 -137586708141129 -57852589238178.3 -153808.37698763 -64677.3449447973 13919198535.7962
1059610276.76242 -137713439816488 -57905880667703.7 -153808.372465952 -64677.343043518 13919198535.7962
1060434234.98696 -137840171488125 -57959172095663.9 -153808.36795259 -64677.3411457349 13919198535.7962
1061258193.2115 -137966903156047 -58012463522061.8 -153808.363447519 -64677.3392514381 13919198535.7962
1062082151.43605 -138093634820260 -58065754946900.4 -153808.358950717 -64677.3373606182 13919198535.7962
1062906109.66059 -138220366480771 -58119046370182.5 -153808.354462161 -64677.3354732655 13919198535.7962
1063730067.88513 -138347098137587 -58172337791910.8 -153808.349981829 -64677.3335893706 13919198535.7962
1064554026.10968 -138473829790715 -58225629212088.4 -153808.345509697 -64677.3317089239 13919198535.7962
1065377984.33422 -138600561440161 -58278920630717.9 -153808.341045744 -64677.3298319159 13919198535.7962
1066201942.55876 -138727293085933 -58332212047802.3 -153808.336589947 -64677.3279583374 13919198535.7962
1067025900.78331 -138854024728037 -58385503463344.3 -153808.332142284 -64677.3260881788 13919198535.7962
1067849859.00785 -138980756366479 -58438794877346.8 -153808.327702732 -64677.3242214308 13919198535.7962
1068673817.23239 -139107488001267 -58492086289812.6 -153808.32327127 -64677.322358084 13919198535.7962
1069497775.45693 -139234219632406 -58545377700744.5 -153808.318847875 -64677.3204981293 13919198535.7962
1070321733.68148 -139360951259905 -58598669110145.3 -153808.314432524 -64677.3186415574 13919198535.7962
1071145691.90602 -139487682883768 -58651960518017.6 -153808.310025198 -64677.3167883589 13919198535.7962
1071969650.13056 -139614414504003 -58705251924364.5 -153808.305625872 -64677.3149385248 13919198535.7962
1072793608.35511 -139741146120617 -58758543329188.5 -153808.301234526 -64677.3130920459 13919198535.7962
1073617566.57965 -139867877733616 -58811834732492.5 -153808.296851138 -64677.311248913 13919198535.7962
1074441524.80419 -139994609343006 -58865126134279.2 -153808.292475687 -64677.3094091171 13919198535.7962
1075265483.02874 -140121340948795 -58918417534551.3 -153808.28810815 -64677.3075726492 13919198535.7962
1076089441.25328 -140248072550988 -58971708933311.6 -153808.283748506 -64677.3057395001 13919198535.7962
1076913399.47782 -140374804149592 -59025000330562.9 -153808.279396735 -64677.303909661 13919198535.7962
1077737357.70237 -140501535744613 -59078291726307.8 -153808.275052814 -64677.3020831228 13919198535.7962
1078561315.92691 -140628267336059 -59131583120549.1 -153808.270716722 -64677.3002598766 13919198535.7962
1079385274.15145 -140754998923935 -59184874513289.5 -153808.266388439 -64677.2984399136 13919198535.7962
1080209232.37599 -140881730508248 -59238165904531.6 -153808.262067943 -64677.2966232249 13919198535.7962
1081033190.60054 -141008462089004 -59291457294278.2 -153808.257755213 -64677.2948098016 13919198535.7962
1081857148.82508 -141135193666210 -59344748682532 -153808.253450229 -64677.292999635 13919198535.7962
1082681107.04962 -141261925239872 -59398040069295.6 -153808.249152969 -64677.2911927163 13919198535.7962
1083505065.27417 -141388656809997 -59451331454571.7 -153808.244863412 -64677.2893890367 13919198535.7962
1084329023.49871 -141515388376590 -59504622838362.9 -153808.240581539 -64677.2875885875 13919198535.7962
1085152981.72325 -141642119939658 -59557914220672.1 -153808.236307328 -64677.2857913602 13919198535.7962
1085976939.9478 -141768851499208 -59611205601501.7 -153808.232040758 -64677.283997346 13919198535.7962
1086800898.17234 -141895583055245 -59664496980854.4 -153808.22778181 -64677.2822065363 13919198535.7962
1087624856.39688 -142022314607776 -59717788358732.9 -153808.223530463 -64677.2804189226 13919198535.7962
1088448814.62143 -142149046156808 -59771079735139.8 -153808.219286697 -64677.2786344963 13919198535.7962
1089272772.84597 -142275777702346 -59824371110077.7 -153808.215050491 -64677.2768532489 13919198535.7962
1090096731.07051 -142402509244396 -59877662483549.2 -153808.210821825 -64677.2750751719 13919198535.7962
1090920689.29505 -142529240782965 -59930953855557 -153808.206600679 -64677.2733002568 13919198535.7962
1091744647.5196 -142655972318060 -59984245226103.6 -153808.202387033 -64677.2715284953 13919198535.7962
1092568605.74414 -142782703849685 -60037536595191.7 -153808.198180867 -64677.2697598789 13919198535.7962
1093392563.96868 -142909435377848 -60090827962823.8 -153808.193982161 -64677.2679943992 13919198535.7962
1094216522.19323 -143036166902555 -60144119329002.5 -153808.189790896 -64677.266232048 13919198535.7962
1095040480.41777 -143162898423811 -60197410693730.3 -153808.185607051 -64677.2644728168 13919198535.7962
1095864438.64231 -143289629941623 -60250702057010 -153808.181430606 -64677.2627166975 13919198535.7962
1096688396.86686 -143416361455997 -60303993418843.9 -153808.177261544 -64677.2609636818 13919198535.7962
1097512355.0914 -143543092966938 -60357284779234.7 -153808.173099842 -64677.2592137614 13919198535.7962
1098336313.31594 -143669824474454 -60410576138184.9 -153808.168945483 -64677.2574669282 13919198535.7962
1099160271.54049 -143796555978549 -60463867495697.1 -153808.164798447 -64677.255723174 13919198535.7962
1099984229.76503 -143923287479231 -60517158851773.7 -153808.160658714 -64677.2539824907 13919198535.7962
1100808187.98957 -144050018976504 -60570450206417.4 -153808.156526265 -64677.2522448702 13919198535.7962
1101632146.21412 -144176750470376 -60623741559630.6 -153808.152401082 -64677.2505103043 13919198535.7962
1102456104.43866 -144303481960852 -60677032911415.8 -153808.148283144 -64677.2487787851 13919198535.7962
1103280062.6632 -144430213447937 -60730324261775.6 -153808.144172432 -64677.2470503045 13919198535.7962
1104104020.88774 -144556944931639 -60783615610712.5 -153808.140068929 -64677.2453248546 13919198535.7962
1104927979.11229 -144683676411962 -60836906958228.9 -153808.135972614 -64677.2436024273 13919198535.7962
1105751937.33683 -144810407888913 -60890198304327.3 -153808.131883469 -64677.2418830147 13919198535.7962
1106575895.56137 -144937139362498 -60943489649010.2 -153808.127801476 -64677.240166609 13919198535.7962
1107399853.78592 -145063870832723 -60996780992280.2 -153808.123726614 -64677.2384532022 13919198535.7962
1108223812.01046 -145190602299592 -61050072334139.5 -153808.119658867 -64677.2367427865 13919198535.7962
1109047770.235 -145317333763113 -61103363674590.9 -153808.115598214 -64677.2350353541 13919198535.7962
1109871728.45955 -145444065223292 -61156655013636.5 -153808.111544638 -64677.2333308971 13919198535.7962
1110695686.68409 -145570796680133 -61209946351279 -153808.10749812 -64677.2316294079 13919198535.7962
1111519644.90863 -145697528133642 -61263237687520.8 -153808.103458641 -64677.2299308786 13919198535.7962
1112343603.13318 -145824259583827 -61316529022364.3 -153808.099426184 -64677.2282353015 13919198535.7962
1113167561.35772 -145950991030692 -61369820355811.9 -153808.09540073 -64677.226542669 13919198535.7962
1113991519.58226 -146077722474242 -61423111687866 -153808.09138226 -64677.2248529733 13919198535.7962
1114815477.8068 -146204453914485 -61476403018529.1 -153808.087370758 -64677.2231662069 13919198535.7962
1115639436.03135 -146331185351425 -61529694347803.6 -153808.083366203 -64677.2214823622 13919198535.7962
1116463394.25589 -146457916785068 -61582985675691.9 -153808.079368579 -64677.2198014314 13919198535.7962
1117287352.48043 -146584648215421 -61636277002196.4 -153808.075377868 -64677.2181234072 13919198535.7962
1118111310.70498 -146711379642488 -61689568327319.4 -153808.071394051 -64677.2164482819 13919198535.7962
1118935268.92952 -146838111066275 -61742859651063.4 -153808.067417111 -64677.2147760481 13919198535.7962
1119759227.15406 -146964842486788 -61796150973430.7 -153808.063447029 -64677.2131066983 13919198535.7962
1120583185.37861 -147091573904033 -61849442294423.8 -153808.059483789 -64677.211440225 13919198535.7962
1121407143.60315 -147218305318016 -61902733614044.9 -153808.055527373 -64677.2097766207 13919198535.7962
1122231101.82769 -147345036728741 -61956024932296.4 -153808.051577762 -64677.2081158782 13919198535.7962
1123055060.05224 -147471768136214 -62009316249180.8 -153808.04763494 -64677.2064579899 13919198535.7962
1123879018.27678 -147598499540442 -62062607564700.3 -153808.043698888 -64677.2048029487 13919198535.7962
1124702976.50132 -147725230941429 -62115898878857.2 -153808.03976959 -64677.203150747 13919198535.7962
1125526934.72586 -147851962339182 -62169190191654 -153808.035847028 -64677.2015013777 13919198535.7962
1126350892.95041 -147978693733705 -62222481503093 -153808.031931185 -64677.1998548334 13919198535.7962
1127174851.17495 -148105425125005 -62275772813176.4 -153808.028022044 -64677.1982111069 13919198535.7962
1127998809.39949 -148232156513086 -62329064121906.7 -153808.024119586 -64677.196570191 13919198535.7962
1128822767.62404 -148358887897955 -62382355429286 -153808.020223796 -64677.1949320785 13919198535.7962
1129646725.84858 -148485619279616 -62435646735316.8 -153808.016334657 -64677.1932967622 13919198535.7962
1130470684.07312 -148612350658076 -62488938040001.2 -153808.01245215 -64677.1916642349 13919198535.7962
1131294642.29767 -148739082033339 -62542229343341.7 -153808.008576259 -64677.1900344895 13919198535.7962
1132118600.52221 -148865813405411 -62595520645340.5 -153808.004706968 -64677.1884075189 13919198535.7962
1132942558.74675 -148992544774298 -62648811945999.9 -153808.000844259 -64677.186783316 13919198535.7962
1133766516.9713 -149119276140006 -62702103245322.1 -153807.996988116 -64677.1851618738 13919198535.7962
1134590475.19584 -149246007502538 -62755394543309.5 -153807.993138521 -64677.1835431853 13919198535.7962
1135414433.42038 -149372738861901 -62808685839964.2 -153807.989295459 -64677.1819272433 13919198535.7962
1136238391.64493 -149499470218101 -62861977135288.7 -153807.985458913 -64677.180314041 13919198535.7962
1137062349.86947 -149626201571142 -62915268429285 -153807.981628865 -64677.1787035714 13919198535.7962
1137886308.09401 -149752932921029 -62968559721955.5 -153807.977805301 -64677.1770958275 13919198535.7962
1138710266.31855 -149879664267769 -63021851013302.4 -153807.973988202 -64677.1754908025 13919198535.7962
1139534224.5431 -150006395611367 -63075142303328 -153807.970177553 -64677.1738884894 13919198535.7962
1140358182.76764 -150133126951827 -63128433592034.4 -153807.966373338 -64677.1722888813 13919198535.7962
1141182140.99218 -150259858289156 -63181724879423.9 -153807.962575539 -64677.1706919715 13919198535.7962
1142006099.21673 -150386589623358 -63235016165498.8 -153807.958784142 -64677.1690977531 13919198535.7962
1142830057.44127 -150513320954438 -63288307450261.2 -153807.954999129 -64677.1675062193 13919198535.7962
1143654015.66581 -150640052282403 -63341598733713.3 -153807.951220485 -64677.1659173633 13919198535.7962
1144477973.89036 -150766783607256 -63394890015857.4 -153807.947448194 -64677.1643311784 13919198535.7962
1145301932.1149 -150893514929005 -63448181296695.7 -153807.943682239 -64677.1627476579 13919198535.7962
1146125890.33944 -151020246247652 -63501472576230.2 -153807.939922605 -64677.1611667949 13919198535.7962
1146949848.56399 -151146977563205 -63554763854463.4 -153807.936169275 -64677.159588583 13919198535.7962
1147773806.78853 -151273708875667 -63608055131397.2 -153807.932422235 -64677.1580130153 13919198535.7962
1148597765.01307 -151400440185045 -63661346407033.9 -153807.928681467 -64677.1564400853 13919198535.7962
1149421723.23761 -151527171491343 -63714637681375.6 -153807.924946957 -64677.1548697863 13919198535.7962
1150245681.46216 -151653902794567 -63767928954424.6 -153807.921218688 -64677.1533021118 13919198535.7962
1151069639.6867 -151780634094721 -63821220226183 -153807.917496645 -64677.1517370551 13919198535.7962
1151893597.91124 -151907365391811 -63874511496652.9 -153807.913780813 -64677.1501746097 13919198535.7962
1152717556.13579 -152034096685842 -63927802765836.4 -153807.910071176 -64677.1486147691 13919198535.7962
1153541514.36033 -152160827976818 -63981094033735.8 -153807.906367718 -64677.1470575268 13919198535.7962
1154365472.58487 -152287559264746 -64034385300353.2 -153807.902670424 -64677.1455028763 13919198535.7962
1155189430.80942 -152414290549630 -64087676565690.7 -153807.898979279 -64677.143950811 13919198535.7962
1156013389.03396 -152541021831475 -64140967829750.4 -153807.895294267 -64677.1424013247 13919198535.7962
1156837347.2585 -152667753110286 -64194259092534.4 -153807.891615373 -64677.1408544108 13919198535.7962
1157661305.48305 -152794484386069 -64247550354044.9 -153807.887942582 -64677.139310063 13919198535.7962
1158485263.70759 -152921215658828 -64300841614284 -153807.884275878 -64677.1377682749 13919198535.7962
1159309221.93213 -153047946928568 -64354132873253.8 -153807.880615247 -64677.13622904 13919198535.7962
1160133180.15667 -153174678195295 -64407424130956.3 -153807.876960674 -64677.1346923522 13919198535.7962
1160957138.38122 -153301409459012 -64460715387393.8 -153807.873312143 -64677.133158205 13919198535.7962
1161781096.60576 -153428140719726 -64514006642568.2 -153807.869669639 -64677.1316265922 13919198535.7962
1162605054.8303 -153554871977441 -64567297896481.6 -153807.866033147 -64677.1300975074 13919198535.7962
1163429013.05485 -153681603232163 -64620589149136.2 -153807.862402654 -64677.1285709445 13919198535.7962
1164252971.27939 -153808334483895 -64673880400534 -153807.858778143 -64677.1270468972 13919198535.7962
1165076929.50393 -153935065732644 -64727171650677.1 -153807.8551596 -64677.1255253593 13919198535.7962
1165900887.72848 -154061796978413 -64780462899567.6 -153807.851547011 -64677.1240063246 13919198535.7962
1166724845.95302 -154188528221208 -64833754147207.4 -153807.84794036 -64677.122489787 13919198535.7962
1167548804.17756 -154315259461034 -64887045393598.7 -153807.844339633 -64677.1209757402 13919198535.7962
1168372762.40211 -154441990697896 -64940336638743.6 -153807.840744815 -64677.1194641781 13919198535.7962
1169196720.62665 -154568721931798 -64993627882643.9 -153807.837155893 -64677.1179550947 13919198535.7962
1170020678.85119 -154695453162745 -65046919125301.9 -153807.83357285 -64677.1164484838 13919198535.7962
1170844637.07574 -154822184390742 -65100210366719.5 -153807.829995674 -64677.1149443393 13919198535.7962
1171668595.30028 -154948915615795 -65153501606898.8 -153807.826424349 -64677.1134426553 13919198535.7962
1172492553.52482 -155075646837907 -65206792845841.8 -153807.822858862 -64677.1119434257 13919198535.7962
1173316511.74936 -155202378057083 -65260084083550.5 -153807.819299197 -64677.1104466444 13919198535.7962
1174140469.97391 -155329109273329 -65313375320026.8 -153807.815745341 -64677.1089523055 13919198535.7962
1174964428.19845 -155455840486650 -65366666555273 -153807.812197279 -64677.1074604031 13919198535.7962
1175788386.42299 -155582571697049 -65419957789290.8 -153807.808654998 -64677.105970931 13919198535.7962
1176612344.64754 -155709302904532 -65473249022082.4 -153807.805118483 -64677.1044838835 13919198535.7962
1177436302.87208 -155836034109103 -65526540253649.8 -153807.80158772 -64677.1029992546 13919198535.7962
1178260261.09662 -155962765310768 -65579831483994.8 -153807.798062695 -64677.1015170384 13919198535.7962
1179084219.32117 -156089496509530 -65633122713119.6 -153807.794543394 -64677.100037229 13919198535.7962
1179908177.54571 -156216227705395 -65686413941026 -153807.791029803 -64677.0985598206 13919198535.7962
1180732135.77025 -156342958898367 -65739705167716.1 -153807.787521909 -64677.0970848073 13919198535.7962
1181556093.9948 -156469690088451 -65792996393191.9 -153807.784019697 -64677.0956121834 13919198535.7962
1182380052.21934 -156596421275652 -65846287617455.2 -153807.780523154 -64677.0941419429 13919198535.7962
1183204010.44388 -156723152459974 -65899578840508.1 -153807.777032265 -64677.0926740802 13919198535.7962
1184027968.66842 -156849883641423 -65952870062352.5 -153807.773547018 -64677.0912085895 13919198535.7962
1184851926.89297 -156976614820001 -66006161282990.4 -153807.770067398 -64677.0897454649 13919198535.7962
1185675885.11751 -157103345995715 -66059452502423.8 -153807.766593392 -64677.0882847009 13919198535.7962
1186499843.34205 -157230077168569 -66112743720654.4 -153807.763124987 -64677.0868262916 13919198535.7962
1187323801.5666 -157356808338568 -66166034937684.4 -153807.759662168 -64677.0853702315 13919198535.7962
1188147759.79114 -157483539505715 -66219326153515.6 -153807.756204923 -64677.0839165148 13919198535.7962
1188971718.01568 -157610270670016 -66272617368150 -153807.752753237 -64677.0824651358 13919198535.7962
1189795676.24023 -157737001831476 -66325908581589.5 -153807.749307098 -64677.081016089 13919198535.7962
1190619634.46477 -157863732990098 -66379199793835.9 -153807.745866492 -64677.0795693687 13919198535.7962
1191443592.68931 -157990464145888 -66432491004891.3 -153807.742431406 -64677.0781249693 13919198535.7962
1192267550.91386 -158117195298849 -66485782214757.5 -153807.739001826 -64677.0766828853 13919198535.7962
1193091509.1384 -158243926448987 -66539073423436.5 -153807.73557774 -64677.0752431111 13919198535.7962
1193915467.36294 -158370657596306 -66592364630930.1 -153807.732159134 -64677.0738056411 13919198535.7962
1194739425.58748 -158497388740810 -66645655837240.2 -153807.728745994 -64677.0723704698 13919198535.7962
1195563383.81203 -158624119882504 -66698947042368.8 -153807.725338309 -64677.0709375917 13919198535.7962
1196387342.03657 -158750851021393 -66752238246317.6 -153807.721936064 -64677.0695070013 13919198535.7962
1197211300.26111 -158877582157481 -66805529449088.6 -153807.718539247 -64677.0680786931 13919198535.7962
1198035258.48566 -159004313290772 -66858820650683.8 -153807.715147845 -64677.0666526617 13919198535.7962
1198859216.7102 -159131044421271 -66912111851104.8 -153807.711761845 -64677.0652289017 13919198535.7962
1199683174.93474 -159257775548982 -66965403050353.7 -153807.708381234 -64677.0638074075 13919198535.7962
1200507133.15929 -159384506673910 -67018694248432.3 -153807.705005999 -64677.0623881739 13919198535.7962
1201331091.38383 -159511237796059 -67071985445342.4 -153807.701636127 -64677.0609711954 13919198535.7962
1202155049.60837 -159637968915434 -67125276641085.9 -153807.698271605 -64677.0595564666 13919198535.7962
1202979007.83292 -159764700032038 -67178567835664.6 -153807.694912422 -64677.0581439823 13919198535.7962
1203802966.05746 -159891431145877 -67231859029080.5 -153807.691558563 -64677.056733737 13919198535.7962
1204626924.282 -160018162256955 -67285150221335.2 -153807.688210017 -64677.0553257254 13919198535.7962
1205450882.50655 -160144893365276 -67338441412430.8 -153807.684866771 -64677.0539199423 13919198535.7962
1206274840.73109 -160271624470844 -67391732602369 -153807.681528812 -64677.0525163823 13919198535.7962
1207098798.95563 -160398355573665 -67445023791151.6 -153807.678196127 -64677.0511150402 13919198535.7962
1207922757.18017 -160525086673741 -67498314978780.4 -153807.674868705 -64677.0497159107 13919198535.7962
1208746715.40472 -160651817771078 -67551606165257.4 -153807.671546533 -64677.0483189887 13919198535.7962
1209570673.62926 -160778548865680 -67604897350584.2 -153807.668229598 -64677.0469242688 13919198535.7962
1210394631.8538 -160905279957551 -67658188534762.8 -153807.664917888 -64677.0455317458 13919198535.7962
1211218590.07835 -161032011046695 -67711479717794.9 -153807.661611391 -64677.0441414147 13919198535.7962
1212042548.30289 -161158742133117 -67764770899682.3 -153807.658310094 -64677.0427532701 13919198535.7962
1212866506.52743 -161285473216821 -67818062080426.9 -153807.655013985 -64677.041367307 13919198535.7962
1213690464.75198 -161412204297811 -67871353260030.3 -153807.651723052 -64677.0399835203 13919198535.7962
1214514422.97652 -161538935376092 -67924644438494.5 -153807.648437283 -64677.0386019047 13919198535.7962
1215338381.20106 -161665666451668 -67977935615821.2 -153807.645156665 -64677.0372224552 13919198535.7962
1216162339.42561 -161792397524542 -68031226792012.2 -153807.641881186 -64677.0358451667 13919198535.7962
1216986297.65015 -161919128594720 -68084517967069.2 -153807.638610835 -64677.0344700342 13919198535.7962
1217810255.87469 -162045859662206 -68137809140994 -153807.6353456 -64677.0330970525 13919198535.7962
1218634214.09923 -162172590727003 -68191100313788.5 -153807.632085468 -64677.0317262166 13919198535.7962
1219458172.32378 -162299321789116 -68244391485454.3 -153807.628830427 -64677.0303575215 13919198535.7962
1220282130.54832 -162426052848549 -68297682655993.3 -153807.625580465 -64677.0289909623 13919198535.7962
1221106088.77286 -162552783905306 -68350973825407.1 -153807.622335571 -64677.0276265338 13919198535.7962
1221930046.99741 -162679514959392 -68404264993697.6 -153807.619095733 -64677.0262642311 13919198535.7962
1222754005.22195 -162806246010810 -68457556160866.5 -153807.615860939 -64677.0249040493 13919198535.7962
1223577963.44649 -162932977059565 -68510847326915.6 -153807.612631177 -64677.0235459833 13919198535.7962
1224401921.67104 -163059708105661 -68564138491846.5 -153807.609406436 -64677.0221900284 13919198535.7962
1225225879.89558 -163186439149102 -68617429655661 -153807.606186703 -64677.0208361795 13919198535.7962
1226049838.12012 -163313170189892 -68670720818360.9 -153807.602971967 -64677.0194844317 13919198535.7962
1226873796.34467 -163439901228035 -68724011979947.8 -153807.599762217 -64677.0181347802 13919198535.7962
1227697754.56921 -163566632263536 -68777303140423.6 -153807.596557441 -64677.0167872201 13919198535.7962
1228521712.79375 -163693363296398 -68830594299789.9 -153807.593357627 -64677.0154417465 13919198535.7962
1229345671.01829 -163820094326626 -68883885458048.4 -153807.590162763 -64677.0140983546 13919198535.7962
1230169629.24284 -163946825354223 -68937176615200.9 -153807.586972839 -64677.0127570395 13919198535.7962
1230993587.46738 -164073556379194 -68990467771249.1 -153807.583787843 -64677.0114177965 13919198535.7962
1231817545.69192 -164200287401542 -69043758926194.6 -153807.580607764 -64677.0100806207 13919198535.7962
1232641503.91647 -164327018421273 -69097050080039.2 -153807.577432589 -64677.0087455074 13919198535.7962
1233465462.14101 -164453749438389 -69150341232784.6 -153807.574262308 -64677.0074124518 13919198535.7962
1234289420.36555 -164580480452895 -69203632384432.4 -153807.57109691 -64677.0060814492 13919198535.7962
1235113378.5901 -164707211464795 -69256923534984.4 -153807.567936383 -64677.0047524947 13919198535.7962
1235937336.81464 -164833942474093 -69310214684442.2 -153807.564780716 -64677.0034255837 13919198535.7962
1236761295.03918 -164960673480792 -69363505832807.6 -153807.561629897 -64677.0021007115 13919198535.7962
1237585253.26373 -165087404484898 -69416796980082.1 -153807.558483916 -64677.0007778734 13919198535.7962
1238409211.48827 -165214135486413 -69470088126267.5 -153807.555342762 -64676.9994570647 13919198535.7962
1239233169.71281 -165340866485342 -69523379271365.5 -153807.552206423 -64676.9981382806 13919198535.7962
1240057127.93736 -165467597481689 -69576670415377.7 -153807.549074888 -64676.9968215167 13919198535.7962
1240881086.1619 -165594328475458 -69629961558305.7 -153807.545948146 -64676.9955067682 13919198535.7962
1241705044.38644 -165721059466652 -69683252700151.3 -153807.542826187 -64676.9941940305 13919198535.7962
1242529002.61098 -165847790455276 -69736543840916.1 -153807.539708999 -64676.9928832991 13919198535.7962
1243352960.83553 -165974521441333 -69789834980601.7 -153807.536596571 -64676.9915745692 13919198535.7962
1244176919.06007 -166101252424828 -69843126119209.8 -153807.533488893 -64676.9902678364 13919198535.7962
1245000877.28461 -166227983405764 -69896417256742 -153807.530385953 -64676.988963096 13919198535.7962
1245824835.50916 -166354714384146 -69949708393200 -153807.527287741 -64676.9876603435 13919198535.7962
1246648793.7337 -166481445359976 -70002999528585.3 -153807.524194246 -64676.9863595744 13919198535.7962
1247472751.95824 -166608176333260 -70056290662899.8 -153807.521105458 -64676.9850607841 13919198535.7962
1248296710.18279 -166734907304000 -70109581796144.9 -153807.518021364 -64676.9837639682 13919198535.7962
1249120668.40733 -166861638272202 -70162872928322.2 -153807.514941956 -64676.9824691221 13919198535.7962
1249944626.63187 -166988369237868 -70216164059433.5 -153807.511867221 -64676.9811762413 13919198535.7962
1250768584.85642 -167115100201002 -70269455189480.3 -153807.508797151 -64676.9798853214 13919198535.7962
1251592543.08096 -167241831161609 -70322746318464.3 -153807.505731733 -64676.978596358 13919198535.7962
1252416501.3055 -167368562119691 -70376037446387 -153807.502670957 -64676.9773093465 13919198535.7962
1253240459.53004 -167495293075254 -70429328573250.1 -153807.499614813 -64676.9760242825 13919198535.7962
1254064417.75459 -167622024028301 -70482619699055.1 -153807.49656329 -64676.9747411617 13919198535.7962
1254888375.97913 -167748754978835 -70535910823803.7 -153807.493516378 -64676.9734599796 13919198535.7962
1255712334.20367 -167875485926860 -70589201947497.4 -153807.490474067 -64676.9721807318 13919198535.7962
1256536292.42822 -168002216872381 -70642493070137.9 -153807.487436345 -64676.9709034139 13919198535.7962
1257360250.65276 -168128947815401 -70695784191726.8 -153807.484403203 -64676.9696280217 13919198535.7962
1258184208.8773 -168255678755923 -70749075312265.5 -153807.48137463 -64676.9683545507 13919198535.7962
1259008167.10185 -168382409693952 -70802366431755.8 -153807.478350616 -64676.9670829966 13919198535.7962
1259832125.32639 -168509140629491 -70855657550199.1 -153807.47533115 -64676.965813355 13919198535.7962
1260656083.55093 -168635871562544 -70908948667597.1 -153807.472316223 -64676.9645456218 13919198535.7962
1261480041.77548 -168762602493114 -70962239783951.3 -153807.469305824 -64676.9632797925 13919198535.7962
1262304000.00002 -168889333421206 -71015530899263.4 -153807.466299943 -64676.9620158628 13919198535.7962
1263127958.22456 -169016064346823 -71068822013534.7 -153807.46329857 -64676.9607538286 13919198535.7962
1263951916.4491 -169142795269969 -71122113126767 -153807.460301694 -64676.9594936855 13919198535.7962
1264775874.67365 -169269526190648 -71175404238961.8 -153807.457309306 -64676.9582354293 13919198535.7962
1265599832.89819 -169396257108863 -71228695350120.5 -153807.454321396 -64676.9569790558 13919198535.7962
1266423791.12273 -169522988024617 -71281986460244.9 -153807.451337952 -64676.9557245607 13919198535.7962
1267247749.34728 -169649718937916 -71335277569336.4 -153807.448358967 -64676.9544719398 13919198535.7962
1268071707.57182 -169776449848761 -71388568677396.5 -153807.445384428 -64676.953221189 13919198535.7962
1268895665.79636 -169903180757158 -71441859784426.9 -153807.442414327 -64676.951972304 13919198535.7962
1269719624.02091 -170029911663109 -71495150890429 -153807.439448654 -64676.9507252807 13919198535.7962
1270543582.24545 -170156642566618 -71548441995404.3 -153807.436487398 -64676.9494801149 13919198535.7962
1271367540.46999 -170283373467690 -71601733099354.5 -153807.43353055 -64676.9482368025 13919198535.7962
1272191498.69454 -170410104366326 -71655024202281 -153807.4305781 -64676.9469953393 13919198535.7962
1273015456.91908 -170536835262532 -71708315304185.3 -153807.427630038 -64676.9457557212 13919198535.7962
1273839415.14362 -170663566156311 -71761606405069 -153807.424686355 -64676.9445179441 13919198535.7962
1274663373.36817 -170790297047666 -71814897504933.5 -153807.42174704 -64676.943282004 13919198535.7962
1275487331.59271 -170917027936600 -71868188603780.5 -153807.418812084 -64676.9420478966 13919198535.7962
1276311289.81725 -171043758823119 -71921479701611.4 -153807.415881477 -64676.940815618 13919198535.7962
1277135248.04179 -171170489707224 -71974770798427.6 -153807.41295521 -64676.939585164 13919198535.7962
1277959206.26634 -171297220588920 -72028061894230.8 -153807.410033273 -64676.9383565307 13919198535.7962
1278783164.49088 -171423951468210 -72081352989022.4 -153807.407115656 -64676.937129714 13919198535.7962
1279607122.71542 -171550682345098 -72134644082803.9 -153807.40420235 -64676.9359047099 13919198535.7962
1280431080.93997 -171677413219588 -72187935175576.7 -153807.401293345 -64676.9346815143 13919198535.7962
1281255039.16451 -171804144091682 -72241226267342.5 -153807.398388632 -64676.9334601232 13919198535.7962
1282078997.38905 -171930874961385 -72294517358102.6 -153807.395488201 -64676.9322405327 13919198535.7962
1282902955.6136 -172057605828699 -72347808447858.6 -153807.392592042 -64676.9310227388 13919198535.7962
1283726913.83814 -172184336693630 -72401099536611.9 -153807.389700147 -64676.9298067375 13919198535.7962
1284550872.06268 -172311067556178 -72454390624364 -153807.386812506 -64676.9285925249 13919198535.7962
1285374830.28723 -172437798416350 -72507681711116.4 -153807.38392911 -64676.927380097 13919198535.7962
1286198788.51177 -172564529274147 -72560972796870.5 -153807.381049948 -64676.9261694498 13919198535.7962
1287022746.73631 -172691260129574 -72614263881627.8 -153807.378175013 -64676.9249605796 13919198535.7962
1287846704.96085 -172817990982634 -72667554965389.8 -153807.375304293 -64676.9237534823 13919198535.7962
1288670663.1854 -172944721833330 -72720846048158 -153807.372437782 -64676.922548154 13919198535.7962
1289494621.40994 -173071452681666 -72774137129933.7 -153807.369575468 -64676.9213445909 13919198535.7962
1290318579.63448 -173198183527645 -72827428210718.5 -153807.366717343 -64676.9201427891 13919198535.7962
1291142537.85903 -173324914371271 -72880719290513.7 -153807.363863398 -64676.9189427447 13919198535.7962
1291966496.08357 -173451645212548 -72934010369320.9 -153807.361013623 -64676.917744454 13919198535.7962
1292790454.30811 -173578376051477 -72987301447141.5 -153807.358168009 -64676.9165479129 13919198535.7962
1293614412.53266 -173705106888064 -73040592523976.8 -153807.355326548 -64676.9153531178 13919198535.7962
1294438370.7572 -173831837722312 -73093883599828.5 -153807.352489229 -64676.9141600647 13919198535.7962
1295262328.98174 -173958568554223 -73147174674697.8 -153807.349656045 -64676.91296875 13919198535.7962
1296086287.20629 -174085299383801 -73200465748586.3 -153807.346826986 -64676.9117791697 13919198535.7962
1296910245.43083 -174212030211050 -73253756821495.3 -153807.344002043 -64676.9105913201 13919198535.7962
1297734203.65537 -174338761035974 -73307047893426.3 -153807.341181207 -64676.9094051975 13919198535.7962
1298558161.87991 -174465491858574 -73360338964380.6 -153807.33836447 -64676.908220798 13919198535.7962
1299382120.10446 -174592222678856 -73413630034359.8 -153807.335551821 -64676.9070381179 13919198535.7962
1300206078.329 -174718953496821 -73466921103365.2 -153807.332743253 -64676.9058571535 13919198535.7962
1301030036.55354 -174845684312474 -73520212171398.3 -153807.329938756 -64676.9046779011 13919198535.7962
1301853994.77809 -174972415125819 -73573503238460.4 -153807.327138321 -64676.9035003568 13919198535.7962
1302677953.00263 -175099145936857 -73626794304553 -153807.324341941 -64676.9023245171 13919198535.7962
1303501911.22717 -175225876745593 -73680085369677.4 -153807.321549605 -64676.9011503782 13919198535.7962
1304325869.45172 -175352607552029 -73733376433835.1 -153807.318761306 -64676.8999779364 13919198535.7962
1305149827.67626 -175479338356170 -73786667497027.4 -153807.315977034 -64676.8988071881 13919198535.7962
1305973785.9008 -175606069158019 -73839958559255.8 -153807.313196781 -64676.8976381295 13919198535.7962
1306797744.12535 -175732799957578 -73893249620521.6 -153807.310420538 -64676.8964707571 13919198535.7962
1307621702.34989 -175859530754852 -73946540680826.2 -153807.307648296 -64676.8953050671 13919198535.7962
1308445660.57443 -175986261549843 -73999831740171.1 -153807.304880047 -64676.894141056 13919198535.7962
1309269618.79897 -176112992342554 -74053122798557.5 -153807.302115782 -64676.8929787202 13919198535.7962
1310093577.02352 -176239723132990 -74106413855987 -153807.299355492 -64676.8918180559 13919198535.7962
1310917535.24806 -176366453921153 -74159704912460.8 -153807.29659917 -64676.8906590596 13919198535.7962
1311741493.4726 -176493184707046 -74212995967980.2 -153807.293846806 -64676.8895017278 13919198535.7962
1312565451.69715 -176619915490673 -74266287022546.8 -153807.291098391 -64676.8883460567 13919198535.7962
1313389409.92169 -176746646272038 -74319578076161.9 -153807.288353918 -64676.887192043 13919198535.7962
1314213368.14623 -176873377051142 -74372869128826.8 -153807.285613378 -64676.8860396829 13919198535.7962
1315037326.37078 -177000107827990 -74426160180542.8 -153807.282876763 -64676.8848889729 13919198535.7962
1315861284.59532 -177126838602585 -74479451231311.4 -153807.280144063 -64676.8837399096 13919198535.7962
1316685242.81986 -177253569374930 -74532742281133.9 -153807.277415271 -64676.8825924893 13919198535.7962
1317509201.04441 -177380300145028 -74586033330011.6 -153807.274690379 -64676.8814467086 13919198535.7962
1318333159.26895 -177507030912883 -74639324377946 -153807.271969377 -64676.8803025639 13919198535.7962
1319157117.49349 -177633761678497 -74692615424938.2 -153807.269252258 -64676.8791600518 13919198535.7962
1319981075.71804 -177760492441873 -74745906470989.8 -153807.266539013 -64676.8780191686 13919198535.7962
1320805033.94258 -177887223203016 -74799197516102 -153807.263829634 -64676.8768799111 13919198535.7962
1321628992.16712 -178013953961928 -74852488560276.2 -153807.261124113 -64676.8757422756 13919198535.7962
1322452950.39166 -178140684718613 -74905779603513.7 -153807.258422441 -64676.8746062588 13919198535.7962
1323276908.61621 -178267415473072 -74959070645815.8 -153807.255724611 -64676.8734718571 13919198535.7962
1324100866.84075 -178394146225311 -75012361687183.8 -153807.253030614 -64676.8723390672 13919198535.7962
1324924825.06529 -178520876975331 -75065652727619.2 -153807.250340442 -64676.8712078855 13919198535.7962
1325748783.28984 -178647607723137 -75118943767123.2 -153807.247654086 -64676.8700783088 13919198535.7962
1326572741.51438 -178774338468730 -75172234805697.1 -153807.244971539 -64676.8689503335 13919198535.7962
1327396699.73892 -178901069212115 -75225525843342.3 -153807.242292793 -64676.8678239563 13919198535.7962
1328220657.96347 -179027799953294 -75278816880060 -153807.239617839 -64676.8666991737 13919198535.7962
1329044616.18801 -179154530692271 -75332107915851.6 -153807.23694667 -64676.8655759824 13919198535.7962
1329868574.41255 -179281261429048 -75385398950718.5 -153807.234279277 -64676.864454379 13919198535.7962
1330692532.6371 -179407992163629 -75438689984661.8 -153807.231615653 -64676.8633343602 13919198535.7962
1331516490.86164 -179534722896017 -75491981017682.9 -153807.228955789 -64676.8622159225 13919198535.7962
1332340449.08618 -179661453626215 -75545272049783.1 -153807.226299677 -64676.8610990627 13919198535.7962
1333164407.31072 -179788184354226 -75598563080963.7 -153807.223647311 -64676.8599837774 13919198535.7962
1333988365.53527 -179914915080053 -75651854111226 -153807.22099868 -64676.8588700633 13919198535.7962
1334812323.75981 -180041645803699 -75705145140571.3 -153807.218353779 -64676.857757917 13919198535.7962
1335636281.98435 -180168376525167 -75758436169000.9 -153807.215712598 -64676.8566473353 13919198535.7962
1336460240.2089 -180295107244461 -75811727196516.1 -153807.213075131 -64676.8555383149 13919198535.7962
1337284198.43344 -180421837961583 -75865018223118.1 -153807.210441369 -64676.8544308524 13919198535.7962
1338108156.65798 -180548568676536 -75918309248808.3 -153807.207811304 -64676.8533249446 13919198535.7962
1338932114.88253 -180675299389324 -75971600273587.9 -153807.205184929 -64676.8522205881 13919198535.7962
1339756073.10707 -180802030099949 -76024891297458.1 -153807.202562235 -64676.8511177799 13919198535.7962
1340580031.33161 -180928760808415 -76078182320420.4 -153807.199943216 -64676.8500165165 13919198535.7962
1341403989.55616 -181055491514725 -76131473342475.8 -153807.197327863 -64676.8489167948 13919198535.7962
1342227947.7807 -181182222218881 -76184764363625.8 -153807.194716169 -64676.8478186115 13919198535.7962
1343051906.00524 -181308952920886 -76238055383871.6 -153807.192108126 -64676.8467219634 13919198535.7962
1343875864.22978 -181435683620744 -76291346403214.4 -153807.189503727 -64676.8456268473 13919198535.7962
1344699822.45433 -181562414318458 -76344637421655.5 -153807.186902963 -64676.8445332599 13919198535.7962
1345523780.67887 -181689145014030 -76397928439196.2 -153807.184305827 -64676.8434411981 13919198535.7962
1346347738.90341 -181815875707464 -76451219455837.6 -153807.181712312 -64676.8423506587 13919198535.7962
1347171697.12796 -181942606398763 -76504510471581.2 -153807.179122411 -64676.8412616384 13919198535.7962
1347995655.3525 -182069337087929 -76557801486428 -153807.176536114 -64676.8401741342 13919198535.7962
1348819613.57704 -182196067774965 -76611092500379.5 -153807.173953415 -64676.8390881429 13919198535.7962
1349643571.80159 -182322798459875 -76664383513436.7 -153807.171374307 -64676.8380036612 13919198535.7962
1350467530.02613 -182449529142661 -76717674525601 -153807.168798782 -64676.8369206861 13919198535.7962
1351291488.25067 -182576259823327 -76770965536873.6 -153807.166226833 -64676.8358392145 13919198535.7962
1352115446.47522 -182702990501875 -76824256547255.7 -153807.163658451 -64676.8347592431 13919198535.7962
1352939404.69976 -182829721178308 -76877547556748.5 -153807.16109363 -64676.8336807689 13919198535.7962
1353763362.9243 -182956451852629 -76930838565353.4 -153807.158532363 -64676.8326037887 13919198535.7962
1354587321.14885 -183083182524841 -76984129573071.5 -153807.155974641 -64676.8315282995 13919198535.7962
1355411279.37339 -183209913194948 -77037420579904.1 -153807.153420457 -64676.8304542982 13919198535.7962
1356235237.59793 -183336643862951 -77090711585852.3 -153807.150869805 -64676.8293817817 13919198535.7962
1357059195.82247 -183463374528854 -77144002590917.5 -153807.148322677 -64676.8283107468 13919198535.7962
1357883154.04702 -183590105192660 -77197293595100.7 -153807.145779065 -64676.8272411906 13919198535.7962
1358707112.27156 -183716835854371 -77250584598403.3 -153807.143238963 -64676.82617311 13919198535.7962
1359531070.4961 -183843566513991 -77303875600826.5 -153807.140702363 -64676.8251065019 13919198535.7962
1360355028.72065 -183970297171523 -77357166602371.4 -153807.138169257 -64676.8240413633 13919198535.7962
1361178986.94519 -184097027826968 -77410457603039.3 -153807.135639639 -64676.8229776911 13919198535.7962
1362002945.16973 -184223758480331 -77463748602831.4 -153807.133113501 -64676.8219154823 13919198535.7962
1362826903.39428 -184350489131614 -77517039601748.9 -153807.130590837 -64676.820854734 13919198535.7962
1363650861.61882 -184477219780819 -77570330599792.9 -153807.128071638 -64676.819795443 13919198535.7962
1364474819.84336 -184603950427951 -77623621596964.8 -153807.125555899 -64676.8187376064 13919198535.7962
1365298778.06791 -184730681073011 -77676912593265.6 -153807.123043611 -64676.8176812212 13919198535.7962
1366122736.29245 -184857411716002 -77730203588696.6 -153807.120534768 -64676.8166262844 13919198535.7962
1366946694.51699 -184984142356927 -77783494583259 -153807.118029362 -64676.8155727931 13919198535.7962
1367770652.74153 -185110872995790 -77836785576953.9 -153807.115527387 -64676.8145207442 13919198535.7962
1368594610.96608 -185237603632592 -77890076569782.6 -153807.113028836 -64676.8134701348 13919198535.7962
1369418569.19062 -185364334267337 -77943367561746.2 -153807.110533701 -64676.812420962 13919198535.7962
1370242527.41516 -185491064900028 -77996658552845.9 -153807.108041975 -64676.8113732228 13919198535.7962
1371066485.63971 -185617795530667 -78049949543083 -153807.105553652 -64676.8103269143 13919198535.7962
1371890443.86425 -185744526159257 -78103240532458.5 -153807.103068725 -64676.8092820334 13919198535.7962
1372714402.08879 -185871256785801 -78156531520973.6 -153807.100587186 -64676.8082385775 13919198535.7962
1373538360.31334 -185997987410302 -78209822508629.6 -153807.098109029 -64676.8071965434 13919198535.7962
1374362318.53788 -186124718032762 -78263113495427.6 -153807.095634246 -64676.8061559283 13919198535.7962
1375186276.76242 -186251448653185 -78316404481368.7 -153807.093162831 -64676.8051167294 13919198535.7962
1376010234.98697 -186378179271572 -78369695466454.2 -153807.090694778 -64676.8040789437 13919198535.7962
1376834193.21151 -186504909887928 -78422986450685.1 -153807.088230078 -64676.8030425683 13919198535.7962
1377658151.43605 -186631640502254 -78476277434062.7 -153807.085768726 -64676.8020076004 13919198535.7962
1378482109.66059 -186758371114553 -78529568416588.1 -153807.083310714 -64676.800974037 13919198535.7962
1379306067.88514 -186885101724828 -78582859398262.5 -153807.080856036 -64676.7999418755 13919198535.7962
1380130026.10968 -187011832333082 -78636150379087 -153807.078404685 -64676.7989111128 13919198535.7962
1380953984.33422 -187138562939318 -78689441359062.7 -153807.075956654 -64676.7978817461 13919198535.7962
1381777942.55877 -187265293543538 -78742732338190.9 -153807.073511936 -64676.7968537727 13919198535.7962
1382601900.78331 -187392024145745 -78796023316472.6 -153807.071070525 -64676.7958271897 13919198535.7962
1383425859.00785 -187518754745942 -78849314293909.1 -153807.068632414 -64676.7948019942 13919198535.7962
1384249817.2324 -187645485344131 -78902605270501.4 -153807.066197596 -64676.7937781836 13919198535.7962
1385073775.45694 -187772215940316 -78955896246250.7 -153807.063766065 -64676.7927557548 13919198535.7962
1385897733.68148 -187898946534498 -79009187221158.1 -153807.061337814 -64676.7917347052 13919198535.7962
1386721691.90603 -188025677126681 -79062478195224.8 -153807.058912837 -64676.7907150321 13919198535.7962
1387545650.13057 -188152407716867 -79115769168451.9 -153807.056491126 -64676.7896967324 13919198535.7962
1388369608.35511 -188279138305059 -79169060140840.5 -153807.054072675 -64676.7886798037 13919198535.7962
1389193566.57966 -188405868891260 -79222351112391.8 -153807.051657478 -64676.7876642429 13919198535.7962
1390017524.8042 -188532599475472 -79275642083106.9 -153807.049245527 -64676.7866500475 13919198535.7962
1390841483.02874 -188659330057698 -79328933052986.8 -153807.046836817 -64676.7856372146 13919198535.7962
1391665441.25328 -188786060637940 -79382224022032.8 -153807.044431342 -64676.7846257415 13919198535.7962
1392489399.47783 -188912791216202 -79435514990246 -153807.042029093 -64676.7836156254 13919198535.7962
1393313357.70237 -189039521792486 -79488805957627.4 -153807.039630066 -64676.7826068637 13919198535.7962
1394137315.92691 -189166252366795 -79542096924178.2 -153807.037234252 -64676.7815994536 13919198535.7962
1394961274.15146 -189292982939130 -79595387889899.4 -153807.034841647 -64676.7805933924 13919198535.7962
1395785232.376 -189419713509496 -79648678854792.3 -153807.032452244 -64676.7795886773 13919198535.7962
1396609190.60054 -189546444077895 -79701969818857.9 -153807.030066035 -64676.7785853058 13919198535.7962
1397433148.82509 -189673174644328 -79755260782097.3 -153807.027683016 -64676.7775832751 13919198535.7962
1398257107.04963 -189799905208799 -79808551744511.6 -153807.025303178 -64676.7765825824 13919198535.7962
1399081065.27417 -189926635771311 -79861842706102 -153807.022926517 -64676.7755832252 13919198535.7962
1399905023.49872 -190053366331866 -79915133666869.5 -153807.020553025 -64676.7745852008 13919198535.7962
1400728981.72326 -190180096890466 -79968424626815.1 -153807.018182697 -64676.7735885064 13919198535.7962
1401552939.9478 -190306827447115 -80021715585940.1 -153807.015815525 -64676.7725931395 13919198535.7962
1402376898.17234 -190433558001814 -80075006544245.5 -153807.013451505 -64676.7715990974 13919198535.7962
1403200856.39689 -190560288554567 -80128297501732.5 -153807.011090628 -64676.7706063774 13919198535.7962
1404024814.62143 -190687019105376 -80181588458401.9 -153807.00873289 -64676.7696149769 13919198535.7962
1404848772.84597 -190813749654244 -80234879414255.1 -153807.006378283 -64676.7686248933 13919198535.7962
1405672731.07052 -190940480201172 -80288170369293 -153807.004026803 -64676.767636124 13919198535.7962
1406496689.29506 -191067210746165 -80341461323516.8 -153807.001678441 -64676.7666486662 13919198535.7962
1407320647.5196 -191193941289224 -80394752276927.4 -153806.999333193 -64676.7656625176 13919198535.7962
1408144605.74415 -191320671830352 -80448043229526.1 -153806.996991052 -64676.7646776753 13919198535.7962
1408968563.96869 -191447402369551 -80501334181313.8 -153806.994652011 -64676.7636941369 13919198535.7962
1409792522.19323 -191574132906824 -80554625132291.6 -153806.992316065 -64676.7627118998 13919198535.7962
1410616480.41778 -191700863442174 -80607916082460.7 -153806.989983208 -64676.7617309613 13919198535.7962
1411440438.64232 -191827593975603 -80661207031822.1 -153806.987653433 -64676.7607513189 13919198535.7962
1412264396.86686 -191954324507113 -80714497980376.8 -153806.985326735 -64676.75977297 13919198535.7962
1413088355.0914 -192081055036708 -80767788928125.9 -153806.983003107 -64676.7587959122 13919198535.7962
1413912313.31595 -192207785564389 -80821079875070.5 -153806.980682543 -64676.7578201427 13919198535.7962
1414736271.54049 -192334516090160 -80874370821211.6 -153806.978365037 -64676.7568456591 13919198535.7962
1415560229.76503 -192461246614022 -80927661766550.4 -153806.976050583 -64676.7558724588 13919198535.7962
1416384187.98958 -192587977135978 -80980952711087.7 -153806.973739175 -64676.7549005393 13919198535.7962
1417208146.21412 -192714707656032 -81034243654824.8 -153806.971430807 -64676.7539298981 13919198535.7962
1418032104.43866 -192841438174184 -81087534597762.7 -153806.969125473 -64676.7529605326 13919198535.7962
1418856062.66321 -192968168690438 -81140825539902.3 -153806.966823167 -64676.7519924403 13919198535.7962
1419680020.88775 -193094899204797 -81194116481244.8 -153806.964523884 -64676.7510256188 13919198535.7962
1420503979.11229 -193221629717262 -81247407421791.2 -153806.962227616 -64676.7500600655 13919198535.7962
1421327937.33684 -193348360227837 -81300698361542.6 -153806.959934359 -64676.749095778 13919198535.7962
1422151895.56138 -193475090736523 -81353989300499.9 -153806.957644106 -64676.7481327536 13919198535.7962
1422975853.78592 -193601821243323 -81407280238664.3 -153806.955356851 -64676.7471709901 13919198535.7962
1423799812.01047 -193728551748240 -81460571176036.7 -153806.953072589 -64676.7462104848 13919198535.7962
1424623770.23501 -193855282251276 -81513862112618.3 -153806.950791314 -64676.7452512354 13919198535.7962
1425447728.45955 -193982012752434 -81567153048409.9 -153806.948513019 -64676.7442932393 13919198535.7962
1426271686.68409 -194108743251715 -81620443983412.8 -153806.946237699 -64676.7433364941 13919198535.7962
1427095644.90864 -194235473749123 -81673734917627.8 -153806.943965349 -64676.7423809974 13919198535.7962
1427919603.13318 -194362204244660 -81727025851056.1 -153806.941695962 -64676.7414267467 13919198535.7962
1428743561.35772 -194488934738329 -81780316783698.6 -153806.939429532 -64676.7404737396 13919198535.7962
1429567519.58227 -194615665230131 -81833607715556.4 -153806.937166054 -64676.7395219737 13919198535.7962
1430391477.80681 -194742395720069 -81886898646630.5 -153806.934905522 -64676.7385714464 13919198535.7962
1431215436.03135 -194869126208146 -81940189576921.8 -153806.93264793 -64676.7376221555 13919198535.7962
1432039394.2559 -194995856694364 -81993480506431.6 -153806.930393273 -64676.7366740985 13919198535.7962
1432863352.48044 -195122587178725 -82046771435160.6 -153806.928141544 -64676.7357272729 13919198535.7962
1433687310.70498 -195249317661232 -82100062363110.1 -153806.925892739 -64676.7347816765 13919198535.7962
1434511268.92953 -195376048141888 -82153353290280.9 -153806.923646851 -64676.7338373068 13919198535.7962
1435335227.15407 -195502778620694 -82206644216674.1 -153806.921403875 -64676.7328941614 13919198535.7962
1436159185.37861 -195629509097653 -82259935142290.7 -153806.919163805 -64676.7319522379 13919198535.7962
1436983143.60315 -195756239572768 -82313226067131.6 -153806.916926635 -64676.731011534 13919198535.7962
1437807101.8277 -195882970046041 -82366516991198 -153806.91469236 -64676.7300720473 13919198535.7962
1438631060.05224 -196009700517474 -82419807914490.8 -153806.912460974 -64676.7291337755 13919198535.7962
1439455018.27678 -196136430987069 -82473098837011 -153806.910232472 -64676.7281967161 13919198535.7962
1440278976.50133 -196263161454830 -82526389758759.6 -153806.908006848 -64676.7272608668 13919198535.7962
1441102934.72587 -196389891920758 -82579680679737.6 -153806.905784096 -64676.7263262254 13919198535.7962
1441926892.95041 -196516622384855 -82632971599945.9 -153806.903564211 -64676.7253927894 13919198535.7962
1442750851.17496 -196643352847125 -82686262519385.7 -153806.901347187 -64676.7244605566 13919198535.7962
1443574809.3995 -196770083307569 -82739553438057.8 -153806.899133019 -64676.7235295245 13919198535.7962
1444398767.62404 -196896813766190 -82792844355963.3 -153806.896921702 -64676.7225996909 13919198535.7962
1445222725.84859 -197023544222990 -82846135273103.2 -153806.894713229 -64676.7216710536 13919198535.7962
1446046684.07313 -197150274677972 -82899426189478.4 -153806.892507596 -64676.72074361 13919198535.7962
1446870642.29767 -197277005131137 -82952717105089.9 -153806.890304796 -64676.719817358 13919198535.7962
1447694600.52221 -197403735582488 -83006008019938.7 -153806.888104825 -64676.7188922953 13919198535.7962
1448518558.74676 -197530466032028 -83059298934025.7 -153806.885907676 -64676.7179684196 13919198535.7962
1449342516.9713 -197657196479759 -83112589847352 -153806.883713345 -64676.7170457286 13919198535.7962
1450166475.19584 -197783926925683 -83165880759918.6 -153806.881521826 -64676.71612422 13919198535.7962
1450990433.42039 -197910657369802 -83219171671726.3 -153806.879333114 -64676.7152038915 13919198535.7962
1451814391.64493 -198037387812119 -83272462582776.3 -153806.877147203 -64676.7142847409 13919198535.7962
1452638349.86947 -198164118252637 -83325753493069.3 -153806.874964088 -64676.713366766 13919198535.7962
1453462308.09402 -198290848691356 -83379044402606.5 -153806.872783764 -64676.7124499644 13919198535.7962
1454286266.31856 -198417579128280 -83432335311388.8 -153806.870606225 -64676.7115343339 13919198535.7962
1455110224.5431 -198544309563411 -83485626219417 -153806.868431465 -64676.7106198723 13919198535.7962
1455934182.76765 -198671039996752 -83538917126692.3 -153806.866259481 -64676.7097065773 13919198535.7962
1456758140.99219 -198797770428303 -83592208033215.6 -153806.864090265 -64676.7087944468 13919198535.7962
1457582099.21673 -198924500858069 -83645498938987.8 -153806.861923813 -64676.7078834784 13919198535.7962
1458406057.44128 -199051231286051 -83698789844009.9 -153806.85976012 -64676.70697367 13919198535.7962
1459230015.66582 -199177961712251 -83752080748282.8 -153806.857599181 -64676.7060650194 13919198535.7962
1460053973.89036 -199304692136671 -83805371651807.4 -153806.855440989 -64676.7051575243 13919198535.7962
1460877932.1149 -199431422559315 -83858662554584.9 -153806.853285541 -64676.7042511825 13919198535.7962
1461701890.33945 -199558152980184 -83911953456616 -153806.85113283 -64676.7033459919 13919198535.7962
1462525848.56399 -199684883399280 -83965244357901.7 -153806.848982851 -64676.7024419502 13919198535.7962
1463349806.78853 -199811613816605 -84018535258443 -153806.8468356 -64676.7015390553 13919198535.7962
1464173765.01308 -199938344232163 -84071826158240.9 -153806.844691071 -64676.7006373049 13919198535.7962
1464997723.23762 -200065074645955 -84125117057296.2 -153806.842549259 -64676.699736697 13919198535.7962
1465821681.46216 -200191805057983 -84178407955609.9 -153806.840410159 -64676.6988372293 13919198535.7962
1466645639.68671 -200318535468249 -84231698853183 -153806.838273765 -64676.6979388997 13919198535.7962
1467469597.91125 -200445265876757 -84284989750016.3 -153806.836140073 -64676.697041706 13919198535.7962
1468293556.13579 -200571996283507 -84338280646110.9 -153806.834009077 -64676.6961456461 13919198535.7962
1469117514.36034 -200698726688503 -84391571541467.6 -153806.831880772 -64676.6952507178 13919198535.7962
1469941472.58488 -200825457091746 -84444862436087.4 -153806.829755154 -64676.6943569189 13919198535.7962
1470765430.80942 -200952187493239 -84498153329971.2 -153806.827632216 -64676.6934642474 13919198535.7962
1471589389.03396 -201078917892984 -84551444223119.9 -153806.825511955 -64676.6925727011 13919198535.7962
1472413347.25851 -201205648290982 -84604735115534.5 -153806.823394364 -64676.6916822778 13919198535.7962
1473237305.48305 -201332378687238 -84658026007215.9 -153806.82127944 -64676.6907929756 13919198535.7962
1474061263.70759 -201459109081751 -84711316898165 -153806.819167176 -64676.6899047921 13919198535.7962
1474885221.93214 -201585839474525 -84764607788382.8 -153806.817057568 -64676.6890177254 13919198535.7962
1475709180.15668 -201712569865563 -84817898677870.1 -153806.814950611 -64676.6881317733 13919198535.7962
1476533138.38122 -201839300254865 -84871189566627.8 -153806.812846299 -64676.6872469338 13919198535.7962
1477357096.60577 -201966030642434 -84924480454657 -153806.810744629 -64676.6863632046 13919198535.7962
1478181054.83031 -202092761028273 -84977771341958.5 -153806.808645595 -64676.6854805839 13919198535.7962
1479005013.05485 -202219491412384 -85031062228533.1 -153806.806549191 -64676.6845990693 13919198535.7962
1479828971.2794 -202346221794768 -85084353114381.9 -153806.804455413 -64676.683718659 13919198535.7962
1480652929.50394 -202472952175428 -85137643999505.8 -153806.802364257 -64676.6828393508 13919198535.7962
1481476887.72848 -202599682554366 -85190934883905.5 -153806.800275717 -64676.6819611426 13919198535.7962
1482300845.95302 -202726412931584 -85244225767582.1 -153806.798189788 -64676.6810840324 13919198535.7962
1483124804.17757 -202853143307085 -85297516650536.5 -153806.796106465 -64676.6802080181 13919198535.7962
1483948762.40211 -202979873680870 -85350807532769.5 -153806.794025744 -64676.6793330976 13919198535.7962
1484772720.62665 -203106604052942 -85404098414282.1 -153806.791947619 -64676.678459269 13919198535.7962
1485596678.8512 -203233334423302 -85457389295075.1 -153806.789872086 -64676.6775865302 13919198535.7962
1486420637.07574 -203360064791954 -85510680175149.4 -153806.78779914 -64676.6767148791 13919198535.7962
1487244595.30028 -203486795158898 -85563971054506 -153806.785728776 -64676.6758443137 13919198535.7962
1488068553.52483 -203613525524138 -85617261933145.8 -153806.783660989 -64676.674974832 13919198535.7962
1488892511.74937 -203740255887675 -85670552811069.6 -153806.781595775 -64676.6741064319 13919198535.7962
1489716469.97391 -203866986249511 -85723843688278.3 -153806.779533128 -64676.6732391115 13919198535.7962
1490540428.19846 -203993716609649 -85777134564772.8 -153806.777473044 -64676.6723728687 13919198535.7962
1491364386.423 -204120446968091 -85830425440554 -153806.775415519 -64676.6715077016 13919198535.7962
1492188344.64754 -204247177324838 -85883716315622.8 -153806.773360546 -64676.670643608 13919198535.7962
1493012302.87209 -204373907679893 -85937007189980 -153806.771308122 -64676.6697805861 13919198535.7962
1493836261.09663 -204500638033258 -85990298063626.6 -153806.769258242 -64676.6689186338 13919198535.7962
1494660219.32117 -204627368384935 -86043588936563.4 -153806.767210901 -64676.6680577491 13919198535.7962
1495484177.54571 -204754098734927 -86096879808791.3 -153806.765166095 -64676.6671979301 13919198535.7962
1496308135.77026 -204880829083234 -86150170680311.2 -153806.763123818 -64676.6663391748 13919198535.7962
1497132093.9948 -205007559429860 -86203461551124 -153806.761084066 -64676.6654814812 13919198535.7962
1497956052.21934 -205134289774806 -86256752421230.5 -153806.759046834 -64676.6646248473 13919198535.7962
1498780010.44389 -205261020118074 -86310043290631.6 -153806.757012118 -64676.6637692712 13919198535.7962
1499603968.66843 -205387750459667 -86363334159328.2 -153806.754979913 -64676.662914751 13919198535.7962
1500427926.89297 -205514480799587 -86416625027321.1 -153806.752950215 -64676.6620612846 13919198535.7962
1501251885.11752 -205641211137835 -86469915894611.2 -153806.750923018 -64676.6612088701 13919198535.7962
1502075843.34206 -205767941474414 -86523206761199.5 -153806.748898318 -64676.6603575056 13919198535.7962
1502899801.5666 -205894671809326 -86576497627086.6 -153806.74687611 -64676.6595071891 13919198535.7962
1503723759.79115 -206021402142572 -86629788492273.6 -153806.744856391 -64676.6586579187 13919198535.7962
1504547718.01569 -206148132474156 -86683079356761.2 -153806.742839155 -64676.6578096925 13919198535.7962
1505371676.24023 -206274862804078 -86736370220550.4 -153806.740824397 -64676.6569625086 13919198535.7962
1506195634.46477 -206401593132341 -86789661083641.9 -153806.738812114 -64676.656116365 13919198535.7962
1507019592.68932 -206528323458948 -86842951946036.7 -153806.7368023 -64676.6552712597 13919198535.7962
1507843550.91386 -206655053783899 -86896242807735.6 -153806.734794951 -64676.654427191 13919198535.7962
1508667509.1384 -206781784107197 -86949533668739.4 -153806.732790063 -64676.6535841569 13919198535.7962
1509491467.36295 -206908514428844 -87002824529049 -153806.730787631 -64676.6527421555 13919198535.7962
1510315425.58749 -207035244748843 -87056115388665.3 -153806.72878765 -64676.6519011849 13919198535.7962
1511139383.81203 -207161975067194 -87109406247589.1 -153806.726790116 -64676.6510612432 13919198535.7962
1511963342.03658 -207288705383901 -87162697105821.2 -153806.724795025 -64676.6502223285 13919198535.7962
1512787300.26112 -207415435698965 -87215987963362.6 -153806.722802371 -64676.649384439 13919198535.7962
1513611258.48566 -207542166012388 -87269278820213.9 -153806.720812152 -64676.6485475727 13919198535.7962
1514435216.71021 -207668896324172 -87322569676376.2 -153806.718824361 -64676.6477117278 13919198535.7962
1515259174.93475 -207795626634319 -87375860531850.1 -153806.716838995 -64676.6468769024 13919198535.7962
1516083133.15929 -207922356942831 -87429151386636.6 -153806.714856049 -64676.6460430947 13919198535.7962
1516907091.38383 -208049087249711 -87482442240736.5 -153806.712875519 -64676.6452103028 13919198535.7962
1517731049.60838 -208175817554960 -87535733094150.7 -153806.7108974 -64676.6443785248 13919198535.7962
1518555007.83292 -208302547858579 -87589023946879.9 -153806.708921689 -64676.6435477589 13919198535.7962
1519378966.05746 -208429278160572 -87642314798925 -153806.70694838 -64676.6427180032 13919198535.7962
1520202924.28201 -208556008460940 -87695605650286.8 -153806.704977469 -64676.6418892559 13919198535.7962
1521026882.50655 -208682738759685 -87748896500966.2 -153806.703008952 -64676.6410615152 13919198535.7962
1521850840.73109 -208809469056809 -87802187350964 -153806.701042824 -64676.6402347793 13919198535.7962
1522674798.95564 -208936199352314 -87855478200281 -153806.699079082 -64676.6394090462 13919198535.7962
1523498757.18018 -209062929646202 -87908769048918.1 -153806.69711772 -64676.6385843142 13919198535.7962
1524322715.40472 -209189659938474 -87962059896876 -153806.695158735 -64676.6377605815 13919198535.7962
1525146673.62927 -209316390229134 -88015350744155.6 -153806.693202122 -64676.6369378462 13919198535.7962
1525970631.85381 -209443120518182 -88068641590757.7 -153806.691247877 -64676.6361161066 13919198535.7962
1526794590.07835 -209569850805621 -88121932436683.2 -153806.689295995 -64676.6352953608 13919198535.7962
1527618548.3029 -209696581091453 -88175223281932.8 -153806.687346473 -64676.634475607 13919198535.7962
1528442506.52744 -209823311375680 -88228514126507.3 -153806.685399306 -64676.6336568434 13919198535.7962
1529266464.75198 -209950041658303 -88281804970407.7 -153806.683454489 -64676.6328390683 13919198535.7962
1530090422.97652 -210076771939324 -88335095813634.6 -153806.681512019 -64676.6320222798 13919198535.7962
1530914381.20107 -210203502218746 -88388386656189 -153806.679571891 -64676.6312064762 13919198535.7962
1531738339.42561 -210330232496571 -88441677498071.5 -153806.677634101 -64676.6303916557 13919198535.7962
1532562297.65015 -210456962772800 -88494968339283.1 -153806.675698645 -64676.6295778165 13919198535.7962
1533386255.8747 -210583693047435 -88548259179824.5 -153806.673765518 -64676.6287649568 13919198535.7962
1534210214.09924 -210710423320478 -88601550019696.6 -153806.671834717 -64676.6279530748 13919198535.7962
1535034172.32378 -210837153591931 -88654840858900.1 -153806.669906237 -64676.6271421689 13919198535.7962
1535858130.54833 -210963883861796 -88708131697435.8 -153806.667980073 -64676.6263322372 13919198535.7962
1536682088.77287 -211090614130075 -88761422535304.7 -153806.666056223 -64676.6255232781 13919198535.7962
1537506046.99741 -211217344396770 -88814713372507.3 -153806.664134681 -64676.6247152896 13919198535.7962
1538330005.22196 -211344074661882 -88868004209044.6 -153806.662215444 -64676.6239082702 13919198535.7962
1539153963.4465 -211470804925414 -88921295044917.4 -153806.660298507 -64676.6231022179 13919198535.7962
1539977921.67104 -211597535187368 -88974585880126.4 -153806.658383867 -64676.6222971313 13919198535.7962
1540801879.89558 -211724265447745 -89027876714672.4 -153806.656471518 -64676.6214930084 13919198535.7962
1541625838.12013 -211850995706547 -89081167548556.3 -153806.654561457 -64676.6206898475 13919198535.7962
1542449796.34467 -211977725963776 -89134458381778.8 -153806.652653681 -64676.619887647 13919198535.7962
1543273754.56921 -212104456219434 -89187749214340.7 -153806.650748184 -64676.619086405 13919198535.7962
1544097712.79376 -212231186473523 -89241040046242.8 -153806.648844962 -64676.61828612 13919198535.7962
1544921671.0183 -212357916726045 -89294330877485.9 -153806.646944013 -64676.6174867901 13919198535.7962
1545745629.24284 -212484646977002 -89347621708070.8 -153806.64504533 -64676.6166884137 13919198535.7962
1546569587.46739 -212611377226395 -89400912537998.3 -153806.643148912 -64676.615890989 13919198535.7962
1547393545.69193 -212738107474226 -89454203367269.1 -153806.641254753 -64676.6150945144 13919198535.7962
1548217503.91647 -212864837720498 -89507494195884 -153806.639362849 -64676.6142989882 13919198535.7962
1549041462.14102 -212991567965212 -89560785023843.8 -153806.637473197 -64676.6135044086 13919198535.7962
1549865420.36556 -213118298208369 -89614075851149.4 -153806.635585792 -64676.6127107741 13919198535.7962
1550689378.5901 -213245028449973 -89667366677801.4 -153806.63370063 -64676.6119180828 13919198535.7962
1551513336.81464 -213371758690024 -89720657503800.6 -153806.631817708 -64676.6111263331 13919198535.7962
1552337295.03919 -213498488928524 -89773948329147.8 -153806.629937021 -64676.6103355233 13919198535.7962
1553161253.26373 -213625219165476 -89827239153843.9 -153806.628058565 -64676.6095456519 13919198535.7962
1553985211.48827 -213751949400881 -89880529977889.5 -153806.626182337 -64676.608756717 13919198535.7962
1554809169.71282 -213878679634741 -89933820801285.5 -153806.624308333 -64676.607968717 13919198535.7962
1555633127.93736 -214005409867058 -89987111624032.5 -153806.622436548 -64676.6071816504 13919198535.7962
1556457086.1619 -214132140097833 -90040402446131.4 -153806.620566978 -64676.6063955153 13919198535.7962
1557281044.38645 -214258870327069 -90093693267583 -153806.61869962 -64676.6056103102 13919198535.7962
1558105002.61099 -214385600554767 -90146984088388 -153806.61683447 -64676.6048260334 13919198535.7962
1558928960.83553 -214512330780929 -90200274908547.1 -153806.614971524 -64676.6040426832 13919198535.7962
1559752919.06008 -214639061005558 -90253565728061.2 -153806.613110778 -64676.6032602581 13919198535.7962
1560576877.28462 -214765791228654 -90306856546931 -153806.611252227 -64676.6024787564 13919198535.7962
1561400835.50916 -214892521450219 -90360147365157.2 -153806.609395869 -64676.6016981764 13919198535.7962
1562224793.73371 -215019251670256 -90413438182740.6 -153806.607541699 -64676.6009185166 13919198535.7962
1563048751.95825 -215145981888766 -90466728999682 -153806.605689714 -64676.6001397752 13919198535.7962
1563872710.18279 -215272712105751 -90520019815982.2 -153806.603839909 -64676.5993619508 13919198535.7962
1564696668.40733 -215399442321212 -90573310631641.8 -153806.60199228 -64676.5985850415 13919198535.7962
1565520626.63188 -215526172535152 -90626601446661.7 -153806.600146825 -64676.597809046 13919198535.7962
1566344584.85642 -215652902747573 -90679892261042.5 -153806.598303538 -64676.5970339624 13919198535.7962
1567168543.08096 -215779632958475 -90733183074785.1 -153806.596462417 -64676.5962597893 13919198535.7962
1567992501.30551 -215906363167862 -90786473887890.2 -153806.594623457 -64676.595486525 13919198535.7962
1568816459.53005 -216033093375734 -90839764700358.5 -153806.592786655 -64676.5947141679 13919198535.7962
1569640417.75459 -216159823582093 -90893055512190.8 -153806.590952006 -64676.5939427164 13919198535.7962
1570464375.97914 -216286553786942 -90946346323387.8 -153806.589119508 -64676.593172169 13919198535.7962
1571288334.20368 -216413283990282 -90999637133950.3 -153806.587289155 -64676.5924025241 13919198535.7962
1572112292.42822 -216540014192114 -91052927943879 -153806.585460945 -64676.5916337799 13919198535.7962
1572936250.65277 -216666744392441 -91106218753174.7 -153806.583634874 -64676.5908659351 13919198535.7962
1573760208.87731 -216793474591264 -91159509561838.1 -153806.581810938 -64676.590098988 13919198535.7962
1574584167.10185 -216920204788586 -91212800369869.9 -153806.579989133 -64676.589332937 13919198535.7962
1575408125.32639 -217046934984407 -91266091177270.9 -153806.578169455 -64676.5885677805 13919198535.7962
1576232083.55094 -217173665178729 -91319381984041.8 -153806.576351901 -64676.5878035171 13919198535.7962
1577056041.77548 -217300395371555 -91372672790183.3 -153806.574536468 -64676.5870401451 13919198535.7962
1577880000.00002 -217427125562886 -91425963595696.2 -153806.57272315 -64676.5862776629 13919198535.7962
1578703958.22457 -217553855752724 -91479254400581.2 -153806.570911945 -64676.5855160691 13919198535.7962
1579527916.44911 -217680585941070 -91532545204839.1 -153806.569102849 -64676.584755362 13919198535.7962
1580351874.67365 -217807316127927 -91585836008470.6 -153806.567295858 -64676.5839955402 13919198535.7962
1581175832.8982 -217934046313295 -91639126811476.3 -153806.565490969 -64676.583236602 13919198535.7962
1581999791.12274 -218060776497177 -91692417613857.1 -153806.563688178 -64676.582478546 13919198535.7961
1582823749.34728 -218187506679575 -91745708415613.6 -153806.561887481 -64676.5817213706 13919198535.7961
1583647707.57183 -218314236860490 -91798999216746.6 -153806.560088875 -64676.5809650742 13919198535.7961
1584471665.79637 -218440967039923 -91852290017256.9 -153806.558292355 -64676.5802096553 13919198535.7961
1585295624.02091 -218567697217877 -91905580817145 -153806.556497919 -64676.5794551125 13919198535.7961
1586119582.24545 -218694427394354 -91958871616411.8 -153806.554705563 -64676.5787014442 13919198535.7961
1586943540.47 -218821157569355 -92012162415058 -153806.552915282 -64676.5779486488 13919198535.7961
1587767498.69454 -218947887742881 -92065453213084.2 -153806.551127075 -64676.5771967248 13919198535.7961
1588591456.91908 -219074617914935 -92118744010491.3 -153806.549340936 -64676.5764456708 13919198535.7961
1589415415.14363 -219201348085518 -92172034807279.9 -153806.547556862 -64676.5756954853 13919198535.7961
1590239373.36817 -219328078254631 -92225325603450.7 -153806.54577485 -64676.5749461666 13919198535.7961
1591063331.59271 -219454808422278 -92278616399004.5 -153806.543994897 -64676.5741977134 13919198535.7962
1591887289.81726 -219581538588458 -92331907193941.9 -153806.542216998 -64676.5734501241 13919198535.7962
1592711248.0418 -219708268753175 -92385197988263.7 -153806.54044115 -64676.5727033972 13919198535.7961
1593535206.26634 -219834998916429 -92438488781970.5 -153806.538667349 -64676.5719575312 13919198535.7962
1594359164.49089 -219961729078222 -92491779575063.2 -153806.536895592 -64676.5712125247 13919198535.7961
1595183122.71543 -220088459238557 -92545070367542.4 -153806.535125876 -64676.5704683762 13919198535.7962
1596007080.93997 -220215189397434 -92598361159408.8 -153806.533358197 -64676.5697250842 13919198535.7962
1596831039.16452 -220341919554855 -92651651950663.1 -153806.531592551 -64676.5689826471 13919198535.7962
1597654997.38906 -220468649710822 -92704942741306 -153806.529828935 -64676.5682410636 13919198535.7962
1598478955.6136 -220595379865338 -92758233531338.2 -153806.528067346 -64676.5675003321 13919198535.7962
1599302913.83814 -220722110018402 -92811524320760.4 -153806.526307779 -64676.5667604512 13919198535.7962
1600126872.06269 -220848840170017 -92864815109573.4 -153806.524550232 -64676.5660214195 13919198535.7962
1600950830.28723 -220975570320186 -92918105897777.8 -153806.5227947 -64676.5652832354 13919198535.7962
1601774788.51177 -221102300468908 -92971396685374.2 -153806.521041181 -64676.5645458975 13919198535.7962
1602598746.73632 -221229030616187 -93024687472363.6 -153806.519289671 -64676.5638094044 13919198535.7962
1603422704.96086 -221355760762023 -93077978258746.4 -153806.517540167 -64676.5630737546 13919198535.7962
1604246663.1854 -221482490906418 -93131269044523.4 -153806.515792665 -64676.5623389466 13919198535.7962
1605070621.40995 -221609221049375 -93184559829695.3 -153806.514047161 -64676.5616049791 13919198535.7962
1605894579.63449 -221735951190894 -93237850614262.8 -153806.512303653 -64676.5608718505 13919198535.7962
1606718537.85903 -221862681330977 -93291141398226.6 -153806.510562136 -64676.5601395594 13919198535.7962
1607542496.08358 -221989411469626 -93344432181587.3 -153806.508822608 -64676.5594081045 13919198535.7962
1608366454.30812 -222116141606843 -93397722964345.7 -153806.507085065 -64676.5586774842 13919198535.7962
1609190412.53266 -222242871742629 -93451013746502.5 -153806.505349504 -64676.5579476972 13919198535.7962
1610014370.7572 -222369601876985 -93504304528058.2 -153806.503615921 -64676.5572187419 13919198535.7962
1610838328.98175 -222496332009914 -93557595309013.7 -153806.501884313 -64676.5564906171 13919198535.7962
1611662287.20629 -222623062141417 -93610886089369.6 -153806.500154676 -64676.5557633212 13919198535.7962
1612486245.43083 -222749792271496 -93664176869126.6 -153806.498427007 -64676.5550368529 13919198535.7962
1613310203.65538 -222876522400152 -93717467648285.3 -153806.496701303 -64676.5543112107 13919198535.7962
1614134161.87992 -223003252527387 -93770758426846.4 -153806.494977561 -64676.5535863933 13919198535.7962
1614958120.10446 -223129982653203 -93824049204810.7 -153806.493255776 -64676.5528623992 13919198535.7962
1615782078.32901 -223256712777600 -93877339982178.8 -153806.491535946 -64676.5521392271 13919198535.7962
1616606036.55355 -223383442900581 -93930630758951.4 -153806.489818068 -64676.5514168755 13919198535.7962
1617429994.77809 -223510173022148 -93983921535129.1 -153806.488102138 -64676.550695343 13919198535.7962
1618253953.00264 -223636903142302 -94037212310712.6 -153806.486388152 -64676.5499746282 13919198535.7962
1619077911.22718 -223763633261044 -94090503085702.6 -153806.484676108 -64676.5492547299 13919198535.7962
1619901869.45172 -223890363378376 -94143793860099.8 -153806.482966003 -64676.5485356464 13919198535.7962
1620725827.67626 -224017093494300 -94197084633904.9 -153806.481257832 -64676.5478173766 13919198535.7962
1621549785.90081 -224143823608817 -94250375407118.4 -153806.479551592 -64676.547099919 13919198535.7962
1622373744.12535 -224270553721930 -94303666179741.1 -153806.477847281 -64676.5463832722 13919198535.7962
1623197702.34989 -224397283833638 -94356956951773.7 -153806.476144895 -64676.5456674349 13919198535.7962
1624021660.57444 -224524013943945 -94410247723216.8 -153806.474444431 -64676.5449524056 13919198535.7962
1624845618.79898 -224650744052852 -94463538494071.1 -153806.472745886 -64676.5442381831 13919198535.7962
1625669577.02352 -224777474160360 -94516829264337.2 -153806.471049256 -64676.5435247659 13919198535.7962
1626493535.24807 -224904204266470 -94570120034015.8 -153806.469354537 -64676.5428121527 13919198535.7962
1627317493.47261 -225030934371185 -94623410803107.6 -153806.467661728 -64676.5421003422 13919198535.7962
1628141451.69715 -225157664474506 -94676701571613.2 -153806.465970824 -64676.5413893329 13919198535.7962
1628965409.9217 -225284394576435 -94729992339533.3 -153806.464281823 -64676.5406791235 13919198535.7962
1629789368.14624 -225411124676973 -94783283106868.5 -153806.462594721 -64676.5399697128 13919198535.7962
1630613326.37078 -225537854776121 -94836573873619.6 -153806.460909514 -64676.5392610992 13919198535.7962
1631437284.59532 -225664584873882 -94889864639787.1 -153806.459226201 -64676.5385532815 13919198535.7962
1632261242.81987 -225791314970256 -94943155405371.7 -153806.457544777 -64676.5378462584 13919198535.7962
1633085201.04441 -225918045065246 -94996446170374.1 -153806.45586524 -64676.5371400285 13919198535.7962
1633909159.26895 -226044775158853 -95049736934794.9 -153806.454187586 -64676.5364345905 13919198535.7962
1634733117.4935 -226171505251078 -95103027698634.8 -153806.452511812 -64676.535729943 13919198535.7962
1635557075.71804 -226298235341923 -95156318461894.4 -153806.450837915 -64676.5350260848 13919198535.7962
1636381033.94258 -226424965431390 -95209609224574.4 -153806.449165891 -64676.5343230144 13919198535.7962
1637204992.16713 -226551695519480 -95262899986675.4 -153806.447495739 -64676.5336207306 13919198535.7962
1638028950.39167 -226678425606194 -95316190748198.1 -153806.445827454 -64676.532919232 13919198535.7962
1638852908.61621 -226805155691535 -95369481509143.1 -153806.444161033 -64676.5322185174 13919198535.7962
1639676866.84076 -226931885775503 -95422772269511 -153806.442496473 -64676.5315185854 13919198535.7962
1640500825.0653 -227058615858100 -95476063029302.6 -153806.440833772 -64676.5308194347 13919198535.7962
1641324783.28984 -227185345939329 -95529353788518.4 -153806.439172925 -64676.530121064 13919198535.7962
1642148741.51439 -227312076019189 -95582644547159.1 -153806.437513931 -64676.529423472 13919198535.7962
1642972699.73893 -227438806097684 -95635935305225.4 -153806.435856785 -64676.5287266574 13919198535.7962
1643796657.96347 -227565536174814 -95689226062717.8 -153806.434201485 -64676.5280306189 13919198535.7962
1644620616.18801 -227692266250580 -95742516819637 -153806.432548028 -64676.5273353552 13919198535.7962
1645444574.41256 -227818996324985 -95795807575983.7 -153806.43089641 -64676.526640865 13919198535.7962
1646268532.6371 -227945726398030 -95849098331758.5 -153806.429246628 -64676.5259471471 13919198535.7962
1647092490.86164 -228072456469717 -95902389086962 -153806.427598681 -64676.5252542 13919198535.7962
1647916449.08619 -228199186540046 -95955679841594.8 -153806.425952563 -64676.5245620226 13919198535.7962
1648740407.31073 -228325916609019 -96008970595657.7 -153806.424308273 -64676.5238706136 13919198535.7962
1649564365.53527 -228452646676639 -96062261349151.2 -153806.422665807 -64676.5231799717 13919198535.7962
1650388323.75982 -228579376742906 -96115552102075.9 -153806.421025163 -64676.5224900955 13919198535.7962
1651212281.98436 -228706106807822 -96168842854432.5 -153806.419386336 -64676.521800984 13919198535.7962
1652036240.2089 -228832836871388 -96222133606221.6 -153806.417749325 -64676.5211126356 13919198535.7962
1652860198.43345 -228959566933607 -96275424357443.9 -153806.416114126 -64676.5204250493 13919198535.7962
1653684156.65799 -229086296994478 -96328715108099.9 -153806.414480737 -64676.5197382237 13919198535.7962
1654508114.88253 -229213027054005 -96382005858190.3 -153806.412849153 -64676.5190521576 13919198535.7962
1655332073.10707 -229339757112188 -96435296607715.8 -153806.411219373 -64676.5183668497 13919198535.7962
1656156031.33162 -229466487169029 -96488587356676.9 -153806.409591393 -64676.5176822987 13919198535.7962
1656979989.55616 -229593217224529 -96541878105074.3 -153806.40796521 -64676.5169985035 13919198535.7962
1657803947.7807 -229719947278690 -96595168852908.5 -153806.406340821 -64676.5163154627 13919198535.7962
1658627906.00525 -229846677331513 -96648459600180.3 -153806.404718224 -64676.5156331751 13919198535.7962
1659451864.22979 -229973407383000 -96701750346890.2 -153806.403097415 -64676.5149516395 13919198535.7962
1660275822.45433 -230100137433153 -96755041093038.9 -153806.401478391 -64676.5142708546 13919198535.7962
1661099780.67888 -230226867481972 -96808331838626.9 -153806.39986115 -64676.5135908192 13919198535.7962
1661923738.90342 -230353597529459 -96861622583655 -153806.398245688 -64676.512911532 13919198535.7962
1662747697.12796 -230480327575616 -96914913328123.6 -153806.396632003 -64676.5122329918 13919198535.7962
1663571655.35251 -230607057620444 -96968204072033.4 -153806.395020091 -64676.5115551974 13919198535.7962
1664395613.57705 -230733787663945 -97021494815385.1 -153806.39340995 -64676.5108781476 13919198535.7962
1665219571.80159 -230860517706120 -97074785558179.2 -153806.391801577 -64676.5102018411 13919198535.7962
1666043530.02613 -230987247746970 -97128076300416.4 -153806.390194969 -64676.5095262766 13919198535.7962
1666867488.25068 -231113977786497 -97181367042097.3 -153806.388590123 -64676.5088514531 13919198535.7962
1667691446.47522 -231240707824702 -97234657783222.4 -153806.386987035 -64676.5081773692 13919198535.7962
1668515404.69976 -231367437861588 -97287948523792.4 -153806.385385704 -64676.5075040237 13919198535.7962
1669339362.92431 -231494167897154 -97341239263807.9 -153806.383786127 -64676.5068314155 13919198535.7962
1670163321.14885 -231620897931404 -97394530003269.5 -153806.382188299 -64676.5061595433 13919198535.7962
1670987279.37339 -231747627964337 -97447820742177.9 -153806.380592219 -64676.5054884059 13919198535.7962
1671811237.59794 -231874357995957 -97501111480533.5 -153806.378997884 -64676.5048180021 13919198535.7962
1672635195.82248 -232001088026263 -97554402218337 -153806.377405291 -64676.5041483307 13919198535.7962
1673459154.04702 -232127818055258 -97607692955589.1 -153806.375814437 -64676.5034793906 13919198535.7962
1674283112.27157 -232254548082942 -97660983692290.3 -153806.374225318 -64676.5028111804 13919198535.7962
1675107070.49611 -232381278109318 -97714274428441.2 -153806.372637933 -64676.5021436991 13919198535.7962
1675931028.72065 -232508008134387 -97767565164042.5 -153806.371052279 -64676.5014769453 13919198535.7962
1676754986.9452 -232634738158150 -97820855899094.6 -153806.369468352 -64676.500810918 13919198535.7962
1677578945.16974 -232761468180609 -97874146633598.3 -153806.36788615 -64676.500145616 13919198535.7962
1678402903.39428 -232888198201764 -97927437367554.1 -153806.36630567 -64676.499481038 13919198535.7962
1679226861.61882 -233014928221618 -97980728100962.6 -153806.364726909 -64676.4988171829 13919198535.7962
1680050819.84337 -233141658240172 -98034018833824.5 -153806.363149864 -64676.4981540495 13919198535.7962
1680874778.06791 -233268388257428 -98087309566140.2 -153806.361574533 -64676.4974916367 13919198535.7962
1681698736.29245 -233395118273386 -98140600297910.4 -153806.360000913 -64676.4968299431 13919198535.7962
1682522694.517 -233521848288048 -98193891029135.7 -153806.358429 -64676.4961689678 13919198535.7962
1683346652.74154 -233648578301415 -98247181759816.7 -153806.356858793 -64676.4955087095 13919198535.7962
1684170610.96608 -233775308313490 -98300472489954 -153806.355290289 -64676.494849167 13919198535.7962
1684994569.19063 -233902038324273 -98353763219548.1 -153806.353723484 -64676.4941903392 13919198535.7962
1685818527.41517 -234028768333765 -98407053948599.6 -153806.352158376 -64676.493532225 13919198535.7962
1686642485.63971 -234155498341969 -98460344677109.2 -153806.350594962 -64676.4928748231 13919198535.7962
1687466443.86426 -234282228348885 -98513635405077.4 -153806.349033239 -64676.4922181324 13919198535.7962
1688290402.0888 -234408958354515 -98566926132504.9 -153806.347473206 -64676.4915621518 13919198535.7962
1689114360.31334 -234535688358860 -98620216859392.1 -153806.345914858 -64676.49090688 13919198535.7962
1689938318.53788 -234662418361922 -98673507585739.7 -153806.344358193 -64676.490252316 13919198535.7962
1690762276.76243 -234789148363703 -98726798311548.2 -153806.342803209 -64676.4895984587 13919198535.7962
1691586234.98697 -234915878364202 -98780089036818.3 -153806.341249902 -64676.4889453068 13919198535.7962
1692410193.21151 -235042608363422 -98833379761550.5 -153806.339698271 -64676.4882928592 13919198535.7962
1693234151.43606 -235169338361365 -98886670485745.4 -153806.338148312 -64676.4876411148 13919198535.7962
1694058109.6606 -235296068358031 -98939961209403.6 -153806.336600022 -64676.4869900725 13919198535.7962
1694882067.88514 -235422798353422 -98993251932525.7 -153806.3350534 -64676.486339731 13919198535.7962
1695706026.10969 -235549528347540 -99046542655112.2 -153806.333508441 -64676.4856900894 13919198535.7962
1696529984.33423 -235676258340385 -99099833377163.7 -153806.331965144 -64676.4850411464 13919198535.7962
1697353942.55877 -235802988331959 -99153124098680.7 -153806.330423506 -64676.484392901 13919198535.7962
1698177900.78332 -235929718322264 -99206414819664 -153806.328883525 -64676.4837453519 13919198535.7962
1699001859.00786 -236056448311300 -99259705540113.9 -153806.327345197 -64676.4830984981 13919198535.7962
1699825817.2324 -236183178299070 -99312996260031.2 -153806.325808519 -64676.4824523385 13919198535.7962
1700649775.45694 -236309908285574 -99366286979416.4 -153806.32427349 -64676.481806872 13919198535.7962
1701473733.68149 -236436638270814 -99419577698270 -153806.322740107 -64676.4811620974 13919198535.7962
1702297691.90603 -236563368254792 -99472868416592.6 -153806.321208366 -64676.4805180136 13919198535.7962
1703121650.13057 -236690098237508 -99526159134384.8 -153806.319678266 -64676.4798746195 13919198535.7962
1703945608.35512 -236816828218963 -99579449851647.2 -153806.318149803 -64676.479231914 13919198535.7962
1704769566.57966 -236943558199160 -99632740568380.2 -153806.316622975 -64676.478589896 13919198535.7962
1705593524.8042 -237070288178100 -99686031284584.6 -153806.31509778 -64676.4779485644 13919198535.7962
1706417483.02875 -237197018155784 -99739322000260.8 -153806.313574214 -64676.4773079181 13919198535.7962
1707241441.25329 -237323748132213 -99792612715409.5 -153806.312052276 -64676.476667956 13919198535.7962
1708065399.47783 -237450478107388 -99845903430031.1 -153806.310531962 -64676.4760286771 13919198535.7962
1708889357.70238 -237577208081312 -99899194144126.2 -153806.30901327 -64676.4753900801 13919198535.7962
1709713315.92692 -237703938053985 -99952484857695.5 -153806.307496198 -64676.474752164 13919198535.7962
1710537274.15146 -237830668025409 -100005775570739 -153806.305980742 -64676.4741149278 13919198535.7962
1711361232.37601 -237957397995584 -100059066283259 -153806.304466901 -64676.4734783703 13919198535.7962
1712185190.60055 -238084127964513 -100112356995254 -153806.302954671 -64676.4728424905 13919198535.7962
1713009148.82509 -238210857932197 -100165647706725 -153806.30144405 -64676.4722072873 13919198535.7962
1713833107.04963 -238337587898637 -100218938417673 -153806.299935036 -64676.4715727595 13919198535.7962
1714657065.27418 -238464317863833 -100272229128099 -153806.298427626 -64676.4709389062 13919198535.7962
1715481023.49872 -238591047827789 -100325519838002 -153806.296921817 -64676.4703057262 13919198535.7962
1716304981.72326 -238717777790504 -100378810547384 -153806.295417606 -64676.4696732185 13919198535.7962
1717128939.94781 -238844507751981 -100432101256246 -153806.293914992 -64676.469041382 13919198535.7962
1717952898.17235 -238971237712220 -100485391964587 -153806.292413972 -64676.4684102157 13919198535.7962
1718776856.39689 -239097967671223 -100538682672408 -153806.290914543 -64676.4677797184 13919198535.7962
1719600814.62144 -239224697628992 -100591973379710 -153806.289416703 -64676.4671498891 13919198535.7962
1720424772.84598 -239351427585527 -100645264086493 -153806.287920448 -64676.4665207268 13919198535.7962
1721248731.07052 -239478157540829 -100698554792758 -153806.286425778 -64676.4658922304 13919198535.7962
1722072689.29507 -239604887494901 -100751845498506 -153806.284932688 -64676.4652643988 13919198535.7962
1722896647.51961 -239731617447743 -100805136203736 -153806.283441178 -64676.464637231 13919198535.7962
1723720605.74415 -239858347399357 -100858426908450 -153806.281951243 -64676.4640107259 13919198535.7962
1724544563.96869 -239985077349744 -100911717612649 -153806.280462882 -64676.4633848824 13919198535.7962
1725368522.19324 -240111807298905 -100965008316331 -153806.278976091 -64676.4627596997 13919198535.7962
1726192480.41778 -240238537246842 -101018299019499 -153806.27749087 -64676.4621351765 13919198535.7962
1727016438.64232 -240365267193555 -101071589722153 -153806.276007215 -64676.4615113118 13919198535.7962
1727840396.86687 -240491997139047 -101124880424293 -153806.274525123 -64676.4608881046 13919198535.7962
1728664355.09141 -240618727083318 -101178171125919 -153806.273044593 -64676.4602655539 13919198535.7962
1729488313.31595 -240745457026370 -101231461827033 -153806.271565621 -64676.4596436586 13919198535.7962
1730312271.5405 -240872186968204 -101284752527635 -153806.270088206 -64676.4590224177 13919198535.7962
1731136229.76504 -240998916908822 -101338043227725 -153806.268612344 -64676.4584018302 13919198535.7962
1731960187.98958 -241125646848224 -101391333927304 -153806.267138034 -64676.457781895 13919198535.7962
1732784146.21413 -241252376786411 -101444624626372 -153806.265665272 -64676.4571626111 13919198535.7962
1733608104.43867 -241379106723386 -101497915324931 -153806.264194058 -64676.4565439774 13919198535.7962
1734432062.66321 -241505836659150 -101551206022980 -153806.262724387 -64676.455925993 13919198535.7962
1735256020.88775 -241632566593703 -101604496720520 -153806.261256258 -64676.4553086568 13919198535.7962
1736079979.1123 -241759296527047 -101657787417552 -153806.259789668 -64676.4546919679 13919198535.7962
1736903937.33684 -241886026459183 -101711078114076 -153806.258324615 -64676.4540759251 13919198535.7962
1737727895.56138 -242012756390113 -101764368810092 -153806.256861096 -64676.4534605275 13919198535.7962
1738551853.78593 -242139486319837 -101817659505602 -153806.255399109 -64676.4528457741 13919198535.7962
1739375812.01047 -242266216248358 -101870950200606 -153806.253938652 -64676.4522316638 13919198535.7962
1740199770.23501 -242392946175675 -101924240895103 -153806.252479721 -64676.4516181957 13919198535.7962
1741023728.45956 -242519676101792 -101977531589096 -153806.251022316 -64676.4510053687 13919198535.7962
1741847686.6841 -242646406026708 -102030822282584 -153806.249566433 -64676.4503931818 13919198535.7962
1742671644.90864 -242773135950425 -102084112975568 -153806.24811207 -64676.4497816341 13919198535.7962
1743495603.13319 -242899865872944 -102137403668048 -153806.246659224 -64676.4491707244 13919198535.7962
1744319561.35773 -243026595794267 -102190694360025 -153806.245207894 -64676.448560452 13919198535.7962
1745143519.58227 -243153325714395 -102243985051499 -153806.243758077 -64676.4479508156 13919198535.7962
1745967477.80682 -243280055633329 -102297275742472 -153806.24230977 -64676.4473418144 13919198535.7962
1746791436.03136 -243406785551070 -102350566432942 -153806.240862971 -64676.4467334473 13919198535.7962
1747615394.2559 -243533515467619 -102403857122912 -153806.239417678 -64676.4461257134 13919198535.7962
1748439352.48044 -243660245382979 -102457147812382 -153806.237973889 -64676.4455186117 13919198535.7962
1749263310.70499 -243786975297149 -102510438501351 -153806.2365316 -64676.4449121412 13919198535.7962
1750087268.92953 -243913705210132 -102563729189821 -153806.23509081 -64676.4443063008 13919198535.7962
1750911227.15407 -244040435121928 -102617019877792 -153806.233651517 -64676.4437010897 13919198535.7962
1751735185.37862 -244167165032538 -102670310565264 -153806.232213718 -64676.4430965068 13919198535.7962
1752559143.60316 -244293894941965 -102723601252239 -153806.23077741 -64676.4424925512 13919198535.7962
1753383101.8277 -244420624850209 -102776891938716 -153806.229342592 -64676.4418892218 13919198535.7962
1754207060.05225 -244547354757271 -102830182624697 -153806.227909262 -64676.4412865178 13919198535.7962
1755031018.27679 -244674084663153 -102883473310181 -153806.226477415 -64676.4406844381 13919198535.7962
1755854976.50133 -244800814567855 -102936763995169 -153806.225047052 -64676.4400829818 13919198535.7962
1756678934.72588 -244927544471380 -102990054679662 -153806.223618169 -64676.4394821479 13919198535.7962
1757502892.95042 -245054274373728 -103043345363660 -153806.222190763 -64676.4388819354 13919198535.7962
1758326851.17496 -245181004274900 -103096636047164 -153806.220764833 -64676.4382823434 13919198535.7962
1759150809.3995 -245307734174898 -103149926730174 -153806.219340377 -64676.4376833709 13919198535.7962
1759974767.62405 -245434464073724 -103203217412691 -153806.217917391 -64676.4370850169 13919198535.7962
1760798725.84859 -245561193971377 -103256508094715 -153806.216495874 -64676.4364872806 13919198535.7962
1761622684.07313 -245687923867859 -103309798776247 -153806.215075824 -64676.4358901609 13919198535.7962
1762446642.29768 -245814653763172 -103363089457287 -153806.213657238 -64676.4352936569 13919198535.7962
1763270600.52222 -245941383657317 -103416380137836 -153806.212240114 -64676.4346977676 13919198535.7962
1764094558.74676 -246068113550295 -103469670817894 -153806.21082445 -64676.4341024921 13919198535.7962
1764918516.97131 -246194843442107 -103522961497462 -153806.209410243 -64676.4335078294 13919198535.7962
1765742475.19585 -246321573332754 -103576252176540 -153806.207997491 -64676.4329137786 13919198535.7962
1766566433.42039 -246448303222238 -103629542855129 -153806.206586193 -64676.4323203388 13919198535.7962
1767390391.64494 -246575033110559 -103682833533229 -153806.205176345 -64676.4317275089 13919198535.7962
1768214349.86948 -246701762997720 -103736124210841 -153806.203767945 -64676.4311352882 13919198535.7962
1769038308.09402 -246828492883720 -103789414887965 -153806.202360992 -64676.4305436755 13919198535.7962
1769862266.31856 -246955222768562 -103842705564602 -153806.200955482 -64676.4299526701 13919198535.7962
1770686224.54311 -247081952652247 -103895996240752 -153806.199551415 -64676.4293622709 13919198535.7962
1771510182.76765 -247208682534775 -103949286916417 -153806.198148787 -64676.428772477 13919198535.7962
1772334140.99219 -247335412416148 -104002577591595 -153806.196747597 -64676.4281832875 13919198535.7962
1773158099.21674 -247462142296367 -104055868266288 -153806.195347841 -64676.4275947015 13919198535.7962
1773982057.44128 -247588872175433 -104109158940497 -153806.193949519 -64676.427006718 13919198535.7962
1774806015.66582 -247715602053348 -104162449614221 -153806.192552627 -64676.4264193362 13919198535.7962
1775629973.89037 -247842331930112 -104215740287461 -153806.191157164 -64676.425832555 13919198535.7962
1776453932.11491 -247969061805728 -104269030960218 -153806.189763128 -64676.4252463736 13919198535.7962
1777277890.33945 -248095791680195 -104322321632493 -153806.188370515 -64676.424660791 13919198535.7962
1778101848.564 -248222521553515 -104375612304285 -153806.186979324 -64676.4240758064 13919198535.7962
1778925806.78854 -248349251425690 -104428902975596 -153806.185589554 -64676.4234914188 13919198535.7962
1779749765.01308 -248475981296720 -104482193646425 -153806.184201201 -64676.4229076273 13919198535.7962
1780573723.23763 -248602711166606 -104535484316773 -153806.182814263 -64676.4223244309 13919198535.7962
1781397681.46217 -248729441035351 -104588774986642 -153806.181428739 -64676.4217418289 13919198535.7962
1782221639.68671 -248856170902954 -104642065656030 -153806.180044626 -64676.4211598203 13919198535.7962
1783045597.91125 -248982900769418 -104695356324939 -153806.178661922 -64676.4205784041 13919198535.7962
1783869556.1358 -249109630634743 -104748646993369 -153806.177280625 -64676.4199975794 13919198535.7962
1784693514.36034 -249236360498930 -104801937661321 -153806.175900732 -64676.4194173455 13919198535.7962
1785517472.58488 -249363090361981 -104855228328795 -153806.174522242 -64676.4188377013 13919198535.7962
1786341430.80943 -249489820223897 -104908518995792 -153806.173145153 -64676.4182586459 13919198535.7962
1787165389.03397 -249616550084678 -104961809662312 -153806.171769462 -64676.4176801785 13919198535.7962
1787989347.25851 -249743279944327 -105015100328355 -153806.170395167 -64676.4171022982 13919198535.7962
1788813305.48306 -249870009802844 -105068390993923 -153806.169022266 -64676.4165250041 13919198535.7961
1789637263.7076 -249996739660230 -105121681659015 -153806.167650757 -64676.4159482953 13919198535.7962
1790461221.93214 -250123469516487 -105174972323632 -153806.166280638 -64676.4153721708 13919198535.7962
1791285180.15669 -250250199371615 -105228262987775 -153806.164911906 -64676.4147966299 13919198535.7961
1792109138.38123 -250376929225616 -105281553651444 -153806.16354456 -64676.4142216715 13919198535.7961
1792933096.60577 -250503659078491 -105334844314639 -153806.162178598 -64676.413647295 13919198535.7961
1793757054.83031 -250630388930242 -105388134977361 -153806.160814017 -64676.4130734992 13919198535.7961
1794581013.05486 -250757118780868 -105441425639611 -153806.159450815 -64676.4125002835 13919198535.7961
1795404971.2794 -250883848630372 -105494716301388 -153806.158088991 -64676.4119276468 13919198535.7961
1796228929.50394 -251010578478754 -105548006962694 -153806.156728541 -64676.4113555884 13919198535.7961
1797052887.72849 -251137308326016 -105601297623529 -153806.155369465 -64676.4107841073 13919198535.7961
1797876845.95303 -251264038172158 -105654588283893 -153806.15401176 -64676.4102132027 13919198535.7961
1798700804.17757 -251390768017183 -105707878943788 -153806.152655423 -64676.4096428737 13919198535.7961
1799524762.40212 -251517497861090 -105761169603212 -153806.151300454 -64676.4090731194 13919198535.7961
1800348720.62666 -251644227703882 -105814460262167 -153806.149946849 -64676.4085039389 13919198535.7961
1801172678.8512 -251770957545559 -105867750920654 -153806.148594606 -64676.4079353315 13919198535.7961
1801996637.07575 -251897687386122 -105921041578672 -153806.147243725 -64676.4073672962 13919198535.7961
1802820595.30029 -252024417225573 -105974332236222 -153806.145894202 -64676.4067998321 13919198535.7961
1803644553.52483 -252151147063912 -106027622893305 -153806.144546035 -64676.4062329385 13919198535.7961
1804468511.74937 -252277876901141 -106080913549921 -153806.143199223 -64676.4056666144 13919198535.7961
1805292469.97392 -252404606737261 -106134204206071 -153806.141853764 -64676.405100859 13919198535.7961
1806116428.19846 -252531336572273 -106187494861755 -153806.140509655 -64676.4045356714 13919198535.7961
1806940386.423 -252658066406177 -106240785516973 -153806.139166894 -64676.4039710508 13919198535.7961
1807764344.64755 -252784796238976 -106294076171727 -153806.13782548 -64676.4034069963 13919198535.7961
1808588302.87209 -252911526070671 -106347366826016 -153806.13648541 -64676.4028435071 13919198535.7961
1809412261.09663 -253038255901262 -106400657479840 -153806.135146682 -64676.4022805823 13919198535.7961
1810236219.32118 -253164985730750 -106453948133202 -153806.133809295 -64676.4017182211 13919198535.7961
1811060177.54572 -253291715559137 -106507238786100 -153806.132473245 -64676.4011564226 13919198535.7961
1811884135.77026 -253418445386423 -106560529438535 -153806.131138533 -64676.400595186 13919198535.7961
1812708093.99481 -253545175212610 -106613820090508 -153806.129805154 -64676.4000345104 13919198535.7961
1813532052.21935 -253671905037700 -106667110742020 -153806.128473108 -64676.399474395 13919198535.7961
1814356010.44389 -253798634861692 -106720401393070 -153806.127142392 -64676.398914839 13919198535.7961
1815179968.66844 -253925364684588 -106773692043659 -153806.125813004 -64676.3983558416 13919198535.7961
1816003926.89298 -254052094506390 -106826982693788 -153806.124484942 -64676.3977974018 13919198535.7961
1816827885.11752 -254178824327098 -106880273343458 -153806.123158205 -64676.3972395189 13919198535.7961
1817651843.34206 -254305554146713 -106933563992667 -153806.121832791 -64676.3966821919 13919198535.7961
1818475801.56661 -254432283965236 -106986854641418 -153806.120508696 -64676.3961254202 13919198535.7961
1819299759.79115 -254559013782669 -107040145289710 -153806.11918592 -64676.3955692029 13919198535.7961
1820123718.01569 -254685743599013 -107093435937544 -153806.11786446 -64676.3950135391 13919198535.7961
1820947676.24024 -254812473414269 -107146726584921 -153806.116544315 -64676.3944584279 13919198535.7961
1821771634.46478 -254939203228437 -107200017231840 -153806.115225482 -64676.3939038687 13919198535.7961
1822595592.68932 -255065933041519 -107253307878302 -153806.11390796 -64676.3933498606 13919198535.7961
1823419550.91387 -255192662853516 -107306598524309 -153806.112591747 -64676.3927964026 13919198535.7961
1824243509.13841 -255319392664430 -107359889169859 -153806.11127684 -64676.3922434941 13919198535.7961
1825067467.36295 -255446122474260 -107413179814955 -153806.109963238 -64676.3916911342 13919198535.7961
1825891425.5875 -255572852283008 -107466470459595 -153806.108650938 -64676.3911393221 13919198535.7961
1826715383.81204 -255699582090676 -107519761103781 -153806.107339939 -64676.390588057 13919198535.7961
1827539342.03658 -255826311897264 -107573051747513 -153806.106030239 -64676.390037338 13919198535.7961
1828363300.26112 -255953041702773 -107626342390791 -153806.104721837 -64676.3894871644 13919198535.7961
1829187258.48567 -256079771507205 -107679633033616 -153806.103414729 -64676.3889375353 13919198535.7961
1830011216.71021 -256206501310561 -107732923675989 -153806.102108914 -64676.3883884499 13919198535.7961
1830835174.93475 -256333231112841 -107786214317909 -153806.100804391 -64676.3878399075 13919198535.7961
1831659133.1593 -256459960914046 -107839504959378 -153806.099501156 -64676.3872919072 13919198535.7961
1832483091.38384 -256586690714179 -107892795600395 -153806.098199209 -64676.3867444482 13919198535.7961
1833307049.60838 -256713420513239 -107946086240962 -153806.096898548 -64676.3861975297 13919198535.7961
1834131007.83293 -256840150311228 -107999376881078 -153806.09559917 -64676.385651151 13919198535.7961
1834954966.05747 -256966880108147 -108052667520744 -153806.094301074 -64676.3851053111 13919198535.7961
1835778924.28201 -257093609903997 -108105958159960 -153806.093004257 -64676.3845600094 13919198535.7961
1836602882.50656 -257220339698779 -108159248798728 -153806.091708719 -64676.384015245 13919198535.7961
1837426840.7311 -257347069492494 -108212539437047 -153806.090414456 -64676.3834710171 13919198535.7961
1838250798.95564 -257473799285143 -108265830074917 -153806.089121467 -64676.382927325 13919198535.7961
1839074757.18018 -257600529076727 -108319120712340 -153806.087829751 -64676.3823841678 13919198535.7961
1839898715.40473 -257727258867247 -108372411349316 -153806.086539305 -64676.3818415448 13919198535.7961
1840722673.62927 -257853988656705 -108425701985844 -153806.085250127 -64676.3812994551 13919198535.7961
1841546631.85381 -257980718445101 -108478992621926 -153806.083962216 -64676.3807578981 13919198535.7961
1842370590.07836 -258107448232436 -108532283257563 -153806.08267557 -64676.3802168728 13919198535.7961
1843194548.3029 -258234178018712 -108585573892753 -153806.081390187 -64676.3796763785 13919198535.7961
1844018506.52744 -258360907803929 -108638864527499 -153806.080106064 -64676.3791364145 13919198535.7961
1844842464.75199 -258487637588088 -108692155161800 -153806.078823201 -64676.37859698 13919198535.7961
1845666422.97653 -258614367371192 -108745445795656 -153806.077541595 -64676.3780580741 13919198535.7961
1846490381.20107 -258741097153239 -108798736429069 -153806.076261245 -64676.3775196961 13919198535.7961
1847314339.42562 -258867826934232 -108852027062038 -153806.074982148 -64676.3769818452 13919198535.7961
1848138297.65016 -258994556714172 -108905317694565 -153806.073704303 -64676.3764445207 13919198535.7961
1848962255.8747 -259121286493059 -108958608326649 -153806.072427708 -64676.3759077218 13919198535.7961
1849786214.09925 -259248016270895 -109011898958291 -153806.071152361 -64676.3753714477 13919198535.7961
1850610172.32379 -259374746047681 -109065189589491 -153806.06987826 -64676.3748356976 13919198535.7961
1851434130.54833 -259501475823417 -109118480220250 -153806.068605404 -64676.3743004708 13919198535.7961
1852258088.77287 -259628205598105 -109171770850568 -153806.06733379 -64676.3737657665 13919198535.7961
1853082046.99742 -259754935371746 -109225061480446 -153806.066063417 -64676.3732315839 13919198535.7961
1853906005.22196 -259881665144341 -109278352109884 -153806.064794283 -64676.3726979224 13919198535.7961
1854729963.4465 -260008394915890 -109331642738882 -153806.063526387 -64676.372164781 13919198535.7961
1855553921.67105 -260135124686395 -109384933367441 -153806.062259725 -64676.3716321591 13919198535.7961
1856377879.89559 -260261854455857 -109438223995562 -153806.060994297 -64676.3711000559 13919198535.7961
1857201838.12013 -260388584224277 -109491514623245 -153806.059730101 -64676.3705684706 13919198535.7961
1858025796.34468 -260515313991656 -109544805250489 -153806.058467135 -64676.3700374025 13919198535.7961
1858849754.56922 -260642043757995 -109598095877296 -153806.057205397 -64676.3695068508 13919198535.7961
1859673712.79376 -260768773523294 -109651386503667 -153806.055944886 -64676.3689768148 13919198535.7961
1860497671.01831 -260895503287556 -109704677129601 -153806.054685599 -64676.3684472938 13919198535.7961
1861321629.24285 -261022233050780 -109757967755098 -153806.053427535 -64676.3679182869 13919198535.7961
1862145587.46739 -261148962812968 -109811258380160 -153806.052170692 -64676.3673897934 13919198535.7961
1862969545.69193 -261275692574122 -109864549004787 -153806.050915068 -64676.3668618127 13919198535.7961
1863793503.91648 -261402422334241 -109917839628979 -153806.049660662 -64676.3663343438 13919198535.7961
1864617462.14102 -261529152093327 -109971130252737 -153806.048407471 -64676.3658073861 13919198535.7961
1865441420.36556 -261655881851381 -110024420876061 -153806.047155494 -64676.3652809389 13919198535.7961
1866265378.59011 -261782611608403 -110077711498951 -153806.04590473 -64676.3647550014 13919198535.7961
1867089336.81465 -261909341364396 -110131002121408 -153806.044655176 -64676.3642295729 13919198535.7961
1867913295.03919 -262036071119360 -110184292743432 -153806.04340683 -64676.3637046526 13919198535.7961
1868737253.26374 -262162800873295 -110237583365024 -153806.042159692 -64676.3631802397 13919198535.7961
1869561211.48828 -262289530626204 -110290873986184 -153806.040913758 -64676.3626563337 13919198535.7961
1870385169.71282 -262416260378086 -110344164606912 -153806.039669028 -64676.3621329336 13919198535.7961
1871209127.93737 -262542990128944 -110397455227210 -153806.0384255 -64676.3616100388 13919198535.7961
1872033086.16191 -262669719878777 -110450745847077 -153806.037183172 -64676.3610876486 13919198535.7961
1872857044.38645 -262796449627587 -110504036466513 -153806.035942042 -64676.3605657622 13919198535.7961
1873681002.61099 -262923179375375 -110557327085520 -153806.034702108 -64676.360044379 13919198535.7961
1874504960.83554 -263049909122142 -110610617704098 -153806.033463369 -64676.359523498 13919198535.7961
1875328919.06008 -263176638867888 -110663908322246 -153806.032225823 -64676.3590031188 13919198535.7961
1876152877.28462 -263303368612616 -110717198939966 -153806.030989468 -64676.3584832404 13919198535.7961
1876976835.50917 -263430098356325 -110770489557258 -153806.029754303 -64676.3579638623 13919198535.7961
1877800793.73371 -263556828099017 -110823780174122 -153806.028520326 -64676.3574449836 13919198535.7961
1878624751.95825 -263683557840692 -110877070790558 -153806.027287535 -64676.3569266037 13919198535.7961
1879448710.1828 -263810287581353 -110930361406568 -153806.026055928 -64676.3564087218 13919198535.7961
1880272668.40734 -263937017320999 -110983652022151 -153806.024825504 -64676.3558913372 13919198535.7961
1881096626.63188 -264063747059632 -111036942637309 -153806.023596262 -64676.3553744492 13919198535.7961
1881920584.85643 -264190476797252 -111090233252040 -153806.022368198 -64676.3548580572 13919198535.7961
1882744543.08097 -264317206533861 -111143523866346 -153806.021141312 -64676.3543421603 13919198535.7961
1883568501.30551 -264443936269459 -111196814480228 -153806.019915602 -64676.3538267578 13919198535.7961
1884392459.53006 -264570666004049 -111250105093684 -153806.018691066 -64676.3533118491 13919198535.7961
1885216417.7546 -264697395737629 -111303395706717 -153806.017467703 -64676.3527974335 13919198535.7961
1886040375.97914 -264824125470202 -111356686319326 -153806.016245511 -64676.3522835102 13919198535.7961
1886864334.20368 -264950855201769 -111409976931512 -153806.015024487 -64676.3517700785 13919198535.7961
1887688292.42823 -265077584932330 -111463267543275 -153806.013804632 -64676.3512571378 13919198535.7961
1888512250.65277 -265204314661886 -111516558154616 -153806.012585942 -64676.3507446872 13919198535.7961
1889336208.87731 -265331044390439 -111569848765534 -153806.011368416 -64676.3502327262 13919198535.7961
1890160167.10186 -265457774117989 -111623139376031 -153806.010152053 -64676.349721254 13919198535.7961
1890984125.3264 -265584503844537 -111676429986107 -153806.008936851 -64676.3492102699 13919198535.7961
1891808083.55094 -265711233570085 -111729720595762 -153806.007722808 -64676.3486997733 13919198535.7961
1892632041.77549 -265837963294632 -111783011204996 -153806.006509922 -64676.3481897633 13919198535.7961
1893456000.00003 -265964693018181 -111836301813811 -153806.005298192 -64676.3476802394 13919198535.7961
1894279958.22457 -266091422740732 -111889592422206 -153806.004087617 -64676.3471712008 13919198535.7961
1895103916.44912 -266218152462285 -111942883030181 -153806.002878194 -64676.3466626469 13919198535.7961
1895927874.67366 -266344882182843 -111996173637738 -153806.001669922 -64676.3461545769 13919198535.7961
1896751832.8982 -266471611902406 -112049464244876 -153806.000462799 -64676.3456469902 13919198535.7961
1897575791.12274 -266598341620974 -112102754851597 -153805.999256824 -64676.345139886 13919198535.7961
1898399749.34729 -266725071338550 -112156045457899 -153805.998051995 -64676.3446332637 13919198535.7961
1899223707.57183 -266851801055133 -112209336063785 -153805.99684831 -64676.3441271226 13919198535.7961
1900047665.79637 -266978530770724 -112262626669253 -153805.995645768 -64676.343621462 13919198535.7961
1900871624.02092 -267105260485326 -112315917274305 -153805.994444367 -64676.3431162812 13919198535.7961
1901695582.24546 -267231990198938 -112369207878941 -153805.993244106 -64676.3426115796 13919198535.7961
1902519540.47 -267358719911561 -112422498483162 -153805.992044982 -64676.3421073564 13919198535.7961
1903343498.69455 -267485449623197 -112475789086967 -153805.990846995 -64676.341603611 13919198535.7961
1904167456.91909 -267612179333846 -112529079690357 -153805.989650143 -64676.3411003427 13919198535.7961
1904991415.14363 -267738909043510 -112582370293333 -153805.988454423 -64676.3405975509 13919198535.7961
1905815373.36818 -267865638752188 -112635660895895 -153805.987259835 -64676.3400952347 13919198535.7961
1906639331.59272 -267992368459883 -112688951498043 -153805.986066376 -64676.3395933937 13919198535.7961
1907463289.81726 -268119098166595 -112742242099778 -153805.984874046 -64676.339092027 13919198535.7961
1908287248.0418 -268245827872325 -112795532701099 -153805.983682843 -64676.3385911341 13919198535.7961
1909111206.26635 -268372557577074 -112848823302009 -153805.982492764 -64676.3380907142 13919198535.7961
1909935164.49089 -268499287280843 -112902113902506 -153805.981303809 -64676.3375907668 13919198535.7961
1910759122.71543 -268626016983633 -112955404502591 -153805.980115976 -64676.337091291 13919198535.7961
1911583080.93998 -268752746685445 -113008695102265 -153805.978929263 -64676.3365922863 13919198535.7961
1912407039.16452 -268879476386279 -113061985701528 -153805.977743668 -64676.3360937519 13919198535.7961
1913230997.38906 -269006206086137 -113115276300381 -153805.976559191 -64676.3355956873 13919198535.7961
1914054955.61361 -269132935785019 -113168566898823 -153805.975375829 -64676.3350980918 13919198535.7961
1914878913.83815 -269259665482926 -113221857496856 -153805.974193582 -64676.3346009646 13919198535.7961
1915702872.06269 -269386395179860 -113275148094479 -153805.973012446 -64676.3341043052 13919198535.7961
1916526830.28724 -269513124875822 -113328438691693 -153805.971832421 -64676.3336081128 13919198535.7961
1917350788.51178 -269639854570811 -113381729288498 -153805.970653506 -64676.3331123868 13919198535.7961
1918174746.73632 -269766584264829 -113435019884896 -153805.969475698 -64676.3326171266 13919198535.7961
1918998704.96087 -269893313957878 -113488310480885 -153805.968298996 -64676.3321223316 13919198535.7961
1919822663.18541 -270020043649957 -113541601076467 -153805.967123399 -64676.3316280009 13919198535.7961
1920646621.40995 -270146773341068 -113594891671641 -153805.965948905 -64676.331134134 13919198535.7961
1921470579.63449 -270273503031212 -113648182266409 -153805.964775512 -64676.3306407303 13919198535.7961
1922294537.85904 -270400232720390 -113701472860771 -153805.963603219 -64676.3301477891 13919198535.7961
1923118496.08358 -270526962408602 -113754763454727 -153805.962432025 -64676.3296553097 13919198535.7961
1923942454.30812 -270653692095850 -113808054048277 -153805.961261927 -64676.3291632915 13919198535.7961
1924766412.53267 -270780421782133 -113861344641421 -153805.960092925 -64676.3286717338 13919198535.7961
1925590370.75721 -270907151467454 -113914635234161 -153805.958925016 -64676.328180636 13919198535.7961
1926414328.98175 -271033881151814 -113967925826497 -153805.957758199 -64676.3276899975 13919198535.7961
1927238287.2063 -271160610835212 -114021216418428 -153805.956592473 -64676.3271998176 13919198535.7961
1928062245.43084 -271287340517650 -114074507009956 -153805.955427837 -64676.3267100956 13919198535.7961
1928886203.65538 -271414070199129 -114127797601080 -153805.954264287 -64676.326220831 13919198535.7961
1929710161.87993 -271540799879650 -114181088191802 -153805.953101824 -64676.325732023 13919198535.7961
1930534120.10447 -271667529559213 -114234378782121 -153805.951940446 -64676.3252436711 13919198535.7961
1931358078.32901 -271794259237820 -114287669372038 -153805.95078015 -64676.3247557746 13919198535.7961
1932182036.55355 -271920988915472 -114340959961552 -153805.949620936 -64676.3242683329 13919198535.7961
1933005994.7781 -272047718592168 -114394250550666 -153805.948462802 -64676.3237813453 13919198535.7961
1933829953.00264 -272174448267911 -114447541139378 -153805.947305747 -64676.3232948112 13919198535.7961
1934653911.22718 -272301177942701 -114500831727690 -153805.946149768 -64676.32280873 13919198535.7961
1935477869.45173 -272427907616539 -114554122315601 -153805.944994866 -64676.3223231009 13919198535.7961
1936301827.67627 -272554637289426 -114607412903113 -153805.943841037 -64676.3218379235 13919198535.7961
1937125785.90081 -272681366961362 -114660703490225 -153805.94268828 -64676.3213531971 13919198535.7961
1937949744.12536 -272808096632349 -114713994076937 -153805.941536595 -64676.320868921 13919198535.7961
1938773702.3499 -272934826302388 -114767284663251 -153805.940385979 -64676.3203850946 13919198535.7961
1939597660.57444 -273061555971478 -114820575249166 -153805.939236431 -64676.3199017174 13919198535.7961
1940421618.79899 -273188285639623 -114873865834683 -153805.938087949 -64676.3194187885 13919198535.7961
1941245577.02353 -273315015306821 -114927156419803 -153805.936940533 -64676.3189363076 13919198535.7961
1942069535.24807 -273441744973074 -114980447004525 -153805.93579418 -64676.3184542738 13919198535.7961
1942893493.47261 -273568474638384 -115033737588850 -153805.93464889 -64676.3179726867 13919198535.7961
1943717451.69716 -273695204302750 -115087028172779 -153805.93350466 -64676.3174915455 13919198535.7961
1944541409.9217 -273821933966173 -115140318756311 -153805.932361489 -64676.3170108496 13919198535.7961
1945365368.14624 -273948663628656 -115193609339447 -153805.931219375 -64676.3165305986 13919198535.7961
1946189326.37079 -274075393290197 -115246899922188 -153805.930078318 -64676.3160507916 13919198535.7961
1947013284.59533 -274202122950799 -115300190504534 -153805.928938316 -64676.3155714281 13919198535.7961
1947837242.81987 -274328852610462 -115353481086485 -153805.927799367 -64676.3150925076 13919198535.7961
1948661201.04442 -274455582269187 -115406771668041 -153805.92666147 -64676.3146140293 13919198535.7961
1949485159.26896 -274582311926974 -115460062249204 -153805.925524623 -64676.3141359927 13919198535.7961
1950309117.4935 -274709041583826 -115513352829972 -153805.924388825 -64676.3136583971 13919198535.7961
1951133075.71805 -274835771239742 -115566643410348 -153805.923254075 -64676.313181242 13919198535.7961
1951957033.94259 -274962500894724 -115619933990330 -153805.922120371 -64676.3127045267 13919198535.7961
1952780992.16713 -275089230548771 -115673224569920 -153805.920987711 -64676.3122282507 13919198535.7961
1953604950.39167 -275215960201886 -115726515149117 -153805.919856094 -64676.3117524132 13919198535.7961
1954428908.61622 -275342689854069 -115779805727923 -153805.918725519 -64676.3112770138 13919198535.7961
1955252866.84076 -275469419505321 -115833096306337 -153805.917595984 -64676.3108020518 13919198535.7961
1956076825.0653 -275596149155643 -115886386884360 -153805.916467488 -64676.3103275266 13919198535.7961
1956900783.28985 -275722878805035 -115939677461992 -153805.91534003 -64676.3098534376 13919198535.7961
1957724741.51439 -275849608453499 -115992968039234 -153805.914213607 -64676.3093797842 13919198535.7961
1958548699.73893 -275976338101035 -116046258616085 -153805.913088219 -64676.3089065658 13919198535.7961
1959372657.96348 -276103067747644 -116099549192547 -153805.911963864 -64676.3084337819 13919198535.7961
1960196616.18802 -276229797393327 -116152839768620 -153805.910840541 -64676.3079614317 13919198535.7961
1961020574.41256 -276356527038085 -116206130344303 -153805.909718248 -64676.3074895147 13919198535.7961
1961844532.63711 -276483256681919 -116259420919598 -153805.908596983 -64676.3070180304 13919198535.7961
1962668490.86165 -276609986324829 -116312711494504 -153805.907476747 -64676.3065469781 13919198535.7961
1963492449.08619 -276736715966816 -116366002069023 -153805.906357536 -64676.3060763572 13919198535.7961
1964316407.31074 -276863445607882 -116419292643154 -153805.90523935 -64676.3056061671 13919198535.7961
1965140365.53528 -276990175248027 -116472583216898 -153805.904122187 -64676.3051364073 13919198535.7961
1965964323.75982 -277116904887252 -116525873790254 -153805.903006046 -64676.3046670771 13919198535.7961
1966788281.98436 -277243634525558 -116579164363225 -153805.901890925 -64676.304198176 13919198535.7961
1967612240.20891 -277370364162945 -116632454935809 -153805.900776823 -64676.3037297034 13919198535.7961
1968436198.43345 -277497093799415 -116685745508007 -153805.899663739 -64676.3032616586 13919198535.7961
1969260156.65799 -277623823434968 -116739036079820 -153805.898551671 -64676.3027940412 13919198535.7961
1970084114.88254 -277750553069605 -116792326651248 -153805.897440618 -64676.3023268505 13919198535.7961
1970908073.10708 -277877282703327 -116845617222290 -153805.896330578 -64676.3018600859 13919198535.7961
1971732031.33162 -278004012336135 -116898907792949 -153805.89522155 -64676.3013937469 13919198535.7961
1972555989.55617 -278130741968029 -116952198363223 -153805.894113533 -64676.3009278328 13919198535.7961
1973379947.78071 -278257471599011 -117005488933114 -153805.893006526 -64676.3004623431 13919198535.7961
1974203906.00525 -278384201229081 -117058779502621 -153805.891900526 -64676.2999972773 13919198535.7962
1975027864.2298 -278510930858240 -117112070071746 -153805.890795533 -64676.2995326346 13919198535.7962
1975851822.45434 -278637660486490 -117165360640487 -153805.889691544 -64676.2990684146 13919198535.7962
1976675780.67888 -278764390113830 -117218651208847 -153805.88858856 -64676.2986046167 13919198535.7961
1977499738.90342 -278891119740261 -117271941776824 -153805.887486578 -64676.2981412403 13919198535.7962
1978323697.12797 -279017849365785 -117325232344420 -153805.886385597 -64676.2976782848 13919198535.7962
1979147655.35251 -279144578990403 -117378522911634 -153805.885285616 -64676.2972157497 13919198535.7962
1979971613.57705 -279271308614114 -117431813478468 -153805.884186633 -64676.2967536344 13919198535.7962
1980795571.8016 -279398038236920 -117485104044921 -153805.883088647 -64676.2962919382 13919198535.7962
1981619530.02614 -279524767858822 -117538394610993 -153805.881991657 -64676.2958306607 13919198535.7962
1982443488.25068 -279651497479821 -117591685176686 -153805.88089566 -64676.2953698013 13919198535.7961
1983267446.47523 -279778227099917 -117644975741999 -153805.879800657 -64676.2949093594 13919198535.7961
1984091404.69977 -279904956719111 -117698266306933 -153805.878706646 -64676.2944493344 13919198535.7961
1984915362.92431 -280031686337404 -117751556871488 -153805.877613624 -64676.2939897258 13919198535.7962
1985739321.14886 -280158415954797 -117804847435665 -153805.876521592 -64676.2935305329 13919198535.7961
1986563279.3734 -280285145571290 -117858137999463 -153805.875430546 -64676.2930717554 13919198535.7962
1987387237.59794 -280411875186885 -117911428562884 -153805.874340488 -64676.2926133925 13919198535.7961
1988211195.82248 -280538604801582 -117964719125927 -153805.873251414 -64676.2921554437 13919198535.7962
1989035154.04703 -280665334415382 -118018009688593 -153805.872163323 -64676.2916979085 13919198535.7961
1989859112.27157 -280792064028286 -118071300250882 -153805.871076215 -64676.2912407862 13919198535.7962
1990683070.49611 -280918793640295 -118124590812795 -153805.869990087 -64676.2907840764 13919198535.7962
1991507028.72066 -281045523251409 -118177881374331 -153805.868904939 -64676.2903277785 13919198535.7962
1992330986.9452 -281172252861630 -118231171935492 -153805.867820769 -64676.2898718919 13919198535.7961
1993154945.16974 -281298982470958 -118284462496277 -153805.866737577 -64676.2894164161 13919198535.7962
1993978903.39429 -281425712079393 -118337753056687 -153805.865655359 -64676.2889613505 13919198535.7962
1994802861.61883 -281552441686937 -118391043616722 -153805.864574116 -64676.2885066945 13919198535.7961
1995626819.84337 -281679171293591 -118444334176383 -153805.863493846 -64676.2880524476 13919198535.7962
1996450778.06792 -281805900899355 -118497624735670 -153805.862414547 -64676.2875986093 13919198535.7962
1997274736.29246 -281932630504230 -118550915294583 -153805.861336219 -64676.287145179 13919198535.7962
1998098694.517 -282059360108217 -118604205853122 -153805.86025886 -64676.2866921561 13919198535.7962
1998922652.74155 -282186089711317 -118657496411289 -153805.859182468 -64676.2862395402 13919198535.7962
1999746610.96609 -282312819313530 -118710786969082 -153805.858107043 -64676.2857873306 13919198535.7962
2000570569.19063 -282439548914857 -118764077526504 -153805.857032583 -64676.2853355268 13919198535.7962
2001394527.41517 -282566278515300 -118817368083553 -153805.855959087 -64676.2848841282 13919198535.7961
2002218485.63972 -282693008114858 -118870658640230 -153805.854886553 -64676.2844331344 13919198535.7961
2003042443.86426 -282819737713533 -118923949196536 -153805.85381498 -64676.2839825447 13919198535.7961
2003866402.0888 -282946467311326 -118977239752471 -153805.852744368 -64676.2835323587 13919198535.7961
2004690360.31335 -283073196908237 -119030530308035 -153805.851674713 -64676.2830825758 13919198535.7961
2005514318.53789 -283199926504267 -119083820863228 -153805.850606017 -64676.2826331954 13919198535.7961
2006338276.76243 -283326656099416 -119137111418052 -153805.849538276 -64676.282184217 13919198535.7962
2007162234.98698 -283453385693687 -119190401972506 -153805.84847149 -64676.2817356401 13919198535.7961
2007986193.21152 -283580115287078 -119243692526590 -153805.847405657 -64676.2812874641 13919198535.7961
2008810151.43606 -283706844879592 -119296983080305 -153805.846340777 -64676.2808396885 13919198535.7961
2009634109.66061 -283833574471229 -119350273633651 -153805.845276848 -64676.2803923127 13919198535.7962
2010458067.88515 -283960304061990 -119403564186629 -153805.844213868 -64676.2799453363 13919198535.7962
2011282026.10969 -284087033651875 -119456854739239 -153805.843151837 -64676.2794987586 13919198535.7962
2012105984.33423 -284213763240886 -119510145291481 -153805.842090753 -64676.2790525792 13919198535.7962
2012929942.55878 -284340492829022 -119563435843356 -153805.841030614 -64676.2786067975 13919198535.7962
2013753900.78332 -284467222416286 -119616726394863 -153805.83997142 -64676.2781614131 13919198535.7962
2014577859.00786 -284593952002677 -119670016946004 -153805.83891317 -64676.2777164252 13919198535.7962
2015401817.23241 -284720681588197 -119723307496778 -153805.837855862 -64676.2772718335 13919198535.7962
2016225775.45695 -284847411172846 -119776598047186 -153805.836799494 -64676.2768276374 13919198535.7962
2017049733.68149 -284974140756624 -119829888597228 -153805.835744066 -64676.2763838363 13919198535.7962
2017873691.90604 -285100870339534 -119883179146904 -153805.834689576 -64676.2759404298 13919198535.7962
2018697650.13058 -285227599921575 -119936469696216 -153805.833636024 -64676.2754974174 13919198535.7962
2019521608.35512 -285354329502748 -119989760245162 -153805.832583407 -64676.2750547984 13919198535.7962
2020345566.57967 -285481059083055 -120043050793744 -153805.831531724 -64676.2746125723 13919198535.7962
2021169524.80421 -285607788662495 -120096341341962 -153805.830480975 -64676.2741707388 13919198535.7962
2021993483.02875 -285734518241070 -120149631889816 -153805.829431158 -64676.2737292971 13919198535.7962
2022817441.25329 -285861247818780 -120202922437306 -153805.828382272 -64676.2732882468 13919198535.7962
2023641399.47784 -285987977395627 -120256212984433 -153805.827334316 -64676.2728475875 13919198535.7962
2024465357.70238 -286114706971610 -120309503531197 -153805.826287288 -64676.2724073185 13919198535.7962
2025289315.92692 -286241436546731 -120362794077599 -153805.825241187 -64676.2719674393 13919198535.7962
2026113274.15147 -286368166120991 -120416084623638 -153805.824196011 -64676.2715279494 13919198535.7962
2026937232.37601 -286494895694389 -120469375169316 -153805.823151761 -64676.2710888484 13919198535.7962
2027761190.60055 -286621625266928 -120522665714631 -153805.822108434 -64676.2706501357 13919198535.7962
2028585148.8251 -286748354838607 -120575956259586 -153805.821066029 -64676.2702118107 13919198535.7962
2029409107.04964 -286875084409428 -120629246804179 -153805.820024545 -64676.269773873 13919198535.7962
2030233065.27418 -287001813979391 -120682537348412 -153805.818983981 -64676.2693363221 13919198535.7962
2031057023.49873 -287128543548497 -120735827892284 -153805.817944336 -64676.2688991574 13919198535.7962
2031880981.72327 -287255273116747 -120789118435796 -153805.816905607 -64676.2684623784 13919198535.7962
2032704939.94781 -287382002684141 -120842408978949 -153805.815867795 -64676.2680259846 13919198535.7962
2033528898.17236 -287508732250681 -120895699521742 -153805.814830898 -64676.2675899756 13919198535.7962
2034352856.3969 -287635461816366 -120948990064176 -153805.813794915 -64676.2671543507 13919198535.7962
2035176814.62144 -287762191381199 -121002280606251 -153805.812759844 -64676.2667191095 13919198535.7962
2036000772.84598 -287888920945179 -121055571147968 -153805.811725684 -64676.2662842516 13919198535.7962
2036824731.07053 -288015650508307 -121108861689326 -153805.810692434 -64676.2658497763 13919198535.7962
2037648689.29507 -288142380070584 -121162152230327 -153805.809660094 -64676.2654156832 13919198535.7962
2038472647.51961 -288269109632011 -121215442770971 -153805.80862866 -64676.2649819717 13919198535.7962
2039296605.74416 -288395839192588 -121268733311257 -153805.807598134 -64676.2645486414 13919198535.7962
2040120563.9687 -288522568752317 -121322023851186 -153805.806568513 -64676.2641156918 13919198535.7962
2040944522.19324 -288649298311198 -121375314390758 -153805.805539796 -64676.2636831224 13919198535.7962
2041768480.41779 -288776027869231 -121428604929975 -153805.804511981 -64676.2632509326 13919198535.7962
2042592438.64233 -288902757426418 -121481895468835 -153805.803485069 -64676.262819122 13919198535.7962
2043416396.86687 -289029486982760 -121535186007340 -153805.802459057 -64676.26238769 13919198535.7962
2044240355.09142 -289156216538256 -121588476545489 -153805.801433944 -64676.2619566362 13919198535.7962
2045064313.31596 -289282946092908 -121641767083284 -153805.80040973 -64676.2615259601 13919198535.7962
2045888271.5405 -289409675646716 -121695057620723 -153805.799386412 -64676.2610956612 13919198535.7962
2046712229.76504 -289536405199682 -121748348157809 -153805.798363991 -64676.2606657389 13919198535.7962
2047536187.98959 -289663134751805 -121801638694540 -153805.797342464 -64676.2602361928 13919198535.7962
2048360146.21413 -289789864303087 -121854929230918 -153805.79632183 -64676.2598070224 13919198535.7962
2049184104.43867 -289916593853529 -121908219766942 -153805.795302089 -64676.2593782273 13919198535.7962
2050008062.66322 -290043323403131 -121961510302612 -153805.794283239 -64676.2589498068 13919198535.7962
2050832020.88776 -290170052951893 -122014800837930 -153805.793265278 -64676.2585217605 13919198535.7962
2051655979.1123 -290296782499818 -122068091372896 -153805.792248207 -64676.258094088 13919198535.7962
2052479937.33685 -290423512046904 -122121381907509 -153805.791232023 -64676.2576667887 13919198535.7962
2053303895.56139 -290550241593154 -122174672441770 -153805.790216726 -64676.2572398621 13919198535.7962
2054127853.78593 -290676971138567 -122227962975680 -153805.789202314 -64676.2568133078 13919198535.7962
2054951812.01048 -290803700683145 -122281253509238 -153805.788188786 -64676.2563871253 13919198535.7962
2055775770.23502 -290930430226889 -122334544042446 -153805.787176141 -64676.2559613141 13919198535.7962
2056599728.45956 -291057159769798 -122387834575302 -153805.786164378 -64676.2555358736 13919198535.7962
2057423686.6841 -291183889311874 -122441125107809 -153805.785153496 -64676.2551108035 13919198535.7962
2058247644.90865 -291310618853117 -122494415639965 -153805.784143493 -64676.2546861033 13919198535.7962
2059071603.13319 -291437348393529 -122547706171771 -153805.783134369 -64676.2542617723 13919198535.7962
2059895561.35773 -291564077933109 -122600996703228 -153805.782126122 -64676.2538378103 13919198535.7962
2060719519.58228 -291690807471859 -122654287234336 -153805.781118751 -64676.2534142166 13919198535.7962
2061543477.80682 -291817537009779 -122707577765095 -153805.780112255 -64676.2529909909 13919198535.7962
2062367436.03136 -291944266546871 -122760868295505 -153805.779106632 -64676.2525681326 13919198535.7962
2063191394.25591 -292070996083134 -122814158825567 -153805.778101883 -64676.2521456412 13919198535.7962
2064015352.48045 -292197725618570 -122867449355281 -153805.777098005 -64676.2517235163 13919198535.7962
2064839310.70499 -292324455153178 -122920739884648 -153805.776094997 -64676.2513017574 13919198535.7962
2065663268.92954 -292451184686961 -122974030413667 -153805.775092859 -64676.2508803641 13919198535.7962
2066487227.15408 -292577914219919 -123027320942339 -153805.774091589 -64676.2504593357 13919198535.7962
2067311185.37862 -292704643752052 -123080611470664 -153805.773091185 -64676.250038672 13919198535.7962
2068135143.60317 -292831373283360 -123133901998643 -153805.772091648 -64676.2496183724 13919198535.7962
2068959101.82771 -292958102813846 -123187192526276 -153805.771092976 -64676.2491984364 13919198535.7962
2069783060.05225 -293084832343509 -123240483053562 -153805.770095167 -64676.2487788635 13919198535.7962
2070607018.27679 -293211561872350 -123293773580504 -153805.769098221 -64676.2483596533 13919198535.7962
2071430976.50134 -293338291400371 -123347064107100 -153805.768102136 -64676.2479408054 13919198535.7962
2072254934.72588 -293465020927570 -123400354633351 -153805.767106911 -64676.2475223192 13919198535.7962
2073078892.95042 -293591750453951 -123453645159257 -153805.766112546 -64676.2471041942 13919198535.7962
2073902851.17497 -293718479979512 -123506935684819 -153805.765119039 -64676.2466864301 13919198535.7962
2074726809.39951 -293845209504255 -123560226210037 -153805.764126388 -64676.2462690263 13919198535.7962
2075550767.62405 -293971939028180 -123613516734911 -153805.763134594 -64676.2458519825 13919198535.7962
2076374725.8486 -294098668551289 -123666807259441 -153805.762143654 -64676.245435298 13919198535.7962
2077198684.07314 -294225398073581 -123720097783629 -153805.761153568 -64676.2450189724 13919198535.7962
2078022642.29768 -294352127595058 -123773388307473 -153805.760164334 -64676.2446030054 13919198535.7962
2078846600.52223 -294478857115720 -123826678830975 -153805.759175952 -64676.2441873964 13919198535.7962
2079670558.74677 -294605586635569 -123879969354135 -153805.75818842 -64676.2437721449 13919198535.7962
2080494516.97131 -294732316154604 -123933259876953 -153805.757201738 -64676.2433572505 13919198535.7962
2081318475.19585 -294859045672826 -123986550399429 -153805.756215904 -64676.2429427128 13919198535.7962
2082142433.4204 -294985775190236 -124039840921563 -153805.755230916 -64676.2425285312 13919198535.7962
2082966391.64494 -295112504706835 -124093131443357 -153805.754246775 -64676.2421147054 13919198535.7962
2083790349.86948 -295239234222624 -124146421964809 -153805.753263479 -64676.2417012348 13919198535.7962
2084614308.09403 -295365963737602 -124199712485921 -153805.752281026 -64676.2412881191 13919198535.7962
2085438266.31857 -295492693251772 -124253003006693 -153805.751299416 -64676.2408753576 13919198535.7962
2086262224.54311 -295619422765133 -124306293527125 -153805.750318648 -64676.2404629501 13919198535.7962
2087086182.76766 -295746152277686 -124359584047217 -153805.74933872 -64676.240050896 13919198535.7962
2087910140.9922 -295872881789432 -124412874566970 -153805.748359631 -64676.2396391949 13919198535.7962
2088734099.21674 -295999611300372 -124466165086384 -153805.747381381 -64676.2392278463 13919198535.7962
2089558057.44129 -296126340810506 -124519455605459 -153805.746403969 -64676.2388168498 13919198535.7962
2090382015.66583 -296253070319836 -124572746124195 -153805.745427392 -64676.2384062049 13919198535.7962
2091205973.89037 -296379799828360 -124626036642593 -153805.744451651 -64676.2379959112 13919198535.7962
2092029932.11491 -296506529336082 -124679327160654 -153805.743476744 -64676.2375859682 13919198535.7962
2092853890.33946 -296633258843000 -124732617678376 -153805.74250267 -64676.2371763755 13919198535.7962
2093677848.564 -296759988349116 -124785908195762 -153805.741529428 -64676.2367671327 13919198535.7962
2094501806.78854 -296886717854430 -124839198712810 -153805.740557016 -64676.2363582391 13919198535.7962
2095325765.01309 -297013447358944 -124892489229521 -153805.739585435 -64676.2359496946 13919198535.7962
2096149723.23763 -297140176862657 -124945779745896 -153805.738614682 -64676.2355414985 13919198535.7962
2096973681.46217 -297266906365571 -124999070261935 -153805.737644757 -64676.2351336504 13919198535.7962
2097797639.68672 -297393635867686 -125052360777638 -153805.736675658 -64676.23472615 13919198535.7962
2098621597.91126 -297520365369003 -125105651293006 -153805.735707386 -64676.2343189966 13919198535.7962
2099445556.1358 -297647094869522 -125158941808038 -153805.734739937 -64676.23391219 13919198535.7962
2100269514.36035 -297773824369245 -125212232322735 -153805.733773313 -64676.2335057297 13919198535.7962
2101093472.58489 -297900553868171 -125265522837097 -153805.73280751 -64676.2330996152 13919198535.7962
2101917430.80943 -298027283366302 -125318813351124 -153805.731842529 -64676.232693846 13919198535.7962
2102741389.03398 -298154012863639 -125372103864818 -153805.730878368 -64676.2322884218 13919198535.7962
2103565347.25852 -298280742360181 -125425394378178 -153805.729915027 -64676.2318833421 13919198535.7962
2104389305.48306 -298407471855930 -125478684891204 -153805.728952504 -64676.2314786065 13919198535.7962
2105213263.7076 -298534201350886 -125531975403896 -153805.727990798 -64676.2310742145 13919198535.7962
2106037221.93215 -298660930845050 -125585265916256 -153805.727029908 -64676.2306701656 13919198535.7962
2106861180.15669 -298787660338422 -125638556428282 -153805.726069833 -64676.2302664596 13919198535.7962
2107685138.38123 -298914389831004 -125691846939977 -153805.725110573 -64676.2298630958 13919198535.7962
2108509096.60578 -299041119322796 -125745137451339 -153805.724152125 -64676.2294600739 13919198535.7962
2109333054.83032 -299167848813798 -125798427962369 -153805.72319449 -64676.2290573934 13919198535.7962
2110157013.05486 -299294578304012 -125851718473068 -153805.722237665 -64676.228655054 13919198535.7962
2110980971.27941 -299421307793437 -125905008983435 -153805.721281651 -64676.2282530551 13919198535.7962
2111804929.50395 -299548037282075 -125958299493471 -153805.720326445 -64676.2278513964 13919198535.7962
2112628887.72849 -299674766769927 -126011590003176 -153805.719372047 -64676.2274500774 13919198535.7962
2113452845.95304 -299801496256992 -126064880512551 -153805.718418456 -64676.2270490977 13919198535.7962
2114276804.17758 -299928225743272 -126118171021595 -153805.717465671 -64676.2266484568 13919198535.7962
2115100762.40212 -300054955228768 -126171461530309 -153805.716513691 -64676.2262481543 13919198535.7962
2115924720.62666 -300181684713479 -126224752038694 -153805.715562515 -64676.2258481899 13919198535.7962
2116748678.85121 -300308414197407 -126278042546750 -153805.714612141 -64676.225448563 13919198535.7962
2117572637.07575 -300435143680552 -126331333054476 -153805.713662569 -64676.2250492732 13919198535.7962
2118396595.30029 -300561873162915 -126384623561873 -153805.712713798 -64676.2246503202 13919198535.7962
2119220553.52484 -300688602644497 -126437914068942 -153805.711765827 -64676.2242517034 13919198535.7962
2120044511.74938 -300815332125298 -126491204575682 -153805.710818654 -64676.2238534225 13919198535.7962
2120868469.97392 -300942061605318 -126544495082095 -153805.709872279 -64676.223455477 13919198535.7962
2121692428.19847 -301068791084560 -126597785588180 -153805.708926701 -64676.2230578666 13919198535.7962
2122516386.42301 -301195520563022 -126651076093937 -153805.707981919 -64676.2226605907 13919198535.7962
2123340344.64755 -301322250040707 -126704366599367 -153805.707037931 -64676.222263649 13919198535.7962
2124164302.8721 -301448979517614 -126757657104470 -153805.706094737 -64676.2218670411 13919198535.7962
2124988261.09664 -301575708993744 -126810947609246 -153805.705152336 -64676.2214707665 13919198535.7962
2125812219.32118 -301702438469098 -126864238113696 -153805.704210726 -64676.2210748248 13919198535.7962
2126636177.54572 -301829167943676 -126917528617820 -153805.703269907 -64676.2206792156 13919198535.7962
2127460135.77027 -301955897417480 -126970819121619 -153805.702329878 -64676.2202839384 13919198535.7962
2128284093.99481 -302082626890509 -127024109625091 -153805.701390638 -64676.2198889929 13919198535.7962
2129108052.21935 -302209356362765 -127077400128238 -153805.700452185 -64676.2194943786 13919198535.7962
2129932010.4439 -302336085834248 -127130690631061 -153805.699514519 -64676.2191000952 13919198535.7962
2130755968.66844 -302462815304958 -127183981133558 -153805.698577639 -64676.2187061421 13919198535.7962
2131579926.89298 -302589544774897 -127237271635731 -153805.697641544 -64676.2183125191 13919198535.7962
2132403885.11753 -302716274244065 -127290562137580 -153805.696706232 -64676.2179192256 13919198535.7962
2133227843.34207 -302843003712463 -127343852639105 -153805.695771703 -64676.2175262612 13919198535.7962
2134051801.56661 -302969733180091 -127397143140306 -153805.694837956 -64676.2171336256 13919198535.7962
2134875759.79116 -303096462646949 -127450433641184 -153805.69390499 -64676.2167413184 13919198535.7962
2135699718.0157 -303223192113040 -127503724141739 -153805.692972804 -64676.216349339 13919198535.7962
2136523676.24024 -303349921578363 -127557014641971 -153805.692041396 -64676.2159576872 13919198535.7962
2137347634.46479 -303476651042918 -127610305141881 -153805.691110767 -64676.2155663625 13919198535.7962
2138171592.68933 -303603380506707 -127663595641468 -153805.690180914 -64676.2151753644 13919198535.7962
2138995550.91387 -303730109969731 -127716886140733 -153805.689251837 -64676.2147846926 13919198535.7962
2139819509.13841 -303856839431989 -127770176639676 -153805.688323536 -64676.2143943467 13919198535.7962
2140643467.36296 -303983568893482 -127823467138298 -153805.687396008 -64676.2140043263 13919198535.7962
2141467425.5875 -304110298354212 -127876757636599 -153805.686469253 -64676.2136146309 13919198535.7962
2142291383.81204 -304237027814178 -127930048134578 -153805.685543271 -64676.2132252602 13919198535.7962
2143115342.03659 -304363757273382 -127983338632237 -153805.684618059 -64676.2128362138 13919198535.7962
2143939300.26113 -304490486731823 -128036629129576 -153805.683693618 -64676.2124474911 13919198535.7962
2144763258.48567 -304617216189504 -128089919626594 -153805.682769946 -64676.2120590919 13919198535.7962
2145587216.71022 -304743945646423 -128143210123293 -153805.681847042 -64676.2116710158 13919198535.7962
2146411174.93476 -304870675102582 -128196500619672 -153805.680924906 -64676.2112832622 13919198535.7962
2147235133.1593 -304997404557982 -128249791115731 -153805.680003535 -64676.2108958309 13919198535.7962
2148059091.38385 -305124134012623 -128303081611471 -153805.679082931 -64676.2105087215 13919198535.7962
2148883049.60839 -305250863466506 -128356372106893 -153805.67816309 -64676.2101219334 13919198535.7962
2149707007.83293 -305377592919631 -128409662601996 -153805.677244013 -64676.2097354664 13919198535.7962
2150530966.05747 -305504322372000 -128462953096781 -153805.676325699 -64676.20934932 13919198535.7962
2151354924.28202 -305631051823612 -128516243591247 -153805.675408146 -64676.2089634938 13919198535.7962
2152178882.50656 -305757781274468 -128569534085396 -153805.674491353 -64676.2085779875 13919198535.7962
2153002840.7311 -305884510724569 -128622824579228 -153805.673575321 -64676.2081928006 13919198535.7962
2153826798.95565 -306011240173915 -128676115072742 -153805.672660047 -64676.2078079327 13919198535.7962
2154650757.18019 -306137969622508 -128729405565939 -153805.671745531 -64676.2074233835 13919198535.7962
2155474715.40473 -306264699070348 -128782696058819 -153805.670831771 -64676.2070391525 13919198535.7962
2156298673.62928 -306391428517435 -128835986551383 -153805.669918768 -64676.2066552394 13919198535.7962
2157122631.85382 -306518157963770 -128889277043631 -153805.669006519 -64676.2062716437 13919198535.7962
2157946590.07836 -306644887409354 -128942567535563 -153805.668095025 -64676.205888365 13919198535.7962
2158770548.30291 -306771616854187 -128995858027179 -153805.667184284 -64676.2055054031 13919198535.7962
2159594506.52745 -306898346298270 -129049148518480 -153805.666274294 -64676.2051227574 13919198535.7962
2160418464.75199 -307025075741603 -129102439009465 -153805.665365056 -64676.2047404276 13919198535.7962
2161242422.97653 -307151805184187 -129155729500136 -153805.664456569 -64676.2043584133 13919198535.7962
2162066381.20108 -307278534626024 -129209019990492 -153805.66354883 -64676.2039767141 13919198535.7962
2162890339.42562 -307405264067112 -129262310480534 -153805.662641841 -64676.2035953296 13919198535.7962
2163714297.65016 -307531993507454 -129315600970262 -153805.661735598 -64676.2032142594 13919198535.7962
2164538255.87471 -307658722947049 -129368891459675 -153805.660830103 -64676.2028335032 13919198535.7962
2165362214.09925 -307785452385899 -129422181948775 -153805.659925353 -64676.2024530605 13919198535.7962
2166186172.32379 -307912181824003 -129475472437562 -153805.659021347 -64676.202072931 13919198535.7962
2167010130.54834 -308038911261363 -129528762926036 -153805.658118086 -64676.2016931142 13919198535.7962
2167834088.77288 -308165640697978 -129582053414197 -153805.657215567 -64676.2013136099 13919198535.7962
2168658046.99742 -308292370133851 -129635343902045 -153805.656313791 -64676.2009344175 13919198535.7962
2169482005.22197 -308419099568981 -129688634389581 -153805.655412755 -64676.2005555368 13919198535.7962
2170305963.44651 -308545829003368 -129741924876805 -153805.65451246 -64676.2001769673 13919198535.7962
2171129921.67105 -308672558437014 -129795215363717 -153805.653612904 -64676.1997987086 13919198535.7962
2171953879.8956 -308799287869920 -129848505850318 -153805.652714086 -64676.1994207604 13919198535.7962
2172777838.12014 -308926017302085 -129901796336607 -153805.651816006 -64676.1990431223 13919198535.7962
2173601796.34468 -309052746733510 -129955086822585 -153805.650918662 -64676.1986657939 13919198535.7962
2174425754.56922 -309179476164196 -130008377308253 -153805.650022054 -64676.1982887749 13919198535.7962
2175249712.79377 -309306205594144 -130061667793610 -153805.649126181 -64676.1979120647 13919198535.7962
2176073671.01831 -309432935023354 -130114958278657 -153805.648231041 -64676.1975356632 13919198535.7962
2176897629.24285 -309559664451826 -130168248763393 -153805.647336635 -64676.1971595698 13919198535.7962
2177721587.4674 -309686393879562 -130221539247820 -153805.64644296 -64676.1967837842 13919198535.7962
2178545545.69194 -309813123306562 -130274829731938 -153805.645550017 -64676.196408306 13919198535.7962
2179369503.91648 -309939852732827 -130328120215746 -153805.644657803 -64676.1960331349 13919198535.7962
2180193462.14103 -310066582158356 -130381410699245 -153805.64376632 -64676.1956582705 13919198535.7962
2181017420.36557 -310193311583152 -130434701182436 -153805.642875564 -64676.1952837124 13919198535.7962
2181841378.59011 -310320041007213 -130487991665318 -153805.641985536 -64676.1949094602 13919198535.7962
2182665336.81466 -310446770430542 -130541282147891 -153805.641096235 -64676.1945355136 13919198535.7962
2183489295.0392 -310573499853138 -130594572630157 -153805.640207659 -64676.1941618721 13919198535.7962
2184313253.26374 -310700229275003 -130647863112115 -153805.639319809 -64676.1937885354 13919198535.7962
2185137211.48828 -310826958696136 -130701153593766 -153805.638432682 -64676.1934155032 13919198535.7962
2185961169.71283 -310953688116538 -130754444075109 -153805.637546279 -64676.193042775 13919198535.7962
2186785127.93737 -311080417536211 -130807734556145 -153805.636660597 -64676.1926703505 13919198535.7962
2187609086.16191 -311207146955154 -130861025036875 -153805.635775637 -64676.1922982293 13919198535.7962
2188433044.38646 -311333876373368 -130914315517298 -153805.634891398 -64676.1919264111 13919198535.7962
2189257002.611 -311460605790854 -130967605997414 -153805.634007878 -64676.1915548954 13919198535.7962
2190080960.83554 -311587335207612 -131020896477225 -153805.633125076 -64676.1911836819 13919198535.7962
2190904919.06009 -311714064623643 -131074186956730 -153805.632242993 -64676.1908127703 13919198535.7962
2191728877.28463 -311840794038947 -131127477435930 -153805.631361626 -64676.1904421602 13919198535.7962
2192552835.50917 -311967523453526 -131180767914824 -153805.630480976 -64676.1900718511 13919198535.7962
2193376793.73372 -312094252867379 -131234058393414 -153805.629601041 -64676.1897018428 13919198535.7962
2194200751.95826 -312220982280508 -131287348871698 -153805.62872182 -64676.1893321348 13919198535.7962
2195024710.1828 -312347711692912 -131340639349678 -153805.627843313 -64676.1889627269 13919198535.7962
2195848668.40734 -312474441104593 -131393929827354 -153805.626965518 -64676.1885936186 13919198535.7962
2196672626.63189 -312601170515551 -131447220304726 -153805.626088435 -64676.1882248095 13919198535.7962
2197496584.85643 -312727899925786 -131500510781794 -153805.625212062 -64676.1878562994 13919198535.7962
2198320543.08097 -312854629335300 -131553801258559 -153805.6243364 -64676.1874880878 13919198535.7962
2199144501.30552 -312981358744092 -131607091735020 -153805.623461447 -64676.1871201744 13919198535.7962
2199968459.53006 -313108088152164 -131660382211178 -153805.622587202 -64676.1867525588 13919198535.7962
2200792417.7546 -313234817559516 -131713672687034 -153805.621713665 -64676.1863852407 13919198535.7962
2201616375.97915 -313361546966148 -131766963162587 -153805.620840834 -64676.1860182197 13919198535.7962
2202440334.20369 -313488276372062 -131820253637838 -153805.619968708 -64676.1856514954 13919198535.7962
2203264292.42823 -313615005777257 -131873544112786 -153805.619097288 -64676.1852850675 13919198535.7962
2204088250.65278 -313741735181734 -131926834587433 -153805.618226572 -64676.1849189356 13919198535.7962
2204912208.87732 -313868464585494 -131980125061778 -153805.617356559 -64676.1845530994 13919198535.7962
2205736167.10186 -313995193988538 -132033415535822 -153805.616487248 -64676.1841875585 13919198535.7962
2206560125.32641 -314121923390866 -132086706009565 -153805.615618638 -64676.1838223125 13919198535.7962
2207384083.55095 -314248652792478 -132139996483007 -153805.614750729 -64676.1834573611 13919198535.7962
2208208041.77549 -314375382193375 -132193286956149 -153805.61388352 -64676.1830927039 13919198535.7962
2209032000.00003 -314502111593559 -132246577428990 -153805.61301701 -64676.1827283407 13919198535.7962
2209855958.22458 -314628840993028 -132299867901531 -153805.612151197 -64676.1823642709 13919198535.7962
2210679916.44912 -314755570391784 -132353158373772 -153805.611286082 -64676.1820004943 13919198535.7962
2211503874.67366 -314882299789828 -132406448845714 -153805.610421664 -64676.1816370106 13919198535.7962
2212327832.89821 -315009029187160 -132459739317356 -153805.609557941 -64676.1812738192 13919198535.7962
2213151791.12275 -315135758583781 -132513029788699 -153805.608694912 -64676.18091092 13919198535.7962
2213975749.34729 -315262487979690 -132566320259743 -153805.607832577 -64676.1805483126 13919198535.7962
2214799707.57184 -315389217374890 -132619610730489 -153805.606970936 -64676.1801859965 13919198535.7962
2215623665.79638 -315515946769380 -132672901200936 -153805.606109986 -64676.1798239715 13919198535.7962
2216447624.02092 -315642676163160 -132726191671085 -153805.605249728 -64676.1794622372 13919198535.7962
2217271582.24547 -315769405556233 -132779482140936 -153805.604390161 -64676.1791007933 13919198535.7962
2218095540.47001 -315896134948597 -132832772610489 -153805.603531283 -64676.1787396393 13919198535.7962
2218919498.69455 -316022864340254 -132886063079745 -153805.602673094 -64676.1783787751 13919198535.7962
2219743456.91909 -316149593731204 -132939353548704 -153805.601815593 -64676.1780182001 13919198535.7962
2220567415.14364 -316276323121447 -132992644017365 -153805.600958779 -64676.177657914 13919198535.7962
2221391373.36818 -316403052510985 -133045934485730 -153805.600102651 -64676.1772979166 13919198535.7962
2222215331.59272 -316529781899818 -133099224953799 -153805.599247209 -64676.1769382075 13919198535.7962
2223039289.81727 -316656511287947 -133152515421571 -153805.598392452 -64676.1765787862 13919198535.7962
2223863248.04181 -316783240675371 -133205805889047 -153805.597538379 -64676.1762196526 13919198535.7962
2224687206.26635 -316909970062092 -133259096356227 -153805.596684988 -64676.1758608061 13919198535.7962
2225511164.4909 -317036699448110 -133312386823112 -153805.59583228 -64676.1755022466 13919198535.7962
2226335122.71544 -317163428833426 -133365677289701 -153805.594980254 -64676.1751439735 13919198535.7962
2227159080.93998 -317290158218039 -133418967755996 -153805.594128908 -64676.1747859867 13919198535.7962
2227983039.16453 -317416887601952 -133472258221995 -153805.593278242 -64676.1744282857 13919198535.7962
2228806997.38907 -317543616985164 -133525548687700 -153805.592428255 -64676.1740708703 13919198535.7962
2229630955.61361 -317670346367676 -133578839153111 -153805.591578946 -64676.17371374 13919198535.7962
2230454913.83815 -317797075749489 -133632129618227 -153805.590730314 -64676.1733568945 13919198535.7962
2231278872.0627 -317923805130602 -133685420083050 -153805.589882359 -64676.1730003335 13919198535.7962
2232102830.28724 -318050534511018 -133738710547578 -153805.58903508 -64676.1726440567 13919198535.7962
2232926788.51178 -318177263890735 -133792001011814 -153805.588188475 -64676.1722880637 13919198535.7962
2233750746.73633 -318303993269755 -133845291475756 -153805.587342545 -64676.1719323541 13919198535.7962
2234574704.96087 -318430722648078 -133898581939405 -153805.586497288 -64676.1715769277 13919198535.7962
2235398663.18541 -318557452025705 -133951872402762 -153805.585652704 -64676.171221784 13919198535.7962
2236222621.40996 -318684181402637 -134005162865825 -153805.584808791 -64676.1708669229 13919198535.7962
2237046579.6345 -318810910778873 -134058453328597 -153805.58396555 -64676.1705123438 13919198535.7962
2237870537.85904 -318937640154415 -134111743791077 -153805.583122978 -64676.1701580465 13919198535.7962
2238694496.08359 -319064369529263 -134165034253264 -153805.582281076 -64676.1698040307 13919198535.7962
2239518454.30813 -319191098903418 -134218324715161 -153805.581439842 -64676.1694502959 13919198535.7962
2240342412.53267 -319317828276879 -134271615176766 -153805.580599276 -64676.169096842 13919198535.7962
2241166370.75722 -319444557649649 -134324905638079 -153805.579759377 -64676.1687436684 13919198535.7962
2241990328.98176 -319571287021726 -134378196099102 -153805.578920144 -64676.168390775 13919198535.7962
2242814287.2063 -319698016393112 -134431486559834 -153805.578081577 -64676.1680381614 13919198535.7962
2243638245.43084 -319824745763808 -134484777020276 -153805.577243674 -64676.1676858272 13919198535.7962
2244462203.65539 -319951475133814 -134538067480428 -153805.576406435 -64676.1673337721 13919198535.7962
2245286161.87993 -320078204503130 -134591357940290 -153805.575569858 -64676.1669819958 13919198535.7962
2246110120.10447 -320204933871757 -134644648399861 -153805.574733944 -64676.166630498 13919198535.7961
2246934078.32902 -320331663239695 -134697938859144 -153805.573898692 -64676.1662792782 13919198535.7961
2247758036.55356 -320458392606946 -134751229318137 -153805.5730641 -64676.1659283363 13919198535.7962
2248581994.7781 -320585121973509 -134804519776841 -153805.572230168 -64676.1655776718 13919198535.7962
2249405953.00265 -320711851339385 -134857810235256 -153805.571396895 -64676.1652272844 13919198535.7962
2250229911.22719 -320838580704575 -134911100693383 -153805.57056428 -64676.1648771738 13919198535.7962
2251053869.45173 -320965310069079 -134964391151221 -153805.569732322 -64676.1645273397 13919198535.7962
2251877827.67628 -321092039432898 -135017681608771 -153805.568901022 -64676.1641777818 13919198535.7962
2252701785.90082 -321218768796032 -135070972066034 -153805.568070377 -64676.1638284996 13919198535.7962
2253525744.12536 -321345498158482 -135124262523008 -153805.567240388 -64676.163479493 13919198535.7962
2254349702.3499 -321472227520249 -135177552979695 -153805.566411053 -64676.1631307615 13919198535.7962
2255173660.57445 -321598956881332 -135230843436095 -153805.565582371 -64676.1627823049 13919198535.7962
2255997618.79899 -321725686241733 -135284133892208 -153805.564754343 -64676.1624341228 13919198535.7962
2256821577.02353 -321852415601452 -135337424348034 -153805.563926966 -64676.1620862148 13919198535.7962
2257645535.24808 -321979144960490 -135390714803574 -153805.563100241 -64676.1617385808 13919198535.7962
2258469493.47262 -322105874318846 -135444005258827 -153805.562274166 -64676.1613912202 13919198535.7962
2259293451.69716 -322232603676522 -135497295713794 -153805.561448741 -64676.1610441329 13919198535.7962
2260117409.92171 -322359333033519 -135550586168476 -153805.560623965 -64676.1606973185 13919198535.7962
2260941368.14625 -322486062389836 -135603876622871 -153805.559799838 -64676.1603507767 13919198535.7962
2261765326.37079 -322612791745474 -135657167076981 -153805.558976358 -64676.1600045072 13919198535.7962
2262589284.59534 -322739521100434 -135710457530806 -153805.558153524 -64676.1596585095 13919198535.7962
2263413242.81988 -322866250454716 -135763747984347 -153805.557331336 -64676.1593127835 13919198535.7962
2264237201.04442 -322992979808321 -135817038437602 -153805.556509794 -64676.1589673288 13919198535.7962
2265061159.26896 -323119709161250 -135870328890573 -153805.555688896 -64676.1586221451 13919198535.7962
2265885117.49351 -323246438513502 -135923619343259 -153805.554868642 -64676.158277232 13919198535.7962
2266709075.71805 -323373167865079 -135976909795661 -153805.554049031 -64676.1579325892 13919198535.7962
2267533033.94259 -323499897215981 -136030200247780 -153805.553230061 -64676.1575882165 13919198535.7962
2268356992.16714 -323626626566208 -136083490699615 -153805.552411734 -64676.1572441135 13919198535.7962
2269180950.39168 -323753355915761 -136136781151166 -153805.551594047 -64676.1569002799 13919198535.7962
2270004908.61622 -323880085264640 -136190071602435 -153805.550776999 -64676.1565567153 13919198535.7962
2270828866.84077 -324006814612847 -136243362053420 -153805.549960591 -64676.1562134195 13919198535.7962
2271652825.06531 -324133543960381 -136296652504122 -153805.549144822 -64676.1558703922 13919198535.7962
2272476783.28985 -324260273307244 -136349942954542 -153805.54832969 -64676.1555276329 13919198535.7962
2273300741.5144 -324387002653435 -136403233404680 -153805.547515195 -64676.1551851415 13919198535.7962
2274124699.73894 -324513731998955 -136456523854536 -153805.546701336 -64676.1548429176 13919198535.7962
2274948657.96348 -324640461343805 -136509814304109 -153805.545888112 -64676.1545009609 13919198535.7962
2275772616.18802 -324767190687985 -136563104753402 -153805.545075523 -64676.154159271 13919198535.7962
2276596574.41257 -324893920031496 -136616395202412 -153805.544263568 -64676.1538178477 13919198535.7962
2277420532.63711 -325020649374338 -136669685651142 -153805.543452247 -64676.1534766906 13919198535.7962
2278244490.86165 -325147378716511 -136722976099590 -153805.542641557 -64676.1531357995 13919198535.7962
2279068449.0862 -325274108058017 -136776266547758 -153805.5418315 -64676.152795174 13919198535.7962
2279892407.31074 -325400837398856 -136829556995645 -153805.541022073 -64676.1524548138 13919198535.7962
2280716365.53528 -325527566739028 -136882847443252 -153805.540213277 -64676.1521147187 13919198535.7962
2281540323.75983 -325654296078534 -136936137890579 -153805.53940511 -64676.1517748882 13919198535.7962
2282364281.98437 -325781025417375 -136989428337625 -153805.538597572 -64676.1514353221 13919198535.7962
2283188240.20891 -325907754755550 -137042718784392 -153805.537790661 -64676.1510960201 13919198535.7962
2284012198.43346 -326034484093061 -137096009230880 -153805.536984379 -64676.1507569819 13919198535.7962
2284836156.658 -326161213429907 -137149299677089 -153805.536178722 -64676.1504182071 13919198535.7962
2285660114.88254 -326287942766090 -137202590123018 -153805.535373692 -64676.1500796955 13919198535.7962
2286484073.10709 -326414672101610 -137255880568668 -153805.534569287 -64676.1497414467 13919198535.7962
2287308031.33163 -326541401436468 -137309171014040 -153805.533765506 -64676.1494034605 13919198535.7962
2288131989.55617 -326668130770663 -137362461459134 -153805.532962348 -64676.1490657365 13919198535.7962
2288955947.78071 -326794860104197 -137415751903950 -153805.532159814 -64676.1487282744 13919198535.7962
2289779906.00526 -326921589437070 -137469042348487 -153805.531357902 -64676.148391074 13919198535.7962
2290603864.2298 -327048318769282 -137522332792747 -153805.530556611 -64676.1480541349 13919198535.7962
2291427822.45434 -327175048100835 -137575623236729 -153805.529755941 -64676.1477174568 13919198535.7962
2292251780.67889 -327301777431728 -137628913680434 -153805.528955891 -64676.1473810395 13919198535.7962
2293075738.90343 -327428506761962 -137682204123862 -153805.528156461 -64676.1470448825 13919198535.7962
2293899697.12797 -327555236091537 -137735494567013 -153805.527357649 -64676.1467089857 13919198535.7962
2294723655.35252 -327681965420455 -137788785009887 -153805.526559454 -64676.1463733487 13919198535.7962
2295547613.57706 -327808694748715 -137842075452485 -153805.525761878 -64676.1460379712 13919198535.7962
2296371571.8016 -327935424076318 -137895365894807 -153805.524964917 -64676.1457028529 13919198535.7962
2297195530.02615 -328062153403265 -137948656336852 -153805.524168572 -64676.1453679935 13919198535.7962
2298019488.25069 -328188882729556 -138001946778622 -153805.523372842 -64676.1450333927 13919198535.7962
2298843446.47523 -328315612055192 -138055237220116 -153805.522577727 -64676.1446990502 13919198535.7962
2299667404.69977 -328442341380172 -138108527661335 -153805.521783225 -64676.1443649657 13919198535.7962
2300491362.92432 -328569070704499 -138161818102279 -153805.520989336 -64676.144031139 13919198535.7962
2301315321.14886 -328695800028171 -138215108542948 -153805.520196059 -64676.1436975696 13919198535.7962
2302139279.3734 -328822529351190 -138268398983342 -153805.519403394 -64676.1433642574 13919198535.7962
2302963237.59795 -328949258673556 -138321689423461 -153805.518611339 -64676.143031202 13919198535.7962
2303787195.82249 -329075987995270 -138374979863306 -153805.517819895 -64676.1426984031 13919198535.7962
2304611154.04703 -329202717316332 -138428270302877 -153805.51702906 -64676.1423658604 13919198535.7962
2305435112.27158 -329329446636743 -138481560742175 -153805.516238833 -64676.1420335737 13919198535.7962
2306259070.49612 -329456175956502 -138534851181198 -153805.515449214 -64676.1417015426 13919198535.7962
2307083028.72066 -329582905275612 -138588141619948 -153805.514660203 -64676.1413697669 13919198535.7962
2307906986.94521 -329709634594071 -138641432058425 -153805.513871798 -64676.1410382461 13919198535.7962
2308730945.16975 -329836363911882 -138694722496628 -153805.513083999 -64676.1407069802 13919198535.7962
2309554903.39429 -329963093229043 -138748012934559 -153805.512296805 -64676.1403759687 13919198535.7962
2310378861.61883 -330089822545556 -138801303372218 -153805.511510216 -64676.1400452113 13919198535.7962
2311202819.84338 -330216551861421 -138854593809603 -153805.51072423 -64676.1397147079 13919198535.7962
2312026778.06792 -330343281176638 -138907884246717 -153805.509938848 -64676.139384458 13919198535.7962
2312850736.29246 -330470010491209 -138961174683558 -153805.509154068 -64676.1390544614 13919198535.7962
2313674694.51701 -330596739805134 -139014465120128 -153805.508369889 -64676.1387247178 13919198535.7962
2314498652.74155 -330723469118412 -139067755556426 -153805.507586311 -64676.1383952269 13919198535.7962
2315322610.96609 -330850198431045 -139121045992453 -153805.506803334 -64676.1380659884 13919198535.7962
2316146569.19064 -330976927743034 -139174336428209 -153805.506020957 -64676.137737002 13919198535.7962
2316970527.41518 -331103657054378 -139227626863693 -153805.505239178 -64676.1374082675 13919198535.7962
2317794485.63972 -331230386365077 -139280917298907 -153805.504457997 -64676.1370797846 13919198535.7962
2318618443.86427 -331357115675134 -139334207733851 -153805.503677414 -64676.1367515528 13919198535.7962
2319442402.08881 -331483844984548 -139387498168524 -153805.502897428 -64676.1364235721 13919198535.7962
2320266360.31335 -331610574293319 -139440788602926 -153805.502118038 -64676.136095842 13919198535.7962
2321090318.5379 -331737303601448 -139494079037059 -153805.501339244 -64676.1357683624 13919198535.7962
2321914276.76244 -331864032908936 -139547369470922 -153805.500561044 -64676.1354411328 13919198535.7962
2322738234.98698 -331990762215783 -139600659904516 -153805.499783438 -64676.1351141531 13919198535.7962
2323562193.21152 -332117491521989 -139653950337840 -153805.499006426 -64676.1347874229 13919198535.7962
2324386151.43607 -332244220827555 -139707240770896 -153805.498230007 -64676.1344609419 13919198535.7962
2325210109.66061 -332370950132482 -139760531203682 -153805.49745418 -64676.13413471 13919198535.7962
2326034067.88515 -332497679436770 -139813821636200 -153805.496678944 -64676.1338087267 13919198535.7962
2326858026.1097 -332624408740420 -139867112068449 -153805.495904298 -64676.1334829917 13919198535.7962
2327681984.33424 -332751138043431 -139920402500430 -153805.495130243 -64676.133157505 13919198535.7962
2328505942.55878 -332877867345805 -139973692932142 -153805.494356778 -64676.132832266 13919198535.7962
2329329900.78333 -333004596647541 -140026983363587 -153805.493583901 -64676.1325072746 13919198535.7962
2330153859.00787 -333131325948642 -140080273794764 -153805.492811612 -64676.1321825304 13919198535.7962
2330977817.23241 -333258055249106 -140133564225674 -153805.49203991 -64676.1318580332 13919198535.7962
2331801775.45696 -333384784548934 -140186854656317 -153805.491268795 -64676.1315337828 13919198535.7962
2332625733.6815 -333511513848127 -140240145086692 -153805.490498266 -64676.1312097787 13919198535.7962
2333449691.90604 -333638243146686 -140293435516801 -153805.489728323 -64676.1308860208 13919198535.7962
2334273650.13058 -333764972444611 -140346725946642 -153805.488958964 -64676.1305625087 13919198535.7962
2335097608.35513 -333891701741901 -140400016376218 -153805.488190189 -64676.1302392423 13919198535.7962
2335921566.57967 -334018431038559 -140453306805527 -153805.487421998 -64676.1299162211 13919198535.7962
2336745524.80421 -334145160334584 -140506597234570 -153805.486654389 -64676.1295934449 13919198535.7962
2337569483.02876 -334271889629977 -140559887663347 -153805.485887362 -64676.1292709135 13919198535.7962
2338393441.2533 -334398618924738 -140613178091859 -153805.485120917 -64676.1289486265 13919198535.7962
2339217399.47784 -334525348218867 -140666468520105 -153805.484355052 -64676.1286265838 13919198535.7962
2340041357.70239 -334652077512366 -140719758948086 -153805.483589768 -64676.1283047849 13919198535.7962
2340865315.92693 -334778806805235 -140773049375802 -153805.482825062 -64676.1279832297 13919198535.7962
2341689274.15147 -334905536097473 -140826339803253 -153805.482060936 -64676.1276619178 13919198535.7962
2342513232.37602 -335032265389083 -140879630230439 -153805.481297388 -64676.127340849 13919198535.7962
2343337190.60056 -335158994680063 -140932920657361 -153805.480534417 -64676.127020023 13919198535.7962
2344161148.8251 -335285723970415 -140986211084019 -153805.479772023 -64676.1266994395 13919198535.7962
2344985107.04964 -335412453260139 -141039501510412 -153805.479010204 -64676.1263790982 13919198535.7962
2345809065.27419 -335539182549236 -141092791936542 -153805.478248962 -64676.126058999 13919198535.7962
2346633023.49873 -335665911837705 -141146082362408 -153805.477488294 -64676.1257391414 13919198535.7962
2347456981.72327 -335792641125548 -141199372788011 -153805.476728201 -64676.1254195253 13919198535.7962
2348280939.94782 -335919370412766 -141252663213350 -153805.47596868 -64676.1251001504 13919198535.7962
2349104898.17236 -336046099699357 -141305953638426 -153805.475209733 -64676.1247810163 13919198535.7962
2349928856.3969 -336172828985323 -141359244063240 -153805.474451358 -64676.1244621228 13919198535.7962
2350752814.62145 -336299558270665 -141412534487791 -153805.473693555 -64676.1241434697 13919198535.7962
2351576772.84599 -336426287555382 -141465824912079 -153805.472936322 -64676.1238250566 13919198535.7962
2352400731.07053 -336553016839476 -141519115336105 -153805.47217966 -64676.1235068833 13919198535.7962
2353224689.29508 -336679746122947 -141572405759869 -153805.471423567 -64676.1231889496 13919198535.7962
2354048647.51962 -336806475405795 -141625696183372 -153805.470668044 -64676.1228712551 13919198535.7962
2354872605.74416 -336933204688020 -141678986606612 -153805.469913088 -64676.1225537996 13919198535.7961
2355696563.96871 -337059933969624 -141732277029591 -153805.469158701 -64676.1222365828 13919198535.7962
2356520522.19325 -337186663250607 -141785567452309 -153805.46840488 -64676.1219196045 13919198535.7962
2357344480.41779 -337313392530968 -141838857874766 -153805.467651626 -64676.1216028643 13919198535.7962
2358168438.64233 -337440121810709 -141892148296961 -153805.466898938 -64676.121286362 13919198535.7962
2358992396.86688 -337566851089830 -141945438718897 -153805.466146815 -64676.1209700974 13919198535.7962
2359816355.09142 -337693580368332 -141998729140571 -153805.465395256 -64676.1206540702 13919198535.7962
2360640313.31596 -337820309646215 -142052019561986 -153805.464644261 -64676.12033828 13919198535.7962
2361464271.54051 -337947038923479 -142105309983140 -153805.46389383 -64676.1200227267 13919198535.7962
2362288229.76505 -338073768200125 -142158600404034 -153805.463143961 -64676.11970741 13919198535.7962
2363112187.98959 -338200497476153 -142211890824669 -153805.462394654 -64676.1193923296 13919198535.7962
2363936146.21414 -338327226751565 -142265181245044 -153805.461645908 -64676.1190774852 13919198535.7962
2364760104.43868 -338453956026359 -142318471665160 -153805.460897723 -64676.1187628766 13919198535.7962
2365584062.66322 -338580685300537 -142371762085016 -153805.460150099 -64676.1184485035 13919198535.7962
2366408020.88777 -338707414574100 -142425052504614 -153805.459403033 -64676.1181343657 13919198535.7962
2367231979.11231 -338834143847047 -142478342923953 -153805.458656527 -64676.1178204628 13919198535.7962
2368055937.33685 -338960873119379 -142531633343034 -153805.457910579 -64676.1175067947 13919198535.7962
2368879895.56139 -339087602391097 -142584923761856 -153805.457165188 -64676.117193361 13919198535.7962
2369703853.78594 -339214331662201 -142638214180420 -153805.456420354 -64676.1168801615 13919198535.7962
2370527812.01048 -339341060932692 -142691504598726 -153805.455676077 -64676.116567196 13919198535.7962
2371351770.23502 -339467790202569 -142744795016774 -153805.454932355 -64676.1162544641 13919198535.7962
2372175728.45957 -339594519471834 -142798085434564 -153805.454189188 -64676.1159419656 13919198535.7962
2372999686.68411 -339721248740487 -142851375852098 -153805.453446576 -64676.1156297003 13919198535.7962
2373823644.90865 -339847978008528 -142904666269374 -153805.452704518 -64676.1153176678 13919198535.7962
2374647603.1332 -339974707275958 -142957956686393 -153805.451963013 -64676.115005868 13919198535.7962
2375471561.35774 -340101436542777 -143011247103155 -153805.45122206 -64676.1146943005 13919198535.7962
2376295519.58228 -340228165808986 -143064537519660 -153805.45048166 -64676.1143829652 13919198535.7962
2377119477.80683 -340354895074585 -143117827935910 -153805.449741811 -64676.1140718617 13919198535.7962
2377943436.03137 -340481624339575 -143171118351902 -153805.449002512 -64676.1137609898 13919198535.7962
2378767394.25591 -340608353603956 -143224408767639 -153805.448263764 -64676.1134503492 13919198535.7962
2379591352.48045 -340735082867728 -143277699183120 -153805.447525565 -64676.1131399397 13919198535.7961
2380415310.705 -340861812130892 -143330989598346 -153805.446787915 -64676.112829761 13919198535.7961
2381239268.92954 -340988541393449 -143384280013316 -153805.446050814 -64676.1125198128 13919198535.7961
2382063227.15408 -341115270655399 -143437570428030 -153805.44531426 -64676.112210095 13919198535.7961
2382887185.37863 -341241999916742 -143490860842490 -153805.444578253 -64676.1119006072 13919198535.7962
2383711143.60317 -341368729177478 -143544151256694 -153805.443842793 -64676.1115913491 13919198535.7961
2384535101.82771 -341495458437609 -143597441670644 -153805.443107879 -64676.1112823206 13919198535.7962
2385359060.05226 -341622187697135 -143650732084339 -153805.44237351 -64676.1109735214 13919198535.7962
2386183018.2768 -341748916956056 -143704022497780 -153805.441639685 -64676.1106649512 13919198535.7962
2387006976.50134 -341875646214372 -143757312910967 -153805.440906405 -64676.1103566098 13919198535.7962
2387830934.72589 -342002375472084 -143810603323900 -153805.440173668 -64676.1100484969 13919198535.7962
2388654892.95043 -342129104729193 -143863893736579 -153805.439441474 -64676.1097406122 13919198535.7962
2389478851.17497 -342255833985699 -143917184149004 -153805.438709822 -64676.1094329556 13919198535.7962
2390302809.39952 -342382563241602 -143970474561176 -153805.437978711 -64676.1091255267 13919198535.7962
2391126767.62406 -342509292496903 -144023764973095 -153805.437248142 -64676.1088183253 13919198535.7962
2391950725.8486 -342636021751602 -144077055384761 -153805.436518113 -64676.1085113511 13919198535.7962
2392774684.07314 -342762751005700 -144130345796174 -153805.435788624 -64676.1082046039 13919198535.7962
2393598642.29769 -342889480259198 -144183636207334 -153805.435059674 -64676.1078980835 13919198535.7962
2394422600.52223 -343016209512094 -144236926618242 -153805.434331263 -64676.1075917896 13919198535.7962
2395246558.74677 -343142938764391 -144290217028898 -153805.43360339 -64676.1072857218 13919198535.7962
2396070516.97132 -343269668016088 -144343507439301 -153805.432876054 -64676.1069798801 13919198535.7962
2396894475.19586 -343396397267186 -144396797849453 -153805.432149256 -64676.1066742642 13919198535.7962
2397718433.4204 -343523126517686 -144450088259353 -153805.431422993 -64676.1063688737 13919198535.7962
2398542391.64495 -343649855767587 -144503378669001 -153805.430697266 -64676.1060637084 13919198535.7962
2399366349.86949 -343776585016891 -144556669078398 -153805.429972074 -64676.1057587682 13919198535.7962
2400190308.09403 -343903314265597 -144609959487544 -153805.429247417 -64676.1054540526 13919198535.7962
2401014266.31858 -344030043513707 -144663249896439 -153805.428523293 -64676.1051495616 13919198535.7962
2401838224.54312 -344156772761220 -144716540305083 -153805.427799703 -64676.1048452948 13919198535.7962
2402662182.76766 -344283502008137 -144769830713476 -153805.427076645 -64676.104541252 13919198535.7962
2403486140.9922 -344410231254458 -144823121121619 -153805.42635412 -64676.104237433 13919198535.7962
2404310099.21675 -344536960500185 -144876411529512 -153805.425632126 -64676.1039338375 13919198535.7962
2405134057.44129 -344663689745316 -144929701937155 -153805.424910663 -64676.1036304652 13919198535.7962
2405958015.66583 -344790418989854 -144982992344547 -153805.424189731 -64676.1033273159 13919198535.7962
2406781973.89038 -344917148233797 -145036282751690 -153805.423469328 -64676.1030243894 13919198535.7962
2407605932.11492 -345043877477148 -145089573158584 -153805.422749454 -64676.1027216855 13919198535.7962
2408429890.33946 -345170606719905 -145142863565228 -153805.422030109 -64676.1024192038 13919198535.7962
2409253848.56401 -345297335962070 -145196153971624 -153805.421311292 -64676.1021169441 13919198535.7962
2410077806.78855 -345424065203643 -145249444377770 -153805.420593003 -64676.1018149062 13919198535.7962
2410901765.01309 -345550794444624 -145302734783667 -153805.41987524 -64676.1015130898 13919198535.7962
2411725723.23764 -345677523685014 -145356025189316 -153805.419158004 -64676.1012114948 13919198535.7962
2412549681.46218 -345804252924813 -145409315594716 -153805.418441293 -64676.1009101208 13919198535.7962
2413373639.68672 -345930982164022 -145462605999869 -153805.417725107 -64676.1006089676 13919198535.7962
2414197597.91126 -346057711402641 -145515896404773 -153805.417009446 -64676.100308035 13919198535.7961
2415021556.13581 -346184440640670 -145569186809429 -153805.416294309 -64676.1000073227 13919198535.7962
2415845514.36035 -346311169878111 -145622477213838 -153805.415579696 -64676.0997068304 13919198535.7962
2416669472.58489 -346437899114963 -145675767617999 -153805.414865605 -64676.0994065581 13919198535.7962
2417493430.80944 -346564628351227 -145729058021912 -153805.414152036 -64676.0991065053 13919198535.7961
2418317389.03398 -346691357586903 -145782348425579 -153805.413438989 -64676.0988066719 13919198535.7962
2419141347.25852 -346818086821991 -145835638828999 -153805.412726463 -64676.0985070576 13919198535.7961
2419965305.48307 -346944816056493 -145888929232172 -153805.412014458 -64676.0982076622 13919198535.7961
2420789263.70761 -347071545290409 -145942219635098 -153805.411302973 -64676.0979084854 13919198535.7961
2421613221.93215 -347198274523738 -145995510037778 -153805.410592007 -64676.0976095271 13919198535.7961
2422437180.1567 -347325003756482 -146048800440211 -153805.40988156 -64676.0973107869 13919198535.7961
2423261138.38124 -347451732988640 -146102090842399 -153805.409171631 -64676.0970122646 13919198535.7961
2424085096.60578 -347578462220214 -146155381244341 -153805.40846222 -64676.09671396 13919198535.7961
2424909054.83033 -347705191451204 -146208671646037 -153805.407753326 -64676.0964158728 13919198535.7961
2425733013.05487 -347831920681610 -146261962047487 -153805.407044949 -64676.0961180029 13919198535.7961
2426556971.27941 -347958649911432 -146315252448692 -153805.406337087 -64676.0958203499 13919198535.7961
2427380929.50395 -348085379140671 -146368542849652 -153805.405629741 -64676.0955229137 13919198535.7961
2428204887.7285 -348212108369328 -146421833250367 -153805.40492291 -64676.0952256939 13919198535.7961
2429028845.95304 -348338837597402 -146475123650837 -153805.404216593 -64676.0949286905 13919198535.7961
2429852804.17758 -348465566824895 -146528414051063 -153805.40351079 -64676.094631903 13919198535.7961
2430676762.40213 -348592296051806 -146581704451044 -153805.4028055 -64676.0943353313 13919198535.7961
2431500720.62667 -348719025278136 -146634994850781 -153805.402100723 -64676.0940389752 13919198535.7961
2432324678.85121 -348845754503886 -146688285250274 -153805.401396458 -64676.0937428345 13919198535.7961
2433148637.07576 -348972483729056 -146741575649522 -153805.400692704 -64676.0934469088 13919198535.7961
2433972595.3003 -349099212953646 -146794866048527 -153805.399989461 -64676.0931511979 13919198535.7961
2434796553.52484 -349225942177657 -146848156447289 -153805.399286729 -64676.0928557017 13919198535.7961
2435620511.74939 -349352671401089 -146901446845807 -153805.398584506 -64676.0925604198 13919198535.7961
2436444469.97393 -349479400623943 -146954737244082 -153805.397882793 -64676.0922653521 13919198535.7961
2437268428.19847 -349606129846219 -147008027642114 -153805.397181589 -64676.0919704984 13919198535.7961
2438092386.42301 -349732859067917 -147061318039903 -153805.396480892 -64676.0916758583 13919198535.7961
2438916344.64756 -349859588289038 -147114608437449 -153805.395780704 -64676.0913814316 13919198535.7961
2439740302.8721 -349986317509582 -147167898834753 -153805.395081022 -64676.0910872182 13919198535.7961
2440564261.09664 -350113046729550 -147221189231814 -153805.394381847 -64676.0907932178 13919198535.7961
2441388219.32119 -350239775948942 -147274479628634 -153805.393683178 -64676.0904994301 13919198535.7961
2442212177.54573 -350366505167759 -147327770025211 -153805.392985014 -64676.0902058549 13919198535.7961
2443036135.77027 -350493234386001 -147381060421546 -153805.392287355 -64676.0899124921 13919198535.7961
2443860093.99482 -350619963603668 -147434350817640 -153805.391590201 -64676.0896193413 13919198535.7961
2444684052.21936 -350746692820760 -147487641213493 -153805.39089355 -64676.0893264024 13919198535.7961
2445508010.4439 -350873422037279 -147540931609104 -153805.390197403 -64676.089033675 13919198535.7961
2446331968.66845 -351000151253225 -147594222004474 -153805.389501758 -64676.0887411591 13919198535.7961
2447155926.89299 -351126880468598 -147647512399603 -153805.388806615 -64676.0884488543 13919198535.7961
2447979885.11753 -351253609683398 -147700802794492 -153805.388111974 -64676.0881567604 13919198535.7961
2448803843.34207 -351380338897626 -147754093189139 -153805.387417834 -64676.0878648772 13919198535.7961
2449627801.56662 -351507068111282 -147807383583547 -153805.386724195 -64676.0875732044 13919198535.7961
2450451759.79116 -351633797324366 -147860673977714 -153805.386031055 -64676.087281742 13919198535.7961
2451275718.0157 -351760526536880 -147913964371641 -153805.385338415 -64676.0869904895 13919198535.7961
2452099676.24025 -351887255748824 -147967254765328 -153805.384646274 -64676.0866994468 13919198535.7961
2452923634.46479 -352013984960197 -148020545158775 -153805.383954632 -64676.0864086136 13919198535.7961
2453747592.68933 -352140714171001 -148073835551983 -153805.383263487 -64676.0861179898 13919198535.7961
2454571550.91388 -352267443381235 -148127125944952 -153805.382572839 -64676.0858275751 13919198535.7961
2455395509.13842 -352394172590901 -148180416337681 -153805.381882688 -64676.0855373693 13919198535.7961
2456219467.36296 -352520901799998 -148233706730171 -153805.381193034 -64676.0852473721 13919198535.7961
2457043425.58751 -352647631008527 -148286997122423 -153805.380503875 -64676.0849575833 13919198535.7961
2457867383.81205 -352774360216488 -148340287514436 -153805.379815211 -64676.0846680028 13919198535.7961
2458691342.03659 -352901089423882 -148393577906210 -153805.379127041 -64676.0843786302 13919198535.7961
2459515300.26114 -353027818630710 -148446868297746 -153805.378439366 -64676.0840894654 13919198535.7961
2460339258.48568 -353154547836971 -148500158689043 -153805.377752185 -64676.0838005081 13919198535.7961
2461163216.71022 -353281277042666 -148553449080103 -153805.377065496 -64676.0835117581 13919198535.7961
2461987174.93476 -353408006247795 -148606739470925 -153805.3763793 -64676.0832232152 13919198535.7961
2462811133.15931 -353534735452359 -148660029861509 -153805.375693596 -64676.0829348792 13919198535.7961
2463635091.38385 -353661464656358 -148713320251856 -153805.375008383 -64676.0826467498 13919198535.7961
2464459049.60839 -353788193859793 -148766610641965 -153805.374323661 -64676.0823588269 13919198535.7961
2465283007.83294 -353914923062664 -148819901031837 -153805.37363943 -64676.0820711101 13919198535.7961
2466106966.05748 -354041652264972 -148873191421473 -153805.372955688 -64676.0817835993 13919198535.7961
2466930924.28202 -354168381466716 -148926481810871 -153805.372272436 -64676.0814962943 13919198535.7961
2467754882.50657 -354295110667897 -148979772200033 -153805.371589672 -64676.0812091948 13919198535.7961
2468578840.73111 -354421839868517 -149033062588958 -153805.370907397 -64676.0809223006 13919198535.7961
2469402798.95565 -354548569068574 -149086352977647 -153805.37022561 -64676.0806356115 13919198535.7961
2470226757.1802 -354675298268069 -149139643366100 -153805.369544309 -64676.0803491272 13919198535.7961
2471050715.40474 -354802027467004 -149192933754317 -153805.368863496 -64676.0800628476 13919198535.7961
2471874673.62928 -354928756665377 -149246224142298 -153805.368183168 -64676.0797767725 13919198535.7961
2472698631.85382 -355055485863191 -149299514530044 -153805.367503327 -64676.0794909016 13919198535.7961
2473522590.07837 -355182215060444 -149352804917554 -153805.36682397 -64676.0792052347 13919198535.7961
2474346548.30291 -355308944257138 -149406095304828 -153805.366145098 -64676.0789197715 13919198535.7961
2475170506.52745 -355435673453272 -149459385691868 -153805.36546671 -64676.0786345119 13919198535.7961
2475994464.752 -355562402648848 -149512676078673 -153805.364788806 -64676.0783494557 13919198535.7961
2476818422.97654 -355689131843866 -149565966465242 -153805.364111385 -64676.0780646025 13919198535.7961
2477642381.20108 -355815861038325 -149619256851578 -153805.363434446 -64676.0777799523 13919198535.7961
2478466339.42563 -355942590232227 -149672547237679 -153805.362757989 -64676.0774955048 13919198535.7961
2479290297.65017 -356069319425572 -149725837623545 -153805.362082014 -64676.0772112597 13919198535.7961
2480114255.87471 -356196048618360 -149779128009177 -153805.36140652 -64676.0769272169 13919198535.7961
2480938214.09926 -356322777810591 -149832418394576 -153805.360731506 -64676.0766433762 13919198535.7961
2481762172.3238 -356449507002267 -149885708779740 -153805.360056973 -64676.0763597373 13919198535.7961
2482586130.54834 -356576236193387 -149938999164671 -153805.359382919 -64676.0760763 13919198535.7961
2483410088.77288 -356702965383952 -149992289549369 -153805.358709343 -64676.0757930641 13919198535.7961
2484234046.99743 -356829694573962 -150045579933833 -153805.358036247 -64676.0755100293 13919198535.7961
2485058005.22197 -356956423763418 -150098870318064 -153805.357363628 -64676.0752271956 13919198535.7961
2485881963.44651 -357083152952319 -150152160702062 -153805.356691486 -64676.0749445626 13919198535.7961
2486705921.67106 -357209882140667 -150205451085828 -153805.356019822 -64676.0746621301 13919198535.7961
2487529879.8956 -357336611328462 -150258741469361 -153805.355348634 -64676.074379898 13919198535.7961
2488353838.12014 -357463340515704 -150312031852661 -153805.354677922 -64676.074097866 13919198535.7961
2489177796.34469 -357590069702393 -150365322235729 -153805.354007685 -64676.0738160338 13919198535.7961
2490001754.56923 -357716798888531 -150418612618565 -153805.353337923 -64676.0735344014 13919198535.7961
2490825712.79377 -357843528074116 -150471903001169 -153805.352668635 -64676.0732529685 13919198535.7961
2491649671.01832 -357970257259151 -150525193383541 -153805.351999822 -64676.0729717348 13919198535.7961
2492473629.24286 -358096986443635 -150578483765681 -153805.351331482 -64676.0726907001 13919198535.7961
2493297587.4674 -358223715627568 -150631774147590 -153805.350663614 -64676.0724098644 13919198535.7961
2494121545.69195 -358350444810951 -150685064529268 -153805.349996219 -64676.0721292272 13919198535.7961
2494945503.91649 -358477173993784 -150738354910714 -153805.349329296 -64676.0718487885 13919198535.7961
2495769462.14103 -358603903176068 -150791645291930 -153805.348662845 -64676.0715685479 13919198535.7961
2496593420.36557 -358730632357803 -150844935672914 -153805.347996864 -64676.0712885054 13919198535.7961
2497417378.59012 -358857361538990 -150898226053668 -153805.347331353 -64676.0710086607 13919198535.7961
2498241336.81466 -358984090719628 -150951516434192 -153805.346666313 -64676.0707290135 13919198535.7961
2499065295.0392 -359110819899719 -151004806814485 -153805.346001742 -64676.0704495637 13919198535.7961
2499889253.26375 -359237549079262 -151058097194548 -153805.345337639 -64676.0701703111 13919198535.7961
2500713211.48829 -359364278258258 -151111387574381 -153805.344674006 -64676.0698912554 13919198535.7961
2501537169.71283 -359491007436708 -151164677953984 -153805.34401084 -64676.0696123965 13919198535.7961
2502361127.93738 -359617736614611 -151217968333357 -153805.343348141 -64676.0693337341 13919198535.7961
2503185086.16192 -359744465791968 -151271258712501 -153805.342685909 -64676.0690552681 13919198535.7961
2504009044.38646 -359871194968780 -151324549091416 -153805.342024144 -64676.0687769982 13919198535.7961
2504833002.61101 -359997924145048 -151377839470101 -153805.341362845 -64676.0684989242 13919198535.7961
2505656960.83555 -360124653320770 -151431129848558 -153805.340702011 -64676.0682210459 13919198535.7961
2506480919.06009 -360251382495948 -151484420226785 -153805.340041642 -64676.0679433631 13919198535.7961
2507304877.28463 -360378111670582 -151537710604784 -153805.339381737 -64676.0676658756 13919198535.7961
2508128835.50918 -360504840844672 -151591000982554 -153805.338722297 -64676.0673885831 13919198535.7961
2508952793.73372 -360631570018220 -151644291360096 -153805.33806332 -64676.0671114856 13919198535.7961
2509776751.95826 -360758299191224 -151697581737409 -153805.337404805 -64676.0668345828 13919198535.7961
2510600710.18281 -360885028363686 -151750872114495 -153805.336746754 -64676.0665578744 13919198535.7961
2511424668.40735 -361011757535607 -151804162491352 -153805.336089164 -64676.0662813603 13919198535.7961
2512248626.63189 -361138486706985 -151857452867982 -153805.335432036 -64676.0660050403 13919198535.7961
2513072584.85644 -361265215877822 -151910743244384 -153805.334775369 -64676.0657289141 13919198535.7961
2513896543.08098 -361391945048119 -151964033620559 -153805.334119162 -64676.0654529816 13919198535.7961
2514720501.30552 -361518674217875 -152017323996506 -153805.333463416 -64676.0651772425 13919198535.7961
2515544459.53007 -361645403387090 -152070614372227 -153805.332808129 -64676.0649016967 13919198535.7961
2516368417.75461 -361772132555766 -152123904747720 -153805.332153301 -64676.0646263439 13919198535.7961
2517192375.97915 -361898861723903 -152177195122987 -153805.331498932 -64676.064351184 13919198535.7961
2518016334.20369 -362025590891501 -152230485498027 -153805.330845021 -64676.0640762167 13919198535.7961
2518840292.42824 -362152320058560 -152283775872840 -153805.330191568 -64676.0638014419 13919198535.7961
2519664250.65278 -362279049225081 -152337066247427 -153805.329538572 -64676.0635268593 13919198535.7961
2520488208.87732 -362405778391064 -152390356621788 -153805.328886032 -64676.0632524687 13919198535.7961
2521312167.10187 -362532507556509 -152443646995923 -153805.328233949 -64676.0629782699 13919198535.7961
2522136125.32641 -362659236721418 -152496937369832 -153805.327582321 -64676.0627042628 13919198535.7961
2522960083.55095 -362785965885789 -152550227743516 -153805.326931149 -64676.0624304472 13919198535.7961
2523784041.7755 -362912695049625 -152603518116974 -153805.326280431 -64676.0621568227 13919198535.7961
2524608000.00004 -363039424212924 -152656808490206 -153805.325630168 -64676.0618833893 13919198535.7961
2525431958.22458 -363166153375688 -152710098863213 -153805.324980359 -64676.0616101467 13919198535.7961
2526255916.44913 -363292882537916 -152763389235996 -153805.324331003 -64676.0613370948 13919198535.7961
2527079874.67367 -363419611699610 -152816679608553 -153805.323682099 -64676.0610642333 13919198535.7961
2527903832.89821 -363546340860769 -152869969980885 -153805.323033649 -64676.060791562 13919198535.7961
2528727791.12276 -363673070021394 -152923260352993 -153805.32238565 -64676.0605190807 13919198535.7961
2529551749.3473 -363799799181486 -152976550724877 -153805.321738103 -64676.0602467893 13919198535.7961
2530375707.57184 -363926528341044 -153029841096536 -153805.321091006 -64676.0599746876 13919198535.7961
2531199665.79638 -364053257500069 -153083131467971 -153805.32044436 -64676.0597027752 13919198535.7961
2532023624.02093 -364179986658561 -153136421839183 -153805.319798165 -64676.0594310521 13919198535.7961
2532847582.24547 -364306715816521 -153189712210170 -153805.319152418 -64676.0591595181 13919198535.7961
2533671540.47001 -364433444973950 -153243002580934 -153805.318507121 -64676.0588881729 13919198535.7961
2534495498.69456 -364560174130846 -153296292951474 -153805.317862273 -64676.0586170164 13919198535.7961
2535319456.9191 -364686903287212 -153349583321791 -153805.317217872 -64676.0583460483 13919198535.7961
2536143415.14364 -364813632443047 -153402873691884 -153805.31657392 -64676.0580752684 13919198535.7961
2536967373.36819 -364940361598351 -153456164061755 -153805.315930415 -64676.0578046766 13919198535.7961
2537791331.59273 -365067090753125 -153509454431403 -153805.315287356 -64676.0575342727 13919198535.7961
2538615289.81727 -365193819907370 -153562744800828 -153805.314644744 -64676.0572640565 13919198535.7961
2539439248.04182 -365320549061085 -153616035170030 -153805.314002577 -64676.0569940277 13919198535.7961
2540263206.26636 -365447278214272 -153669325539010 -153805.313360856 -64676.0567241862 13919198535.7961
2541087164.4909 -365574007366930 -153722615907768 -153805.31271958 -64676.0564545318 13919198535.7961
2541911122.71544 -365700736519059 -153775906276304 -153805.312078748 -64676.0561850643 13919198535.7961
2542735080.93999 -365827465670661 -153829196644618 -153805.311438361 -64676.0559157835 13919198535.7961
2543559039.16453 -365954194821736 -153882487012710 -153805.310798417 -64676.0556466891 13919198535.7961
2544382997.38907 -366080923972283 -153935777380580 -153805.310158916 -64676.0553777811 13919198535.7961
2545206955.61362 -366207653122303 -153989067748229 -153805.309519857 -64676.0551090592 13919198535.7961
2546030913.83816 -366334382271798 -154042358115656 -153805.308881241 -64676.0548405233 13919198535.7961
2546854872.0627 -366461111420766 -154095648482863 -153805.308243066 -64676.054572173 13919198535.7961
2547678830.28725 -366587840569208 -154148938849848 -153805.307605333 -64676.0543040083 13919198535.7961
2548502788.51179 -366714569717125 -154202229216612 -153805.30696804 -64676.0540360289 13919198535.7961
2549326746.73633 -366841298864518 -154255519583156 -153805.306331188 -64676.0537682347 13919198535.7961
2550150704.96088 -366968028011385 -154308809949479 -153805.305694776 -64676.0535006255 13919198535.7961
2550974663.18542 -367094757157729 -154362100315582 -153805.305058803 -64676.053233201 13919198535.7961
2551798621.40996 -367221486303549 -154415390681464 -153805.304423269 -64676.0529659611 13919198535.7961
2552622579.6345 -367348215448845 -154468681047126 -153805.303788173 -64676.0526989055 13919198535.7961
2553446537.85905 -367474944593618 -154521971412568 -153805.303153515 -64676.0524320342 13919198535.7961
2554270496.08359 -367601673737868 -154575261777791 -153805.302519296 -64676.0521653469 13919198535.7961
2555094454.30813 -367728402881596 -154628552142794 -153805.301885513 -64676.0518988434 13919198535.7961
2555918412.53268 -367855132024802 -154681842507577 -153805.301252167 -64676.0516325235 13919198535.7961
2556742370.75722 -367981861167487 -154735132872141 -153805.300619257 -64676.051366387 13919198535.7961
2557566328.98176 -368108590309650 -154788423236486 -153805.299986783 -64676.0511004338 13919198535.7961
2558390287.20631 -368235319451292 -154841713600611 -153805.299354744 -64676.0508346636 13919198535.7961
2559214245.43085 -368362048592413 -154895003964518 -153805.29872314 -64676.0505690764 13919198535.7961
2560038203.65539 -368488777733014 -154948294328206 -153805.298091971 -64676.0503036717 13919198535.7961
2560862161.87994 -368615506873095 -155001584691675 -153805.297461235 -64676.0500384496 13919198535.7961
2561686120.10448 -368742236012657 -155054875054926 -153805.296830934 -64676.0497734098 13919198535.7961
2562510078.32902 -368868965151700 -155108165417959 -153805.296201065 -64676.0495085521 13919198535.7961
2563334036.55357 -368995694290224 -155161455780773 -153805.295571629 -64676.0492438763 13919198535.7961
2564157994.77811 -369122423428229 -155214746143370 -153805.294942625 -64676.0489793823 13919198535.7961
2564981953.00265 -369249152565716 -155268036505749 -153805.294314053 -64676.0487150698 13919198535.7961
2565805911.22719 -369375881702686 -155321326867909 -153805.293685912 -64676.0484509387 13919198535.7961
2566629869.45174 -369502610839138 -155374617229853 -153805.293058202 -64676.0481869887 13919198535.7961
2567453827.67628 -369629339975073 -155427907591579 -153805.292430922 -64676.0479232198 13919198535.7961
2568277785.90082 -369756069110491 -155481197953087 -153805.291804073 -64676.0476596316 13919198535.7961
2569101744.12537 -369882798245394 -155534488314379 -153805.291177653 -64676.0473962241 13919198535.7961
2569925702.34991 -370009527379780 -155587778675454 -153805.290551662 -64676.047132997 13919198535.7961
2570749660.57445 -370136256513650 -155641069036311 -153805.2899261 -64676.0468699502 13919198535.7961
2571573618.799 -370262985647006 -155694359396952 -153805.289300966 -64676.0466070834 13919198535.7961
2572397577.02354 -370389714779846 -155747649757377 -153805.288676259 -64676.0463443965 13919198535.7961
2573221535.24808 -370516443912172 -155800940117585 -153805.288051981 -64676.0460818893 13919198535.7961
2574045493.47263 -370643173043983 -155854230477577 -153805.287428129 -64676.0458195616 13919198535.7961
2574869451.69717 -370769902175281 -155907520837353 -153805.286804703 -64676.0455574132 13919198535.7961
2575693409.92171 -370896631306065 -155960811196913 -153805.286181704 -64676.045295444 13919198535.7961
2576517368.14625 -371023360436336 -156014101556258 -153805.28555913 -64676.0450336537 13919198535.7961
2577341326.3708 -371150089566095 -156067391915386 -153805.284936981 -64676.0447720422 13919198535.7961
2578165284.59534 -371276818695341 -156120682274299 -153805.284315257 -64676.0445106093 13919198535.7961
2578989242.81988 -371403547824074 -156173972632997 -153805.283693957 -64676.0442493548 13919198535.7961
2579813201.04443 -371530276952296 -156227262991480 -153805.283073081 -64676.0439882786 13919198535.7961
2580637159.26897 -371657006080007 -156280553349747 -153805.282452629 -64676.0437273803 13919198535.7961
2581461117.49351 -371783735207207 -156333843707800 -153805.2818326 -64676.04346666 13919198535.7961
2582285075.71806 -371910464333895 -156387134065638 -153805.281212993 -64676.0432061173 13919198535.7961
2583109033.9426 -372037193460074 -156440424423261 -153805.280593808 -64676.0429457521 13919198535.7961
2583932992.16714 -372163922585742 -156493714780670 -153805.279975045 -64676.0426855643 13919198535.7961
2584756950.39169 -372290651710901 -156547005137864 -153805.279356703 -64676.0424255535 13919198535.7961
2585580908.61623 -372417380835551 -156600295494845 -153805.278738782 -64676.0421657198 13919198535.7961
2586404866.84077 -372544109959691 -156653585851611 -153805.278121281 -64676.0419060628 13919198535.7961
2587228825.06531 -372670839083323 -156706876208164 -153805.277504201 -64676.0416465824 13919198535.7961
2588052783.28986 -372797568206447 -156760166564502 -153805.27688754 -64676.0413872784 13919198535.7961
2588876741.5144 -372924297329062 -156813456920628 -153805.276271298 -64676.0411281507 13919198535.7961
2589700699.73894 -373051026451171 -156866747276539 -153805.275655474 -64676.040869199 13919198535.7961
2590524657.96349 -373177755572772 -156920037632238 -153805.275040069 -64676.0406104232 13919198535.7961
2591348616.18803 -373304484693866 -156973327987723 -153805.274425082 -64676.040351823 13919198535.7961
2592172574.41257 -373431213814453 -157026618342995 -153805.273810512 -64676.0400933984 13919198535.7961
2592996532.63712 -373557942934534 -157079908698055 -153805.27319636 -64676.0398351492 13919198535.7961
2593820490.86166 -373684672054110 -157133199052901 -153805.272582623 -64676.0395770751 13919198535.7961
2594644449.0862 -373811401173179 -157186489407536 -153805.271969303 -64676.039319176 13919198535.7961
2595468407.31075 -373938130291744 -157239779761957 -153805.271356399 -64676.0390614516 13919198535.7961
2596292365.53529 -374064859409804 -157293070116167 -153805.27074391 -64676.038803902 13919198535.7961
2597116323.75983 -374191588527359 -157346360470164 -153805.270131836 -64676.0385465267 13919198535.7961
2597940281.98438 -374318317644410 -157399650823949 -153805.269520176 -64676.0382893258 13919198535.7961
2598764240.20892 -374445046760958 -157452941177523 -153805.26890893 -64676.0380322989 13919198535.7961
2599588198.43346 -374571775877002 -157506231530885 -153805.268298098 -64676.0377754459 13919198535.7961
2600412156.658 -374698504992542 -157559521884035 -153805.267687679 -64676.0375187667 13919198535.7961
2601236114.88255 -374825234107580 -157612812236973 -153805.267077673 -64676.0372622611 13919198535.7961
2602060073.10709 -374951963222116 -157666102589701 -153805.266468079 -64676.0370059289 13919198535.7961
2602884031.33163 -375078692336149 -157719392942217 -153805.265858897 -64676.0367497698 13919198535.7961
2603707989.55618 -375205421449681 -157772683294523 -153805.265250127 -64676.0364937838 13919198535.7961
2604531947.78072 -375332150562711 -157825973646617 -153805.264641768 -64676.0362379707 13919198535.7961
2605355906.00526 -375458879675240 -157879263998501 -153805.264033819 -64676.0359823303 13919198535.7961
2606179864.22981 -375585608787269 -157932554350174 -153805.263426281 -64676.0357268623 13919198535.7961
2607003822.45435 -375712337898797 -157985844701637 -153805.262819152 -64676.0354715667 13919198535.7961
2607827780.67889 -375839067009824 -158039135052889 -153805.262212433 -64676.0352164433 13919198535.7961
2608651738.90344 -375965796120353 -158092425403932 -153805.261606123 -64676.0349614919 13919198535.7961
2609475697.12798 -376092525230381 -158145715754764 -153805.261000222 -64676.0347067123 13919198535.7961
2610299655.35252 -376219254339911 -158199006105387 -153805.260394729 -64676.0344521043 13919198535.7961
2611123613.57706 -376345983448942 -158252296455800 -153805.259789643 -64676.0341976678 13919198535.7961
2611947571.80161 -376472712557474 -158305586806003 -153805.259184965 -64676.0339434026 13919198535.7961
2612771530.02615 -376599441665509 -158358877155997 -153805.258580694 -64676.0336893085 13919198535.7961
2613595488.25069 -376726170773046 -158412167505781 -153805.25797683 -64676.0334353854 13919198535.7961
2614419446.47524 -376852899880085 -158465457855356 -153805.257373371 -64676.0331816331 13919198535.7961
2615243404.69978 -376979628986627 -158518748204723 -153805.256770319 -64676.0329280513 13919198535.7961
2616067362.92432 -377106358092673 -158572038553880 -153805.256167671 -64676.03267464 13919198535.7961
2616891321.14887 -377233087198222 -158625328902829 -153805.255565429 -64676.032421399 13919198535.7961
2617715279.37341 -377359816303275 -158678619251569 -153805.254963591 -64676.032168328 13919198535.7961
2618539237.59795 -377486545407832 -158731909600101 -153805.254362157 -64676.031915427 13919198535.7961
2619363195.8225 -377613274511894 -158785199948424 -153805.253761127 -64676.0316626957 13919198535.7961
2620187154.04704 -377740003615461 -158838490296540 -153805.2531605 -64676.031410134 13919198535.7961
2621011112.27158 -377866732718534 -158891780644447 -153805.252560276 -64676.0311577417 13919198535.7961
2621835070.49612 -377993461821111 -158945070992146 -153805.251960455 -64676.0309055186 13919198535.7961
2622659028.72067 -378120190923195 -158998361339638 -153805.251361035 -64676.0306534646 13919198535.7961
2623482986.94521 -378246920024785 -159051651686922 -153805.250762018 -64676.0304015795 13919198535.7961
2624306945.16975 -378373649125882 -159104942033998 -153805.250163401 -64676.0301498632 13919198535.7961
2625130903.3943 -378500378226485 -159158232380867 -153805.249565185 -64676.0298983154 13919198535.7961
2625954861.61884 -378627107326596 -159211522727529 -153805.24896737 -64676.0296469359 13919198535.7961
2626778819.84338 -378753836426214 -159264813073984 -153805.248369955 -64676.0293957247 13919198535.7961
2627602778.06793 -378880565525341 -159318103420232 -153805.24777294 -64676.0291446816 13919198535.7961
2628426736.29247 -379007294623975 -159371393766273 -153805.247176323 -64676.0288938063 13919198535.7961
2629250694.51701 -379134023722119 -159424684112108 -153805.246580106 -64676.0286430987 13919198535.7961
2630074652.74156 -379260752819771 -159477974457736 -153805.245984287 -64676.0283925587 13919198535.7961
2630898610.9661 -379387481916932 -159531264803157 -153805.245388866 -64676.0281421861 13919198535.7961
2631722569.19064 -379514211013603 -159584555148373 -153805.244793843 -64676.0278919807 13919198535.7961
2632546527.41518 -379640940109784 -159637845493382 -153805.244199217 -64676.0276419423 13919198535.7961
2633370485.63973 -379767669205474 -159691135838185 -153805.243604988 -64676.0273920708 13919198535.7961
2634194443.86427 -379894398300676 -159744426182783 -153805.243011155 -64676.027142366 13919198535.7961
2635018402.08881 -380021127395388 -159797716527175 -153805.242417719 -64676.0268928277 13919198535.7961
2635842360.31336 -380147856489612 -159851006871361 -153805.241824678 -64676.0266434559 13919198535.7961
2636666318.5379 -380274585583347 -159904297215342 -153805.241232032 -64676.0263942502 13919198535.7961
2637490276.76244 -380401314676594 -159957587559118 -153805.240639782 -64676.0261452105 13919198535.7961
2638314234.98699 -380528043769353 -160010877902689 -153805.240047925 -64676.0258963368 13919198535.7961
2639138193.21153 -380654772861625 -160064168246054 -153805.239456463 -64676.0256476288 13919198535.7961
2639962151.43607 -380781501953409 -160117458589215 -153805.238865395 -64676.0253990863 13919198535.7961
2640786109.66062 -380908231044707 -160170748932171 -153805.238274719 -64676.0251507091 13919198535.7961
2641610067.88516 -381034960135518 -160224039274922 -153805.237684437 -64676.0249024972 13919198535.7961
2642434026.1097 -381161689225843 -160277329617469 -153805.237094547 -64676.0246544504 13919198535.7961
2643257984.33425 -381288418315682 -160330619959812 -153805.23650505 -64676.0244065684 13919198535.7961
2644081942.55879 -381415147405035 -160383910301950 -153805.235915944 -64676.0241588512 13919198535.7961
2644905900.78333 -381541876493903 -160437200643885 -153805.235327229 -64676.0239112985 13919198535.7961
2645729859.00787 -381668605582286 -160490490985615 -153805.234738906 -64676.0236639102 13919198535.7961
2646553817.23242 -381795334670185 -160543781327142 -153805.234150973 -64676.0234166861 13919198535.7961
2647377775.45696 -381922063757600 -160597071668465 -153805.23356343 -64676.0231696261 13919198535.7961
2648201733.6815 -382048792844530 -160650362009585 -153805.232976277 -64676.0229227301 13919198535.7961
2649025691.90605 -382175521930977 -160703652350501 -153805.232389513 -64676.0226759977 13919198535.7961
2649849650.13059 -382302251016940 -160756942691214 -153805.231803138 -64676.0224294289 13919198535.7961
2650673608.35513 -382428980102421 -160810233031724 -153805.231217152 -64676.0221830236 13919198535.7961
2651497566.57968 -382555709187419 -160863523372031 -153805.230631555 -64676.0219367815 13919198535.7961
2652321524.80422 -382682438271934 -160916813712135 -153805.230046345 -64676.0216907025 13919198535.7961
2653145483.02876 -382809167355968 -160970104052037 -153805.229461522 -64676.0214447864 13919198535.7961
2653969441.25331 -382935896439519 -161023394391736 -153805.228877087 -64676.021199033 13919198535.7961
2654793399.47785 -383062625522590 -161076684731232 -153805.228293038 -64676.0209534423 13919198535.7961
2655617357.70239 -383189354605179 -161129975070526 -153805.227709376 -64676.0207080141 13919198535.7961
2656441315.92693 -383316083687288 -161183265409618 -153805.227126099 -64676.0204627481 13919198535.7961
2657265274.15148 -383442812768916 -161236555748508 -153805.226543208 -64676.0202176442 13919198535.7961
2658089232.37602 -383569541850064 -161289846087196 -153805.225960703 -64676.0199727023 13919198535.7961
2658913190.60056 -383696270930732 -161343136425683 -153805.225378582 -64676.0197279222 13919198535.7961
2659737148.82511 -383823000010920 -161396426763967 -153805.224796845 -64676.0194833037 13919198535.7961
2660561107.04965 -383949729090630 -161449717102051 -153805.224215493 -64676.0192388467 13919198535.7961
2661385065.27419 -384076458169861 -161503007439933 -153805.223634524 -64676.0189945511 13919198535.7961
2662209023.49874 -384203187248613 -161556297777613 -153805.223053938 -64676.0187504165 13919198535.7961
2663032981.72328 -384329916326887 -161609588115093 -153805.222473736 -64676.018506443 13919198535.7961
2663856939.94782 -384456645404683 -161662878452372 -153805.221893915 -64676.0182626304 13919198535.7961
2664680898.17237 -384583374482001 -161716168789449 -153805.221314477 -64676.0180189784 13919198535.7961
2665504856.39691 -384710103558842 -161769459126326 -153805.220735421 -64676.0177754869 13919198535.7961
2666328814.62145 -384836832635206 -161822749463003 -153805.220156746 -64676.0175321558 13919198535.7961
2667152772.84599 -384963561711094 -161876039799479 -153805.219578452 -64676.0172889849 13919198535.7961
2667976731.07054 -385090290786505 -161929330135755 -153805.219000539 -64676.0170459741 13919198535.7961
2668800689.29508 -385217019861440 -161982620471831 -153805.218423006 -64676.0168031232 13919198535.7961
2669624647.51962 -385343748935900 -162035910807706 -153805.217845853 -64676.0165604319 13919198535.7961
2670448605.74417 -385470478009884 -162089201143382 -153805.217269079 -64676.0163179003 13919198535.7961
2671272563.96871 -385597207083393 -162142491478858 -153805.216692684 -64676.0160755281 13919198535.7961
2672096522.19325 -385723936156427 -162195781814134 -153805.216116669 -64676.0158333151 13919198535.7961
2672920480.4178 -385850665228987 -162249072149211 -153805.215541031 -64676.0155912613 13919198535.7961
2673744438.64234 -385977394301073 -162302362484088 -153805.214965772 -64676.0153493664 13919198535.7961
2674568396.86688 -386104123372684 -162355652818767 -153805.21439089 -64676.0151076303 13919198535.7961
2675392355.09143 -386230852443823 -162408943153246 -153805.213816385 -64676.0148660528 13919198535.7961
2676216313.31597 -386357581514488 -162462233487526 -153805.213242258 -64676.0146246338 13919198535.7961
2677040271.54051 -386484310584680 -162515523821607 -153805.212668506 -64676.0143833731 13919198535.7961
2677864229.76506 -386611039654400 -162568814155490 -153805.212095131 -64676.0141422706 13919198535.7961
2678688187.9896 -386737768723647 -162622104489173 -153805.211522132 -64676.0139013261 13919198535.7961
2679512146.21414 -386864497792422 -162675394822659 -153805.210949508 -64676.0136605394 13919198535.7961
2680336104.43868 -386991226860726 -162728685155946 -153805.21037726 -64676.0134199105 13919198535.7961
2681160062.66323 -387117955928558 -162781975489035 -153805.209805386 -64676.0131794391 13919198535.7961
2681984020.88777 -387244684995919 -162835265821926 -153805.209233886 -64676.0129391251 13919198535.7961
2682807979.11231 -387371414062810 -162888556154619 -153805.20866276 -64676.0126989683 13919198535.7961
2683631937.33686 -387498143129230 -162941846487114 -153805.208092008 -64676.0124589686 13919198535.7961
2684455895.5614 -387624872195180 -162995136819411 -153805.207521629 -64676.0122191259 13919198535.7961
2685279853.78594 -387751601260660 -163048427151511 -153805.206951622 -64676.0119794399 13919198535.7961
2686103812.01049 -387878330325671 -163101717483413 -153805.206381988 -64676.0117399106 13919198535.7961
2686927770.23503 -388005059390212 -163155007815119 -153805.205812727 -64676.0115005377 13919198535.7961
2687751728.45957 -388131788454285 -163208298146626 -153805.205243837 -64676.0112613211 13919198535.7961
2688575686.68412 -388258517517888 -163261588477937 -153805.204675318 -64676.0110222607 13919198535.7961
2689399644.90866 -388385246581024 -163314878809051 -153805.204107171 -64676.0107833563 13919198535.7961
2690223603.1332 -388511975643692 -163368169139969 -153805.203539394 -64676.0105446077 13919198535.7961
2691047561.35774 -388638704705892 -163421459470689 -153805.202971987 -64676.0103060149 13919198535.7961
2691871519.58229 -388765433767624 -163474749801213 -153805.202404951 -64676.0100675776 13919198535.7961
2692695477.80683 -388892162828890 -163528040131541 -153805.201838283 -64676.0098292957 13919198535.7961
2693519436.03137 -389018891889689 -163581330461672 -153805.201271986 -64676.009591169 13919198535.7961
2694343394.25592 -389145620950021 -163634620791607 -153805.200706056 -64676.0093531975 13919198535.7961
2695167352.48046 -389272350009888 -163687911121347 -153805.200140496 -64676.0091153808 13919198535.7961
2695991310.705 -389399079069288 -163741201450890 -153805.199575303 -64676.008877719 13919198535.7961
2696815268.92955 -389525808128223 -163794491780238 -153805.199010479 -64676.0086402118 13919198535.7961
2697639227.15409 -389652537186692 -163847782109389 -153805.198446021 -64676.0084028592 13919198535.7961
2698463185.37863 -389779266244697 -163901072438346 -153805.197881931 -64676.0081656608 13919198535.7961
2699287143.60318 -389905995302237 -163954362767107 -153805.197318208 -64676.0079286167 13919198535.7961
2700111101.82772 -390032724359313 -164007653095673 -153805.19675485 -64676.0076917265 13919198535.7961
2700935060.05226 -390159453415924 -164060943424043 -153805.196191859 -64676.0074549903 13919198535.7961
2701759018.2768 -390286182472072 -164114233752219 -153805.195629233 -64676.0072184078 13919198535.7961
2702582976.50135 -390412911527757 -164167524080200 -153805.195066973 -64676.0069819789 13919198535.7961
2703406934.72589 -390539640582978 -164220814407986 -153805.194505078 -64676.0067457035 13919198535.7961
2704230892.95043 -390666369637737 -164274104735577 -153805.193943547 -64676.0065095813 13919198535.7961
2705054851.17498 -390793098692033 -164327395062974 -153805.19338238 -64676.0062736123 13919198535.7961
2705878809.39952 -390919827745867 -164380685390177 -153805.192821577 -64676.0060377963 13919198535.7961
2706702767.62406 -391046556799238 -164433975717185 -153805.192261138 -64676.0058021331 13919198535.7961
2707526725.84861 -391173285852149 -164487266043999 -153805.191701061 -64676.0055666226 13919198535.7961
2708350684.07315 -391300014904598 -164540556370620 -153805.191141348 -64676.0053312646 13919198535.7961
2709174642.29769 -391426743956585 -164593846697046 -153805.190581997 -64676.0050960591 13919198535.7961
2709998600.52224 -391553473008113 -164647137023279 -153805.190023008 -64676.0048610058 13919198535.7961
2710822558.74678 -391680202059179 -164700427349318 -153805.189464381 -64676.0046261046 13919198535.7961
2711646516.97132 -391806931109786 -164753717675163 -153805.188906115 -64676.0043913554 13919198535.7961
2712470475.19587 -391933660159933 -164807008000815 -153805.18834821 -64676.0041567579 13919198535.7961
2713294433.42041 -392060389209620 -164860298326274 -153805.187790666 -64676.0039223122 13919198535.7961
2714118391.64495 -392187118258848 -164913588651540 -153805.187233482 -64676.0036880179 13919198535.7961
2714942349.86949 -392313847307617 -164966878976613 -153805.186676658 -64676.003453875 13919198535.7961
2715766308.09404 -392440576355927 -165020169301493 -153805.186120194 -64676.0032198834 13919198535.7961
2716590266.31858 -392567305403779 -165073459626180 -153805.185564089 -64676.0029860428 13919198535.7961
2717414224.54312 -392694034451173 -165126749950675 -153805.185008343 -64676.0027523531 13919198535.7961
2718238182.76767 -392820763498109 -165180040274977 -153805.184452955 -64676.0025188142 13919198535.7961
2719062140.99221 -392947492544588 -165233330599087 -153805.183897926 -64676.002285426 13919198535.7961
2719886099.21675 -393074221590609 -165286620923004 -153805.183343255 -64676.0020521882 13919198535.7961
2720710057.4413 -393200950636174 -165339911246730 -153805.182788941 -64676.0018191008 13919198535.7961
2721534015.66584 -393327679681282 -165393201570263 -153805.182234984 -64676.0015861636 13919198535.7961
2722357973.89038 -393454408725934 -165446491893605 -153805.181681385 -64676.0013533764 13919198535.7961
2723181932.11493 -393581137770130 -165499782216755 -153805.181128141 -64676.0011207392 13919198535.7961
2724005890.33947 -393707866813870 -165553072539713 -153805.180575254 -64676.0008882517 13919198535.7961
2724829848.56401 -393834595857154 -165606362862479 -153805.180022723 -64676.0006559138 13919198535.7961
2725653806.78855 -393961324899984 -165659653185055 -153805.179470547 -64676.0004237255 13919198535.7961
2726477765.0131 -394088053942359 -165712943507439 -153805.178918727 -64676.0001916864 13919198535.7961
2727301723.23764 -394214782984279 -165766233829632 -153805.178367261 -64675.9999597965 13919198535.7961
2728125681.46218 -394341512025745 -165819524151634 -153805.17781615 -64675.9997280557 13919198535.7961
2728949639.68673 -394468241066757 -165872814473445 -153805.177265392 -64675.9994964638 13919198535.7961
2729773597.91127 -394594970107315 -165926104795065 -153805.176714989 -64675.9992650206 13919198535.7961
2730597556.13581 -394721699147420 -165979395116495 -153805.176164939 -64675.999033726 13919198535.7961
2731421514.36036 -394848428187072 -166032685437734 -153805.175615242 -64675.99880258 13919198535.7961
2732245472.5849 -394975157226271 -166085975758783 -153805.175065897 -64675.9985715822 13919198535.7961
2733069430.80944 -395101886265018 -166139266079641 -153805.174516906 -64675.9983407326 13919198535.7961
2733893389.03399 -395228615303312 -166192556400309 -153805.173968266 -64675.9981100311 13919198535.7961
2734717347.25853 -395355344341155 -166245846720788 -153805.173419978 -64675.9978794775 13919198535.7961
2735541305.48307 -395482073378546 -166299137041076 -153805.172872041 -64675.9976490716 13919198535.7961
2736365263.70761 -395608802415485 -166352427361175 -153805.172324455 -64675.9974188133 13919198535.7961
2737189221.93216 -395735531451974 -166405717681084 -153805.171777221 -64675.9971887025 13919198535.7961
2738013180.1567 -395862260488011 -166459008000803 -153805.171230336 -64675.9969587391 13919198535.7961
2738837138.38124 -395988989523599 -166512298320333 -153805.170683802 -64675.9967289228 13919198535.7961
2739661096.60579 -396115718558736 -166565588639674 -153805.170137617 -64675.9964992536 13919198535.7961
2740485054.83033 -396242447593423 -166618878958825 -153805.169591781 -64675.9962697313 13919198535.7961
2741309013.05487 -396369176627661 -166672169277788 -153805.169046295 -64675.9960403557 13919198535.7961
2742132971.27942 -396495905661449 -166725459596561 -153805.168501157 -64675.9958111268 13919198535.7961
2742956929.50396 -396622634694788 -166778749915146 -153805.167956368 -64675.9955820444 13919198535.7961
2743780887.7285 -396749363727679 -166832040233542 -153805.167411927 -64675.9953531083 13919198535.7961
2744604845.95305 -396876092760121 -166885330551749 -153805.166867833 -64675.9951243184 13919198535.7961
2745428804.17759 -397002821792115 -166938620869768 -153805.166324087 -64675.9948956746 13919198535.7961
2746252762.40213 -397129550823661 -166991911187599 -153805.165780688 -64675.9946671767 13919198535.7961
2747076720.62668 -397256279854759 -167045201505242 -153805.165237635 -64675.9944388246 13919198535.7961
2747900678.85122 -397383008885411 -167098491822696 -153805.164694929 -64675.9942106182 13919198535.7961
2748724637.07576 -397509737915615 -167151782139962 -153805.164152569 -64675.9939825572 13919198535.7961
2749548595.3003 -397636466945372 -167205072457041 -153805.163610555 -64675.9937546416 13919198535.7961
2750372553.52485 -397763195974683 -167258362773932 -153805.163068886 -64675.9935268713 13919198535.7961
2751196511.74939 -397889925003548 -167311653090635 -153805.162527562 -64675.993299246 13919198535.7961
2752020469.97393 -398016654031967 -167364943407150 -153805.161986583 -64675.9930717657 13919198535.7961
2752844428.19848 -398143383059940 -167418233723479 -153805.161445948 -64675.9928444302 13919198535.7961
2753668386.42302 -398270112087468 -167471524039620 -153805.160905657 -64675.9926172394 13919198535.7961
2754492344.64756 -398396841114551 -167524814355574 -153805.16036571 -64675.9923901931 13919198535.7961
2755316302.87211 -398523570141189 -167578104671341 -153805.159826107 -64675.9921632912 13919198535.7961
2756140261.09665 -398650299167383 -167631394986921 -153805.159286846 -64675.9919365336 13919198535.7961
2756964219.32119 -398777028193132 -167684685302314 -153805.158747928 -64675.9917099201 13919198535.7961
2757788177.54574 -398903757218438 -167737975617520 -153805.158209353 -64675.9914834506 13919198535.7961
2758612135.77028 -399030486243300 -167791265932540 -153805.15767112 -64675.9912571249 13919198535.7961
2759436093.99482 -399157215267718 -167844556247374 -153805.157133228 -64675.9910309429 13919198535.7961
2760260052.21936 -399283944291694 -167897846562021 -153805.156595678 -64675.9908049046 13919198535.7961
2761084010.44391 -399410673315227 -167951136876482 -153805.156058469 -64675.9905790096 13919198535.7961
2761907968.66845 -399537402338317 -168004427190757 -153805.155521601 -64675.990353258 13919198535.7961
2762731926.89299 -399664131360965 -168057717504846 -153805.154985074 -64675.9901276495 13919198535.7961
2763555885.11754 -399790860383171 -168111007818750 -153805.154448886 -64675.9899021841 13919198535.7961
2764379843.34208 -399917589404936 -168164298132467 -153805.153913038 -64675.9896768615 13919198535.7961
2765203801.56662 -400044318426259 -168217588445999 -153805.15337753 -64675.9894516817 13919198535.7961
2766027759.79117 -400171047447141 -168270878759346 -153805.152842361 -64675.9892266446 13919198535.7961
2766851718.01571 -400297776467582 -168324169072507 -153805.152307531 -64675.9890017499 13919198535.7961
2767675676.24025 -400424505487583 -168377459385483 -153805.151773039 -64675.9887769976 13919198535.7961
2768499634.4648 -400551234507143 -168430749698273 -153805.151238886 -64675.9885523874 13919198535.7961
2769323592.68934 -400677963526264 -168484040010879 -153805.15070507 -64675.9883279194 13919198535.7961
2770147550.91388 -400804692544944 -168537330323300 -153805.150171592 -64675.9881035933 13919198535.7961
2770971509.13842 -400931421563186 -168590620635536 -153805.149638452 -64675.987879409 13919198535.7961
2771795467.36297 -401058150580988 -168643910947587 -153805.149105648 -64675.9876553664 13919198535.7961
2772619425.58751 -401184879598351 -168697201259454 -153805.148573181 -64675.9874314654 13919198535.7961
2773443383.81205 -401311608615276 -168750491571137 -153805.14804105 -64675.9872077058 13919198535.7961
2774267342.0366 -401438337631762 -168803781882635 -153805.147509255 -64675.9869840874 13919198535.7961
2775091300.26114 -401565066647810 -168857072193949 -153805.146977796 -64675.9867606102 13919198535.7961
2775915258.48568 -401691795663421 -168910362505078 -153805.146446672 -64675.9865372739 13919198535.7961
2776739216.71023 -401818524678594 -168963652816024 -153805.145915883 -64675.9863140786 13919198535.7961
2777563174.93477 -401945253693330 -169016943126786 -153805.145385429 -64675.986091024 13919198535.7961
2778387133.15931 -402071982707629 -169070233437365 -153805.144855309 -64675.98586811 13919198535.7961
2779211091.38386 -402198711721491 -169123523747759 -153805.144325524 -64675.9856453365 13919198535.7961
2780035049.6084 -402325440734917 -169176814057970 -153805.143796072 -64675.9854227033 13919198535.7961
2780859007.83294 -402452169747907 -169230104367998 -153805.143266953 -64675.9852002104 13919198535.7961
2781682966.05749 -402578898760461 -169283394677843 -153805.142738168 -64675.9849778575 13919198535.7961
2782506924.28203 -402705627772579 -169336684987504 -153805.142209715 -64675.9847556445 13919198535.7961
2783330882.50657 -402832356784262 -169389975296982 -153805.141681595 -64675.9845335714 13919198535.7961
2784154840.73111 -402959085795510 -169443265606278 -153805.141153807 -64675.9843116379 13919198535.7961
2784978798.95566 -403085814806324 -169496555915390 -153805.140626351 -64675.984089844 13919198535.7961
2785802757.1802 -403212543816703 -169549846224320 -153805.140099227 -64675.9838681896 13919198535.7961
2786626715.40474 -403339272826647 -169603136533068 -153805.139572434 -64675.9836466744 13919198535.7961
2787450673.62929 -403466001836158 -169656426841633 -153805.139045971 -64675.9834252983 13919198535.7961
2788274631.85383 -403592730845235 -169709717150015 -153805.13851984 -64675.9832040613 13919198535.7961
2789098590.07837 -403719459853879 -169763007458215 -153805.137994038 -64675.9829829632 13919198535.7961
2789922548.30292 -403846188862090 -169816297766234 -153805.137468567 -64675.9827620038 13919198535.7961
2790746506.52746 -403972917869868 -169869588074070 -153805.136943426 -64675.9825411831 13919198535.7961
2791570464.752 -404099646877213 -169922878381724 -153805.136418613 -64675.9823205009 13919198535.7961
2792394422.97655 -404226375884126 -169976168689197 -153805.13589413 -64675.982099957 13919198535.7961
2793218381.20109 -404353104890607 -170029458996487 -153805.135369976 -64675.9818795514 13919198535.7961
2794042339.42563 -404479833896656 -170082749303597 -153805.13484615 -64675.9816592839 13919198535.7961
2794866297.65017 -404606562902274 -170136039610525 -153805.134322652 -64675.9814391544 13919198535.7961
2795690255.87472 -404733291907460 -170189329917271 -153805.133799482 -64675.9812191627 13919198535.7961
2796514214.09926 -404860020912216 -170242620223836 -153805.133276639 -64675.9809993088 13919198535.7961
2797338172.3238 -404986749916541 -170295910530221 -153805.132754124 -64675.9807795924 13919198535.7961
2798162130.54835 -405113478920436 -170349200836424 -153805.132231936 -64675.9805600136 13919198535.7961
2798986088.77289 -405240207923900 -170402491142446 -153805.131710074 -64675.980340572 13919198535.7961
2799810046.99743 -405366936926935 -170455781448288 -153805.131188539 -64675.9801212677 13919198535.7961
2800634005.22198 -405493665929540 -170509071753949 -153805.130667329 -64675.9799021004 13919198535.7961
2801457963.44652 -405620394931715 -170562362059430 -153805.130146445 -64675.9796830701 13919198535.7961
2802281921.67106 -405747123933462 -170615652364730 -153805.129625887 -64675.9794641766 13919198535.7961
2803105879.89561 -405873852934780 -170668942669849 -153805.129105654 -64675.9792454198 13919198535.7961
2803929838.12015 -406000581935669 -170722232974789 -153805.128585745 -64675.9790267995 13919198535.7961
2804753796.34469 -406127310936130 -170775523279548 -153805.128066161 -64675.9788083157 13919198535.7961
2805577754.56923 -406254039936163 -170828813584128 -153805.127546901 -64675.9785899682 13919198535.7961
2806401712.79378 -406380768935768 -170882103888528 -153805.127027965 -64675.9783717569 13919198535.7961
2807225671.01832 -406507497934946 -170935394192748 -153805.126509353 -64675.9781536817 13919198535.7961
2808049629.24286 -406634226933697 -170988684496788 -153805.125991064 -64675.9779357423 13919198535.7961
2808873587.46741 -406760955932021 -171041974800649 -153805.125473097 -64675.9777179388 13919198535.7961
2809697545.69195 -406887684929918 -171095265104330 -153805.124955454 -64675.977500271 13919198535.7961
2810521503.91649 -407014413927389 -171148555407832 -153805.124438132 -64675.9772827386 13919198535.7961
2811345462.14104 -407141142924433 -171201845711155 -153805.123921133 -64675.9770653418 13919198535.7961
2812169420.36558 -407267871921052 -171255136014299 -153805.123404456 -64675.9768480802 13919198535.7961
2812993378.59012 -407394600917245 -171308426317264 -153805.1228881 -64675.9766309537 13919198535.7961
2813817336.81467 -407521329913013 -171361716620050 -153805.122372065 -64675.9764139623 13919198535.7961
2814641295.03921 -407648058908356 -171415006922657 -153805.121856351 -64675.9761971059 13919198535.7961
2815465253.26375 -407774787903274 -171468297225086 -153805.121340957 -64675.9759803842 13919198535.7961
2816289211.4883 -407901516897768 -171521587527336 -153805.120825884 -64675.9757637972 13919198535.7961
2817113169.71284 -408028245891837 -171574877829408 -153805.120311131 -64675.9755473447 13919198535.7961
2817937127.93738 -408154974885482 -171628168131301 -153805.119796697 -64675.9753310266 13919198535.7961
2818761086.16192 -408281703878704 -171681458433016 -153805.119282583 -64675.9751148428 13919198535.7961
2819585044.38647 -408408432871502 -171734748734554 -153805.118768788 -64675.9748987932 13919198535.7961
2820409002.61101 -408535161863876 -171788039035913 -153805.118255311 -64675.9746828776 13919198535.7961
2821232960.83555 -408661890855828 -171841329337094 -153805.117742153 -64675.9744670959 13919198535.7961
2822056919.0601 -408788619847358 -171894619638098 -153805.117229314 -64675.9742514481 13919198535.7961
2822880877.28464 -408915348838464 -171947909938924 -153805.116716792 -64675.9740359338 13919198535.7961
2823704835.50918 -409042077829149 -172001200239572 -153805.116204587 -64675.9738205532 13919198535.7961
2824528793.73373 -409168806819412 -172054490540043 -153805.1156927 -64675.9736053059 13919198535.7961
2825352751.95827 -409295535809253 -172107780840337 -153805.11518113 -64675.9733901919 13919198535.7961
2826176710.18281 -409422264798672 -172161071140454 -153805.114669877 -64675.9731752111 13919198535.7961
2827000668.40736 -409548993787671 -172214361440393 -153805.11415894 -64675.9729603634 13919198535.7961
2827824626.6319 -409675722776248 -172267651740156 -153805.113648319 -64675.9727456485 13919198535.7961
2828648584.85644 -409802451764405 -172320942039742 -153805.113138014 -64675.9725310665 13919198535.7961
2829472543.08098 -409929180752142 -172374232339150 -153805.112628025 -64675.9723166172 13919198535.7961
2830296501.30553 -410055909739459 -172427522638383 -153805.11211835 -64675.9721023003 13919198535.7961
2831120459.53007 -410182638726356 -172480812937439 -153805.111608991 -64675.971888116 13919198535.7961
2831944417.75461 -410309367712833 -172534103236318 -153805.111099946 -64675.9716740639 13919198535.7961
2832768375.97916 -410436096698891 -172587393535021 -153805.110591216 -64675.971460144 13919198535.7961
2833592334.2037 -410562825684530 -172640683833548 -153805.1100828 -64675.9712463562 13919198535.7961
2834416292.42824 -410689554669750 -172693974131898 -153805.109574697 -64675.9710327003 13919198535.7961
2835240250.65279 -410816283654552 -172747264430073 -153805.109066908 -64675.9708191762 13919198535.7961
2836064208.87733 -410943012638935 -172800554728072 -153805.108559432 -64675.9706057838 13919198535.7961
2836888167.10187 -411069741622900 -172853845025895 -153805.108052269 -64675.970392523 13919198535.7961
2837712125.32642 -411196470606448 -172907135323542 -153805.107545419 -64675.9701793937 13919198535.7961
2838536083.55096 -411323199589578 -172960425621014 -153805.107038881 -64675.9699663956 13919198535.7961
2839360041.7755 -411449928572291 -173013715918311 -153805.106532655 -64675.9697535288 13919198535.7961
2840184000.00004 -411576657554586 -173067006215432 -153805.106026741 -64675.9695407931 13919198535.7961
2841007958.22459 -411703386536466 -173120296512378 -153805.105521138 -64675.9693281883 13919198535.7961
2841831916.44913 -411830115517928 -173173586809148 -153805.105015846 -64675.9691157144 13919198535.7961
2842655874.67367 -411956844498975 -173226877105744 -153805.104510866 -64675.9689033712 13919198535.7961
2843479832.89822 -412083573479605 -173280167402165 -153805.104006196 -64675.9686911586 13919198535.7961
2844303791.12276 -412210302459820 -173333457698411 -153805.103501836 -64675.9684790765 13919198535.7961
2845127749.3473 -412337031439619 -173386747994482 -153805.102997786 -64675.9682671248 13919198535.7961
2845951707.57185 -412463760419004 -173440038290379 -153805.102494046 -64675.9680553033 13919198535.7961
2846775665.79639 -412590489397973 -173493328586101 -153805.101990615 -64675.9678436119 13919198535.7961
2847599624.02093 -412717218376527 -173546618881649 -153805.101487494 -64675.9676320505 13919198535.7961
2848423582.24548 -412843947354668 -173599909177022 -153805.100984681 -64675.9674206191 13919198535.7961
2849247540.47002 -412970676332393 -173653199472222 -153805.100482177 -64675.9672093173 13919198535.7961
2850071498.69456 -413097405309706 -173706489767247 -153805.099979982 -64675.9669981452 13919198535.7961
2850895456.91911 -413224134286604 -173759780062099 -153805.099478094 -64675.9667871027 13919198535.7961
2851719415.14365 -413350863263089 -173813070356776 -153805.098976514 -64675.9665761895 13919198535.7961
2852543373.36819 -413477592239161 -173866360651280 -153805.098475242 -64675.9663654057 13919198535.7961
2853367331.59273 -413604321214820 -173919650945610 -153805.097974277 -64675.966154751 13919198535.7961
2854191289.81728 -413731050190066 -173972941239767 -153805.097473619 -64675.9659442253 13919198535.7961
2855015248.04182 -413857779164900 -174026231533751 -153805.096973267 -64675.9657338286 13919198535.7961
2855839206.26636 -413984508139322 -174079521827561 -153805.096473222 -64675.9655235607 13919198535.7961
2856663164.49091 -414111237113331 -174132812121197 -153805.095973482 -64675.9653134215 13919198535.7961
2857487122.71545 -414237966086930 -174186102414661 -153805.095474049 -64675.9651034109 13919198535.7961
2858311080.93999 -414364695060116 -174239392707952 -153805.094974921 -64675.9648935287 13919198535.7961
2859135039.16454 -414491424032892 -174292683001070 -153805.094476098 -64675.9646837749 13919198535.7961
2859958997.38908 -414618153005257 -174345973294015 -153805.09397758 -64675.9644741493 13919198535.7961
2860782955.61362 -414744881977211 -174399263586787 -153805.093479367 -64675.9642646518 13919198535.7961
2861606913.83817 -414871610948755 -174452553879387 -153805.092981458 -64675.9640552823 13919198535.7961
2862430872.06271 -414998339919889 -174505844171814 -153805.092483853 -64675.9638460406 13919198535.7961
2863254830.28725 -415125068890612 -174559134464069 -153805.091986552 -64675.9636369267 13919198535.7961
2864078788.51179 -415251797860926 -174612424756152 -153805.091489555 -64675.9634279405 13919198535.7961
2864902746.73634 -415378526830831 -174665715048063 -153805.090992861 -64675.9632190817 13919198535.7961
2865726704.96088 -415505255800327 -174719005339802 -153805.09049647 -64675.9630103504 13919198535.7961
2866550663.18542 -415631984769414 -174772295631368 -153805.090000381 -64675.9628017464 13919198535.7961
2867374621.40997 -415758713738092 -174825585922763 -153805.089504595 -64675.9625932695 13919198535.7961
2868198579.63451 -415885442706362 -174878876213986 -153805.089009111 -64675.9623849197 13919198535.7961
2869022537.85905 -416012171674223 -174932166505038 -153805.088513929 -64675.9621766968 13919198535.7961
2869846496.0836 -416138900641677 -174985456795918 -153805.088019049 -64675.9619686007 13919198535.7961
2870670454.30814 -416265629608723 -175038747086626 -153805.08752447 -64675.9617606314 13919198535.7961
2871494412.53268 -416392358575362 -175092037377164 -153805.087030192 -64675.9615527886 13919198535.7961
2872318370.75723 -416519087541593 -175145327667530 -153805.086536215 -64675.9613450723 13919198535.7961
2873142328.98177 -416645816507418 -175198617957725 -153805.086042538 -64675.9611374824 13919198535.7961
2873966287.20631 -416772545472836 -175251908247748 -153805.085549162 -64675.9609300187 13919198535.7961
2874790245.43085 -416899274437848 -175305198537602 -153805.085056085 -64675.9607226811 13919198535.7961
2875614203.6554 -417026003402453 -175358488827284 -153805.084563308 -64675.9605154696 13919198535.7961
2876438161.87994 -417152732366653 -175411779116796 -153805.084070831 -64675.9603083839 13919198535.7961
2877262120.10448 -417279461330446 -175465069406137 -153805.083578653 -64675.9601014241 13919198535.7961
2878086078.32903 -417406190293835 -175518359695307 -153805.083086773 -64675.9598945899 13919198535.7961
2878910036.55357 -417532919256818 -175571649984307 -153805.082595192 -64675.9596878812 13919198535.7961
2879733994.77811 -417659648219397 -175624940273137 -153805.08210391 -64675.9594812981 13919198535.7961
2880557953.00266 -417786377181570 -175678230561797 -153805.081612925 -64675.9592748402 13919198535.7961
2881381911.2272 -417913106143340 -175731520850287 -153805.081122239 -64675.9590685075 13919198535.7961
2882205869.45174 -418039835104705 -175784811138606 -153805.080631849 -64675.9588623 13919198535.7961
2883029827.67629 -418166564065666 -175838101426756 -153805.080141757 -64675.9586562174 13919198535.7961
2883853785.90083 -418293293026224 -175891391714737 -153805.079651962 -64675.9584502597 13919198535.7961
2884677744.12537 -418420021986378 -175944682002547 -153805.079162464 -64675.9582444268 13919198535.7961
2885501702.34992 -418546750946129 -175997972290188 -153805.078673262 -64675.9580387185 13919198535.7961
2886325660.57446 -418673479905476 -176051262577659 -153805.078184356 -64675.9578331347 13919198535.7961
2887149618.799 -418800208864422 -176104552864962 -153805.077695747 -64675.9576276753 13919198535.7961
2887973577.02354 -418926937822964 -176157843152095 -153805.077207432 -64675.9574223403 13919198535.7961
2888797535.24809 -419053666781105 -176211133439058 -153805.076719414 -64675.9572171295 13919198535.7961
2889621493.47263 -419180395738843 -176264423725853 -153805.07623169 -64675.9570120427 13919198535.7961
2890445451.69717 -419307124696180 -176317714012479 -153805.075744261 -64675.9568070799 13919198535.7961
2891269409.92172 -419433853653115 -176371004298936 -153805.075257126 -64675.9566022409 13919198535.7961
2892093368.14626 -419560582609649 -176424294585224 -153805.074770286 -64675.9563975257 13919198535.7961
2892917326.3708 -419687311565782 -176477584871344 -153805.07428374 -64675.9561929342 13919198535.7961
2893741284.59535 -419814040521514 -176530875157295 -153805.073797488 -64675.9559884661 13919198535.7961
2894565242.81989 -419940769476846 -176584165443078 -153805.073311529 -64675.9557841215 13919198535.7961
2895389201.04443 -420067498431778 -176637455728692 -153805.072825863 -64675.9555799001 13919198535.7961
2896213159.26898 -420194227386309 -176690746014138 -153805.07234049 -64675.955375802 13919198535.7961
2897037117.49352 -420320956340440 -176744036299416 -153805.07185541 -64675.9551718269 13919198535.7961
2897861075.71806 -420447685294172 -176797326584526 -153805.071370623 -64675.9549679748 13919198535.7961
2898685033.9426 -420574414247505 -176850616869468 -153805.070886127 -64675.9547642455 13919198535.7961
2899508992.16715 -420701143200438 -176903907154242 -153805.070401924 -64675.9545606389 13919198535.7961
2900332950.39169 -420827872152973 -176957197438849 -153805.069918012 -64675.954357155 13919198535.7961
2901156908.61623 -420954601105109 -177010487723288 -153805.069434391 -64675.9541537936 13919198535.7961
2901980866.84078 -421081330056847 -177063778007559 -153805.068951062 -64675.9539505546 13919198535.7961
2902804825.06532 -421208059008187 -177117068291664 -153805.068468023 -64675.9537474379 13919198535.7961
2903628783.28986 -421334787959128 -177170358575600 -153805.067985275 -64675.9535444434 13919198535.7961
2904452741.51441 -421461516909672 -177223648859370 -153805.067502817 -64675.953341571 13919198535.7961
2905276699.73895 -421588245859819 -177276939142972 -153805.067020649 -64675.9531388206 13919198535.7961
2906100657.96349 -421714974809569 -177330229426408 -153805.066538772 -64675.9529361919 13919198535.7961
2906924616.18804 -421841703758921 -177383519709676 -153805.066057183 -64675.9527336851 13919198535.7961
2907748574.41258 -421968432707877 -177436809992778 -153805.065575884 -64675.9525312999 13919198535.7961
2908572532.63712 -422095161656437 -177490100275713 -153805.065094874 -64675.9523290362 13919198535.7961
2909396490.86166 -422221890604600 -177543390558481 -153805.064614153 -64675.9521268939 13919198535.7961
2910220449.08621 -422348619552367 -177596680841083 -153805.06413372 -64675.9519248729 13919198535.7961
2911044407.31075 -422475348499739 -177649971123518 -153805.063653575 -64675.9517229731 13919198535.7961
2911868365.53529 -422602077446715 -177703261405788 -153805.063173719 -64675.9515211944 13919198535.7961
2912692323.75984 -422728806393295 -177756551687891 -153805.06269415 -64675.9513195367 13919198535.7961
2913516281.98438 -422855535339481 -177809841969827 -153805.062214868 -64675.9511179999 13919198535.7961
2914340240.20892 -422982264285272 -177863132251598 -153805.061735874 -64675.9509165838 13919198535.7961
2915164198.43347 -423108993230668 -177916422533203 -153805.061257167 -64675.9507152884 13919198535.7961
2915988156.65801 -423235722175670 -177969712814642 -153805.060778746 -64675.9505141136 13919198535.7961
2916812114.88255 -423362451120278 -178023003095916 -153805.060300612 -64675.9503130591 13919198535.7961
2917636073.1071 -423489180064493 -178076293377024 -153805.059822764 -64675.950112125 13919198535.7961
2918460031.33164 -423615909008313 -178129583657966 -153805.059345201 -64675.9499113112 13919198535.7961
2919283989.55618 -423742637951740 -178182873938743 -153805.058867925 -64675.9497106174 13919198535.7961
2920107947.78073 -423869366894774 -178236164219354 -153805.058390934 -64675.9495100436 13919198535.7961
2920931906.00527 -423996095837415 -178289454499801 -153805.057914228 -64675.9493095898 13919198535.7961
2921755864.22981 -424122824779664 -178342744780082 -153805.057437807 -64675.9491092557 13919198535.7961
2922579822.45435 -424249553721520 -178396035060198 -153805.05696167 -64675.9489090413 13919198535.7961
2923403780.6789 -424376282662984 -178449325340149 -153805.056485818 -64675.9487089465 13919198535.7961
2924227738.90344 -424503011604056 -178502615619936 -153805.05601025 -64675.9485089712 13919198535.7961
2925051697.12798 -424629740544736 -178555905899558 -153805.055534966 -64675.9483091153 13919198535.7961
2925875655.35253 -424756469485024 -178609196179015 -153805.055059965 -64675.9481093785 13919198535.7961
2926699613.57707 -424883198424922 -178662486458307 -153805.054585248 -64675.947909761 13919198535.7961
2927523571.80161 -425009927364428 -178715776737435 -153805.054110814 -64675.9477102625 13919198535.7961
2928347530.02616 -425136656303544 -178769067016399 -153805.053636663 -64675.9475108829 13919198535.7961
2929171488.2507 -425263385242269 -178822357295199 -153805.053162794 -64675.9473116221 13919198535.7961
2929995446.47524 -425390114180603 -178875647573834 -153805.052689208 -64675.9471124801 13919198535.7961
2930819404.69979 -425516843118548 -178928937852306 -153805.052215904 -64675.9469134567 13919198535.7961
2931643362.92433 -425643572056102 -178982228130613 -153805.051742881 -64675.9467145518 13919198535.7961
2932467321.14887 -425770300993268 -179035518408757 -153805.051270141 -64675.9465157653 13919198535.7961
2933291279.37341 -425897029930043 -179088808686737 -153805.050797681 -64675.9463170971 13919198535.7961
2934115237.59796 -426023758866430 -179142098964553 -153805.050325503 -64675.9461185471 13919198535.7961
2934939195.8225 -426150487802427 -179195389242206 -153805.049853605 -64675.9459201152 13919198535.7961
2935763154.04704 -426277216738036 -179248679519695 -153805.049381988 -64675.9457218012 13919198535.7961
2936587112.27159 -426403945673256 -179301969797021 -153805.048910652 -64675.9455236052 13919198535.7961
2937411070.49613 -426530674608088 -179355260074184 -153805.048439595 -64675.9453255269 13919198535.7961
2938235028.72067 -426657403542532 -179408550351183 -153805.047968819 -64675.9451275663 13919198535.7961
2939058986.94522 -426784132476589 -179461840628020 -153805.047498322 -64675.9449297233 13919198535.7961
2939882945.16976 -426910861410258 -179515130904693 -153805.047028104 -64675.9447319977 13919198535.7961
2940706903.3943 -427037590343539 -179568421181204 -153805.046558165 -64675.9445343895 13919198535.7961
2941530861.61885 -427164319276433 -179621711457551 -153805.046088505 -64675.9443368985 13919198535.7961
2942354819.84339 -427291048208941 -179675001733737 -153805.045619124 -64675.9441395246 13919198535.7961
2943178778.06793 -427417777141062 -179728292009759 -153805.045150021 -64675.9439422679 13919198535.7961
2944002736.29247 -427544506072796 -179781582285619 -153805.044681197 -64675.943745128 13919198535.7961
2944826694.51702 -427671235004144 -179834872561317 -153805.04421265 -64675.943548105 13919198535.7961
2945650652.74156 -427797963935107 -179888162836852 -153805.04374438 -64675.9433511987 13919198535.7961
2946474610.9661 -427924692865683 -179941453112226 -153805.043276388 -64675.943154409 13919198535.7961
2947298569.19065 -428051421795874 -179994743387437 -153805.042808673 -64675.9429577359 13919198535.7961
2948122527.41519 -428178150725680 -180048033662486 -153805.042341235 -64675.9427611792 13919198535.7961
2948946485.63973 -428304879655101 -180101323937373 -153805.041874074 -64675.9425647388 13919198535.7961
2949770443.86428 -428431608584137 -180154614212098 -153805.041407189 -64675.9423684146 13919198535.7961
2950594402.08882 -428558337512788 -180207904486662 -153805.04094058 -64675.9421722065 13919198535.7961
2951418360.31336 -428685066441055 -180261194761064 -153805.040474247 -64675.9419761144 13919198535.7961
2952242318.53791 -428811795368938 -180314485035305 -153805.04000819 -64675.9417801382 13919198535.7961
2953066276.76245 -428938524296437 -180367775309384 -153805.039542408 -64675.9415842779 13919198535.7961
2953890234.98699 -429065253223552 -180421065583302 -153805.039076901 -64675.9413885332 13919198535.7961
2954714193.21153 -429191982150284 -180474355857058 -153805.038611669 -64675.9411929041 13919198535.7961
2955538151.43608 -429318711076633 -180527646130654 -153805.038146712 -64675.9409973905 13919198535.7961
2956362109.66062 -429445440002599 -180580936404088 -153805.037682029 -64675.9408019923 13919198535.7961
2957186067.88516 -429572168928182 -180634226677361 -153805.03721762 -64675.9406067094 13919198535.7961
2958010026.10971 -429698897853382 -180687516950474 -153805.036753486 -64675.9404115417 13919198535.7961
2958833984.33425 -429825626778200 -180740807223426 -153805.036289624 -64675.9402164891 13919198535.7961
2959657942.55879 -429952355702636 -180794097496217 -153805.035826037 -64675.9400215514 13919198535.7961
2960481900.78334 -430079084626690 -180847387768847 -153805.035362722 -64675.9398267286 13919198535.7961
2961305859.00788 -430205813550363 -180900678041317 -153805.034899681 -64675.9396320207 13919198535.7961
2962129817.23242 -430332542473654 -180953968313627 -153805.034436912 -64675.9394374273 13919198535.7961
2962953775.45697 -430459271396564 -181007258585776 -153805.033974416 -64675.9392429486 13919198535.7961
2963777733.68151 -430586000319092 -181060548857766 -153805.033512192 -64675.9390485844 13919198535.7961
2964601691.90605 -430712729241241 -181113839129595 -153805.03305024 -64675.9388543345 13919198535.7961
2965425650.1306 -430839458163008 -181167129401264 -153805.03258856 -64675.9386601989 13919198535.7961
2966249608.35514 -430966187084396 -181220419672773 -153805.032127151 -64675.9384661774 13919198535.7961
2967073566.57968 -431092916005403 -181273709944122 -153805.031666014 -64675.9382722701 13919198535.7961
2967897524.80422 -431219644926030 -181327000215312 -153805.031205147 -64675.9380784767 13919198535.7961
2968721483.02877 -431346373846278 -181380290486342 -153805.030744552 -64675.9378847972 13919198535.7961
2969545441.25331 -431473102766147 -181433580757212 -153805.030284227 -64675.9376912314 13919198535.7961
2970369399.47785 -431599831685636 -181486871027924 -153805.029824172 -64675.9374977794 13919198535.7961
2971193357.7024 -431726560604746 -181540161298475 -153805.029364388 -64675.9373044409 13919198535.7961
2972017315.92694 -431853289523478 -181593451568868 -153805.028904873 -64675.9371112158 13919198535.7961
2972841274.15148 -431980018441831 -181646741839101 -153805.028445628 -64675.9369181042 13919198535.7961
2973665232.37603 -432106747359806 -181700032109175 -153805.027986652 -64675.9367251058 13919198535.7961
2974489190.60057 -432233476277402 -181753322379090 -153805.027527945 -64675.9365322206 13919198535.7961
2975313148.82511 -432360205194621 -181806612648847 -153805.027069508 -64675.9363394484 13919198535.7961
2976137107.04966 -432486934111462 -181859902918444 -153805.026611339 -64675.9361467893 13919198535.7961
2976961065.2742 -432613663027926 -181913193187883 -153805.026153438 -64675.935954243 13919198535.7961
2977785023.49874 -432740391944013 -181966483457163 -153805.025695806 -64675.9357618094 13919198535.7961
2978608981.72328 -432867120859722 -182019773726285 -153805.025238441 -64675.9355694886 13919198535.7961
2979432939.94783 -432993849775055 -182073063995248 -153805.024781345 -64675.9353772803 13919198535.7961
2980256898.17237 -433120578690012 -182126354264053 -153805.024324515 -64675.9351851845 13919198535.7961
2981080856.39691 -433247307604592 -182179644532700 -153805.023867953 -64675.9349932011 13919198535.7961
2981904814.62146 -433374036518796 -182232934801188 -153805.023411659 -64675.93480133 13919198535.7961
2982728772.846 -433500765432624 -182286225069519 -153805.02295563 -64675.934609571 13919198535.7961
2983552731.07054 -433627494346077 -182339515337692 -153805.022499869 -64675.9344179242 13919198535.7961
2984376689.29509 -433754223259154 -182392805605706 -153805.022044373 -64675.9342263893 13919198535.7961
2985200647.51963 -433880952171856 -182446095873563 -153805.021589144 -64675.9340349663 13919198535.7961
2986024605.74417 -434007681084183 -182499386141263 -153805.021134181 -64675.9338436551 13919198535.7961
2986848563.96872 -434134409996135 -182552676408804 -153805.020679483 -64675.9336524556 13919198535.7961
2987672522.19326 -434261138907712 -182605966676189 -153805.020225051 -64675.9334613676 13919198535.7961
2988496480.4178 -434387867818916 -182659256943415 -153805.019770884 -64675.9332703912 13919198535.7961
2989320438.64234 -434514596729745 -182712547210485 -153805.019316981 -64675.9330795262 13919198535.7961
2990144396.86689 -434641325640200 -182765837477397 -153805.018863344 -64675.9328887725 13919198535.7961
2990968355.09143 -434768054550282 -182819127744152 -153805.018409971 -64675.9326981299 13919198535.7961
2991792313.31597 -434894783459990 -182872418010750 -153805.017956862 -64675.9325075985 13919198535.7961
2992616271.54052 -435021512369325 -182925708277192 -153805.017504017 -64675.9323171781 13919198535.7961
2993440229.76506 -435148241278287 -182978998543476 -153805.017051436 -64675.9321268686 13919198535.7961
2994264187.9896 -435274970186876 -183032288809604 -153805.016599118 -64675.93193667 13919198535.7961
2995088146.21415 -435401699095093 -183085579075574 -153805.016147064 -64675.931746582 13919198535.7961
2995912104.43869 -435528428002937 -183138869341389 -153805.015695273 -64675.9315566047 13919198535.7961
2996736062.66323 -435655156910409 -183192159607046 -153805.015243744 -64675.9313667379 13919198535.7961
2997560020.88778 -435781885817509 -183245449872548 -153805.014792479 -64675.9311769815 13919198535.7961
2998383979.11232 -435908614724238 -183298740137893 -153805.014341475 -64675.9309873354 13919198535.7961
2999207937.33686 -436035343630595 -183352030403082 -153805.013890734 -64675.9307977996 13919198535.7961
3000031895.56141 -436162072536580 -183405320668115 -153805.013440255 -64675.9306083739 13919198535.7961
3000855853.78595 -436288801442195 -183458610932992 -153805.012990037 -64675.9304190583 13919198535.7961
3001679812.01049 -436415530347438 -183511901197712 -153805.012540081 -64675.9302298526 13919198535.7961
3002503770.23503 -436542259252312 -183565191462277 -153805.012090386 -64675.9300407568 13919198535.7961
3003327728.45958 -436668988156814 -183618481726686 -153805.011640952 -64675.9298517707 13919198535.7961
3004151686.68412 -436795717060947 -183671771990940 -153805.011191779 -64675.9296628943 13919198535.7961
3004975644.90866 -436922445964709 -183725062255038 -153805.010742867 -64675.9294741275 13919198535.7961
3005799603.13321 -437049174868102 -183778352518980 -153805.010294215 -64675.9292854701 13919198535.7961
3006623561.35775 -437175903771125 -183831642782767 -153805.009845823 -64675.9290969221 13919198535.7961
3007447519.58229 -437302632673779 -183884933046399 -153805.009397691 -64675.9289084834 13919198535.7961
3008271477.80684 -437429361576063 -183938223309876 -153805.008949818 -64675.9287201539 13919198535.7961
3009095436.03138 -437556090477979 -183991513573197 -153805.008502205 -64675.9285319334 13919198535.7961
3009919394.25592 -437682819379526 -184044803836363 -153805.008054851 -64675.928343822 13919198535.7961
3010743352.48047 -437809548280704 -184098094099375 -153805.007607756 -64675.9281558194 13919198535.7961
3011567310.70501 -437936277181515 -184151384362231 -153805.00716092 -64675.9279679257 13919198535.7961
3012391268.92955 -438063006081957 -184204674624933 -153805.006714343 -64675.9277801407 13919198535.7961
3013215227.15409 -438189734982031 -184257964887480 -153805.006268024 -64675.9275924643 13919198535.7961
3014039185.37864 -438316463881738 -184311255149872 -153805.005821962 -64675.9274048964 13919198535.7961
3014863143.60318 -438443192781077 -184364545412110 -153805.005376159 -64675.9272174369 13919198535.7961
3015687101.82772 -438569921680049 -184417835674194 -153805.004930613 -64675.9270300858 13919198535.7961
3016511060.05227 -438696650578654 -184471125936123 -153805.004485325 -64675.926842843 13919198535.7961
3017335018.27681 -438823379476892 -184524416197898 -153805.004040294 -64675.9266557082 13919198535.7961
3018158976.50135 -438950108374764 -184577706459519 -153805.00359552 -64675.9264686816 13919198535.7961
3018982934.7259 -439076837272269 -184630996720986 -153805.003151003 -64675.9262817629 13919198535.7961
3019806892.95044 -439203566169408 -184684286982299 -153805.002706742 -64675.926094952 13919198535.7961
3020630851.17498 -439330295066181 -184737577243458 -153805.002262737 -64675.9259082489 13919198535.7961
3021454809.39953 -439457023962589 -184790867504463 -153805.001818989 -64675.9257216536 13919198535.7961
3022278767.62407 -439583752858630 -184844157765314 -153805.001375497 -64675.9255351658 13919198535.7961
3023102725.84861 -439710481754307 -184897448026012 -153805.00093226 -64675.9253487855 13919198535.7961
3023926684.07315 -439837210649619 -184950738286556 -153805.000489278 -64675.9251625125 13919198535.7961
3024750642.2977 -439963939544565 -185004028546947 -153805.000046552 -64675.924976347 13919198535.7961
3025574600.52224 -440090668439147 -185057318807185 -153804.999604081 -64675.9247902886 13919198535.7961
3026398558.74678 -440217397333364 -185110609067269 -153804.999161864 -64675.9246043373 13919198535.7961
3027222516.97133 -440344126227218 -185163899327200 -153804.998719902 -64675.9244184931 13919198535.7961
3028046475.19587 -440470855120707 -185217189586978 -153804.998278194 -64675.9242327558 13919198535.7961
3028870433.42041 -440597584013832 -185270479846603 -153804.997836741 -64675.9240471254 13919198535.7961
3029694391.64496 -440724312906594 -185323770106075 -153804.997395541 -64675.9238616017 13919198535.7961
3030518349.8695 -440851041798992 -185377060365395 -153804.996954595 -64675.9236761847 13919198535.7961
3031342308.09404 -440977770691027 -185430350624561 -153804.996513902 -64675.9234908742 13919198535.7961
3032166266.31859 -441104499582699 -185483640883575 -153804.996073463 -64675.9233056703 13919198535.7961
3032990224.54313 -441231228474008 -185536931142437 -153804.995633276 -64675.9231205727 13919198535.7961
3033814182.76767 -441357957364955 -185590221401146 -153804.995193343 -64675.9229355814 13919198535.7961
3034638140.99222 -441484686255539 -185643511659702 -153804.994753662 -64675.9227506963 13919198535.7961
3035462099.21676 -441611415145761 -185696801918106 -153804.994314233 -64675.9225659173 13919198535.7961
3036286057.4413 -441738144035621 -185750092176358 -153804.993875056 -64675.9223812444 13919198535.7961
3037110015.66584 -441864872925119 -185803382434458 -153804.993436132 -64675.9221966773 13919198535.7961
3037933973.89039 -441991601814256 -185856672692406 -153804.992997459 -64675.9220122162 13919198535.7961
3038757932.11493 -442118330703031 -185909962950202 -153804.992559037 -64675.9218278607 13919198535.7961
3039581890.33947 -442245059591446 -185963253207846 -153804.992120867 -64675.9216436109 13919198535.7961
3040405848.56402 -442371788479499 -186016543465338 -153804.991682948 -64675.9214594667 13919198535.7961
3041229806.78856 -442498517367192 -186069833722679 -153804.99124528 -64675.921275428 13919198535.7961
3042053765.0131 -442625246254524 -186123123979868 -153804.990807862 -64675.9210914946 13919198535.7961
3042877723.23765 -442751975141496 -186176414236905 -153804.990370695 -64675.9209076666 13919198535.7961
3043701681.46219 -442878704028107 -186229704493791 -153804.989933778 -64675.9207239437 13919198535.7961
3044525639.68673 -443005432914359 -186282994750526 -153804.98949711 -64675.920540326 13919198535.7961
3045349597.91128 -443132161800251 -186336285007110 -153804.989060693 -64675.9203568133 13919198535.7961
3046173556.13582 -443258890685784 -186389575263542 -153804.988624525 -64675.9201734055 13919198535.7961
3046997514.36036 -443385619570957 -186442865519823 -153804.988188607 -64675.9199901025 13919198535.7961
3047821472.5849 -443512348455771 -186496155775953 -153804.987752937 -64675.9198069043 13919198535.7961
3048645430.80945 -443639077340227 -186549446031933 -153804.987317517 -64675.9196238108 13919198535.7961
3049469389.03399 -443765806224323 -186602736287761 -153804.986882345 -64675.9194408218 13919198535.7961
3050293347.25853 -443892535108062 -186656026543439 -153804.986447422 -64675.9192579374 13919198535.7961
3051117305.48308 -444019263991442 -186709316798966 -153804.986012747 -64675.9190751573 13919198535.7961
3051941263.70762 -444145992874464 -186762607054343 -153804.98557832 -64675.9188924815 13919198535.7961
3052765221.93216 -444272721757128 -186815897309569 -153804.985144141 -64675.91870991 13919198535.7961
3053589180.15671 -444399450639434 -186869187564645 -153804.984710209 -64675.9185274425 13919198535.7961
3054413138.38125 -444526179521383 -186922477819570 -153804.984276525 -64675.9183450792 13919198535.7961
3055237096.60579 -444652908402975 -186975768074345 -153804.983843088 -64675.9181628197 13919198535.7961
3056061054.83034 -444779637284210 -187029058328970 -153804.983409899 -64675.9179806641 13919198535.7961
3056885013.05488 -444906366165088 -187082348583446 -153804.982976956 -64675.9177986123 13919198535.7961
3057708971.27942 -445033095045609 -187135638837771 -153804.982544259 -64675.9176166642 13919198535.7961
3058532929.50396 -445159823925774 -187188929091946 -153804.982111809 -64675.9174348197 13919198535.7961
3059356887.72851 -445286552805582 -187242219345971 -153804.981679605 -64675.9172530786 13919198535.7961
3060180845.95305 -445413281685035 -187295509599847 -153804.981247647 -64675.917071441 13919198535.7961
3061004804.17759 -445540010564132 -187348799853573 -153804.980815934 -64675.9168899067 13919198535.7961
3061828762.40214 -445666739442873 -187402090107150 -153804.980384468 -64675.9167084757 13919198535.7961
3062652720.62668 -445793468321259 -187455380360577 -153804.979953246 -64675.9165271478 13919198535.7961
3063476678.85122 -445920197199289 -187508670613854 -153804.97952227 -64675.916345923 13919198535.7961
3064300637.07577 -446046926076965 -187561960866983 -153804.979091538 -64675.9161648012 13919198535.7961
3065124595.30031 -446173654954286 -187615251119962 -153804.978661051 -64675.9159837822 13919198535.7961
3065948553.52485 -446300383831252 -187668541372792 -153804.978230809 -64675.915802866 13919198535.7961
3066772511.7494 -446427112707864 -187721831625473 -153804.977800811 -64675.9156220526 13919198535.7961
3067596469.97394 -446553841584121 -187775121878006 -153804.977371057 -64675.9154413418 13919198535.7961
3068420428.19848 -446680570460025 -187828412130389 -153804.976941547 -64675.9152607335 13919198535.7961
3069244386.42303 -446807299335574 -187881702382623 -153804.97651228 -64675.9150802277 13919198535.7961
3070068344.64757 -446934028210771 -187934992634709 -153804.976083257 -64675.9148998242 13919198535.7961
3070892302.87211 -447060757085614 -187988282886647 -153804.975654478 -64675.9147195231 13919198535.7961
3071716261.09665 -447187485960103 -188041573138435 -153804.975225941 -64675.9145393241 13919198535.7961
3072540219.3212 -447314214834240 -188094863390076 -153804.974797647 -64675.9143592272 13919198535.7961
3073364177.54574 -447440943708024 -188148153641568 -153804.974369595 -64675.9141792323 13919198535.7961
3074188135.77028 -447567672581455 -188201443892911 -153804.973941787 -64675.9139993394 13919198535.7961
3075012093.99483 -447694401454534 -188254734144107 -153804.97351422 -64675.9138195483 13919198535.7961
3075836052.21937 -447821130327260 -188308024395154 -153804.973086895 -64675.913639859 13919198535.7961
3076660010.44391 -447947859199635 -188361314646054 -153804.972659812 -64675.9134602713 13919198535.7961
3077483968.66846 -448074588071658 -188414604896805 -153804.972232971 -64675.9132807852 13919198535.7961
3078307926.893 -448201316943329 -188467895147409 -153804.971806371 -64675.9131014006 13919198535.7961
3079131885.11754 -448328045814649 -188521185397865 -153804.971380012 -64675.9129221175 13919198535.7961
3079955843.34209 -448454774685617 -188574475648173 -153804.970953894 -64675.9127429356 13919198535.7961
3080779801.56663 -448581503556235 -188627765898333 -153804.970528017 -64675.912563855 13919198535.7961
3081603759.79117 -448708232426502 -188681056148346 -153804.97010238 -64675.9123848756 13919198535.7961
3082427718.01571 -448834961296418 -188734346398212 -153804.969676984 -64675.9122059972 13919198535.7961
3083251676.24026 -448961690165984 -188787636647930 -153804.969251828 -64675.9120272198 13919198535.7961
3084075634.4648 -449088419035199 -188840926897502 -153804.968826912 -64675.9118485433 13919198535.7961
3084899592.68934 -449215147904065 -188894217146925 -153804.968402236 -64675.9116699676 13919198535.7961
3085723550.91389 -449341876772580 -188947507396202 -153804.967977799 -64675.9114914927 13919198535.7961
3086547509.13843 -449468605640747 -189000797645332 -153804.967553602 -64675.9113131184 13919198535.7961
3087371467.36297 -449595334508563 -189054087894315 -153804.967129643 -64675.9111348446 13919198535.7961
3088195425.58752 -449722063376031 -189107378143151 -153804.966705924 -64675.9109566713 13919198535.7961
3089019383.81206 -449848792243149 -189160668391840 -153804.966282443 -64675.9107785984 13919198535.7961
3089843342.0366 -449975521109919 -189213958640382 -153804.965859201 -64675.9106006259 13919198535.7961
3090667300.26115 -450102249976340 -189267248888778 -153804.965436197 -64675.9104227535 13919198535.7961
3091491258.48569 -450228978842412 -189320539137028 -153804.965013432 -64675.9102449812 13919198535.7961
3092315216.71023 -450355707708137 -189373829385131 -153804.964590904 -64675.9100673091 13919198535.7961
3093139174.93477 -450482436573513 -189427119633087 -153804.964168614 -64675.9098897368 13919198535.7961
3093963133.15932 -450609165438541 -189480409880898 -153804.963746562 -64675.9097122645 13919198535.7961
3094787091.38386 -450735894303222 -189533700128562 -153804.963324747 -64675.9095348919 13919198535.7961
3095611049.6084 -450862623167555 -189586990376080 -153804.962903169 -64675.9093576191 13919198535.7961
3096435007.83295 -450989352031541 -189640280623452 -153804.962481828 -64675.9091804459 13919198535.7961
3097258966.05749 -451116080895180 -189693570870678 -153804.962060723 -64675.9090033722 13919198535.7961
3098082924.28203 -451242809758472 -189746861117758 -153804.961639856 -64675.908826398 13919198535.7961
3098906882.50658 -451369538621418 -189800151364692 -153804.961219224 -64675.9086495232 13919198535.7961
3099730840.73112 -451496267484016 -189853441611481 -153804.960798829 -64675.9084727476 13919198535.7961
3100554798.95566 -451622996346269 -189906731858124 -153804.960378669 -64675.9082960713 13919198535.7961
3101378757.18021 -451749725208176 -189960022104622 -153804.959958746 -64675.9081194941 13919198535.7961
3102202715.40475 -451876454069736 -190013312350974 -153804.959539058 -64675.9079430159 13919198535.7961
3103026673.62929 -452003182930951 -190066602597181 -153804.959119605 -64675.9077666367 13919198535.7961
3103850631.85384 -452129911791820 -190119892843242 -153804.958700387 -64675.9075903564 13919198535.7961
3104674590.07838 -452256640652345 -190173183089159 -153804.958281405 -64675.9074141749 13919198535.7961
3105498548.30292 -452383369512524 -190226473334930 -153804.957862657 -64675.907238092 13919198535.7961
3106322506.52746 -452510098372358 -190279763580556 -153804.957444143 -64675.9070621078 13919198535.7961
3107146464.75201 -452636827231847 -190333053826037 -153804.957025864 -64675.9068862222 13919198535.7961
3107970422.97655 -452763556090991 -190386344071373 -153804.956607819 -64675.906710435 13919198535.7961
3108794381.20109 -452890284949792 -190439634316565 -153804.956190008 -64675.9065347462 13919198535.7961
3109618339.42564 -453017013808248 -190492924561611 -153804.955772431 -64675.9063591556 13919198535.7961
3110442297.65018 -453143742666360 -190546214806514 -153804.955355088 -64675.9061836633 13919198535.7961
3111266255.87472 -453270471524129 -190599505051271 -153804.954937977 -64675.9060082691 13919198535.7961
3112090214.09927 -453397200381554 -190652795295884 -153804.9545211 -64675.905832973 13919198535.7961
3112914172.32381 -453523929238635 -190706085540353 -153804.954104456 -64675.9056577748 13919198535.7961
3113738130.54835 -453650658095373 -190759375784677 -153804.953688045 -64675.9054826745 13919198535.7961
3114562088.7729 -453777386951769 -190812666028857 -153804.953271866 -64675.9053076721 13919198535.7961
3115386046.99744 -453904115807821 -190865956272893 -153804.95285592 -64675.9051327673 13919198535.7961
3116210005.22198 -454030844663531 -190919246516785 -153804.952440206 -64675.9049579602 13919198535.7961
3117033963.44652 -454157573518898 -190972536760533 -153804.952024724 -64675.9047832506 13919198535.7961
3117857921.67107 -454284302373923 -191025827004137 -153804.951609473 -64675.9046086385 13919198535.7961
3118681879.89561 -454411031228606 -191079117247597 -153804.951194455 -64675.9044341238 13919198535.7961
3119505838.12015 -454537760082948 -191132407490914 -153804.950779667 -64675.9042597064 13919198535.7961
3120329796.3447 -454664488936947 -191185697734086 -153804.950365111 -64675.9040853863 13919198535.7961
3121153754.56924 -454791217790605 -191238987977115 -153804.949950786 -64675.9039111633 13919198535.7961
3121977712.79378 -454917946643922 -191292278220001 -153804.949536692 -64675.9037370373 13919198535.7961
3122801671.01833 -455044675496898 -191345568462743 -153804.949122829 -64675.9035630084 13919198535.7961
3123625629.24287 -455171404349532 -191398858705342 -153804.948709196 -64675.9033890763 13919198535.7961
3124449587.46741 -455298133201826 -191452148947798 -153804.948295793 -64675.9032152411 13919198535.7961
3125273545.69196 -455424862053780 -191505439190110 -153804.94788262 -64675.9030415026 13919198535.7961
3126097503.9165 -455551590905393 -191558729432279 -153804.947469677 -64675.9028678608 13919198535.7961
3126921462.14104 -455678319756666 -191612019674305 -153804.947056964 -64675.9026943156 13919198535.7961
3127745420.36558 -455805048607599 -191665309916189 -153804.946644481 -64675.9025208668 13919198535.7961
3128569378.59013 -455931777458192 -191718600157929 -153804.946232226 -64675.9023475145 13919198535.7961
3129393336.81467 -456058506308446 -191771890399527 -153804.945820201 -64675.9021742586 13919198535.7961
3130217295.03921 -456185235158360 -191825180640982 -153804.945408405 -64675.9020010989 13919198535.7961
3131041253.26376 -456311964007936 -191878470882294 -153804.944996837 -64675.9018280353 13919198535.7961
3131865211.4883 -456438692857172 -191931761123463 -153804.944585498 -64675.9016550679 13919198535.7961
3132689169.71284 -456565421706069 -191985051364491 -153804.944174387 -64675.9014821965 13919198535.7961
3133513127.93739 -456692150554627 -192038341605376 -153804.943763505 -64675.901309421 13919198535.7961
3134337086.16193 -456818879402848 -192091631846118 -153804.94335285 -64675.9011367414 13919198535.7961
3135161044.38647 -456945608250729 -192144922086718 -153804.942942423 -64675.9009641576 13919198535.7961
3135985002.61102 -457072337098273 -192198212327176 -153804.942532224 -64675.9007916695 13919198535.7961
3136808960.83556 -457199065945479 -192251502567492 -153804.942122253 -64675.900619277 13919198535.7961
3137632919.0601 -457325794792347 -192304792807666 -153804.941712508 -64675.90044698 13919198535.7961
3138456877.28465 -457452523638878 -192358083047698 -153804.94130299 -64675.9002747785 13919198535.7961
3139280835.50919 -457579252485071 -192411373287589 -153804.9408937 -64675.9001026724 13919198535.7961
3140104793.73373 -457705981330927 -192464663527337 -153804.940484636 -64675.8999306616 13919198535.7961
3140928751.95827 -457832710176447 -192517953766944 -153804.940075798 -64675.899758746 13919198535.7961
3141752710.18282 -457959439021629 -192571244006409 -153804.939667187 -64675.8995869256 13919198535.7961
3142576668.40736 -458086167866475 -192624534245733 -153804.939258802 -64675.8994152002 13919198535.7961
3143400626.6319 -458212896710984 -192677824484915 -153804.938850642 -64675.8992435699 13919198535.7961
3144224584.85645 -458339625555158 -192731114723956 -153804.938442709 -64675.8990720344 13919198535.7961
3145048543.08099 -458466354398995 -192784404962855 -153804.938035 -64675.8989005938 13919198535.7961
3145872501.30553 -458593083242496 -192837695201613 -153804.937627518 -64675.8987292479 13919198535.7961
3146696459.53008 -458719812085662 -192890985440230 -153804.93722026 -64675.8985579967 13919198535.7961
3147520417.75462 -458846540928492 -192944275678706 -153804.936813227 -64675.89838684 13919198535.7961
3148344375.97916 -458973269770987 -192997565917042 -153804.93640642 -64675.8982157779 13919198535.7961
3149168334.20371 -459099998613147 -193050856155236 -153804.935999836 -64675.8980448103 13919198535.7961
3149992292.42825 -459226727454972 -193104146393289 -153804.935593477 -64675.897873937 13919198535.7961
3150816250.65279 -459353456296462 -193157436631202 -153804.935187343 -64675.897703158 13919198535.7961
3151640208.87733 -459480185137618 -193210726868974 -153804.934781432 -64675.8975324732 13919198535.7961
3152464167.10188 -459606913978439 -193264017106605 -153804.934375745 -64675.8973618825 13919198535.7961
3153288125.32642 -459733642818926 -193317307344096 -153804.933970282 -64675.8971913858 13919198535.7961
3154112083.55096 -459860371659080 -193370597581446 -153804.933565042 -64675.8970209832 13919198535.7961
3154936041.77551 -459987100498899 -193423887818656 -153804.933160026 -64675.8968506744 13919198535.7961
3155760000.00005 -460113829338385 -193477178055726 -153804.932755233 -64675.8966804594 13919198535.7961
