0 1556958000000 0 -11000 2000 -22756327.2740819
2062588.23529412 1534151904353.53 4125071313.06988 -11114.6194062229 1999.84590419302 -22756327.2615435
4125176.47058824 1511105844711.03 8249492513.27686 -11232.7139955044 1999.36478345583 -22756327.2472057
6187764.70588235 1487812452511.04 12372558136.6307 -11354.480969399 1998.52610392875 -22756327.2307572
8250352.94117647 1464263935779 16493496341.8168 -11480.1339770249 1997.29596610508 -22756327.211823
10312941.1764706 1440452043355.51 20611461511.3909 -11609.9049458719 1995.63665053257 -22756327.1899494
12375529.4117647 1416368025089.81 24725525841.7942 -11744.0461700411 1993.50608945945 -22756327.1645853
14438117.6470588 1392002587423.38 28834669755.1661 -11882.8327000529 1990.857250103 -22756327.1350571
16500705.8823529 1367345843688.56 32937770933.1861 -12026.5650873602 1987.63741198261 -22756327.1005372
18563294.1176471 1342387258326.43 37033591732.9142 -12175.5725478509 1983.7873166809 -22756327.0600039
20625882.3529412 1317115584081.8 41120764694.8554 -12330.2166225049 1979.24016322293 -22756327.0121872
22688470.5882353 1291518791054.69 45197775791.6451 -12490.8954307595 1973.92041566207 -22756326.9554988
24751058.8235294 1265583986268.82 49262944988.4622 -12658.0486340549 1967.74238097748 -22756326.8879396
26813647.0588235 1239297322147.96 53314403589.036 -12832.1632548477 1960.60850441049 -22756326.8069747
28876235.2941177 1212643891955.94 57350067717.9579 -13013.7805319217 1952.40731505403 -22756326.7093658
30938823.5294118 1185607609838.24 61367607132.9319 -13203.5040385863 1943.01093569668 -22756326.5909423
33001411.7647059 1158171072577.01 65364408358.7252 -13402.009349729 1932.27204598688 -22756326.4462872
35064000 1130315399505 69337530873.0688 -13610.0556213946 1920.02015462797 -22756326.2682985
37126588.2352941 1102020046173.28 73283654733.0517 -13828.4995491655 1906.05699126632 -22756326.0475735
39189176.4705882 1073262586271.21 77199017579.9766 -14058.3123084029 1890.15076725921 -22756325.7715301
41251764.7058824 1044018454873.39 81079338360.6117 -14300.6002636599 1872.02896968008 -22756325.4231377
43314352.9411765 1014260644218.71 84919724295.2463 -14556.6304855161 1851.36923445797 -22756324.9790568
45376941.1764706 983959340748.33 88714556523.7009 -14827.86245896 1827.7876769761 -22756324.4068685
47439529.4117647 953081488804.573 92457348345.5047 -15115.98785035 1800.82381808428 -22756323.6608776
49502117.6470588 921590261878.46 96140567854.508 -15422.9808837025 1769.92089342748 -22756322.675635
51564705.882353 889444416081.755 99755413769.4108 -15751.1628599224 1734.39981573503 -22756321.3557329
53627294.1176471 856597491845.333 103291528943.404 -16103.2857891412 1693.42427846391 -22756319.5593666
55689882.3529412 822996817539.191 106736629707.906 -16482.6422445857 1645.9532879197 -22756317.0711837
57752470.5882353 788582250938.355 110076019750.814 -16893.211793601 1590.67552303384 -22756313.5561955
59815058.8235294 753284568292.118 113291942798.217 -17339.8594035166 1525.91688192299 -22756308.4790901
61877647.0588235 717023371379.498 116362705807.061 -17828.6092451669 1449.50754462359 -22756300.9580042
63940235.2941177 679704322227.265 119261468144.249 -18367.0304490556 1358.58630227055 -22756289.4889168
66002823.5294118 641215418969.281 121954532244.906 -18964.7935416028 1249.3047557136 -22756271.4023854
68065411.7647059 601421869060.045 124398868430.822 -19634.4950823466 1116.36616606508 -22756241.7358175
70128000 560158849586.625 126538423147.045 -20392.9187312553 952.280259759596 -22756190.7466395
72190588.2352941 517220973787.312 128298416973.411 -21263.0361249487 746.106857520635 -22756098.0214989
74253176.4705883 472346410121.04 129576161251.607 -22277.3241065838 481.226990034646 -22755917.2659225
76315764.7058824 425191884905.21 130225491229.857 -23483.5650767131 131.134123700915 -22755532.6399618
78378352.9411765 375291181967.038 130028633019.39 -24955.68029739 -349.161092598551 -22754615.4766918
80440941.1764706 321981426661.13 128640977439.207 -26815.7307984461 -1042.56338218336 -22752064.4102116
82503529.4117647 264260026609.779 125469906843.532 -29283.7869656807 -2120.3311983744 -22743227.0521828
84566117.6470588 200471461321.361 119363113257.057 -32809.1964275595 -4002.0434959987 -22700328.8687602
86628705.882353 127494210375.104 107579927349.043 -38494.791913318 -8058.29422656035 -22328493.9207188
88691294.1176471 38149933810.6808 80404847700.5564 -49448.9430269802 -22638.0257925641 -12687978.0511689
90753882.3529412 -42813100088.5757 -44007172953.9389 -19141.5999427826 -85167.8353173879 1647977486.8461
92816470.5882353 -60490967826.2112 -190585446061.692 -6118.71606675813 -64765.526454285 1452153810.38507
94879058.8235294 -71722291033.1006 -319314324915.82 -5024.09611421181 -60731.9774454409 1451208034.08568
96941647.0588236 -81646796875.4672 -442502195813.266 -4651.76680988774 -58912.134499411 1451141675.11481
99004235.2941177 -91034753657.0635 -562844054737.85 -4469.80433939672 -57861.1197691607 1451130812.42917
101066823.529412 -100135780120.823 -681432547710.044 -4363.4847360601 -57172.2763694087 1451128071.90719
103129411.764706 -109059877998.79 -798825633600.454 -4294.30546448131 -56684.1937583439 1451127171.39162
105192000 -117864632767.593 -915348717833.365 -4245.92772132094 -56319.476939173 1451126817.63419
107254588.235294 -126583749007.957 -1031208934678.22 -4210.30255902932 -56036.1945608111 1451126659.54668
109317176.470588 -135238566940.974 -1146546619604.64 -4183.02940536371 -55809.5842488333 1451126581.66806
111379764.705882 -143843412079.413 -1261461413223.01 -4161.50920968643 -55624.0507926655 1451126540.26051
113442352.941177 -152408346382.385 -1376026697731.26 -4144.11258740518 -55469.2687783743 1451126516.85066
115504941.176471 -160940696942.994 -1490298128303.32 -4129.76834961165 -55338.1225618305 1451126502.93097
117567529.411765 -169445958858.551 -1604318946899.18 -4117.74444365155 -55225.544848248 1451126494.29738
119630117.647059 -177928355503.036 -1718123436575.07 -4107.52419357145 -55127.8267390109 1451126488.74705
121692705.882353 -186391200715.068 -1831739248165.87 -4098.73286648058 -55042.1897105279 1451126485.06723
123755294.117647 -194837141133.095 -1945189015144.83 -4091.09226647091 -54966.5102107918 1451126482.56134
125817882.352941 -203268323173.114 -2058491503583.48 -4084.39165418188 -54899.1368359274 1451126480.81432
127880470.588235 -211686511039.743 -2171662449469.7 -4078.46854825084 -54838.765641752 1451126479.57081
129943058.823529 -220093171998.096 -2284715180365.35 -4073.19571063794 -54784.3530722822 1451126478.66916
132005647.058824 -228489539202.409 -2397661084947.14 -4068.47211600546 -54735.0538770548 1451126478.00447
134068235.294118 -236876658796.233 -2510509973113.78 -4064.21655469014 -54690.1760187188 1451126477.50708
136130823.529412 -245255425771.566 -2623270355969.42 -4060.36301680362 -54649.1473741639 1451126477.12981
138193411.764706 -253626611651.556 -2735949666210.06 -4056.8573058232 -54611.4907752898 1451126476.84011
140256000 -261990886131.034 -2848554433545.85 -4053.65451666296 -54576.8050465697 1451126476.61511
142318588.235294 -270348834187.567 -2961090425758.03 -4050.71713180101 -54544.7504206626 1451126476.43857
144381176.470588 -278700969752.423 -3073562763180.43 -4048.01356603807 -54515.03719477 1451126476.29871
146443764.705882 -287047746737.525 -3185976012407.03 -4045.51704145142 -54487.4168164001 1451126476.18693
148506352.941176 -295389568007.924 -3298334263598.94 -4043.20470848408 -54461.6748115965 1451126476.09686
150568941.176471 -303726792741.694 -3410641194725.29 -4041.05695266912 -54437.625125531 1451126476.02374
152631529.411765 -312059742512.329 -3522900125305.76 -4039.05684288139 -54415.1055565294 1451126475.96395
154694117.647059 -320388706350.304 -3635114061652.23 -4037.18968857538 -54393.9740444259 1451126475.91474
156756705.882353 -328713944982.369 -3747285735176.11 -4035.4426817345 -54374.1056321508 1451126475.87399
158819294.117647 -337035694403.56 -3859417635001 -4033.80460523702 -54355.3899620857 1451126475.84004
160881882.352941 -345354168903.91 -3971512035868.93 -4032.2655937182 -54337.7292003711 1451126475.81161
162944470.588235 -353669563646.651 -4083571022133.46 -4030.81693624105 -54321.036306084 1451126475.78767
165007058.823529 -361982056875.234 -4195596508481.25 -4029.45091250145 -54305.2335801577 1451126475.76742
167069647.058823 -370291811811.422 -4307590257903.96 -4028.16065611116 -54290.251442617 1451126475.75022
169132235.294117 -378598978294.847 -4419553897347.69 -4026.94003988307 -54276.0273972408 1451126475.73553
171194823.529412 -386903694205.13 -4531488931391.47 -4025.78357910069 -54262.5051509311 1451126475.72294
173257411.764706 -395206086700.214 -4643396754245.83 -4024.68634957047 -54249.6338614443 1451126475.71211
175320000 -403506273298.666 -4755278660313.43 -4023.64391788952 -54237.3674921503 1451126475.70276
177382588.235294 -411804362828.94 -4867135853514.02 -4022.65228185856 -54225.6642564457 1451126475.69465
179445176.470588 -420100456264.717 -4978969455543.38 -4021.70781936052 -54214.486137602 1451126475.68761
181507764.705882 -428394647462.343 -5090780513209.49 -4020.80724433563 -54203.7984723521 1451126475.68146
183570352.941176 -436687023813.788 -5202570004967.15 -4019.94756873089 -54193.5695885464 1451126475.67608
185632941.17647 -444977666826.484 -5314338846753.88 -4019.12606949981 -54183.7704888539 1451126475.67136
187695529.411764 -453266652639.631 -5426087897215.11 -4018.34025988814 -54174.3745738159 1451126475.6672
189758117.647058 -461554052485.143 -5537817962393.83 -4017.58786437045 -54165.357398652 1451126475.66354
191820705.882353 -469839933100.205 -5649529799949.32 -4016.86679670784 -54156.6964591087 1451126475.6603
193883294.117647 -478124357097.392 -5761224122960.65 -4016.17514068275 -54148.3710023803 1451126475.65742
195945882.352941 -486407383297.499 -5872901603363.13 -4015.51113313792 -54140.3618597403 1451126475.65486
198008470.588235 -494689067029.483 -5984562875059.41 -4014.87314900442 -54132.6512980254 1451126475.65258
200071058.823529 -502969460401.338 -6096208536741.6 -4014.25968805198 -54125.2228875396 1451126475.65055
202133647.058823 -511248612545.231 -6207839154456.05 -4013.66936313516 -54118.061384296 1451126475.64873
204196235.294117 -519526569839.756 -6319455263938.46 -4013.10088974198 -54111.1526248115 1451126475.6471
206258823.529411 -527803376111.842 -6431057372743.57 -4012.5530766798 -54104.4834319196 1451126475.64563
208321411.764705 -536079072820.486 -6542645962190.9 -4012.02481775689 -54098.0415302761 1451126475.64431
210384000 -544353699224.266 -6654221489145.04 -4011.51508433754 -54091.8154704137 1451126475.64312
212446588.235294 -552627292534.29 -6765784387647.43 -4011.0229186658 -54085.7945603516 1451126475.64205
214509176.470588 -560899888054.098 -6877335070413.98 -4010.54742786681 -54079.9688038967 1451126475.64107
216571764.705882 -569171519307.823 -6988873930211.73 -4010.08777854676 -54074.3288448848 1451126475.64019
218634352.941176 -577442218157.761 -7100401341126.07 -4009.64319192322 -54068.8659167046 1451126475.63939
220696941.17647 -585712014912.407 -7211917659728.79 -4009.21293942583 -54063.5717965282 1451126475.63866
222759529.411764 -593980938425.842 -7323423226156.08 -4008.79633871533 -54058.4387637448 1451126475.638
224822117.647058 -602249016189.31 -7434918365104.87 -4008.39275007524 -54053.4595621532 1451126475.63739
226884705.882352 -610516274415.697 -7546403386754.58 -4008.00157313622 -54048.6273655218 1451126475.63684
228947294.117646 -618782738117.57 -7657878587621.13 -4007.62224389769 -54043.9357461715 1451126475.63634
231009882.352941 -627048431179.352 -7769344251348.91 -4007.25423201595 -54039.3786462763 1451126475.63587
233072470.588235 -635313376424.148 -7880800649446.18 -4006.89703833125 -54034.9503516103 1451126475.63545
235135058.823529 -643577595675.705 -7992248041968.63 -4006.55019260964 -54030.6454675018 1451126475.63506
237197647.058823 -651841109815.913 -8103686678155.4 -4006.21325147819 -54026.4588967805 1451126475.6347
239260235.294117 -660103938838.229 -8215116797021.52 -4005.88579653455 -54022.3858195277 1451126475.63438
241322823.529411 -668366101897.367 -8326538627910.32 -4005.56743261385 -54018.4216744593 1451126475.63407
243385411.764705 -676627617355.565 -8437952391008.95 -4005.25778619795 -54014.5621417908 1451126475.63379
245447999.999999 -684888502825.705 -8549358297830.01 -4004.95650395354 -54010.8031274473 1451126475.63353
247510588.235293 -693148775211.539 -8660756551661.88 -4004.66325138712 -54007.1407484978 1451126475.6333
249573176.470587 -701408450745.252 -8772147347990.12 -4004.3777116061 -54003.5713197036 1451126475.63308
251635764.705882 -709667545022.572 -8883530874892.3 -4004.09958417631 -54000.0913410836 1451126475.63287
253698352.941176 -717926073035.617 -8994907313408.04 -4003.82858406737 -53996.6974864059 1451126475.63268
255760941.17647 -726184049203.645 -9106276837886.29 -4003.56444067817 -53993.3865925292 1451126475.63251
257823529.411764 -734441487401.874 -9217639616311.36 -4003.30689693526 -53990.1556495181 1451126475.63234
259886117.647058 -742698400988.516 -9328995810609.38 -4003.05570845811 -53987.0017914708 1451126475.63219
261948705.882352 -750954802830.146 -9440345576936.44 -4002.81064278539 -53983.9222879973 1451126475.63205
264011294.117646 -759210705325.538 -9551689065949.89 -4002.57147865707 -53980.9145362968 1451126475.63192
266073882.35294 -767466120428.072 -9663026423063.76 -4002.3380053479 -53977.9760537839 1451126475.6318
268136470.588234 -775721059666.815 -9774357788689.56 -4002.11002204784 -53975.1044712224 1451126475.63168
270199058.823529 -783975534166.377 -9885683298463.39 -4001.88733728571 -53972.2975263225 1451126475.63158
272261647.058823 -792229554665.604 -9997003083460.32 -4001.66976839259 -53969.5530577696 1451126475.63148
274324235.294117 -800483131535.218 -10108317270396.8 -4001.45714100177 -53966.8689996475 1451126475.63138
276386823.529411 -808736274794.453 -10219625981822.1 -4001.24928858242 -53964.2433762282 1451126475.6313
278449411.764705 -816988994126.763 -10330929336299.1 -4001.04605200435 -53961.6742970994 1451126475.63121
280511999.999999 -825241298894.661 -10442227448575.5 -4000.8472791314 -53959.159952605 1451126475.63114
282574588.235293 -833493198153.751 -10553520429746.3 -4000.65282444142 -53956.6986095748 1451126475.63107
284637176.470587 -841744700665.999 -10664808387406.7 -4000.4625486707 -53954.2886073224 1451126475.631
286699764.705881 -849995814912.292 -10776091425798.4 -4000.27631848111 -53951.9283538928 1451126475.63094
288762352.941175 -858246549104.338 -10887369645947.4 -4000.09400614828 -53949.6163225396 1451126475.63088
290824941.17647 -866496911195.937 -10998643145794.7 -3999.91548926923 -53947.3510484179 1451126475.63082
292887529.411764 -874746908893.676 -11109912020321.5 -3999.74065048809 -53945.1311254759 1451126475.63077
294950117.647058 -882996549667.064 -11221176361666.8 -3999.56937723863 -53942.9552035327 1451126475.63072
297012705.882352 -891245840758.164 -11332436259239.9 -3999.40156150237 -53940.8219855276 1451126475.63067
299075294.117646 -899494789190.736 -11443691799827.5 -3999.23709958123 -53938.7302249323 1451126475.63063
301137882.35294 -907743401778.922 -11554943067695.1 -3999.07589188361 -53936.6787233109 1451126475.63059
303200470.588234 -915991685135.512 -11666190144684.1 -3998.91784272316 -53934.6663280216 1451126475.63055
305263058.823528 -924239645679.793 -11777433110303.6 -3998.76286012918 -53932.6919300486 1451126475.63051
307325647.058822 -932487289645.036 -11888672041818.6 -3998.61085566802 -53930.7544619554 1451126475.63048
309388235.294116 -940734623085.61 -11999907014333.8 -3998.46174427462 -53928.8528959535 1451126475.63044
311450823.529411 -948981651883.768 -12111138100872.9 -3998.31544409366 -53926.9862420766 1451126475.63041
313513411.764705 -957228381756.109 -12222365372455.6 -3998.17187632954 -53925.1535464562 1451126475.63038
315575999.999999 -965474818259.74 -12333588898169.9 -3998.03096510477 -53923.3538896893 1451126475.63035
317638588.235293 -973720966798.161 -12444808745241.4 -3997.8926373261 -53921.5863852948 1451126475.63033
319701176.470587 -981966832626.871 -12556024979100.3 -3997.75682255794 -53919.8501782523 1451126475.6303
321763764.705881 -990212420858.728 -12667237663444.2 -3997.62345290271 -53918.1444436174 1451126475.63028
323826352.941175 -998457736469.063 -12778446860299.3 -3997.49246288748 -53916.46838521 1451126475.63026
325888941.176469 -1006702784300.57 -12889652630078.1 -3997.36378935671 -53914.8212343707 1451126475.63024
327951529.411763 -1014947569067.99 -13000855031635 -3997.23737137064 -53913.2022487812 1451126475.63022
330014117.647058 -1023192095362.56 -13112054122319.6 -3997.11315010889 -53911.6107113442 1451126475.6302
332076705.882352 -1031436367656.31 -13223249958027.3 -3996.99106877919 -53910.0459291215 1451126475.63018
334139294.117646 -1039680390306.14 -13334442593248.6 -3996.87107253064 -53908.5072323235 1451126475.63016
336201882.35294 -1047924167557.76 -13445632081115.3 -3996.75310837149 -53906.9939733509 1451126475.63014
338264470.588234 -1056167703549.41 -13556818473445.7 -3996.63712509102 -53905.5055258817 1451126475.63013
340327058.823528 -1064411002315.49 -13668001820787.3 -3996.52307318531 -53904.0412840047 1451126475.63011
342389647.058822 -1072654067790 -13779182172458.5 -3996.41090478676 -53902.600661394 1451126475.6301
344452235.294116 -1080896903809.81 -13890359576587.4 -3996.30057359697 -53901.1830905232 1451126475.63009
346514823.52941 -1089139514117.9 -14001534080150.8 -3996.19203482301 -53899.7880219181 1451126475.63007
348577411.764704 -1097381902366.31 -14112705729009.8 -3996.08524511667 -53898.4149234435 1451126475.63006
350639999.999999 -1105624072119.16 -14223874567945.3 -3995.98016251671 -53897.0632796248 1451126475.63005
352702588.235293 -1113866026855.38 -14335040640691.6 -3995.87674639379 -53895.732591 1451126475.63004
354765176.470587 -1122107769971.42 -14446203989968.8 -3995.77495739805 -53894.4223735029 1451126475.63003
356827764.705881 -1130349304783.86 -14557364657514.1 -3995.67475740916 -53893.1321578738 1451126475.63002
358890352.941175 -1138590634531.87 -14668522684111.4 -3995.5761094886 -53891.8614890976 1451126475.63001
360952941.176469 -1146831762379.61 -14779678109620.4 -3995.47897783428 -53890.6099258665 1451126475.63
363015529.411763 -1155072691418.54 -14890830973004.2 -3995.3833277371 -53889.3770400679 1451126475.62999
365078117.647057 -1163313424669.62 -15001981312356.1 -3995.2891255396 -53888.1624162947 1451126475.62998
367140705.882351 -1171553965085.42 -15113129164925.3 -3995.1963385964 -53886.9656513764 1451126475.62997
369203294.117646 -1179794315552.2 -15224274567141.6 -3995.10493523646 -53885.7863539326 1451126475.62996
371265882.35294 -1188034478891.89 -15335417554639.5 -3995.01488472695 -53884.624143944 1451126475.62996
373328470.588234 -1196274457863.92 -15446558162280.8 -3994.92615723882 -53883.4786523434 1451126475.62995
375391058.823528 -1204514255167.15 -15557696424177.2 -3994.83872381377 -53882.3495206237 1451126475.62994
377453647.058822 -1212753873441.54 -15668832373711.4 -3994.75255633272 -53881.2364004625 1451126475.62994
379516235.294116 -1220993315269.93 -15779966043558 -3994.6676274856 -53880.138953363 1451126475.62993
381578823.52941 -1229232583179.6 -15891097465703.1 -3994.58391074253 -53879.0568503096 1451126475.62992
383641411.764704 -1237471679643.93 -16002226671463.7 -3994.50138032605 -53877.9897714381 1451126475.62992
385703999.999998 -1245710607083.85 -16113353691506.3 -3994.42001118471 -53876.9374057198 1451126475.62991
387766588.235292 -1253949367869.36 -16224478555864.6 -3994.33977896766 -53875.8994506578 1451126475.62991
389829176.470587 -1262187964320.95 -16335601293957.1 -3994.26066000031 -53874.8756119971 1451126475.6299
391891764.705881 -1270426398710.94 -16446721934603.5 -3994.18263126105 -53873.8656034447 1451126475.6299
393954352.941175 -1278664673264.81 -16557840506040.9 -3994.10567035883 -53872.8691464028 1451126475.62989
396016941.176469 -1286902790162.52 -16668957035939.7 -3994.02975551179 -53871.8859697114 1451126475.62989
398079529.411763 -1295140751539.69 -16780071551418.4 -3993.95486552659 -53870.9158094016 1451126475.62988
400142117.647057 -1303378559488.81 -16891184079058 -3993.88097977877 -53869.958408459 1451126475.62988
402204705.882351 -1311616216060.43 -17002294644916.7 -3993.80807819368 -53869.0135165957 1451126475.62988
404267294.117645 -1319853723264.21 -17113403274543 -3993.73614122835 -53868.0808900316 1451126475.62987
406329882.352939 -1328091083070.07 -17224509992989.3 -3993.66514985398 -53867.1602912844 1451126475.62987
408392470.588233 -1336328297409.16 -17335614824824.2 -3993.59508553913 -53866.2514889671 1451126475.62986
410455058.823528 -1344565368174.95 -17446717794145.6 -3993.52593023358 -53865.354257594 1451126475.62986
412517647.058822 -1352802297224.11 -17557818924591.7 -3993.45766635282 -53864.4683773931 1451126475.62986
414580235.294116 -1361039086377.56 -17668918239353.5 -3993.39027676308 -53863.5936341267 1451126475.62985
416642823.52941 -1369275737421.3 -17780015761185.7 -3993.32374476706 -53862.7298189181 1451126475.62985
418705411.764704 -1377512252107.34 -17891111512417.4 -3993.25805409003 -53861.8767280844 1451126475.62985
420767999.999998 -1385748632154.53 -18002205514962.7 -3993.19318886658 -53861.0341629767 1451126475.62985
422830588.235292 -1393984879249.44 -18113297790331.4 -3993.12913362787 -53860.2019298249 1451126475.62984
424893176.470586 -1402220995047.1 -18224388359638.2 -3993.06587328923 -53859.3798395892 1451126475.62984
426955764.70588 -1410456981171.83 -18335477243612.8 -3993.00339313837 -53858.5677078161 1451126475.62984
429018352.941175 -1418692839217.98 -18446564462608.9 -3992.94167882395 -53857.7653545003 1451126475.62984
431080941.176469 -1426928570750.65 -18557650036613.7 -3992.88071634456 -53856.9726039517 1451126475.62983
433143529.411763 -1435164177306.42 -18668733985256 -3992.82049203812 -53856.1892846661 1451126475.62983
435206117.647057 -1443399660394.03 -18779816327815.4 -3992.76099257165 -53855.4152292019 1451126475.62983
437268705.882351 -1451635021495.05 -18890897083229.9 -3992.70220493146 -53854.6502740599 1451126475.62983
439331294.117645 -1459870262064.53 -19001976270104.5 -3992.6441164136 -53853.8942595683 1451126475.62983
441393882.352939 -1468105383531.64 -19113053906718.7 -3992.58671461473 -53853.147029771 1451126475.62982
443456470.588233 -1476340387300.25 -19224130011033.8 -3992.52998742325 -53852.4084323206 1451126475.62982
445519058.823527 -1484575274749.55 -19335204600700.7 -3992.4739230108 -53851.6783183737 1451126475.62982
447581647.058821 -1492810047234.62 -19446277693067 -3992.41850982402 -53850.9565424917 1451126475.62982
449644235.294116 -1501044706086.99 -19557349305183.4 -3992.36373657659 -53850.2429625431 1451126475.62982
451706823.52941 -1509279252615.16 -19668419453810.9 -3992.30959224156 -53849.5374396105 1451126475.62981
453769411.764704 -1517513688105.19 -19779488155427.3 -3992.25606604396 -53848.8398379001 1451126475.62981
455831999.999998 -1525748013821.11 -19890555426233.4 -3992.20314745362 -53848.1500246542 1451126475.62981
457894588.235292 -1533982231005.53 -20001621282159.2 -3992.15082617827 -53847.4678700671 1451126475.62981
459957176.470586 -1542216340880.05 -20112685738869.9 -3992.09909215684 -53846.7932472031 1451126475.62981
462019764.70588 -1550450344645.74 -20223748811772 -3992.04793555303 -53846.1260319179 1451126475.62981
464082352.941174 -1558684243483.63 -20334810516018.5 -3991.99734674904 -53845.466102782 1451126475.62981
466144941.176468 -1566918038555.11 -20445870866514.8 -3991.94731633956 -53844.813341007 1451126475.6298
468207529.411762 -1575151731002.4 -20556929877923.8 -3991.89783512593 -53844.1676303742 1451126475.6298
470270117.647057 -1583385321948.96 -20667987564671.6 -3991.84889411045 -53843.5288571652 1451126475.6298
472332705.882351 -1591618812499.87 -20779043940951.9 -3991.80048449099 -53842.8969100955 1451126475.6298
474395294.117645 -1599852203742.29 -20890099020731.7 -3991.75259765566 -53842.271680249 1451126475.6298
476457882.352939 -1608085496745.76 -21001152817755.3 -3991.70522517771 -53841.653061016 1451126475.6298
478520470.588233 -1616318692562.68 -21112205345549.7 -3991.65835881058 -53841.040948032 1451126475.6298
480583058.823527 -1624551792228.57 -21223256617429 -3991.61199048309 -53840.435239119 1451126475.6298
482645647.058821 -1632784796762.51 -21334306646498.5 -3991.56611229485 -53839.8358342285 1451126475.62979
484708235.294115 -1641017707167.47 -21445355445659.5 -3991.5207165117 -53839.2426353863 1451126475.62979
486770823.529409 -1649250524430.59 -21556403027613.1 -3991.47579556143 -53838.6555466391 1451126475.62979
488833411.764704 -1657483249523.6 -21667449404864.8 -3991.4313420295 -53838.0744740026 1451126475.62979
490895999.999998 -1665715883403.07 -21778494589727.9 -3991.38734865499 -53837.4993254109 1451126475.62979
492958588.235292 -1673948427010.75 -21889538594328.1 -3991.34380832663 -53836.9300106684 1451126475.62979
495021176.470586 -1682180881273.89 -22000581430606.8 -3991.300714079 -53836.3664414019 1451126475.62979
497083764.70588 -1690413247105.51 -22111623110324.8 -3991.25805908873 -53835.8085310153 1451126475.62979
499146352.941174 -1698645525404.69 -22222663645066.3 -3991.21583667098 -53835.2561946448 1451126475.62979
501208941.176468 -1706877717056.88 -22333703046242.1 -3991.17404027589 -53834.7093491158 1451126475.62979
503271529.411762 -1715109822934.15 -22444741325093.2 -3991.13266348521 -53834.1679129014 1451126475.62979
505334117.647056 -1723341843895.45 -22555778492694.1 -3991.091700009 -53833.6318060813 1451126475.62979
507396705.88235 -1731573780786.91 -22666814559956.2 -3991.05114368247 -53833.1009503028 1451126475.62979
509459294.117645 -1739805634442.05 -22777849537630.5 -3991.01098846281 -53832.5752687423 1451126475.62978
511521882.352939 -1748037405682.07 -22888883436311.5 -3990.97122842629 -53832.0546860682 1451126475.62978
513584470.588233 -1756269095316.06 -22999916266439.7 -3990.93185776523 -53831.539128405 1451126475.62978
515647058.823527 -1764500704141.24 -23110948038304.6 -3990.89287078528 -53831.0285232981 1451126475.62978
517709647.058821 -1772732232943.21 -23221978762047.7 -3990.85426190257 -53830.5227996799 1451126475.62978
519772235.294115 -1780963682496.17 -23333008447665.5 -3990.81602564112 -53830.0218878366 1451126475.62978
521834823.529409 -1789195053563.12 -23444037105011.8 -3990.7781566302 -53829.5257193763 1451126475.62978
523897411.764703 -1797426346896.11 -23555064743801 -3990.74064960183 -53829.0342271976 1451126475.62978
525959999.999997 -1805657563236.4 -23666091373610.1 -3990.70349938833 -53828.5473454596 1451126475.62978
528022588.235291 -1813888703314.71 -23777117003881.8 -3990.66670091995 -53828.065009552 1451126475.62978
530085176.470586 -1822119767851.41 -23888141643926.6 -3990.63024922254 -53827.587156067 1451126475.62978
532147764.70588 -1830350757556.68 -23999165302925.5 -3990.59413941536 -53827.1137227707 1451126475.62978
534210352.941174 -1838581673130.75 -24110187989932.4 -3990.55836670883 -53826.6446485771 1451126475.62978
536272941.176468 -1846812515264.07 -24221209713876.3 -3990.52292640244 -53826.1798735206 1451126475.62978
538335529.411762 -1855043284637.45 -24332230483563.6 -3990.4878138827 -53825.7193387312 1451126475.62978
540398117.647056 -1863273981922.31 -24443250307680.5 -3990.45302462113 -53825.2629864094 1451126475.62978
542460705.88235 -1871504607780.8 -24554269194794.9 -3990.4185541723 -53824.8107598019 1451126475.62978
544523294.117644 -1879735162865.97 -24665287153358.9 -3990.38439817194 -53824.3626031779 1451126475.62978
546585882.352938 -1887965647821.98 -24776304191710.5 -3990.35055233509 -53823.9184618065 1451126475.62977
548648470.588233 -1896196063284.22 -24887320318076 -3990.31701245433 -53823.478281934 1451126475.62977
550711058.823527 -1904426409879.46 -24998335540571.7 -3990.283774398 -53823.0420107626 1451126475.62977
552773647.058821 -1912656688226.05 -25109349867205.9 -3990.25083410853 -53822.6095964287 1451126475.62977
554836235.294115 -1920886898934.05 -25220363305881.2 -3990.21818760076 -53822.1809879829 1451126475.62977
556898823.529409 -1929117042605.35 -25331375864395.5 -3990.18583096037 -53821.7561353695 1451126475.62977
558961411.764703 -1937347119833.85 -25442387550444.9 -3990.15376034226 -53821.3349894071 1451126475.62977
561023999.999997 -1945577131205.59 -25553398371624.7 -3990.12197196907 -53820.9175017698 1451126475.62977
563086588.235291 -1953807077298.89 -25664408335431.2 -3990.09046212969 -53820.5036249683 1451126475.62977
565149176.470585 -1962036958684.48 -25775417449264 -3990.0592271778 -53820.0933123323 1451126475.62977
567211764.705879 -1970266775925.63 -25886425720427 -3990.02826353044 -53819.6865179925 1451126475.62977
569274352.941174 -1978496529578.28 -25997433156130.4 -3989.9975676667 -53819.2831968637 1451126475.62977
571336941.176468 -1986726220191.2 -26108439763492.1 -3989.96713612633 -53818.8833046282 1451126475.62977
573399529.411762 -1994955848306.04 -26219445549539.5 -3989.93696550845 -53818.4867977192 1451126475.62977
575462117.647056 -2003185414457.54 -26330450521210.8 -3989.90705247031 -53818.0936333053 1451126475.62977
577524705.88235 -2011414919173.56 -26441454685356.6 -3989.87739372601 -53817.703769275 1451126475.62977
579587294.117644 -2019644362975.28 -26552458048741.5 -3989.84798604534 -53817.3171642213 1451126475.62977
581649882.352938 -2027873746377.25 -26663460618045.3 -3989.81882625255 -53816.9337774275 1451126475.62977
583712470.588232 -2036103069887.53 -26774462399864.4 -3989.78991122527 -53816.5535688525 1451126475.62977
585775058.823526 -2044332334007.79 -26885463400713.7 -3989.76123789336 -53816.1764991171 1451126475.62977
587837647.05882 -2052561539233.45 -26996463627027 -3989.7328032378 -53815.8025294902 1451126475.62977
589900235.294115 -2060790686053.7 -27107463085159.4 -3989.70460428968 -53815.4316218754 1451126475.62977
591962823.529409 -2069019774951.71 -27218461781387.6 -3989.67663812914 -53815.0637387984 1451126475.62977
594025411.764703 -2077248806404.64 -27329459721911.9 -3989.64890188434 -53814.6988433943 1451126475.62977
596087999.999997 -2085477780883.8 -27440456912857.3 -3989.62139273052 -53814.3368993949 1451126475.62977
598150588.235291 -2093706698854.71 -27551453360274.3 -3989.59410788899 -53813.9778711169 1451126475.62977
600213176.470585 -2101935560777.2 -27662449070140.5 -3989.56704462626 -53813.6217234502 1451126475.62977
602275764.705879 -2110164367105.52 -27773444048361.7 -3989.54020025305 -53813.2684218465 1451126475.62977
604338352.941173 -2118393118288.42 -27884438300773.1 -3989.51357212344 -53812.9179323079 1451126475.62977
606400941.176467 -2126621814769.22 -27995431833140.1 -3989.48715763402 -53812.570221376 1451126475.62976
608463529.411762 -2134850456985.93 -28106424651159.9 -3989.46095422298 -53812.2252561213 1451126475.62976
610526117.647056 -2143079045371.3 -28217416760462.1 -3989.43495936934 -53811.8830041331 1451126475.62976
612588705.88235 -2151307580352.94 -28328408166610.1 -3989.40917059211 -53811.5434335085 1451126475.62976
614651294.117644 -2159536062353.38 -28439398875102 -3989.3835854495 -53811.2065128434 1451126475.62976
616713882.352938 -2167764491790.14 -28550388891371.5 -3989.35820153816 -53810.8722112223 1451126475.62976
618776470.588232 -2175992869075.84 -28661378220789.3 -3989.33301649242 -53810.5404982088 1451126475.62976
620839058.823526 -2184221194618.24 -28772366868663.5 -3989.30802798355 -53810.2113438366 1451126475.62976
622901647.05882 -2192449468820.35 -28883354840241.1 -3989.28323371906 -53809.8847186003 1451126475.62976
624964235.294114 -2200677692080.49 -28994342140708.6 -3989.25863144197 -53809.5605934465 1451126475.62976
627026823.529408 -2208905864792.34 -29105328775193.1 -3989.23421893016 -53809.2389397655 1451126475.62976
629089411.764703 -2217133987345.05 -29216314748763 -3989.20999399565 -53808.9197293825 1451126475.62976
631151999.999997 -2225362060123.29 -29327300066429.2 -3989.185954484 -53808.6029345494 1451126475.62976
633214588.235291 -2233590083507.31 -29438284733145.8 -3989.16209827363 -53808.2885279369 1451126475.62976
635277176.470585 -2241818057873.04 -29549268753810.7 -3989.13842327523 -53807.9764826268 1451126475.62976
637339764.705879 -2250045983592.1 -29660252133267.1 -3989.11492743111 -53807.6667721037 1451126475.62976
639402352.941173 -2258273861031.93 -29771234876303.5 -3989.09160871464 -53807.3593702482 1451126475.62976
641464941.176467 -2266501690555.8 -29882216987655.3 -3989.06846512964 -53807.054251329 1451126475.62976
643527529.411761 -2274729472522.9 -29993198472004.9 -3989.04549470982 -53806.751389996 1451126475.62976
645590117.647055 -2282957207288.4 -30104179333983.1 -3989.02269551822 -53806.4507612731 1451126475.62976
647652705.882349 -2291184895203.51 -30215159578169.3 -3989.00006564669 -53806.1523405514 1451126475.62976
649715294.117644 -2299412536615.5 -30326139209092.6 -3988.97760321531 -53805.8561035826 1451126475.62976
651777882.352938 -2307640131867.84 -30437118231232.6 -3988.95530637189 -53805.5620264722 1451126475.62976
653840470.588232 -2315867681300.17 -30548096649019.7 -3988.93317329149 -53805.2700856732 1451126475.62976
655903058.823526 -2324095185248.4 -30659074466836.4 -3988.91120217588 -53804.9802579797 1451126475.62976
657965647.05882 -2332322644044.79 -30770051689017.5 -3988.88939125306 -53804.6925205209 1451126475.62976
660028235.294114 -2340550058017.92 -30881028319850.9 -3988.86773877681 -53804.406850755 1451126475.62976
662090823.529408 -2348777427492.83 -30992004363578.5 -3988.84624302619 -53804.1232264631 1451126475.62976
664153411.764702 -2357004752791.03 -31102979824396.6 -3988.8249023051 -53803.8416257439 1451126475.62976
666215999.999996 -2365232034230.55 -31213954706456.7 -3988.80371494184 -53803.5620270075 1451126475.62976
668278588.235291 -2373459272126.01 -31324929013866 -3988.78267928866 -53803.2844089704 1451126475.62976
670341176.470585 -2381686466788.63 -31435902750688.3 -3988.76179372132 -53803.0087506496 1451126475.62976
672403764.705879 -2389913618526.33 -31546875920944.2 -3988.74105663873 -53802.7350313577 1451126475.62976
674466352.941173 -2398140727643.75 -31657848528612.1 -3988.72046646245 -53802.4632306975 1451126475.62976
676528941.176467 -2406367794442.27 -31768820577628.5 -3988.70002163637 -53802.193328557 1451126475.62976
678591529.411761 -2414594819220.11 -31879792071888.7 -3988.67972062628 -53801.9253051045 1451126475.62976
680654117.647055 -2422821802272.35 -31990763015247.6 -3988.65956191949 -53801.6591407834 1451126475.62976
682716705.882349 -2431048743890.94 -32101733411519.8 -3988.63954402445 -53801.3948163081 1451126475.62976
684779294.117643 -2439275644364.81 -32212703264480.5 -3988.61966547038 -53801.1323126585 1451126475.62976
686841882.352937 -2447502503979.87 -32323672577866 -3988.59992480695 -53800.8716110761 1451126475.62976
688904470.588232 -2455729323019.04 -32434641355373.9 -3988.58032060385 -53800.6126930593 1451126475.62976
690967058.823526 -2463956101762.33 -32545609600664.3 -3988.56085145052 -53800.3555403587 1451126475.62976
693029647.05882 -2472182840486.84 -32656577317359.6 -3988.54151595576 -53800.1001349736 1451126475.62976
695092235.294114 -2480409539466.86 -32767544509045.5 -3988.52231274743 -53799.8464591468 1451126475.62976
697154823.529408 -2488636198973.83 -32878511179271.2 -3988.5032404721 -53799.5944953613 1451126475.62976
699217411.764702 -2496862819276.42 -32989477331550.2 -3988.48429779476 -53799.3442263359 1451126475.62976
701279999.999996 -2505089400640.6 -33100442969360.3 -3988.46548339848 -53799.095635021 1451126475.62976
703342588.23529 -2513315943329.59 -33211408096144.6 -3988.44679598411 -53798.8487045954 1451126475.62976
705405176.470584 -2521542447604 -33322372715311.7 -3988.42823427001 -53798.6034184618 1451126475.62976
707467764.705878 -2529768913721.79 -33433336830236.2 -3988.40979699172 -53798.3597602436 1451126475.62976
709530352.941173 -2537995341938.31 -33544300444259 -3988.39148290167 -53798.1177137809 1451126475.62976
711592941.176467 -2546221732506.4 -33655263560688.1 -3988.37329076896 -53797.8772631271 1451126475.62976
713655529.411761 -2554448085676.33 -33766226182798.8 -3988.35521937898 -53797.6383925452 1451126475.62976
715718117.647055 -2562674401695.92 -33877188313833.9 -3988.33726753326 -53797.4010865047 1451126475.62976
717780705.882349 -2570900680810.5 -33988149957004.8 -3988.3194340491 -53797.1653296781 1451126475.62976
719843294.117643 -2579126923263.02 -34099111115491 -3988.30171775936 -53796.9311069372 1451126475.62976
721905882.352937 -2587353129294 -34210071792441.4 -3988.28411751221 -53796.6984033505 1451126475.62976
723968470.588231 -2595579299141.6 -34321031990974.2 -3988.26663217087 -53796.4672041796 1451126475.62976
726031058.823525 -2603805433041.69 -34431991714177.2 -3988.24926061334 -53796.2374948762 1451126475.62976
728093647.05882 -2612031531227.79 -34542950965108.7 -3988.23200173222 -53796.009261079 1451126475.62976
730156235.294114 -2620257593931.2 -34653909746797.2 -3988.2148544344 -53795.7824886109 1451126475.62976
732218823.529408 -2628483621380.93 -34764868062242.6 -3988.19781764089 -53795.5571634756 1451126475.62976
734281411.764702 -2636709613803.82 -34875825914415.8 -3988.18089028657 -53795.3332718554 1451126475.62976
736343999.999996 -2644935571424.51 -34986783306259.3 -3988.16407131995 -53795.1108001077 1451126475.62976
738406588.23529 -2653161494465.48 -35097740240688 -3988.14735970299 -53794.8897347627 1451126475.62976
740469176.470584 -2661387383147.1 -35208696720588.9 -3988.13075441085 -53794.6700625204 1451126475.62976
742531764.705878 -2669613237687.61 -35319652748821.8 -3988.11425443171 -53794.451770248 1451126475.62976
744594352.941172 -2677839058303.22 -35430608328219.5 -3988.09785876655 -53794.2348449774 1451126475.62976
746656941.176466 -2686064845208.04 -35541563461588.6 -3988.08156642893 -53794.0192739025 1451126475.62976
748719529.411761 -2694290598614.21 -35652518151709 -3988.06537644484 -53793.8050443767 1451126475.62976
750782117.647055 -2702516318731.83 -35763472401334.8 -3988.04928785246 -53793.5921439103 1451126475.62976
752844705.882349 -2710742005769.06 -35874426213194.7 -3988.03329970197 -53793.3805601686 1451126475.62976
754907294.117643 -2718967659932.09 -35985379589991.9 -3988.01741105542 -53793.1702809686 1451126475.62976
756969882.352937 -2727193281425.21 -36096332534404.8 -3988.00162098647 -53792.9612942776 1451126475.62976
759032470.588231 -2735418870450.8 -36207285049086.8 -3987.98592858025 -53792.7535882101 1451126475.62976
761095058.823525 -2743644427209.35 -36318237136667.4 -3987.9703329332 -53792.5471510264 1451126475.62976
763157647.058819 -2751869951899.53 -36429188799751.7 -3987.95483315285 -53792.3419711294 1451126475.62976
765220235.294113 -2760095444718.15 -36540140040921.1 -3987.93942835769 -53792.1380370633 1451126475.62976
767282823.529408 -2768320905860.23 -36651090862733.5 -3987.92411767697 -53791.9353375109 1451126475.62976
769345411.764702 -2776546335519 -36762041267723.8 -3987.90890025058 -53791.7338612917 1451126475.62976
771407999.999996 -2784771733885.92 -36872991258403.8 -3987.89377522884 -53791.5335973601 1451126475.62976
773470588.23529 -2792997101150.73 -36983940837262.5 -3987.87874177236 -53791.3345348028 1451126475.62976
775533176.470584 -2801222437501.42 -37094890006766.8 -3987.8637990519 -53791.1366628373 1451126475.62976
777595764.705878 -2809447743124.31 -37205838769361.5 -3987.84894624821 -53790.9399708097 1451126475.62976
779658352.941172 -2817673018204.01 -37316787127469.2 -3987.83418255185 -53790.7444481929 1451126475.62976
781720941.176466 -2825898262923.49 -37427735083491.4 -3987.81950716311 -53790.5500845849 1451126475.62976
783783529.41176 -2834123477464.08 -37538682639808 -3987.80491929177 -53790.3568697064 1451126475.62976
785846117.647054 -2842348662005.49 -37649629798777.7 -3987.79041815706 -53790.1647933996 1451126475.62976
787908705.882349 -2850573816725.81 -37760576562738.6 -3987.77600298745 -53789.9738456259 1451126475.62976
789971294.117643 -2858798941801.57 -37871522934008.3 -3987.76167302053 -53789.7840164647 1451126475.62976
792033882.352937 -2867024037407.73 -37982468914883.7 -3987.7474275029 -53789.5952961111 1451126475.62976
794096470.588231 -2875249103717.7 -38093414507641.9 -3987.73326569 -53789.4076748747 1451126475.62976
796159058.823525 -2883474140903.38 -38204359714540.1 -3987.719186846 -53789.2211431776 1451126475.62976
798221647.058819 -2891699149135.13 -38315304537815.6 -3987.70519024369 -53789.0356915528 1451126475.62976
800284235.294113 -2899924128581.86 -38426248979686.6 -3987.69127516431 -53788.851310643 1451126475.62976
802346823.529407 -2908149079410.97 -38537193042352 -3987.67744089748 -53788.6679911984 1451126475.62976
804409411.764701 -2916374001788.42 -38648136727991.7 -3987.66368674102 -53788.4857240757 1451126475.62976
806471999.999995 -2924598895878.74 -38759080038766.9 -3987.6500120009 -53788.3045002362 1451126475.62976
808534588.23529 -2932823761845 -38870022976820.1 -3987.63641599105 -53788.1243107445 1451126475.62976
810597176.470584 -2941048599848.91 -38980965544275.7 -3987.6228980333 -53787.9451467669 1451126475.62976
812659764.705878 -2949273410050.75 -39091907743239.9 -3987.60945745725 -53787.7669995702 1451126475.62976
814722352.941172 -2957498192609.45 -39202849575800.9 -3987.59609360015 -53787.5898605199 1451126475.62976
816784941.176466 -2965722947682.57 -39313791044029.4 -3987.58280580681 -53787.4137210792 1451126475.62976
818847529.41176 -2973947675426.34 -39424732149978.4 -3987.56959342946 -53787.2385728073 1451126475.62976
820910117.647054 -2982172375995.63 -39535672895683.6 -3987.55645582768 -53787.0644073584 1451126475.62976
822972705.882348 -2990397049544.03 -39646613283163.7 -3987.54339236828 -53786.8912164799 1451126475.62976
825035294.117642 -2998621696223.82 -39757553314420.3 -3987.53040242521 -53786.7189920115 1451126475.62976
827097882.352937 -3006846316185.99 -39868492991438.5 -3987.51748537943 -53786.5477258839 1451126475.62976
829160470.588231 -3015070909580.27 -39979432316186.7 -3987.50464061884 -53786.377410117 1451126475.62976
831223058.823525 -3023295476555.12 -40090371290616.9 -3987.49186753819 -53786.2080368196 1451126475.62976
833285647.058819 -3031520017257.77 -40201309916665 -3987.47916553895 -53786.0395981873 1451126475.62976
835348235.294113 -3039744531834.22 -40312248196250.8 -3987.46653402925 -53785.8720865017 1451126475.62976
837410823.529407 -3047969020429.26 -40423186131278.3 -3987.45397242376 -53785.7054941294 1451126475.62976
839473411.764701 -3056193483186.48 -40534123723636 -3987.44148014363 -53785.5398135203 1451126475.62976
841535999.999995 -3064417920248.27 -40645060975196.7 -3987.42905661637 -53785.3750372069 1451126475.62976
843598588.235289 -3072642331755.86 -40755997887817.9 -3987.41670127578 -53785.2111578032 1451126475.62976
845661176.470583 -3080866717849.3 -40866934463342.1 -3987.40441356189 -53785.0481680031 1451126475.62976
847723764.705878 -3089091078667.51 -40977870703596.7 -3987.39219292079 -53784.8860605801 1451126475.62975
849786352.941172 -3097315414348.28 -41088806610394.2 -3987.38003880466 -53784.7248283853 1451126475.62975
851848941.176466 -3105539725028.25 -41199742185532.7 -3987.3679506716 -53784.5644643472 1451126475.62975
853911529.41176 -3113764010842.96 -41310677430795.4 -3987.35592798558 -53784.4049614702 1451126475.62976
855974117.647054 -3121988271926.87 -41421612347951.6 -3987.34397021637 -53784.2463128336 1451126475.62975
858036705.882348 -3130212508413.31 -41532546938756.1 -3987.33207683946 -53784.0885115908 1451126475.62975
860099294.117642 -3138436720434.58 -41643481204949.6 -3987.32024733597 -53783.931550968 1451126475.62975
862161882.352936 -3146660908121.89 -41754415148259.2 -3987.30848119257 -53783.7754242637 1451126475.62975
864224470.58823 -3154885071605.39 -41865348770398 -3987.29677790144 -53783.6201248471 1451126475.62975
866287058.823524 -3163109211014.21 -41976282073065.5 -3987.28513696014 -53783.465646158 1451126475.62976
868349647.058819 -3171333326476.43 -42087215057948 -3987.27355787162 -53783.311981705 1451126475.62975
870412235.294113 -3179557418119.12 -42198147726718.2 -3987.26204014405 -53783.1591250651 1451126475.62975
872474823.529407 -3187781486068.35 -42309080081035.7 -3987.25058329084 -53783.0070698828 1451126475.62975
874537411.764701 -3196005530449.18 -42420012122547 -3987.2391868305 -53782.855809869 1451126475.62975
876599999.999995 -3204229551385.67 -42530943852886 -3987.22785028664 -53782.7053388004 1451126475.62975
878662588.235289 -3212453549000.92 -42641875273673.4 -3987.21657318784 -53782.5556505183 1451126475.62975
880725176.470583 -3220677523417.07 -42752806386517.6 -3987.20535506763 -53782.406738928 1451126475.62975
882787764.705877 -3228901474755.28 -42863737193014.3 -3987.1941954644 -53782.258597998 1451126475.62975
884850352.941171 -3237125403135.78 -42974667694746.9 -3987.18309392135 -53782.1112217591 1451126475.62975
886912941.176466 -3245349308677.86 -43085597893286.5 -3987.17204998642 -53781.9646043035 1451126475.62975
888975529.41176 -3253573191499.87 -43196527790192.2 -3987.16106321224 -53781.8187397842 1451126475.62975
891038117.647054 -3261797051719.27 -43307457387011 -3987.15013315604 -53781.6736224141 1451126475.62975
893100705.882348 -3270020889452.57 -43418386685278 -3987.13925937964 -53781.5292464654 1451126475.62975
895163294.117642 -3278244704815.41 -43529315686516.7 -3987.12844144935 -53781.3856062685 1451126475.62975
897225882.352936 -3286468497922.55 -43640244392238.6 -3987.11767893592 -53781.2426962115 1451126475.62975
899288470.58823 -3294692268887.83 -43751172803944.2 -3987.10697141449 -53781.1005107397 1451126475.62975
901351058.823524 -3302916017824.26 -43862100923122.3 -3987.09631846455 -53780.9590443544 1451126475.62975
903413647.058818 -3311139744843.97 -43973028751250.3 -3987.08571966984 -53780.8182916123 1451126475.62975
905476235.294112 -3319363450058.21 -44083956289794.8 -3987.07517461834 -53780.6782471252 1451126475.62975
907538823.529407 -3327587133577.44 -44194883540210.9 -3987.06468290221 -53780.5389055589 1451126475.62975
909601411.764701 -3335810795511.23 -44305810503943.2 -3987.0542441177 -53780.4002616325 1451126475.62975
911663999.999995 -3344034435968.35 -44416737182425.1 -3987.04385786514 -53780.2623101182 1451126475.62975
913726588.235289 -3352258055056.74 -44527663577079.4 -3987.03352374889 -53780.1250458399 1451126475.62975
915789176.470583 -3360481652883.54 -44638589689318.4 -3987.02324137724 -53779.9884636733 1451126475.62975
917851764.705877 -3368705229555.07 -44749515520543.8 -3987.01301036243 -53779.8525585449 1451126475.62975
919914352.941171 -3376928785176.86 -44860441072146.7 -3987.00283032053 -53779.7173254313 1451126475.62975
921976941.176465 -3385152319853.66 -44971366345508.1 -3986.99270087146 -53779.5827593587 1451126475.62975
924039529.411759 -3393375833689.43 -45082291341998.9 -3986.9826216389 -53779.4488554023 1451126475.62975
926102117.647053 -3401599326787.36 -45193216062979.5 -3986.97259225023 -53779.3156086856 1451126475.62975
928164705.882348 -3409822799249.87 -45304140509800.7 -3986.96261233655 -53779.1830143801 1451126475.62975
930227294.117642 -3418046251178.65 -45415064683803.2 -3986.95268153257 -53779.0510677043 1451126475.62975
932289882.352936 -3426269682674.6 -45525988586317.8 -3986.94279947658 -53778.9197639233 1451126475.62975
934352470.58823 -3434493093837.9 -45636912218665.7 -3986.93296581042 -53778.7890983483 1451126475.62975
936415058.823524 -3442716484768 -45747835582158.6 -3986.92318017944 -53778.6590663362 1451126475.62975
938477647.058818 -3450939855563.6 -45858758678098.4 -3986.91344223244 -53778.5296632884 1451126475.62975
940540235.294112 -3459163206322.71 -45969681507777.7 -3986.90375162164 -53778.4008846513 1451126475.62975
942602823.529406 -3467386537142.6 -46080604072479.8 -3986.89410800262 -53778.2727259145 1451126475.62975
944665411.7647 -3475609848119.84 -46191526373478.7 -3986.88451103433 -53778.1451826115 1451126475.62975
946727999.999995 -3483833139350.31 -46302448412039.1 -3986.87496037896 -53778.0182503183 1451126475.62975
948790588.235289 -3492056410929.19 -46413370189416.8 -3986.865455702 -53777.8919246533 1451126475.62975
950853176.470583 -3500279662950.96 -46524291706858.6 -3986.85599667214 -53777.7662012768 1451126475.62975
952915764.705877 -3508502895509.44 -46635212965602.3 -3986.84658296123 -53777.6410758902 1451126475.62975
954978352.941171 -3516726108697.77 -46746133966876.8 -3986.83721424429 -53777.516544236 1451126475.62975
957040941.176465 -3524949302608.42 -46857054711902.5 -3986.8278901994 -53777.3926020966 1451126475.62975
959103529.411759 -3533172477333.2 -46967975201891 -3986.81861050774 -53777.2692452948 1451126475.62975
961166117.647053 -3541395632963.27 -47078895438045.3 -3986.8093748535 -53777.1464696923 1451126475.62975
963228705.882347 -3549618769589.13 -47189815421559.9 -3986.80018292387 -53777.0242711901 1451126475.62975
965291294.117641 -3557841887300.65 -47300735153621 -3986.79103440899 -53776.9026457274 1451126475.62975
967353882.352936 -3566064986187.06 -47411654635406.4 -3986.78192900192 -53776.7815892815 1451126475.62975
969416470.58823 -3574288066336.96 -47522573868085.6 -3986.77286639861 -53776.6610978674 1451126475.62975
971479058.823524 -3582511127838.33 -47633492852819.9 -3986.76384629787 -53776.5411675371 1451126475.62975
973541647.058818 -3590734170778.52 -47744411590762.6 -3986.75486840131 -53776.4217943792 1451126475.62975
975604235.294112 -3598957195244.28 -47855330083058.9 -3986.74593241335 -53776.3029745189 1451126475.62975
977666823.529406 -3607180201321.74 -47966248330846.1 -3986.73703804115 -53776.1847041169 1451126475.62975
979729411.7647 -3615403189096.44 -48077166335253.5 -3986.7281849946 -53776.0669793696 1451126475.62975
981791999.999994 -3623626158653.32 -48188084097402.7 -3986.71937298628 -53775.9497965083 1451126475.62975
983854588.235288 -3631849110076.74 -48299001618407.6 -3986.71060173142 -53775.833151799 1451126475.62975
985917176.470582 -3640072043450.45 -48409918899374.2 -3986.7018709479 -53775.7170415419 1451126475.62975
987979764.705877 -3648294958857.66 -48520835941401.3 -3986.69318035617 -53775.6014620711 1451126475.62975
990042352.941171 -3656517856380.96 -48631752745579.7 -3986.68452967926 -53775.4864097541 1451126475.62975
992104941.176465 -3664740736102.4 -48742669312993.2 -3986.67591864276 -53775.3718809915 1451126475.62975
994167529.411759 -3672963598103.47 -48853585644717.8 -3986.66734697475 -53775.2578722165 1451126475.62975
996230117.647053 -3681186442465.09 -48964501741822.5 -3986.65881440579 -53775.1443798949 1451126475.62975
998292705.882347 -3689409269267.62 -49075417605368.9 -3986.65032066889 -53775.0314005243 1451126475.62975
1000355294.11764 -3697632078590.89 -49186333236411.4 -3986.64186549952 -53774.9189306337 1451126475.62975
1002417882.35294 -3705854870514.17 -49297248635997.3 -3986.6334486355 -53774.8069667837 1451126475.62975
1004480470.58823 -3714077645116.22 -49408163805166.8 -3986.62506981705 -53774.6955055657 1451126475.62975
1006543058.82352 -3722300402475.22 -49519078744953.1 -3986.61672878674 -53774.5845436014 1451126475.62975
1008605647.05882 -3730523142668.87 -49629993456382.7 -3986.60842528943 -53774.4740775431 1451126475.62975
1010668235.29411 -3738745865774.31 -49740907940474.8 -3986.60015907229 -53774.3641040728 1451126475.62975
1012730823.52941 -3746968571868.17 -49851822198242 -3986.59192988476 -53774.2546199019 1451126475.62975
1014793411.7647 -3755191261026.59 -49962736230690.4 -3986.58373747851 -53774.1456217711 1451126475.62975
1016855999.99999 -3763413933325.17 -50073650038818.9 -3986.57558160744 -53774.0371064502 1451126475.62975
1018918588.23529 -3771636588839.01 -50184563623620.2 -3986.56746202762 -53773.9290707373 1451126475.62975
1020981176.47058 -3779859227642.72 -50295476986080.1 -3986.55937849731 -53773.8215114589 1451126475.62975
1023043764.70588 -3788081849810.41 -50406390127178.3 -3986.55133077689 -53773.7144254694 1451126475.62975
1025106352.94117 -3796304455415.69 -50517303047887.5 -3986.54331862887 -53773.6078096507 1451126475.62975
1027168941.17646 -3804527044531.69 -50628215749174.4 -3986.53534181787 -53773.5016609124 1451126475.62975
1029231529.41176 -3812749617231.06 -50739128231999.2 -3986.52740011056 -53773.3959761907 1451126475.62975
1031294117.64705 -3820972173585.96 -50850040497315.9 -3986.51949327567 -53773.2907524489 1451126475.62975
1033356705.88235 -3829194713668.08 -50960952546072.2 -3986.51162108395 -53773.1859866764 1451126475.62975
1035419294.11764 -3837417237548.65 -51071864379209.6 -3986.50378330817 -53773.0816758891 1451126475.62975
1037481882.35294 -3845639745298.4 -51182775997663.4 -3986.49597972308 -53772.9778171287 1451126475.62975
1039544470.58823 -3853862236987.65 -51293687402363 -3986.48821010538 -53772.8744074622 1451126475.62975
1041607058.82352 -3862084712686.21 -51404598594231.7 -3986.48047423371 -53772.7714439823 1451126475.62975
1043669647.05882 -3870307172463.47 -51515509574186.8 -3986.47277188865 -53772.6689238066 1451126475.62975
1045732235.29411 -3878529616388.35 -51626420343139.8 -3986.46510285266 -53772.5668440775 1451126475.62975
1047794823.52941 -3886752044529.33 -51737330901996 -3986.45746691008 -53772.4652019618 1451126475.62975
1049857411.7647 -3894974456954.45 -51848241251655.3 -3986.44986384712 -53772.3639946506 1451126475.62975
1051919999.99999 -3903196853731.31 -51959151393011.7 -3986.44229345181 -53772.2632193592 1451126475.62975
1053982588.23529 -3911419234927.07 -52070061326953.2 -3986.43475551402 -53772.1628733264 1451126475.62975
1056045176.47058 -3919641600608.46 -52180971054362.6 -3986.42724982539 -53772.0629538146 1451126475.62975
1058107764.70588 -3927863950841.79 -52291880576116.7 -3986.41977617938 -53771.9634581092 1451126475.62975
1060170352.94117 -3936086285692.94 -52402789893086.9 -3986.41233437117 -53771.864383519 1451126475.62975
1062232941.17646 -3944308605227.35 -52513699006138.9 -3986.4049241977 -53771.7657273753 1451126475.62975
1064295529.41176 -3952530909510.08 -52624607916133.3 -3986.39754545763 -53771.6674870318 1451126475.62975
1066358117.64705 -3960753198605.76 -52735516623924.8 -3986.39019795134 -53771.5696598647 1451126475.62975
1068420705.88235 -3968975472578.59 -52846425130363 -3986.38288148088 -53771.4722432721 1451126475.62975
1070483294.11764 -3977197731492.4 -52957333436292.1 -3986.37559584997 -53771.375234674 1451126475.62975
1072545882.35293 -3985419975410.59 -53068241542551 -3986.36834086399 -53771.2786315119 1451126475.62975
1074608470.58823 -3993642204396.17 -53179149449973.3 -3986.36111632995 -53771.1824312486 1451126475.62975
1076671058.82352 -4001864418511.75 -53290057159387.4 -3986.35392205648 -53771.0866313682 1451126475.62975
1078733647.05882 -4010086617819.55 -53400964671616.6 -3986.3467578538 -53770.9912293756 1451126475.62975
1080796235.29411 -4018308802381.4 -53511871987478.9 -3986.33962353373 -53770.8962227963 1451126475.62975
1082858823.52941 -4026530972258.74 -53622779107787.4 -3986.33251890965 -53770.8016091766 1451126475.62975
1084921411.7647 -4034753127512.63 -53733686033350.2 -3986.32544379649 -53770.7073860826 1451126475.62975
1086983999.99999 -4042975268203.76 -53844592764970.2 -3986.31839801071 -53770.6135511008 1451126475.62975
1089046588.23529 -4051197394392.42 -53955499303445.5 -3986.31138137029 -53770.5201018375 1451126475.62975
1091109176.47058 -4059419506138.54 -54066405649569.2 -3986.30439369474 -53770.4270359186 1451126475.62975
1093171764.70588 -4067641603501.68 -54177311804129.5 -3986.29743480502 -53770.3343509895 1451126475.62975
1095234352.94117 -4075863686541.03 -54288217767909.9 -3986.29050452357 -53770.2420447147 1451126475.62975
1097296941.17646 -4084085755315.42 -54399123541688.9 -3986.28360267431 -53770.1501147779 1451126475.62975
1099359529.41176 -4092307809883.31 -54510029126240.5 -3986.27672908259 -53770.0585588817 1451126475.62975
1101422117.64705 -4100529850302.79 -54620934522333.8 -3986.26988357517 -53769.9673747472 1451126475.62975
1103484705.88235 -4108751876631.64 -54731839730733.2 -3986.26306598026 -53769.8765601141 1451126475.62975
1105547294.11764 -4116973888927.22 -54842744752198.5 -3986.25627612743 -53769.7861127403 1451126475.62975
1107609882.35293 -4125195887246.61 -54953649587485 -3986.24951384766 -53769.6960304019 1451126475.62975
1109672470.58823 -4133417871646.48 -55064554237343.3 -3986.24277897329 -53769.6063108928 1451126475.62975
1111735058.82352 -4141639842183.21 -55175458702519.4 -3986.23607133802 -53769.5169520249 1451126475.62975
1113797647.05882 -4149861798912.79 -55286362983755.1 -3986.2293907769 -53769.4279516274 1451126475.62975
1115860235.29411 -4158083741890.91 -55397267081787.5 -3986.2227371263 -53769.339307547 1451126475.62975
1117922823.52941 -4166305671172.9 -55508170997349.2 -3986.2161102239 -53769.2510176475 1451126475.62975
1119985411.7647 -4174527586813.77 -55619074731168.7 -3986.2095099087 -53769.1630798099 1451126475.62975
1122047999.99999 -4182749488868.18 -55729978283969.8 -3986.20293602098 -53769.0754919321 1451126475.62975
1124110588.23529 -4190971377390.49 -55840881656472.4 -3986.19638840229 -53768.9882519285 1451126475.62975
1126173176.47058 -4199193252434.71 -55951784849391.8 -3986.18986689547 -53768.9013577302 1451126475.62975
1128235764.70588 -4207415114054.55 -56062687863439.1 -3986.18337134457 -53768.8148072847 1451126475.62975
1130298352.94117 -4215636962303.37 -56173590699321.1 -3986.17690159493 -53768.7285985556 1451126475.62975
1132360941.17646 -4223858797234.24 -56284493357740.8 -3986.17045749307 -53768.6427295225 1451126475.62975
1134423529.41176 -4232080618899.91 -56395395839396.6 -3986.16403888675 -53768.5571981813 1451126475.62975
1136486117.64705 -4240302427352.79 -56506298144983 -3986.15764562493 -53768.472002543 1451126475.62975
1138548705.88235 -4248524222645.02 -56617200275190.4 -3986.15127755777 -53768.3871406348 1451126475.62975
1140611294.11764 -4256746004828.4 -56728102230705.1 -3986.14493453657 -53768.302610499 1451126475.62975
1142673882.35293 -4264967773954.44 -56839004012209.5 -3986.13861641385 -53768.2184101932 1451126475.62975
1144736470.58823 -4273189530074.35 -56949905620381.8 -3986.13232304325 -53768.1345377902 1451126475.62975
1146799058.82352 -4281411273239.03 -57060807055896.3 -3986.12605427958 -53768.0509913778 1451126475.62975
1148861647.05882 -4289633003499.08 -57171708319423.6 -3986.11980997875 -53767.9677690587 1451126475.62975
1150924235.29411 -4297854720904.82 -57282609411630.1 -3986.11358999782 -53767.8848689501 1451126475.62975
1152986823.5294 -4306076425506.25 -57393510333178.5 -3986.10739419497 -53767.8022891839 1451126475.62975
1155049411.7647 -4314298117353.11 -57504411084727.7 -3986.10122242945 -53767.7200279064 1451126475.62975
1157111999.99999 -4322519796494.83 -57615311666932.5 -3986.09507456161 -53767.6380832783 1451126475.62975
1159174588.23529 -4330741462980.56 -57726212080444.4 -3986.08895045291 -53767.5564534741 1451126475.62975
1161237176.47058 -4338963116859.15 -57837112325910.6 -3986.08284996583 -53767.4751366826 1451126475.62975
1163299764.70588 -4347184758179.2 -57948012403975.1 -3986.07677296395 -53767.3941311065 1451126475.62975
1165362352.94117 -4355406386989 -58058912315277.9 -3986.07071931188 -53767.3134349619 1451126475.62975
1167424941.17646 -4363628003336.57 -58169812060455.3 -3986.06468887526 -53767.233046479 1451126475.62975
1169487529.41176 -4371849607269.66 -58280711640140.2 -3986.05868152079 -53767.152963901 1451126475.62975
1171550117.64705 -4380071198835.74 -58391611054961.6 -3986.05269711616 -53767.0731854847 1451126475.62975
1173612705.88235 -4388292778082.01 -58502510305545.2 -3986.04673553007 -53766.9937095002 1451126475.62975
1175675294.11764 -4396514345055.41 -58613409392513.1 -3986.04079663224 -53766.9145342304 1451126475.62975
1177737882.35293 -4404735899802.59 -58724308316483.6 -3986.03488029337 -53766.8356579715 1451126475.62975
1179800470.58823 -4412957442369.96 -58835207078071.7 -3986.02898638514 -53766.7570790323 1451126475.62975
1181863058.82352 -4421178972803.65 -58946105677889.1 -3986.02311478019 -53766.6787957346 1451126475.62975
1183925647.05882 -4429400491149.52 -59057004116543.7 -3986.01726535215 -53766.6008064124 1451126475.62975
1185988235.29411 -4437621997453.2 -59167902394640.2 -3986.01143797557 -53766.5231094127 1451126475.62975
1188050823.5294 -4445843491760.03 -59278800512779.8 -3986.00563252597 -53766.4457030944 1451126475.62975
1190113411.7647 -4454064974115.12 -59389698471560.5 -3985.99984887979 -53766.368585829 1451126475.62975
1192175999.99999 -4462286444563.3 -59500596271576.7 -3985.99408691442 -53766.291756 1451126475.62975
1194238588.23529 -4470507903149.18 -59611493913419.6 -3985.98834650813 -53766.2152120029 1451126475.62975
1196301176.47058 -4478729349917.1 -59722391397677.2 -3985.98262754014 -53766.1389522453 1451126475.62975
1198363764.70588 -4486950784911.14 -59833288724934.1 -3985.97692989054 -53766.0629751463 1451126475.62975
1200426352.94117 -4495172208175.16 -59944185895771.7 -3985.97125344032 -53765.9872791371 1451126475.62975
1202488941.17646 -4503393619752.77 -60055082910768.2 -3985.96559807137 -53765.9118626602 1451126475.62975
1204551529.41176 -4511615019687.31 -60165979770498.4 -3985.95996366644 -53765.8367241696 1451126475.62975
1206614117.64705 -4519836408021.92 -60276876475534.3 -3985.95435010915 -53765.7618621308 1451126475.62975
1208676705.88235 -4528057784799.48 -60387773026444.4 -3985.94875728398 -53765.6872750205 1451126475.62975
1210739294.11764 -4536279150062.62 -60498669423794.2 -3985.94318507628 -53765.6129613267 1451126475.62975
1212801882.35293 -4544500503853.75 -60609565668146.1 -3985.93763337221 -53765.5389195482 1451126475.62975
1214864470.58823 -4552721846215.06 -60720461760059.5 -3985.93210205879 -53765.4651481951 1451126475.62975
1216927058.82352 -4560943177188.47 -60831357700090.6 -3985.92659102387 -53765.3916457881 1451126475.62975
1218989647.05882 -4569164496815.71 -60942253488792.6 -3985.92110015611 -53765.3184108589 1451126475.62975
1221052235.29411 -4577385805138.25 -61053149126715.7 -3985.91562934499 -53765.2454419496 1451126475.62975
1223114823.5294 -4585607102197.34 -61164044614407 -3985.91017848079 -53765.1727376131 1451126475.62975
1225177411.7647 -4593828388034.03 -61274939952410.9 -3985.9047474546 -53765.1002964127 1451126475.62975
1227239999.99999 -4602049662689.11 -61385835141268.5 -3985.89933615829 -53765.0281169221 1451126475.62975
1229302588.23529 -4610270926203.18 -61496730181518.3 -3985.89394448452 -53764.9561977252 1451126475.62975
1231365176.47058 -4618492178616.58 -61607625073695.6 -3985.88857232674 -53764.8845374164 1451126475.62975
1233427764.70587 -4626713419969.47 -61718519818333 -3985.88321957914 -53764.8131345997 1451126475.62975
1235490352.94117 -4634934650301.77 -61829414415960.1 -3985.8778861367 -53764.7419878896 1451126475.62975
1237552941.17646 -4643155869653.2 -61940308867103.8 -3985.87257189514 -53764.6710959103 1451126475.62975
1239615529.41176 -4651377078063.25 -62051203172288.1 -3985.86727675094 -53764.6004572959 1451126475.62975
1241678117.64705 -4659598275571.2 -62162097332034.1 -3985.86200060133 -53764.5300706901 1451126475.62975
1243740705.88235 -4667819462216.13 -62272991346860.2 -3985.85674334426 -53764.4599347465 1451126475.62975
1245803294.11764 -4676040638036.9 -62383885217282.2 -3985.85150487841 -53764.3900481281 1451126475.62975
1247865882.35293 -4684261803072.16 -62494778943812.8 -3985.84628510319 -53764.3204095075 1451126475.62975
1249928470.58823 -4692482957360.37 -62605672526962.2 -3985.84108391873 -53764.2510175666 1451126475.62975
1251991058.82352 -4700704100939.76 -62716565967238 -3985.83590122587 -53764.1818709967 1451126475.62975
1254053647.05882 -4708925233848.38 -62827459265144.7 -3985.83073692615 -53764.1129684984 1451126475.62975
1256116235.29411 -4717146356124.05 -62938352421184.6 -3985.8255909218 -53764.0443087813 1451126475.62975
1258178823.5294 -4725367467804.43 -63049245435857 -3985.82046311575 -53763.9758905642 1451126475.62975
1260241411.7647 -4733588568926.93 -63160138309658.8 -3985.81535341163 -53763.907712575 1451126475.62975
1262303999.99999 -4741809659528.81 -63271031043084.1 -3985.81026171372 -53763.8397735502 1451126475.62975
1264366588.23529 -4750030739647.1 -63381923636624.5 -3985.805187927 -53763.7720722354 1451126475.62975
1266429176.47058 -4758251809318.64 -63492816090769.1 -3985.8001319571 -53763.704607385 1451126475.62975
1268491764.70587 -4766472868580.1 -63603708406004.3 -3985.79509371032 -53763.6373777619 1451126475.62975
1270554352.94117 -4774693917467.93 -63714600582814 -3985.79007309361 -53763.5703821377 1451126475.62975
1272616941.17646 -4782914956018.39 -63825492621679.6 -3985.78507001458 -53763.5036192927 1451126475.62975
1274679529.41176 -4791135984267.57 -63936384523079.9 -3985.78008438148 -53763.4370880153 1451126475.62975
1276742117.64705 -4799357002251.35 -64047276287491.4 -3985.7751161032 -53763.3707871027 1451126475.62975
1278804705.88235 -4807578010005.44 -64158167915387.9 -3985.77016508925 -53763.3047153601 1451126475.62975
1280867294.11764 -4815799007565.36 -64269059407241 -3985.76523124979 -53763.2388716011 1451126475.62975
1282929882.35293 -4824019994966.43 -64379950763519.6 -3985.76031449559 -53763.1732546475 1451126475.62975
1284992470.58823 -4832240972243.8 -64490841984690.3 -3985.75541473804 -53763.1078633291 1451126475.62975
1287055058.82352 -4840461939432.45 -64601733071217.4 -3985.75053188913 -53763.0426964839 1451126475.62975
1289117647.05882 -4848682896567.15 -64712624023562.6 -3985.74566586149 -53762.9777529577 1451126475.62975
1291180235.29411 -4856903843682.52 -64823514842185.4 -3985.7408165683 -53762.9130316042 1451126475.62975
1293242823.5294 -4865124780812.97 -64934405527542.9 -3985.73598392339 -53762.8485312851 1451126475.62975
1295305411.7647 -4873345707992.76 -65045296080089.7 -3985.73116784115 -53762.7842508697 1451126475.62975
1297367999.99999 -4881566625255.97 -65156186500278.3 -3985.72636823655 -53762.7201892351 1451126475.62975
1299430588.23529 -4889787532636.48 -65267076788558.8 -3985.72158502517 -53762.6563452659 1451126475.62975
1301493176.47058 -4898008430168.04 -65377966945379 -3985.71681812313 -53762.5927178546 1451126475.62975
1303555764.70587 -4906229317884.19 -65488856971184.4 -3985.71206744715 -53762.5293059007 1451126475.62975
1305618352.94117 -4914450195818.31 -65599746866418.4 -3985.70733291451 -53762.4661083116 1451126475.62975
1307680941.17646 -4922671064003.62 -65710636631521.9 -3985.70261444305 -53762.4031240018 1451126475.62975
1309743529.41176 -4930891922473.16 -65821526266933.7 -3985.69791195115 -53762.3403518932 1451126475.62975
1311806117.64705 -4939112771259.8 -65932415773090.4 -3985.69322535777 -53762.277790915 1451126475.62975
1313868705.88234 -4947333610396.26 -66043305150426.4 -3985.68855458239 -53762.2154400035 1451126475.62975
1315931294.11764 -4955554439915.08 -66154194399373.9 -3985.68389954506 -53762.1532981023 1451126475.62975
1317993882.35293 -4963775259848.64 -66265083520362.9 -3985.67926016635 -53762.0913641619 1451126475.62975
1320056470.58823 -4971996070229.14 -66375972513821.2 -3985.67463636737 -53762.0296371399 1451126475.62975
1322119058.82352 -4980216871088.66 -66486861380174.6 -3985.67002806975 -53761.9681160008 1451126475.62975
1324181647.05882 -4988437662459.07 -66597750119846.7 -3985.66543519566 -53761.9067997161 1451126475.62975
1326244235.29411 -4996658444372.11 -66708638733258.9 -3985.66085766778 -53761.845687264 1451126475.62975
1328306823.5294 -5004879216859.36 -66819527220830.6 -3985.6562954093 -53761.7847776296 1451126475.62975
1330369411.7647 -5013099979952.23 -66930415582979.2 -3985.65174834395 -53761.7240698047 1451126475.62975
1332431999.99999 -5021320733681.98 -67041303820119.7 -3985.64721639593 -53761.6635627877 1451126475.62975
1334494588.23529 -5029541478079.72 -67152191932665.4 -3985.64269948996 -53761.6032555838 1451126475.62975
1336557176.47058 -5037762213176.38 -67263079921027.5 -3985.63819755127 -53761.5431472045 1451126475.62975
1338619764.70587 -5045982939002.77 -67373967785614.8 -3985.63371050557 -53761.4832366681 1451126475.62975
1340682352.94117 -5054203655589.53 -67484855526834.6 -3985.62923827907 -53761.423522999 1451126475.62975
1342744941.17646 -5062424362967.15 -67595743145091.9 -3985.62478079846 -53761.3640052284 1451126475.62975
1344807529.41176 -5070645061165.96 -67706630640789.8 -3985.62033799091 -53761.3046823936 1451126475.62975
1346870117.64705 -5078865750216.17 -67817518014329.2 -3985.61590978408 -53761.2455535383 1451126475.62975
1348932705.88234 -5087086430147.8 -67928405266109.4 -3985.6114961061 -53761.1866177123 1451126475.62975
1350995294.11764 -5095307100990.75 -68039292396527.6 -3985.60709688557 -53761.1278739718 1451126475.62975
1353057882.35293 -5103527762774.77 -68150179405978.9 -3985.60271205154 -53761.0693213789 1451126475.62975
1355120470.58823 -5111748415529.46 -68261066294856.6 -3985.59834153357 -53761.0109590021 1451126475.62975
1357183058.82352 -5119969059284.27 -68371953063552.1 -3985.59398526162 -53760.9527859157 1451126475.62975
1359245647.05882 -5128189694068.52 -68482839712455 -3985.58964316616 -53760.8948012001 1451126475.62975
1361308235.29411 -5136410319911.38 -68593726241952.7 -3985.58531517808 -53760.8370039416 1451126475.62975
1363370823.5294 -5144630936841.87 -68704612652431 -3985.58100122872 -53760.7793932325 1451126475.62975
1365433411.7647 -5152851544888.88 -68815498944273.8 -3985.57670124987 -53760.7219681708 1451126475.62975
1367495999.99999 -5161072144081.15 -68926385117863 -3985.57241517378 -53760.6647278604 1451126475.62975
1369558588.23529 -5169292734447.29 -69037271173578.7 -3985.5681429331 -53760.6076714111 1451126475.62975
1371621176.47058 -5177513316015.77 -69148157111799.4 -3985.56388446095 -53760.550797938 1451126475.62975
1373683764.70587 -5185733888814.92 -69259042932901.4 -3985.55963969085 -53760.4941065623 1451126475.62975
1375746352.94117 -5193954452872.92 -69369928637259.6 -3985.55540855677 -53760.4375964107 1451126475.62975
1377808941.17646 -5202175008217.85 -69480814225246.7 -3985.55119099309 -53760.3812666153 1451126475.62975
1379871529.41176 -5210395554877.62 -69591699697233.9 -3985.54698693463 -53760.3251163138 1451126475.62975
1381934117.64705 -5218616092880.02 -69702585053590.5 -3985.54279631659 -53760.2691446497 1451126475.62975
1383996705.88234 -5226836622252.7 -69813470294684.1 -3985.53861907463 -53760.2133507714 1451126475.62975
1386059294.11764 -5235057143023.2 -69924355420880.6 -3985.53445514479 -53760.1577338332 1451126475.62975
1388121882.35293 -5243277655218.89 -70035240432543.9 -3985.53030446352 -53760.1022929945 1451126475.62975
1390184470.58823 -5251498158867.05 -70146125330036.5 -3985.52616696768 -53760.04702742 1451126475.62975
1392247058.82352 -5259718653994.8 -70257010113719.1 -3985.52204259452 -53759.9919362798 1451126475.62975
1394309647.05882 -5267939140629.15 -70367894783950.4 -3985.51793128171 -53759.9370187491 1451126475.62975
1396372235.29411 -5276159618796.97 -70478779341087.9 -3985.5138329673 -53759.8822740085 1451126475.62975
1398434823.5294 -5284380088525.01 -70589663785487 -3985.50974758972 -53759.8277012436 1451126475.62975
1400497411.7647 -5292600549839.88 -70700548117501.6 -3985.5056750878 -53759.773299645 1451126475.62975
1402559999.99999 -5300821002768.09 -70811432337484 -3985.50161540077 -53759.7190684086 1451126475.62975
1404622588.23529 -5309041447335.99 -70922316445784.7 -3985.49756846822 -53759.6650067353 1451126475.62975
1406685176.47058 -5317261883569.85 -71033200442752.5 -3985.49353423012 -53759.6111138307 1451126475.62975
1408747764.70587 -5325482311495.77 -71144084328734.9 -3985.48951262683 -53759.5573889058 1451126475.62975
1410810352.94117 -5333702731139.76 -71254968104077.4 -3985.48550359907 -53759.5038311761 1451126475.62975
1412872941.17646 -5341923142527.69 -71365851769124.2 -3985.48150708794 -53759.4504398624 1451126475.62975
1414935529.41176 -5350143545685.33 -71476735324217.6 -3985.4775230349 -53759.3972141898 1451126475.62975
1416998117.64705 -5358363940638.3 -71587618769698.5 -3985.47355138178 -53759.3441533888 1451126475.62975
1419060705.88234 -5366584327412.12 -71698502105906.2 -3985.46959207076 -53759.2912566941 1451126475.62975
1421123294.11764 -5374804706032.2 -71809385333178.4 -3985.4656450444 -53759.2385233456 1451126475.62975
1423185882.35293 -5383025076523.8 -71920268451851.3 -3985.4617102456 -53759.1859525876 1451126475.62975
1425248470.58823 -5391245438912.1 -72031151462259.3 -3985.45778761762 -53759.1335436692 1451126475.62975
1427311058.82352 -5399465793222.14 -72142034364735.6 -3985.45387710406 -53759.0812958439 1451126475.62975
1429373647.05881 -5407686139478.84 -72252917159611.6 -3985.44997864888 -53759.0292083701 1451126475.62975
1431436235.29411 -5415906477707.02 -72363799847217.4 -3985.44609219638 -53758.9772805105 1451126475.62975
1433498823.5294 -5424126807931.38 -72474682427881.3 -3985.44221769121 -53758.9255115324 1451126475.62975
1435561411.7647 -5432347130176.5 -72585564901930.4 -3985.43835507835 -53758.8739007076 1451126475.62975
1437623999.99999 -5440567444466.87 -72696447269690 -3985.43450430312 -53758.8224473124 1451126475.62975
1439686588.23529 -5448787750826.83 -72807329531484.3 -3985.43066531117 -53758.7711506272 1451126475.62975
1441749176.47058 -5457008049280.63 -72918211687635.6 -3985.42683804849 -53758.7200099373 1451126475.62975
1443811764.70587 -5465228339852.42 -73029093738465 -3985.42302246141 -53758.6690245319 1451126475.62975
1445874352.94117 -5473448622566.22 -73139975684292 -3985.41921849656 -53758.6181937046 1451126475.62975
1447936941.17646 -5481668897445.95 -73250857525434.8 -3985.41542610091 -53758.5675167534 1451126475.62975
1449999529.41176 -5489889164515.41 -73361739262210 -3985.41164522176 -53758.5169929806 1451126475.62975
1452062117.64705 -5498109423798.31 -73472620894932.8 -3985.40787580672 -53758.4666216925 1451126475.62975
1454124705.88234 -5506329675318.23 -73583502423917 -3985.40411780371 -53758.4164021996 1451126475.62975
1456187294.11764 -5514549919098.67 -73694383849475.1 -3985.40037116099 -53758.3663338168 1451126475.62975
1458249882.35293 -5522770155162.99 -73805265171918 -3985.39663582709 -53758.3164158628 1451126475.62975
1460312470.58823 -5530990383534.48 -73916146391555.2 -3985.3929117509 -53758.2666476607 1451126475.62975
1462375058.82352 -5539210604236.3 -74027027508695 -3985.38919888158 -53758.2170285373 1451126475.62975
1464437647.05881 -5547430817291.51 -74137908523644.2 -3985.38549716862 -53758.1675578238 1451126475.62975
1466500235.29411 -5555651022723.08 -74248789436708.1 -3985.38180656179 -53758.1182348551 1451126475.62975
1468562823.5294 -5563871220553.85 -74359670248190.8 -3985.37812701119 -53758.0690589703 1451126475.62975
1470625411.7647 -5572091410806.59 -74470550958395.1 -3985.37445846719 -53758.0200295123 1451126475.62975
1472687999.99999 -5580311593503.94 -74581431567622.2 -3985.37080088047 -53757.9711458279 1451126475.62975
1474750588.23529 -5588531768668.45 -74692312076172.2 -3985.367154202 -53757.9224072678 1451126475.62975
1476813176.47058 -5596751936322.58 -74803192484343.7 -3985.36351838306 -53757.8738131866 1451126475.62975
1478875764.70587 -5604972096488.66 -74914072792434.1 -3985.35989337519 -53757.8253629426 1451126475.62975
1480938352.94117 -5613192249188.95 -75024953000739.3 -3985.35627913024 -53757.7770558982 1451126475.62975
1483000941.17646 -5621412394445.61 -75135833109554.2 -3985.35267560034 -53757.7288914191 1451126475.62975
1485063529.41176 -5629632532280.67 -75246713119172.1 -3985.3490827379 -53757.6808688751 1451126475.62975
1487126117.64705 -5637852662716.1 -75357593029885 -3985.34550049561 -53757.6329876397 1451126475.62975
1489188705.88234 -5646072785773.75 -75468472841983.9 -3985.34192882645 -53757.5852470898 1451126475.62975
1491251294.11764 -5654292901475.38 -75579352555758.3 -3985.33836768366 -53757.5376466063 1451126475.62975
1493313882.35293 -5662513009842.65 -75690232171496.3 -3985.33481702078 -53757.4901855734 1451126475.62975
1495376470.58823 -5670733110897.14 -75801111689485.1 -3985.3312767916 -53757.4428633792 1451126475.62975
1497439058.82352 -5678953204660.32 -75911991110010.4 -3985.32774695018 -53757.3956794152 1451126475.62975
1499501647.05881 -5687173291153.55 -76022870433356.6 -3985.32422745088 -53757.3486330764 1451126475.62975
1501564235.29411 -5695393370398.14 -76133749659807 -3985.32071824829 -53757.3017237617 1451126475.62975
1503626823.5294 -5703613442415.27 -76244628789643.5 -3985.31721929729 -53757.2549508729 1451126475.62975
1505689411.7647 -5711833507226.03 -76355507823147.1 -3985.31373055301 -53757.2083138158 1451126475.62975
1507751999.99999 -5720053564851.44 -76466386760597.2 -3985.31025197084 -53757.1618119994 1451126475.62975
1509814588.23528 -5728273615312.41 -76577265602272.2 -3985.30678350646 -53757.1154448361 1451126475.62975
1511877176.47058 -5736493658629.77 -76688144348449.1 -3985.30332511576 -53757.0692117419 1451126475.62975
1513939764.70587 -5744713694824.23 -76799022999404 -3985.29987675492 -53757.0231121359 1451126475.62975
1516002352.94117 -5752933723916.46 -76909901555411.5 -3985.29643838036 -53756.9771454408 1451126475.62975
1518064941.17646 -5761153745927 -77020780016745.3 -3985.29300994875 -53756.9313110825 1451126475.62975
1520127529.41176 -5769373760876.31 -77131658383677.7 -3985.28959141703 -53756.8856084901 1451126475.62975
1522190117.64705 -5777593768784.77 -77242536656479.8 -3985.28618274236 -53756.8400370962 1451126475.62975
1524252705.88234 -5785813769672.66 -77353414835421.7 -3985.28278388218 -53756.7945963366 1451126475.62975
1526315294.11764 -5794033763560.2 -77464292920772.2 -3985.27939479413 -53756.7492856502 1451126475.62975
1528377882.35293 -5802253750467.48 -77575170912799.2 -3985.27601543614 -53756.7041044792 1451126475.62975
1530440470.58823 -5810473730414.53 -77686048811769.1 -3985.27264576635 -53756.659052269 1451126475.62975
1532503058.82352 -5818693703421.3 -77796926617947.3 -3985.26928574315 -53756.6141284681 1451126475.62975
1534565647.05881 -5826913669507.64 -77907804331598.2 -3985.26593532517 -53756.5693325283 1451126475.62975
1536628235.29411 -5835133628693.32 -78018681952985 -3985.26259447127 -53756.5246639042 1451126475.62975
1538690823.5294 -5843353580998.02 -78129559482369.5 -3985.25926314057 -53756.4801220539 1451126475.62975
1540753411.7647 -5851573526441.34 -78240436920012.9 -3985.25594129237 -53756.4357064382 1451126475.62975
1542815999.99999 -5859793465042.8 -78351314266174.9 -3985.25262888626 -53756.3914165212 1451126475.62975
1544878588.23528 -5868013396821.83 -78462191521114.1 -3985.24932588201 -53756.3472517699 1451126475.62975
1546941176.47058 -5876233321797.79 -78573068685088.3 -3985.24603223966 -53756.3032116545 1451126475.62975
1549003764.70587 -5884453239989.94 -78683945758354 -3985.24274791945 -53756.2592956478 1451126475.62975
1551066352.94117 -5892673151417.47 -78794822741166.5 -3985.23947288185 -53756.2155032261 1451126475.62975
1553128941.17646 -5900893056099.49 -78905699633780.4 -3985.23620708755 -53756.1718338681 1451126475.62975
1555191529.41176 -5909112954055.02 -79016576436448.8 -3985.23295049748 -53756.1282870559 1451126475.62975
1557254117.64705 -5917332845303 -79127453149424 -3985.22970307277 -53756.0848622741 1451126475.62975
1559316705.88234 -5925552729862.3 -79238329772957.1 -3985.22646477477 -53756.0415590105 1451126475.62975
1561379294.11764 -5933772607751.7 -79349206307298.3 -3985.22323556506 -53755.9983767557 1451126475.62975
1563441882.35293 -5941992478989.91 -79460082752696.7 -3985.22001540542 -53755.9553150029 1451126475.62975
1565504470.58823 -5950212343595.56 -79570959109400.3 -3985.21680425786 -53755.9123732483 1451126475.62975
1567567058.82352 -5958432201587.2 -79681835377656 -3985.21360208459 -53755.8695509911 1451126475.62975
1569629647.05881 -5966652052983.29 -79792711557709.9 -3985.21040884803 -53755.826847733 1451126475.62975
1571692235.29411 -5974871897802.24 -79903587649806.8 -3985.20722451082 -53755.7842629786 1451126475.62975
1573754823.5294 -5983091736062.36 -80014463654190.7 -3985.20404903581 -53755.7417962351 1451126475.62975
1575817411.7647 -5991311567781.88 -80125339571104.4 -3985.20088238604 -53755.6994470127 1451126475.62975
1577879999.99999 -5999531392978.99 -80236215400790 -3985.19772452476 -53755.657214824 1451126475.62975
1579942588.23528 -6007751211671.75 -80347091143488.2 -3985.19457541544 -53755.6150991845 1451126475.62975
1582005176.47058 -6015971023878.2 -80457966799438.9 -3985.19143502173 -53755.5730996123 1451126475.62975
1584067764.70587 -6024190829616.26 -80568842368881.1 -3985.1883033075 -53755.5312156281 1451126475.62975
1586130352.94117 -6032410628903.81 -80679717852052.7 -3985.1851802368 -53755.4894467554 1451126475.62975
1588192941.17646 -6040630421758.63 -80790593249190.7 -3985.1820657739 -53755.4477925202 1451126475.62975
1590255529.41175 -6048850208198.44 -80901468560530.9 -3985.17895988325 -53755.4062524511 1451126475.62975
1592318117.64705 -6057069988240.89 -81012343786308.3 -3985.17586252951 -53755.3648260793 1451126475.62975
1594380705.88234 -6065289761903.55 -81123218926757.1 -3985.17277367751 -53755.3235129385 1451126475.62975
1596443294.11764 -6073509529203.92 -81234093982110.3 -3985.1696932923 -53755.2823125651 1451126475.62975
1598505882.35293 -6081729290159.42 -81344968952600 -3985.1666213391 -53755.2412244979 1451126475.62975
1600568470.58823 -6089949044787.41 -81455843838457.3 -3985.16355778334 -53755.2002482781 1451126475.62975
1602631058.82352 -6098168793105.18 -81566718639912.5 -3985.16050259062 -53755.1593834498 1451126475.62975
1604693647.05881 -6106388535129.94 -81677593357194.9 -3985.15745572675 -53755.1186295591 1451126475.62975
1606756235.29411 -6114608270878.84 -81788467990532.8 -3985.1544171577 -53755.0779861549 1451126475.62975
1608818823.5294 -6122828000368.94 -81899342540153.7 -3985.15138684963 -53755.0374527883 1451126475.62975
1610881411.7647 -6131047723617.26 -82010217006284 -3985.14836476891 -53754.9970290131 1451126475.62975
1612943999.99999 -6139267440640.72 -82121091389149.4 -3985.14535088207 -53754.9567143852 1451126475.62975
1615006588.23528 -6147487151456.2 -82231965688974.4 -3985.14234515581 -53754.9165084633 1451126475.62975
1617069176.47058 -6155706856080.49 -82342839905983 -3985.13934755705 -53754.8764108079 1451126475.62975
1619131764.70587 -6163926554530.32 -82453714040397.8 -3985.13635805284 -53754.8364209825 1451126475.62975
1621194352.94117 -6172146246822.36 -82564588092441 -3985.13337661044 -53754.7965385525 1451126475.62975
1623256941.17646 -6180365932973.19 -82675462062333.5 -3985.13040319728 -53754.7567630857 1451126475.62975
1625319529.41175 -6188585612999.35 -82786335950295.5 -3985.12743778097 -53754.7170941525 1451126475.62975
1627382117.64705 -6196805286917.3 -82897209756546.3 -3985.12448032928 -53754.6775313252 1451126475.62975
1629444705.88234 -6205024954743.43 -83008083481304.4 -3985.12153081015 -53754.6380741786 1451126475.62975
1631507294.11764 -6213244616494.06 -83118957124787.3 -3985.11858919172 -53754.5987222899 1451126475.62975
1633569882.35293 -6221464272185.47 -83229830687211.6 -3985.11565544228 -53754.5594752382 1451126475.62975
1635632470.58823 -6229683921833.86 -83340704168793.2 -3985.11272953028 -53754.5203326051 1451126475.62975
1637695058.82352 -6237903565455.34 -83451577569746.9 -3985.10981142436 -53754.4812939745 1451126475.62975
1639757647.05881 -6246123203066 -83562450890287 -3985.10690109331 -53754.4423589322 1451126475.62975
1641820235.29411 -6254342834681.83 -83673324130626.5 -3985.1039985061 -53754.4035270664 1451126475.62975
1643882823.5294 -6262562460318.79 -83784197290978 -3985.10110363186 -53754.3647979675 1451126475.62975
1645945411.7647 -6270782079992.73 -83895070371552.9 -3985.09821643989 -53754.326171228 1451126475.62975
1648007999.99999 -6279001693719.49 -84005943372562 -3985.09533689962 -53754.2876464425 1451126475.62975
1650070588.23528 -6287221301514.8 -84116816294215 -3985.09246498069 -53754.2492232079 1451126475.62975
1652133176.47058 -6295440903394.36 -84227689136721.2 -3985.08960065287 -53754.210901123 1451126475.62975
1654195764.70587 -6303660499373.8 -84338561900288.7 -3985.0867438861 -53754.172679789 1451126475.62975
1656258352.94117 -6311880089468.67 -84449434585124.8 -3985.08389465047 -53754.1345588089 1451126475.62975
1658320941.17646 -6320099673694.49 -84560307191436.2 -3985.08105291624 -53754.096537788 1451126475.62975
1660383529.41175 -6328319252066.69 -84671179719428.7 -3985.07821865382 -53754.0586163336 1451126475.62975
1662446117.64705 -6336538824600.65 -84782052169307.1 -3985.07539183377 -53754.0207940549 1451126475.62975
1664508705.88234 -6344758391311.7 -84892924541275.7 -3985.07257242681 -53753.9830705633 1451126475.62975
1666571294.11764 -6352977952215.09 -85003796835537.9 -3985.06976040382 -53753.9454454724 1451126475.62975
1668633882.35293 -6361197507326.02 -85114669052296.1 -3985.06695573582 -53753.9079183974 1451126475.62975
1670696470.58822 -6369417056659.65 -85225541191752.1 -3985.06415839399 -53753.8704889558 1451126475.62975
1672759058.82352 -6377636600231.03 -85336413254107 -3985.06136834965 -53753.833156767 1451126475.62975
1674821647.05881 -6385856138055.21 -85447285239561 -3985.05858557429 -53753.7959214525 1451126475.62975
1676884235.29411 -6394075670147.14 -85558157148313.3 -3985.05581003952 -53753.7587826355 1451126475.62975
1678946823.5294 -6402295196521.72 -85669028980562.8 -3985.05304171713 -53753.7217399413 1451126475.62975
1681009411.7647 -6410514717193.81 -85779900736507.3 -3985.05028057903 -53753.6847929973 1451126475.62975
1683071999.99999 -6418734232178.2 -85890772416343.9 -3985.04752659728 -53753.6479414325 1451126475.62975
1685134588.23528 -6426953741489.61 -86001644020268.9 -3985.0447797441 -53753.611184878 1451126475.62975
1687197176.47058 -6435173245142.72 -86112515548478 -3985.04203999183 -53753.5745229668 1451126475.62975
1689259764.70587 -6443392743152.15 -86223387001165.9 -3985.03930731298 -53753.5379553338 1451126475.62975
1691322352.94117 -6451612235532.46 -86334258378526.8 -3985.03658168018 -53753.5014816158 1451126475.62975
1693384941.17646 -6459831722298.16 -86445129680753.9 -3985.03386306622 -53753.4651014512 1451126475.62975
1695447529.41175 -6468051203463.69 -86556000908039.9 -3985.031151444 -53753.4288144807 1451126475.62975
1697510117.64705 -6476270679043.45 -86666872060576.7 -3985.0284467866 -53753.3926203464 1451126475.62975
1699572705.88234 -6484490149051.77 -86777743138555.2 -3985.0257490672 -53753.3565186925 1451126475.62975
1701635294.11764 -6492709613502.94 -86888614142166 -3985.02305825914 -53753.3205091649 1451126475.62975
1703697882.35293 -6500929072411.18 -86999485071598.7 -3985.02037433589 -53753.2845914114 1451126475.62975
1705760470.58822 -6509148525790.68 -87110355927042.2 -3985.01769727105 -53753.2487650816 1451126475.62975
1707823058.82352 -6517367973655.54 -87221226708684.8 -3985.01502703838 -53753.2130298267 1451126475.62975
1709885647.05881 -6525587416019.84 -87332097416713.8 -3985.01236361173 -53753.1773852999 1451126475.62975
1711948235.29411 -6533806852897.58 -87442968051316.1 -3985.00970696512 -53753.1418311559 1451126475.62975
1714010823.5294 -6542026284302.72 -87553838612677.8 -3985.00705707269 -53753.1063670515 1451126475.62975
1716073411.7647 -6550245710249.17 -87664709100984.1 -3985.00441390871 -53753.070992645 1451126475.62975
1718135999.99999 -6558465130750.77 -87775579516419.9 -3985.00177744758 -53753.0357075963 1451126475.62975
1720198588.23528 -6566684545821.34 -87886449859169 -3984.99914766384 -53753.0005115674 1451126475.62975
1722261176.47058 -6574903955474.6 -87997320129414.7 -3984.99652453214 -53752.9654042216 1451126475.62975
1724323764.70587 -6583123359724.27 -88108190327339.6 -3984.99390802727 -53752.9303852242 1451126475.62975
1726386352.94117 -6591342758583.97 -88219060453125.5 -3984.99129812415 -53752.8954542421 1451126475.62975
1728448941.17646 -6599562152067.31 -88329930506953.7 -3984.98869479782 -53752.8606109437 1451126475.62975
1730511529.41175 -6607781540187.82 -88440800489004.7 -3984.98609802344 -53752.8258549993 1451126475.62975
1732574117.64705 -6616000922958.99 -88551670399458.2 -3984.98350777632 -53752.7911860808 1451126475.62975
1734636705.88234 -6624220300394.25 -88662540238493.5 -3984.98092403186 -53752.7566038615 1451126475.62975
1736699294.11764 -6632439672507 -88773410006289.1 -3984.97834676561 -53752.7221080168 1451126475.62975
1738761882.35293 -6640659039310.57 -88884279703022.8 -3984.97577595323 -53752.6876982232 1451126475.62975
1740824470.58822 -6648878400818.25 -88995149328871.6 -3984.97321157051 -53752.6533741592 1451126475.62975
1742887058.82352 -6657097757043.27 -89106018884012.2 -3984.97065359334 -53752.6191355047 1451126475.62975
1744949647.05881 -6665317107998.82 -89216888368620.4 -3984.96810199776 -53752.5849819413 1451126475.62975
1747012235.29411 -6673536453698.05 -89327757782871.3 -3984.96555675991 -53752.5509131521 1451126475.62975
1749074823.5294 -6681755794154.03 -89438627126939.5 -3984.96301785605 -53752.5169288218 1451126475.62975
1751137411.76469 -6689975129379.81 -89549496400998.9 -3984.96048526257 -53752.4830286367 1451126475.62975
1753199999.99999 -6698194459388.38 -89660365605222.6 -3984.95795895596 -53752.4492122846 1451126475.62975
1755262588.23528 -6706413784192.68 -89771234739783.3 -3984.95543891285 -53752.4154794548 1451126475.62975
1757325176.47058 -6714633103805.62 -89882103804852.9 -3984.95292510996 -53752.3818298383 1451126475.62975
1759387764.70587 -6722852418240.02 -89992972800602.8 -3984.95041752413 -53752.3482631275 1451126475.62975
1761450352.94117 -6731071727508.71 -90103841727203.6 -3984.94791613234 -53752.3147790162 1451126475.62975
1763512941.17646 -6739291031624.41 -90214710584825.5 -3984.94542091165 -53752.2813772001 1451126475.62975
1765575529.41175 -6747510330599.86 -90325579373637.7 -3984.94293183925 -53752.2480573758 1451126475.62975
1767638117.64705 -6755729624447.69 -90436448093809.1 -3984.94044889245 -53752.214819242 1451126475.62975
1769700705.88234 -6763948913180.52 -90547316745508 -3984.93797204866 -53752.1816624985 1451126475.62975
1771763294.11764 -6772168196810.92 -90658185328901.8 -3984.93550128539 -53752.1485868466 1451126475.62975
1773825882.35293 -6780387475351.4 -90769053844157.6 -3984.93303658028 -53752.1155919892 1451126475.62975
1775888470.58822 -6788606748814.44 -90879922291441.6 -3984.93057791107 -53752.0826776305 1451126475.62975
1777951058.82352 -6796826017212.46 -90990790670919.6 -3984.92812525562 -53752.0498434763 1451126475.62975
1780013647.05881 -6805045280557.85 -91101658982756.7 -3984.92567859189 -53752.0170892338 1451126475.62975
1782076235.29411 -6813264538862.93 -91212527227117.5 -3984.92323789793 -53751.9844146114 1451126475.62975
1784138823.5294 -6821483792140.01 -91323395404165.8 -3984.92080315193 -53751.9518193192 1451126475.62975
1786201411.76469 -6829703040401.33 -91434263514065.1 -3984.91837433217 -53751.9193030685 1451126475.62975
1788263999.99999 -6837922283659.08 -91545131556978 -3984.91595141703 -53751.8868655723 1451126475.62975
1790326588.23528 -6846141521925.43 -91655999533066.6 -3984.91353438501 -53751.8545065446 1451126475.62975
1792389176.47058 -6854360755212.49 -91766867442492.6 -3984.91112321469 -53751.822225701 1451126475.62975
1794451764.70587 -6862579983532.32 -91877735285416.9 -3984.90871788478 -53751.7900227585 1451126475.62975
1796514352.94117 -6870799206896.95 -91988603061999.8 -3984.90631837408 -53751.7578974353 1451126475.62975
1798576941.17646 -6879018425318.36 -92099470772401.3 -3984.9039246615 -53751.7258494512 1451126475.62975
1800639529.41175 -6887237638808.49 -92210338416780.5 -3984.90153672604 -53751.693878527 1451126475.62975
1802702117.64705 -6895456847379.23 -92321205995296.1 -3984.89915454681 -53751.6619843853 1451126475.62975
1804764705.88234 -6903676051042.43 -92432073508106.1 -3984.89677810302 -53751.6301667496 1451126475.62975
1806827294.11764 -6911895249809.91 -92542940955368.1 -3984.89440737397 -53751.598425345 1451126475.62975
1808889882.35293 -6920114443693.43 -92653808337239.1 -3984.89204233908 -53751.5667598978 1451126475.62975
1810952470.58822 -6928333632704.71 -92764675653875.3 -3984.88968297785 -53751.5351701357 1451126475.62975
1813015058.82352 -6936552816855.42 -92875542905432.8 -3984.88732926988 -53751.5036557874 1451126475.62975
1815077647.05881 -6944771996157.23 -92986410092066.6 -3984.88498119489 -53751.4722165834 1451126475.62975
1817140235.29411 -6952991170621.71 -93097277213931.6 -3984.88263873266 -53751.440852255 1451126475.62975
1819202823.5294 -6961210340260.43 -93208144271181.8 -3984.8803018631 -53751.4095625352 1451126475.62975
1821265411.76469 -6969429505084.9 -93319011263971 -3984.8779705662 -53751.3783471578 1451126475.62975
1823327999.99999 -6977648665106.59 -93429878192452.1 -3984.87564482204 -53751.3472058584 1451126475.62975
1825390588.23528 -6985867820336.94 -93540745056777.8 -3984.8733246108 -53751.3161383733 1451126475.62975
1827453176.47058 -6994086970787.34 -93651611857099.9 -3984.87100991277 -53751.2851444406 1451126475.62975
1829515764.70587 -7002306116469.14 -93762478593569.9 -3984.86870070831 -53751.2542237991 1451126475.62975
1831578352.94116 -7010525257393.65 -93873345266338.7 -3984.86639697789 -53751.2233761893 1451126475.62975
1833640941.17646 -7018744393572.14 -93984211875556.7 -3984.86409870206 -53751.1926013526 1451126475.62975
1835703529.41175 -7026963525015.84 -94095078421373.8 -3984.86180586147 -53751.1618990318 1451126475.62975
1837766117.64705 -7035182651735.95 -94205944903939.1 -3984.85951843685 -53751.1312689709 1451126475.62975
1839828705.88234 -7043401773743.61 -94316811323401.5 -3984.85723640905 -53751.1007109149 1451126475.62975
1841891294.11764 -7051620891049.93 -94427677679909.3 -3984.85495975897 -53751.0702246103 1451126475.62975
1843953882.35293 -7059840003666 -94538543973610.2 -3984.85268846763 -53751.0398098046 1451126475.62975
1846016470.58822 -7068059111602.83 -94649410204651.3 -3984.85042251613 -53751.0094662465 1451126475.62975
1848079058.82352 -7076278214871.43 -94760276373179.5 -3984.84816188566 -53750.979193686 1451126475.62975
1850141647.05881 -7084497313482.76 -94871142479340.9 -3984.84590655749 -53750.948991874 1451126475.62975
1852204235.29411 -7092716407447.72 -94982008523281 -3984.84365651299 -53750.9188605629 1451126475.62975
1854266823.5294 -7100935496777.2 -95092874505145.2 -3984.8414117336 -53750.888799506 1451126475.62975
1856329411.76469 -7109154581482.03 -95203740425078.1 -3984.83917220088 -53750.8588084578 1451126475.62975
1858391999.99999 -7117373661573.03 -95314606283223.8 -3984.83693789643 -53750.8288871741 1451126475.62975
1860454588.23528 -7125592737060.96 -95425472079725.9 -3984.83470880198 -53750.7990354117 1451126475.62975
1862517176.47058 -7133811807956.53 -95536337814727.6 -3984.83248489932 -53750.7692529285 1451126475.62975
1864579764.70587 -7142030874270.46 -95647203488371.6 -3984.83026617032 -53750.7395394835 1451126475.62975
1866642352.94116 -7150249936013.37 -95758069100799.9 -3984.82805259696 -53750.709894837 1451126475.62975
1868704941.17646 -7158468993195.9 -95868934652154.3 -3984.82584416128 -53750.6803187503 1451126475.62975
1870767529.41175 -7166688045828.62 -95979800142575.9 -3984.8236408454 -53750.6508109857 1451126475.62975
1872830117.64705 -7174907093922.07 -96090665572205.4 -3984.82144263156 -53750.6213713068 1451126475.62975
1874892705.88234 -7183126137486.75 -96201530941183 -3984.81924950203 -53750.5919994781 1451126475.62975
1876955294.11764 -7191345176533.14 -96312396249648.3 -3984.81706143921 -53750.5626952653 1451126475.62975
1879017882.35293 -7199564211071.67 -96423261497740.7 -3984.81487842555 -53750.5334584352 1451126475.62975
1881080470.58822 -7207783241112.73 -96534126685598.8 -3984.81270044359 -53750.5042887556 1451126475.62975
1883143058.82352 -7216002266666.69 -96644991813360.9 -3984.81052747595 -53750.4751859953 1451126475.62975
1885205647.05881 -7224221287743.87 -96755856881164.8 -3984.80835950533 -53750.4461499243 1451126475.62975
1887268235.29411 -7232440304354.55 -96866721889147.9 -3984.80619651452 -53750.4171803136 1451126475.62975
1889330823.5294 -7240659316508.99 -96977586837446.9 -3984.80403848637 -53750.3882769352 1451126475.62975
1891393411.76469 -7248878324217.42 -97088451726198.3 -3984.80188540382 -53750.3594395623 1451126475.62975
1893455999.99999 -7257097327490.01 -97199316555537.9 -3984.79973724988 -53750.330667969 1451126475.62975
1895518588.23528 -7265316326336.9 -97310181325601.2 -3984.79759400766 -53750.3019619303 1451126475.62975
1897581176.47058 -7273535320768.23 -97421046036523.2 -3984.79545566031 -53750.2733212225 1451126475.62975
1899643764.70587 -7281754310794.05 -97531910688438.3 -3984.7933221911 -53750.2447456228 1451126475.62975
1901706352.94116 -7289973296424.43 -97642775281480.8 -3984.79119358334 -53750.2162349094 1451126475.62975
1903768941.17646 -7298192277669.36 -97753639815784.1 -3984.78906982044 -53750.1877888614 1451126475.62975
1905831529.41175 -7306411254538.83 -97864504291481.4 -3984.78695088586 -53750.1594072592 1451126475.62975
1907894117.64705 -7314630227042.77 -97975368708705.4 -3984.78483676316 -53750.1310898838 1451126475.62975
1909956705.88234 -7322849195191.1 -98086233067588.4 -3984.78272743597 -53750.1028365176 1451126475.62975
1912019294.11764 -7331068158993.68 -98197097368262.2 -3984.78062288799 -53750.0746469437 1451126475.62975
1914081882.35293 -7339287118460.37 -98307961610858 -3984.77852310298 -53750.0465209462 1451126475.62975
1916144470.58822 -7347506073600.96 -98418825795507 -3984.77642806479 -53750.0184583102 1451126475.62975
1918207058.82352 -7355725024425.23 -98529689922339.4 -3984.77433775736 -53749.990458822 1451126475.62975
1920269647.05881 -7363943970942.92 -98640553991485.3 -3984.77225216466 -53749.9625222685 1451126475.62975
1922332235.29411 -7372162913163.74 -98751418003074.3 -3984.77017127076 -53749.9346484377 1451126475.62975
1924394823.5294 -7380381851097.37 -98862281957235.7 -3984.7680950598 -53749.9068371187 1451126475.62975
1926457411.76469 -7388600784753.44 -98973145854098 -3984.76602351598 -53749.8790881013 1451126475.62975
1928519999.99999 -7396819714141.57 -99084009693789.5 -3984.76395662359 -53749.8514011763 1451126475.62975
1930582588.23528 -7405038639271.34 -99194873476438.3 -3984.76189436697 -53749.8237761357 1451126475.62975
1932645176.47058 -7413257560152.29 -99305737202171.5 -3984.75983673054 -53749.7962127721 1451126475.62975
1934707764.70587 -7421476476793.93 -99416600871116.4 -3984.75778369879 -53749.7687108791 1451126475.62975
1936770352.94116 -7429695389205.75 -99527464483399.3 -3984.75573525628 -53749.7412702513 1451126475.62975
1938832941.17646 -7437914297397.2 -99638328039146.6 -3984.75369138764 -53749.7138906842 1451126475.62975
1940895529.41175 -7446133201377.69 -99749191538483.9 -3984.75165207756 -53749.6865719742 1451126475.62975
1942958117.64705 -7454352101156.61 -99860054981536.5 -3984.74961731081 -53749.6593139185 1451126475.62975
1945020705.88234 -7462570996743.32 -99970918368429.4 -3984.74758707221 -53749.6321163154 1451126475.62975
1947083294.11763 -7470789888147.13 -100081781699287 -3984.74556134667 -53749.6049789639 1451126475.62975
1949145882.35293 -7479008775377.36 -100192644974233 -3984.74354011915 -53749.5779016641 1451126475.62975
1951208470.58822 -7487227658443.24 -100303508193392 -3984.7415233747 -53749.5508842167 1451126475.62975
1953271058.82352 -7495446537354.03 -100414371356887 -3984.73951109839 -53749.5239264236 1451126475.62975
1955333647.05881 -7503665412118.91 -100525234464840 -3984.73750327541 -53749.4970280873 1451126475.62975
1957396235.29411 -7511884282747.06 -100636097517374 -3984.73549989098 -53749.4701890113 1451126475.62975
1959458823.5294 -7520103149247.62 -100746960514610 -3984.7335009304 -53749.4434089999 1451126475.62975
1961521411.76469 -7528322011629.7 -100857823456672 -3984.73150637903 -53749.4166878585 1451126475.62975
1963583999.99999 -7536540869902.37 -100968686343679 -3984.72951622229 -53749.390025393 1451126475.62975
1965646588.23528 -7544759724074.69 -101079549175753 -3984.72753044568 -53749.3634214103 1451126475.62975
1967709176.47058 -7552978574155.67 -101190411953015 -3984.72554903475 -53749.3368757183 1451126475.62975
1969771764.70587 -7561197420154.31 -101301274675583 -3984.72357197512 -53749.3103881255 1451126475.62975
1971834352.94116 -7569416262079.56 -101412137343578 -3984.72159925246 -53749.2839584413 1451126475.62975
1973896941.17646 -7577635099940.36 -101522999957119 -3984.71963085252 -53749.2575864761 1451126475.62975
1975959529.41175 -7585853933745.61 -101633862516325 -3984.7176667611 -53749.231272041 1451126475.62975
1978022117.64705 -7594072763504.18 -101744725021314 -3984.71570696408 -53749.2050149478 1451126475.62975
1980084705.88234 -7602291589224.91 -101855587472204 -3984.71375144737 -53749.1788150093 1451126475.62975
1982147294.11763 -7610510410916.61 -101966449869114 -3984.71180019698 -53749.1526720391 1451126475.62975
1984209882.35293 -7618729228588.08 -102077312212160 -3984.70985319896 -53749.1265858516 1451126475.62975
1986272470.58822 -7626948042248.06 -102188174501460 -3984.7079104394 -53749.1005562618 1451126475.62975
1988335058.82352 -7635166851905.29 -102299036737129 -3984.7059719045 -53749.0745830859 1451126475.62975
1990397647.05881 -7643385657568.47 -102409898919284 -3984.70403758048 -53749.0486661405 1451126475.62975
1992460235.29411 -7651604459246.26 -102520761048042 -3984.70210745363 -53749.0228052433 1451126475.62975
1994522823.5294 -7659823256947.32 -102631623123516 -3984.70018151032 -53748.9970002126 1451126475.62975
1996585411.76469 -7668042050680.25 -102742485145823 -3984.69825973693 -53748.9712508674 1451126475.62975
1998647999.99999 -7676260840453.64 -102853347115077 -3984.69634211996 -53748.9455570279 1451126475.62975
2000710588.23528 -7684479626276.05 -102964209031392 -3984.69442864592 -53748.9199185145 1451126475.62975
2002773176.47058 -7692698408156.01 -103075070894882 -3984.69251930141 -53748.8943351489 1451126475.62975
2004835764.70587 -7700917186102.03 -103185932705661 -3984.69061407306 -53748.8688067532 1451126475.62975
2006898352.94116 -7709135960122.58 -103296794463842 -3984.68871294759 -53748.8433331505 1451126475.62975
2008960941.17646 -7717354730226.11 -103407656169538 -3984.68681591174 -53748.8179141644 1451126475.62975
2011023529.41175 -7725573496421.04 -103518517822861 -3984.68492295234 -53748.7925496196 1451126475.62975
2013086117.64705 -7733792258715.78 -103629379423923 -3984.68303405626 -53748.7672393412 1451126475.62975
2015148705.88234 -7742011017118.67 -103740240972837 -3984.68114921042 -53748.7419831552 1451126475.62975
2017211294.11763 -7750229771638.07 -103851102469713 -3984.67926840182 -53748.7167808886 1451126475.62975
2019273882.35293 -7758448522282.29 -103961963914663 -3984.67739161749 -53748.6916323686 1451126475.62975
2021336470.58822 -7766667269059.61 -104072825307797 -3984.67551884453 -53748.6665374236 1451126475.62975
2023399058.82352 -7774886011978.31 -104183686649225 -3984.67365007009 -53748.6414958824 1451126475.62975
2025461647.05881 -7783104751046.6 -104294547939058 -3984.67178528138 -53748.6165075749 1451126475.62975
2027524235.2941 -7791323486272.7 -104405409177405 -3984.66992446565 -53748.5915723314 1451126475.62975
2029586823.5294 -7799542217664.79 -104516270364376 -3984.66806761023 -53748.566689983 1451126475.62975
2031649411.76469 -7807760945231.02 -104627131500079 -3984.66621470248 -53748.5418603615 1451126475.62975
2033711999.99999 -7815979668979.53 -104737992584623 -3984.66436572983 -53748.5170832996 1451126475.62975
2035774588.23528 -7824198388918.42 -104848853618116 -3984.66252067975 -53748.4923586305 1451126475.62975
2037837176.47058 -7832417105055.76 -104959714600666 -3984.66067953976 -53748.4676861881 1451126475.62975
2039899764.70587 -7840635817399.61 -105070575532381 -3984.65884229746 -53748.4430658072 1451126475.62975
2041962352.94116 -7848854525958 -105181436413368 -3984.65700894047 -53748.4184973231 1451126475.62975
2044024941.17646 -7857073230738.92 -105292297243733 -3984.65517945648 -53748.3939805718 1451126475.62975
2046087529.41175 -7865291931750.36 -105403158023584 -3984.65335383324 -53748.3695153901 1451126475.62975
2048150117.64705 -7873510629000.25 -105514018753026 -3984.65153205853 -53748.3451016155 1451126475.62975
2050212705.88234 -7881729322496.53 -105624879432165 -3984.64971412019 -53748.320739086 1451126475.62975
2052275294.11763 -7889948012247.11 -105735740061107 -3984.64790000611 -53748.2964276405 1451126475.62975
2054337882.35293 -7898166698259.84 -105846600639958 -3984.64608970425 -53748.2721671185 1451126475.62975
2056400470.58822 -7906385380542.59 -105957461168821 -3984.64428320259 -53748.24795736 1451126475.62975
2058463058.82352 -7914604059103.18 -106068321647801 -3984.64248048918 -53748.223798206 1451126475.62975
2060525647.05881 -7922822733949.4 -106179182077004 -3984.64068155211 -53748.1996894978 1451126475.62975
2062588235.2941 -7931041405089.05 -106290042456532 -3984.63888637953 -53748.1756310776 1451126475.62975
2064650823.5294 -7939260072529.87 -106400902786489 -3984.63709495964 -53748.1516227882 1451126475.62975
2066713411.76469 -7947478736279.58 -106511763066978 -3984.63530728067 -53748.1276644732 1451126475.62975
2068775999.99999 -7955697396345.9 -106622623298103 -3984.63352333093 -53748.1037559765 1451126475.62975
2070838588.23528 -7963916052736.5 -106733483479965 -3984.63174309874 -53748.0798971429 1451126475.62975
2072901176.47058 -7972134705459.04 -106844343612668 -3984.6299665725 -53748.0560878178 1451126475.62975
2074963764.70587 -7980353354521.15 -106955203696312 -3984.62819374066 -53748.0323278473 1451126475.62975
2077026352.94116 -7988571999930.43 -107066063731001 -3984.62642459169 -53748.0086170781 1451126475.62975
2079088941.17646 -7996790641694.48 -107176923716834 -3984.62465911413 -53747.9849553574 1451126475.62975
2081151529.41175 -8005009279820.85 -107287783653914 -3984.62289729656 -53747.9613425332 1451126475.62975
2083214117.64705 -8013227914317.08 -107398643542340 -3984.62113912761 -53747.9377784541 1451126475.62975
2085276705.88234 -8021446545190.69 -107509503382213 -3984.61938459596 -53747.9142629692 1451126475.62975
2087339294.11763 -8029665172449.16 -107620363173634 -3984.61763369033 -53747.8907959284 1451126475.62975
2089401882.35293 -8037883796099.97 -107731222916702 -3984.61588639949 -53747.8673771821 1451126475.62975
2091464470.58822 -8046102416150.55 -107842082611516 -3984.61414271226 -53747.8440065813 1451126475.62975
2093527058.82352 -8054321032608.33 -107952942258175 -3984.61240261749 -53747.8206839778 1451126475.62975
2095589647.05881 -8062539645480.7 -108063801856780 -3984.6106661041 -53747.7974092237 1451126475.62975
2097652235.2941 -8070758254775.05 -108174661407427 -3984.60893316104 -53747.774182172 1451126475.62975
2099714823.5294 -8078976860498.72 -108285520910215 -3984.6072037773 -53747.7510026762 1451126475.62975
2101777411.76469 -8087195462659.05 -108396380365243 -3984.60547794194 -53747.7278705903 1451126475.62975
2103839999.99999 -8095414061263.33 -108507239772607 -3984.60375564404 -53747.7047857689 1451126475.62975
2105902588.23528 -8103632656318.87 -108618099132405 -3984.60203687273 -53747.6817480674 1451126475.62975
2107965176.47057 -8111851247832.92 -108728958444735 -3984.60032161719 -53747.6587573417 1451126475.62975
2110027764.70587 -8120069835812.71 -108839817709693 -3984.59860986665 -53747.6358134481 1451126475.62975
2112090352.94116 -8128288420265.48 -108950676927375 -3984.59690161036 -53747.6129162437 1451126475.62975
2114152941.17646 -8136507001198.41 -109061536097877 -3984.59519683765 -53747.5900655861 1451126475.62975
2116215529.41175 -8144725578618.68 -109172395221296 -3984.59349553786 -53747.5672613335 1451126475.62975
2118278117.64705 -8152944152533.44 -109283254297727 -3984.5917977004 -53747.5445033447 1451126475.62975
2120340705.88234 -8161162722949.83 -109394113327265 -3984.59010331469 -53747.5217914789 1451126475.62975
2122403294.11763 -8169381289874.94 -109504972310005 -3984.58841237023 -53747.4991255962 1451126475.62975
2124465882.35293 -8177599853315.87 -109615831246042 -3984.58672485654 -53747.4765055569 1451126475.62975
2126528470.58822 -8185818413279.69 -109726690135470 -3984.58504076319 -53747.4539312222 1451126475.62975
2128591058.82352 -8194036969773.43 -109837548978384 -3984.58336007979 -53747.4314024536 1451126475.62975
2130653647.05881 -8202255522804.12 -109948407774878 -3984.58168279599 -53747.4089191132 1451126475.62975
2132716235.2941 -8210474072378.77 -110059266525044 -3984.58000890148 -53747.3864810639 1451126475.62975
2134778823.5294 -8218692618504.34 -110170125228976 -3984.578338386 -53747.3640881688 1451126475.62975
2136841411.76469 -8226911161187.81 -110280983886767 -3984.57667123934 -53747.3417402917 1451126475.62975
2138903999.99999 -8235129700436.1 -110391842498511 -3984.5750074513 -53747.3194372971 1451126475.62975
2140966588.23528 -8243348236256.14 -110502701064298 -3984.57334701175 -53747.2971790499 1451126475.62975
2143029176.47057 -8251566768654.83 -110613559584222 -3984.57168991058 -53747.2749654154 1451126475.62975
2145091764.70587 -8259785297639.02 -110724418058374 -3984.57003613775 -53747.2527962597 1451126475.62975
2147154352.94116 -8268003823215.59 -110835276486846 -3984.56838568322 -53747.2306714493 1451126475.62975
2149216941.17646 -8276222345391.37 -110946134869730 -3984.56673853702 -53747.2085908513 1451126475.62975
2151279529.41175 -8284440864173.16 -111056993207115 -3984.56509468922 -53747.1865543332 1451126475.62975
2153342117.64705 -8292659379567.77 -111167851499094 -3984.56345412991 -53747.1645617632 1451126475.62975
2155404705.88234 -8300877891581.96 -111278709745757 -3984.56181684923 -53747.1426130099 1451126475.62975
2157467294.11763 -8309096400222.49 -111389567947193 -3984.56018283737 -53747.1207079425 1451126475.62975
2159529882.35293 -8317314905496.08 -111500426103493 -3984.55855208454 -53747.0988464307 1451126475.62975
2161592470.58822 -8325533407409.46 -111611284214746 -3984.556924581 -53747.0770283446 1451126475.62975
2163655058.82352 -8333751905969.31 -111722142281043 -3984.55530031705 -53747.0552535549 1451126475.62975
2165717647.05881 -8341970401182.31 -111833000302471 -3984.55367928302 -53747.033521933 1451126475.62975
2167780235.29411 -8350188893055.1 -111943858279121 -3984.5520614693 -53747.0118333506 1451126475.62975
2169842823.5294 -8358407381594.32 -112054716211080 -3984.55044686628 -53746.9901876799 1451126475.62975
2171905411.76469 -8366625866806.59 -112165574098438 -3984.54883546443 -53746.9685847936 1451126475.62975
2173967999.99999 -8374844348698.48 -112276431941281 -3984.54722725422 -53746.9470245651 1451126475.62975
2176030588.23528 -8383062827276.59 -112387289739698 -3984.54562222619 -53746.925506868 1451126475.62975
2178093176.47058 -8391281302547.46 -112498147493778 -3984.5440203709 -53746.9040315767 1451126475.62975
2180155764.70587 -8399499774517.62 -112609005203606 -3984.54242167895 -53746.8825985658 1451126475.62975
2182218352.94117 -8407718243193.6 -112719862869270 -3984.54082614097 -53746.8612077107 1451126475.62975
2184280941.17646 -8415936708581.88 -112830720490856 -3984.53923374765 -53746.8398588871 1451126475.62975
2186343529.41176 -8424155170688.95 -112941578068453 -3984.53764448969 -53746.8185519711 1451126475.62975
2188406117.64705 -8432373629521.25 -113052435602145 -3984.53605835783 -53746.7972868395 1451126475.62975
2190468705.88234 -8440592085085.24 -113163293092019 -3984.53447534288 -53746.7760633695 1451126475.62975
2192531294.11764 -8448810537387.32 -113274150538160 -3984.53289543563 -53746.7548814388 1451126475.62975
2194593882.35293 -8457028986433.9 -113385007940654 -3984.53131862696 -53746.7337409254 1451126475.62975
2196656470.58823 -8465247432231.37 -113495865299587 -3984.52974490775 -53746.7126417081 1451126475.62975
2198719058.82352 -8473465874786.07 -113606722615044 -3984.52817426894 -53746.6915836659 1451126475.62975
2200781647.05882 -8481684314104.37 -113717579887108 -3984.52660670148 -53746.6705666784 1451126475.62975
2202844235.29411 -8489902750192.58 -113828437115866 -3984.52504219637 -53746.6495906257 1451126475.62975
2204906823.5294 -8498121183057 -113939294301401 -3984.52348074465 -53746.6286553882 1451126475.62975
2206969411.7647 -8506339612703.94 -114050151443797 -3984.52192233738 -53746.6077608469 1451126475.62975
2209031999.99999 -8514558039139.66 -114161008543138 -3984.52036696568 -53746.5869068833 1451126475.62975
2211094588.23529 -8522776462370.41 -114271865599507 -3984.51881462068 -53746.5660933793 1451126475.62975
2213157176.47058 -8530994882402.42 -114382722612989 -3984.51726529354 -53746.5453202171 1451126475.62975
2215219764.70588 -8539213299241.92 -114493579583665 -3984.51571897548 -53746.5245872797 1451126475.62975
2217282352.94117 -8547431712895.09 -114604436511620 -3984.51417565775 -53746.5038944502 1451126475.62975
2219344941.17646 -8555650123368.12 -114715293396934 -3984.5126353316 -53746.4832416124 1451126475.62975
2221407529.41176 -8563868530667.18 -114826150239692 -3984.51109798836 -53746.4626286505 1451126475.62975
2223470117.64705 -8572086934798.39 -114937007039975 -3984.50956361937 -53746.442055449 1451126475.62975
2225532705.88235 -8580305335767.89 -115047863797864 -3984.508032216 -53746.4215218931 1451126475.62975
2227595294.11764 -8588523733581.79 -115158720513442 -3984.50650376966 -53746.4010278682 1451126475.62975
2229657882.35294 -8596742128246.17 -115269577186790 -3984.50497827179 -53746.3805732602 1451126475.62975
2231720470.58823 -8604960519767.12 -115380433817990 -3984.50345571387 -53746.3601579555 1451126475.62975
2233783058.82352 -8613178908150.68 -115491290407121 -3984.50193608741 -53746.339781841 1451126475.62975
2235845647.05882 -8621397293402.89 -115602146954265 -3984.50041938395 -53746.3194448039 1451126475.62975
2237908235.29411 -8629615675529.77 -115713003459502 -3984.49890559506 -53746.2991467318 1451126475.62975
2239970823.52941 -8637834054537.33 -115823859922913 -3984.49739471234 -53746.2788875129 1451126475.62975
2242033411.7647 -8646052430431.55 -115934716344577 -3984.49588672744 -53746.2586670357 1451126475.62975
2244096000 -8654270803218.4 -116045572724575 -3984.49438163203 -53746.2384851892 1451126475.62975
2246158588.23529 -8662489172903.83 -116156429062985 -3984.49287941781 -53746.2183418628 1451126475.62975
2248221176.47059 -8670707539493.78 -116267285359888 -3984.49138007651 -53746.1982369462 1451126475.62975
2250283764.70588 -8678925902994.16 -116378141615362 -3984.48988359989 -53746.1781703297 1451126475.62975
2252346352.94117 -8687144263410.87 -116488997829487 -3984.48838997976 -53746.158141904 1451126475.62975
2254408941.17647 -8695362620749.79 -116599854002340 -3984.48689920795 -53746.13815156 1451126475.62975
2256471529.41176 -8703580975016.8 -116710710134000 -3984.4854112763 -53746.1181991894 1451126475.62975
2258534117.64706 -8711799326217.74 -116821566224547 -3984.48392617671 -53746.0982846839 1451126475.62975
2260596705.88235 -8720017674358.44 -116932422274056 -3984.48244390111 -53746.0784079359 1451126475.62975
2262659294.11765 -8728236019444.73 -117043278282607 -3984.48096444144 -53746.0585688381 1451126475.62975
2264721882.35294 -8736454361482.39 -117154134250277 -3984.47948778969 -53746.0387672836 1451126475.62975
2266784470.58823 -8744672700477.22 -117264990177143 -3984.47801393787 -53746.0190031658 1451126475.62975
2268847058.82353 -8752891036434.99 -117375846063282 -3984.47654287802 -53745.9992763788 1451126475.62975
2270909647.05882 -8761109369361.43 -117486701908772 -3984.47507460222 -53745.9795868169 1451126475.62975
2272972235.29412 -8769327699262.29 -117597557713688 -3984.47360910256 -53745.9599343747 1451126475.62975
2275034823.52941 -8777546026143.28 -117708413478108 -3984.47214637119 -53745.9403189474 1451126475.62975
2277097411.76471 -8785764350010.11 -117819269202107 -3984.47068640026 -53745.9207404305 1451126475.62975
2279160000 -8793982670868.46 -117930124885762 -3984.46922918197 -53745.9011987199 1451126475.62975
2281222588.23529 -8802200988724 -118040980529148 -3984.46777470853 -53745.8816937118 1451126475.62975
2283285176.47059 -8810419303582.39 -118151836132341 -3984.46632297221 -53745.8622253031 1451126475.62975
2285347764.70588 -8818637615449.25 -118262691695416 -3984.46487396527 -53745.8427933907 1451126475.62975
2287410352.94118 -8826855924330.22 -118373547218449 -3984.46342768004 -53745.8233978721 1451126475.62975
2289472941.17647 -8835074230230.9 -118484402701514 -3984.46198410884 -53745.8040386451 1451126475.62975
2291535529.41177 -8843292533156.88 -118595258144687 -3984.46054324404 -53745.784715608 1451126475.62975
2293598117.64706 -8851510833113.74 -118706113548041 -3984.45910507804 -53745.7654286593 1451126475.62975
2295660705.88236 -8859729130107.02 -118816968911652 -3984.45766960326 -53745.7461776981 1451126475.62975
2297723294.11765 -8867947424142.29 -118927824235592 -3984.45623681216 -53745.7269626237 1451126475.62975
2299785882.35294 -8876165715225.05 -119038679519937 -3984.45480669721 -53745.7077833359 1451126475.62975
2301848470.58824 -8884384003360.83 -119149534764760 -3984.45337925093 -53745.6886397347 1451126475.62975
2303911058.82353 -8892602288555.12 -119260389970134 -3984.45195446584 -53745.6695317206 1451126475.62975
2305973647.05883 -8900820570813.4 -119371245136133 -3984.45053233452 -53745.6504591944 1451126475.62975
2308036235.29412 -8909038850141.15 -119482100262829 -3984.44911284955 -53745.6314220575 1451126475.62975
2310098823.52942 -8917257126543.8 -119592955350296 -3984.44769600356 -53745.6124202113 1451126475.62975
2312161411.76471 -8925475400026.8 -119703810398606 -3984.44628178919 -53745.5934535578 1451126475.62975
2314224000 -8933693670595.57 -119814665407833 -3984.44487019911 -53745.5745219994 1451126475.62975
2316286588.2353 -8941911938255.5 -119925520378047 -3984.44346122603 -53745.5556254386 1451126475.62975
2318349176.47059 -8950130203012 -120036375309321 -3984.44205486267 -53745.5367637786 1451126475.62975
2320411764.70589 -8958348464870.44 -120147230201728 -3984.4406511018 -53745.5179369226 1451126475.62975
2322474352.94118 -8966566723836.17 -120258085055338 -3984.43924993618 -53745.4991447745 1451126475.62975
2324536941.17648 -8974784979914.54 -120368939870224 -3984.43785135864 -53745.4803872384 1451126475.62975
2326599529.41177 -8983003233110.89 -120479794646456 -3984.436455362 -53745.4616642187 1451126475.62975
2328662117.64706 -8991221483430.52 -120590649384106 -3984.43506193913 -53745.4429756202 1451126475.62975
2330724705.88236 -8999439730878.75 -120701504083244 -3984.43367108292 -53745.424321348 1451126475.62975
2332787294.11765 -9007657975460.85 -120812358743941 -3984.43228278627 -53745.4057013077 1451126475.62975
2334849882.35295 -9015876217182.11 -120923213366269 -3984.43089704214 -53745.3871154051 1451126475.62975
2336912470.58824 -9024094456047.77 -121034067950296 -3984.42951384348 -53745.3685635464 1451126475.62975
2338975058.82354 -9032312692063.08 -121144922496093 -3984.42813318329 -53745.3500456381 1451126475.62975
2341037647.05883 -9040530925233.27 -121255777003731 -3984.42675505458 -53745.3315615872 1451126475.62975
2343100235.29413 -9048749155563.55 -121366631473278 -3984.4253794504 -53745.3131113008 1451126475.62975
2345162823.52942 -9056967383059.12 -121477485904805 -3984.42400636382 -53745.2946946864 1451126475.62975
2347225411.76471 -9065185607725.17 -121588340298381 -3984.42263578793 -53745.2763116521 1451126475.62975
2349288000.00001 -9073403829566.87 -121699194654074 -3984.42126771585 -53745.257962106 1451126475.62975
2351350588.2353 -9081622048589.38 -121810048971955 -3984.41990214073 -53745.2396459567 1451126475.62975
2353413176.4706 -9089840264797.84 -121920903252091 -3984.41853905573 -53745.221363113 1451126475.62975
2355475764.70589 -9098058478197.38 -122031757494551 -3984.41717845405 -53745.2031134842 1451126475.62975
2357538352.94119 -9106276688793.11 -122142611699404 -3984.4158203289 -53745.1848969799 1451126475.62975
2359600941.17648 -9114494896590.14 -122253465866718 -3984.41446467354 -53745.16671351 1451126475.62975
2361663529.41177 -9122713101593.55 -122364319996561 -3984.41311148123 -53745.1485629846 1451126475.62975
2363726117.64707 -9130931303808.41 -122475174089001 -3984.41176074526 -53745.1304453143 1451126475.62975
2365788705.88236 -9139149503239.79 -122586028144106 -3984.41041245895 -53745.11236041 1451126475.62975
2367851294.11766 -9147367699892.73 -122696882161942 -3984.40906661564 -53745.0943081828 1451126475.62975
2369913882.35295 -9155585893772.27 -122807736142578 -3984.4077232087 -53745.0762885442 1451126475.62975
2371976470.58825 -9163804084883.42 -122918590086080 -3984.40638223151 -53745.0583014061 1451126475.62975
2374039058.82354 -9172022273231.18 -123029443992515 -3984.4050436775 -53745.0403466807 1451126475.62975
2376101647.05883 -9180240458820.55 -123140297861951 -3984.40370754009 -53745.0224242803 1451126475.62975
2378164235.29413 -9188458641656.51 -123251151694453 -3984.40237381274 -53745.0045341177 1451126475.62975
2380226823.52942 -9196676821744.01 -123362005490089 -3984.40104248895 -53744.986676106 1451126475.62975
2382289411.76472 -9204894999088.02 -123472859248924 -3984.39971356222 -53744.9688501587 1451126475.62975
2384352000.00001 -9213113173693.46 -123583712971024 -3984.39838702607 -53744.9510561894 1451126475.62975
2386414588.23531 -9221331345565.27 -123694566656456 -3984.39706287408 -53744.9332941122 1451126475.62975
2388477176.4706 -9229549514708.34 -123805420305284 -3984.3957410998 -53744.9155638413 1451126475.62975
2390539764.70589 -9237767681127.59 -123916273917575 -3984.39442169685 -53744.8978652914 1451126475.62975
2392602352.94119 -9245985844827.9 -124027127493394 -3984.39310465885 -53744.8801983775 1451126475.62975
2394664941.17648 -9254204005814.13 -124137981032806 -3984.39178997943 -53744.8625630148 1451126475.62975
2396727529.41178 -9262422164091.14 -124248834535876 -3984.39047765228 -53744.8449591188 1451126475.62975
2398790117.64707 -9270640319663.79 -124359688002668 -3984.38916767109 -53744.8273866054 1451126475.62975
2400852705.88237 -9278858472536.89 -124470541433248 -3984.38786002956 -53744.8098453907 1451126475.62975
2402915294.11766 -9287076622715.28 -124581394827680 -3984.38655472144 -53744.7923353912 1451126475.62975
2404977882.35296 -9295294770203.76 -124692248186028 -3984.38525174049 -53744.7748565236 1451126475.62975
2407040470.58825 -9303512915007.12 -124803101508357 -3984.38395108047 -53744.7574087049 1451126475.62975
2409103058.82354 -9311731057130.14 -124913954794729 -3984.38265273521 -53744.7399918525 1451126475.62975
2411165647.05884 -9319949196577.59 -125024808045210 -3984.38135669853 -53744.722605884 1451126475.62975
2413228235.29413 -9328167333354.22 -125135661259862 -3984.38006296426 -53744.7052507174 1451126475.62975
2415290823.52943 -9336385467464.79 -125246514438750 -3984.37877152629 -53744.6879262708 1451126475.62975
2417353411.76472 -9344603598914.01 -125357367581936 -3984.3774823785 -53744.6706324627 1451126475.62975
2419416000.00002 -9352821727706.61 -125468220689484 -3984.37619551481 -53744.6533692119 1451126475.62975
2421478588.23531 -9361039853847.29 -125579073761456 -3984.37491092914 -53744.6361364374 1451126475.62975
2423541176.4706 -9369257977340.74 -125689926797915 -3984.37362861547 -53744.6189340588 1451126475.62975
2425603764.7059 -9377476098191.64 -125800779798924 -3984.37234856775 -53744.6017619955 1451126475.62975
2427666352.94119 -9385694216404.67 -125911632764545 -3984.37107078 -53744.5846201675 1451126475.62975
2429728941.17649 -9393912331984.46 -126022485694841 -3984.36979524622 -53744.567508495 1451126475.62975
2431791529.41178 -9402130444935.68 -126133338589874 -3984.36852196047 -53744.5504268985 1451126475.62975
2433854117.64708 -9410348555262.95 -126244191449705 -3984.3672509168 -53744.5333752988 1451126475.62975
2435916705.88237 -9418566662970.89 -126355044274397 -3984.3659821093 -53744.5163536169 1451126475.62975
2437979294.11766 -9426784768064.1 -126465897064011 -3984.36471553207 -53744.4993617742 1451126475.62975
2440041882.35296 -9435002870547.17 -126576749818608 -3984.36345117922 -53744.4823996921 1451126475.62975
2442104470.58825 -9443220970424.7 -126687602538251 -3984.36218904492 -53744.4654672927 1451126475.62975
2444167058.82355 -9451439067701.24 -126798455222999 -3984.36092912332 -53744.448564498 1451126475.62975
2446229647.05884 -9459657162381.37 -126909307872914 -3984.35967140861 -53744.4316912305 1451126475.62975
2448292235.29414 -9467875254469.61 -127020160488057 -3984.35841589499 -53744.4148474128 1451126475.62975
2450354823.52943 -9476093343970.52 -127131013068488 -3984.35716257669 -53744.3980329679 1451126475.62975
2452417411.76473 -9484311430888.6 -127241865614268 -3984.35591144796 -53744.3812478191 1451126475.62975
2454480000.00002 -9492529515228.37 -127352718125458 -3984.35466250307 -53744.3644918898 1451126475.62975
2456542588.23531 -9500747596994.33 -127463570602117 -3984.35341573629 -53744.3477651038 1451126475.62975
2458605176.47061 -9508965676190.97 -127574423044306 -3984.35217114194 -53744.331067385 1451126475.62975
2460667764.7059 -9517183752822.75 -127685275452084 -3984.35092871435 -53744.3143986579 1451126475.62975
2462730352.9412 -9525401826894.15 -127796127825511 -3984.34968844785 -53744.2977588469 1451126475.62975
2464792941.17649 -9533619898409.62 -127906980164647 -3984.34845033682 -53744.2811478769 1451126475.62975
2466855529.41179 -9541837967373.58 -128017832469551 -3984.34721437564 -53744.264565673 1451126475.62975
2468918117.64708 -9550056033790.49 -128128684740282 -3984.34598055872 -53744.2480121604 1451126475.62975
2470980705.88237 -9558274097664.74 -128239536976899 -3984.34474888047 -53744.2314872647 1451126475.62975
2473043294.11767 -9566492159000.75 -128350389179463 -3984.34351933535 -53744.2149909119 1451126475.62975
2475105882.35296 -9574710217802.9 -128461241348030 -3984.34229191781 -53744.1985230279 1451126475.62975
2477168470.58826 -9582928274075.59 -128572093482660 -3984.34106662234 -53744.1820835393 1451126475.62975
2479231058.82355 -9591146327823.19 -128682945583411 -3984.33984344343 -53744.1656723725 1451126475.62975
2481293647.05885 -9599364379050.04 -128793797650342 -3984.33862237562 -53744.1492894544 1451126475.62975
2483356235.29414 -9607582427760.52 -128904649683511 -3984.33740341343 -53744.1329347123 1451126475.62975
2485418823.52943 -9615800473958.94 -129015501682976 -3984.33618655143 -53744.1166080733 1451126475.62975
2487481411.76473 -9624018517649.63 -129126353648795 -3984.33497178418 -53744.1003094652 1451126475.62975
2489544000.00002 -9632236558836.92 -129237205581025 -3984.33375910629 -53744.0840388158 1451126475.62975
2491606588.23532 -9640454597525.1 -129348057479724 -3984.33254851238 -53744.0677960533 1451126475.62975
2493669176.47061 -9648672633718.47 -129458909344950 -3984.33133999706 -53744.0515811059 1451126475.62975
2495731764.70591 -9656890667421.31 -129569761176760 -3984.330133555 -53744.0353939023 1451126475.62975
2497794352.9412 -9665108698637.89 -129680612975210 -3984.32892918085 -53744.0192343713 1451126475.62975
2499856941.1765 -9673326727372.47 -129791464740359 -3984.32772686932 -53744.0031024421 1451126475.62975
2501919529.41179 -9681544753629.3 -129902316472263 -3984.3265266151 -53743.9869980439 1451126475.62975
2503982117.64708 -9689762777412.61 -130013168170978 -3984.32532841291 -53743.9709211064 1451126475.62975
2506044705.88238 -9697980798726.64 -130124019836561 -3984.32413225751 -53743.9548715593 1451126475.62975
2508107294.11767 -9706198817575.6 -130234871469069 -3984.32293814364 -53743.9388493327 1451126475.62975
2510169882.35297 -9714416833963.7 -130345723068558 -3984.32174606608 -53743.9228543569 1451126475.62975
2512232470.58826 -9722634847895.12 -130456574635084 -3984.32055601964 -53743.9068865625 1451126475.62975
2514295058.82356 -9730852859374.06 -130567426168703 -3984.31936799912 -53743.8909458801 1451126475.62975
2516357647.05885 -9739070868404.69 -130678277669470 -3984.31818199935 -53743.8750322408 1451126475.62975
2518420235.29414 -9747288874991.17 -130789129137442 -3984.31699801519 -53743.8591455758 1451126475.62975
2520482823.52944 -9755506879137.65 -130899980572675 -3984.31581604149 -53743.8432858166 1451126475.62975
2522545411.76473 -9763724880848.28 -131010831975222 -3984.31463607314 -53743.8274528948 1451126475.62975
2524608000.00003 -9771942880127.18 -131121683345141 -3984.31345810505 -53743.8116467425 1451126475.62975
2526670588.23532 -9780160876978.47 -131232534682486 -3984.31228213212 -53743.7958672918 1451126475.62975
2528733176.47062 -9788378871406.27 -131343385987311 -3984.31110814929 -53743.780114475 1451126475.62975
2530795764.70591 -9796596863414.68 -131454237259673 -3984.30993615152 -53743.7643882248 1451126475.62975
2532858352.9412 -9804814853007.78 -131565088499625 -3984.30876613377 -53743.748688474 1451126475.62975
2534920941.1765 -9813032840189.65 -131675939707222 -3984.30759809103 -53743.7330151557 1451126475.62975
2536983529.41179 -9821250824964.36 -131786790882518 -3984.3064320183 -53743.7173682032 1451126475.62975
2539046117.64709 -9829468807335.97 -131897642025569 -3984.30526791061 -53743.70174755 1451126475.62975
2541108705.88238 -9837686787308.54 -132008493136428 -3984.30410576299 -53743.6861531298 1451126475.62975
2543171294.11768 -9845904764886.08 -132119344215149 -3984.30294557048 -53743.6705848767 1451126475.62975
2545233882.35297 -9854122740072.64 -132230195261786 -3984.30178732817 -53743.6550427247 1451126475.62975
2547296470.58826 -9862340712872.23 -132341046276392 -3984.30063103114 -53743.6395266084 1451126475.62975
2549359058.82356 -9870558683288.85 -132451897259022 -3984.29947667449 -53743.6240364622 1451126475.62975
2551421647.05885 -9878776651326.51 -132562748209729 -3984.29832425334 -53743.6085722212 1451126475.62975
2553484235.29415 -9886994616989.19 -132673599128567 -3984.29717376282 -53743.5931338203 1451126475.62975
2555546823.52944 -9895212580280.87 -132784450015588 -3984.2960251981 -53743.5777211948 1451126475.62975
2557609411.76474 -9903430541205.52 -132895300870845 -3984.29487855433 -53743.5623342802 1451126475.62975
2559672000.00003 -9911648499767.09 -133006151694392 -3984.2937338267 -53743.5469730122 1451126475.62975
2561734588.23533 -9919866455969.53 -133117002486282 -3984.29259101042 -53743.5316373268 1451126475.62975
2563797176.47062 -9928084409816.77 -133227853246566 -3984.29145010069 -53743.5163271601 1451126475.62975
2565859764.70591 -9936302361312.76 -133338703975299 -3984.29031109275 -53743.5010424484 1451126475.62975
2567922352.94121 -9944520310461.39 -133449554672531 -3984.28917398185 -53743.4857831283 1451126475.62975
2569984941.1765 -9952738257266.59 -133560405338316 -3984.28803876325 -53743.4705491366 1451126475.62975
2572047529.4118 -9960956201732.24 -133671255972706 -3984.28690543224 -53743.4553404102 1451126475.62975
2574110117.64709 -9969174143862.24 -133782106575752 -3984.2857739841 -53743.4401568864 1451126475.62975
2576172705.88239 -9977392083660.47 -133892957147507 -3984.28464441415 -53743.4249985026 1451126475.62975
2578235294.11768 -9985610021130.79 -134003807688022 -3984.28351671772 -53743.4098651963 1451126475.62975
2580297882.35297 -9993827956277.07 -134114658197349 -3984.28239089015 -53743.3947569053 1451126475.62975
2582360470.58827 -10002045889103.2 -134225508675540 -3984.28126692679 -53743.3796735678 1451126475.62975
2584423058.82356 -10010263819612.9 -134336359122645 -3984.28014482302 -53743.3646151218 1451126475.62975
2586485647.05886 -10018481747810.1 -134447209538717 -3984.27902457423 -53743.3495815059 1451126475.62975
2588548235.29415 -10026699673698.6 -134558059923806 -3984.27790617581 -53743.3345726587 1451126475.62975
2590610823.52945 -10034917597282.2 -134668910277964 -3984.2767896232 -53743.319588519 1451126475.62975
2592673411.76474 -10043135518564.7 -134779760601241 -3984.27567491182 -53743.3046290258 1451126475.62975
2594736000.00003 -10051353437549.9 -134890610893688 -3984.27456203713 -53743.2896941183 1451126475.62975
2596798588.23533 -10059571354241.7 -135001461155356 -3984.27345099458 -53743.2747837361 1451126475.62975
2598861176.47062 -10067789268643.6 -135112311386295 -3984.27234177965 -53743.2598978187 1451126475.62975
2600923764.70592 -10076007180759.6 -135223161586556 -3984.27123438784 -53743.2450363059 1451126475.62975
2602986352.94121 -10084225090593.4 -135334011756189 -3984.27012881466 -53743.2301991379 1451126475.62975
2605048941.17651 -10092442998148.7 -135444861895244 -3984.26902505563 -53743.2153862547 1451126475.62975
2607111529.4118 -10100660903429.3 -135555712003771 -3984.26792310629 -53743.2005975969 1451126475.62975
2609174117.6471 -10108878806438.9 -135666562081820 -3984.26682296219 -53743.185833105 1451126475.62975
2611236705.88239 -10117096707181.2 -135777412129441 -3984.26572461889 -53743.1710927199 1451126475.62975
2613299294.11768 -10125314605659.9 -135888262146683 -3984.26462807199 -53743.1563763825 1451126475.62975
2615361882.35298 -10133532501878.7 -135999112133596 -3984.26353331707 -53743.1416840341 1451126475.62975
2617424470.58827 -10141750395841.4 -136109962090230 -3984.26244034975 -53743.127015616 1451126475.62975
2619487058.82357 -10149968287551.5 -136220812016633 -3984.26134916564 -53743.1123710699 1451126475.62975
2621549647.05886 -10158186177012.9 -136331661912855 -3984.2602597604 -53743.0977503374 1451126475.62975
2623612235.29416 -10166404064229 -136442511778946 -3984.25917212967 -53743.0831533605 1451126475.62975
2625674823.52945 -10174621949203.7 -136553361614953 -3984.25808626912 -53743.0685800814 1451126475.62975
2627737411.76474 -10182839831940.5 -136664211420926 -3984.25700217443 -53743.0540304424 1451126475.62975
2629800000.00004 -10191057712443 -136775061196913 -3984.2559198413 -53743.039504386 1451126475.62975
2631862588.23533 -10199275590715 -136885910942963 -3984.25483926543 -53743.025001855 1451126475.62975
2633925176.47063 -10207493466760 -136996760659125 -3984.25376044255 -53743.0105227921 1451126475.62975
2635987764.70592 -10215711340581.6 -137107610345447 -3984.2526833684 -53742.9960671406 1451126475.62975
2638050352.94122 -10223929212183.5 -137218460001976 -3984.25160803873 -53742.9816348436 1451126475.62975
2640112941.17651 -10232147081569.2 -137329309628762 -3984.2505344493 -53742.9672258446 1451126475.62975
2642175529.4118 -10240364948742.3 -137440159225852 -3984.2494625959 -53742.9528400873 1451126475.62975
2644238117.6471 -10248582813706.5 -137551008793294 -3984.24839247431 -53742.9384775153 1451126475.62975
2646300705.88239 -10256800676465.1 -137661858331135 -3984.24732408033 -53742.9241380728 1451126475.62975
2648363294.11769 -10265018537021.9 -137772707839425 -3984.2462574098 -53742.9098217038 1451126475.62975
2650425882.35298 -10273236395380.4 -137883557318209 -3984.24519245854 -53742.8955283528 1451126475.62975
2652488470.58828 -10281454251544.1 -137994406767535 -3984.24412922239 -53742.8812579642 1451126475.62976
2654551058.82357 -10289672105516.5 -138105256187451 -3984.24306769722 -53742.8670104828 1451126475.62975
2656613647.05887 -10297889957301.3 -138216105578004 -3984.24200787891 -53742.8527858534 1451126475.62975
2658676235.29416 -10306107806901.7 -138326954939242 -3984.24094976333 -53742.8385840211 1451126475.62975
2660738823.52945 -10314325654321.5 -138437804271210 -3984.23989334638 -53742.8244049311 1451126475.62975
2662801411.76475 -10322543499564.1 -138548653573955 -3984.23883862398 -53742.8102485289 1451126475.62975
2664864000.00004 -10330761342633 -138659502847526 -3984.23778559206 -53742.79611476 1451126475.62975
2666926588.23534 -10338979183531.6 -138770352091967 -3984.23673424655 -53742.7820035702 1451126475.62975
2668989176.47063 -10347197022263.5 -138881201307326 -3984.23568458341 -53742.7679149054 1451126475.62975
2671051764.70593 -10355414858832.1 -138992050493649 -3984.23463659859 -53742.7538487117 1451126475.62975
2673114352.94122 -10363632693240.9 -139102899650983 -3984.23359028808 -53742.7398049354 1451126475.62975
2675176941.17651 -10371850525493.2 -139213748779373 -3984.23254564787 -53742.7257835229 1451126475.62975
2677239529.41181 -10380068355592.7 -139324597878866 -3984.23150267395 -53742.7117844209 1451126475.62975
2679302117.6471 -10388286183542.6 -139435446949507 -3984.23046136236 -53742.6978075762 1451126475.62975
2681364705.8824 -10396504009346.4 -139546295991343 -3984.2294217091 -53742.6838529356 1451126475.62975
2683427294.11769 -10404721833007.6 -139657145004419 -3984.22838371024 -53742.6699204464 1451126475.62975
2685489882.35299 -10412939654529.5 -139767993988780 -3984.22734736181 -53742.6560100558 1451126475.62975
2687552470.58828 -10421157473915.5 -139878842944473 -3984.22631265989 -53742.6421217112 1451126475.62975
2689615058.82357 -10429375291169.1 -139989691871543 -3984.22527960055 -53742.6282553604 1451126475.62975
2691677647.05887 -10437593106293.6 -140100540770035 -3984.22424817989 -53742.614410951 1451126475.62975
2693740235.29416 -10445810919292.4 -140211389639994 -3984.22321839401 -53742.6005884311 1451126475.62975
2695802823.52946 -10454028730168.8 -140322238481466 -3984.22219023903 -53742.5867877488 1451126475.62975
2697865411.76475 -10462246538926.3 -140433087294495 -3984.22116371107 -53742.5730088523 1451126475.62975
2699928000.00005 -10470464345568.1 -140543936079126 -3984.22013880627 -53742.5592516901 1451126475.62975
2701990588.23534 -10478682150097.6 -140654784835404 -3984.2191155208 -53742.5455162109 1451126475.62975
2704053176.47063 -10486899952518.2 -140765633563374 -3984.2180938508 -53742.5318023633 1451126475.62975
2706115764.70593 -10495117752833.2 -140876482263080 -3984.21707379247 -53742.5181100964 1451126475.62975
2708178352.94122 -10503335551045.8 -140987330934566 -3984.21605534198 -53742.5044393591 1451126475.62975
2710240941.17652 -10511553347159.5 -141098179577878 -3984.21503849554 -53742.4907901009 1451126475.62975
2712303529.41181 -10519771141177.5 -141209028193059 -3984.21402324937 -53742.477162271 1451126475.62975
2714366117.64711 -10527988933103.1 -141319876780154 -3984.21300959968 -53742.4635558191 1451126475.62975
2716428705.8824 -10536206722939.6 -141430725339206 -3984.21199754272 -53742.4499706948 1451126475.62975
2718491294.1177 -10544424510690.3 -141541573870259 -3984.21098707474 -53742.4364068482 1451126475.62975
2720553882.35299 -10552642296358.4 -141652422373358 -3984.20997819198 -53742.4228642291 1451126475.62975
2722616470.58828 -10560860079947.3 -141763270848546 -3984.20897089073 -53742.4093427879 1451126475.62975
2724679058.82358 -10569077861460.2 -141874119295866 -3984.20796516727 -53742.3958424749 1451126475.62975
2726741647.05887 -10577295640900.2 -141984967715363 -3984.2069610179 -53742.3823632405 1451126475.62975
2728804235.29417 -10585513418270.8 -142095816107079 -3984.20595843892 -53742.3689050355 1451126475.62975
2730866823.52946 -10593731193575 -142206664471058 -3984.20495742665 -53742.3554678107 1451126475.62975
2732929411.76476 -10601948966816.2 -142317512807343 -3984.20395797742 -53742.342051517 1451126475.62975
2734992000.00005 -10610166737997.6 -142428361115977 -3984.20296008757 -53742.3286561056 1451126475.62975
2737054588.23534 -10618384507122.3 -142539209397004 -3984.20196375346 -53742.3152815278 1451126475.62975
2739117176.47064 -10626602274193.6 -142650057650466 -3984.20096897145 -53742.3019277349 1451126475.62975
2741179764.70593 -10634820039214.7 -142760905876406 -3984.19997573791 -53742.2885946787 1451126475.62975
2743242352.94123 -10643037802188.7 -142871754074866 -3984.19898404924 -53742.2752823107 1451126475.62975
2745304941.17652 -10651255563118.9 -142982602245890 -3984.19799390183 -53742.2619905829 1451126475.62975
2747367529.41182 -10659473322008.4 -143093450389520 -3984.19700529208 -53742.2487194472 1451126475.62975
2749430117.64711 -10667691078860.3 -143204298505798 -3984.19601821643 -53742.235468856 1451126475.62975
2751492705.8824 -10675908833678 -143315146594767 -3984.1950326713 -53742.2222387615 1451126475.62975
2753555294.1177 -10684126586464.4 -143425994656469 -3984.19404865313 -53742.2090291162 1451126475.62975
2755617882.35299 -10692344337222.8 -143536842690946 -3984.19306615838 -53742.1958398727 1451126475.62975
2757680470.58829 -10700562085956.2 -143647690698239 -3984.19208518352 -53742.1826709837 1451126475.62975
2759743058.82358 -10708779832667.9 -143758538678392 -3984.19110572501 -53742.1695224023 1451126475.62975
2761805647.05888 -10716997577360.9 -143869386631445 -3984.19012777934 -53742.1563940814 1451126475.62975
2763868235.29417 -10725215320038.4 -143980234557441 -3984.18915134302 -53742.1432859742 1451126475.62975
2765930823.52947 -10733433060703.5 -144091082456422 -3984.18817641255 -53742.1301980341 1451126475.62975
2767993411.76476 -10741650799359.2 -144201930328428 -3984.18720298445 -53742.1171302146 1451126475.62975
2770056000.00005 -10749868536008.7 -144312778173501 -3984.18623105525 -53742.1040824693 1451126475.62975
2772118588.23535 -10758086270655 -144423625991682 -3984.18526062149 -53742.091054752 1451126475.62975
2774181176.47064 -10766304003301.3 -144534473783014 -3984.18429167972 -53742.0780470166 1451126475.62975
2776243764.70594 -10774521733950.6 -144645321547536 -3984.18332422649 -53742.0650592171 1451126475.62975
2778306352.94123 -10782739462605.9 -144756169285290 -3984.1823582584 -53742.0520913079 1451126475.62975
2780368941.17653 -10790957189270.4 -144867016996318 -3984.181393772 -53742.0391432431 1451126475.62975
2782431529.41182 -10799174913947.1 -144977864680659 -3984.18043076391 -53742.0262149773 1451126475.62975
2784494117.64711 -10807392636639 -145088712338355 -3984.17946923072 -53742.0133064651 1451126475.62975
2786556705.88241 -10815610357349.2 -145199559969447 -3984.17850916905 -53742.0004176612 1451126475.62975
2788619294.1177 -10823828076080.6 -145310407573974 -3984.17755057552 -53741.9875485206 1451126475.62975
2790681882.353 -10832045792836.4 -145421255151978 -3984.17659344676 -53741.9746989983 1451126475.62976
2792744470.58829 -10840263507619.6 -145532102703499 -3984.17563777942 -53741.9618690495 1451126475.62976
2794807058.82359 -10848481220433.1 -145642950228577 -3984.17468357016 -53741.9490586293 1451126475.62976
2796869647.05888 -10856698931280 -145753797727252 -3984.17373081564 -53741.9362676934 1451126475.62976
2798932235.29417 -10864916640163.2 -145864645199565 -3984.17277951254 -53741.9234961973 1451126475.62976
2800994823.52947 -10873134347085.8 -145975492645556 -3984.17182965754 -53741.9107440966 1451126475.62976
2803057411.76476 -10881352052050.7 -146086340065265 -3984.17088124733 -53741.8980113473 1451126475.62976
2805120000.00006 -10889569755060.9 -146197187458731 -3984.16993427863 -53741.8852979053 1451126475.62976
2807182588.23535 -10897787456119.4 -146308034825994 -3984.16898874815 -53741.8726037267 1451126475.62976
2809245176.47065 -10906005155229.1 -146418882167094 -3984.16804465261 -53741.8599287677 1451126475.62976
2811307764.70594 -10914222852393 -146529729482071 -3984.16710198876 -53741.8472729849 1451126475.62976
2813370352.94124 -10922440547614.1 -146640576770964 -3984.16616075333 -53741.8346363346 1451126475.62976
2815432941.17653 -10930658240895.3 -146751424033812 -3984.16522094308 -53741.8220187734 1451126475.62976
2817495529.41182 -10938875932239.4 -146862271270655 -3984.16428255477 -53741.8094202583 1451126475.62976
2819558117.64712 -10947093621649.6 -146973118481532 -3984.16334558519 -53741.7968407461 1451126475.62976
2821620705.88241 -10955311309128.6 -147083965666483 -3984.16241003112 -53741.7842801937 1451126475.62976
2823683294.11771 -10963528994679.4 -147194812825546 -3984.16147588934 -53741.7717385585 1451126475.62976
2825745882.353 -10971746678304.9 -147305659958760 -3984.16054315667 -53741.7592157976 1451126475.62976
2827808470.5883 -10979964360008.1 -147416507066164 -3984.15961182992 -53741.7467118685 1451126475.62976
2829871058.82359 -10988182039791.7 -147527354147797 -3984.15868190591 -53741.7342267288 1451126475.62976
2831933647.05888 -10996399717658.7 -147638201203697 -3984.15775338147 -53741.721760336 1451126475.62976
2833996235.29418 -11004617393612 -147749048233904 -3984.15682625346 -53741.7093126481 1451126475.62976
2836058823.52947 -11012835067654.5 -147859895238456 -3984.15590051871 -53741.6968836229 1451126475.62976
2838121411.76477 -11021052739788.9 -147970742217391 -3984.15497617409 -53741.6844732186 1451126475.62976
2840184000.00006 -11029270410018.3 -148081589170747 -3984.15405321647 -53741.6720813932 1451126475.62976
2842246588.23536 -11037488078345.4 -148192436098564 -3984.15313164274 -53741.6597081051 1451126475.62976
2844309176.47065 -11045705744773.1 -148303283000878 -3984.15221144977 -53741.6473533127 1451126475.62976
2846371764.70594 -11053923409304.3 -148414129877729 -3984.15129263448 -53741.6350169746 1451126475.62976
2848434352.94124 -11062141071941.7 -148524976729154 -3984.15037519376 -53741.6226990495 1451126475.62976
2850496941.17653 -11070358732688.3 -148635823555191 -3984.14945912454 -53741.6103994961 1451126475.62976
2852559529.41183 -11078576391546.7 -148746670355878 -3984.14854442374 -53741.5981182734 1451126475.62976
2854622117.64712 -11086794048520 -148857517131253 -3984.1476310883 -53741.5858553405 1451126475.62976
2856684705.88242 -11095011703610.8 -148968363881353 -3984.14671911516 -53741.5736106564 1451126475.62976
2858747294.11771 -11103229356822 -149079210606216 -3984.14580850128 -53741.5613841806 1451126475.62976
2860809882.353 -11111447008156.4 -149190057305880 -3984.14489924362 -53741.5491758723 1451126475.62976
2862872470.5883 -11119664657616.7 -149300903980382 -3984.14399133915 -53741.5369856912 1451126475.62976
2864935058.82359 -11127882305205.8 -149411750629759 -3984.14308478485 -53741.5248135969 1451126475.62976
2866997647.05889 -11136099950926.4 -149522597254049 -3984.14217957772 -53741.5126595491 1451126475.62976
2869060235.29418 -11144317594781.4 -149633443853289 -3984.14127571475 -53741.5005235078 1451126475.62976
2871122823.52948 -11152535236773.4 -149744290427515 -3984.14037319295 -53741.4884054329 1451126475.62976
2873185411.76477 -11160752876905.3 -149855136976765 -3984.13947200934 -53741.4763052847 1451126475.62976
2875248000.00007 -11168970515179.8 -149965983501077 -3984.13857216094 -53741.4642230232 1451126475.62976
2877310588.23536 -11177188151599.7 -150076830000486 -3984.13767364478 -53741.452158609 1451126475.62976
2879373176.47065 -11185405786167.6 -150187676475029 -3984.13677645792 -53741.4401120025 1451126475.62976
2881435764.70595 -11193623418886.4 -150298522924743 -3984.1358805974 -53741.4280831642 1451126475.62976
2883498352.94124 -11201841049758.8 -150409369349666 -3984.13498606028 -53741.416072055 1451126475.62976
2885560941.17654 -11210058678787.5 -150520215749832 -3984.13409284364 -53741.4040786355 1451126475.62976
2887623529.41183 -11218276305975.2 -150631062125279 -3984.13320094455 -53741.3921028669 1451126475.62976
2889686117.64713 -11226493931324.6 -150741908476044 -3984.13231036009 -53741.38014471 1451126475.62976
2891748705.88242 -11234711554838.5 -150852754802161 -3984.13142108737 -53741.3682041262 1451126475.62976
2893811294.11771 -11242929176519.5 -150963601103668 -3984.13053312348 -53741.3562810766 1451126475.62976
2895873882.35301 -11251146796370.4 -151074447380601 -3984.12964646555 -53741.3443755228 1451126475.62976
2897936470.5883 -11259364414393.8 -151185293632996 -3984.12876111068 -53741.3324874261 1451126475.62976
2899999058.8236 -11267582030592.4 -151296139860889 -3984.12787705601 -53741.3206167483 1451126475.62976
2902061647.05889 -11275799644968.9 -151406986064315 -3984.12699429868 -53741.3087634511 1451126475.62976
2904124235.29419 -11284017257526 -151517832243310 -3984.12611283583 -53741.2969274963 1451126475.62976
2906186823.52948 -11292234868266.3 -151628678397911 -3984.12523266461 -53741.2851088459 1451126475.62976
2908249411.76477 -11300452477192.6 -151739524528152 -3984.1243537822 -53741.2733074619 1451126475.62976
2910312000.00007 -11308670084307.3 -151850370634070 -3984.12347618576 -53741.2615233066 1451126475.62976
2912374588.23536 -11316887689613.3 -151961216715700 -3984.12259987247 -53741.2497563423 1451126475.62976
2914437176.47066 -11325105293113.2 -152072062773077 -3984.12172483952 -53741.2380065313 1451126475.62976
2916499764.70595 -11333322894809.5 -152182908806236 -3984.1208510841 -53741.2262738361 1451126475.62976
2918562352.94125 -11341540494704.9 -152293754815214 -3984.11997860342 -53741.2145582195 1451126475.62976
2920624941.17654 -11349758092802.1 -152404600800044 -3984.11910739469 -53741.2028596441 1451126475.62976
2922687529.41184 -11357975689103.6 -152515446760763 -3984.11823745513 -53741.1911780728 1451126475.62976
2924750117.64713 -11366193283612.1 -152626292697405 -3984.11736878196 -53741.1795134684 1451126475.62976
2926812705.88242 -11374410876330.3 -152737138610005 -3984.11650137244 -53741.1678657942 1451126475.62976
2928875294.11772 -11382628467260.6 -152847984498599 -3984.11563522379 -53741.1562350132 1451126475.62976
2930937882.35301 -11390846056405.7 -152958830363220 -3984.11477033327 -53741.1446210887 1451126475.62976
2933000470.58831 -11399063643768.1 -153069676203904 -3984.11390669815 -53741.1330239841 1451126475.62976
2935063058.8236 -11407281229350.6 -153180522020685 -3984.11304431569 -53741.1214436629 1451126475.62976
2937125647.0589 -11415498813155.6 -153291367813598 -3984.11218318317 -53741.1098800886 1451126475.62976
2939188235.29419 -11423716395185.7 -153402213582677 -3984.11132329786 -53741.098333225 1451126475.62976
2941250823.52948 -11431933975443.5 -153513059327957 -3984.11046465707 -53741.0868030359 1451126475.62976
2943313411.76478 -11440151553931.6 -153623905049472 -3984.1096072581 -53741.0752894851 1451126475.62976
2945376000.00007 -11448369130652.4 -153734750747257 -3984.10875109825 -53741.0637925367 1451126475.62976
2947438588.23537 -11456586705608.7 -153845596421345 -3984.10789617483 -53741.0523121547 1451126475.62976
2949501176.47066 -11464804278802.9 -153956442071771 -3984.10704248517 -53741.0408483035 1451126475.62976
2951563764.70596 -11473021850237.5 -154067287698568 -3984.1061900266 -53741.0294009472 1451126475.62976
2953626352.94125 -11481239419915.1 -154178133301772 -3984.10533879647 -53741.0179700505 1451126475.62976
2955688941.17654 -11489456987838.3 -154288978881415 -3984.10448879211 -53741.0065555776 1451126475.62976
2957751529.41184 -11497674554009.5 -154399824437532 -3984.10364001088 -53740.9951574934 1451126475.62976
2959814117.64713 -11505892118431.3 -154510669970156 -3984.10279245014 -53740.9837757624 1451126475.62976
2961876705.88243 -11514109681106.2 -154621515479321 -3984.10194610726 -53740.9724103496 1451126475.62976
2963939294.11772 -11522327242036.6 -154732360965061 -3984.10110097962 -53740.9610612199 1451126475.62976
2966001882.35302 -11530544801225.2 -154843206427409 -3984.1002570646 -53740.9497283382 1451126475.62976
2968064470.58831 -11538762358674.4 -154954051866399 -3984.0994143596 -53740.9384116698 1451126475.62976
2970127058.82361 -11546979914386.6 -155064897282063 -3984.098572862 -53740.9271111798 1451126475.62976
2972189647.0589 -11555197468364.5 -155175742674436 -3984.09773256923 -53740.9158268336 1451126475.62976
2974252235.29419 -11563415020610.4 -155286588043551 -3984.09689347869 -53740.9045585966 1451126475.62976
2976314823.52949 -11571632571126.8 -155397433389441 -3984.09605558781 -53740.8933064343 1451126475.62976
2978377411.76478 -11579850119916.3 -155508278712138 -3984.095218894 -53740.8820703124 1451126475.62976
2980440000.00008 -11588067666981.2 -155619124011677 -3984.09438339472 -53740.8708501966 1451126475.62976
2982502588.23537 -11596285212324.1 -155729969288089 -3984.09354908741 -53740.8596460527 1451126475.62976
2984565176.47067 -11604502755947.4 -155840814541409 -3984.0927159695 -53740.8484578466 1451126475.62976
2986627764.70596 -11612720297853.5 -155951659771668 -3984.09188403847 -53740.8372855443 1451126475.62976
2988690352.94125 -11620937838044.9 -156062504978900 -3984.09105329178 -53740.8261291119 1451126475.62976
2990752941.17655 -11629155376524 -156173350163137 -3984.0902237269 -53740.8149885157 1451126475.62976
2992815529.41184 -11637372913293.3 -156284195324411 -3984.08939534131 -53740.8038637219 1451126475.62976
2994878117.64714 -11645590448355.2 -156395040462757 -3984.08856813249 -53740.792754697 1451126475.62976
2996940705.88243 -11653807981712.1 -156505885578205 -3984.08774209795 -53740.7816614075 1451126475.62976
2999003294.11773 -11662025513366.5 -156616730670788 -3984.08691723517 -53740.7705838198 1451126475.62976
3001065882.35302 -11670243043320.7 -156727575740539 -3984.08609354168 -53740.7595219008 1451126475.62976
3003128470.58831 -11678460571577.1 -156838420787490 -3984.08527101499 -53740.7484756171 1451126475.62976
3005191058.82361 -11686678098138.3 -156949265811673 -3984.08444965261 -53740.7374449357 1451126475.62976
3007253647.0589 -11694895623006.5 -157060110813121 -3984.08362945208 -53740.7264298235 1451126475.62976
3009316235.2942 -11703113146184.1 -157170955791865 -3984.08281041093 -53740.7154302476 1451126475.62976
3011378823.52949 -11711330667673.7 -157281800747937 -3984.08199252671 -53740.7044461752 1451126475.62976
3013441411.76479 -11719548187477.4 -157392645681369 -3984.08117579696 -53740.6934775734 1451126475.62976
3015504000.00008 -11727765705597.8 -157503490592194 -3984.08036021925 -53740.6825244096 1451126475.62976
3017566588.23537 -11735983222037.1 -157614335480443 -3984.07954579114 -53740.6715866512 1451126475.62976
3019629176.47067 -11744200736797.8 -157725180346148 -3984.0787325102 -53740.6606642658 1451126475.62976
3021691764.70596 -11752418249882.2 -157836025189340 -3984.077920374 -53740.649757221 1451126475.62976
3023754352.94126 -11760635761292.7 -157946870010051 -3984.07710938014 -53740.6388654844 1451126475.62976
3025816941.17655 -11768853271031.6 -158057714808312 -3984.07629952619 -53740.6279890238 1451126475.62976
3027879529.41185 -11777070779101.3 -158168559584156 -3984.07549080977 -53740.6171278072 1451126475.62976
3029942117.64714 -11785288285504.1 -158279404337613 -3984.07468322847 -53740.6062818026 1451126475.62976
3032004705.88244 -11793505790242.4 -158390249068715 -3984.07387677991 -53740.5954509778 1451126475.62976
3034067294.11773 -11801723293318.5 -158501093777494 -3984.07307146171 -53740.5846353012 1451126475.62976
3036129882.35302 -11809940794734.7 -158611938463979 -3984.07226727148 -53740.573834741 1451126475.62976
3038192470.58832 -11818158294493.3 -158722783128203 -3984.07146420687 -53740.5630492654 1451126475.62976
3040255058.82361 -11826375792596.7 -158833627770196 -3984.07066226551 -53740.552278843 1451126475.62976
3042317647.05891 -11834593289047.2 -158944472389990 -3984.06986144504 -53740.5415234421 1451126475.62976
3044380235.2942 -11842810783847.1 -159055316987616 -3984.06906174312 -53740.5307830314 1451126475.62976
3046442823.5295 -11851028276998.7 -159166161563104 -3984.0682631574 -53740.5200575797 1451126475.62976
3048505411.76479 -11859245768504.3 -159277006116485 -3984.06746568555 -53740.5093470556 1451126475.62976
3050568000.00008 -11867463258366.2 -159387850647790 -3984.06666932523 -53740.4986514279 1451126475.62976
3052630588.23538 -11875680746586.6 -159498695157050 -3984.06587407414 -53740.4879706658 1451126475.62976
3054693176.47067 -11883898233167.9 -159609539644295 -3984.06507992995 -53740.4773047381 1451126475.62976
3056755764.70597 -11892115718112.4 -159720384109556 -3984.06428689034 -53740.4666536139 1451126475.62976
3058818352.94126 -11900333201422.3 -159831228552863 -3984.06349495303 -53740.4560172626 1451126475.62976
3060880941.17656 -11908550683099.8 -159942072974247 -3984.06270411571 -53740.4453956533 1451126475.62976
3062943529.41185 -11916768163147.4 -160052917373738 -3984.06191437608 -53740.4347887555 1451126475.62976
3065006117.64714 -11924985641567.2 -160163761751367 -3984.06112573188 -53740.4241965386 1451126475.62976
3067068705.88244 -11933203118361.4 -160274606107163 -3984.06033818081 -53740.4136189721 1451126475.62976
3069131294.11773 -11941420593532.4 -160385450441157 -3984.05955172061 -53740.4030560256 1451126475.62976
3071193882.35303 -11949638067082.3 -160496294753380 -3984.05876634901 -53740.3925076689 1451126475.62976
3073256470.58832 -11957855539013.5 -160607139043860 -3984.05798206376 -53740.3819738717 1451126475.62976
3075319058.82362 -11966073009328.1 -160717983312629 -3984.0571988626 -53740.371454604 1451126475.62976
3077381647.05891 -11974290478028.5 -160828827559715 -3984.05641674328 -53740.3609498357 1451126475.62976
3079444235.29421 -11982507945116.7 -160939671785150 -3984.05563570356 -53740.3504595367 1451126475.62976
3081506823.5295 -11990725410595.1 -161050515988962 -3984.05485574122 -53740.3399836774 1451126475.62976
3083569411.76479 -11998942874465.9 -161161360171182 -3984.05407685402 -53740.3295222277 1451126475.62976
3085632000.00009 -12007160336731.3 -161272204331839 -3984.05329903973 -53740.3190751581 1451126475.62976
3087694588.23538 -12015377797393.4 -161383048470962 -3984.05252229616 -53740.3086424389 1451126475.62976
3089757176.47068 -12023595256454.6 -161493892588582 -3984.05174662108 -53740.2982240406 1451126475.62976
3091819764.70597 -12031812713916.9 -161604736684728 -3984.05097201229 -53740.2878199336 1451126475.62976
3093882352.94127 -12040030169782.7 -161715580759430 -3984.0501984676 -53740.2774300886 1451126475.62976
3095944941.17656 -12048247624054 -161826424812716 -3984.0494259848 -53740.2670544763 1451126475.62976
3098007529.41185 -12056465076733.1 -161937268844616 -3984.04865456173 -53740.2566930675 1451126475.62976
3100070117.64715 -12064682527822.2 -162048112855159 -3984.0478841962 -53740.246345833 1451126475.62976
3102132705.88244 -12072899977323.4 -162158956844375 -3984.04711488603 -53740.2360127437 1451126475.62976
3104195294.11774 -12081117425239 -162269800812292 -3984.04634662906 -53740.2256937706 1451126475.62976
3106257882.35303 -12089334871571 -162380644758941 -3984.04557942313 -53740.2153888849 1451126475.62976
3108320470.58833 -12097552316321.7 -162491488684349 -3984.04481326607 -53740.2050980578 1451126475.62976
3110383058.82362 -12105769759493.2 -162602332588545 -3984.04404815575 -53740.1948212603 1451126475.62976
3112445647.05891 -12113987201087.6 -162713176471560 -3984.04328409002 -53740.184558464 1451126475.62976
3114508235.29421 -12122204641107.2 -162824020333421 -3984.04252106673 -53740.1743096401 1451126475.62976
3116570823.5295 -12130422079554.1 -162934864174157 -3984.04175908376 -53740.1640747602 1451126475.62976
3118633411.7648 -12138639516430.3 -163045707993797 -3984.04099813899 -53740.1538537959 1451126475.62976
3120696000.00009 -12146856951738.2 -163156551792370 -3984.04023823028 -53740.1436467187 1451126475.62976
3122758588.23539 -12155074385479.7 -163267395569904 -3984.03947935553 -53740.1334535004 1451126475.62976
3124821176.47068 -12163291817657 -163378239326428 -3984.03872151263 -53740.1232741127 1451126475.62976
3126883764.70598 -12171509248272.3 -163489083061970 -3984.03796469947 -53740.1131085276 1451126475.62976
3128946352.94127 -12179726677327.6 -163599926776560 -3984.03720891395 -53740.102956717 1451126475.62976
3131008941.17656 -12187944104825.1 -163710770470224 -3984.03645415399 -53740.0928186529 1451126475.62976
3133071529.41186 -12196161530767 -163821614142992 -3984.0357004175 -53740.0826943074 1451126475.62976
3135134117.64715 -12204378955155.2 -163932457794891 -3984.0349477024 -53740.0725836526 1451126475.62976
3137196705.88245 -12212596377991.9 -164043301425951 -3984.0341960066 -53740.0624866609 1451126475.62976
3139259294.11774 -12220813799279.3 -164154145036199 -3984.03344532805 -53740.0524033045 1451126475.62976
3141321882.35304 -12229031219019.3 -164264988625663 -3984.03269566468 -53740.0423335558 1451126475.62976
3143384470.58833 -12237248637214.2 -164375832194371 -3984.03194701443 -53740.0322773874 1451126475.62976
3145447058.82362 -12245466053865.9 -164486675742351 -3984.03119937525 -53740.0222347716 1451126475.62976
3147509647.05892 -12253683468976.6 -164597519269632 -3984.0304527451 -53740.0122056813 1451126475.62976
3149572235.29421 -12261900882548.4 -164708362776240 -3984.02970712192 -53740.002190089 1451126475.62976
3151634823.52951 -12270118294583.3 -164819206262205 -3984.02896250369 -53739.9921879675 1451126475.62976
3153697411.7648 -12278335705083.3 -164930049727553 -3984.02821888837 -53739.9821992896 1451126475.62976
3155760000.0001 -12286553114050.7 -165040893172313 -3984.02747627394 -53739.9722240284 1451126475.62976
