0 1556958000000 0 -11000 2000 -22756327.2740819
1051920 1545356432880.25 2103826200.72651 -11058.0333200602 1999.96049714716 -22756327.2736629
2103840 1533693358642.67 4207568349.09647 -11116.9466087837 1999.83958333413 -22756327.2732145
3155760 1521967838738.29 6311138851.2709 -11176.7645412497 1999.63350710167 -22756327.2727344
4207680 1510178908138.31 8414446062.43877 -11237.5127967799 1999.33831576131 -22756327.2722199
5259600 1498325574249.71 10517394068.3659 -11299.2181127782 1998.94984235535 -22756327.271668
6311520 1486406815772.34 12619882452.705 -11361.9083421676 1998.4636916105 -22756327.2710756
7363440 1474421581493.57 14721806048.9616 -11425.6125147133 1997.8752247941 -22756327.2704389
8415360 1462368789016.3 16823054675.909 -11490.360902549 1997.17954337294 -22756327.2697542
9467280 1450247323415.63 18923512855.1355 -11556.1850902505 1996.3714713635 -22756327.2690171
10519200 1438056035819.26 21023059509.2849 -11623.1180498386 1995.44553625125 -22756327.2682228
11571120 1425793741906.25 23121567639.4128 -11691.1942211278 1994.39594834296 -22756327.2673661
12623040 1413459220318.27 25218903979.7351 -11760.4495978779 1993.21657840125 -22756327.266441
13674960 1401051210976.85 27314928627.8721 -11830.9218202545 1991.90093339407 -22756327.2654411
14726880 1388568413299.94 29409494648.5125 -11902.6502741544 1990.4421301725 -22756327.2643592
15778800 1376009484310.03 31502447648.2075 -11975.6761980073 1988.83286686971 -22756327.2631872
16830720 1363373036625.7 33593625318.7809 -12050.0427977348 1987.06539178917 -22756327.2619162
17882640 1350657636327.66 35682856946.5792 -12125.795370614 1985.1314695238 -22756327.2605363
18934560 1337861800689.47 37769962884.4993 -12202.9814388779 1983.02234401632 -22756327.2590362
19986480 1324983995762.08 39854753983.4109 -12281.6508939747 1980.72869823667 -22756327.2574034
21038400 1312022633800.75 41937030979.2241 -12361.8561525099 1978.24061011234 -22756327.2556241
22090320 1298976070521.15 44016583831.452 -12443.6523250129 1975.54750430218 -22756327.2536824
23142240 1285842602170.7 46093191008.6576 -12527.0973987979 1972.63809935275 -22756327.2515606
24194160 1272620462399.49 48166618715.6591 -12612.2524363389 1969.50034971702 -22756327.2492388
25246080 1259307818913.74 50236620056.7876 -12699.1817907476 1966.12138204734 -22756327.2466946
26298000 1245902769892.77 52302934128.8293 -12787.9533401299 1962.48742509707 -22756327.2439023
27349920 1232403340148.65 54365285036.5431 -12878.6387428206 1958.5837324753 -22756327.2408331
28401840 1218807477005.45 56423380822.7903 -12971.3137157376 1954.39449739593 -22756327.2374541
29453760 1205113045872.43 58476912304.3548 -13066.0583383866 1949.90275844271 -22756327.233728
30505680 1191317825482.65 60525551803.4265 -13162.9573853682 1945.09029523343 -22756327.2296119
31557600 1177419502765.5 62568951763.4679 -13262.1006906182 1939.93751270535 -22756327.2250571
32609520 1163415667317.77 64606743236.7392 -13363.5835470371 1934.42331255652 -22756327.2200075
33661440 1149303805433.9 66638534229.1079 -13467.5071456681 1928.52495015875 -22756327.2143988
34713360 1135081293651.49 68663907885.862 -13573.9790591515 1922.21787500151 -22756327.2081568
35765280 1120745391762.52 70682420500.0538 -13683.1137748588 1915.47555242508 -22756327.2011956
36817200 1106293235235.05 72693599322.3588 -13795.0332838783 1908.2692640467 -22756327.1934159
37869120 1091721826982.88 74696940148.4919 -13909.8677329373 1900.56788386481 -22756327.1847023
38921040 1077028028412.81 76691904656.7961 -14027.7561474005 1892.33762653015 -22756327.1749201
39972960 1062208549669.96 78677917464.6246 -14148.8472347319 1883.54176368286 -22756327.1639121
41024880 1047259938990.87 80654362867.4656 -14273.3002792696 1874.1403035513 -22756327.1514936
42076800 1032178571061.95 82620581219.2749 -14401.2861408934 1864.08962816623 -22756327.1374473
43128720 1016960634266.44 84575864906.0255 -14532.9883722153 1853.34208153265 -22756327.1215168
44180640 1001602116686.45 86519453856.8612 -14668.6044713561 1841.84550088226 -22756327.1033977
45232560 986098790707.316 88450530528.202 -14808.3472902858 1829.54268165267 -22756327.0827282
46284480 970446196048.512 90368214285.396 -14952.4466221847 1816.37076504516 -22756327.0590758
47336400 954639621018.735 92271555093.674 -15101.1509954771 1802.26053482126 -22756327.0319217
48388320 938674081761.026 94159526414.7639 -15254.7297072505 1787.13560731127 -22756327.0006404
49440240 922544299216.26 96031017186.9836 -15413.4751349181 1770.91149529631 -22756326.9644752
50492160 906244673488.678 97884822744.2092 -15577.7053724645 1753.49452232505 -22756326.9225048
51544080 889769255243.7 99719634501.8743 -15747.7672467853 1734.7805589216 -22756326.8736031
52596000 873111713704.187 101534028204.898 -15924.039780911 1714.6535457525 -22756326.8163856
53647920 856265300733.928 103326450491.629 -16106.938184864 1692.98376077834 -22756326.7491403
54699840 839222810403.434 105095203477.534 -16296.9184722669 1669.62577723052 -22756326.6697379
55751760 821976533318.893 106838426999.92 -16494.4828225492 1644.41604627237 -22756326.5755128
56803680 804518204855.225 108554078086.966 -16700.1858359695 1617.17002154668 -22756326.463106
57855600 786838946261.847 110239907116.47 -16914.6418633499 1587.6787212852 -22756326.3282539
58907520 768929197396.033 111893430005.829 -17138.533636687 1555.70459562602 -22756326.1655038
59959440 750778639572.261 113511895617.151 -17372.6224836994 1520.97652999291 -22756325.9678253
61011360 732376106681.056 115092247358.999 -17617.7604830964 1483.18376668626 -22756325.7260756
62063280 713709482307.201 116631077704.638 -17874.9050136477 1441.96846177183 -22756325.4282538
63115200 694765580036.959 118124574005.162 -18145.1362770384 1396.9165065923 -22756325.0584511
64167120 675530003449.342 119568453526.419 -18429.6785433089 1347.54612361583 -22756324.5953513
65219040 655986981385.503 120957885040.881 -18729.926094513 1293.29358149475 -22756324.0100631
66270960 636119172910.377 122287393502.409 -19047.4751503224 1233.49514430342 -22756323.2629373
67322880 615907434819.718 123550743240.055 -19384.1634826509 1167.36404511667 -22756322.2988223
68374800 595330542457.579 124740793604.656 -19742.1200153983 1093.96080876509 -22756321.039866
69426720 574364851782.643 125849318906.535 -20123.8275360952 1012.15457181287 -22756319.3743928
70478640 552983886745.632 126866781517.36 -20532.2028350283 920.572047103931 -22756317.1393599
71530560 531157830649.328 127782042745.419 -20970.7003160543 817.529273714951 -22756314.0920577
72582480 508852892549.462 128581989854.62 -21443.4476810952 700.938979904021 -22756309.8633182
73634400 486030508819.878 129251048290.535 -21955.4261479312 568.182756345119 -22756303.8779936
74686320 462646324005.109 129770533993.218 -22512.7136025616 415.931400312244 -22756295.215605
75738240 438648871185.238 130117778539.538 -23122.8184542686 239.887151126714 -22756282.3576007
76790160 413977835557.551 130264924371.34 -23795.1471145903 34.4051247524592 -22756262.7107584
77842080 388561727685.493 130177228733.341 -24541.6732524722 -208.077659817708 -22756231.6676546
78894000 362314700489.591 129810614672.853 -25377.9203717639 -497.930242200102 -22756180.6573803
79945920 335132090087.287 129108029032.304 -26324.4466627352 -849.758763999666 -22756092.8532129
80997840 306883994298.778 127993834885.674 -27409.1649758507 -1284.81170525303 -22755933.0335566
82049760 277405722221.27 126364811627.957 -28671.1110761039 -1835.23096963318 -22755621.5320302
83101680 246483038704.42 124074961673.147 -30166.8488649693 -2552.04036029256 -22754960.0841776
84153600 213828308731.717 120908196186.997 -31981.9528257482 -3521.35009106149 -22753391.9634035
85205520 179039786898.049 116525110813.784 -34252.8876047594 -4900.61921109434 -22749087.9845136
86257440 141527648587.21 110347563820.681 -37211.41395101 -7011.16643282707 -22734619.8207175
87309360 100371066125.432 101268097235.078 -41277.0109319222 -10621.9202578236 -22669401.7467805
88361280 54048355252.5047 86736328500.3281 -47177.7634835575 -18097.8306902947 -22220907.5015237
89413200 557036068.457596 58682237349.4576 -53419.8784184332 -40357.3309091991 -20721463.691751
90465120 -37133383862.4468 -11501302777.5703 -2145.43169930467 -81292.4258887038 -108126575.147299
91517040 -17661997398.795 -78134191216.7311 25453.6309062243 -47157.5252068214 -221210606.707852
92568960 10129828119.5605 -119135544708.423 26464.0315296587 -32755.4751556566 -223558437.91959
93620880 37368657102.7546 -149323280763.012 25226.79295567 -25314.6934678369 -223741681.109663
94672800 63147730666.4363 -173324188722.259 23791.6573925414 -20629.430644965 -223772497.979655
95724720 87456406871.1603 -193200235938.567 22447.0804362508 -17332.2232244723 -223780333.644221
96776640 110418227125.347 -210067831818.516 21231.159106843 -14843.7132382293 -223782914.647095
97828560 132165185443.88 -224608910219.751 20134.5620336971 -12873.5494576837 -223783929.55429
98880480 152813827581.627 -237275355717.175 19140.0131397431 -11258.709378287 -223784383.436113
99932400 172462660973.427 -248384664760.581 18231.0925497892 -9899.86391556208 -223784607.22938
100984320 191194242101.547 -258169962443.833 17393.962345095 -8732.64622409516 -223784726.348058
102036240 209077945010.982 -266808403757.335 16617.3396683918 -7713.2905959727 -223784793.776301
103088160 226172442272.176 -274438363599.796 15892.0843796318 -6810.86826486419 -223784833.923551
104140080 242527727081.557 -281170383884.568 15210.7665898338 -6002.81946538416 -223784858.858497
105192000 258186713359.564 -287094440287.75 14567.3017968731 -5272.24820756887 -223784874.909454
106243920 273186492993.28 -292284935278.523 13956.6627448468 -4606.21363401579 -223784885.56366
107295840 287559325751.568 -296804230327.577 13374.6568867706 -3994.61162402897 -223784892.826227
108347760 301333423425.67 -300705207819.579 12817.7553955872 -3429.42004470958 -223784897.893283
109399680 314533575734.498 -304033169782.354 12282.9614529477 -2904.17576376519 -223784901.501695
110451600 327181654008.099 -306827271928.12 11767.708170845 -2413.60378281839 -223784904.118461
111503520 339297019799.558 -309121624909.242 11269.7788587464 -1953.34882869399 -223784906.047094
112555440 350896858933.832 -310946152605.634 10787.2442101291 -1519.77754691384 -223784907.489344
113607360 361996456567.363 -312327269942.467 10318.4123814145 -1109.8303454628 -223784908.582056
114659280 372609425166.91 -313288424576.744 9861.78896742976 -720.908796883735 -223784909.419761
115711200 382747894582.678 -313850534459.432 9416.04463259014 -350.788928375014 -223784910.068852
116763120 392422671339.656 -314032344743.527 8979.98871004006 2.44635770071028 -223784910.576669
117815040 401643372720.537 -313850721496.015 8552.54748760147 340.460533512003 -223784910.97743
118866960 410418540031.926 -313320895369.505 8132.74620002481 664.705827649393 -223784911.296186
119918880 418755734537.618 -312456665266.175 7719.69397080597 976.457270420221 -223784911.551485
120970800 426661618839.079 -311270569729.284 7312.57111454458 1276.8402767571 -223784911.757205
122022720 434142025933.352 -309774032086.807 6910.61833739058 1566.85317073827 -223784911.923829
123074640 441202017745.015 -307977484083.6 6513.12746928423 1847.38571485671 -223784912.059343
124126560 447845934583.861 -305890471758.324 6119.43343518814 2119.23445713034 -223784912.169873
125178480 454077436702.989 -303521746568.396 5728.90722897125 2383.11552368149 -223784912.260151
126230400 459899538907.248 -300879344182.571 5340.94969714966 2639.67534542058 -223784912.333844
127282320 465314638977.66 -297970652904.608 4954.98597334116 2889.49970228308 -223784912.393804
128334240 470324540524.266 -294802473332.225 4570.46043028265 3133.12138813076 -223784912.442247
129386160 474930470750.813 -291381070570.679 4186.83203624023 3371.02673752298 -223784912.480889
130438080 479133093503.949 -287712220092.901 3803.57001783351 3603.66120745162 -223784912.51104
131490000 482932517882.846 -283801248155.64 3420.14974259235 3831.43416942166 -223784912.533683
132541920 486328302598.442 -279653067533.894 3036.04874261637 4054.7230374405 -223784912.549523
133593840 489319456191.792 -275272209216.812 2650.74280596804 4273.87683368289 -223784912.559024
134645760 491904433145.511 -270662850611.64 2263.70206519418 4489.21927440985 -223784912.562432
135697680 494081125848.439 -265828840723.928 1874.38701279956 4701.05144305799 -223784912.55979
136749600 495846852299.053 -260773722718.836 1482.24437162663 4909.65410443746 -223784912.550935
137801520 497198339355.363 -255500754217.6 1086.70274384702 5115.28970301308 -223784912.535492
138853440 498131701255.402 -250012925643.053 687.167955437063 5318.20407874381 -223784912.512854
139905360 498642413040.128 -244312976897.493 283.018003246899 5518.62792545182 -223784912.482146
140957280 498725278406.225 -238403412634.068 -126.402501430774 5716.77800875826 -223784912.442182
142009200 498374391395.957 -232286516369.043 -541.788516244264 5912.85815284679 -223784912.391393
143061120 497583091190.053 -225964363676.77 -963.881524062365 6107.05999726605 -223784912.327737
144113040 496343909101.474 -219438834712.413 -1393.47743703995 6299.56351617023 -223784912.248577
145164960 494648506665.217 -212711626320.72 -1831.43566054456 6490.53728223092 -223784912.150508
146216880 492487603472.12 -205784264014.017 -2278.68957684961 6680.13844517949 -223784912.029129
147268800 489850893090.173 -198658114142 -2736.2587702434 6868.51237955283 -223784911.878733
148320720 486726945038.168 -191334396633.626 -3205.26339532303 7055.79193634288 -223784911.691873
149372640 483103090301.375 -183814198773.31 -3686.94119488244 7242.09620696573 -223784911.458767
150424560 478965287277.162 -176098490587.606 -4182.66781150522 7427.52867252063 -223784911.166461
151476480 474297964269.395 -168188142576.386 -4693.98121972519 7612.17456271981 -223784910.797643
152528400 469083833658.301 -160083946740.83 -5222.61135044643 7796.09718127129 -223784910.328932
153580320 463303671579.824 -151786642163.589 -5770.51631068666 7979.33285913546 -223784909.728405
154632240 456936055246.731 -143296946820.031 -6339.92705525072 8161.88406068234 -223784908.951924
155684160 449957047778.646 -134615597896.606 -6933.40299527291 8343.70996992259 -223784907.937634
156736080 442339817357.044 -125743403743.262 -7553.90191059497 8524.71359269466 -223784906.597556
157788000 434054173358.731 -116681311814.483 -8204.8687889879 8704.72397499847 -223784904.804495
158839920 425065996362.856 -107430498749.773 -8890.35003206658 8883.4714747485 -223784902.371213
159891840 415336530839.088 -97992491414.3732 -9615.14214113008 9060.55299658085 -223784899.016553
160943760 404821497776.057 -88369331760.081 -10384.9880045185 9235.38247334764 -223784894.308865
161995680 393469967714.658 -78563804597.6131 -11206.8400439025 9407.11924619232 -223784887.568835
163047600 381222909728.08 -68579757199.9595 -12089.219087658 9574.5626267658 -223784877.697171
164099520 368011294063.348 -58422555544.117 -13042.713283514 9735.99346660436 -223784862.857876
165151440 353753567277.677 -48099748410.774 -14080.6869035922 9888.9304116719 -223784839.871857
166203360 338352224398.424 -37622055887.8394 -15220.3125263403 10029.7444912499 -223784803.000518
167255280 321689046617.137 -27004879500.1488 -16484.1174186448 10153.0299088935 -223784741.370183
168307200 303618305114.402 -16270680990.0593 -17902.3779678882 10250.5373690071 -223784633.162655
169359120 283956751234.73 -5452869088.90123 -19516.9738654324 10309.2826007882 -223784431.489227
170411040 262468307079.537 5397561246.09332 -21387.885626773 10308.0043387332 -223784026.780795
171462960 238839554961.599 16200046922.2061 -23604.7798516075 10210.0687796173 -223783134.802462
172514880 212638211323.293 26821271405.1665 -26309.1464822922 9947.9859954148 -223780912.526922
173566800 183237550785.42 37026013898.5904 -29740.4544247594 9385.6082227938 -223774372.760578
174618720 149665487757.256 46359116122.2766 -34343.7626497246 8210.43249687157 -223749963.245954
175670640 110264209604.745 53805714965.9713 -41058.2907118126 5548.35442464198 -223619368.865098
176722560 61804939525.9729 56485582965.0306 -52170.4508265317 -2039.5163696813 -222409527.539177
177774480 -2112189739.67589 41263944578.264 -66094.8867300683 -39390.3330748179 -252592308.272605
178826400 -39797807031.3261 -20679640140.4123 5798.80972191218 -57925.8445340338 -1265147055.49927
179878320 -14577792001.138 -61175369551.5644 33412.280470222 -19962.49008425 -1353294122.99818
180930240 21297916709.5184 -65224590362.0989 32123.4853096292 10994.7931140584 -1358202994.86685
181982160 47345129774.1293 -39530169445.9121 14474.9144465687 37063.8880683118 -1360520345.23228
183034080 41327787757.8174 8823958100.74226 -33675.40265171 48950.3775311244 -1376010099.40381
184086000 -18412385134.865 19743812311.9476 -53627.0135137103 -45102.4566835082 -2461831165.36823
185137920 -36899120304.2786 -38409049754.1464 5261.10823116565 -36972.8001131445 -1794902276.10222
186189840 -18857035763.6332 -59131398332.3527 25116.7014738613 -3524.90247974921 -1817084379.78095
187241760 10575753206.6002 -41237321938.1528 26507.6660080853 43358.0466884418 -1826746030.15549
188293680 -49813977659.7971 29164126399.4572 -135062.283959176 71470.9779632559 9375360021.26441
189345600 -183094911472.845 99282396990.1626 -123926.147947241 65131.2689092689 9162569855.24206
190397520 -312415027648.956 167233582345.587 -122256.719308739 64231.6994343223 9161614855.98758
191449440 -440610357251.583 234581680085.659 -121560.143340631 63859.8281128311 9161548100.29764
192501360 -568262723006.672 301640537182.969 -121176.204089824 63655.7227032384 9161537235.33325
193553280 -695593615291.245 368528707267.413 -120932.622733919 63526.5493732177 9161534514.25162
194605200 -822711509635.232 435304013882 -120764.199986216 63437.376770511 9161533627.11104
195657120 -949677745052.215 501999069470.847 -120640.746288232 63372.0877565401 9161533281.32078
196709040 -1076530432334.85 568634100221.365 -120546.347249441 63322.206858781 9161533127.95354
197760960 -1203294888364.81 635222524553.8 -120471.812359916 63282.8482395034 9161533052.93854
198812880 -1329988795402.52 701773704864.16 -120411.460885754 63250.996044192 9161533013.32116
199864800 -1456624994809.34 768294434901.29 -120361.591426628 63224.6873560742 9161532991.06441
200916720 -1583213108622.66 834789801879.183 -120319.688421364 63202.5893023398 9161532977.90847
201968640 -1709760533946.01 901263714546.328 -120283.982209617 63183.7649102028 9161532969.79372
203020560 -1836273080576.71 967719241480.32 -120253.191503346 63167.5361998444 9161532964.60401
204072480 -1962755395296.07 1034158836019.19 -120226.365705707 63153.4004374786 9161532961.18005
205124400 -2089211253161.88 1100584490582.67 -120202.784640272 63140.9769228512 9161532958.85907
206176320 -2215643762910.76 1166997845427.74 -120181.892692008 63129.9720629134 9161532957.24795
207228240 -2342055515186.49 1233400267092.44 -120163.254323451 63120.1557954503 9161532956.10584
208280160 -2468448691695.2 1299792906136.23 -120146.523285379 63111.3452794532 9161532955.28091
209332080 -2594825147034.58 1366176740408.66 -120131.420842144 63103.3933661513 9161532954.67499
210384000 -2721186471018.69 1432552607993.17 -120117.720074883 63096.1802915754 9161532954.22314
211435920 -2847534036826.02 1498921232649.27 -120105.234370846 63089.6075869025 9161532953.88154
212487840 -2973869038673.69 1565283243714.59 -120093.808851495 63083.5935450943 9161532953.62004
213539760 -3100192521639.14 1631639191854.52 -120083.313899568 63078.0697986568 9161532953.41755
214591680 -3226505405515.56 1697989561658.06 -120073.640208845 63072.978703195 9161532953.25912
215643600 -3352808504078.85 1764334781808.6 -120064.694954387 63068.2713137185 9161532953.13394
216695520 -3479102540786.34 1830675233369.59 -120056.39879806 63063.9058026971 9161532953.03416
217747440 -3605388161672.33 1897011256589.27 -120048.683524209 63059.8462112919 9161532952.95396
218799360 -3731665946020.44 1963343156531.49 -120041.490155979 63056.0614546546 9161532952.889
219851280 -3857936415257.64 2029671207767.44 -120034.767442012 63052.5245229556 9161532952.836
220903200 -3984200040414.21 2095995658310.31 -120028.470631225 63049.2118346253 9161532952.79248
221955120 -4110457248418.33 2162316732934.88 -120022.56047365 63046.102709012 9161532952.75651
223007040 -4236708427437.51 2228634635994.05 -120017.002400113 63043.1789334965 9161532952.72661
224058960 -4362953931434.7 2294949553820.99 -120011.765844488 63040.4244058925 9161532952.70161
225110880 -4489194084073.96 2361261656788.15 -120006.823680419 63037.8248372858 9161532952.68061
226162800 -4615429182083.92 2427571101080.19 -120002.151750569 63035.3675037179 9161532952.66287
227214720 -4741659498167.01 2493878030227.33 -119997.728471135 63033.0410375969 9161532952.64783
228266640 -4867885283526.06 2560182576436.98 -119993.534497954 63030.8352516115 9161532952.63501
229318560 -4994106770067.28 2626484861754.59 -119989.552443283 63028.7409893872 9161532952.62403
230370480 -5120324172327.99 2692784999079.47 -119985.766634511 63026.749998264 9161532952.61461
231422400 -5246537689169.44 2759083093056.69 -119982.162907721 63024.8548204627 9161532952.60649
232474320 -5372747505268.21 2825379240862.83 -119978.728430381 63023.0486996127 9161532952.59945
233526240 -5498953792434.41 2891673532900.41 -119975.451548466 63021.325500169 9161532952.59335
234578160 -5625156710780.09 2957966053413.38 -119972.321654177 63019.6796376911 9161532952.58803
235630080 -5751356409758 3024256881034.3 -119969.329071089 63018.1060183126 9161532952.58339
236682000 -5877553029087.51 3090546089271.97 -119966.464954108 63016.5999860193 9161532952.57931
237733920 -6003746699582.07 3156833746947.29 -119963.721202052 63015.1572765842 9161532952.57573
238785840 -6129937543890.62 3223119918583.67 -119961.09038104 63013.773977199 9161532952.57257
239837760 -6256125677163.33 3289404664757.66 -119958.565657155 63012.4464909972 9161532952.56979
240889680 -6382311207650.86 3355688042414.48 -119956.140737106 63011.1715057907 9161532952.56732
241941600 -6508494237244.95 3421970105152.7 -119953.809815792 63009.9459664469 9161532952.56512
242993520 -6634674861966.98 3488250903481.46 -119951.567529858 63008.7670504219 9161532952.56317
244045440 -6760853172410.59 3554530485053.51 -119949.408916453 63007.6321460356 9161532952.56143
245097360 -6887029254143.26 3620808894876.67 -119947.329376523 63006.5388331386 9161532952.55987
246149280 -7013203188071.48 3687086175506.05 -119945.324642072 63005.4848658674 9161532952.55848
247201200 -7139375050773.3 3753362367219.13 -119943.390746893 63004.4681572303 9161532952.55723
248253120 -7265544914801.75 3819637508175.47 -119941.524000356 63003.4867653012 9161532952.5561
249305040 -7391712848962.13 3885911634562.72 -119939.720963876 63002.5388808284 9161532952.55509
250356960 -7517878918565.84 3952184780730.16 -119937.978429754 63001.6228160927 9161532952.55417
251408880 -7644043185663.02 4018456979311.22 -119936.293402117 63000.7369948694 9161532952.55334
252460800 -7770205709256.18 4084728261335.88 -119934.663079713 62999.8799433698 9161532952.55259
253512720 -7896366545496.63 4150998656334.1 -119933.084840357 62999.0502820514 9161532952.55191
254564640 -8022525747865.3 4217268192430.92 -119931.556226847 62998.2467182018 9161532952.5513
255616560 -8148683367339.45 4283536896434.27 -119930.074934184 62997.4680392121 9161532952.55074
256668480 -8274839452546.59 4349804793915.92 -119928.63879797 62996.7131064658 9161532952.55022
257720400 -8400994049906.74 4416071909286.38 -119927.245783843 62995.9808497793 9161532952.54976
258772320 -8527147203764.07 4482338265864.17 -119925.893977857 62995.2702623362 9161532952.54933
259824240 -8653298956508.87 4548603885939.97 -119924.581577701 62994.5803960648 9161532952.54894
260876160 -8779449348690.72 4614868790836.24 -119923.306884674 62993.9103574145 9161532952.54859
261928080 -8905598419123.56 4681133000962.43 -119922.068296346 62993.259303492 9161532952.54826
262980000 -9031746204983.36 4747396535866.43 -119920.86429983 62992.6264385208 9161532952.54796
264031920 -9157892741899.01 4813659414282.38 -119919.693465616 62992.0110105942 9161532952.54768
265083840 -9284038064037.04 4879921654175.22 -119918.554441902 62991.4123086926 9161532952.54742
266135760 -9410182204180.54 4946183272782.25 -119917.445949386 62990.8296599415 9161532952.54719
267187680 -9536325193802.89 5012444286651.93 -119916.366776467 62990.2624270868 9161532952.54697
268239600 -9662467063136.65 5078704711680.06 -119915.315774826 62989.7100061685 9161532952.54677
269291520 -9788607841237.88 5144964563143.69 -119914.291855345 62989.1718243736 9161532952.54659
270343440 -9914747556046.48 5211223855732.83 -119913.293984345 62988.6473380541 9161532952.54642
271395360 -10040886234442.6 5277482603580.15 -119912.321180096 62988.1360308935 9161532952.54626
272447280 -10167023902299.6 5343740820288.8 -119911.3725096 62987.6374122107 9161532952.54611
273499200 -10293160584533.7 5409998518958.59 -119910.447085596 62987.1510153879 9161532952.54597
274551120 -10419296305150.7 5476255712210.49 -119909.544063801 62986.6763964134 9161532952.54585
275603040 -10545431087289.6 5542512412209.68 -119908.66264033 62986.2131325289 9161532952.54573
276654960 -10671564953264.1 5608768630687.28 -119907.802049312 62985.7608209728 9161532952.54562
277706880 -10797697924601.2 5675024378960.72 -119906.961560669 62985.319077811 9161532952.54551
278758800 -10923830022077.9 5741279667953 -119906.140478047 62984.8875368503 9161532952.54542
279810720 -11049961265755.6 5807534508210.78 -119905.338136892 62984.4658486242 9161532952.54533
280862640 -11176091675012.5 5873788909921.51 -119904.553902657 62984.0536794495 9161532952.54525
281914560 -11302221268574.2 5940042882929.53 -119903.787169122 62983.6507105444 9161532952.54517
282966480 -11428350064543.2 6006296436751.33 -119903.037356838 62983.2566372063 9161532952.5451
284018400 -11554478080425.7 6072549580589.93 -119902.303911656 62982.8711680424 9161532952.54503
285070320 -11680605333157.5 6138802323348.54 -119901.58630337 62982.4940242513 9161532952.54497
286122240 -11806731839128.9 6205054673643.38 -119900.884024431 62982.1249389497 9161532952.5449
287174160 -11932857614207.8 6271306639815.95 -119900.196588753 62981.7636565423 9161532952.54485
288226080 -12058982673761.2 6337558229944.54 -119899.523530587 62981.4099321313 9161532952.5448
289278000 -12185107032676.9 6403809451855.24 -119898.864403474 62981.0635309624 9161532952.54475
290329920 -12311230705382.2 6470060313132.27 -119898.218779249 62980.7242279049 9161532952.5447
291381840 -12437353705863.8 6536310821127.9 -119897.586247121 62980.3918069638 9161532952.54466
292433760 -12563476047684.5 6602560982971.77 -119896.966412793 62980.0660608207 9161532952.54462
293485680 -12689597744001.1 6668810805579.83 -119896.358897649 62979.7467904022 9161532952.54458
294537600 -12815718807579.6 6735060295662.77 -119895.763337979 62979.4338044749 9161532952.54454
295589520 -12941839250811.3 6801309459734.09 -119895.17938425 62979.1269192622 9161532952.54451
296641440 -13067959085726.9 6867558304117.7 -119894.606700427 62978.8259580847 9161532952.54448
297693360 -13194078324010.1 6933806834955.27 -119894.044963324 62978.5307510211 9161532952.54445
298745280 -13320196977011.7 7000055058213.14 -119893.493861998 62978.2411345878 9161532952.54442
299797200 -13446315055761 7066302979688.9 -119892.953097172 62977.9569514368 9161532952.54439
300849120 -13572432570978.8 7132550605017.77 -119892.422380695 62977.6780500707 9161532952.54436
301901040 -13698549533088.3 7198797939678.53 -119891.901435029 62977.4042845731 9161532952.54434
302952960 -13824665952226 7265044988999.3 -119891.389992765 62977.1355143543 9161532952.54432
304004880 -13950781838252.4 7331291758163.01 -119890.887796163 62976.8716039098 9161532952.5443
305056800 -14076897200761.7 7397538252212.62 -119890.394596724 62976.6124225929 9161532952.54428
306108720 -14203012049091.4 7463784476056.13 -119889.910154774 62976.3578443987 9161532952.54426
307160640 -14329126392331.3 7530030434471.33 -119889.434239077 62976.1077477599 9161532952.54424
308212560 -14455240239332.2 7596276132110.39 -119888.966626471 62975.862015353 9161532952.54422
309264480 -14581353598714.5 7662521573504.21 -119888.507101512 62975.6205339147 9161532952.5442
310316400 -14707466478875.5 7728766763066.62 -119888.055456149 62975.383194068 9161532952.54419
311368320 -14833578887997.7 7795011705098.33 -119887.611489405 62975.1498901565 9161532952.54417
312420240 -14959690834055.6 7861256403790.83 -119887.175007082 62974.9205200879 9161532952.54416
313472160 -15085802324823 7927500863230.03 -119886.745821477 62974.6949851847 9161532952.54415
314524080 -15211913367879.4 7993745087399.73 -119886.323751111 62974.4731900429 9161532952.54413
315576000 -15338023970616.8 8059989080185.08 -119885.908620475 62974.2550423969 9161532952.54412
316627920 -15464134140245.3 8126232845375.75 -119885.500259786 62974.040452992 9161532952.54411
317679840 -15590243883799.5 8192476386669.04 -119885.098504755 62973.8293354622 9161532952.5441
318731760 -15716353208143.9 8258719707672.89 -119884.703196366 62973.6216062144 9161532952.54409
319783680 -15842462119978.5 8324962811908.71 -119884.314180668 62973.417184318 9161532952.54408
320835600 -15968570625843.9 8391205702814.12 -119883.931308572 62973.2159913998 9161532952.54407
321887520 -16094678732126.2 8457448383745.61 -119883.554435664 62973.0179515435 9161532952.54406
322939440 -16220786445062.2 8523690857981.06 -119883.183422021 62972.8229911944 9161532952.54405
323991360 -16346893770743.7 8589933128722.18 -119882.818132037 62972.6310390684 9161532952.54404
325043280 -16473000715121.9 8656175199096.84 -119882.458434262 62972.4420260646 9161532952.54403
326095200 -16599107284012.1 8722417072161.34 -119882.104201236 62972.2558851828 9161532952.54402
327147120 -16725213483097.4 8788658750902.59 -119881.755309349 62972.072551444 9161532952.54402
328199040 -16851319317932.9 8854900238240.14 -119881.411638688 62971.8919618147 9161532952.54401
329250960 -16977424793949.3 8921141537028.26 -119881.073072905 62971.714055135 9161532952.544
330302880 -17103529916456.9 8987382650057.81 -119880.739499081 62971.5387720492 9161532952.544
331354800 -17229634690648.9 9053623580058.16 -119880.410807608 62971.3660549396 9161532952.54399
332406720 -17355739121605 9119864329698.93 -119880.086892058 62971.1958478637 9161532952.54399
333458640 -17481843214294.3 9186104901591.77 -119879.76764908 62971.0280964936 9161532952.54398
334510560 -17607946973578.9 9252345298292 -119879.452978279 62970.8627480581 9161532952.54398
335562480 -17734050404217 9318585522300.21 -119879.14278212 62970.6997512874 9161532952.54397
336614400 -17860153510865.4 9384825576063.85 -119878.83696582 62970.5390563602 9161532952.54396
337666320 -17986256298082.6 9451065461978.66 -119878.535437255 62970.3806148526 9161532952.54396
338718240 -18112358770331.7 9517305182390.21 -119878.238106869 62970.2243796898 9161532952.54395
339770160 -18238460931982.9 9583544739595.2 -119877.944887579 62970.070305099 9161532952.54395
340822080 -18364562787315.8 9649784135842.85 -119877.655694697 62969.9183465652 9161532952.54395
341874000 -18490664340522.5 9716023373336.21 -119877.370445846 62969.7684607879 9161532952.54394
342925920 -18616765595709.4 9782262454233.39 -119877.089060879 62969.6206056402 9161532952.54394
343977840 -18742866556899.8 9848501380648.81 -119876.811461807 62969.474740129 9161532952.54393
345029760 -18868967228036 9914740154654.31 -119876.537572727 62969.3308243576 9161532952.54393
346081680 -18995067612981.7 9980978778280.35 -119876.267319749 62969.1888194888 9161532952.54393
347133600 -19121167715523.7 10047217253517.1 -119876.000630936 62969.0486877102 9161532952.54392
348185520 -19247267539374.3 10113455582315.4 -119875.737436233 62968.9103922005 9161532952.54392
349237440 -19373367088172.8 10179693766587.9 -119875.477667412 62968.7738970975 9161532952.54392
350289360 -19499466365488 10245931808210.1 -119875.221258008 62968.6391674667 9161532952.54391
351341280 -19625565374819.5 10312169709021.1 -119874.968143265 62968.5061692717 9161532952.54391
352393200 -19751664119599.6 10378407470824.7 -119874.718260081 62968.3748693456 9161532952.54391
353445120 -19877762603195.3 10444645095390.3 -119874.471546955 62968.2452353632 9161532952.54391
354497040 -20003860828909.5 10510882584453.7 -119874.227943937 62968.1172358147 9161532952.54391
355548960 -20129958799982.9 10577119939718 -119873.98739258 62967.9908399798 9161532952.5439
356600880 -20256056519595.5 10643357162854.3 -119873.749835892 62967.8660179035 9161532952.5439
357652800 -20382153990868.1 10709594255502.7 -119873.51521829 62967.7427403724 9161532952.5439
358704720 -20508251216863.9 10775831219272.8 -119873.283485561 62967.6209788914 9161532952.5439
359756640 -20634348200589.4 10842068055744.8 -119873.054584815 62967.5007056624 9161532952.54389
360808560 -20760444944996.5 10908304766469.7 -119872.828464448 62967.3818935627 9161532952.54389
361860480 -20886541452983.3 10974541352970.8 -119872.605074103 62967.2645161247 9161532952.54389
362912400 -21012637727395.6 11040777816743.3 -119872.384364631 62967.1485475165 9161532952.54389
363964320 -21138733771028.1 11107014159256.1 -119872.166288055 62967.0339625224 9161532952.54389
365016240 -21264829586625.8 11173250381951.5 -119871.950797537 62966.9207365251 9161532952.54388
366068160 -21390925176884.8 11239486486246.5 -119871.737847344 62966.8088454878 9161532952.54388
367120080 -21517020544453.6 11305722473532.9 -119871.527392815 62966.6982659375 9161532952.54388
368172000 -21643115691934.6 11371958345178.1 -119871.31939033 62966.5889749481 9161532952.54388
369223920 -21769210621884.6 11438194102525.9 -119871.113797277 62966.4809501248 9161532952.54387
370275840 -21895305336816.1 11504429746896.5 -119870.91057203 62966.374169589 9161532952.54387
371327760 -22021399839198.4 11570665279587.6 -119870.709673914 62966.2686119631 9161532952.54387
372379680 -22147494131458.5 11636900701874.6 -119870.51106318 62966.1642563567 9161532952.54387
373431600 -22273588215982 11703136015011 -119870.314700981 62966.0610823523 9161532952.54387
374483520 -22399682095114.1 11769371220229.4 -119870.120549343 62965.9590699923 9161532952.54387
375535440 -22525775771160.6 11835606318741.3 -119869.928571144 62965.8581997663 9161532952.54387
376587360 -22651869246388.6 11901841311738.2 -119869.738730087 62965.758452598 9161532952.54387
377639280 -22777962523027.4 11968076200391.5 -119869.55099068 62965.6598098341 9161532952.54387
378691200 -22904055603269.6 12034310985853.4 -119869.365318212 62965.5622532316 9161532952.54386
379743120 -23030148489271.3 12100545669256.9 -119869.181678732 62965.4657649477 9161532952.54386
380795040 -23156241183153.8 12166780251716.8 -119869.00003903 62965.3703275278 9161532952.54386
381846960 -23282333687003.3 12233014734329.3 -119868.820366613 62965.2759238958 9161532952.54386
382898880 -23408426002872.5 12299249118173.1 -119868.642629692 62965.1825373435 9161532952.54386
383950800 -23534518132781.1 12365483404309.5 -119868.466797154 62965.0901515209 9161532952.54386
385002720 -23660610078716.1 12431717593782.8 -119868.292838555 62964.9987504266 9161532952.54386
386054640 -23786701842633.1 12497951687620.4 -119868.120724092 62964.9083183985 9161532952.54386
387106560 -23912793426456.7 12564185686833.8 -119867.950424593 62964.818840105 9161532952.54386
388158480 -24038884832080.8 12630419592418.1 -119867.781911498 62964.7303005361 9161532952.54385
389210400 -24164976061369.9 12696653405353.2 -119867.615156843 62964.6426849952 9161532952.54385
390262320 -24291067116159.3 12762887126603.5 -119867.450133243 62964.5559790911 9161532952.54385
391314240 -24417157998255.8 12829120757118.3 -119867.286813881 62964.4701687297 9161532952.54385
392366160 -24543248709438.2 12895354297832.4 -119867.12517249 62964.3852401066 9161532952.54385
393418080 -24669339251458 12961587749666.3 -119866.965183341 62964.3011796998 9161532952.54385
394470000 -24795429626040 13027821113526.1 -119866.806821227 62964.2179742623 9161532952.54385
395521920 -24921519834882.6 13094054390304.5 -119866.650061453 62964.1356108154 9161532952.54385
396573840 -25047609879658.7 13160287580880.3 -119866.494879818 62964.0540766415 9161532952.54385
397625760 -25173699762015.6 13226520686119.5 -119866.34125261 62963.9733592783 9161532952.54385
398677680 -25299789483576.4 13292753706874.6 -119866.189156587 62963.8934465115 9161532952.54385
399729600 -25425879045939.7 13358986643985.9 -119866.038568969 62963.8143263694 9161532952.54385
400781520 -25551968450680.5 13425219498280.8 -119865.889467425 62963.7359871166 9161532952.54384
401833440 -25678057699350.3 13491452270574.8 -119865.741830065 62963.6584172483 9161532952.54384
402885360 -25804146793478.1 13557684961671.2 -119865.595635423 62963.5816054845 9161532952.54384
403937280 -25930235734570.4 13623917572361.6 -119865.450862454 62963.5055407647 9161532952.54384
404989200 -26056324524111.8 13690150103426.2 -119865.307490518 62963.4302122426 9161532952.54384
406041120 -26182413163565.4 13756382555633.8 -119865.165499375 62963.3556092807 9161532952.54384
407093040 -26308501654373.2 13822614929742 -119865.024869171 62963.2817214457 9161532952.54384
408144960 -26434589997956.5 13888847226497.8 -119864.885580431 62963.2085385031 9161532952.54384
409196880 -26560678195716.4 13955079446637.3 -119864.747614051 62963.136050413 9161532952.54384
410248800 -26686766249034 14021311590886.3 -119864.610951287 62963.0642473253 9161532952.54384
411300720 -26812854159270.8 14087543659960.2 -119864.475573749 62962.9931195751 9161532952.54384
412352640 -26938941927769.4 14153775654564.4 -119864.341463389 62962.9226576784 9161532952.54384
413404560 -27065029555853.3 14220007575394.5 -119864.208602497 62962.8528523282 9161532952.54384
414456480 -27191117044827.7 14286239423136.3 -119864.076973692 62962.78369439 9161532952.54384
415508400 -27317204395979.6 14352471198466 -119863.946559913 62962.7151748979 9161532952.54384
416560320 -27443291610578.4 14418702902050.6 -119863.817344411 62962.6472850511 9161532952.54384
417612240 -27569378689875.9 14484934534547.9 -119863.689310748 62962.5800162096 9161532952.54384
418664160 -27695465635106.7 14551166096606.7 -119863.56244278 62962.5133598907 9161532952.54383
419716080 -27821552447488.7 14617397588866.8 -119863.436724659 62962.4473077657 9161532952.54384
420768000 -27947639128223.2 14683629011959.6 -119863.312140822 62962.3818516561 9161532952.54383
421819920 -28073725678495.4 14749860366507.8 -119863.188675987 62962.3169835304 9161532952.54384
422871840 -28199812099474.4 14816091653125.7 -119863.066315142 62962.2526955008 9161532952.54384
423923760 -28325898392313.8 14882322872419.4 -119862.945043546 62962.1889798199 9161532952.54384
424975680 -28451984558151.7 14948554024987 -119862.824846717 62962.1258288776 9161532952.54383
426027600 -28578070598111.1 15014785111418.6 -119862.70571043 62962.0632351982 9161532952.54383
427079520 -28704156513300.5 15081016132296.5 -119862.587620708 62962.0011914376 9161532952.54383
428131440 -28830242304813.2 15147247088195.5 -119862.470563821 62961.9396903797 9161532952.54383
429183360 -28956327973728.9 15213477979682.6 -119862.354526277 62961.8787249345 9161532952.54383
430235280 -29082413521112.6 15279708807317.5 -119862.239494817 62961.8182881348 9161532952.54383
431287200 -29208498948015.8 15345939571652.8 -119862.125456413 62961.7583731338 9161532952.54383
432339120 -29334584255476.5 15412170273233.9 -119862.012398259 62961.6989732025 9161532952.54383
433391040 -29460669444519.1 15478400912598.9 -119861.900307769 62961.6400817269 9161532952.54383
434442960 -29586754516155 15544631490279.4 -119861.789172573 62961.5816922059 9161532952.54383
435494880 -29712839471382.6 15610862006800 -119861.678980509 62961.5237982488 9161532952.54383
436546800 -29838924311187.8 15677092462678.7 -119861.56971962 62961.4663935729 9161532952.54383
437598720 -29965009036543.9 15743322858426.8 -119861.461378154 62961.4094720011 9161532952.54383
438650640 -30091093648412 15809553194549.5 -119861.353944551 62961.3530274602 9161532952.54383
439702560 -30217178147741 15875783471545.3 -119861.247407448 62961.297053978 9161532952.54383
440754480 -30343262535468.1 15942013689906.7 -119861.141755669 62961.2415456818 9161532952.54383
441806400 -30469346812518.8 16008243850119.9 -119861.036978223 62961.1864967961 9161532952.54383
442858320 -30595430979807.1 16074473952665.2 -119860.933064301 62961.1319016406 9161532952.54383
443910240 -30721515038235.8 16140703998016.9 -119860.830003271 62961.0777546282 9161532952.54383
444962160 -30847598988696.6 16206933986643.7 -119860.727784674 62961.0240502633 9161532952.54383
446014080 -30973682832070.1 16273163919008.2 -119860.626398223 62960.9707831397 9161532952.54383
447066000 -31099766569226.5 16339393795567.5 -119860.525833796 62960.9179479388 9161532952.54383
448117920 -31225850201025.1 16405623616773.4 -119860.426081437 62960.8655394281 9161532952.54383
449169840 -31351933728314.9 16471853383071.8 -119860.327131347 62960.8135524592 9161532952.54383
450221760 -31478017151935 16538083094903.6 -119860.228973886 62960.7619819662 9161532952.54383
451273680 -31604100472714 16604312752704.2 -119860.131599568 62960.710822964 9161532952.54383
452325600 -31730183691470.8 16670542356903.9 -119860.034999057 62960.6600705468 9161532952.54383
453377520 -31856266809014.5 16736771907927.9 -119859.939163165 62960.6097198865 9161532952.54383
454429440 -31982349826144.7 16803001406196.2 -119859.844082849 62960.5597662311 9161532952.54383
455481360 -32108432743651.6 16869230852124.1 -119859.749749208 62960.5102049034 9161532952.54383
456533280 -32234515562315.8 16935460246121.7 -119859.656153479 62960.461031299 9161532952.54383
457585200 -32360598282909.2 17001689588594.5 -119859.563287039 62960.4122408858 9161532952.54383
458637120 -32486680906194.4 17067918879943.3 -119859.471141396 62960.3638292016 9161532952.54383
459689040 -32612763432925.1 17134148120564.2 -119859.379708189 62960.3157918536 9161532952.54383
460740960 -32738845863846.6 17200377310848.6 -119859.288979188 62960.2681245163 9161532952.54383
461792880 -32864928199695.2 17266606451183.5 -119859.198946287 62960.2208229309 9161532952.54382
462844800 -32991010441199 17332835541951.5 -119859.109601506 62960.1738829035 9161532952.54382
463896720 -33117092589077.7 17399064583530.7 -119859.020936986 62960.1273003043 9161532952.54382
464948640 -33243174644042.9 17465293576294.9 -119858.932944986 62960.0810710659 9161532952.54382
466000560 -33369256606797.9 17531522520613.7 -119858.845617883 62960.0351911826 9161532952.54382
467052480 -33495338478038.1 17597751416852.6 -119858.758948168 62959.9896567089 9161532952.54382
468104400 -33621420258451.3 17663980265372.8 -119858.672928447 62959.9444637586 9161532952.54382
469156320 -33747501948717.3 17730209066531.6 -119858.587551433 62959.8996085033 9161532952.54382
470208240 -33873583549508.3 17796437820682.3 -119858.502809949 62959.8550871721 9161532952.54382
471260160 -33999665061489.3 17862666528174 -119858.418696927 62959.8108960495 9161532952.54382
472312080 -34125746485317.6 17928895189352.3 -119858.335205399 62959.7670314754 9161532952.54382
473364000 -34251827821643.3 17995123804558.8 -119858.252328503 62959.7234898432 9161532952.54382
474415920 -34377909071109.5 18061352374131.2 -119858.170059476 62959.6802675995 9161532952.54382
475467840 -34503990234352.1 18127580898403.7 -119858.088391655 62959.6373612427 9161532952.54382
476519760 -34630071311999.9 18193809377706.8 -119858.007318472 62959.5947673222 9161532952.54382
477571680 -34756152304675.2 18260037812367.4 -119857.926833456 62959.5524824376 9161532952.54382
478623600 -34882233212993.2 18326266202708.6 -119857.84693023 62959.5105032375 9161532952.54382
479675520 -35008314037562.7 18392494549050.5 -119857.767602508 62959.4688264189 9161532952.54382
480727440 -35134394778985.7 18458722851709.3 -119857.688844094 62959.4274487262 9161532952.54382
481779360 -35260475437857.9 18524951110998 -119857.61064888 62959.3863669504 9161532952.54382
482831280 -35386556014768.6 18591179327226.2 -119857.533010848 62959.3455779282 9161532952.54382
483883200 -35512636510300.8 18657407500700.2 -119857.455924062 62959.3050785411 9161532952.54382
484935120 -35638716925031.1 18723635631723.1 -119857.379382672 62959.264865715 9161532952.54382
485987040 -35764797259530.4 18789863720594.7 -119857.30338091 62959.2249364189 9161532952.54382
487038960 -35890877514363.2 18856091767611.7 -119857.227913089 62959.1852876647 9161532952.54382
488090880 -36016957690088.3 18922319773067.7 -119857.152973601 62959.1459165057 9161532952.54382
489142800 -36143037787258.5 18988547737253 -119857.078556918 62959.1068200368 9161532952.54382
490194720 -36269117806420.9 19054775660455.2 -119857.004657587 62959.0679953931 9161532952.54382
491246640 -36395197748116.9 19121003542958.8 -119856.931270231 62959.0294397492 9161532952.54382
492298560 -36521277612882.1 19187231385045.1 -119856.858389549 62958.991150319 9161532952.54382
493350480 -36647357401247 19253459186992.8 -119856.786010311 62958.9531243547 9161532952.54382
494402400 -36773437113736.1 19319686949077.7 -119856.714127359 62958.915359146 9161532952.54382
495454320 -36899516750868.9 19385914671572.5 -119856.642735605 62958.87785202 9161532952.54382
496506240 -37025596313159.4 19452142354747.4 -119856.571830033 62958.8406003398 9161532952.54382
497558160 -37151675801116.5 19518369998869.8 -119856.501405692 62958.8036015047 9161532952.54382
498610080 -37277755215243.8 19584597604204.2 -119856.431457699 62958.7668529488 9161532952.54382
499662000 -37403834556039.8 19650825171012.6 -119856.361981237 62958.7303521411 9161532952.54382
500713920 -37529913823998.1 19717052699554.2 -119856.292971554 62958.6940965844 9161532952.54382
501765840 -37655993019607.1 19783280190085.9 -119856.224423962 62958.6580838152 9161532952.54382
502817760 -37782072143350.6 19849507642861.6 -119856.156333834 62958.6223114026 9161532952.54382
503869680 -37908151195707.3 19915735058132.9 -119856.088696607 62958.5867769483 9161532952.54382
504921600 -38034230177151.3 19981962436149 -119856.021507775 62958.5514780857 9161532952.54382
505973520 -38160309088151.9 20048189777156.4 -119855.954762894 62958.5164124793 9161532952.54382
507025440 -38286387929173.8 20114417081399.2 -119855.88845758 62958.4815778247 9161532952.54382
508077360 -38412466700677.1 20180644349119.2 -119855.822587502 62958.4469718476 9161532952.54382
509129280 -38538545403117.4 20246871580555.8 -119855.757148391 62958.4125923033 9161532952.54382
510181200 -38664624036945.8 20313098775946.1 -119855.692136029 62958.3784369767 9161532952.54382
511233120 -38790702602609 20379325935524.6 -119855.627546256 62958.3445036812 9161532952.54382
512285040 -38916781100549.4 20445553059523.8 -119855.563374964 62958.3107902589 9161532952.54382
513336960 -39042859531205.1 20511780148173.9 -119855.4996181 62958.2772945794 9161532952.54382
514388880 -39168937895009.9 20578007201702.8 -119855.436271661 62958.2440145399 9161532952.54382
515440800 -39295016192393.4 20644234220336.3 -119855.373331697 62958.2109480646 9161532952.54382
516492720 -39421094423781.2 20710461204297.9 -119855.310794307 62958.1780931042 9161532952.54382
517544640 -39547172589594.7 20776688153809.2 -119855.248655642 62958.1454476357 9161532952.54382
518596560 -39673250690251.4 20842915069089.3 -119855.1869119 62958.1130096616 9161532952.54382
519648480 -39799328726164.6 20909141950355.5 -119855.125559329 62958.0807772098 9161532952.54382
520700400 -39925406697744 20975368797823 -119855.064594221 62958.0487483332 9161532952.54382
521752320 -40051484605395.1 21041595611704.9 -119855.004012918 62958.0169211092 9161532952.54382
522804240 -40177562449519.8 21107822392212.3 -119854.943811807 62957.9852936391 9161532952.54382
523856160 -40303640230516.2 21174049139554.4 -119854.88398732 62957.9538640482 9161532952.54382
524908080 -40429717948778.5 21240275853938.4 -119854.824535934 62957.9226304852 9161532952.54382
525960000 -40555795604697.5 21306502535569.4 -119854.765454168 62957.8915911217 9161532952.54382
527011920 -40681873198660 21372729184650.9 -119854.706738587 62957.860744152 9161532952.54382
528063840 -40807950731049.6 21438955801384.2 -119854.648385795 62957.8300877928 9161532952.54382
529115760 -40934028202246 21505182385969 -119854.590392442 62957.7996202827 9161532952.54382
530167680 -41060105612625.7 21571408938603 -119854.532755216 62957.7693398819 9161532952.54382
531219600 -41186182962561.5 21637635459482 -119854.475470847 62957.739244872 9161532952.54382
532271520 -41312260252422.9 21703861948800.3 -119854.418536103 62957.7093335555 9161532952.54382
533323440 -41438337482575.9 21770088406750.2 -119854.361947794 62957.6796042556 9161532952.54382
534375360 -41564414653383.5 21836314833522.2 -119854.305702767 62957.6500553159 9161532952.54382
535427280 -41690491765204.9 21902541229305.2 -119854.249797908 62957.6206850999 9161532952.54382
536479200 -41816568818396.5 21968767594286.4 -119854.19423014 62957.5914919909 9161532952.54382
537531120 -41942645813311.2 22034993928651.3 -119854.138996423 62957.5624743918 9161532952.54382
538583040 -42068722750298.8 22101220232583.5 -119854.084093754 62957.5336307244 9161532952.54382
539634960 -42194799629706 22167446506265.4 -119854.029519164 62957.5049594295 9161532952.54382
540686880 -42320876451876.4 22233672749877.3 -119853.975269723 62957.4764589664 9161532952.54382
541738800 -42446953217150.5 22299898963598.2 -119853.921342533 62957.4481278128 9161532952.54382
542790720 -42573029925865.7 22366125147605.3 -119853.86773473 62957.4199644644 9161532952.54382
543842640 -42699106578356.5 22432351302074.5 -119853.814443486 62957.3919674347 9161532952.54382
544894560 -42825183174954.5 22498577427179.9 -119853.761466005 62957.3641352546 9161532952.54382
545946480 -42951259715988.2 22564803523094.1 -119853.708799524 62957.3364664724 9161532952.54382
546998400 -43077336201783.4 22631029589988.3 -119853.656441311 62957.3089596533 9161532952.54382
548050320 -43203412632662.9 22697255628032.1 -119853.604388669 62957.2816133792 9161532952.54382
549102240 -43329489008946.6 22763481637393.6 -119853.55263893 62957.2544262487 9161532952.54382
550154160 -43455565330952 22829707618239.5 -119853.501189458 62957.2273968764 9161532952.54382
551206080 -43581641598993.5 22895933570735.1 -119853.450037646 62957.2005238931 9161532952.54382
552258000 -43707717813382.7 22962159495044.1 -119853.399180918 62957.1738059455 9161532952.54382
553309920 -43833793974428.8 23028385391328.9 -119853.34861673 62957.1472416956 9161532952.54382
554361840 -43959870082438.2 23094611259750.5 -119853.298342562 62957.120829821 9161532952.54382
555413760 -44085946137714.6 23160837100468.5 -119853.248355928 62957.0945690143 9161532952.54382
556465680 -44212022140559.3 23227062913641.1 -119853.198654368 62957.068457983 9161532952.54382
557517600 -44338098091270.8 23293288699425.2 -119853.149235449 62957.0424954494 9161532952.54382
558569520 -44464173990145.1 23359514457976.3 -119853.100096768 62957.0166801502 9161532952.54382
559621440 -44590249837475.8 23425740189448.7 -119853.051235947 62956.9910108364 9161532952.54382
560673360 -44716325633553.9 23491965893995.3 -119853.002650637 62956.9654862732 9161532952.54382
561725280 -44842401378668.1 23558191571767.7 -119852.954338512 62956.9401052395 9161532952.54382
562777200 -44968477073104.4 23624417222916.2 -119852.906297276 62956.9148665281 9161532952.54382
563829120 -45094552717146.7 23690642847590 -119852.858524656 62956.889768945 9161532952.54383
564881040 -45220628311076.4 23756868445936.8 -119852.811018406 62956.86481131 9161532952.54383
565932960 -45346703855172.3 23823094018103.3 -119852.763776305 62956.8399924555 9161532952.54383
566984880 -45472779349711.3 23889319564234.8 -119852.716796153 62956.8153112272 9161532952.54383
568036800 -45598854794967.8 23955545084475.5 -119852.670075781 62956.7907664835 9161532952.54383
569088720 -45724930191213.9 24021770578968.4 -119852.623613037 62956.7663570952 9161532952.54383
570140640 -45851005538719.5 24087996047855.3 -119852.577405797 62956.7420819459 9161532952.54382
571192560 -45977080837752.2 24154221491276.8 -119852.531451959 62956.717939931 9161532952.54382
572244480 -46103156088577.5 24220446909372.3 -119852.485749445 62956.6939299583 9161532952.54382
573296400 -46229231291458.7 24286672302280.3 -119852.440296198 62956.6700509474 9161532952.54382
574348320 -46355306446656.9 24352897670137.9 -119852.395090184 62956.6463018297 9161532952.54382
575400240 -46481381554431.2 24419123013081.1 -119852.350129391 62956.6226815481 9161532952.54382
576452160 -46607456615038.4 24485348331245 -119852.30541183 62956.5991890571 9161532952.54382
577504080 -46733531628733.4 24551573624763.5 -119852.260935532 62956.5758233223 9161532952.54382
578556000 -46859606595768.9 24617798893769.2 -119852.216698549 62956.5525833207 9161532952.54383
579607920 -46985681516395.7 24684024138394.1 -119852.172698955 62956.5294680398 9161532952.54382
580659840 -47111756390862.5 24750249358768.7 -119852.128934844 62956.5064764786 9161532952.54382
581711760 -47237831219415.9 24816474555022.6 -119852.085404332 62956.4836076461 9161532952.54382
582763680 -47363906002300.8 24882699727284.5 -119852.042105551 62956.4608605624 9161532952.54382
583815600 -47489980739759.9 24948924875681.8 -119851.999036658 62956.4382342578 9161532952.54382
584867520 -47616055432034 25015150000341.2 -119851.956195825 62956.4157277727 9161532952.54382
585919440 -47742130079362.2 25081375101388.2 -119851.913581246 62956.3933401579 9161532952.54382
586971360 -47868204681981.5 25147600178947.3 -119851.871191133 62956.3710704741 9161532952.54382
588023280 -47994279240127.1 25213825233142.2 -119851.829023718 62956.3489177918 9161532952.54382
589075200 -48120353754032.2 25280050264095.3 -119851.787077249 62956.3268811915 9161532952.54382
590127120 -48246428223928.5 25346275271928.3 -119851.745349995 62956.3049597629 9161532952.54382
591179040 -48372502650045.6 25412500256761.9 -119851.703840243 62956.2831526055 9161532952.54382
592230960 -48498577032611.5 25478725218715.8 -119851.662546294 62956.2614588282 9161532952.54382
593282880 -48624651371852.1 25544950157908.9 -119851.621466472 62956.2398775488 9161532952.54382
594334800 -48750725667992 25611175074458.9 -119851.580599114 62956.2184078946 9161532952.54382
595386720 -48876799921253.7 25677399968483 -119851.539942577 62956.1970490018 9161532952.54382
596438640 -49002874131858.1 25743624840097 -119851.499495233 62956.1758000153 9161532952.54382
597490560 -49128948300024.5 25809849689416.3 -119851.459255472 62956.154660089 9161532952.54382
598542480 -49255022425970.4 25876074516555.1 -119851.4192217 62956.1336283854 9161532952.54382
599594400 -49381096509911.6 25942299321626.7 -119851.379392339 62956.1127040755 9161532952.54382
600646320 -49507170552062.3 26008524104743.8 -119851.339765827 62956.0918863388 9161532952.54382
601698240 -49633244552635.1 26074748866017.9 -119851.300340619 62956.0711743632 9161532952.54382
602750160 -49759318511840.9 26140973605560 -119851.261115185 62956.0505673446 9161532952.54382
603802080 -49885392429889.2 26207198323480.1 -119851.22208801 62956.0300644873 9161532952.54382
604854000 -50011466306987.6 26273423019887.2 -119851.183257594 62956.0096650035 9161532952.54382
605905920 -50137540143342.3 26339647694889.7 -119851.144622453 62955.9893681133 9161532952.54382
606957840 -50263613939158 26405872348595.1 -119851.106181118 62955.9691730447 9161532952.54382
608009760 -50389687694637.8 26472096981110.1 -119851.067932135 62955.9490790333 9161532952.54382
609061680 -50515761409983.3 26538321592540.7 -119851.029874062 62955.9290853225 9161532952.54382
610113600 -50641835085394.5 26604546182991.9 -119850.992005474 62955.9091911632 9161532952.54382
611165520 -50767908721070 26670770752568.1 -119850.95432496 62955.8893958136 9161532952.54382
612217440 -50893982317207 26736995301372.8 -119850.916831122 62955.8696985393 9161532952.54382
613269360 -51020055874001 26803219829508.8 -119850.879522575 62955.8500986133 9161532952.54382
614321280 -51146129391646.3 26869444337078.1 -119850.842397951 62955.8305953157 9161532952.54382
615373200 -51272202870335.5 26935668824182.1 -119850.805455891 62955.8111879335 9161532952.54382
616425120 -51398276310260.1 27001893290921.1 -119850.768695052 62955.791875761 9161532952.54382
617477040 -51524349711610 27068117737395.1 -119850.732114105 62955.7726580993 9161532952.54382
618528960 -51650423074573.7 27134342163703 -119850.695711732 62955.7535342561 9161532952.54382
619580880 -51776496399338.3 27200566569943.3 -119850.659486628 62955.7345035461 9161532952.54382
620632800 -51902569686089.7 27266790956213.4 -119850.623437502 62955.7155652907 9161532952.54382
621684720 -52028642935012.3 27333015322610.3 -119850.587563074 62955.6967188176 9161532952.54382
622736640 -52154716146289.2 27399239669230.3 -119850.551862078 62955.6779634613 9161532952.54382
623788560 -52280789320102.2 27465463996168.7 -119850.516333259 62955.6592985625 9161532952.54382
624840480 -52406862456631.7 27531688303520.4 -119850.480975374 62955.6407234683 9161532952.54382
625892400 -52532935556057 27597912591379.6 -119850.445787193 62955.6222375322 9161532952.54382
626944320 -52659008618555.8 27664136859839.7 -119850.410767496 62955.6038401138 9161532952.54382
627996240 -52785081644304.7 27730361108993.4 -119850.375915076 62955.5855305787 9161532952.54382
629048160 -52911154633479.2 27796585338932.9 -119850.341228739 62955.5673082986 9161532952.54382
630100080 -53037227586253.2 27862809549749.7 -119850.306707299 62955.5491726515 9161532952.54382
631152000 -53163300502799.6 27929033741534.5 -119850.272349582 62955.5311230208 9161532952.54382
632203920 -53289373383290.1 27995257914377.5 -119850.238154429 62955.513158796 9161532952.54382
633255840 -53415446227895.1 28061482068368.2 -119850.204120686 62955.4952793724 9161532952.54382
634307760 -53541519036783.6 28127706203595.6 -119850.170247214 62955.4774841509 9161532952.54382
635359680 -53667591810123.8 28193930320147.8 -119850.136532883 62955.459772538 9161532952.54382
636411600 -53793664548082.3 28260154418112.5 -119850.102976575 62955.4421439459 9161532952.54382
637463520 -53919737250825 28326378497576.8 -119850.069577181 62955.4245977922 9161532952.54382
638515440 -54045809918516.2 28392602558627.1 -119850.036333603 62955.4071334999 9161532952.54382
639567360 -54171882551319.4 28458826601349.1 -119850.003244753 62955.3897504975 9161532952.54382
640619280 -54297955149396.6 28525050625828 -119849.970309554 62955.3724482187 9161532952.54382
641671200 -54424027712908.9 28591274632148.6 -119849.937526937 62955.3552261025 9161532952.54382
642723120 -54550100242016.4 28657498620394.8 -119849.904895844 62955.338083593 9161532952.54382
643775040 -54676172736877.7 28723722590650.1 -119849.872415228 62955.3210201395 9161532952.54382
644826960 -54802245197650.8 28789946542997.4 -119849.84008405 62955.3040351965 9161532952.54382
645878880 -54928317624492.2 28856170477518.9 -119849.80790128 62955.2871282232 9161532952.54382
646930800 -55054390017557.5 28922394394296.4 -119849.7758659 62955.2702986841 9161532952.54382
647982720 -55180462377001.2 28988618293411 -119849.743976899 62955.2535460483 9161532952.54382
649034640 -55306534702976.8 29054842174943.5 -119849.712233276 62955.2368697898 9161532952.54382
650086560 -55432606995636.7 29121066038973.8 -119849.68063404 62955.2202693876 9161532952.54382
651138480 -55558679255132.2 29187289885581.4 -119849.649178206 62955.2037443253 9161532952.54382
652190400 -55684751481613.8 29253513714845.5 -119849.617864802 62955.1872940909 9161532952.54382
653242320 -55810823675230.5 29319737526844.3 -119849.586692862 62955.1709181776 9161532952.54382
654294240 -55936895836130.9 29385961321655.8 -119849.555661429 62955.1546160826 9161532952.54382
655346160 -56062967964462.2 29452185099357.5 -119849.524769556 62955.138387308 9161532952.54382
656398080 -56189040060370.7 29518408860026.1 -119849.494016304 62955.1222313602 9161532952.54382
657450000 -56315112124001.8 29584632603738.1 -119849.46340074 62955.1061477501 9161532952.54382
658501920 -56441184155499.7 29650856330569.2 -119849.432921943 62955.0901359929 9161532952.54382
659553840 -56567256155007.9 29717080040594.8 -119849.402578998 62955.0741956081 9161532952.54382
660605760 -56693328122668.8 29783303733889.8 -119849.372370999 62955.0583261197 9161532952.54382
661657680 -56819400058623.9 29849527410528.3 -119849.342297048 62955.0425270555 9161532952.54382
662709600 -56945471963013.7 29915751070584.4 -119849.312356254 62955.026797948 9161532952.54382
663761520 -57071543835977.9 29981974714131.3 -119849.282547734 62955.0111383334 9161532952.54382
664813440 -57197615677655 30048198341241.9 -119849.252870615 62954.9955477523 9161532952.54382
665865360 -57323687488183 30114421951988.5 -119849.223324029 62954.980025749 9161532952.54382
666917280 -57449759267698.5 30180645546443.1 -119849.193907117 62954.9645718721 9161532952.54382
667969200 -57575831016337.7 30246869124677.2 -119849.164619026 62954.9491856741 9161532952.54382
669021120 -57701902734235.5 30313092686761.5 -119849.135458913 62954.9338667113 9161532952.54382
670073040 -57827974421526.1 30379316232766.7 -119849.106425941 62954.918614544 9161532952.54382
671124960 -57954046078342.9 30445539762762.8 -119849.07751928 62954.9034287362 9161532952.54382
672176880 -58080117704818.3 30511763276819.3 -119849.048738107 62954.8883088557 9161532952.54382
673228800 -58206189301083.8 30577986775005.5 -119849.020081607 62954.8732544742 9161532952.54382
674280720 -58332260867270.2 30644210257389.9 -119848.991548971 62954.858265167 9161532952.54382
675332640 -58458332403507.4 30710433724040.7 -119848.963139399 62954.8433405129 9161532952.54382
676384560 -58584403909924.3 30776657175025.9 -119848.934852095 62954.8284800947 9161532952.54382
677436480 -58710475386649.2 30842880610412.7 -119848.906686273 62954.8136834984 9161532952.54382
678488400 -58836546833809.4 30909104030268 -119848.87864115 62954.7989503138 9161532952.54382
679540320 -58962618251531.6 30975327434658.4 -119848.850715953 62954.7842801341 9161532952.54382
680592240 -59088689639941.5 31041550823649.9 -119848.822909915 62954.7696725559 9161532952.54382
681644160 -59214760999163.9 31107774197308.1 -119848.795222274 62954.7551271796 9161532952.54382
682696080 -59340832329323.2 31173997555698.3 -119848.767652275 62954.7406436084 9161532952.54382
683748000 -59466903630542.5 31240220898885.3 -119848.74019917 62954.7262214494 9161532952.54382
684799920 -59592974902944.5 31306444226933.4 -119848.712862218 62954.7118603128 9161532952.54382
685851840 -59719046146651 31372667539906.8 -119848.685640683 62954.6975598121 9161532952.54382
686903760 -59845117361783 31438890837868.8 -119848.658533836 62954.683319564 9161532952.54382
687955680 -59971188548460.8 31505114120882.8 -119848.631540952 62954.6691391886 9161532952.54382
689007600 -60097259706803.8 31571337389011.5 -119848.604661315 62954.655018309 9161532952.54382
690059520 -60223330836930.9 31637560642317.2 -119848.577894214 62954.6409565515 9161532952.54382
691111440 -60349401938960 31703783880862.1 -119848.551238944 62954.6269535457 9161532952.54382
692163360 -60475473013008.4 31770007104707.6 -119848.524694804 62954.6130089241 9161532952.54382
693215280 -60601544059192.6 31836230313915.1 -119848.498261102 62954.5991223222 9161532952.54382
694267200 -60727615077628.5 31902453508545.4 -119848.471937149 62954.5852933787 9161532952.54382
695319120 -60853686068431.1 31968676688658.8 -119848.445722264 62954.5715217352 9161532952.54382
696371040 -60979757031714.9 32034899854315.6 -119848.41961577 62954.5578070364 9161532952.54382
697422960 -61105827967593.4 32101123005575.4 -119848.393616997 62954.5441489297 9161532952.54382
698474880 -61231898876179.6 32167346142497.6 -119848.367725278 62954.5305470656 9161532952.54382
699526800 -61357969757585.8 32233569265141.2 -119848.341939954 62954.5170010973 9161532952.54382
700578720 -61484040611923.6 32299792373564.7 -119848.31626037 62954.5035106811 9161532952.54382
701630640 -61610111439303.9 32366015467826.4 -119848.290685878 62954.4900754758 9161532952.54382
702682560 -61736182239836.8 32432238547984.3 -119848.265215833 62954.4766951433 9161532952.54382
703734480 -61862253013632 32498461614095.9 -119848.239849598 62954.463369348 9161532952.54382
704786400 -61988323760798.2 32564684666218.3 -119848.214586538 62954.4500977572 9161532952.54382
705838320 -62114394481443.6 32630907704408.4 -119848.189426025 62954.4368800407 9161532952.54382
706890240 -62240465175676 32697130728722.8 -119848.164367436 62954.4237158713 9161532952.54382
707942160 -62366535843602 32763353739217.5 -119848.139410153 62954.4106049241 9161532952.54382
708994080 -62492606485327.9 32829576735948.4 -119848.114553564 62954.397546877 9161532952.54382
710046000 -62618677100959.4 32895799718970.9 -119848.089797059 62954.3845414106 9161532952.54382
711097920 -62744747690601.4 32962022688340.3 -119848.065140035 62954.3715882078 9161532952.54382
712149840 -62870818254358.3 33028245644111.3 -119848.040581895 62954.3586869542 9161532952.54382
713201760 -62996888792333.7 33094468586338.4 -119848.016122044 62954.3458373379 9161532952.54382
714253680 -63122959304630.8 33160691515075.7 -119847.991759894 62954.3330390496 9161532952.54382
715305600 -63249029791351.9 33226914430377.1 -119847.967494859 62954.3202917822 9161532952.54382
716357520 -63375100252599 33293137332296.2 -119847.943326362 62954.3075952313 9161532952.54382
717409440 -63501170688473.3 33359360220886 -119847.919253826 62954.2949490948 9161532952.54382
718461360 -63627241099075.4 33425583096199.4 -119847.895276681 62954.282353073 9161532952.54382
719513280 -63753311484505.4 33491805958289.1 -119847.871394362 62954.2698068686 9161532952.54382
720565200 -63879381844862.8 33558028807207.3 -119847.847606307 62954.2573101866 9161532952.54382
721617120 -64005452180246.3 33624251643005.9 -119847.823911958 62954.2448627344 9161532952.54382
722669040 -64131522490754.4 33690474465736.5 -119847.800310764 62954.2324642216 9161532952.54382
723720960 -64257592776484.6 33756697275450.4 -119847.776802176 62954.2201143602 9161532952.54382
724772880 -64383663037534.1 33822920072198.8 -119847.75338565 62954.2078128643 9161532952.54382
725824800 -64509733273999.6 33889142856032.3 -119847.730060646 62954.1955594504 9161532952.54382
726876720 -64635803485976.8 33955365627001.4 -119847.706826629 62954.1833538372 9161532952.54382
727928640 -64761873673561.4 34021588385156.1 -119847.683683067 62954.1711957454 9161532952.54382
728980560 -64887943836848.2 34087811130546.4 -119847.660629433 62954.1590848981 9161532952.54382
730032480 -65014013975931.4 34154033863221.8 -119847.637665205 62954.1470210203 9161532952.54382
731084400 -65140084090904.9 34220256583231.5 -119847.614789862 62954.1350038395 9161532952.54382
732136320 -65266154181861.9 34286479290624.5 -119847.59200289 62954.1230330849 9161532952.54382
733188240 -65392224248895.1 34352701985449.6 -119847.569303777 62954.111108488 9161532952.54382
734240160 -65518294292096.6 34418924667755.1 -119847.546692017 62954.0992297824 9161532952.54382
735292080 -65644364311558 34485147337589.2 -119847.524167107 62954.0873967036 9161532952.54382
736344000 -65770434307370.6 34551369994999.7 -119847.501728546 62954.0756089893 9161532952.54382
737395920 -65896504279624.7 34617592640034.2 -119847.479375839 62954.0638663791 9161532952.54382
738447840 -66022574228410.6 34683815272740 -119847.457108495 62954.0521686146 9161532952.54382
739499760 -66148644153817.6 34750037893164.2 -119847.434926025 62954.0405154394 9161532952.54382
740551680 -66274714055934.9 34816260501353.6 -119847.412827944 62954.028906599 9161532952.54382
741603600 -66400783934851 34882483097354.6 -119847.390813774 62954.0173418408 9161532952.54382
742655520 -66526853790653.8 34948705681213.4 -119847.368883035 62954.0058209143 9161532952.54382
743707440 -66652923623431 35014928252976.1 -119847.347035255 62953.9943435707 9161532952.54382
744759360 -66778993433269.4 35081150812688.4 -119847.325269964 62953.9829095631 9161532952.54382
745811280 -66905063220255.7 35147373360395.7 -119847.303586696 62953.9715186467 9161532952.54382
746863200 -67031132984475.9 35213595896143.2 -119847.281984988 62953.9601705781 9161532952.54382
747915120 -67157202726015.4 35279818419975.9 -119847.26046438 62953.9488651162 9161532952.54382
748967040 -67283272444959.5 35346040931938.4 -119847.239024417 62953.9376020214 9161532952.54382
750018960 -67409342141392.7 35412263432075.3 -119847.217664646 62953.926381056 9161532952.54382
751070880 -67535411815399.1 35478485920430.7 -119847.196384619 62953.9152019841 9161532952.54382
752122800 -67661481467062.3 35544708397048.5 -119847.175183888 62953.9040645714 9161532952.54382
753174720 -67787551096465.6 35610930861972.4 -119847.154062013 62953.8929685855 9161532952.54382
754226640 -67913620703691.6 35677153315245.9 -119847.133018553 62953.8819137958 9161532952.54382
755278560 -68039690288822.7 35743375756912.3 -119847.112053073 62953.8708999731 9161532952.54382
756330480 -68165759851940.6 35809598187014.4 -119847.091165141 62953.8599268903 9161532952.54382
757382400 -68291829393126.6 35875820605595.1 -119847.070354326 62953.8489943216 9161532952.54382
758434320 -68417898912461.7 35942043012696.8 -119847.049620203 62953.8381020431 9161532952.54382
759486240 -68543968410026.3 36008265408361.7 -119847.028962348 62953.8272498324 9161532952.54382
760538160 -68670037885900.4 36074487792632 -119847.008380341 62953.816437469 9161532952.54382
761590080 -68796107340163.7 36140710165549.4 -119846.987873766 62953.8056647336 9161532952.54382
762642000 -68922176772895.1 36206932527155.5 -119846.967442208 62953.7949314089 9161532952.54382
763693920 -69048246184173.4 36273154877491.7 -119846.947085256 62953.784237279 9161532952.54382
764745840 -69174315574076.9 36339377216598.9 -119846.926802503 62953.7735821295 9161532952.54382
765797760 -69300384942683.5 36405599544518.3 -119846.906593544 62953.7629657477 9161532952.54382
766849680 -69426454290070.4 36471821861290.3 -119846.886457976 62953.7523879224 9161532952.54382
767901600 -69552523616314.8 36538044166955.5 -119846.8663954 62953.7418484439 9161532952.54382
768953520 -69678592921493.2 36604266461554.1 -119846.846405421 62953.7313471042 9161532952.54382
770005440 -69804662205681.7 36670488745126.1 -119846.826487645 62953.7208836965 9161532952.54382
771057360 -69930731468956.1 36736711017711.3 -119846.806641681 62953.7104580156 9161532952.54382
772109280 -70056800711391.8 36802933279349.3 -119846.786867143 62953.700069858 9161532952.54382
773161200 -70182869933063.6 36869155530079.4 -119846.767163644 62953.6897190213 9161532952.54382
774213120 -70308939134046.1 36935377769940.7 -119846.747530802 62953.6794053048 9161532952.54382
775265040 -70435008314413.5 37001599998972.4 -119846.72796824 62953.6691285093 9161532952.54382
776316960 -70561077474239.3 37067822217212.9 -119846.708475578 62953.6588884367 9161532952.54382
777368880 -70687146613597.1 37134044424701 -119846.689052445 62953.6486848906 9161532952.54382
778420800 -70813215732559.7 37200266621474.9 -119846.669698468 62953.6385176758 9161532952.54382
779472720 -70939284831199.6 37266488807572.7 -119846.650413278 62953.6283865988 9161532952.54382
780524640 -71065353909589.1 37332710983032.4 -119846.63119651 62953.6182914671 9161532952.54382
781576560 -71191422967800 37398933147891.6 -119846.6120478 62953.6082320898 9161532952.54382
782628480 -71317492005903.5 37465155302187.8 -119846.592966787 62953.5982082773 9161532952.54382
783680400 -71443561023970.8 37531377445958.5 -119846.573953112 62953.5882198413 9161532952.54382
784732320 -71569630022072.5 37597599579240.6 -119846.555006421 62953.5782665948 9161532952.54382
785784240 -71695699000278.9 37663821702071.1 -119846.536126359 62953.5683483521 9161532952.54382
786836160 -71821767958659.8 37730043814486.8 -119846.517312576 62953.5584649291 9161532952.54382
787888080 -71947836897284.9 37796265916524.2 -119846.498564723 62953.5486161425 9161532952.54382
788940000 -72073905816223.2 37862488008219.5 -119846.479882454 62953.5388018107 9161532952.54382
789991920 -72199974715543.7 37928710089609 -119846.461265426 62953.5290217531 9161532952.54382
791043840 -72326043595314.7 37994932160728.6 -119846.442713298 62953.5192757906 9161532952.54382
792095760 -72452112455604.3 38061154221614 -119846.42422573 62953.5095637451 9161532952.54382
793147680 -72578181296480.2 38127376272301 -119846.405802387 62953.4998854399 9161532952.54382
794199600 -72704250118010 38193598312824.8 -119846.387442934 62953.4902406994 9161532952.54382
795251520 -72830318920260.5 38259820343220.7 -119846.369147039 62953.4806293494 9161532952.54382
796303440 -72956387703298.4 38326042363523.7 -119846.350914374 62953.4710512168 9161532952.54382
797355360 -73082456467190.2 38392264373768.7 -119846.33274461 62953.4615061295 9161532952.54382
798407280 -73208525212001.8 38458486373990.3 -119846.314637423 62953.451993917 9161532952.54382
799459200 -73334593937798.8 38524708364223 -119846.29659249 62953.4425144097 9161532952.54382
800511120 -73460662644646.6 38590930344501.2 -119846.278609491 62953.4330674391 9161532952.54382
801563040 -73586731332610.2 38657152314859 -119846.260688107 62953.4236528381 9161532952.54382
802614960 -73712800001754.2 38723374275330.3 -119846.242828022 62953.4142704405 9161532952.54382
803666880 -73838868652142.9 38789596225948.9 -119846.225028923 62953.4049200814 9161532952.54382
804718800 -73964937283840.3 38855818166748.5 -119846.207290497 62953.395601597 9161532952.54382
805770720 -74091005896910.1 38922040097762.5 -119846.189612434 62953.3863148245 9161532952.54382
806822640 -74217074491415.6 38988262019024.2 -119846.171994427 62953.3770596024 9161532952.54382
807874560 -74343143067419.8 39054483930566.6 -119846.154436171 62953.3678357701 9161532952.54382
808926480 -74469211624985.5 39120705832422.7 -119846.136937362 62953.3586431682 9161532952.54382
809978400 -74595280164174.9 39186927724625.3 -119846.119497698 62953.3494816384 9161532952.54382
811030320 -74721348685050.1 39253149607207 -119846.102116881 62953.3403510233 9161532952.54382
812082240 -74847417187673 39319371480200.2 -119846.084794612 62953.3312511669 9161532952.54382
813134160 -74973485672104.8 39385593343637.2 -119846.067530597 62953.3221819137 9161532952.54382
814186080 -75099554138406.9 39451815197550.1 -119846.050324542 62953.3131431099 9161532952.54382
815238000 -75225622586639.8 39518037041970.8 -119846.033176156 62953.3041346022 9161532952.54382
816289920 -75351691016864.3 39584258876931.2 -119846.01608515 62953.2951562386 9161532952.54382
817341840 -75477759429140.4 39650480702462.9 -119845.999051235 62953.2862078681 9161532952.54382
818393760 -75603827823528.2 39716702518597.2 -119845.982074126 62953.2772893406 9161532952.54382
819445680 -75729896200087.1 39782924325365.7 -119845.96515354 62953.268400507 9161532952.54382
820497600 -75855964558876.5 39849146122799.3 -119845.948289195 62953.2595412193 9161532952.54382
821549520 -75982032899955.5 39915367910929.2 -119845.93148081 62953.2507113305 9161532952.54382
822601440 -76108101223382.6 39981589689786.1 -119845.914728108 62953.2419106943 9161532952.54382
823653360 -76234169529216.5 40047811459400.8 -119845.898030812 62953.2331391658 9161532952.54382
824705280 -76360237817515.1 40114033219803.8 -119845.881388648 62953.2243966007 9161532952.54382
825757200 -76486306088336.4 40180254971025.4 -119845.864801344 62953.2156828558 9161532952.54382
826809120 -76612374341737.9 40246476713096 -119845.848268628 62953.2069977888 9161532952.54382
827861040 -76738442577776.9 40312698446045.7 -119845.831790232 62953.1983412584 9161532952.54382
828912960 -76864510796510.4 40378920169904.3 -119845.815365888 62953.1897131242 9161532952.54382
829964880 -76990578997995.2 40445141884701.6 -119845.798995331 62953.1811132466 9161532952.54382
831016800 -77116647182287.5 40511363590467.4 -119845.782678296 62953.1725414871 9161532952.54382
832068720 -77242715349443.7 40577585287231.1 -119845.766414523 62953.163997708 9161532952.54382
833120640 -77368783499519.6 40643806975022.1 -119845.75020375 62953.1554817725 9161532952.54382
834172560 -77494851632570.9 40710028653869.6 -119845.734045719 62953.1469935447 9161532952.54382
835224480 -77620919748652.8 40776250323802.7 -119845.717940172 62953.1385328896 9161532952.54382
836276400 -77746987847820.4 40842471984850.3 -119845.701886856 62953.1300996731 9161532952.54382
837328320 -77873055930128.6 40908693637041.2 -119845.685885515 62953.1216937619 9161532952.54382
838380240 -77999123995632 40974915280404 -119845.669935898 62953.1133150236 9161532952.54382
839432160 -78125192044384.6 41041136914967.3 -119845.654037754 62953.1049633267 9161532952.54382
840484080 -78251260076440.7 41107358540759.5 -119845.638190835 62953.0966385404 9161532952.54382
841536000 -78377328091853.9 41173580157808.7 -119845.622394894 62953.0883405349 9161532952.54382
842587920 -78503396090677.8 41239801766143.2 -119845.606649684 62953.0800691812 9161532952.54382
843639840 -78629464072965.5 41306023365790.8 -119845.590954963 62953.071824351 9161532952.54382
844691760 -78755532038770.1 41372244956779.4 -119845.575310487 62953.0636059171 9161532952.54382
845743680 -78881599988144.2 41438466539136.7 -119845.559716015 62953.0554137528 9161532952.54382
846795600 -79007667921140.5 41504688112890.2 -119845.544171309 62953.0472477323 9161532952.54382
847847520 -79133735837811 41570909678067.5 -119845.528676129 62953.0391077307 9161532952.54382
848899440 -79259803738207.7 41637131234695.7 -119845.513230241 62953.0309936239 9161532952.54382
849951360 -79385871622382.5 41703352782802.1 -119845.497833409 62953.0229052885 9161532952.54382
851003280 -79511939490386.7 41769574322413.8 -119845.4824854 62953.0148426019 9161532952.54382
852055200 -79638007342271.6 41835795853557.5 -119845.467185982 62953.0068054423 9161532952.54382
853107120 -79764075178088.2 41902017376260.2 -119845.451934924 62952.9987936886 9161532952.54382
854159040 -79890142997887.2 41968238890548.5 -119845.436731998 62952.9908072206 9161532952.54382
855210960 -80016210801719.2 42034460396448.9 -119845.421576976 62952.9828459187 9161532952.54382
856262880 -80142278589634.5 42100681893987.9 -119845.406469632 62952.9749096642 9161532952.54382
857314800 -80268346361683 42166903383191.6 -119845.391409741 62952.9669983391 9161532952.54382
858366720 -80394414117914.5 42233124864086.3 -119845.376397081 62952.959111826 9161532952.54382
859418640 -80520481858378.7 42299346336698.1 -119845.361431429 62952.9512500085 9161532952.54382
860470560 -80646549583124.8 42365567801052.8 -119845.346512565 62952.9434127706 9161532952.54382
861522480 -80772617292202 42431789257176.2 -119845.33164027 62952.9355999974 9161532952.54382
862574400 -80898684985659.1 42498010705094 -119845.316814325 62952.9278115745 9161532952.54382
863626320 -81024752663544.8 42564232144831.8 -119845.302034516 62952.9200473881 9161532952.54382
864678240 -81150820325907.5 42630453576415 -119845.287300626 62952.9123073253 9161532952.54382
865730160 -81276887972795.4 42696674999868.9 -119845.272612442 62952.9045912739 9161532952.54382
866782080 -81402955604256.4 42762896415218.6 -119845.257969752 62952.8968991223 9161532952.54382
867834000 -81529023220338.3 42829117822489.4 -119845.243372344 62952.8892307596 9161532952.54382
868885920 -81655090821088.7 42895339221706.2 -119845.22882001 62952.8815860756 9161532952.54382
869937840 -81781158406554.8 42961560612893.8 -119845.21431254 62952.8739649609 9161532952.54382
870989760 -81907225976783.6 43027781996076.9 -119845.199849727 62952.8663673066 9161532952.54382
872041680 -82033293531822.2 43094003371280.1 -119845.185431366 62952.8587930045 9161532952.54382
873093600 -82159361071717.1 43160224738528.1 -119845.171057251 62952.8512419471 9161532952.54382
874145520 -82285428596514.7 43226446097845.1 -119845.15672718 62952.8437140276 9161532952.54382
875197440 -82411496106261.4 43292667449255.5 -119845.14244095 62952.8362091398 9161532952.54382
876249360 -82537563601003 43358888792783.4 -119845.128198361 62952.8287271781 9161532952.54382
877301280 -82663631080785.4 43425110128452.9 -119845.113999212 62952.8212680377 9161532952.54382
878353200 -82789698545654.3 43491331456287.9 -119845.099843306 62952.8138316143 9161532952.54382
879405120 -82915765995654.9 43557552776312.3 -119845.085730444 62952.8064178043 9161532952.54382
880457040 -83041833430832.4 43623774088549.8 -119845.071660432 62952.7990265047 9161532952.54382
881508960 -83167900851231.9 43689995393024.1 -119845.057633074 62952.7916576131 9161532952.54382
882560880 -83293968256898.1 43756216689758.6 -119845.043648176 62952.7843110278 9161532952.54382
883612800 -83420035647875.5 43822437978776.8 -119845.029705547 62952.7769866476 9161532952.54382
884664720 -83546103024208.6 43888659260101.9 -119845.015804994 62952.7696843721 9161532952.54382
885716640 -83672170385941.4 43954880533757.3 -119845.001946327 62952.7624041012 9161532952.54382
886768560 -83798237733118 44021101799765.9 -119844.988129358 62952.7551457357 9161532952.54382
887820480 -83924305065782 44087323058150.7 -119844.974353898 62952.7479091768 9161532952.54382
888872400 -84050372383977.1 44153544308934.7 -119844.960619761 62952.7406943265 9161532952.54382
889924320 -84176439687746.7 44219765552140.6 -119844.946926762 62952.7335010872 9161532952.54382
890976240 -84302506977133.9 44285986787791.2 -119844.933274714 62952.7263293619 9161532952.54382
892028160 -84428574252181.7 44352208015908.9 -119844.919663436 62952.7191790543 9161532952.54382
893080080 -84554641512932.9 44418429236516.3 -119844.906092744 62952.7120500685 9161532952.54382
894132000 -84680708759430 44484650449635.8 -119844.892562458 62952.7049423094 9161532952.54382
895183920 -84806775991715.6 44550871655289.5 -119844.879072397 62952.6978556822 9161532952.54382
896235840 -84932843209831.7 44617092853499.8 -119844.865622382 62952.6907900929 9161532952.54382
897287760 -85058910413820.5 44683314044288.7 -119844.852212236 62952.6837454479 9161532952.54382
898339680 -85184977603723.8 44749535227678.2 -119844.83884178 62952.6767216542 9161532952.54382
899391600 -85311044779583.3 44815756403690.1 -119844.82551084 62952.6697186194 9161532952.54382
900443520 -85437111941440.4 44881977572346.2 -119844.812219239 62952.6627362516 9161532952.54382
901495440 -85563179089336.3 44948198733668.3 -119844.798966805 62952.6557744594 9161532952.54382
902547360 -85689246223312.4 45014419887678 -119844.785753364 62952.648833152 9161532952.54382
903599280 -85815313343409.3 45080641034396.6 -119844.772578745 62952.6419122391 9161532952.54382
904651200 -85941380449668 45146862173845.7 -119844.759442777 62952.635011631 9161532952.54382
905703120 -86067447542128.9 45213083306046.6 -119844.746345289 62952.6281312385 9161532952.54382
906755040 -86193514620832.5 45279304431020.4 -119844.733286114 62952.6212709728 9161532952.54382
907806960 -86319581685818.9 45345525548788.3 -119844.720265083 62952.6144307458 9161532952.54382
908858880 -86445648737128.3 45411746659371.4 -119844.707282029 62952.6076104697 9161532952.54382
909910800 -86571715774800.4 45477967762790.5 -119844.694336786 62952.6008100575 9161532952.54382
910962720 -86697782798875 45544188859066.6 -119844.68142919 62952.5940294224 9161532952.54382
912014640 -86823849809391.5 45610409948220.3 -119844.668559076 62952.5872684784 9161532952.54382
913066560 -86949916806389.4 45676631030272.3 -119844.655726282 62952.5805271397 9161532952.54382
914118480 -87075983789907.7 45742852105243.3 -119844.642930645 62952.5738053212 9161532952.54382
915170400 -87202050759985.6 45809073173153.7 -119844.630172004 62952.5671029383 9161532952.54382
916222320 -87328117716661.7 45875294234024 -119844.617450199 62952.5604199067 9161532952.54382
917274240 -87454184659974.9 45941515287874.3 -119844.604765071 62952.5537561428 9161532952.54382
918326160 -87580251589963.5 46007736334725 -119844.592116461 62952.5471115634 9161532952.54382
919378080 -87706318506665.9 46073957374596.2 -119844.579504212 62952.5404860857 9161532952.54382
920430000 -87832385410120.3 46140178407507.9 -119844.566928167 62952.5338796275 9161532952.54382
921481920 -87958452300364.7 46206399433480.2 -119844.554388171 62952.527292107 9161532952.54382
922533840 -88084519177436.9 46272620452532.8 -119844.541884069 62952.5207234429 9161532952.54382
923585760 -88210586041374.6 46338841464685.6 -119844.529415706 62952.5141735544 9161532952.54382
924637680 -88336652892215.3 46405062469958.2 -119844.51698293 62952.507642361 9161532952.54382
925689600 -88462719729996.4 46471283468370.4 -119844.504585589 62952.5011297828 9161532952.54382
926741520 -88588786554755 46537504459941.6 -119844.492223532 62952.4946357404 9161532952.54382
927793440 -88714853366528.3 46603725444691.3 -119844.479896607 62952.4881601547 9161532952.54382
928845360 -88840920165353 46669946422638.9 -119844.467604666 62952.4817029472 9161532952.54382
929897280 -88966986951265.9 46736167393803.7 -119844.45534756 62952.4752640397 9161532952.54382
930949200 -89093053724303.5 46802388358204.8 -119844.44312514 62952.4688433545 9161532952.54382
932001120 -89219120484502.4 46868609315861.4 -119844.430937261 62952.4624408145 9161532952.54382
933053040 -89345187231898.7 46934830266792.6 -119844.418783775 62952.4560563427 9161532952.54382
934104960 -89471253966528.5 47001051211017.3 -119844.406664537 62952.4496898628 9161532952.54382
935156880 -89597320688427.7 47067272148554.4 -119844.394579403 62952.4433412989 9161532952.54382
936208800 -89723387397632.3 47133493079422.7 -119844.382528229 62952.4370105753 9161532952.54382
937260720 -89849454094177.8 47199714003641 -119844.370510872 62952.4306976172 9161532952.54382
938312640 -89975520778099.7 47265934921227.8 -119844.35852719 62952.4244023497 9161532952.54382
939364560 -90101587449433.4 47332155832201.8 -119844.346577041 62952.4181246986 9161532952.54382
940416480 -90227654108214 47398376736581.4 -119844.334660285 62952.41186459 9161532952.54382
941468400 -90353720754476.7 47464597634385.1 -119844.322776782 62952.4056219506 9161532952.54382
942520320 -90479787388256.3 47530818525631.2 -119844.310926394 62952.3993967073 9161532952.54382
943572240 -90605854009587.7 47597039410338 -119844.299108981 62952.3931887874 9161532952.54382
944624160 -90731920618505.3 47663260288523.6 -119844.287324407 62952.3869981188 9161532952.54382
945676080 -90857987215043.7 47729481160206.1 -119844.275572535 62952.3808246297 9161532952.54382
946728000 -90984053799237.2 47795702025403.6 -119844.263853228 62952.3746682487 9161532952.54382
947779920 -91110120371120.1 47861922884134.1 -119844.252166352 62952.3685289046 9161532952.54382
948831840 -91236186930726.2 47928143736415.4 -119844.240511773 62952.362406527 9161532952.54382
949883760 -91362253478089.6 47994364582265.4 -119844.228889356 62952.3563010455 9161532952.54382
950935680 -91488320013244 48060585421701.7 -119844.217298968 62952.3502123904 9161532952.54382
951987600 -91614386536223.1 48126806254742.1 -119844.205740478 62952.3441404921 9161532952.54382
953039520 -91740453047060.2 48193027081404.1 -119844.194213754 62952.3380852816 9161532952.54382
954091440 -91866519545788.8 48259247901705.3 -119844.182718665 62952.3320466901 9161532952.54382
955143360 -91992586032442.1 48325468715663 -119844.171255081 62952.3260246494 9161532952.54382
956195280 -92118652507053.1 48391689523294.7 -119844.159822873 62952.3200190915 9161532952.54382
957247200 -92244718969654.8 48457910324617.7 -119844.148421911 62952.3140299488 9161532952.54382
958299120 -92370785420280 48524131119649.2 -119844.137052069 62952.3080571541 9161532952.54382
959351040 -92496851858961.3 48590351908406.4 -119844.125713219 62952.3021006405 9161532952.54382
960402960 -92622918285731.3 48656572690906.3 -119844.114405234 62952.2961603416 9161532952.54382
961454880 -92748984700622.4 48722793467166.1 -119844.103127988 62952.2902361913 9161532952.54382
962506800 -92875051103666.8 48789014237202.5 -119844.091881357 62952.2843281237 9161532952.54382
963558720 -93001117494896.8 48855235001032.5 -119844.080665215 62952.2784360735 9161532952.54382
964610640 -93127183874344.2 48921455758673 -119844.06947944 62952.2725599757 9161532952.54382
965662560 -93253250242041 48987676510140.7 -119844.058323907 62952.2666997655 9161532952.54382
966714480 -93379316598018.9 49053897255452.2 -119844.047198495 62952.2608553785 9161532952.54382
967766400 -93505382942309.6 49120117994624.2 -119844.036103081 62952.2550267509 9161532952.54382
968818320 -93631449274944.5 49186338727673.2 -119844.025037545 62952.2492138189 9161532952.54382
969870240 -93757515595955 49252559454615.7 -119844.014001765 62952.2434165192 9161532952.54382
970922160 -93883581905372.3 49318780175468.1 -119844.002995622 62952.2376347888 9161532952.54382
971974080 -94009648203227.7 49385000890246.7 -119843.992018997 62952.2318685651 9161532952.54382
973026000 -94135714489551.9 49451221598967.8 -119843.981071771 62952.2261177858 9161532952.54382
974077920 -94261780764376 49517442301647.7 -119843.970153827 62952.220382389 9161532952.54382
975129840 -94387847027730.5 49583662998302.5 -119843.959265046 62952.2146623129 9161532952.54382
976181760 -94513913279646.3 49649883688948.2 -119843.948405312 62952.2089574963 9161532952.54382
977233680 -94639979520153.7 49716104373601 -119843.937574509 62952.2032678782 9161532952.54382
978285600 -94766045749283.2 49782325052276.6 -119843.926772522 62952.197593398 9161532952.54382
979337520 -94892111967064.9 49848545724991.1 -119843.915999236 62952.1919339952 9161532952.54382
980389440 -95018178173529 49914766391760.3 -119843.905254536 62952.18628961 9161532952.54382
981441360 -95144244368705.6 49980987052599.9 -119843.894538309 62952.1806601825 9161532952.54382
982493280 -95270310552624.4 50047207707525.6 -119843.883850442 62952.1750456535 9161532952.54382
983545200 -95396376725315.4 50113428356553.2 -119843.873190822 62952.1694459638 9161532952.54382
984597120 -95522442886808.1 50179648999698 -119843.862559338 62952.1638610547 9161532952.54382
985649040 -95648509037132 50245869636975.8 -119843.851955879 62952.1582908678 9161532952.54382
986700960 -95774575176316.7 50312090268401.8 -119843.841380333 62952.1527353449 9161532952.54382
987752880 -95900641304391.4 50378310893991.6 -119843.83083259 62952.1471944281 9161532952.54382
988804800 -96026707421385.3 50444531513760.5 -119843.820312542 62952.14166806 9161532952.54382
989856720 -96152773527327.4 50510752127723.6 -119843.809820079 62952.1361561833 9161532952.54382
990908640 -96278839622246.8 50576972735896.3 -119843.799355092 62952.1306587412 9161532952.54382
991960560 -96404905706172.2 50643193338293.8 -119843.788917475 62952.1251756768 9161532952.54382
993012480 -96530971779132.5 50709413934931 -119843.778507119 62952.1197069341 9161532952.54382
994064400 -96657037841156.2 50775634525823 -119843.768123919 62952.1142524568 9161532952.54382
995116320 -96783103892271.8 50841855110984.8 -119843.757767767 62952.1088121893 9161532952.54382
996168240 -96909169932507.8 50908075690431.4 -119843.747438559 62952.1033860761 9161532952.54382
997220160 -97035235961892.3 50974296264177.5 -119843.73713619 62952.097974062 9161532952.54382
998272080 -97161301980453.7 51040516832238.1 -119843.726860554 62952.0925760921 9161532952.54382
999324000 -97287367988220 51106737394627.7 -119843.716611548 62952.0871921119 9161532952.54382
1000375920 -97413433985219.1 51172957951361.2 -119843.706389069 62952.081822067 9161532952.54382
1001427840 -97539499971478.8 51239178502453.1 -119843.696193014 62952.0764659035 9161532952.54382
1002479760 -97665565947027 51305399047918.1 -119843.68602328 62952.0711235674 9161532952.54382
1003531680 -97791631911891.2 51371619587770.6 -119843.675879766 62952.0657950055 9161532952.54382
1004583600 -97917697866099 51437840122025.1 -119843.66576237 62952.0604801643 9161532952.54382
1005635520 -98043763809677.9 51504060650695.9 -119843.655670992 62952.0551789912 9161532952.54382
1006687440 -98169829742655 51570281173797.6 -119843.645605531 62952.0498914332 9161532952.54382
1007739360 -98295895665057.6 51636501691344.3 -119843.635565888 62952.0446174382 9161532952.54382
1008791280 -98421961576912.9 51702722203350.3 -119843.625551964 62952.039356954 9161532952.54382
1009843200 -98548027478247.9 51768942709829.8 -119843.615563659 62952.0341099286 9161532952.54382
1010895120 -98674093369089.3 51835163210796.8 -119843.605600876 62952.0288763106 9161532952.54382
1011947040 -98800159249464.1 51901383706265.6 -119843.595663516 62952.0236560486 9161532952.54382
1012998960 -98926225119399 51967604196250 -119843.585751484 62952.0184490916 9161532952.54382
1014050880 -99052290978920.4 52033824680764.1 -119843.575864681 62952.0132553886 9161532952.54382
1015102800 -99178356828054.9 52100045159821.9 -119843.566003012 62952.0080748893 9161532952.54382
1016154720 -99304422666829 52166265633437 -119843.556166382 62952.0029075433 9161532952.54382
1017206640 -99430488495268.8 52232486101623.5 -119843.546354694 62951.9977533006 9161532952.54382
1018258560 -99556554313400.5 52298706564394.9 -119843.536567854 62951.9926121113 9161532952.54382
1019310480 -99682620121250.3 52364927021765.1 -119843.526805768 62951.9874839261 9161532952.54382
1020362400 -99808685918844.2 52431147473747.6 -119843.517068342 62951.9823686955 9161532952.54381
1021414320 -99934751706208 52497367920356.2 -119843.507355482 62951.9772663706 9161532952.54381
1022466240 -100060817483368 52563588361604.2 -119843.497667097 62951.9721769026 9161532952.54382
1023518160 -100186883250349 52629808797505.3 -119843.488003093 62951.967100243 9161532952.54382
1024570080 -100312949007176 52696029228072.9 -119843.478363378 62951.9620363434 9161532952.54382
1025622000 -100439014753877 52762249653320.3 -119843.468747862 62951.9569851558 9161532952.54382
1026673920 -100565080490475 52828470073261 -119843.459156452 62951.9519466324 9161532952.54381
1027725840 -100691146216997 52894690487908.2 -119843.449589059 62951.9469207257 9161532952.54382
1028777760 -100817211933467 52960910897275.1 -119843.440045593 62951.9419073883 9161532952.54381
1029829680 -100943277639911 53027131301375 -119843.430525963 62951.9369065731 9161532952.54381
1030881600 -101069343336353 53093351700221 -119843.42103008 62951.9319182332 9161532952.54381
1031933520 -101195409022819 53159572093826.2 -119843.411557857 62951.9269423221 9161532952.54381
1032985440 -101321474699334 53225792482203.7 -119843.402109204 62951.9219787933 9161532952.54382
1034037360 -101447540365921 53292012865366.4 -119843.392684034 62951.9170276006 9161532952.54382
1035089280 -101573606022606 53358233243327.3 -119843.383282259 62951.9120886982 9161532952.54382
1036141200 -101699671669414 53424453616099.4 -119843.373903792 62951.9071620404 9161532952.54381
1037193120 -101825737306368 53490673983695.4 -119843.364548547 62951.9022475816 9161532952.54381
1038245040 -101951802933494 53556894346128.2 -119843.355216437 62951.8973452765 9161532952.54381
1039296960 -102077868550815 53623114703410.5 -119843.345907377 62951.8924550803 9161532952.54382
1040348880 -102203934158355 53689335055555.1 -119843.336621281 62951.887576948 9161532952.54382
1041400800 -102329999756140 53755555402574.6 -119843.327358065 62951.8827108351 9161532952.54382
1042452720 -102456065344192 53821775744481.7 -119843.318117645 62951.8778566972 9161532952.54381
1043504640 -102582130922537 53887996081288.8 -119843.308899935 62951.8730144901 9161532952.54382
1044556560 -102708196491196 53954216413008.6 -119843.299704853 62951.8681841699 9161532952.54381
1045608480 -102834262050195 54020436739653.6 -119843.290532315 62951.863365693 9161532952.54381
1046660400 -102960327599558 54086657061236.1 -119843.281382238 62951.8585590157 9161532952.54381
1047712320 -103086393139307 54152877377768.5 -119843.272254541 62951.8537640949 9161532952.54381
1048764240 -103212458669466 54219097689263.2 -119843.263149141 62951.8489808873 9161532952.54382
1049816160 -103338524190058 54285317995732.5 -119843.254065956 62951.8442093502 9161532952.54381
1050868080 -103464589701107 54351538297188.7 -119843.245004905 62951.839449441 9161532952.54381
1051920000 -103590655202637 54417758593643.9 -119843.235965908 62951.834701117 9161532952.54381
1052971920 -103716720694670 54483978885110.3 -119843.226948884 62951.8299643362 9161532952.54381
1054023840 -103842786177229 54550199171600.1 -119843.217953752 62951.8252390564 9161532952.54381
1055075760 -103968851650337 54616419453125.3 -119843.208980434 62951.8205252358 9161532952.54381
1056127680 -104094917114018 54682639729697.9 -119843.20002885 62951.8158228328 9161532952.54381
1057179600 -104220982568293 54748860001330 -119843.191098922 62951.8111318059 9161532952.54382
1058231520 -104347048013187 54815080268033.4 -119843.18219057 62951.806452114 9161532952.54381
1059283440 -104473113448721 54881300529820.2 -119843.173303717 62951.8017837159 9161532952.54381
1060335360 -104599178874918 54947520786702 -119843.164438284 62951.7971265709 9161532952.54382
1061387280 -104725244291800 55013741038690.9 -119843.155594196 62951.7924806382 9161532952.54381
1062439200 -104851309699390 55079961285798.4 -119843.146771373 62951.7878458776 9161532952.54381
1063491120 -104977375097711 55146181528036.4 -119843.137969741 62951.7832222486 9161532952.54381
1064543040 -105103440486784 55212401765416.6 -119843.129189222 62951.7786097113 9161532952.54381
1065594960 -105229505866632 55278621997950.6 -119843.120429741 62951.7740082258 9161532952.54382
1066646880 -105355571237276 55344842225649.9 -119843.111691223 62951.7694177524 9161532952.54381
1067698800 -105481636598740 55411062448526.3 -119843.102973592 62951.7648382517 9161532952.54382
1068750720 -105607701951044 55477282666591.1 -119843.094276772 62951.7602696842 9161532952.54381
1069802640 -105733767294210 55543502879855.9 -119843.085600691 62951.755712011 9161532952.54381
1070854560 -105859832628261 55609723088332 -119843.076945274 62951.7511651931 9161532952.54381
1071906480 -105985897953218 55675943292031 -119843.068310446 62951.7466291918 9161532952.54382
1072958400 -106111963269102 55742163490964.2 -119843.059696136 62951.7421039685 9161532952.54382
1074010320 -106238028575936 55808383685142.8 -119843.051102269 62951.7375894848 9161532952.54382
1075062240 -106364093873741 55874603874578.2 -119843.042528773 62951.7330857026 9161532952.54382
1076114160 -106490159162537 55940824059281.6 -119843.033975575 62951.7285925838 9161532952.54382
1077166080 -106616224442347 56007044239264.1 -119843.025442604 62951.7241100907 9161532952.54382
1078218000 -106742289713191 56073264414537 -119843.016929788 62951.7196381855 9161532952.54382
1079269920 -106868354975091 56139484585111.4 -119843.008437056 62951.7151768309 9161532952.54382
1080321840 -106994420228068 56205704750998.4 -119842.999964336 62951.7107259894 9161532952.54382
1081373760 -107120485472143 56271924912208.9 -119842.991511558 62951.7062856241 9161532952.54382
1082425680 -107246550707337 56338145068754 -119842.983078652 62951.7018556979 9161532952.54382
1083477600 -107372615933671 56404365220644.6 -119842.974665548 62951.697436174 9161532952.54382
1084529520 -107498681151164 56470585367891.7 -119842.966272175 62951.693027016 9161532952.54382
1085581440 -107624746359839 56536805510506.2 -119842.957898465 62951.6886281872 9161532952.54382
1086633360 -107750811559716 56603025648498.8 -119842.949544349 62951.6842396516 9161532952.54382
1087685280 -107876876750816 56669245781880.5 -119842.941209758 62951.679861373 9161532952.54382
1088737200 -108002941933158 56735465910662 -119842.932894623 62951.6754933155 9161532952.54382
1089789120 -108129007106764 56801686034854 -119842.924598876 62951.6711354433 9161532952.54382
1090841040 -108255072271653 56867906154467.1 -119842.916322451 62951.6667877209 9161532952.54382
1091892960 -108381137427846 56934126269512.2 -119842.908065279 62951.6624501128 9161532952.54382
1092944880 -108507202575364 57000346379999.7 -119842.899827293 62951.6581225838 9161532952.54382
1093996800 -108633267714225 57066566485940.3 -119842.891608426 62951.6538050988 9161532952.54382
1095048720 -108759332844452 57132786587344.5 -119842.883408613 62951.6494976228 9161532952.54382
1096100640 -108885397966062 57199006684222.9 -119842.875227786 62951.6452001212 9161532952.54382
1097152560 -109011463079078 57265226776585.8 -119842.86706588 62951.6409125592 9161532952.54382
1098204480 -109137528183517 57331446864443.8 -119842.85892283 62951.6366349025 9161532952.54382
1099256400 -109263593279400 57397666947807.3 -119842.85079857 62951.6323671168 9161532952.54382
1100308320 -109389658366748 57463887026686.5 -119842.842693034 62951.6281091679 9161532952.54382
1101360240 -109515723445578 57530107101091.9 -119842.83460616 62951.6238610218 9161532952.54382
1102412160 -109641788515912 57596327171033.7 -119842.826537881 62951.6196226449 9161532952.54382
1103464080 -109767853577768 57662547236522.2 -119842.818488134 62951.6153940033 9161532952.54382
1104516000 -109893918631167 57728767297567.6 -119842.810456856 62951.6111750635 9161532952.54382
1105567920 -110019983676126 57794987354180.2 -119842.802443982 62951.6069657923 9161532952.54382
1106619840 -110146048712667 57861207406369.9 -119842.79444945 62951.6027661565 9161532952.54382
1107671760 -110272113740807 57927427454147.1 -119842.786473197 62951.5985761229 9161532952.54382
1108723680 -110398178760567 57993647497521.7 -119842.778515159 62951.5943956588 9161532952.54382
1109775600 -110524243771965 58059867536503.8 -119842.770575275 62951.5902247312 9161532952.54382
1110827520 -110650308775020 58126087571103.4 -119842.762653483 62951.5860633078 9161532952.54382
1111879440 -110776373769752 58192307601330.5 -119842.754749721 62951.5819113559 9161532952.54382
1112931360 -110902438756179 58258527627195.1 -119842.746863927 62951.5777688433 9161532952.54382
1113983280 -111028503734321 58324747648707 -119842.738996041 62951.5736357379 9161532952.54382
1115035200 -111154568704195 58390967665876.2 -119842.731146001 62951.5695120076 9161532952.54382
1116087120 -111280633665821 58457187678712.5 -119842.723313746 62951.5653976206 9161532952.54382
1117139040 -111406698619218 58523407687225.6 -119842.715499217 62951.5612925451 9161532952.54382
1118190960 -111532763564403 58589627691425.4 -119842.707702352 62951.5571967497 9161532952.54382
1119242880 -111658828501396 58655847691321.7 -119842.699923093 62951.5531102028 9161532952.54382
1120294800 -111784893430215 58722067686924 -119842.69216138 62951.5490328731 9161532952.54382
1121346720 -111910958350879 58788287678242.2 -119842.684417153 62951.5449647295 9161532952.54382
1122398640 -112037023263406 58854507665285.8 -119842.676690354 62951.5409057411 9161532952.54382
1123450560 -112163088167814 58920727648064.5 -119842.668980923 62951.5368558769 9161532952.54382
1124502480 -112289153064121 58986947626587.9 -119842.661288803 62951.5328151061 9161532952.54382
1125554400 -112415217952345 59053167600865.4 -119842.653613934 62951.5287833983 9161532952.54382
1126606320 -112541282832506 59119387570906.7 -119842.64595626 62951.5247607229 9161532952.54382
1127658240 -112667347704620 59185607536721.2 -119842.638315721 62951.5207470497 9161532952.54382
1128710160 -112793412568706 59251827498318.3 -119842.630692262 62951.5167423484 9161532952.54382
1129762080 -112919477424782 59318047455707.5 -119842.623085824 62951.5127465889 9161532952.54382
1130814000 -113045542272865 59384267408898.2 -119842.61549635 62951.5087597415 9161532952.54382
1131865920 -113171607112973 59450487357899.8 -119842.607923785 62951.5047817762 9161532952.54382
1132917840 -113297671945125 59516707302721.4 -119842.600368071 62951.5008126635 9161532952.54382
1133969760 -113423736769338 59582927243372.6 -119842.592829152 62951.4968523738 9161532952.54382
1135021680 -113549801585629 59649147179862.4 -119842.585306973 62951.4929008778 9161532952.54382
1136073600 -113675866394016 59715367112200.2 -119842.577801477 62951.4889581461 9161532952.54382
1137125520 -113801931194516 59781587040395.2 -119842.57031261 62951.4850241497 9161532952.54382
1138177440 -113927995987148 59847806964456.5 -119842.562840316 62951.4810988595 9161532952.54382
1139229360 -114054060771928 59914026884393.2 -119842.555384539 62951.4771822468 9161532952.54382
1140281280 -114180125548874 59980246800214.6 -119842.547945227 62951.4732742826 9161532952.54382
1141333200 -114306190318003 60046466711929.6 -119842.540522323 62951.4693749385 9161532952.54382
1142385120 -114432255079332 60112686619547.4 -119842.533115773 62951.4654841859 9161532952.54382
1143437040 -114558319832879 60178906523076.9 -119842.525725525 62951.4616019965 9161532952.54382
1144488960 -114684384578660 60245126422527.1 -119842.518351523 62951.4577283421 9161532952.54382
1145540880 -114810449316693 60311346317907.1 -119842.510993715 62951.4538631944 9161532952.54382
1146592800 -114936514046995 60377566209225.6 -119842.503652046 62951.4500065256 9161532952.54382
1147644720 -115062578769582 60443786096491.8 -119842.496326465 62951.4461583077 9161532952.54382
1148696640 -115188643484472 60510005979714.3 -119842.489016918 62951.442318513 9161532952.54382
1149748560 -115314708191681 60576225858902.1 -119842.481723353 62951.4384871139 9161532952.54382
1150800480 -115440772891226 60642445734064 -119842.474445717 62951.4346640829 9161532952.54382
1151852400 -115566837583125 60708665605208.7 -119842.467183958 62951.4308493926 9161532952.54382
1152904320 -115692902267392 60774885472345.1 -119842.459938025 62951.4270430157 9161532952.54382
1153956240 -115818966944046 60841105335481.8 -119842.452707865 62951.4232449251 9161532952.54382
1155008160 -115945031613103 60907325194627.6 -119842.445493427 62951.4194550937 9161532952.54382
1156060080 -116071096274579 60973545049791.1 -119842.43829466 62951.4156734947 9161532952.54382
1157112000 -116197160928490 61039764900981 -119842.431111514 62951.4119001012 9161532952.54382
1158163920 -116323225574854 61105984748205.8 -119842.423943936 62951.4081348866 9161532952.54382
1159215840 -116449290213686 61172204591474.3 -119842.416791877 62951.4043778243 9161532952.54382
1160267760 -116575354845003 61238424430794.9 -119842.409655286 62951.4006288878 9161532952.54382
1161319680 -116701419468820 61304644266176.2 -119842.402534113 62951.3968880508 9161532952.54382
1162371600 -116827484085155 61370864097626.7 -119842.395428308 62951.3931552872 9161532952.54382
1163423520 -116953548694024 61437083925154.9 -119842.388337822 62951.3894305707 9161532952.54382
1164475440 -117079613295441 61503303748769.1 -119842.381262605 62951.3857138754 9161532952.54382
1165527360 -117205677889424 61569523568478 -119842.374202607 62951.3820051755 9161532952.54382
1166579280 -117331742475989 61635743384289.7 -119842.36715778 62951.378304445 9161532952.54382
1167631200 -117457807055151 61701963196212.8 -119842.360128075 62951.3746116585 9161532952.54382
1168683120 -117583871626926 61768183004255.5 -119842.353113443 62951.3709267903 9161532952.54382
1169735040 -117709936191330 61834402808426.1 -119842.346113836 62951.3672498149 9161532952.54382
1170786960 -117836000748380 61900622608733.1 -119842.339129206 62951.3635807071 9161532952.54382
1171838880 -117962065298089 61966842405184.5 -119842.332159504 62951.3599194417 9161532952.54382
1172890800 -118088129840475 62033062197788.7 -119842.325204683 62951.3562659934 9161532952.54382
1173942720 -118214194375553 62099281986553.9 -119842.318264695 62951.3526203374 9161532952.54382
1174994640 -118340258903338 62165501771488.2 -119842.311339492 62951.3489824486 9161532952.54382
1176046560 -118466323423847 62231721552599.9 -119842.304429028 62951.3453523024 9161532952.54382
1177098480 -118592387937094 62297941329896.9 -119842.297533256 62951.3417298739 9161532952.54382
1178150400 -118718452443094 62364161103387.5 -119842.290652128 62951.3381151387 9161532952.54382
1179202320 -118844516941864 62430380873079.8 -119842.283785598 62951.3345080722 9161532952.54382
1180254240 -118970581433419 62496600638981.7 -119842.27693362 62951.3309086501 9161532952.54382
1181306160 -119096645917773 62562820401101.3 -119842.270096148 62951.3273168481 9161532952.54382
1182358080 -119222710394943 62629040159446.6 -119842.263273135 62951.323732642 9161532952.54382
1183410000 -119348774864943 62695259914025.6 -119842.256464535 62951.3201560077 9161532952.54382
1184461920 -119474839327788 62761479664846.3 -119842.249670304 62951.3165869213 9161532952.54382
1185513840 -119600903783494 62827699411916.5 -119842.242890395 62951.3130253589 9161532952.54382
1186565760 -119726968232076 62893919155244.2 -119842.236124764 62951.3094712967 9161532952.54382
1187617680 -119853032673548 62960138894837.2 -119842.229373365 62951.3059247111 9161532952.54382
1188669600 -119979097107926 63026358630703.4 -119842.222636153 62951.3023855786 9161532952.54382
1189721520 -120105161535224 63092578362850.7 -119842.215913084 62951.2988538755 9161532952.54382
1190773440 -120231225955457 63158798091286.8 -119842.209204113 62951.2953295786 9161532952.54382
1191825360 -120357290368641 63225017816019.5 -119842.202509197 62951.2918126646 9161532952.54382
1192877280 -120483354774789 63291237537056.5 -119842.19582829 62951.2883031103 9161532952.54382
1193929200 -120609419173917 63357457254405.6 -119842.189161349 62951.2848008927 9161532952.54382
1194981120 -120735483566039 63423676968074.6 -119842.18250833 62951.2813059887 9161532952.54382
1196033040 -120861547951170 63489896678071 -119842.17586919 62951.2778183755 9161532952.54382
1197084960 -120987612329325 63556116384402.5 -119842.169243885 62951.2743380302 9161532952.54382
1198136880 -121113676700517 63622336087076.9 -119842.162632372 62951.2708649302 9161532952.54382
1199188800 -121239741064762 63688555786101.6 -119842.156034608 62951.267399053 9161532952.54382
1200240720 -121365805422074 63754775481484.2 -119842.149450551 62951.2639403758 9161532952.54382
1201292640 -121491869772467 63820995173232.4 -119842.142880156 62951.2604888765 9161532952.54382
1202344560 -121617934115956 63887214861353.6 -119842.136323383 62951.2570445326 9161532952.54382
1203396480 -121743998452554 63953434545855.5 -119842.129780189 62951.2536073219 9161532952.54382
1204448400 -121870062782277 64019654226745.4 -119842.123250531 62951.2501772222 9161532952.54382
1205500320 -121996127105138 64085873904030.8 -119842.116734367 62951.2467542116 9161532952.54382
1206552240 -122122191421152 64152093577719.2 -119842.110231657 62951.2433382681 9161532952.54382
1207604160 -122248255730333 64218313247818 -119842.103742357 62951.2399293698 9161532952.54382
1208656080 -122374320032694 64284532914334.7 -119842.097266427 62951.2365274949 9161532952.54382
1209708000 -122500384328250 64350752577276.5 -119842.090803826 62951.2331326218 9161532952.54382
1210759920 -122626448617016 64416972236650.9 -119842.084354512 62951.2297447288 9161532952.54382
1211811840 -122752512899004 64483191892465.1 -119842.077918445 62951.2263637945 9161532952.54382
1212863760 -122878577174228 64549411544726.5 -119842.071495583 62951.2229897974 9161532952.54382
1213915680 -123004641442703 64615631193442.4 -119842.065085886 62951.2196227162 9161532952.54382
1214967600 -123130705704443 64681850838620 -119842.058689314 62951.2162625296 9161532952.54382
1216019520 -123256769959461 64748070480266.5 -119842.052305826 62951.2129092166 9161532952.54382
1217071440 -123382834207771 64814290118389.3 -119842.045935383 62951.209562756 9161532952.54382
1218123360 -123508898449386 64880509752995.5 -119842.039577943 62951.2062231269 9161532952.54382
1219175280 -123634962684321 64946729384092.2 -119842.033233468 62951.2028903083 9161532952.54382
1220227200 -123761026912589 65012949011686.6 -119842.026901918 62951.1995642795 9161532952.54382
1221279120 -123887091134203 65079168635785.8 -119842.020583254 62951.1962450197 9161532952.54382
1222331040 -124013155349177 65145388256397.1 -119842.014277436 62951.1929325082 9161532952.54382
1223382960 -124139219557525 65211607873527.3 -119842.007984424 62951.1896267246 9161532952.54382
1224434880 -124265283759259 65277827487183.7 -119842.001704181 62951.1863276483 9161532952.54382
1225486800 -124391347954394 65344047097373.2 -119841.995436667 62951.183035259 9161532952.54382
1226538720 -124517412142943 65410266704102.9 -119841.989181843 62951.1797495362 9161532952.54382
1227590640 -124643476324919 65476486307379.8 -119841.982939672 62951.1764704599 9161532952.54382
1228642560 -124769540500336 65542705907210.9 -119841.976710114 62951.1731980099 9161532952.54382
1229694480 -124895604669205 65608925503603.1 -119841.970493131 62951.169932166 9161532952.54382
1230746400 -125021668831542 65675145096563.3 -119841.964288686 62951.1666729083 9161532952.54382
1231798320 -125147732987359 65741364686098.5 -119841.958096741 62951.163420217 9161532952.54382
1232850240 -125273797136669 65807584272215.6 -119841.951917257 62951.1601740721 9161532952.54382
1233902160 -125399861279485 65873803854921.4 -119841.945750198 62951.156934454 9161532952.54382
1234954080 -125525925415820 65940023434222.8 -119841.939595526 62951.1537013429 9161532952.54382
1236006000 -125651989545688 66006243010126.7 -119841.933453203 62951.1504747193 9161532952.54382
1237057920 -125778053669101 66072462582639.8 -119841.927323192 62951.1472545637 9161532952.54382
1238109840 -125904117786072 66138682151769 -119841.921205457 62951.1440408567 9161532952.54382
1239161760 -126030181896614 66204901717521 -119841.91509996 62951.1408335788 9161532952.54382
1240213680 -126156246000740 66271121279902.6 -119841.909006666 62951.1376327109 9161532952.54382
1241265600 -126282310098463 66337340838920.4 -119841.902925536 62951.1344382337 9161532952.54382
1242317520 -126408374189795 66403560394581.3 -119841.896856536 62951.1312501281 9161532952.54383
1243369440 -126534438274750 66469779946891.9 -119841.890799628 62951.1280683751 9161532952.54382
1244421360 -126660502353339 66535999495858.9 -119841.884754777 62951.1248929556 9161532952.54382
1245473280 -126786566425576 66602219041488.9 -119841.878721946 62951.1217238509 9161532952.54382
1246525200 -126912630491474 66668438583788.6 -119841.872701101 62951.1185610421 9161532952.54382
1247577120 -127038694551044 66734658122764.6 -119841.866692204 62951.1154045103 9161532952.54382
1248629040 -127164758604300 66800877658423.4 -119841.860695221 62951.1122542371 9161532952.54382
1249680960 -127290822651253 66867097190771.7 -119841.854710116 62951.1091102037 9161532952.54382
1250732880 -127416886691917 66933316719816 -119841.848736855 62951.1059723917 9161532952.54382
1251784800 -127542950726304 66999536245562.9 -119841.842775401 62951.1028407826 9161532952.54382
1252836720 -127669014754426 67065755768018.8 -119841.836825719 62951.0997153581 9161532952.54382
1253888640 -127795078776295 67131975287190.2 -119841.830887776 62951.0965960997 9161532952.54382
1254940560 -127921142791925 67198194803083.6 -119841.824961536 62951.0934829894 9161532952.54382
1255992480 -128047206801327 67264414315705.6 -119841.819046965 62951.0903760089 9161532952.54382
1257044400 -128173270804513 67330633825062.5 -119841.813144028 62951.0872751401 9161532952.54382
1258096320 -128299334801496 67396853331160.7 -119841.807252691 62951.0841803651 9161532952.54382
1259148240 -128425398792287 67463072834006.6 -119841.80137292 62951.0810916659 9161532952.54382
1260200160 -128551462776900 67529292333606.7 -119841.795504681 62951.0780090246 9161532952.54382
1261252080 -128677526755346 67595511829967.2 -119841.78964794 62951.0749324234 9161532952.54382
1262304000 -128803590727637 67661731323094.6 -119841.783802663 62951.0718618446 9161532952.54382
1263355920 -128929654693785 67727950812995.2 -119841.777968816 62951.0687972704 9161532952.54382
1264407840 -129055718653803 67794170299675.2 -119841.772146367 62951.0657386834 9161532952.54382
1265459760 -129181782607702 67860389783140.9 -119841.766335281 62951.062686066 9161532952.54382
1266511680 -129307846555494 67926609263398.7 -119841.760535525 62951.0596394007 9161532952.54382
1267563600 -129433910497191 67992828740454.8 -119841.754747067 62951.0565986702 9161532952.54382
1268615520 -129559974432805 68059048214315.3 -119841.748969874 62951.053563857 9161532952.54382
1269667440 -129686038362348 68125267684986.6 -119841.743203911 62951.050534944 9161532952.54382
1270719360 -129812102285831 68191487152474.8 -119841.737449148 62951.047511914 9161532952.54382
1271771280 -129938166203266 68257706616786.1 -119841.731705551 62951.0444947497 9161532952.54382
1272823200 -130064230114666 68323926077926.7 -119841.725973087 62951.0414834343 9161532952.54382
1273875120 -130190294020042 68390145535902.7 -119841.720251725 62951.0384779507 9161532952.54382
1274927040 -130316357919404 68456364990720.2 -119841.714541432 62951.0354782819 9161532952.54382
1275978960 -130442421812766 68522584442385.3 -119841.708842176 62951.0324844112 9161532952.54382
1277030880 -130568485700139 68588803890904.2 -119841.703153925 62951.0294963216 9161532952.54382
1278082800 -130694549581533 68655023336282.9 -119841.697476648 62951.0265139965 9161532952.54382
1279134720 -130820613456962 68721242778527.4 -119841.691810312 62951.0235374193 9161532952.54382
1280186640 -130946677326436 68787462217643.9 -119841.686154886 62951.0205665733 9161532952.54382
1281238560 -131072741189966 68853681653638.2 -119841.680510338 62951.0176014419 9161532952.54382
1282290480 -131198805047564 68919901086516.5 -119841.674876637 62951.0146420088 9161532952.54382
1283342400 -131324868899242 68986120516284.7 -119841.669253753 62951.0116882574 9161532952.54382
1284394320 -131450932745011 69052339942948.7 -119841.663641653 62951.0087401715 9161532952.54382
1285446240 -131576996584882 69118559366514.6 -119841.658040307 62951.0057977348 9161532952.54382
1286498160 -131703060418866 69184778786988.2 -119841.652449683 62951.002860931 9161532952.54382
1287550080 -131829124246975 69250998204375.5 -119841.646869752 62950.9999297439 9161532952.54382
1288602000 -131955188069220 69317217618682.3 -119841.641300482 62950.9970041576 9161532952.54382
1289653920 -132081251885612 69383437029914.7 -119841.635741843 62950.9940841559 9161532952.54382
1290705840 -132207315696163 69449656438078.3 -119841.630193805 62950.9911697229 9161532952.54382
1291757760 -132333379500883 69515875843179.1 -119841.624656337 62950.9882608426 9161532952.54382
1292809680 -132459443299784 69582095245222.9 -119841.619129409 62950.9853574993 9161532952.54382
1293861600 -132585507092876 69648314644215.6 -119841.613612991 62950.982459677 9161532952.54382
1294913520 -132711570880171 69714534040162.8 -119841.608107053 62950.9795673601 9161532952.54382
1295965440 -132837634661680 69780753433070.5 -119841.602611565 62950.976680533 9161532952.54382
1297017360 -132963698437413 69846972822944.3 -119841.597126497 62950.9737991799 9161532952.54382
1298069280 -133089762207382 69913192209790.1 -119841.591651821 62950.9709232853 9161532952.54382
1299121200 -133215825971597 69979411593613.5 -119841.586187505 62950.9680528338 9161532952.54382
1300173120 -133341889730070 70045630974420.2 -119841.580733522 62950.9651878098 9161532952.54382
1301225040 -133467953482811 70111850352216.1 -119841.575289842 62950.9623281981 9161532952.54382
1302276960 -133594017229832 70178069727006.7 -119841.569856435 62950.9594739833 9161532952.54382
1303328880 -133720080971142 70244289098797.7 -119841.564433272 62950.9566251501 9161532952.54382
1304380800 -133846144706752 70310508467594.8 -119841.559020325 62950.9537816833 9161532952.54382
1305432720 -133972208436675 70376727833403.7 -119841.553617565 62950.9509435677 9161532952.54382
1306484640 -134098272160919 70442947196229.8 -119841.548224962 62950.9481107884 9161532952.54382
1307536560 -134224335879496 70509166556078.9 -119841.542842489 62950.9452833302 9161532952.54382
1308588480 -134350399592416 70575385912956.6 -119841.537470117 62950.9424611782 9161532952.54382
1309640400 -134476463299690 70641605266868.3 -119841.532107817 62950.9396443174 9161532952.54382
1310692320 -134602527001329 70707824617819.7 -119841.526755561 62950.936832733 9161532952.54382
1311744240 -134728590697343 70774043965816.3 -119841.521413322 62950.9340264102 9161532952.54382
1312796160 -134854654387743 70840263310863.7 -119841.51608107 62950.9312253341 9161532952.54382
1313848080 -134980718072539 70906482652967.3 -119841.510758777 62950.9284294902 9161532952.54382
1314900000 -135106781751741 70972701992132.6 -119841.505446417 62950.9256388637 9161532952.54382
1315951920 -135232845425361 71038921328365.2 -119841.500143961 62950.9228534401 9161532952.54382
1317003840 -135358909093408 71105140661670.4 -119841.494851382 62950.9200732048 9161532952.54382
1318055760 -135484972755892 71171359992053.8 -119841.489568651 62950.9172981434 9161532952.54382
1319107680 -135611036412825 71237579319520.7 -119841.484295742 62950.9145282414 9161532952.54382
1320159600 -135737100064216 71303798644076.7 -119841.479032628 62950.9117634844 9161532952.54382
1321211520 -135863163710077 71370017965727 -119841.473779279 62950.9090038582 9161532952.54382
1322263440 -135989227350416 71436237284477.2 -119841.468535671 62950.9062493484 9161532952.54382
1323315360 -136115290985244 71502456600332.5 -119841.463301775 62950.9034999409 9161532952.54382
1324367280 -136241354614572 71568675913298.3 -119841.458077565 62950.9007556214 9161532952.54382
1325419200 -136367418238409 71634895223379.9 -119841.452863014 62950.8980163759 9161532952.54382
1326471120 -136493481856767 71701114530582.8 -119841.447658095 62950.8952821903 9161532952.54382
1327523040 -136619545469654 71767333834912.2 -119841.442462781 62950.8925530506 9161532952.54382
1328574960 -136745609077081 71833553136373.4 -119841.437277046 62950.8898289428 9161532952.54382
1329626880 -136871672679058 71899772434971.7 -119841.432100864 62950.887109853 9161532952.54382
1330678800 -136997736275595 71965991730712.3 -119841.426934207 62950.8843957675 9161532952.54382
1331730720 -137123799866703 72032211023600.6 -119841.42177705 62950.8816866723 9161532952.54382
1332782640 -137249863452390 72098430313641.8 -119841.416629367 62950.8789825538 9161532952.54382
1333834560 -137375927032667 72164649600841 -119841.411491131 62950.8762833982 9161532952.54382
1334886480 -137501990607545 72230868885203.6 -119841.406362316 62950.8735891918 9161532952.54383
1335938400 -137628054177032 72297088166734.6 -119841.401242897 62950.8708999212 9161532952.54382
1336990320 -137754117741139 72363307445439.4 -119841.396132848 62950.8682155726 9161532952.54383
1338042240 -137880181299875 72429526721323 -119841.391032143 62950.8655361327 9161532952.54382
1339094160 -138006244853251 72495745994390.6 -119841.385940756 62950.862861588 9161532952.54382
1340146080 -138132308401276 72561965264647.4 -119841.380858663 62950.860191925 9161532952.54382
1341198000 -138258371943960 72628184532098.5 -119841.375785837 62950.8575271305 9161532952.54383
1342249920 -138384435481313 72694403796749 -119841.370722253 62950.8548671911 9161532952.54382
1343301840 -138510499013344 72760623058604 -119841.365667886 62950.8522120935 9161532952.54382
1344353760 -138636562540063 72826842317668.6 -119841.360622711 62950.8495618246 9161532952.54383
1345405680 -138762626061480 72893061573947.9 -119841.355586703 62950.8469163711 9161532952.54382
1346457600 -138888689577604 72959280827446.8 -119841.350559836 62950.84427572 9161532952.54382
1347509520 -139014753088445 73025500078170.6 -119841.345542087 62950.8416398583 9161532952.54382
1348561440 -139140816594012 73091719326124.1 -119841.34053343 62950.8390087728 9161532952.54382
1349613360 -139266880094316 73157938571312.5 -119841.33553384 62950.8363824507 9161532952.54382
1350665280 -139392943589365 73224157813740.6 -119841.330543293 62950.8337608789 9161532952.54382
1351717200 -139519007079169 73290377053413.6 -119841.325561764 62950.8311440447 9161532952.54382
1352769120 -139645070563738 73356596290336.4 -119841.32058923 62950.8285319351 9161532952.54382
1353821040 -139771134043080 73422815524513.9 -119841.315625665 62950.8259245375 9161532952.54382
1354872960 -139897197517207 73489034755951.1 -119841.310671045 62950.823321839 9161532952.54382
1355924880 -140023260986126 73555253984653 -119841.305725347 62950.820723827 9161532952.54382
1356976800 -140149324449847 73621473210624.4 -119841.300788545 62950.8181304889 9161532952.54383
1358028720 -140275387908380 73687692433870.2 -119841.295860617 62950.8155418119 9161532952.54382
1359080640 -140401451361734 73753911654395.5 -119841.290941538 62950.8129577837 9161532952.54383
1360132560 -140527514809917 73820130872205 -119841.286031285 62950.8103783915 9161532952.54383
1361184480 -140653578252941 73886350087303.6 -119841.281129833 62950.8078036231 9161532952.54382
1362236400 -140779641690813 73952569299696.1 -119841.276237159 62950.805233466 9161532952.54383
1363288320 -140905705123543 74018788509387.5 -119841.27135324 62950.8026679077 9161532952.54383
1364340240 -141031768551140 74085007716382.6 -119841.266478051 62950.800106936 9161532952.54383
1365392160 -141157831973613 74151226920686.1 -119841.261611571 62950.7975505386 9161532952.54383
1366444080 -141283895390971 74217446122302.9 -119841.256753775 62950.7949987032 9161532952.54383
1367496000 -141409958803225 74283665321237.8 -119841.251904639 62950.7924514176 9161532952.54383
1368547920 -141536022210382 74349884517495.5 -119841.247064142 62950.7899086698 9161532952.54383
1369599840 -141662085612451 74416103711080.9 -119841.24223226 62950.7873704474 9161532952.54382
1370651760 -141788149009442 74482322901998.6 -119841.237408969 62950.7848367386 9161532952.54383
1371703680 -141914212401365 74548542090253.4 -119841.232594248 62950.7823075312 9161532952.54382
1372755600 -142040275788227 74614761275850 -119841.227788072 62950.7797828132 9161532952.54382
1373807520 -142166339170037 74680980458793.2 -119841.22299042 62950.7772625728 9161532952.54382
1374859440 -142292402546806 74747199639087.7 -119841.218201269 62950.7747467981 9161532952.54382
1375911360 -142418465918541 74813418816738.1 -119841.213420596 62950.7722354771 9161532952.54382
1376963280 -142544529285252 74879637991749.1 -119841.208648379 62950.769728598 9161532952.54382
1378015200 -142670592646947 74945857164125.4 -119841.203884596 62950.7672261491 9161532952.54382
1379067120 -142796656003635 75012076333871.7 -119841.199129223 62950.7647281187 9161532952.54383
1380119040 -142922719355326 75078295500992.6 -119841.194382239 62950.762234495 9161532952.54382
1381170960 -143048782702027 75144514665492.7 -119841.189643621 62950.7597452664 9161532952.54382
1382222880 -143174846043748 75210733827376.6 -119841.184913348 62950.7572604213 9161532952.54382
1383274800 -143300909380498 75276952986649 -119841.180191398 62950.7547799482 9161532952.54383
1384326720 -143426972712285 75343172143314.4 -119841.175477748 62950.7523038354 9161532952.54382
1385378640 -143553036039118 75409391297377.4 -119841.170772376 62950.7498320715 9161532952.54382
1386430560 -143679099361006 75475610448842.6 -119841.166075261 62950.7473646451 9161532952.54383
1387482480 -143805162677957 75541829597714.6 -119841.161386382 62950.7449015448 9161532952.54382
1388534400 -143931225989980 75608048743997.8 -119841.156705716 62950.7424427591 9161532952.54382
1389586320 -144057289297083 75674267887696.8 -119841.152033241 62950.7399882768 9161532952.54382
1390638240 -144183352599276 75740487028816.2 -119841.147368938 62950.7375380865 9161532952.54382
1391690160 -144309415896567 75806706167360.5 -119841.142712783 62950.7350921771 9161532952.54382
1392742080 -144435479188964 75872925303334 -119841.138064756 62950.7326505373 9161532952.54382
1393794000 -144561542476476 75939144436741.5 -119841.133424835 62950.7302131559 9161532952.54382
1394845920 -144687605759111 76005363567587.2 -119841.128793 62950.7277800218 9161532952.54382
1395897840 -144813669036879 76071582695875.7 -119841.124169228 62950.725351124 9161532952.54382
1396949760 -144939732309786 76137801821611.4 -119841.1195535 62950.7229264513 9161532952.54382
1398001680 -145065795577843 76204020944798.7 -119841.114945794 62950.7205059927 9161532952.54382
1399053600 -145191858841057 76270240065442.2 -119841.110346089 62950.7180897374 9161532952.54382
1400105520 -145317922099436 76336459183546.1 -119841.105754364 62950.7156776742 9161532952.54382
1401157440 -145443985352990 76402678299115 -119841.1011706 62950.7132697924 9161532952.54382
1402209360 -145570048601726 76468897412153.1 -119841.096594774 62950.7108660811 9161532952.54382
1403261280 -145696111845652 76535116522664.9 -119841.092026866 62950.7084665294 9161532952.54382
1404313200 -145822175084778 76601335630654.8 -119841.087466856 62950.7060711266 9161532952.54382
1405365120 -145948238319111 76667554736127 -119841.082914723 62950.7036798618 9161532952.54382
1406417040 -146074301548660 76733773839086 -119841.078370448 62950.7012927245 9161532952.54382
1407468960 -146200364773433 76799992939536.2 -119841.073834009 62950.6989097038 9161532952.54382
1408520880 -146326427993438 76866212037481.7 -119841.069305386 62950.6965307893 9161532952.54382
1409572800 -146452491208683 76932431132926.9 -119841.06478456 62950.6941559702 9161532952.54382
1410624720 -146578554419177 76998650225876.2 -119841.06027151 62950.691785236 9161532952.54382
1411676640 -146704617624928 77064869316333.8 -119841.055766215 62950.6894185762 9161532952.54382
1412728560 -146830680825943 77131088404304 -119841.051268657 62950.6870559802 9161532952.54382
1413780480 -146956744022231 77197307489791.1 -119841.046778815 62950.6846974377 9161532952.54383
1414832400 -147082807213801 77263526572799.3 -119841.042296669 62950.6823429381 9161532952.54382
1415884320 -147208870400659 77329745653332.9 -119841.0378222 62950.6799924712 9161532952.54382
1416936240 -147334933582815 77395964731396 -119841.033355387 62950.6776460266 9161532952.54383
1417988160 -147460996760277 77462183806993.1 -119841.028896212 62950.6753035938 9161532952.54382
1419040080 -147587059933051 77528402880128.2 -119841.024444654 62950.6729651628 9161532952.54383
1420092000 -147713123101147 77594621950805.5 -119841.020000694 62950.6706307231 9161532952.54383
1421143920 -147839186264572 77660841019029.3 -119841.015564314 62950.6683002647 9161532952.54383
1422195840 -147965249423334 77727060084803.7 -119841.011135492 62950.6659737772 9161532952.54382
1423247760 -148091312577442 77793279148133 -119841.00671421 62950.6636512507 9161532952.54382
1424299680 -148217375726903 77859498209021.2 -119841.002300449 62950.6613326749 9161532952.54382
1425351600 -148343438871724 77925717267472.5 -119840.99789419 62950.6590180399 9161532952.54382
1426403520 -148469502011915 77991936323491 -119840.993495413 62950.6567073355 9161532952.54383
1427455440 -148595565147482 78058155377081 -119840.9891041 62950.6544005518 9161532952.54383
1428507360 -148721628278434 78124374428246.5 -119840.984720231 62950.6520976788 9161532952.54383
1429559280 -148847691404779 78190593476991.6 -119840.980343787 62950.6497987065 9161532952.54383
1430611200 -148973754526523 78256812523320.4 -119840.975974751 62950.6475036251 9161532952.54383
1431663120 -149099817643676 78323031567237 -119840.971613102 62950.6452124247 9161532952.54383
1432715040 -149225880756244 78389250608745.4 -119840.967258822 62950.6429250954 9161532952.54383
1433766960 -149351943864236 78455469647849.8 -119840.962911893 62950.6406416275 9161532952.54383
1434818880 -149478006967660 78521688684554.3 -119840.958572296 62950.6383620111 9161532952.54383
1435870800 -149604070066522 78587907718862.7 -119840.954240012 62950.6360862366 9161532952.54383
1436922720 -149730133160830 78654126750779.3 -119840.949915023 62950.6338142943 9161532952.54383
1437974640 -149856196250593 78720345780307.9 -119840.945597311 62950.6315461744 9161532952.54383
1439026560 -149982259335818 78786564807452.7 -119840.941286856 62950.6292818673 9161532952.54383
1440078480 -150108322416513 78852783832217.6 -119840.936983642 62950.6270213634 9161532952.54383
1441130400 -150234385492685 78919002854606.7 -119840.932687649 62950.6247646532 9161532952.54383
1442182320 -150360448564341 78985221874623.8 -119840.92839886 62950.6225117271 9161532952.54383
1443234240 -150486511631490 79051440892273.1 -119840.924117256 62950.6202625756 9161532952.54383
1444286160 -150612574694138 79117659907558.4 -119840.919842819 62950.6180171892 9161532952.54383
1445338080 -150738637752294 79183878920483.7 -119840.915575532 62950.6157755585 9161532952.54383
1446390000 -150864700805965 79250097931053 -119840.911315376 62950.613537674 9161532952.54383
1447441920 -150990763855159 79316316939270.1 -119840.907062334 62950.6113035265 9161532952.54383
1448493840 -151116826899882 79382535945139.1 -119840.902816388 62950.6090731064 9161532952.54383
1449545760 -151242889940142 79448754948663.8 -119840.898577519 62950.6068464045 9161532952.54383
1450597680 -151368952975948 79514973949848.1 -119840.894345711 62950.6046234115 9161532952.54383
1451649600 -151495016007305 79581192948696 -119840.890120946 62950.6024041182 9161532952.54383
1452701520 -151621079034222 79647411945211.3 -119840.885903205 62950.6001885153 9161532952.54382
1453753440 -151747142056706 79713630939397.9 -119840.881692473 62950.5979765936 9161532952.54382
1454805360 -151873205074765 79779849931259.7 -119840.87748873 62950.595768344 9161532952.54382
1455857280 -151999268088405 79846068920800.5 -119840.873291961 62950.5935637573 9161532952.54382
1456909200 -152125331097634 79912287908024.1 -119840.869102146 62950.5913628244 9161532952.54382
1457961120 -152251394102459 79978506892934.5 -119840.86491927 62950.5891655363 9161532952.54382
1459013040 -152377457102888 80044725875535.4 -119840.860743315 62950.5869718838 9161532952.54382
1460064960 -152503520098928 80110944855830.7 -119840.856574264 62950.584781858 9161532952.54382
1461116880 -152629583090585 80177163833824.2 -119840.8524121 62950.5825954499 9161532952.54382
1462168800 -152755646077869 80243382809519.6 -119840.848256805 62950.5804126505 9161532952.54382
1463220720 -152881709060784 80309601782920.8 -119840.844108362 62950.578233451 9161532952.54382
1464272640 -153007772039340 80375820754031.5 -119840.839966756 62950.5760578423 9161532952.54382
1465324560 -153133835013542 80442039722855.5 -119840.835831968 62950.5738858157 9161532952.54382
1466376480 -153259897983399 80508258689396.7 -119840.831703982 62950.5717173623 9161532952.54382
1467428400 -153385960948917 80574477653658.7 -119840.827582782 62950.5695524733 9161532952.54382
1468480320 -153512023910103 80640696615645.2 -119840.82346835 62950.5673911398 9161532952.54382
1469532240 -153638086866965 80706915575360.1 -119840.81936067 62950.5652333533 9161532952.54382
1470584160 -153764149819509 80773134532807 -119840.815259725 62950.5630791048 9161532952.54382
1471636080 -153890212767743 80839353487989.7 -119840.811165498 62950.5609283858 9161532952.54382
1472688000 -154016275711674 80905572440911.8 -119840.807077974 62950.5587811876 9161532952.54382
1473739920 -154142338651309 80971791391577.1 -119840.802997136 62950.5566375015 9161532952.54382
1474791840 -154268401586654 81038010339989.3 -119840.798922967 62950.5544973189 9161532952.54382
1475843760 -154394464517717 81104229286152 -119840.794855451 62950.5523606312 9161532952.54382
1476895680 -154520527444505 81170448230068.9 -119840.790794572 62950.55022743 9161532952.54382
1477947600 -154646590367025 81236667171743.7 -119840.786740314 62950.5480977066 9161532952.54382
1478999520 -154772653285283 81302886111180 -119840.782692659 62950.5459714525 9161532952.54382
1480051440 -154898716199287 81369105048381.5 -119840.778651593 62950.5438486594 9161532952.54382
1481103360 -155024779109044 81435323983351.8 -119840.774617099 62950.5417293187 9161532952.54382
1482155280 -155150842014560 81501542916094.5 -119840.770589162 62950.539613422 9161532952.54382
1483207200 -155276904915842 81567761846613.2 -119840.766567764 62950.5375009609 9161532952.54382
1484259120 -155402967812898 81633980774911.7 -119840.76255289 62950.5353919272 9161532952.54382
1485311040 -155529030705734 81700199700993.4 -119840.758544525 62950.5332863124 9161532952.54382
1486362960 -155655093594356 81766418624862 -119840.754542653 62950.5311841082 9161532952.54382
1487414880 -155781156478773 81832637546521 -119840.750547257 62950.5290853064 9161532952.54382
1488466800 -155907219358990 81898856465974 -119840.746558323 62950.5269898987 9161532952.54382
1489518720 -156033282235015 81965075383224.6 -119840.742575833 62950.5248978768 9161532952.54382
1490570640 -156159345106853 82031294298276.3 -119840.738599774 62950.5228092327 9161532952.54382
1491622560 -156285407974513 82097513211132.7 -119840.734630129 62950.520723958 9161532952.54382
1492674480 -156411470838000 82163732121797.4 -119840.730666882 62950.5186420447 9161532952.54382
1493726400 -156537533697321 82229951030273.8 -119840.726710019 62950.5165634847 9161532952.54382
1494778320 -156663596552483 82296169936565.5 -119840.722759524 62950.5144882698 9161532952.54382
1495830240 -156789659403494 82362388840676 -119840.718815381 62950.5124163919 9161532952.54382
1496882160 -156915722250358 82428607742608.7 -119840.714877576 62950.5103478431 9161532952.54382
1497934080 -157041785093084 82494826642367.3 -119840.710946092 62950.5082826153 9161532952.54382
1498986000 -157167847931677 82561045539955.2 -119840.707020916 62950.5062207006 9161532952.54382
1500037920 -157293910766145 82627264435375.8 -119840.70310203 62950.5041620909 9161532952.54382
1501089840 -157419973596494 82693483328632.7 -119840.699189421 62950.5021067783 9161532952.54382
1502141760 -157546036422730 82759702219729.3 -119840.695283074 62950.5000547549 9161532952.54382
1503193680 -157672099244860 82825921108669.1 -119840.691382973 62950.4980060128 9161532952.54382
1504245600 -157798162062891 82892139995455.4 -119840.687489103 62950.4959605441 9161532952.54382
1505297520 -157924224876829 82958358880091.8 -119840.68360145 62950.4939183411 9161532952.54382
1506349440 -158050287686681 83024577762581.7 -119840.679719999 62950.4918793958 9161532952.54382
1507401360 -158176350492454 83090796642928.5 -119840.675844734 62950.4898437006 9161532952.54382
1508453280 -158302413294153 83157015521135.6 -119840.671975641 62950.4878112476 9161532952.54382
1509505200 -158428476091785 83223234397206.5 -119840.668112706 62950.4857820291 9161532952.54382
1510557120 -158554538885357 83289453271144.4 -119840.664255913 62950.4837560374 9161532952.54382
1511609040 -158680601674875 83355672142952.9 -119840.660405248 62950.4817332648 9161532952.54382
1512660960 -158806664460346 83421891012635.2 -119840.656560696 62950.4797137036 9161532952.54383
1513712880 -158932727241776 83488109880194.9 -119840.652722243 62950.4776973462 9161532952.54382
1514764800 -159058790019172 83554328745635.2 -119840.648889874 62950.4756841849 9161532952.54383
1515816720 -159184852792539 83620547608959.4 -119840.645063576 62950.4736742123 9161532952.54383
1516868640 -159310915561884 83686766470171 -119840.641243332 62950.4716674206 9161532952.54382
1517920560 -159436978327214 83752985329273.3 -119840.63742913 62950.4696638024 9161532952.54382
1518972480 -159563041088535 83819204186269.6 -119840.633620954 62950.4676633501 9161532952.54383
1520024400 -159689103845853 83885423041163.3 -119840.629818791 62950.4656660563 9161532952.54383
1521076320 -159815166599175 83951641893957.6 -119840.626022627 62950.4636719134 9161532952.54383
1522128240 -159941229348507 84017860744655.9 -119840.622232446 62950.4616809141 9161532952.54383
1523180160 -160067292093855 84084079593261.5 -119840.618448235 62950.4596930508 9161532952.54383
1524232080 -160193354835225 84150298439777.7 -119840.61466998 62950.4577083163 9161532952.54383
1525284000 -160319417572624 84216517284207.7 -119840.610897667 62950.455726703 9161532952.54383
1526335920 -160445480306058 84282736126554.8 -119840.607131281 62950.4537482037 9161532952.54383
1527387840 -160571543035533 84348954966822.4 -119840.60337081 62950.451772811 9161532952.54383
1528439760 -160697605761056 84415173805013.6 -119840.599616238 62950.4498005175 9161532952.54383
1529491680 -160823668482632 84481392641131.8 -119840.595867552 62950.4478313161 9161532952.54383
1530543600 -160949731200268 84547611475180.1 -119840.592124739 62950.4458651995 9161532952.54383
1531595520 -161075793913970 84613830307161.9 -119840.588387784 62950.4439021603 9161532952.54383
1532647440 -161201856623744 84680049137080.3 -119840.584656673 62950.4419421915 9161532952.54383
1533699360 -161327919329596 84746267964938.6 -119840.580931394 62950.4399852857 9161532952.54383
1534751280 -161453982031533 84812486790740 -119840.577211932 62950.4380314358 9161532952.54383
1535803200 -161580044729560 84878705614487.8 -119840.573498273 62950.4360806347 9161532952.54383
1536855120 -161706107423683 84944924436185 -119840.569790405 62950.4341328752 9161532952.54383
1537907040 -161832170113909 85011143255834.9 -119840.566088313 62950.4321881502 9161532952.54383
1538958960 -161958232800244 85077362073440.8 -119840.562391984 62950.4302464527 9161532952.54383
1540010880 -162084295482694 85143580889005.7 -119840.558701405 62950.4283077755 9161532952.54383
1541062800 -162210358161265 85209799702532.9 -119840.555016562 62950.4263721117 9161532952.54383
1542114720 -162336420835962 85276018514025.5 -119840.551337442 62950.4244394541 9161532952.54383
1543166640 -162462483506793 85342237323486.6 -119840.547664032 62950.4225097959 9161532952.54383
1544218560 -162588546173762 85408456130919.5 -119840.543996318 62950.42058313 9161532952.54383
1545270480 -162714608836876 85474674936327.3 -119840.540334287 62950.4186594495 9161532952.54383
1546322400 -162840671496141 85540893739713.1 -119840.536677925 62950.4167387474 9161532952.54383
1547374320 -162966734151562 85607112541080 -119840.533027221 62950.4148210169 9161532952.54383
1548426240 -163092796803147 85673331340431.2 -119840.52938216 62950.412906251 9161532952.54383
1549478160 -163218859450900 85739550137769.7 -119840.525742729 62950.4109944428 9161532952.54383
1550530080 -163344922094827 85805768933098.7 -119840.522108916 62950.4090855856 9161532952.54383
1551582000 -163470984734935 85871987726421.4 -119840.518480707 62950.4071796725 9161532952.54383
1552633920 -163597047371230 85938206517740.7 -119840.51485809 62950.4052766967 9161532952.54383
1553685840 -163723110003716 86004425307059.7 -119840.511241052 62950.4033766514 9161532952.54383
1554737760 -163849172632401 86070644094381.6 -119840.507629579 62950.4014795298 9161532952.54383
1555789680 -163975235257290 86136862879709.4 -119840.504023659 62950.3995853252 9161532952.54383
1556841600 -164101297878388 86203081663046.2 -119840.500423279 62950.3976940309 9161532952.54383
1557893520 -164227360495702 86269300444395.1 -119840.496828426 62950.3958056402 9161532952.54383
1558945440 -164353423109237 86335519223759 -119840.493239088 62950.3939201464 9161532952.54383
1559997360 -164479485719000 86401738001141 -119840.489655252 62950.3920375427 9161532952.54383
1561049280 -164605548324996 86467956776544.2 -119840.486076905 62950.3901578227 9161532952.54383
1562101200 -164731610927230 86534175549971.7 -119840.482504035 62950.3882809797 9161532952.54383
1563153120 -164857673525709 86600394321426.3 -119840.478936629 62950.386407007 9161532952.54383
1564205040 -164983736120438 86666613090911.2 -119840.475374675 62950.3845358981 9161532952.54383
1565256960 -165109798711423 86732831858429.3 -119840.471818159 62950.3826676464 9161532952.54383
1566308880 -165235861298670 86799050623983.7 -119840.46826707 62950.3808022455 9161532952.54383
1567360800 -165361923882184 86865269387577.3 -119840.464721396 62950.3789396887 9161532952.54383
1568412720 -165487986461971 86931488149213.2 -119840.461181123 62950.3770799695 9161532952.54383
1569464640 -165614049038037 86997706908894.2 -119840.45764624 62950.3752230816 9161532952.54383
1570516560 -165740111610387 87063925666623.5 -119840.454116734 62950.3733690184 9161532952.54383
1571568480 -165866174179028 87130144422403.9 -119840.450592593 62950.3715177735 9161532952.54383
1572620400 -165992236743964 87196363176238.4 -119840.447073805 62950.3696693404 9161532952.54383
1573672320 -166118299305202 87262581928130 -119840.443560358 62950.3678237129 9161532952.54383
1574724240 -166244361862746 87328800678081.6 -119840.440052238 62950.3659808844 9161532952.54383
1575776160 -166370424416603 87395019426096.2 -119840.436549435 62950.3641408486 9161532952.54383
1576828080 -166496486966778 87461238172176.7 -119840.433051937 62950.3623035992 9161532952.54383
1577880000 -166622549513277 87527456916326 -119840.42955973 62950.3604691298 9161532952.54383
1578931920 -166748612056105 87593675658547 -119840.426072804 62950.3586374342 9161532952.54383
1579983840 -166874674595268 87659894398842.7 -119840.422591146 62950.3568085061 9161532952.54383
1581035760 -167000737130771 87726113137216 -119840.419114744 62950.3549823392 9161532952.54383
1582087680 -167126799662620 87792331873669.7 -119840.415643587 62950.3531589272 9161532952.54383
1583139600 -167252862190820 87858550608206.8 -119840.412177662 62950.3513382639 9161532952.54383
1584191520 -167378924715377 87924769340830.2 -119840.408716957 62950.3495203431 9161532952.54383
1585243440 -167504987236297 87990988071542.7 -119840.405261462 62950.3477051587 9161532952.54383
1586295360 -167631049753585 88057206800347.2 -119840.401811164 62950.3458927044 9161532952.54383
1587347280 -167757112267245 88123425527246.6 -119840.398366051 62950.344082974 9161532952.54383
1588399200 -167883174777285 88189644252243.7 -119840.394926112 62950.3422759616 9161532952.54383
1589451120 -168009237283708 88255862975341.4 -119840.391491336 62950.3404716608 9161532952.54383
1590503040 -168135299786522 88322081696542.5 -119840.388061709 62950.3386700657 9161532952.54383
1591554960 -168261362285730 88388300415850 -119840.384637222 62950.3368711701 9161532952.54383
1592606880 -168387424781339 88454519133266.5 -119840.381217862 62950.335074968 9161532952.54383
1593658800 -168513487273353 88520737848795 -119840.377803618 62950.3332814534 9161532952.54383
1594710720 -168639549761779 88586956562438.3 -119840.374394478 62950.3314906202 9161532952.54383
1595762640 -168765612246621 88653175274199.2 -119840.370990432 62950.3297024624 9161532952.54383
1596814560 -168891674727885 88719393984080.5 -119840.367591467 62950.327916974 9161532952.54383
1597866480 -169017737205576 88785612692085 -119840.364197572 62950.326134149 9161532952.54383
1598918400 -169143799679700 88851831398215.5 -119840.360808736 62950.3243539815 9161532952.54383
1599970320 -169269862150262 88918050102474.8 -119840.357424947 62950.3225764656 9161532952.54383
1601022240 -169395924617267 88984268804865.7 -119840.354046195 62950.3208015953 9161532952.54383
1602074160 -169521987080720 89050487505390.9 -119840.350672468 62950.3190293648 9161532952.54383
1603126080 -169648049540627 89116706204053.3 -119840.347303755 62950.3172597681 9161532952.54383
1604178000 -169774111996994 89182924900855.7 -119840.343940044 62950.3154927993 9161532952.54383
1605229920 -169900174449824 89249143595800.6 -119840.340581325 62950.3137284527 9161532952.54383
1606281840 -170026236899124 89315362288891 -119840.337227587 62950.3119667224 9161532952.54383
1607333760 -170152299344899 89381580980129.6 -119840.333878818 62950.3102076025 9161532952.54383
1608385680 -170278361787153 89447799669519.1 -119840.330535007 62950.3084510873 9161532952.54383
1609437600 -170404424225893 89514018357062.3 -119840.327196143 62950.3066971711 9161532952.54383
1610489520 -170530486661123 89580237042761.8 -119840.323862216 62950.3049458479 9161532952.54383
1611541440 -170656549092849 89646455726620.5 -119840.320533214 62950.3031971122 9161532952.54383
1612593360 -170782611521076 89712674408640.9 -119840.317209127 62950.3014509581 9161532952.54383
1613645280 -170908673945808 89778893088825.9 -119840.313889944 62950.29970738 9161532952.54383
1614697200 -171034736367052 89845111767178.2 -119840.310575653 62950.2979663721 9161532952.54383
1615749120 -171160798784811 89911330443700.4 -119840.307266244 62950.2962279288 9161532952.54383
1616801040 -171286861199092 89977549118395.3 -119840.303961707 62950.2944920443 9161532952.54383
1617852960 -171412923609900 90043767791265.5 -119840.30066203 62950.2927587132 9161532952.54383
1618904880 -171538986017239 90109986462313.7 -119840.297367202 62950.2910279297 9161532952.54383
1619956800 -171665048421115 90176205131542.5 -119840.294077214 62950.2892996882 9161532952.54383
1621008720 -171791110821532 90242423798954.8 -119840.290792054 62950.2875739831 9161532952.54383
1622060640 -171917173218496 90308642464553.1 -119840.287511712 62950.2858508089 9161532952.54383
1623112560 -172043235612012 90374861128340 -119840.284236177 62950.28413016 9161532952.54384
1624164480 -172169298002085 90441079790318.4 -119840.280965439 62950.2824120307 9161532952.54383
1625216400 -172295360388720 90507298450490.7 -119840.277699487 62950.2806964157 9161532952.54384
1626268320 -172421422771922 90573517108859.6 -119840.274438311 62950.2789833094 9161532952.54383
1627320240 -172547485151696 90639735765427.8 -119840.271181899 62950.2772727063 9161532952.54384
1628372160 -172673547528047 90705954420197.9 -119840.267930243 62950.2755646009 9161532952.54384
1629424080 -172799609900980 90772173073172.5 -119840.26468333 62950.2738589877 9161532952.54384
1630476000 -172925672270500 90838391724354.2 -119840.261441152 62950.2721558613 9161532952.54384
1631527920 -173051734636612 90904610373745.7 -119840.258203697 62950.2704552163 9161532952.54384
1632579840 -173177796999321 90970829021349.6 -119840.254970955 62950.2687570472 9161532952.54384
1633631760 -173303859358632 91037047667168.4 -119840.251742917 62950.2670613486 9161532952.54384
1634683680 -173429921714550 91103266311204.8 -119840.248519571 62950.2653681152 9161532952.54384
1635735600 -173555984067079 91169484953461.3 -119840.245300908 62950.2636773416 9161532952.54384
1636787520 -173682046416225 91235703593940.6 -119840.242086917 62950.2619890224 9161532952.54383
1637839440 -173808108761993 91301922232645.2 -119840.238877588 62950.2603031522 9161532952.54383
1638891360 -173934171104387 91368140869577.6 -119840.235672911 62950.2586197258 9161532952.54384
1639943280 -174060233443413 91434359504740.6 -119840.232472876 62950.2569387379 9161532952.54383
1640995200 -174186295779074 91500578138136.5 -119840.229277473 62950.2552601831 9161532952.54384
1642047120 -174312358111377 91566796769768 -119840.226086691 62950.2535840562 9161532952.54383
1643099040 -174438420440326 91633015399637.6 -119840.222900522 62950.2519103518 9161532952.54384
1644150960 -174564482765926 91699234027747.9 -119840.219718954 62950.2502390649 9161532952.54383
1645202880 -174690545088182 91765452654101.4 -119840.216541978 62950.24857019 9161532952.54383
1646254800 -174816607407097 91831671278700.7 -119840.213369583 62950.2469037221 9161532952.54384
1647306720 -174942669722679 91897889901548.2 -119840.210201761 62950.2452396559 9161532952.54383
1648358640 -175068732034930 91964108522646.5 -119840.207038501 62950.2435779861 9161532952.54384
1649410560 -175194794343856 92030327141998.1 -119840.203879793 62950.2419187078 9161532952.54383
1650462480 -175320856649462 92096545759605.6 -119840.200725627 62950.2402618156 9161532952.54384
1651514400 -175446918951752 92162764375471.4 -119840.197575994 62950.2386073044 9161532952.54384
1652566320 -175572981250732 92228982989598 -119840.194430884 62950.2369551691 9161532952.54384
1653618240 -175699043546405 92295201601988 -119840.191290287 62950.2353054047 9161532952.54384
1654670160 -175825105838777 92361420212643.8 -119840.188154193 62950.2336580059 9161532952.54383
1655722080 -175951168127853 92427638821567.8 -119840.185022594 62950.2320129678 9161532952.54383
1656774000 -176077230413637 92493857428762.7 -119840.181895478 62950.2303702852 9161532952.54383
1657825920 -176203292696134 92560076034230.9 -119840.178772836 62950.228729953 9161532952.54383
1658877840 -176329354975348 92626294637974.8 -119840.17565466 62950.2270919663 9161532952.54383
1659929760 -176455417251285 92692513239996.9 -119840.172540939 62950.2254563201 9161532952.54383
1660981680 -176581479523948 92758731840299.6 -119840.169431663 62950.2238230092 9161532952.54383
1662033600 -176707541793343 92824950438885.5 -119840.166326824 62950.2221920288 9161532952.54383
1663085520 -176833604059475 92891169035756.9 -119840.163226412 62950.2205633737 9161532952.54384
1664137440 -176959666322347 92957387630916.3 -119840.160130417 62950.2189370391 9161532952.54384
1665189360 -177085728581965 93023606224366.2 -119840.157038829 62950.21731302 9161532952.54384
1666241280 -177211790838333 93089824816109 -119840.15395164 62950.2156913115 9161532952.54384
1667293200 -177337853091456 93156043406147 -119840.150868841 62950.2140719086 9161532952.54384
1668345120 -177463915341339 93222261994482.8 -119840.147790421 62950.2124548064 9161532952.54383
1669397040 -177589977587985 93288480581118.8 -119840.144716371 62950.21084 9161532952.54383
1670448960 -177716039831400 93354699166057.3 -119840.141646682 62950.2092274846 9161532952.54383
1671500880 -177842102071589 93420917749300.7 -119840.138581345 62950.2076172552 9161532952.54384
1672552800 -177968164308555 93487136330851.5 -119840.135520351 62950.206009307 9161532952.54384
1673604720 -178094226542303 93553354910712.1 -119840.13246369 62950.2044036351 9161532952.54384
1674656640 -178220288772839 93619573488884.9 -119840.129411354 62950.2028002348 9161532952.54384
1675708560 -178346351000165 93685792065372.2 -119840.126363332 62950.2011991012 9161532952.54384
1676760480 -178472413224288 93752010640176.4 -119840.123319616 62950.1996002295 9161532952.54384
1677812400 -178598475445212 93818229213299.9 -119840.120280197 62950.1980036149 9161532952.54384
1678864320 -178724537662940 93884447784745.1 -119840.117245065 62950.1964092526 9161532952.54384
1679916240 -178850599877478 93950666354514.3 -119840.114214212 62950.1948171379 9161532952.54384
1680968160 -178976662088830 94016884922610 -119840.111187628 62950.1932272661 9161532952.54384
1682020080 -179102724297001 94083103489034.4 -119840.108165305 62950.1916396323 9161532952.54384
1683072000 -179228786501994 94149322053789.9 -119840.105147234 62950.1900542319 9161532952.54384
1684123920 -179354848703815 94215540616878.9 -119840.102133405 62950.1884710602 9161532952.54384
1685175840 -179480910902468 94281759178303.6 -119840.09912381 62950.1868901124 9161532952.54384
1686227760 -179606973097957 94347977738066.5 -119840.096118439 62950.1853113839 9161532952.54384
1687279680 -179733035290287 94414196296169.9 -119840.093117284 62950.18373487 9161532952.54384
1688331600 -179859097479462 94480414852616.1 -119840.090120336 62950.182160566 9161532952.54384
1689383520 -179985159665487 94546633407407.4 -119840.087127586 62950.1805884674 9161532952.54384
1690435440 -180111221848366 94612851960546.1 -119840.084139026 62950.1790185694 9161532952.54384
1691487360 -180237284028104 94679070512034.5 -119840.081154646 62950.1774508675 9161532952.54384
1692539280 -180363346204704 94745289061875.1 -119840.078174437 62950.1758853571 9161532952.54384
1693591200 -180489408378172 94811507610070 -119840.075198392 62950.1743220335 9161532952.54384
1694643120 -180615470548511 94877726156621.5 -119840.072226501 62950.1727608922 9161532952.54384
1695695040 -180741532715726 94943944701532 -119840.069258755 62950.1712019286 9161532952.54384
1696746960 -180867594879822 95010163244803.8 -119840.066295147 62950.1696451382 9161532952.54384
1697798880 -180993657040802 95076381786439 -119840.063335666 62950.1680905164 9161532952.54384
1698850800 -181119719198671 95142600326440.1 -119840.060380306 62950.1665380587 9161532952.54384
1699902720 -181245781353434 95208818864809.2 -119840.057429056 62950.1649877605 9161532952.54384
1700954640 -181371843505094 95275037401548.7 -119840.054481909 62950.1634396175 9161532952.54384
1702006560 -181497905653657 95341255936660.7 -119840.051538856 62950.161893625 9161532952.54384
1703058480 -181623967799125 95407474470147.7 -119840.048599888 62950.1603497787 9161532952.54384
1704110400 -181750029941505 95473693002011.8 -119840.045664997 62950.158808074 9161532952.54384
1705162320 -181876092080799 95539911532255.2 -119840.042734175 62950.1572685065 9161532952.54384
1706214240 -182002154217012 95606130060880.3 -119840.039807412 62950.1557310717 9161532952.54384
1707266160 -182128216350148 95672348587889.2 -119840.036884701 62950.1541957652 9161532952.54384
1708318080 -182254278480213 95738567113284.3 -119840.033966033 62950.1526625827 9161532952.54384
1709370000 -182380340607209 95804785637067.6 -119840.0310514 62950.1511315196 9161532952.54384
1710421920 -182506402731141 95871004159241.5 -119840.028140793 62950.1496025717 9161532952.54384
1711473840 -182632464852014 95937222679808.2 -119840.025234205 62950.1480757344 9161532952.54384
1712525760 -182758526969831 96003441198769.9 -119840.022331626 62950.1465510036 9161532952.54384
1713577680 -182884589084598 96069659716128.8 -119840.019433048 62950.1450283747 9161532952.54384
1714629600 -183010651196317 96135878231887.2 -119840.016538464 62950.1435078435 9161532952.54384
1715681520 -183136713304993 96202096746047.1 -119840.013647865 62950.1419894056 9161532952.54384
1716733440 -183262775410631 96268315258610.9 -119840.010761242 62950.1404730567 9161532952.54384
1717785360 -183388837513235 96334533769580.7 -119840.007878588 62950.1389587926 9161532952.54384
1718837280 -183514899612808 96400752278958.7 -119840.004999894 62950.1374466088 9161532952.54384
1719889200 -183640961709355 96466970786747.1 -119840.002125152 62950.1359365011 9161532952.54384
1720941120 -183767023802880 96533189292948.1 -119839.999254355 62950.1344284653 9161532952.54384
1721993040 -183893085893388 96599407797563.8 -119839.996387493 62950.1329224971 9161532952.54384
1723044960 -184019147980882 96665626300596.5 -119839.993524559 62950.1314185922 9161532952.54384
1724096880 -184145210065366 96731844802048.2 -119839.990665545 62950.1299167464 9161532952.54384
1725148800 -184271272146845 96798063301921.2 -119839.987810443 62950.1284169555 9161532952.54384
1726200720 -184397334225322 96864281800217.7 -119839.984959244 62950.1269192152 9161532952.54384
1727252640 -184523396300803 96930500296939.7 -119839.982111941 62950.1254235214 9161532952.54384
1728304560 -184649458373290 96996718792089.4 -119839.979268526 62950.1239298699 9161532952.54384
1729356480 -184775520442788 97062937285669 -119839.976428991 62950.1224382564 9161532952.54384
1730408400 -184901582509302 97129155777680.6 -119839.973593327 62950.1209486768 9161532952.54384
1731460320 -185027644572834 97195374268126.4 -119839.970761527 62950.119461127 9161532952.54384
1732512240 -185153706633390 97261592757008.4 -119839.967933584 62950.1179756029 9161532952.54384
1733564160 -185279768690973 97327811244328.9 -119839.965109488 62950.1164921001 9161532952.54384
1734616080 -185405830745587 97394029730089.9 -119839.962289233 62950.1150106148 9161532952.54384
1735668000 -185531892797237 97460248214293.5 -119839.95947281 62950.1135311427 9161532952.54384
1736719920 -185657954845926 97526466696941.9 -119839.956660212 62950.1120536797 9161532952.54384
1737771840 -185784016891658 97592685178037.2 -119839.953851431 62950.1105782218 9161532952.54384
1738823760 -185910078934438 97658903657581.5 -119839.951046459 62950.1091047648 9161532952.54384
1739875680 -186036140974269 97725122135576.9 -119839.948245288 62950.1076333048 9161532952.54384
1740927600 -186162203011156 97791340612025.5 -119839.945447911 62950.1061638376 9161532952.54384
1741979520 -186288265045102 97857559086929.3 -119839.94265432 62950.1046963592 9161532952.54384
1743031440 -186414327076111 97923777560290.5 -119839.939864507 62950.1032308655 9161532952.54384
1744083360 -186540389104188 97989996032111.2 -119839.937078465 62950.1017673526 9161532952.54384
1745135280 -186666451129335 98056214502393.5 -119839.934296186 62950.1003058164 9161532952.54384
1746187200 -186792513151558 98122432971139.3 -119839.931517662 62950.098846253 9161532952.54384
1747239120 -186918575170861 98188651438350.9 -119839.928742886 62950.0973886583 9161532952.54384
1748291040 -187044637187246 98254869904030.2 -119839.92597185 62950.0959330283 9161532952.54384
1749342960 -187170699200719 98321088368179.3 -119839.923204547 62950.0944793592 9161532952.54384
1750394880 -187296761211282 98387306830800.3 -119839.920440968 62950.0930276468 9161532952.54384
1751446800 -187422823218941 98453525291895.2 -119839.917681108 62950.0915778874 9161532952.54384
1752498720 -187548885223698 98519743751466.2 -119839.914924957 62950.0901300768 9161532952.54384
1753550640 -187674947225558 98585962209515.2 -119839.912172509 62950.0886842113 9161532952.54384
1754602560 -187801009224524 98652180666044.3 -119839.909423756 62950.0872402869 9161532952.54384
1755654480 -187927071220601 98718399121055.5 -119839.906678691 62950.0857982996 9161532952.54384
1756706400 -188053133213792 98784617574550.9 -119839.903937306 62950.0843582457 9161532952.54384
1757758320 -188179195204102 98850836026532.4 -119839.901199594 62950.0829201212 9161532952.54384
1758810240 -188305257191533 98917054477002.2 -119839.898465548 62950.0814839221 9161532952.54383
1759862160 -188431319176091 98983272925962.2 -119839.89573516 62950.0800496448 9161532952.54384
1760914080 -188557381157778 99049491373414.5 -119839.893008422 62950.0786172853 9161532952.54383
1761966000 -188683443136599 99115709819361.1 -119839.890285328 62950.0771868397 9161532952.54384
1763017920 -188809505112557 99181928263804 -119839.887565871 62950.0757583043 9161532952.54384
1764069840 -188935567085657 99248146706745.1 -119839.884850042 62950.0743316752 9161532952.54383
1765121760 -189061629055901 99314365148186.6 -119839.882137835 62950.0729069486 9161532952.54383
1766173680 -189187691023295 99380583588130.3 -119839.879429242 62950.0714841206 9161532952.54383
1767225600 -189313752987841 99446802026578.4 -119839.876724256 62950.0700631876 9161532952.54383
1768277520 -189439814949544 99513020463532.7 -119839.874022871 62950.0686441457 9161532952.54383
1769329440 -189565876908407 99579238898995.4 -119839.871325078 62950.0672269912 9161532952.54383
1770381360 -189691938864434 99645457332968.2 -119839.868630871 62950.0658117202 9161532952.54383
1771433280 -189818000817628 99711675765453.3 -119839.865940243 62950.0643983291 9161532952.54383
1772485200 -189944062767994 99777894196452.7 -119839.863253185 62950.062986814 9161532952.54383
1773537120 -190070124715536 99844112625968.2 -119839.860569693 62950.0615771713 9161532952.54383
1774589040 -190196186660257 99910331054001.8 -119839.857889757 62950.0601693972 9161532952.54384
1775640960 -190322248602160 99976549480555.6 -119839.855213371 62950.0587634881 9161532952.54384
1776692880 -190448310541250 100042767905631 -119839.852540529 62950.0573594401 9161532952.54384
1777744800 -190574372477530 100108986329231 -119839.849871223 62950.0559572497 9161532952.54384
1778796720 -190700434411004 100175204751357 -119839.847205445 62950.0545569132 9161532952.54383
1779848640 -190826496341676 100241423172011 -119839.84454319 62950.0531584267 9161532952.54383
1780900560 -190952558269549 100307641591195 -119839.84188445 62950.0517617868 9161532952.54383
1781952480 -191078620194628 100373860008910 -119839.839229218 62950.0503669898 9161532952.54383
1783004400 -191204682116915 100440078425159 -119839.836577487 62950.0489740319 9161532952.54384
1784056320 -191330744036414 100506296839944 -119839.83392925 62950.0475829096 9161532952.54383
1785108240 -191456805953130 100572515253267 -119839.831284501 62950.0461936192 9161532952.54383
1786160160 -191582867867065 100638733665129 -119839.828643232 62950.0448061572 9161532952.54383
1787212080 -191708929778224 100704952075533 -119839.826005437 62950.0434205198 9161532952.54383
1788264000 -191834991686609 100771170484479 -119839.823371108 62950.0420367036 9161532952.54383
1789315920 -191961053592226 100837388891972 -119839.820740239 62950.0406547049 9161532952.54383
1790367840 -192087115495077 100903607298011 -119839.818112824 62950.0392745202 9161532952.54383
1791419760 -192213177395165 100969825702600 -119839.815488855 62950.0378961459 9161532952.54383
1792471680 -192339239292496 101036044105739 -119839.812868325 62950.0365195783 9161532952.54383
1793523600 -192465301187072 101102262507432 -119839.810251228 62950.0351448141 9161532952.54383
1794575520 -192591363078896 101168480907679 -119839.807637557 62950.0337718496 9161532952.54383
1795627440 -192717424967973 101234699306483 -119839.805027306 62950.0324006813 9161532952.54383
1796679360 -192843486854306 101300917703845 -119839.802420467 62950.0310313056 9161532952.54383
1797731280 -192969548737898 101367136099768 -119839.799817034 62950.0296637191 9161532952.54383
1798783200 -193095610618754 101433354494254 -119839.797217 62950.0282979183 9161532952.54383
1799835120 -193221672496877 101499572887303 -119839.794620359 62950.0269338996 9161532952.54383
1800887040 -193347734372269 101565791278919 -119839.792027104 62950.0255716597 9161532952.54383
1801938960 -193473796244936 101632009669103 -119839.789437228 62950.0242111949 9161532952.54383
1802990880 -193599858114880 101698228057856 -119839.786850725 62950.0228525018 9161532952.54383
1804042800 -193725919982105 101764446445181 -119839.784267588 62950.021495577 9161532952.54383
1805094720 -193851981846615 101830664831080 -119839.781687811 62950.0201404171 9161532952.54383
1806146640 -193978043708413 101896883215554 -119839.779111387 62950.0187870185 9161532952.54383
1807198560 -194104105567502 101963101598605 -119839.776538309 62950.0174353779 9161532952.54383
1808250480 -194230167423886 102029319980236 -119839.773968571 62950.0160854918 9161532952.54383
1809302400 -194356229277569 102095538360447 -119839.771402167 62950.0147373569 9161532952.54383
1810354320 -194482291128554 102161756739242 -119839.76883909 62950.0133909696 9161532952.54383
1811406240 -194608352976845 102227975116620 -119839.766279333 62950.0120463267 9161532952.54383
1812458160 -194734414822444 102294193492586 -119839.76372289 62950.0107034247 9161532952.54383
1813510080 -194860476665357 102360411867139 -119839.761169755 62950.0093622602 9161532952.54383
1814562000 -194986538505585 102426630240283 -119839.758619922 62950.0080228299 9161532952.54383
1815613920 -195112600343133 102492848612019 -119839.756073383 62950.0066851304 9161532952.54384
1816665840 -195238662178003 102559066982348 -119839.753530132 62950.0053491584 9161532952.54383
1817717760 -195364724010201 102625285351273 -119839.750990164 62950.0040149105 9161532952.54383
1818769680 -195490785839728 102691503718795 -119839.748453472 62950.0026823834 9161532952.54384
1819821600 -195616847666588 102757722084917 -119839.745920049 62950.0013515737 9161532952.54384
1820873520 -195742909490785 102823940449639 -119839.743389889 62950.0000224782 9161532952.54384
1821925440 -195868971312323 102890158812965 -119839.740862985 62949.9986950935 9161532952.54384
1822977360 -195995033131204 102956377174895 -119839.738339333 62949.9973694163 9161532952.54384
1824029280 -196121094947432 103022595535431 -119839.735818924 62949.9960454434 9161532952.54384
1825081200 -196247156761010 103088813894576 -119839.733301754 62949.9947231714 9161532952.54384
1826133120 -196373218571942 103155032252330 -119839.730787815 62949.9934025971 9161532952.54384
1827185040 -196499280380232 103221250608696 -119839.728277102 62949.9920837172 9161532952.54384
1828236960 -196625342185882 103287468963676 -119839.725769608 62949.9907665285 9161532952.54384
1829288880 -196751403988896 103353687317271 -119839.723265328 62949.9894510276 9161532952.54384
1830340800 -196877465789278 103419905669483 -119839.720764254 62949.9881372114 9161532952.54384
1831392720 -197003527587030 103486124020314 -119839.718266381 62949.9868250767 9161532952.54384
1832444640 -197129589382156 103552342369766 -119839.715771703 62949.9855146201 9161532952.54384
1833496560 -197255651174660 103618560717840 -119839.713280213 62949.9842058385 9161532952.54384
1834548480 -197381712964545 103684779064538 -119839.710791906 62949.9828987287 9161532952.54384
1835600400 -197507774751814 103750997409862 -119839.708306776 62949.9815932874 9161532952.54384
1836652320 -197633836536470 103817215753814 -119839.705824815 62949.9802895115 9161532952.54384
1837704240 -197759898318517 103883434096395 -119839.703346019 62949.9789873978 9161532952.54384
1838756160 -197885960097959 103949652437607 -119839.700870381 62949.9776869431 9161532952.54384
1839808080 -198012021874798 104015870777453 -119839.698397895 62949.9763881442 9161532952.54384
1840860000 -198138083649037 104082089115932 -119839.695928555 62949.9750909981 9161532952.54384
1841911920 -198264145420681 104148307453049 -119839.693462355 62949.9737955014 9161532952.54384
1842963840 -198390207189732 104214525788803 -119839.690999289 62949.9725016512 9161532952.54384
1844015760 -198516268956194 104280744123197 -119839.688539352 62949.9712094442 9161532952.54384
1845067680 -198642330720070 104346962456233 -119839.686082537 62949.9699188773 9161532952.54384
1846119600 -198768392481363 104413180787912 -119839.683628838 62949.9686299475 9161532952.54384
1847171520 -198894454240077 104479399118236 -119839.681178249 62949.9673426515 9161532952.54384
1848223440 -199020515996214 104545617447207 -119839.678730765 62949.9660569863 9161532952.54384
1849275360 -199146577749779 104611835774826 -119839.676286379 62949.9647729487 9161532952.54384
1850327280 -199272639500774 104678054101095 -119839.673845086 62949.9634905358 9161532952.54384
1851379200 -199398701249202 104744272426016 -119839.67140688 62949.9622097444 9161532952.54384
1852431120 -199524762995067 104810490749591 -119839.668971754 62949.9609305715 9161532952.54384
1853483040 -199650824738373 104876709071821 -119839.666539704 62949.9596530139 9161532952.54384
1854534960 -199776886479121 104942927392708 -119839.664110723 62949.9583770686 9161532952.54384
1855586880 -199902948217316 105009145712254 -119839.661684806 62949.9571027326 9161532952.54384
1856638800 -200029009952961 105075364030459 -119839.659261946 62949.9558300028 9161532952.54384
1857690720 -200155071686059 105141582347327 -119839.656842138 62949.9545588763 9161532952.54384
1858742640 -200281133416613 105207800662859 -119839.654425376 62949.9532893498 9161532952.54384
1859794560 -200407195144627 105274018977056 -119839.652011655 62949.9520214206 9161532952.54384
1860846480 -200533256870102 105340237289920 -119839.649600968 62949.9507550854 9161532952.54384
1861898400 -200659318593044 105406455601453 -119839.647193311 62949.9494903414 9161532952.54384
1862950320 -200785380313455 105472673911657 -119839.644788676 62949.9482271855 9161532952.54384
1864002240 -200911442031337 105538892220532 -119839.642387059 62949.9469656148 9161532952.54384
1865054160 -201037503746695 105605110528082 -119839.639988454 62949.9457056262 9161532952.54384
1866106080 -201163565459532 105671328834306 -119839.637592855 62949.9444472168 9161532952.54384
1867158000 -201289627169850 105737547139208 -119839.635200257 62949.9431903836 9161532952.54384
1868209920 -201415688877652 105803765442788 -119839.632810653 62949.9419351237 9161532952.54384
1869261840 -201541750582943 105869983745049 -119839.630424039 62949.940681434 9161532952.54384
1870313760 -201667812285725 105936202045992 -119839.628040409 62949.9394293118 9161532952.54384
1871365680 -201793873986001 106002420345619 -119839.625659756 62949.9381787539 9161532952.54384
1872417600 -201919935683774 106068638643931 -119839.623282077 62949.9369297576 9161532952.54384
1873469520 -202045997379048 106134856940930 -119839.620907364 62949.9356823198 9161532952.54384
1874521440 -202172059071825 106201075236617 -119839.618535612 62949.9344364377 9161532952.54384
1875573360 -202298120762109 106267293530995 -119839.616166817 62949.9331921083 9161532952.54384
1876625280 -202424182449902 106333511824065 -119839.613800972 62949.9319493288 9161532952.54384
1877677200 -202550244135209 106399730115828 -119839.611438071 62949.9307080962 9161532952.54384
1878729120 -202676305818031 106465948406286 -119839.60907811 62949.9294684077 9161532952.54384
1879781040 -202802367498373 106532166695441 -119839.606721083 62949.9282302603 9161532952.54384
1880832960 -202928429176236 106598384983294 -119839.604366984 62949.9269936513 9161532952.54384
1881884880 -203054490851625 106664603269848 -119839.602015809 62949.9257585778 9161532952.54384
1882936800 -203180552524542 106730821555103 -119839.59966755 62949.9245250368 9161532952.54385
1883988720 -203306614194991 106797039839061 -119839.597322204 62949.9232930255 9161532952.54384
1885040640 -203432675862973 106863258121724 -119839.594979765 62949.9220625412 9161532952.54384
1886092560 -203558737528494 106929476403094 -119839.592640226 62949.9208335809 9161532952.54384
1887144480 -203684799191555 106995694683171 -119839.590303584 62949.9196061418 9161532952.54384
1888196400 -203810860852159 107061912961959 -119839.587969832 62949.9183802212 9161532952.54384
1889248320 -203936922510310 107128131239457 -119839.585638965 62949.9171558161 9161532952.54384
1890300240 -204062984166011 107194349515668 -119839.583310978 62949.9159329239 9161532952.54384
1891352160 -204189045819264 107260567790594 -119839.580985866 62949.9147115416 9161532952.54384
1892404080 -204315107470073 107326786064235 -119839.578663623 62949.9134916664 9161532952.54384
1893456000 -204441169118441 107393004336595 -119839.576344243 62949.9122732957 9161532952.54384
1894507920 -204567230764370 107459222607673 -119839.574027722 62949.9110564266 9161532952.54384
1895559840 -204693292407864 107525440877472 -119839.571714054 62949.9098410564 9161532952.54384
1896611760 -204819354048926 107591659145994 -119839.569403235 62949.9086271822 9161532952.54384
1897663680 -204945415687559 107657877413239 -119839.567095258 62949.9074148013 9161532952.54384
1898715600 -205071477323765 107724095679210 -119839.564790118 62949.906203911 9161532952.54384
1899767520 -205197538957548 107790313943907 -119839.562487811 62949.9049945085 9161532952.54384
1900819440 -205323600588910 107856532207334 -119839.560188331 62949.903786591 9161532952.54384
1901871360 -205449662217855 107922750469490 -119839.557891673 62949.9025801559 9161532952.54384
1902923280 -205575723844386 107988968730379 -119839.555597831 62949.9013752004 9161532952.54384
1903975200 -205701785468505 108055186990000 -119839.553306801 62949.9001717218 9161532952.54385
1905027120 -205827847090216 108121405248356 -119839.551018577 62949.8989697174 9161532952.54385
1906079040 -205953908709521 108187623505449 -119839.548733154 62949.8977691844 9161532952.54385
1907130960 -206079970326424 108253841761280 -119839.546450527 62949.8965701203 9161532952.54385
1908182880 -206206031940927 108320060015850 -119839.544170692 62949.8953725222 9161532952.54385
1909234800 -206332093553033 108386278269161 -119839.541893642 62949.8941763874 9161532952.54385
1910286720 -206458155162745 108452496521214 -119839.539619372 62949.8929817134 9161532952.54385
1911338640 -206584216770066 108518714772012 -119839.537347878 62949.8917884974 9161532952.54385
1912390560 -206710278375000 108584933021555 -119839.535079155 62949.8905967368 9161532952.54385
1913442480 -206836339977548 108651151269845 -119839.532813197 62949.8894064289 9161532952.54385
1914494400 -206962401577715 108717369516884 -119839.53055 62949.888217571 9161532952.54385
1915546320 -207088463175502 108783587762673 -119839.528289558 62949.8870301606 9161532952.54385
1916598240 -207214524770912 108849806007214 -119839.526031866 62949.8858441949 9161532952.54385
1917650160 -207340586363949 108916024250508 -119839.523776919 62949.8846596713 9161532952.54385
1918702080 -207466647954616 108982242492557 -119839.521524713 62949.8834765872 9161532952.54385
1919754000 -207592709542915 109048460733362 -119839.519275242 62949.88229494 9161532952.54385
1920805920 -207718771128849 109114678972925 -119839.517028501 62949.881114727 9161532952.54385
1921857840 -207844832712421 109180897211247 -119839.514784486 62949.8799359457 9161532952.54385
1922909760 -207970894293634 109247115448330 -119839.512543191 62949.8787585935 9161532952.54385
1923961680 -208096955872491 109313333684175 -119839.510304612 62949.8775826677 9161532952.54385
1925013600 -208223017448994 109379551918784 -119839.508068743 62949.8764081657 9161532952.54385
1926065520 -208349079023147 109445770152158 -119839.50583558 62949.875235085 9161532952.54385
1927117440 -208475140594952 109511988384299 -119839.503605117 62949.874063423 9161532952.54385
1928169360 -208601202164413 109578206615208 -119839.50137735 62949.8728931771 9161532952.54385
1929221280 -208727263731531 109644424844887 -119839.499152274 62949.8717243448 9161532952.54385
1930273200 -208853325296310 109710643073337 -119839.496929884 62949.8705569235 9161532952.54384
1931325120 -208979386858753 109776861300560 -119839.494710176 62949.8693909106 9161532952.54384
1932377040 -209105448418862 109843079526557 -119839.492493143 62949.8682263036 9161532952.54384
1933428960 -209231509976641 109909297751330 -119839.490278782 62949.8670631 9161532952.54384
1934480880 -209357571532091 109975515974880 -119839.488067088 62949.8659012972 9161532952.54384
1935532800 -209483633085217 110041734197208 -119839.485858056 62949.8647408927 9161532952.54384
1936584720 -209609694636020 110107952418317 -119839.483651681 62949.8635818839 9161532952.54384
1937636640 -209735756184503 110174170638207 -119839.481447957 62949.8624242684 9161532952.54384
1938688560 -209861817730670 110240388856880 -119839.479246882 62949.8612680436 9161532952.54384
1939740480 -209987879274523 110306607074337 -119839.477048449 62949.8601132071 9161532952.54384
1940792400 -210113940816065 110372825290581 -119839.474852654 62949.8589597563 9161532952.54384
1941844320 -210240002355298 110439043505612 -119839.472659492 62949.8578076888 9161532952.54384
1942896240 -210366063892226 110505261719432 -119839.470468959 62949.856657002 9161532952.54384
1943948160 -210492125426850 110571479932042 -119839.46828105 62949.8555076935 9161532952.54384
1945000080 -210618186959175 110637698143443 -119839.466095759 62949.8543597607 9161532952.54384
1946052000 -210744248489202 110703916353638 -119839.463913083 62949.8532132013 9161532952.54384
1947103920 -210870310016935 110770134562628 -119839.461733017 62949.8520680128 9161532952.54384
1948155840 -210996371542375 110836352770414 -119839.459555555 62949.8509241927 9161532952.54384
1949207760 -211122433065527 110902570976997 -119839.457380694 62949.8497817386 9161532952.54384
1950259680 -211248494586392 110968789182379 -119839.455208428 62949.8486406479 9161532952.54384
1951311600 -211374556104974 111035007386561 -119839.453038754 62949.8475009184 9161532952.54384
1952363520 -211500617621274 111101225589546 -119839.450871666 62949.8463625475 9161532952.54384
1953415440 -211626679135296 111167443791333 -119839.448707159 62949.8452255328 9161532952.54384
1954467360 -211752740647043 111233661991925 -119839.44654523 62949.8440898719 9161532952.54384
1955519280 -211878802156517 111299880191324 -119839.444385873 62949.8429555623 9161532952.54384
1956571200 -212004863663721 111366098389530 -119839.442229085 62949.8418226017 9161532952.54384
1957623120 -212130925168657 111432316586544 -119839.440074859 62949.8406909877 9161532952.54384
1958675040 -212256986671329 111498534782369 -119839.437923193 62949.8395607179 9161532952.54384
1959726960 -212383048171738 111564752977006 -119839.43577408 62949.8384317898 9161532952.54384
1960778880 -212509109669889 111630971170456 -119839.433627518 62949.8373042011 9161532952.54384
1961830800 -212635171165782 111697189362721 -119839.4314835 62949.8361779494 9161532952.54384
1962882720 -212761232659422 111763407553801 -119839.429342023 62949.8350530323 9161532952.54384
1963934640 -212887294150810 111829625743699 -119839.427203083 62949.8339294474 9161532952.54384
1964986560 -213013355639950 111895843932416 -119839.425066674 62949.8328071925 9161532952.54384
1966038480 -213139417126843 111962062119953 -119839.422932792 62949.831686265 9161532952.54384
1967090400 -213265478611493 112028280306311 -119839.420801432 62949.8305666628 9161532952.54384
1968142320 -213391540093903 112094498491493 -119839.418672591 62949.8294483833 9161532952.54384
1969194240 -213517601574074 112160716675498 -119839.416546264 62949.8283314244 9161532952.54384
1970246160 -213643663052010 112226934858330 -119839.414422446 62949.8272157835 9161532952.54384
1971298080 -213769724527714 112293153039988 -119839.412301133 62949.8261014585 9161532952.54384
1972350000 -213895786001187 112359371220476 -119839.41018232 62949.824988447 9161532952.54384
1973401920 -214021847472433 112425589399793 -119839.408066003 62949.8238767466 9161532952.54384
1974453840 -214147908941453 112491807577941 -119839.405952178 62949.8227663551 9161532952.54384
1975505760 -214273970408252 112558025754922 -119839.40384084 62949.8216572701 9161532952.54384
1976557680 -214400031872831 112624243930737 -119839.401731985 62949.8205494893 9161532952.54384
1977609600 -214526093335193 112690462105387 -119839.399625608 62949.8194430105 9161532952.54384
1978661520 -214652154795340 112756680278874 -119839.397521705 62949.8183378313 9161532952.54384
1979713440 -214778216253276 112822898451199 -119839.395420272 62949.8172339494 9161532952.54384
1980765360 -214904277709002 112889116622364 -119839.393321304 62949.8161313627 9161532952.54384
1981817280 -215030339162522 112955334792370 -119839.391224798 62949.8150300687 9161532952.54384
1982869200 -215156400613837 113021552961217 -119839.389130747 62949.8139300652 9161532952.54384
1983921120 -215282462062951 113087771128909 -119839.38703915 62949.81283135 9161532952.54384
1984973040 -215408523509866 113153989295445 -119839.38495 62949.8117339207 9161532952.54384
1986024960 -215534584954585 113220207460827 -119839.382863294 62949.8106377752 9161532952.54384
1987076880 -215660646397110 113286425625058 -119839.380779028 62949.8095429112 9161532952.54384
1988128800 -215786707837444 113352643788137 -119839.378697197 62949.8084493264 9161532952.54384
1989180720 -215912769275590 113418861950066 -119839.376617797 62949.8073570186 9161532952.54384
1990232640 -216038830711549 113485080110847 -119839.374540823 62949.8062659856 9161532952.54384
1991284560 -216164892145324 113551298270481 -119839.372466272 62949.8051762251 9161532952.54384
1992336480 -216290953576919 113617516428970 -119839.37039414 62949.8040877349 9161532952.54384
1993388400 -216417015006335 113683734586314 -119839.368324421 62949.8030005127 9161532952.54384
1994440320 -216543076433575 113749952742515 -119839.366257112 62949.8019145565 9161532952.54384
1995492240 -216669137858642 113816170897574 -119839.364192208 62949.8008298639 9161532952.54384
1996544160 -216795199281538 113882389051493 -119839.362129706 62949.7997464327 9161532952.54384
1997596080 -216921260702266 113948607204273 -119839.360069601 62949.7986642608 9161532952.54384
1998648000 -217047322120828 114014825355915 -119839.358011889 62949.797583346 9161532952.54384
1999699920 -217173383537227 114081043506421 -119839.355956566 62949.796503686 9161532952.54384
2000751840 -217299444951465 114147261655792 -119839.353903628 62949.7954252787 9161532952.54384
2001803760 -217425506363544 114213479804029 -119839.35185307 62949.794348122 9161532952.54384
2002855680 -217551567773468 114279697951134 -119839.349804888 62949.7932722135 9161532952.54384
2003907600 -217677629181238 114345916097107 -119839.347759079 62949.7921975513 9161532952.54384
2004959520 -217803690586858 114412134241951 -119839.345715638 62949.791124133 9161532952.54384
2006011440 -217929751990330 114478352385666 -119839.343674561 62949.7900519566 9161532952.54384
2007063360 -218055813391655 114544570528254 -119839.341635844 62949.7889810199 9161532952.54384
2008115280 -218181874790838 114610788669717 -119839.339599482 62949.7879113207 9161532952.54384
2009167200 -218307936187879 114677006810054 -119839.337565473 62949.7868428569 9161532952.54384
2010219120 -218433997582782 114743224949268 -119839.335533811 62949.7857756263 9161532952.54385
2011271040 -218560058975549 114809443087361 -119839.333504493 62949.7847096269 9161532952.54385
2012322960 -218686120366183 114875661224332 -119839.331477514 62949.7836448565 9161532952.54385
2013374880 -218812181754686 114941879360185 -119839.329452871 62949.7825813129 9161532952.54385
2014426800 -218938243141060 115008097494919 -119839.327430559 62949.7815189941 9161532952.54385
2015478720 -219064304525308 115074315628536 -119839.325410575 62949.780457898 9161532952.54385
2016530640 -219190365907433 115140533761038 -119839.323392915 62949.7793980224 9161532952.54385
2017582560 -219316427287436 115206751892425 -119839.321377573 62949.7783393651 9161532952.54385
2018634480 -219442488665321 115272970022700 -119839.319364548 62949.7772819242 9161532952.54385
2019686400 -219568550041089 115339188151862 -119839.317353833 62949.7762256976 9161532952.54385
2020738320 -219694611414743 115405406279915 -119839.315345427 62949.7751706831 9161532952.54385
2021790240 -219820672786286 115471624406858 -119839.313339323 62949.7741168786 9161532952.54385
2022842160 -219946734155720 115537842532693 -119839.31133552 62949.7730642821 9161532952.54385
2023894080 -220072795523047 115604060657422 -119839.309334011 62949.7720128915 9161532952.54385
2024946000 -220198856888270 115670278781045 -119839.307334795 62949.7709627047 9161532952.54385
2025997920 -220324918251391 115736496903564 -119839.305337866 62949.7699137197 9161532952.54385
2027049840 -220450979612413 115802715024981 -119839.303343221 62949.7688659343 9161532952.54385
2028101760 -220577040971337 115868933145296 -119839.301350856 62949.7678193466 9161532952.54385
2029153680 -220703102328167 115935151264510 -119839.299360767 62949.7667739546 9161532952.54385
2030205600 -220829163682905 116001369382626 -119839.29737295 62949.765729756 9161532952.54385
2031257520 -220955225035553 116067587499644 -119839.295387401 62949.7646867489 9161532952.54385
2032309440 -221081286386114 116133805615565 -119839.293404117 62949.7636449313 9161532952.54385
2033361360 -221207347734589 116200023730391 -119839.291423093 62949.7626043011 9161532952.54385
2034413280 -221333409080982 116266241844123 -119839.289444325 62949.7615648563 9161532952.54385
2035465200 -221459470425295 116332459956762 -119839.287467811 62949.7605265949 9161532952.54385
2036517120 -221585531767529 116398678068309 -119839.285493545 62949.7594895149 9161532952.54385
2037569040 -221711593107688 116464896178767 -119839.283521524 62949.7584536141 9161532952.54385
2038620960 -221837654445774 116531114288135 -119839.281551744 62949.7574188907 9161532952.54385
2039672880 -221963715781789 116597332396415 -119839.279584202 62949.7563853427 9161532952.54384
2040724800 -222089777115735 116663550503609 -119839.277618893 62949.7553529679 9161532952.54385
2041776720 -222215838447615 116729768609718 -119839.275655815 62949.7543217645 9161532952.54385
2042828640 -222341899777432 116795986714742 -119839.273694962 62949.7532917304 9161532952.54385
2043880560 -222467961105187 116862204818683 -119839.271736331 62949.7522628636 9161532952.54385
2044932480 -222594022430882 116928422921543 -119839.269779919 62949.7512351622 9161532952.54385
2045984400 -222720083754521 116994641023322 -119839.267825722 62949.7502086242 9161532952.54385
2047036320 -222846145076106 117060859124022 -119839.265873735 62949.7491832475 9161532952.54385
2048088240 -222972206395638 117127077223644 -119839.263923956 62949.7481590303 9161532952.54385
2049140160 -223098267713120 117193295322190 -119839.26197638 62949.7471359706 9161532952.54385
2050192080 -223224329028555 117259513419659 -119839.260031003 62949.7461140664 9161532952.54385
2051244000 -223350390341944 117325731516055 -119839.258087823 62949.7450933158 9161532952.54385
2052295920 -223476451653291 117391949611377 -119839.256146835 62949.7440737167 9161532952.54385
2053347840 -223602512962597 117458167705627 -119839.254208035 62949.7430552673 9161532952.54385
2054399760 -223728574269865 117524385798807 -119839.252271421 62949.7420379656 9161532952.54385
2055451680 -223854635575097 117590603890917 -119839.250336987 62949.7410218097 9161532952.54385
2056503600 -223980696878295 117656821981958 -119839.248404731 62949.7400067976 9161532952.54385
2057555520 -224106758179461 117723040071933 -119839.246474649 62949.7389929274 9161532952.54385
2058607440 -224232819478599 117789258160842 -119839.244546736 62949.7379801972 9161532952.54385
2059659360 -224358880775709 117855476248685 -119839.242620991 62949.7369686051 9161532952.54385
2060711280 -224484942070795 117921694335466 -119839.240697408 62949.7359581491 9161532952.54385
2061763200 -224611003363859 117987912421184 -119839.238775984 62949.7349488273 9161532952.54385
2062815120 -224737064654902 118054130505841 -119839.236856716 62949.7339406378 9161532952.54385
2063867040 -224863125943928 118120348589438 -119839.2349396 62949.7329335788 9161532952.54385
2064918960 -224989187230938 118186566671976 -119839.233024632 62949.7319276483 9161532952.54385
2065970880 -225115248515935 118252784753457 -119839.231111808 62949.7309228443 9161532952.54385
2067022800 -225241309798921 118319002833882 -119839.229201126 62949.7299191652 9161532952.54385
2068074720 -225367371079899 118385220913251 -119839.227292581 62949.7289166088 9161532952.54385
2069126640 -225493432358869 118451438991566 -119839.225386171 62949.7279151734 9161532952.54385
2070178560 -225619493635836 118517657068828 -119839.22348189 62949.7269148571 9161532952.54385
2071230480 -225745554910800 118583875145039 -119839.221579736 62949.725915658 9161532952.54385
2072282400 -225871616183765 118650093220199 -119839.219679706 62949.7249175742 9161532952.54385
2073334320 -225997677454732 118716311294310 -119839.217781795 62949.7239206039 9161532952.54385
2074386240 -226123738723704 118782529367372 -119839.215886 62949.7229247452 9161532952.54385
2075438160 -226249799990682 118848747439388 -119839.213992318 62949.7219299962 9161532952.54385
2076490080 -226375861255670 118914965510358 -119839.212100745 62949.7209363552 9161532952.54385
2077542000 -226501922518669 118981183580283 -119839.210211278 62949.7199438201 9161532952.54385
2078593920 -226627983779682 119047401649165 -119839.208323912 62949.7189523893 9161532952.54385
2079645840 -226754045038710 119113619717004 -119839.206438645 62949.7179620608 9161532952.54385
2080697760 -226880106295756 119179837783803 -119839.204555473 62949.7169728328 9161532952.54385
2081749680 -227006167550823 119246055849561 -119839.202674392 62949.7159847036 9161532952.54385
2082801600 -227132228803912 119312273914280 -119839.2007954 62949.7149976711 9161532952.54385
2083853520 -227258290055025 119378491977962 -119839.198918492 62949.7140117337 9161532952.54385
2084905440 -227384351304165 119444710040607 -119839.197043665 62949.7130268895 9161532952.54385
2085957360 -227510412551334 119510928102217 -119839.195170915 62949.7120431367 9161532952.54385
2087009280 -227636473796534 119577146162792 -119839.19330024 62949.7110604735 9161532952.54385
2088061200 -227762535039768 119643364222335 -119839.191431636 62949.710078898 9161532952.54385
2089113120 -227888596281036 119709582280845 -119839.189565099 62949.7090984085 9161532952.54385
2090165040 -228014657520343 119775800338325 -119839.187700626 62949.7081190032 9161532952.54385
2091216960 -228140718757689 119842018394775 -119839.185838213 62949.7071406802 9161532952.54385
2092268880 -228266779993077 119908236450196 -119839.183977857 62949.7061634378 9161532952.54385
2093320800 -228392841226510 119974454504590 -119839.182119555 62949.7051872742 9161532952.54385
2094372720 -228518902457989 120040672557958 -119839.180263303 62949.7042121876 9161532952.54385
2095424640 -228644963687516 120106890610300 -119839.178409098 62949.7032381762 9161532952.54385
2096476560 -228771024915094 120173108661619 -119839.176556937 62949.7022652382 9161532952.54385
2097528480 -228897086140724 120239326711914 -119839.174706815 62949.7012933719 9161532952.54385
2098580400 -229023147364409 120305544761188 -119839.17285873 62949.7003225755 9161532952.54385
2099632320 -229149208586152 120371762809441 -119839.171012679 62949.6993528472 9161532952.54385
2100684240 -229275269805953 120437980856675 -119839.169168657 62949.6983841852 9161532952.54385
2101736160 -229401331023816 120504198902890 -119839.167326663 62949.6974165879 9161532952.54385
2102788080 -229527392239743 120570416948088 -119839.165486691 62949.6964500535 9161532952.54386
2103840000 -229653453453735 120636634992270 -119839.163648739 62949.6954845801 9161532952.54386
2104891920 -229779514665794 120702853035437 -119839.161812805 62949.6945201661 9161532952.54386
2105943840 -229905575875924 120769071077590 -119839.159978883 62949.6935568097 9161532952.54386
2106995760 -230031637084125 120835289118730 -119839.158146971 62949.6925945092 9161532952.54386
2108047680 -230157698290400 120901507158858 -119839.156317067 62949.6916332628 9161532952.54386
2109099600 -230283759494752 120967725197976 -119839.154489165 62949.6906730689 9161532952.54386
2110151520 -230409820697181 121033943236084 -119839.152663264 62949.6897139256 9161532952.54386
2111203440 -230535881897691 121100161273184 -119839.15083936 62949.6887558313 9161532952.54386
2112255360 -230661943096284 121166379309277 -119839.149017449 62949.6877987842 9161532952.54386
2113307280 -230788004292961 121232597344363 -119839.147197528 62949.6868427827 9161532952.54386
2114359200 -230914065487725 121298815378444 -119839.145379595 62949.6858878249 9161532952.54386
2115411120 -231040126680577 121365033411522 -119839.143563645 62949.6849339093 9161532952.54386
2116463040 -231166187871520 121431251443596 -119839.141749676 62949.683981034 9161532952.54386
2117514960 -231292249060556 121497469474669 -119839.139937684 62949.6830291975 9161532952.54386
2118566880 -231418310247688 121563687504740 -119839.138127667 62949.6820783979 9161532952.54386
2119618800 -231544371432916 121629905533813 -119839.13631962 62949.6811286337 9161532952.54386
2120670720 -231670432616243 121696123561886 -119839.134513541 62949.680179903 9161532952.54386
2121722640 -231796493797671 121762341588963 -119839.132709426 62949.6792322043 9161532952.54386
2122774560 -231922554977203 121828559615043 -119839.130907272 62949.6782855359 9161532952.54386
2123826480 -232048616154840 121894777640127 -119839.129107077 62949.677339896 9161532952.54386
2124878400 -232174677330584 121960995664218 -119839.127308836 62949.676395283 9161532952.54386
2125930320 -232300738504438 122027213687315 -119839.125512547 62949.6754516952 9161532952.54386
2126982240 -232426799676403 122093431709420 -119839.123718207 62949.6745091309 9161532952.54386
2128034160 -232552860846482 122159649730535 -119839.121925812 62949.6735675886 9161532952.54386
2129086080 -232678922014676 122225867750659 -119839.120135359 62949.6726270665 9161532952.54386
2130138000 -232804983180988 122292085769795 -119839.118346845 62949.6716875629 9161532952.54386
2131189920 -232931044345420 122358303787943 -119839.116560267 62949.6707490763 9161532952.54386
2132241840 -233057105507973 122424521805104 -119839.114775621 62949.6698116049 9161532952.54386
2133293760 -233183166668650 122490739821280 -119839.112992905 62949.6688751471 9161532952.54386
2134345680 -233309227827453 122556957836471 -119839.111212116 62949.6679397014 9161532952.54386
2135397600 -233435288984383 122623175850678 -119839.10943325 62949.6670052659 9161532952.54386
2136449520 -233561350139444 122689393863903 -119839.107656304 62949.6660718392 9161532952.54386
2137501440 -233687411292636 122755611876147 -119839.105881275 62949.6651394195 9161532952.54386
2138553360 -233813472443961 122821829887411 -119839.10410816 62949.6642080052 9161532952.54386
2139605280 -233939533593423 122888047897695 -119839.102336957 62949.6632775948 9161532952.54386
2140657200 -234065594741023 122954265907001 -119839.100567661 62949.6623481865 9161532952.54386
2141709120 -234191655886762 123020483915330 -119839.098800269 62949.6614197789 9161532952.54386
2142761040 -234317717030643 123086701922683 -119839.09703478 62949.6604923702 9161532952.54386
2143812960 -234443778172668 123152919929060 -119839.095271189 62949.6595659588 9161532952.54386
2144864880 -234569839312839 123219137934464 -119839.093509493 62949.6586405432 9161532952.54386
2145916800 -234695900451158 123285355938895 -119839.09174969 62949.6577161217 9161532952.54386
2146968720 -234821961587627 123351573942354 -119839.089991777 62949.6567926927 9161532952.54386
2148020640 -234948022722247 123417791944842 -119839.08823575 62949.6558702547 9161532952.54386
2149072560 -235074083855021 123484009946360 -119839.086481606 62949.654948806 9161532952.54386
2150124480 -235200144985951 123550227946910 -119839.084729342 62949.654028345 9161532952.54386
2151176400 -235326206115039 123616445946492 -119839.082978956 62949.6531088702 9161532952.54386
2152228320 -235452267242286 123682663945107 -119839.081230445 62949.65219038 9161532952.54386
2153280240 -235578328367695 123748881942756 -119839.079483804 62949.6512728728 9161532952.54386
2154332160 -235704389491268 123815099939441 -119839.077739032 62949.650356347 9161532952.54386
2155384080 -235830450613006 123881317935162 -119839.075996125 62949.6494408011 9161532952.54386
2156436000 -235956511732912 123947535929921 -119839.07425508 62949.6485262334 9161532952.54386
2157487920 -236082572850988 124013753923718 -119839.072515895 62949.6476126425 9161532952.54386
2158539840 -236208633967235 124079971916555 -119839.070778566 62949.6467000267 9161532952.54386
2159591760 -236334695081655 124146189908432 -119839.06904309 62949.6457883844 9161532952.54386
2160643680 -236460756194251 124212407899351 -119839.067309465 62949.6448777142 9161532952.54386
2161695600 -236586817305024 124278625889312 -119839.065577687 62949.6439680145 9161532952.54386
2162747520 -236712878413977 124344843878317 -119839.063847754 62949.6430592837 9161532952.54386
2163799440 -236838939521110 124411061866366 -119839.062119662 62949.6421515203 9161532952.54386
2164851360 -236965000626427 124477279853461 -119839.060393409 62949.6412447227 9161532952.54386
2165903280 -237091061729929 124543497839603 -119839.058668992 62949.6403388894 9161532952.54386
2166955200 -237217122831618 124609715824792 -119839.056946407 62949.6394340188 9161532952.54386
2168007120 -237343183931496 124675933809030 -119839.055225652 62949.6385301095 9161532952.54386
2169059040 -237469245029565 124742151792317 -119839.053506724 62949.6376271599 9161532952.54386
2170110960 -237595306125826 124808369774656 -119839.05178962 62949.6367251684 9161532952.54386
2171162880 -237721367220282 124874587756046 -119839.050074338 62949.6358241335 9161532952.54386
2172214800 -237847428312935 124940805736488 -119839.048360873 62949.6349240538 9161532952.54386
2173266720 -237973489403786 125007023715985 -119839.046649224 62949.6340249277 9161532952.54386
2174318640 -238099550492838 125073241694536 -119839.044939387 62949.6331267536 9161532952.54386
2175370560 -238225611580092 125139459672142 -119839.04323136 62949.6322295302 9161532952.54386
2176422480 -238351672665551 125205677648806 -119839.041525139 62949.6313332558 9161532952.54386
2177474400 -238477733749215 125271895624527 -119839.039820722 62949.6304379289 9161532952.54386
2178526320 -238603794831088 125338113599307 -119839.038118106 62949.6295435481 9161532952.54386
2179578240 -238729855911170 125404331573146 -119839.036417289 62949.6286501119 9161532952.54386
2180630160 -238855916989465 125470549546046 -119839.034718266 62949.6277576187 9161532952.54386
2181682080 -238981978065973 125536767518008 -119839.033021036 62949.6268660671 9161532952.54386
2182734000 -239108039140696 125602985489032 -119839.031325596 62949.6259754556 9161532952.54386
2183785920 -239234100213637 125669203459120 -119839.029631942 62949.6250857827 9161532952.54386
2184837840 -239360161284798 125735421428273 -119839.027940073 62949.6241970468 9161532952.54386
2185889760 -239486222354179 125801639396492 -119839.026249984 62949.6233092467 9161532952.54386
2186941680 -239612283421784 125867857363776 -119839.024561674 62949.6224223806 9161532952.54386
2187993600 -239738344487614 125934075330129 -119839.022875139 62949.6215364473 9161532952.54386
2189045520 -239864405551670 126000293295550 -119839.021190377 62949.6206514452 9161532952.54386
2190097440 -239990466613956 126066511260041 -119839.019507385 62949.6197673728 9161532952.54386
2191149360 -240116527674471 126132729223602 -119839.01782616 62949.6188842287 9161532952.54386
2192201280 -240242588733220 126198947186234 -119839.016146699 62949.6180020114 9161532952.54386
2193253200 -240368649790202 126265165147939 -119839.014469 62949.6171207194 9161532952.54386
2194305120 -240494710845421 126331383108718 -119839.01279306 62949.6162403514 9161532952.54386
2195357040 -240620771898877 126397601068571 -119839.011118876 62949.6153609058 9161532952.54386
2196408960 -240746832950574 126463819027499 -119839.009446445 62949.6144823812 9161532952.54386
2197460880 -240872894000512 126530036985504 -119839.007775764 62949.6136047762 9161532952.54386
2198512800 -240998955048693 126596254942586 -119839.006106832 62949.6127280893 9161532952.54386
2199564720 -241125016095120 126662472898746 -119839.004439644 62949.6118523191 9161532952.54386
2200616640 -241251077139794 126728690853985 -119839.002774199 62949.6109774641 9161532952.54386
2201668560 -241377138182717 126794908808305 -119839.001110493 62949.6101035229 9161532952.54386
2202720480 -241503199223891 126861126761706 -119838.999448524 62949.6092304941 9161532952.54386
2203772400 -241629260263317 126927344714189 -119838.997788289 62949.6083583762 9161532952.54386
2204824320 -241755321300998 126993562665755 -119838.996129786 62949.6074871679 9161532952.54386
2205876240 -241881382336936 127059780616405 -119838.994473011 62949.6066168676 9161532952.54386
2206928160 -242007443371131 127125998566140 -119838.992817963 62949.605747474 9161532952.54386
2207980080 -242133504403586 127192216514961 -119838.991164637 62949.6048789857 9161532952.54386
2209032000 -242259565434304 127258434462869 -119838.989513032 62949.6040114013 9161532952.54386
2210083920 -242385626463284 127324652409865 -119838.987863146 62949.6031447192 9161532952.54386
2211135840 -242511687490530 127390870355949 -119838.986214974 62949.6022789382 9161532952.54386
2212187760 -242637748516043 127457088301124 -119838.984568515 62949.6014140569 9161532952.54386
2213239680 -242763809539825 127523306245389 -119838.982923766 62949.6005500737 9161532952.54386
2214291600 -242889870561878 127589524188745 -119838.981280724 62949.5996869874 9161532952.54386
2215343520 -243015931582204 127655742131194 -119838.979639387 62949.5988247965 9161532952.54386
2216395440 -243141992600803 127721960072737 -119838.977999752 62949.5979634997 9161532952.54386
2217447360 -243268053617679 127788178013374 -119838.976361816 62949.5971030955 9161532952.54386
2218499280 -243394114632833 127854395953107 -119838.974725576 62949.5962435825 9161532952.54386
2219551200 -243520175646266 127920613891936 -119838.973091031 62949.5953849595 9161532952.54386
2220603120 -243646236657981 127986831829862 -119838.971458177 62949.5945272249 9161532952.54386
2221655040 -243772297667980 128053049766886 -119838.969827012 62949.5936703775 9161532952.54386
2222706960 -243898358676263 128119267703010 -119838.968197533 62949.5928144158 9161532952.54386
2223758880 -244024419682833 128185485638233 -119838.966569738 62949.5919593384 9161532952.54386
2224810800 -244150480687692 128251703572558 -119838.964943623 62949.5911051441 9161532952.54386
2225862720 -244276541690841 128317921505984 -119838.963319187 62949.5902518314 9161532952.54386
2226914640 -244402602692282 128384139438513 -119838.961696427 62949.5893993989 9161532952.54386
2227966560 -244528663692017 128450357370146 -119838.960075339 62949.5885478454 9161532952.54386
2229018480 -244654724690047 128516575300884 -119838.958455922 62949.5876971694 9161532952.54386
2230070400 -244780785686375 128582793230728 -119838.956838174 62949.5868473696 9161532952.54386
2231122320 -244906846681002 128649011159677 -119838.95522209 62949.5859984447 9161532952.54386
2232174240 -245032907673930 128715229087735 -119838.95360767 62949.5851503932 9161532952.54386
2233226160 -245158968665161 128781447014901 -119838.951994909 62949.5843032139 9161532952.54386
2234278080 -245285029654696 128847664941176 -119838.950383807 62949.5834569054 9161532952.54386
2235330000 -245411090642537 128913882866561 -119838.948774359 62949.5826114663 9161532952.54386
2236381920 -245537151628686 128980100791057 -119838.947166564 62949.5817668954 9161532952.54386
2237433840 -245663212613144 129046318714666 -119838.94556042 62949.5809231912 9161532952.54386
2238485760 -245789273595914 129112536637387 -119838.943955922 62949.5800803525 9161532952.54386
2239537680 -245915334576997 129178754559222 -119838.94235307 62949.5792383779 9161532952.54386
2240589600 -246041395556395 129244972480172 -119838.94075186 62949.578397266 9161532952.54386
2241641520 -246167456534109 129311190400238 -119838.93915229 62949.5775570157 9161532952.54386
2242693440 -246293517510141 129377408319420 -119838.937554358 62949.5767176255 9161532952.54386
2243745360 -246419578484494 129443626237720 -119838.93595806 62949.575879094 9161532952.54386
2244797280 -246545639457168 129509844155138 -119838.934363395 62949.5750414201 9161532952.54386
2245849200 -246671700428166 129576062071675 -119838.932770359 62949.5742046024 9161532952.54386
2246901120 -246797761397488 129642279987333 -119838.931178951 62949.5733686396 9161532952.54386
2247953040 -246923822365138 129708497902111 -119838.929589168 62949.5725335303 9161532952.54387
2249004960 -247049883331116 129774715816012 -119838.928001008 62949.5716992733 9161532952.54386
2250056880 -247175944295424 129840933729035 -119838.926414467 62949.5708658672 9161532952.54387
2251108800 -247302005258064 129907151641183 -119838.924829544 62949.5700333108 9161532952.54386
2252160720 -247428066219038 129973369552455 -119838.923246235 62949.5692016027 9161532952.54386
2253212640 -247554127178347 130039587462852 -119838.92166454 62949.5683707417 9161532952.54386
2254264560 -247680188135993 130105805372376 -119838.920084454 62949.5675407265 9161532952.54386
2255316480 -247806249091978 130172023281027 -119838.918505976 62949.5667115557 9161532952.54386
2256368400 -247932310046303 130238241188807 -119838.916929103 62949.5658832281 9161532952.54386
2257420320 -248058370998971 130304459095715 -119838.915353832 62949.5650557424 9161532952.54386
2258472240 -248184431949982 130370677001754 -119838.913780162 62949.5642290974 9161532952.54386
2259524160 -248310492899338 130436894906923 -119838.91220809 62949.5634032916 9161532952.54386
2260576080 -248436553847042 130503112811224 -119838.910637613 62949.562578324 9161532952.54386
2261628000 -248562614793095 130569330714658 -119838.909068729 62949.5617541931 9161532952.54386
2262679920 -248688675737498 130635548617226 -119838.907501436 62949.5609308977 9161532952.54386
2263731840 -248814736680253 130701766518928 -119838.90593573 62949.5601084366 9161532952.54386
2264783760 -248940797621362 130767984419765 -119838.904371611 62949.5592868084 9161532952.54386
2265835680 -249066858560827 130834202319738 -119838.902809075 62949.558466012 9161532952.54386
2266887600 -249192919498649 130900420218848 -119838.901248119 62949.557646046 9161532952.54386
2267939520 -249318980434829 130966638117096 -119838.899688742 62949.5568269092 9161532952.54386
2268991440 -249445041369370 131032856014483 -119838.898130941 62949.5560086003 9161532952.54386
2270043360 -249571102302274 131099073911010 -119838.896574714 62949.5551911181 9161532952.54386
2271095280 -249697163233541 131165291806677 -119838.895020059 62949.5543744613 9161532952.54386
2272147200 -249823224163173 131231509701485 -119838.893466972 62949.5535586287 9161532952.54386
2273199120 -249949285091173 131297727595436 -119838.891915451 62949.5527436191 9161532952.54386
2274251040 -250075346017541 131363945488529 -119838.890365495 62949.5519294311 9161532952.54386
2275302960 -250201406942280 131430163380767 -119838.888817101 62949.5511160635 9161532952.54386
2276354880 -250327467865391 131496381272150 -119838.887270266 62949.5503035152 9161532952.54386
2277406800 -250453528786875 131562599162678 -119838.885724989 62949.5494917848 9161532952.54386
2278458720 -250579589706735 131628817052353 -119838.884181266 62949.5486808711 9161532952.54386
2279510640 -250705650624972 131695034941175 -119838.882639096 62949.547870773 9161532952.54386
2280562560 -250831711541587 131761252829146 -119838.881098475 62949.5470614891 9161532952.54386
2281614480 -250957772456582 131827470716265 -119838.879559403 62949.5462530182 9161532952.54386
2282666400 -251083833369960 131893688602535 -119838.878021876 62949.5454453592 9161532952.54386
2283718320 -251209894281720 131959906487955 -119838.876485892 62949.5446385108 9161532952.54386
2284770240 -251335955191866 132026124372527 -119838.874951448 62949.5438324717 9161532952.54386
2285822160 -251462016100399 132092342256252 -119838.873418543 62949.5430272408 9161532952.54386
2286874080 -251588077007320 132158560139130 -119838.871887175 62949.5422228168 9161532952.54386
2287926000 -251714137912631 132224778021162 -119838.87035734 62949.5414191986 9161532952.54386
2288977920 -251840198816333 132290995902350 -119838.868829037 62949.5406163849 9161532952.54386
2290029840 -251966259718428 132357213782693 -119838.867302263 62949.5398143745 9161532952.54386
2291081760 -252092320618919 132423431662193 -119838.865777016 62949.5390131662 9161532952.54386
2292133680 -252218381517805 132489649540851 -119838.864253293 62949.5382127588 9161532952.54386
2293185600 -252344442415090 132555867418667 -119838.862731093 62949.5374131511 9161532952.54386
2294237520 -252470503310774 132622085295642 -119838.861210413 62949.5366143419 9161532952.54386
2295289440 -252596564204859 132688303171778 -119838.859691251 62949.5358163301 9161532952.54386
2296341360 -252722625097347 132754521047074 -119838.858173604 62949.5350191143 9161532952.54386
2297393280 -252848685988240 132820738921533 -119838.856657471 62949.5342226935 9161532952.54387
2298445200 -252974746877538 132886956795154 -119838.855142848 62949.5334270664 9161532952.54387
2299497120 -253100807765244 132953174667938 -119838.853629735 62949.5326322319 9161532952.54386
2300549040 -253226868651359 133019392539887 -119838.852118128 62949.5318381887 9161532952.54386
2301600960 -253352929535885 133085610411001 -119838.850608025 62949.5310449358 9161532952.54386
2302652880 -253478990418823 133151828281281 -119838.849099424 62949.5302524718 9161532952.54386
2303704800 -253605051300175 133218046150728 -119838.847592323 62949.5294607957 9161532952.54386
2304756720 -253731112179942 133284264019342 -119838.846086719 62949.5286699062 9161532952.54386
2305808640 -253857173058126 133350481887125 -119838.844582611 62949.5278798022 9161532952.54386
2306860560 -253983233934729 133416699754077 -119838.843079996 62949.5270904825 9161532952.54386
2307912480 -254109294809752 133482917620199 -119838.841578871 62949.526301946 9161532952.54386
2308964400 -254235355683197 133549135485492 -119838.840079236 62949.5255141915 9161532952.54386
2310016320 -254361416555065 133615353349957 -119838.838581086 62949.5247272178 9161532952.54386
2311068240 -254487477425358 133681571213595 -119838.837084421 62949.5239410237 9161532952.54386
2312120160 -254613538294077 133747789076406 -119838.835589238 62949.5231556082 9161532952.54386
2313172080 -254739599161224 133814006938391 -119838.834095535 62949.5223709699 9161532952.54386
2314224000 -254865660026801 133880224799551 -119838.832603309 62949.5215871079 9161532952.54386
2315275920 -254991720890809 133946442659887 -119838.831112559 62949.520804021 9161532952.54386
2316327840 -255117781753250 134012660519399 -119838.829623282 62949.5200217079 9161532952.54386
2317379760 -255243842614124 134078878378089 -119838.828135476 62949.5192401676 9161532952.54386
2318431680 -255369903473435 134145096235958 -119838.826649139 62949.5184593989 9161532952.54386
2319483600 -255495964331182 134211314093005 -119838.825164269 62949.5176794006 9161532952.54386
2320535520 -255622025187369 134277531949233 -119838.823680863 62949.5169001716 9161532952.54386
2321587440 -255748086041996 134343749804641 -119838.822198919 62949.5161217109 9161532952.54386
2322639360 -255874146895064 134409967659230 -119838.820718436 62949.5153440172 9161532952.54386
2323691280 -256000207746576 134476185513002 -119838.819239411 62949.5145670894 9161532952.54386
2324743200 -256126268596533 134542403365958 -119838.817761841 62949.5137909264 9161532952.54386
2325795120 -256252329444937 134608621218097 -119838.816285726 62949.513015527 9161532952.54386
2326847040 -256378390291789 134674839069420 -119838.814811061 62949.5122408902 9161532952.54386
2327898960 -256504451137090 134741056919930 -119838.813337847 62949.5114670148 9161532952.54387
2328950880 -256630511980842 134807274769625 -119838.81186608 62949.5106938996 9161532952.54387
2330002800 -256756572823046 134873492618508 -119838.810395758 62949.5099215436 9161532952.54387
2331054720 -256882633663705 134939710466579 -119838.808926879 62949.5091499457 9161532952.54387
2332106640 -257008694502820 135005928313839 -119838.80745944 62949.5083791047 9161532952.54387
2333158560 -257134755340391 135072146160288 -119838.805993441 62949.5076090195 9161532952.54387
2334210480 -257260816176421 135138364005927 -119838.804528879 62949.506839689 9161532952.54387
2335262400 -257386877010912 135204581850758 -119838.803065751 62949.5060711121 9161532952.54387
2336314320 -257512937843864 135270799694780 -119838.801604055 62949.5053032877 9161532952.54387
2337366240 -257638998675279 135337017537995 -119838.80014379 62949.5045362147 9161532952.54387
2338418160 -257765059505159 135403235380404 -119838.798684953 62949.503769892 9161532952.54387
2339470080 -257891120333505 135469453222007 -119838.797227543 62949.5030043184 9161532952.54386
2340522000 -258017181160318 135535671062805 -119838.795771556 62949.5022394929 9161532952.54387
2341573920 -258143241985601 135601888902798 -119838.794316992 62949.5014754145 9161532952.54387
2342625840 -258269302809355 135668106741989 -119838.792863847 62949.5007120819 9161532952.54387
2343677760 -258395363631580 135734324580377 -119838.79141212 62949.4999494941 9161532952.54387
2344729680 -258521424452280 135800542417963 -119838.789961809 62949.49918765 9161532952.54387
2345781600 -258647485271454 135866760254748 -119838.788512912 62949.4984265486 9161532952.54387
2346833520 -258773546089105 135932978090733 -119838.787065427 62949.4976661886 9161532952.54387
2347885440 -258899606905234 135999195925918 -119838.78561935 62949.4969065692 9161532952.54387
2348937360 -259025667719843 136065413760305 -119838.784174682 62949.4961476891 9161532952.54387
2349989280 -259151728532933 136131631593894 -119838.782731419 62949.4953895473 9161532952.54387
2351041200 -259277789344505 136197849426686 -119838.781289559 62949.4946321428 9161532952.54387
2352093120 -259403850154562 136264067258681 -119838.779849101 62949.4938754744 9161532952.54387
2353145040 -259529910963104 136330285089881 -119838.778410042 62949.493119541 9161532952.54387
2354196960 -259655971770132 136396502920286 -119838.776972381 62949.4923643417 9161532952.54387
2355248880 -259782032575650 136462720749897 -119838.775536114 62949.4916098753 9161532952.54387
2356300800 -259908093379657 136528938578715 -119838.774101241 62949.4908561407 9161532952.54387
2357352720 -260034154182155 136595156406740 -119838.772667759 62949.490103137 9161532952.54387
2358404640 -260160214983147 136661374233973 -119838.771235666 62949.489350863 9161532952.54387
2359456560 -260286275782632 136727592060416 -119838.769804961 62949.4885993177 9161532952.54387
2360508480 -260412336580614 136793809886069 -119838.76837564 62949.4878485 9161532952.54387
2361560400 -260538397377092 136860027710932 -119838.766947703 62949.4870984088 9161532952.54387
2362612320 -260664458172069 136926245535006 -119838.765521147 62949.4863490432 9161532952.54387
2363664240 -260790518965547 136992463358292 -119838.76409597 62949.485600402 9161532952.54387
2364716160 -260916579757525 137058681180792 -119838.76267217 62949.4848524843 9161532952.54387
2365768080 -261042640548007 137124899002505 -119838.761249745 62949.4841052889 9161532952.54387
2366820000 -261168701336994 137191116823432 -119838.759828693 62949.4833588148 9161532952.54387
2367871920 -261294762124486 137257334643575 -119838.758409013 62949.482613061 9161532952.54387
2368923840 -261420822910485 137323552462933 -119838.756990702 62949.4818680264 9161532952.54387
2369975760 -261546883694994 137389770281508 -119838.755573757 62949.48112371 9161532952.54387
2371027680 -261672944478012 137455988099300 -119838.754158178 62949.4803801108 9161532952.54387
2372079600 -261799005259542 137522205916311 -119838.752743963 62949.4796372277 9161532952.54387
2373131520 -261925066039585 137588423732541 -119838.751331108 62949.4788950596 9161532952.54386
2374183440 -262051126818143 137654641547990 -119838.749919613 62949.4781536056 9161532952.54386
2375235360 -262177187595217 137720859362660 -119838.748509475 62949.4774128647 9161532952.54387
2376287280 -262303248370808 137787077176551 -119838.747100693 62949.4766728357 9161532952.54386
2377339200 -262429309144918 137853294989663 -119838.745693264 62949.4759335177 9161532952.54386
2378391120 -262555369917548 137919512801999 -119838.744287187 62949.4751949096 9161532952.54386
2379443040 -262681430688699 137985730613558 -119838.742882459 62949.4744570104 9161532952.54387
2380494960 -262807491458374 138051948424341 -119838.741479078 62949.4737198192 9161532952.54386
2381546880 -262933552226573 138118166234349 -119838.740077044 62949.4729833348 9161532952.54386
2382598800 -263059612993298 138184384043582 -119838.738676353 62949.4722475563 9161532952.54386
2383650720 -263185673758550 138250601852042 -119838.737277004 62949.4715124826 9161532952.54386
2384702640 -263311734522331 138316819659729 -119838.735878995 62949.4707781128 9161532952.54386
2385754560 -263437795284642 138383037466644 -119838.734482323 62949.4700444458 9161532952.54386
2386806480 -263563856045485 138449255272788 -119838.733086988 62949.4693114806 9161532952.54386
2387858400 -263689916804861 138515473078161 -119838.731692987 62949.4685792162 9161532952.54386
2388910320 -263815977562770 138581690882764 -119838.730300318 62949.4678476516 9161532952.54386
2389962240 -263942038319216 138647908686598 -119838.728908979 62949.4671167859 9161532952.54386
2391014160 -264068099074199 138714126489663 -119838.727518969 62949.4663866179 9161532952.54386
2392066080 -264194159827720 138780344291961 -119838.726130285 62949.4656571468 9161532952.54386
2393118000 -264320220579781 138846562093491 -119838.724742926 62949.4649283714 9161532952.54386
2394169920 -264446281330384 138912779894256 -119838.723356889 62949.4642002909 9161532952.54386
2395221840 -264572342079529 138978997694255 -119838.721972174 62949.4634729042 9161532952.54386
2396273760 -264698402827218 139045215493489 -119838.720588777 62949.4627462103 9161532952.54386
2397325680 -264824463573453 139111433291959 -119838.719206697 62949.4620202082 9161532952.54386
2398377600 -264950524318234 139177651089666 -119838.717825932 62949.4612948971 9161532952.54386
2399429520 -265076585061564 139243868886610 -119838.716446481 62949.4605702757 9161532952.54386
2400481440 -265202645803444 139310086682792 -119838.715068341 62949.4598463433 9161532952.54386
2401533360 -265328706543874 139376304478213 -119838.71369151 62949.4591230987 9161532952.54386
2402585280 -265454767282857 139442522272874 -119838.712315988 62949.4584005411 9161532952.54386
2403637200 -265580828020393 139508740066775 -119838.710941771 62949.4576786694 9161532952.54386
2404689120 -265706888756485 139574957859917 -119838.709568858 62949.4569574827 9161532952.54386
2405741040 -265832949491133 139641175652300 -119838.708197247 62949.45623698 9161532952.54386
2406792960 -265959010224339 139707393443927 -119838.706826936 62949.4555171603 9161532952.54386
2407844880 -266085070956104 139773611234796 -119838.705457924 62949.4547980226 9161532952.54386
2408896800 -266211131686430 139839829024909 -119838.704090208 62949.454079566 9161532952.54386
2409948720 -266337192415318 139906046814267 -119838.702723787 62949.4533617895 9161532952.54386
2411000640 -266463253142769 139972264602870 -119838.701358659 62949.4526446922 9161532952.54386
2412052560 -266589313868785 140038482390719 -119838.699994822 62949.4519282731 9161532952.54386
2413104480 -266715374593367 140104700177815 -119838.698632274 62949.4512125312 9161532952.54386
2414156400 -266841435316516 140170917964158 -119838.697271013 62949.4504974655 9161532952.54386
2415208320 -266967496038234 140237135749750 -119838.695911038 62949.4497830751 9161532952.54386
2416260240 -267093556758522 140303353534590 -119838.694552347 62949.4490693591 9161532952.54386
2417312160 -267219617477381 140369571318680 -119838.693194937 62949.4483563165 9161532952.54386
2418364080 -267345678194813 140435789102020 -119838.691838808 62949.4476439463 9161532952.54386
2419416000 -267471738910820 140502006884612 -119838.690483957 62949.4469322477 9161532952.54386
2420467920 -267597799625402 140568224666455 -119838.689130382 62949.4462212195 9161532952.54386
2421519840 -267723860338560 140634442447550 -119838.687778083 62949.445510861 9161532952.54386
2422571760 -267849921050297 140700660227898 -119838.686427056 62949.4448011711 9161532952.54386
2423623680 -267975981760613 140766878007501 -119838.6850773 62949.4440921489 9161532952.54386
2424675600 -268102042469510 140833095786357 -119838.683728813 62949.4433837934 9161532952.54386
2425727520 -268228103176990 140899313564469 -119838.682381594 62949.4426761038 9161532952.54386
2426779440 -268354163883053 140965531341837 -119838.681035641 62949.4419690791 9161532952.54386
2427831360 -268480224587700 141031749118462 -119838.679690951 62949.4412627183 9161532952.54386
2428883280 -268606285290934 141097966894344 -119838.678347524 62949.4405570205 9161532952.54386
2429935200 -268732345992755 141164184669484 -119838.677005357 62949.4398519848 9161532952.54386
2430987120 -268858406693165 141230402443882 -119838.675664449 62949.4391476103 9161532952.54386
2432039040 -268984467392166 141296620217540 -119838.674324798 62949.438443896 9161532952.54386
2433090960 -269110528089757 141362837990458 -119838.672986401 62949.4377408409 9161532952.54386
2434142880 -269236588785942 141429055762637 -119838.671649258 62949.4370384443 9161532952.54386
2435194800 -269362649480720 141495273534077 -119838.670313367 62949.4363367051 9161532952.54386
2436246720 -269488710174094 141561491304780 -119838.668978725 62949.4356356223 9161532952.54386
2437298640 -269614770866065 141627709074745 -119838.667645331 62949.4349351952 9161532952.54386
2438350560 -269740831556634 141693926843974 -119838.666313184 62949.4342354228 9161532952.54386
2439402480 -269866892245802 141760144612467 -119838.664982281 62949.4335363041 9161532952.54386
2440454400 -269992952933571 141826362380225 -119838.663652621 62949.4328378383 9161532952.54387
2441506320 -270119013619941 141892580147249 -119838.662324202 62949.4321400244 9161532952.54386
2442558240 -270245074304915 141958797913539 -119838.660997022 62949.4314428615 9161532952.54386
2443610160 -270371134988494 142025015679096 -119838.65967108 62949.4307463487 9161532952.54386
2444662080 -270497195670678 142091233443921 -119838.658346374 62949.4300504852 9161532952.54386
2445714000 -270623256351470 142157451208014 -119838.657022902 62949.4293552699 9161532952.54386
2446765920 -270749317030869 142223668971376 -119838.655700662 62949.428660702 9161532952.54386
2447817840 -270875377708879 142289886734008 -119838.654379653 62949.4279667806 9161532952.54386
2448869760 -271001438385500 142356104495910 -119838.653059873 62949.4272735047 9161532952.54386
2449921680 -271127499060733 142422322257083 -119838.65174132 62949.4265808736 9161532952.54386
2450973600 -271253559734580 142488540017528 -119838.650423993 62949.4258888862 9161532952.54386
2452025520 -271379620407042 142554757777245 -119838.649107889 62949.4251975417 9161532952.54386
2453077440 -271505681078119 142620975536236 -119838.647793008 62949.4245068392 9161532952.54386
2454129360 -271631741747815 142687193294500 -119838.646479347 62949.4238167778 9161532952.54386
2455181280 -271757802416129 142753411052038 -119838.645166905 62949.4231273566 9161532952.54386
2456233200 -271883863083063 142819628808852 -119838.64385568 62949.4224385747 9161532952.54387
2457285120 -272009923748619 142885846564942 -119838.64254567 62949.4217504312 9161532952.54386
2458337040 -272135984412797 142952064320308 -119838.641236874 62949.4210629253 9161532952.54386
2459388960 -272262045075599 143018282074951 -119838.63992929 62949.420376056 9161532952.54386
2460440880 -272388105737026 143084499828872 -119838.638622916 62949.4196898225 9161532952.54386
2461492800 -272514166397080 143150717582072 -119838.637317751 62949.4190042239 9161532952.54386
2462544720 -272640227055761 143216935334550 -119838.636013793 62949.4183192592 9161532952.54386
2463596640 -272766287713072 143283153086309 -119838.63471104 62949.4176349277 9161532952.54386
2464648560 -272892348369012 143349370837348 -119838.63340949 62949.4169512285 9161532952.54386
2465700480 -273018409023584 143415588587668 -119838.632109143 62949.4162681606 9161532952.54387
2466752400 -273144469676789 143481806337269 -119838.630809995 62949.4155857232 9161532952.54386
2467804320 -273270530328628 143548024086154 -119838.629512047 62949.4149039154 9161532952.54386
2468856240 -273396590979102 143614241834321 -119838.628215295 62949.4142227364 9161532952.54386
2469908160 -273522651628213 143680459581772 -119838.626919738 62949.4135421852 9161532952.54387
2470960080 -273648712275961 143746677328508 -119838.625625376 62949.4128622611 9161532952.54386
2472012000 -273774772922349 143812895074529 -119838.624332205 62949.4121829632 9161532952.54387
2473063920 -273900833567377 143879112819835 -119838.623040224 62949.4115042905 9161532952.54387
2474115840 -274026894211046 143945330564428 -119838.621749432 62949.4108262422 9161532952.54387
2475167760 -274152954853358 144011548308308 -119838.620459828 62949.4101488175 9161532952.54387
2476219680 -274279015494315 144077766051476 -119838.619171408 62949.4094720155 9161532952.54387
2477271600 -274405076133916 144143983793932 -119838.617884173 62949.4087958353 9161532952.54387
2478323520 -274531136772165 144210201535677 -119838.616598119 62949.4081202762 9161532952.54387
2479375440 -274657197409061 144276419276712 -119838.615313246 62949.4074453371 9161532952.54387
2480427360 -274783258044606 144342637017037 -119838.614029552 62949.4067710174 9161532952.54387
2481479280 -274909318678801 144408854756653 -119838.612747035 62949.406097316 9161532952.54387
2482531200 -275035379311648 144475072495561 -119838.611465694 62949.4054242323 9161532952.54387
2483583120 -275161439943147 144541290233761 -119838.610185527 62949.4047517652 9161532952.54387
2484635040 -275287500573301 144607507971254 -119838.608906533 62949.4040799141 9161532952.54387
2485686960 -275413561202110 144673725708041 -119838.607628709 62949.403408678 9161532952.54386
2486738880 -275539621829575 144739943444122 -119838.606352054 62949.402738056 9161532952.54386
2487790800 -275665682455698 144806161179497 -119838.605076567 62949.4020680474 9161532952.54386
2488842720 -275791743080480 144872378914169 -119838.603802246 62949.4013986513 9161532952.54386
2489894640 -275917803703922 144938596648136 -119838.60252909 62949.4007298669 9161532952.54386
2490946560 -276043864326025 145004814381400 -119838.601257096 62949.4000616933 9161532952.54386
2491998480 -276169924946791 145071032113962 -119838.599986264 62949.3993941298 9161532952.54386
2493050400 -276295985566220 145137249845822 -119838.598716591 62949.3987271753 9161532952.54386
2494102320 -276422046184315 145203467576981 -119838.597448076 62949.3980608292 9161532952.54386
2495154240 -276548106801076 145269685307438 -119838.596180717 62949.3973950906 9161532952.54387
2496206160 -276674167416504 145335903037196 -119838.594914514 62949.3967299586 9161532952.54386
2497258080 -276800228030601 145402120766255 -119838.593649464 62949.3960654325 9161532952.54386
2498310000 -276926288643368 145468338494615 -119838.592385565 62949.3954015114 9161532952.54387
2499361920 -277052349254806 145534556222277 -119838.591122817 62949.3947381944 9161532952.54386
2500413840 -277178409864916 145600773949241 -119838.589861217 62949.3940754808 9161532952.54386
2501465760 -277304470473700 145666991675509 -119838.588600764 62949.3934133698 9161532952.54386
2502517680 -277430531081159 145733209401080 -119838.587341457 62949.3927518604 9161532952.54386
2503569600 -277556591687293 145799427125956 -119838.586083294 62949.392090952 9161532952.54386
2504621520 -277682652292104 145865644850137 -119838.584826273 62949.3914306436 9161532952.54386
2505673440 -277808712895594 145931862573624 -119838.583570393 62949.3907709345 9161532952.54386
2506725360 -277934773497764 145998080296417 -119838.582315652 62949.3901118238 9161532952.54386
2507777280 -278060834098614 146064298018517 -119838.581062048 62949.3894533107 9161532952.54386
2508829200 -278186894698146 146130515739924 -119838.579809581 62949.3887953945 9161532952.54386
2509881120 -278312955296361 146196733460640 -119838.578558248 62949.3881380742 9161532952.54386
2510933040 -278439015893260 146262951180665 -119838.577308049 62949.3874813492 9161532952.54386
2511984960 -278565076488845 146329168899999 -119838.576058981 62949.3868252185 9161532952.54387
2513036880 -278691137083116 146395386618644 -119838.574811043 62949.3861696814 9161532952.54386
2514088800 -278817197676076 146461604336599 -119838.573564233 62949.3855147371 9161532952.54386
2515140720 -278943258267724 146527822053865 -119838.57231855 62949.3848603848 9161532952.54386
2516192640 -279069318858063 146594039770444 -119838.571073993 62949.3842066236 9161532952.54386
2517244560 -279195379447093 146660257486335 -119838.56983056 62949.3835534528 9161532952.54386
2518296480 -279321440034815 146726475201539 -119838.568588249 62949.3829008715 9161532952.54386
2519348400 -279447500621232 146792692916057 -119838.567347058 62949.382248879 9161532952.54386
2520400320 -279573561206343 146858910629890 -119838.566106987 62949.3815974745 9161532952.54386
2521452240 -279699621790151 146925128343037 -119838.564868034 62949.3809466572 9161532952.54386
2522504160 -279825682372656 146991346055501 -119838.563630197 62949.3802964263 9161532952.54386
2523556080 -279951742953859 147057563767280 -119838.562393475 62949.3796467809 9161532952.54386
2524608000 -280077803533762 147123781478377 -119838.561157866 62949.3789977204 9161532952.54386
2525659920 -280203864112366 147189999188791 -119838.559923369 62949.3783492439 9161532952.54386
2526711840 -280329924689672 147256216898523 -119838.558689982 62949.3777013505 9161532952.54386
2527763760 -280455985265680 147322434607574 -119838.557457704 62949.3770540397 9161532952.54386
2528815680 -280582045840394 147388652315945 -119838.556226533 62949.3764073105 9161532952.54386
2529867600 -280708106413812 147454870023635 -119838.554996468 62949.3757611621 9161532952.54386
2530919520 -280834166985938 147521087730646 -119838.553767507 62949.3751155938 9161532952.54386
2531971440 -280960227556771 147587305436979 -119838.55253965 62949.3744706049 9161532952.54386
2533023360 -281086288126313 147653523142633 -119838.551312893 62949.3738261945 9161532952.54386
2534075280 -281212348694566 147719740847609 -119838.550087236 62949.3731823618 9161532952.54386
2535127200 -281338409261529 147785958551909 -119838.548862678 62949.3725391061 9161532952.54386
2536179120 -281464469827205 147852176255532 -119838.547639216 62949.3718964266 9161532952.54386
2537231040 -281590530391595 147918393958480 -119838.54641685 62949.3712543225 9161532952.54386
2538282960 -281716590954699 147984611660752 -119838.545195578 62949.370612793 9161532952.54386
2539334880 -281842651516519 148050829362350 -119838.543975398 62949.3699718375 9161532952.54386
2540386800 -281968712077057 148117047063274 -119838.54275631 62949.369331455 9161532952.54386
2541438720 -282094772636312 148183264763525 -119838.541538311 62949.3686916449 9161532952.54386
2542490640 -282220833194287 148249482463102 -119838.5403214 62949.3680524064 9161532952.54386
2543542560 -282346893750982 148315700162008 -119838.539105575 62949.3674137387 9161532952.54386
2544594480 -282472954306399 148381917860242 -119838.537890836 62949.366775641 9161532952.54386
2545646400 -282599014860539 148448135557806 -119838.53667718 62949.3661381126 9161532952.54386
2546698320 -282725075413403 148514353254699 -119838.535464607 62949.3655011527 9161532952.54386
2547750240 -282851135964991 148580570950922 -119838.534253115 62949.3648647606 9161532952.54386
2548802160 -282977196515306 148646788646476 -119838.533042702 62949.3642289355 9161532952.54386
2549854080 -283103257064348 148713006341361 -119838.531833367 62949.3635936766 9161532952.54386
2550906000 -283229317612119 148779224035579 -119838.530625108 62949.3629589833 9161532952.54386
2551957920 -283355378158619 148845441729129 -119838.529417925 62949.3623248546 9161532952.54386
2553009840 -283481438703850 148911659422013 -119838.528211815 62949.3616912899 9161532952.54386
2554061760 -283607499247812 148977877114230 -119838.527006777 62949.3610582885 9161532952.54386
2555113680 -283733559790508 149044094805782 -119838.52580281 62949.3604258495 9161532952.54386
2556165600 -283859620331938 149110312496669 -119838.524599913 62949.3597939723 9161532952.54386
2557217520 -283985680872103 149176530186891 -119838.523398083 62949.359162656 9161532952.54386
2558269440 -284111741411004 149242747876450 -119838.52219732 62949.3585319 9161532952.54386
2559321360 -284237801948643 149308965565345 -119838.520997622 62949.3579017035 9161532952.54386
2560373280 -284363862485020 149375183253578 -119838.519798987 62949.3572720657 9161532952.54386
2561425200 -284489923020137 149441400941148 -119838.518601415 62949.3566429859 9161532952.54386
2562477120 -284615983553995 149507618628058 -119838.517404904 62949.3560144634 9161532952.54386
2563529040 -284742044086594 149573836314306 -119838.516209452 62949.3553864974 9161532952.54386
2564580960 -284868104617937 149640053999894 -119838.515015058 62949.3547590871 9161532952.54386
2565632880 -284994165148024 149706271684823 -119838.513821721 62949.3541322319 9161532952.54386
2566684800 -285120225676856 149772489369092 -119838.512629439 62949.3535059311 9161532952.54386
2567736720 -285246286204435 149838707052703 -119838.511438211 62949.3528801837 9161532952.54386
2568788640 -285372346730761 149904924735656 -119838.510248035 62949.3522549893 9161532952.54386
2569840560 -285498407255835 149971142417951 -119838.50905891 62949.3516303469 9161532952.54386
2570892480 -285624467779660 150037360099590 -119838.507870835 62949.3510062559 9161532952.54386
2571944400 -285750528302235 150103577780572 -119838.506683808 62949.3503827156 9161532952.54386
2572996320 -285876588823562 150169795460899 -119838.505497828 62949.3497597251 9161532952.54386
2574048240 -286002649343642 150236013140571 -119838.504312893 62949.3491372839 9161532952.54386
2575100160 -286128709862476 150302230819588 -119838.503129003 62949.3485153911 9161532952.54386
2576152080 -286254770380065 150368448497952 -119838.501946155 62949.3478940461 9161532952.54386
2577204000 -286380830896410 150434666175662 -119838.500764349 62949.347273248 9161532952.54386
2578255920 -286506891411513 150500883852719 -119838.499583582 62949.3466529963 9161532952.54386
2579307840 -286632951925375 150567101529124 -119838.498403854 62949.3460332901 9161532952.54386
2580359760 -286759012437996 150633319204878 -119838.497225164 62949.3454141288 9161532952.54386
2581411680 -286885072949377 150699536879981 -119838.496047509 62949.3447955117 9161532952.54386
2582463600 -287011133459521 150765754554433 -119838.494870889 62949.3441774379 9161532952.54386
2583515520 -287137193968427 150831972228235 -119838.493695302 62949.3435599068 9161532952.54386
2584567440 -287263254476097 150898189901388 -119838.492520746 62949.3429429178 9161532952.54386
2585619360 -287389314982532 150964407573892 -119838.491347221 62949.34232647 9161532952.54386
2586671280 -287515375487733 151030625245748 -119838.490174725 62949.3417105628 9161532952.54386
2587723200 -287641435991702 151096842916957 -119838.489003257 62949.3410951954 9161532952.54386
2588775120 -287767496494438 151163060587518 -119838.487832815 62949.3404803672 9161532952.54386
2589827040 -287893556995944 151229278257433 -119838.486663398 62949.3398660774 9161532952.54386
2590878960 -288019617496220 151295495926702 -119838.485495005 62949.3392523253 9161532952.54386
2591930880 -288145677995268 151361713595326 -119838.484327634 62949.3386391102 9161532952.54386
2592982800 -288271738493089 151427931263305 -119838.483161284 62949.3380264315 9161532952.54386
2594034720 -288397798989683 151494148930640 -119838.481995954 62949.3374142884 9161532952.54386
2595086640 -288523859485051 151560366597331 -119838.480831642 62949.3368026802 9161532952.54386
2596138560 -288649919979196 151626584263379 -119838.479668346 62949.3361916062 9161532952.54386
2597190480 -288775980472117 151692801928784 -119838.478506067 62949.3355810657 9161532952.54386
2598242400 -288902040963816 151759019593548 -119838.477344802 62949.334971058 9161532952.54386
2599294320 -289028101454295 151825237257670 -119838.47618455 62949.3343615824 9161532952.54386
2600346240 -289154161943553 151891454921151 -119838.475025309 62949.3337526383 9161532952.54386
2601398160 -289280222431592 151957672583992 -119838.473867079 62949.3331442249 9161532952.54386
2602450080 -289406282918414 152023890246194 -119838.472709858 62949.3325363415 9161532952.54387
2603502000 -289532343404018 152090107907756 -119838.471553644 62949.3319289874 9161532952.54387
2604553920 -289658403888408 152156325568679 -119838.470398437 62949.331322162 9161532952.54387
2605605840 -289784464371582 152222543228965 -119838.469244235 62949.3307158646 9161532952.54387
2606657760 -289910524853543 152288760888613 -119838.468091037 62949.3301100944 9161532952.54387
2607709680 -290036585334291 152354978547624 -119838.466938841 62949.3295048508 9161532952.54387
2608761600 -290162645813828 152421196205999 -119838.465787646 62949.3289001331 9161532952.54387
2609813520 -290288706292154 152487413863737 -119838.464637451 62949.3282959407 9161532952.54387
2610865440 -290414766769271 152553631520841 -119838.463488254 62949.3276922727 9161532952.54387
2611917360 -290540827245179 152619849177310 -119838.462340055 62949.3270891286 9161532952.54387
2612969280 -290666887719881 152686066833144 -119838.461192852 62949.3264865076 9161532952.54387
2614021200 -290792948193376 152752284488345 -119838.460046643 62949.3258844092 9161532952.54387
2615073120 -290919008665666 152818502142913 -119838.458901428 62949.3252828325 9161532952.54387
2616125040 -291045069136751 152884719796848 -119838.457757205 62949.3246817769 9161532952.54387
2617176960 -291171129606634 152950937450152 -119838.456613972 62949.3240812418 9161532952.54387
2618228880 -291297190075314 153017155102824 -119838.455471729 62949.3234812265 9161532952.54387
2619280800 -291423250542794 153083372754865 -119838.454330474 62949.3228817303 9161532952.54387
2620332720 -291549311009073 153149590406275 -119838.453190207 62949.3222827525 9161532952.54387
2621384640 -291675371474154 153215808057056 -119838.452050924 62949.3216842924 9161532952.54387
2622436560 -291801431938036 153282025707208 -119838.450912626 62949.3210863494 9161532952.54387
2623488480 -291927492400722 153348243356731 -119838.449775311 62949.3204889229 9161532952.54387
2624540400 -292053552862212 153414461005625 -119838.448638978 62949.319892012 9161532952.54387
2625592320 -292179613322507 153480678653892 -119838.447503626 62949.3192956163 9161532952.54387
2626644240 -292305673781608 153546896301532 -119838.446369253 62949.318699735 9161532952.54387
2627696160 -292431734239517 153613113948546 -119838.445235857 62949.3181043674 9161532952.54387
2628748080 -292557794696234 153679331594933 -119838.444103439 62949.3175095128 9161532952.54387
2629800000 -292683855151760 153745549240695 -119838.442971996 62949.3169151707 9161532952.54387
2630851920 -292809915606096 153811766885832 -119838.441841527 62949.3163213404 9161532952.54387
2631903840 -292935976059244 153877984530345 -119838.440712031 62949.3157280211 9161532952.54387
2632955760 -293062036511204 153944202174234 -119838.439583507 62949.3151352123 9161532952.54387
2634007680 -293188096961978 154010419817499 -119838.438455953 62949.3145429133 9161532952.54387
2635059600 -293314157411566 154076637460142 -119838.437329368 62949.3139511233 9161532952.54387
2636111520 -293440217859969 154142855102162 -119838.436203752 62949.3133598419 9161532952.54387
2637163440 -293566278307189 154209072743561 -119838.435079102 62949.3127690682 9161532952.54387
2638215360 -293692338753226 154275290384339 -119838.433955417 62949.3121788017 9161532952.54387
2639267280 -293818399198082 154341508024496 -119838.432832697 62949.3115890417 9161532952.54387
2640319200 -293944459641758 154407725664032 -119838.43171094 62949.3109997875 9161532952.54387
2641371120 -294070520084253 154473943302949 -119838.430590144 62949.3104110386 9161532952.54387
2642423040 -294196580525571 154540160941248 -119838.429470309 62949.3098227942 9161532952.54387
2643474960 -294322640965710 154606378578927 -119838.428351433 62949.3092350537 9161532952.54387
2644526880 -294448701404674 154672596215989 -119838.427233515 62949.3086478164 9161532952.54387
2645578800 -294574761842462 154738813852433 -119838.426116554 62949.3080610817 9161532952.54387
2646630720 -294700822279075 154805031488260 -119838.425000549 62949.3074748491 9161532952.54387
2647682640 -294826882714515 154871249123471 -119838.423885498 62949.3068891177 9161532952.54387
2648734560 -294952943148783 154937466758066 -119838.4227714 62949.306303887 9161532952.54387
2649786480 -295079003581879 155003684392046 -119838.421658254 62949.3057191563 9161532952.54387
2650838400 -295205064013805 155069902025410 -119838.420546058 62949.3051349251 9161532952.54387
2651890320 -295331124444561 155136119658161 -119838.419434813 62949.3045511925 9161532952.54387
2652942240 -295457184874149 155202337290298 -119838.418324515 62949.3039679581 9161532952.54387
2653994160 -295583245302569 155268554921821 -119838.417215164 62949.3033852212 9161532952.54387
2655046080 -295709305729823 155334772552732 -119838.416106759 62949.3028029811 9161532952.54387
2656098000 -295835366155911 155400990183030 -119838.414999299 62949.3022212372 9161532952.54387
2657149920 -295961426580835 155467207812717 -119838.413892782 62949.3016399889 9161532952.54387
2658201840 -296087487004596 155533425441793 -119838.412787208 62949.3010592356 9161532952.54387
2659253760 -296213547427194 155599643070258 -119838.411682574 62949.3004789765 9161532952.54387
2660305680 -296339607848631 155665860698113 -119838.41057888 62949.2998992111 9161532952.54387
2661357600 -296465668268907 155732078325358 -119838.409476125 62949.2993199388 9161532952.54387
2662409520 -296591728688023 155798295951994 -119838.408374307 62949.2987411589 9161532952.54387
2663461440 -296717789105981 155864513578022 -119838.407273426 62949.2981628708 9161532952.54387
2664513360 -296843849522782 155930731203441 -119838.406173479 62949.2975850738 9161532952.54387
2665565280 -296969909938426 155996948828253 -119838.405074467 62949.2970077674 9161532952.54387
2666617200 -297095970352914 156063166452458 -119838.403976386 62949.2964309509 9161532952.54387
2667669120 -297222030766248 156129384076057 -119838.402879238 62949.2958546236 9161532952.54387
2668721040 -297348091178428 156195601699049 -119838.401783019 62949.2952787851 9161532952.54387
2669772960 -297474151589455 156261819321436 -119838.40068773 62949.2947034346 9161532952.54387
2670824880 -297600211999331 156328036943218 -119838.399593369 62949.2941285715 9161532952.54387
2671876800 -297726272408056 156394254564396 -119838.398499934 62949.2935541952 9161532952.54387
2672928720 -297852332815631 156460472184969 -119838.397407425 62949.2929803052 9161532952.54387
2673980640 -297978393222058 156526689804940 -119838.39631584 62949.2924069007 9161532952.54387
2675032560 -298104453627337 156592907424307 -119838.395225178 62949.2918339811 9161532952.54387
2676084480 -298230514031469 156659125043072 -119838.394135439 62949.2912615459 9161532952.54387
2677136400 -298356574434455 156725342661235 -119838.39304662 62949.2906895944 9161532952.54387
2678188320 -298482634836296 156791560278796 -119838.391958721 62949.2901181261 9161532952.54387
2679240240 -298608695236994 156857777895757 -119838.390871741 62949.2895471402 9161532952.54387
2680292160 -298734755636548 156923995512117 -119838.389785678 62949.2889766362 9161532952.54387
2681344080 -298860816034961 156990213127878 -119838.388700531 62949.2884066135 9161532952.54387
2682396000 -298986876432232 157056430743039 -119838.387616299 62949.2878370715 9161532952.54387
2683447920 -299112936828364 157122648357601 -119838.386532981 62949.2872680096 9161532952.54387
2684499840 -299238997223356 157188865971565 -119838.385450576 62949.2866994271 9161532952.54387
2685551760 -299365057617210 157255083584931 -119838.384369082 62949.2861313235 9161532952.54387
2686603680 -299491118009927 157321301197700 -119838.383288499 62949.2855636981 9161532952.54387
2687655600 -299617178401508 157387518809871 -119838.382208825 62949.2849965503 9161532952.54387
2688707520 -299743238791954 157453736421447 -119838.381130059 62949.2844298796 9161532952.54387
2689759440 -299869299181265 157519954032426 -119838.3800522 62949.2838636854 9161532952.54387
2690811360 -299995359569443 157586171642811 -119838.378975247 62949.283297967 9161532952.54387
2691863280 -300121419956489 157652389252600 -119838.377899199 62949.2827327238 9161532952.54387
2692915200 -300247480342403 157718606861795 -119838.376824054 62949.2821679552 9161532952.54387
2693967120 -300373540727187 157784824470397 -119838.375749812 62949.2816036607 9161532952.54387
2695019040 -300499601110841 157851042078405 -119838.374676471 62949.2810398397 9161532952.54387
2696070960 -300625661493366 157917259685820 -119838.37360403 62949.2804764915 9161532952.54387
2697122880 -300751721874764 157983477292642 -119838.372532488 62949.2799136156 9161532952.54387
2698174800 -300877782255035 158049694898873 -119838.371461844 62949.2793512113 9161532952.54387
2699226720 -301003842634181 158115912504513 -119838.370392097 62949.2787892781 9161532952.54387
2700278640 -301129903012201 158182130109562 -119838.369323245 62949.2782278154 9161532952.54387
2701330560 -301255963389098 158248347714020 -119838.368255288 62949.2776668226 9161532952.54387
2702382480 -301382023764872 158314565317888 -119838.367188225 62949.277106299 9161532952.54387
2703434400 -301508084139524 158380782921167 -119838.366122053 62949.2765462442 9161532952.54387
2704486320 -301634144513055 158447000523858 -119838.365056773 62949.2759866575 9161532952.54387
2705538240 -301760204885465 158513218125959 -119838.363992383 62949.2754275384 9161532952.54387
2706590160 -301886265256757 158579435727473 -119838.362928882 62949.2748688862 9161532952.54387
2707642080 -302012325626930 158645653328400 -119838.361866268 62949.2743107003 9161532952.54387
2708694000 -302138385995986 158711870928739 -119838.360804541 62949.2737529803 9161532952.54387
2709745920 -302264446363925 158778088528492 -119838.3597437 62949.2731957254 9161532952.54387
2710797840 -302390506730749 158844306127659 -119838.358683744 62949.2726389352 9161532952.54387
2711849760 -302516567096459 158910523726241 -119838.35762467 62949.2720826089 9161532952.54387
2712901680 -302642627461055 158976741324238 -119838.356566479 62949.2715267462 9161532952.54387
2713953600 -302768687824538 159042958921650 -119838.355509169 62949.2709713463 9161532952.54387
2715005520 -302894748186909 159109176518478 -119838.35445274 62949.2704164087 9161532952.54387
2716057440 -303020808548170 159175394114723 -119838.353397189 62949.2698619329 9161532952.54387
2717109360 -303146868908321 159241611710385 -119838.352342516 62949.2693079182 9161532952.54387
2718161280 -303272929267363 159307829305464 -119838.35128872 62949.2687543641 9161532952.54387
2719213200 -303398989625296 159374046899961 -119838.350235799 62949.2682012699 9161532952.54387
2720265120 -303525049982123 159440264493877 -119838.349183753 62949.2676486352 9161532952.54387
2721317040 -303651110337843 159506482087211 -119838.348132581 62949.2670964594 9161532952.54387
2722368960 -303777170692458 159572699679965 -119838.347082281 62949.2665447418 9161532952.54387
2723420880 -303903231045969 159638917272139 -119838.346032852 62949.265993482 9161532952.54387
2724472800 -304029291398377 159705134863733 -119838.344984294 62949.2654426792 9161532952.54387
2725524720 -304155351749681 159771352454748 -119838.343936605 62949.2648923331 9161532952.54387
2726576640 -304281412099884 159837570045184 -119838.342889784 62949.264342443 9161532952.54387
2727628560 -304407472448987 159903787635042 -119838.341843829 62949.2637930083 9161532952.54387
2728680480 -304533532796990 159970005224323 -119838.340798741 62949.2632440284 9161532952.54387
2729732400 -304659593143893 160036222813026 -119838.339754518 62949.2626955029 9161532952.54387
2730784320 -304785653489699 160102440401152 -119838.338711158 62949.2621474311 9161532952.54387
2731836240 -304911713834408 160168657988702 -119838.337668661 62949.2615998125 9161532952.54387
2732888160 -305037774178020 160234875575676 -119838.336627026 62949.2610526466 9161532952.54387
2733940080 -305163834520537 160301093162075 -119838.335586252 62949.2605059327 9161532952.54387
2734992000 -305289894861960 160367310747899 -119838.334546336 62949.2599596703 9161532952.54387
2736043920 -305415955202290 160433528333149 -119838.33350728 62949.2594138588 9161532952.54387
2737095840 -305542015541526 160499745917825 -119838.33246908 62949.2588684977 9161532952.54387
2738147760 -305668075879672 160565963501927 -119838.331431738 62949.2583235865 9161532952.54387
2739199680 -305794136216726 160632181085457 -119838.33039525 62949.2577791245 9161532952.54387
2740251600 -305920196552691 160698398668413 -119838.329359616 62949.2572351112 9161532952.54387
2741303520 -306046256887566 160764616250798 -119838.328324836 62949.2566915461 9161532952.54387
2742355440 -306172317221354 160830833832611 -119838.327290908 62949.2561484286 9161532952.54387
2743407360 -306298377554054 160897051413854 -119838.32625783 62949.2556057581 9161532952.54387
2744459280 -306424437885668 160963268994525 -119838.325225603 62949.2550635341 9161532952.54387
2745511200 -306550498216197 161029486574627 -119838.324194225 62949.2545217561 9161532952.54387
2746563120 -306676558545642 161095704154158 -119838.323163694 62949.2539804235 9161532952.54387
2747615040 -306802618874002 161161921733121 -119838.322134011 62949.2534395358 9161532952.54387
2748666960 -306928679201280 161228139311515 -119838.321105173 62949.2528990923 9161532952.54387
2749718880 -307054739527476 161294356889340 -119838.32007718 62949.2523590926 9161532952.54387
2750770800 -307180799852592 161360574466598 -119838.319050031 62949.2518195361 9161532952.54387
2751822720 -307306860176627 161426792043289 -119838.318023724 62949.2512804223 9161532952.54387
2752874640 -307432920499583 161493009619412 -119838.31699826 62949.2507417506 9161532952.54387
2753926560 -307558980821461 161559227194969 -119838.315973635 62949.2502035205 9161532952.54387
2754978480 -307685041142261 161625444769960 -119838.314949851 62949.2496657314 9161532952.54387
2756030400 -307811101461985 161691662344386 -119838.313926904 62949.2491283828 9161532952.54387
2757082320 -307937161780633 161757879918247 -119838.312904796 62949.2485914742 9161532952.54387
2758134240 -308063222098207 161824097491543 -119838.311883524 62949.2480550049 9161532952.54387
2759186160 -308189282414707 161890315064275 -119838.310863087 62949.2475189746 9161532952.54387
2760238080 -308315342730134 161956532636443 -119838.309843485 62949.2469833825 9161532952.54387
2761290000 -308441403044488 162022750208049 -119838.308824716 62949.2464482283 9161532952.54387
2762341920 -308567463357772 162088967779091 -119838.30780678 62949.2459135113 9161532952.54387
2763393840 -308693523669985 162155185349572 -119838.306789674 62949.245379231 9161532952.54387
2764445760 -308819583981128 162221402919490 -119838.3057734 62949.244845387 9161532952.54387
2765497680 -308945644291203 162287620488847 -119838.304757955 62949.2443119786 9161532952.54387
2766549600 -309071704600210 162353838057643 -119838.303743338 62949.2437790053 9161532952.54387
2767601520 -309197764908151 162420055625879 -119838.302729548 62949.2432464666 9161532952.54387
2768653440 -309323825215025 162486273193555 -119838.301716584 62949.2427143619 9161532952.54387
2769705360 -309449885520835 162552490760672 -119838.300704446 62949.2421826908 9161532952.54387
2770757280 -309575945825580 162618708327229 -119838.299693133 62949.2416514527 9161532952.54387
2771809200 -309702006129261 162684925893228 -119838.298682642 62949.241120647 9161532952.54387
2772861120 -309828066431880 162751143458668 -119838.297672974 62949.2405902733 9161532952.54387
2773913040 -309954126733438 162817361023551 -119838.296664127 62949.240060331 9161532952.54387
2774964960 -310080187033935 162883578587877 -119838.2956561 62949.2395308196 9161532952.54387
2776016880 -310206247333371 162949796151646 -119838.294648893 62949.2390017386 9161532952.54387
2777068800 -310332307631749 163016013714859 -119838.293642504 62949.2384730874 9161532952.54387
2778120720 -310458367929069 163082231277515 -119838.292636932 62949.2379448655 9161532952.54387
2779172640 -310584428225331 163148448839617 -119838.291632176 62949.2374170724 9161532952.54387
2780224560 -310710488520536 163214666401163 -119838.290628236 62949.2368897076 9161532952.54387
2781276480 -310836548814686 163280883962155 -119838.28962511 62949.2363627705 9161532952.54387
2782328400 -310962609107782 163347101522593 -119838.288622797 62949.2358362606 9161532952.54387
2783380320 -311088669399823 163413319082477 -119838.287621297 62949.2353101775 9161532952.54387
2784432240 -311214729690811 163479536641808 -119838.286620608 62949.2347845205 9161532952.54387
2785484160 -311340789980747 163545754200586 -119838.285620729 62949.2342592893 9161532952.54387
2786536080 -311466850269632 163611971758812 -119838.28462166 62949.2337344831 9161532952.54387
2787588000 -311592910557466 163678189316486 -119838.283623399 62949.2332101017 9161532952.54387
2788639920 -311718970844250 163744406873609 -119838.282625945 62949.2326861443 9161532952.54387
2789691840 -311845031129986 163810624430181 -119838.281629298 62949.2321626105 9161532952.54387
2790743760 -311971091414673 163876841986202 -119838.280633456 62949.2316394999 9161532952.54387
2791795680 -312097151698314 163943059541673 -119838.279638419 62949.2311168118 9161532952.54387
2792847600 -312223211980908 164009277096595 -119838.278644185 62949.2305945458 9161532952.54387
2793899520 -312349272262457 164075494650967 -119838.277650754 62949.2300727014 9161532952.54387
2794951440 -312475332542961 164141712204791 -119838.276658124 62949.229551278 9161532952.54387
2796003360 -312601392822422 164207929758067 -119838.275666295 62949.2290302752 9161532952.54387
2797055280 -312727453100839 164274147310794 -119838.274675265 62949.2285096924 9161532952.54387
2798107200 -312853513378215 164340364862975 -119838.273685034 62949.2279895291 9161532952.54387
2799159120 -312979573654549 164406582414608 -119838.272695601 62949.2274697848 9161532952.54387
2800211040 -313105633929843 164472799965695 -119838.271706965 62949.2269504591 9161532952.54387
2801262960 -313231694204097 164539017516236 -119838.270719124 62949.2264315513 9161532952.54387
2802314880 -313357754477313 164605235066231 -119838.269732078 62949.2259130611 9161532952.54387
2803366800 -313483814749491 164671452615681 -119838.268745826 62949.2253949879 9161532952.54387
2804418720 -313609875020631 164737670164586 -119838.267760366 62949.2248773311 9161532952.54387
2805470640 -313735935290736 164803887712947 -119838.266775699 62949.2243600904 9161532952.54387
2806522560 -313861995559805 164870105260764 -119838.265791823 62949.2238432651 9161532952.54387
2807574480 -313988055827840 164936322808037 -119838.264808736 62949.2233268549 9161532952.54387
2808626400 -314114116094841 165002540354768 -119838.263826439 62949.2228108591 9161532952.54387
2809678320 -314240176360809 165068757900956 -119838.26284493 62949.2222952773 9161532952.54387
2810730240 -314366236625744 165134975446602 -119838.261864208 62949.221780109 9161532952.54387
2811782160 -314492296889649 165201192991706 -119838.260884272 62949.2212653537 9161532952.54387
2812834080 -314618357152524 165267410536269 -119838.259905121 62949.220751011 9161532952.54387
2813886000 -314744417414368 165333628080291 -119838.258926755 62949.2202370802 9161532952.54387
2814937920 -314870477675184 165399845623773 -119838.257949172 62949.2197235609 9161532952.54387
2815989840 -314996537934972 165466063166714 -119838.256972372 62949.2192104527 9161532952.54387
2817041760 -315122598193733 165532280709116 -119838.255996353 62949.218697755 9161532952.54387
2818093680 -315248658451468 165598498250979 -119838.255021114 62949.2181854673 9161532952.54387
2819145600 -315374718708177 165664715792304 -119838.254046656 62949.2176735891 9161532952.54387
2820197520 -315500778963862 165730933333090 -119838.253072976 62949.2171621201 9161532952.54387
2821249440 -315626839218522 165797150873338 -119838.252100073 62949.2166510595 9161532952.54387
2822301360 -315752899472160 165863368413049 -119838.251127948 62949.2161404071 9161532952.54387
2823353280 -315878959724776 165929585952223 -119838.250156599 62949.2156301622 9161532952.54387
2824405200 -316005019976370 165995803490861 -119838.249186024 62949.2151203244 9161532952.54387
2825457120 -316131080226944 166062021028962 -119838.248216224 62949.2146108932 9161532952.54387
2826509040 -316257140476498 166128238566528 -119838.247247196 62949.2141018681 9161532952.54387
2827560960 -316383200725032 166194456103558 -119838.246278941 62949.2135932487 9161532952.54387
2828612880 -316509260972549 166260673640054 -119838.245311457 62949.2130850344 9161532952.54387
2829664800 -316635321219049 166326891176015 -119838.244344744 62949.2125772248 9161532952.54387
2830716720 -316761381464532 166393108711443 -119838.243378799 62949.2120698194 9161532952.54387
2831768640 -316887441708999 166459326246336 -119838.242413624 62949.2115628176 9161532952.54387
2832820560 -317013501952452 166525543780697 -119838.241449216 62949.2110562191 9161532952.54387
2833872480 -317139562194890 166591761314525 -119838.240485574 62949.2105500234 9161532952.54387
2834924400 -317265622436315 166657978847821 -119838.239522699 62949.2100442298 9161532952.54387
2835976320 -317391682676728 166724196380585 -119838.238560588 62949.2095388381 9161532952.54387
2837028240 -317517742916128 166790413912817 -119838.237599242 62949.2090338477 9161532952.54387
2838080160 -317643803154519 166856631444519 -119838.236638658 62949.2085292581 9161532952.54387
2839132080 -317769863391899 166922848975690 -119838.235678836 62949.2080250688 9161532952.54387
2840184000 -317895923628270 166989066506330 -119838.234719776 62949.2075212794 9161532952.54387
2841235920 -318021983863632 167055284036441 -119838.233761476 62949.2070178894 9161532952.54387
2842287840 -318148044097986 167121501566023 -119838.232803935 62949.2065148983 9161532952.54387
2843339760 -318274104331334 167187719095076 -119838.231847153 62949.2060123057 9161532952.54388
2844391680 -318400164563676 167253936623600 -119838.230891129 62949.205510111 9161532952.54388
2845443600 -318526224795013 167320154151596 -119838.229935861 62949.2050083139 9161532952.54388
2846495520 -318652285025345 167386371679065 -119838.228981349 62949.2045069137 9161532952.54388
2847547440 -318778345254673 167452589206006 -119838.228027592 62949.2040059101 9161532952.54388
2848599360 -318904405482998 167518806732421 -119838.227074589 62949.2035053026 9161532952.54387
2849651280 -319030465710322 167585024258309 -119838.226122339 62949.2030050908 9161532952.54387
2850703200 -319156525936644 167651241783671 -119838.225170841 62949.202505274 9161532952.54387
2851755120 -319282586161966 167717459308508 -119838.224220095 62949.202005852 9161532952.54388
2852807040 -319408646386287 167783676832819 -119838.223270099 62949.2015068242 9161532952.54388
2853858960 -319534706609610 167849894356606 -119838.222320852 62949.2010081901 9161532952.54387
2854910880 -319660766831935 167916111879868 -119838.221372355 62949.2005099492 9161532952.54387
2855962800 -319786827053263 167982329402607 -119838.220424605 62949.2000121012 9161532952.54388
2857014720 -319912887273593 168048546924822 -119838.219477602 62949.1995146456 9161532952.54387
2858066640 -320038947492929 168114764446514 -119838.218531345 62949.1990175818 9161532952.54387
2859118560 -320165007711269 168180981967683 -119838.217585833 62949.1985209095 9161532952.54388
2860170480 -320291067928615 168247199488330 -119838.216641066 62949.1980246281 9161532952.54388
2861222400 -320417128144967 168313417008456 -119838.215697041 62949.1975287373 9161532952.54388
2862274320 -320543188360327 168379634528059 -119838.21475376 62949.1970332364 9161532952.54388
2863326240 -320669248574695 168445852047142 -119838.21381122 62949.1965381252 9161532952.54388
2864378160 -320795308788072 168512069565704 -119838.212869421 62949.1960434031 9161532952.54388
2865430080 -320921369000458 168578287083746 -119838.211928361 62949.1955490696 9161532952.54388
2866482000 -321047429211855 168644504601268 -119838.210988041 62949.1950551243 9161532952.54388
2867533920 -321173489422264 168710722118271 -119838.210048459 62949.1945615668 9161532952.54388
2868585840 -321299549631684 168776939634755 -119838.209109614 62949.1940683966 9161532952.54388
2869637760 -321425609840117 168843157150720 -119838.208171505 62949.1935756132 9161532952.54388
2870689680 -321551670047564 168909374666167 -119838.207234132 62949.1930832162 9161532952.54388
2871741600 -321677730254025 168975592181096 -119838.206297494 62949.1925912051 9161532952.54388
2872793520 -321803790459501 169041809695508 -119838.20536159 62949.1920995795 9161532952.54388
2873845440 -321929850663993 169108027209403 -119838.204426418 62949.1916083389 9161532952.54388
2874897360 -322055910867502 169174244722782 -119838.203491979 62949.1911174828 9161532952.54388
2875949280 -322181971070028 169240462235644 -119838.20255827 62949.1906270109 9161532952.54388
2877001200 -322308031271572 169306679747991 -119838.201625293 62949.1901369227 9161532952.54388
2878053120 -322434091472136 169372897259822 -119838.200693044 62949.1896472177 9161532952.54387
2879105040 -322560151671718 169439114771138 -119838.199761525 62949.1891578954 9161532952.54388
2880156960 -322686211870322 169505332281940 -119838.198830733 62949.1886689554 9161532952.54387
2881208880 -322812272067947 169571549792228 -119838.197900668 62949.1881803974 9161532952.54387
2882260800 -322938332264594 169637767302002 -119838.196971329 62949.1876922207 9161532952.54387
2883312720 -323064392460263 169703984811262 -119838.196042716 62949.187204425 9161532952.54387
2884364640 -323190452654956 169770202320010 -119838.195114827 62949.1867170099 9161532952.54388
2885416560 -323316512848674 169836419828245 -119838.194187661 62949.1862299748 9161532952.54387
2886468480 -323442573041416 169902637335968 -119838.193261218 62949.1857433194 9161532952.54388
2887520400 -323568633233185 169968854843179 -119838.192335497 62949.1852570432 9161532952.54387
2888572320 -323694693423980 170035072349879 -119838.191410497 62949.1847711457 9161532952.54387
2889624240 -323820753613802 170101289856068 -119838.190486217 62949.1842856265 9161532952.54387
2890676160 -323946813802653 170167507361747 -119838.189562657 62949.1838004852 9161532952.54388
2891728080 -324072873990532 170233724866915 -119838.188639815 62949.1833157214 9161532952.54388
2892780000 -324198934177441 170299942371574 -119838.187717691 62949.1828313345 9161532952.54388
2893831920 -324324994363380 170366159875723 -119838.186796283 62949.1823473242 9161532952.54387
2894883840 -324451054548351 170432377379364 -119838.185875592 62949.1818636899 9161532952.54387
2895935760 -324577114732353 170498594882496 -119838.184955616 62949.1813804314 9161532952.54387
2896987680 -324703174915388 170564812385119 -119838.184036354 62949.1808975481 9161532952.54388
2898039600 -324829235097456 170631029887235 -119838.183117805 62949.1804150396 9161532952.54388
2899091520 -324955295278559 170697247388844 -119838.182199969 62949.1799329054 9161532952.54388
2900143440 -325081355458696 170763464889945 -119838.181282846 62949.1794511452 9161532952.54388
2901195360 -325207415637869 170829682390540 -119838.180366433 62949.1789697584 9161532952.54387
2902247280 -325333475816078 170895899890629 -119838.17945073 62949.1784887448 9161532952.54387
2903299200 -325459535993325 170962117390212 -119838.178535736 62949.1780081037 9161532952.54387
2904351120 -325585596169609 171028334889290 -119838.177621451 62949.1775278348 9161532952.54387
2905403040 -325711656344932 171094552387863 -119838.176707874 62949.1770479377 9161532952.54387
2906454960 -325837716519295 171160769885931 -119838.175795004 62949.1765684119 9161532952.54387
2907506880 -325963776692697 171226987383494 -119838.17488284 62949.176089257 9161532952.54387
2908558800 -326089836865140 171293204880554 -119838.173971381 62949.1756104726 9161532952.54387
2909610720 -326215897036625 171359422377111 -119838.173060626 62949.1751320582 9161532952.54387
2910662640 -326341957207153 171425639873164 -119838.172150575 62949.1746540135 9161532952.54387
2911714560 -326468017376723 171491857368715 -119838.171241227 62949.1741763379 9161532952.54387
2912766480 -326594077545337 171558074863764 -119838.170332581 62949.173699031 9161532952.54387
2913818400 -326720137712996 171624292358310 -119838.169424636 62949.1732220925 9161532952.54387
2914870320 -326846197879700 171690509852355 -119838.168517391 62949.1727455219 9161532952.54387
2915922240 -326972258045450 171756727345899 -119838.167610846 62949.1722693187 9161532952.54387
2916974160 -327098318210246 171822944838943 -119838.166705 62949.1717934826 9161532952.54387
2918026080 -327224378374090 171889162331485 -119838.165799851 62949.1713180131 9161532952.54387
2919078000 -327350438536983 171955379823528 -119838.1648954 62949.1708429099 9161532952.54387
2920129920 -327476498698924 172021597315072 -119838.163991645 62949.1703681724 9161532952.54387
2921181840 -327602558859915 172087814806116 -119838.163088585 62949.1698938002 9161532952.54387
2922233760 -327728619019957 172154032296661 -119838.162186221 62949.169419793 9161532952.54387
2923285680 -327854679179049 172220249786708 -119838.16128455 62949.1689461503 9161532952.54387
2924337600 -327980739337194 172286467276257 -119838.160383572 62949.1684728717 9161532952.54387
2925389520 -328106799494391 172352684765308 -119838.159483287 62949.1679999568 9161532952.54387
2926441440 -328232859650641 172418902253862 -119838.158583693 62949.1675274051 9161532952.54387
2927493360 -328358919805946 172485119741919 -119838.15768479 62949.1670552163 9161532952.54387
2928545280 -328484979960305 172551337229480 -119838.156786577 62949.1665833898 9161532952.54387
2929597200 -328611040113720 172617554716544 -119838.155889052 62949.1661119254 9161532952.54387
2930649120 -328737100266191 172683772203113 -119838.154992217 62949.1656408226 9161532952.54387
2931701040 -328863160417719 172749989689186 -119838.154096069 62949.1651700809 9161532952.54387
2932752960 -328989220568305 172816207174764 -119838.153200607 62949.1646997 9161532952.54387
2933804880 -329115280717949 172882424659848 -119838.152305832 62949.1642296794 9161532952.54387
2934856800 -329241340866652 172948642144437 -119838.151411741 62949.1637600187 9161532952.54387
2935908720 -329367401014415 173014859628533 -119838.150518335 62949.1632907176 9161532952.54387
2936960640 -329493461161239 173081077112135 -119838.149625613 62949.1628217756 9161532952.54387
2938012560 -329619521307124 173147294595244 -119838.148733574 62949.1623531922 9161532952.54387
2939064480 -329745581452071 173213512077860 -119838.147842216 62949.1618849671 9161532952.54387
2940116400 -329871641596080 173279729559984 -119838.14695154 62949.1614170999 9161532952.54387
2941168320 -329997701739154 173345947041616 -119838.146061544 62949.1609495901 9161532952.54387
2942220240 -330123761881291 173412164522757 -119838.145172228 62949.1604824374 9161532952.54387
2943272160 -330249822022493 173478382003406 -119838.144283591 62949.1600156413 9161532952.54387
2944324080 -330375882162761 173544599483564 -119838.143395632 62949.1595492015 9161532952.54387
2945376000 -330501942302095 173610816963232 -119838.142508351 62949.1590831174 9161532952.54387
2946427920 -330628002440496 173677034442410 -119838.141621746 62949.1586173888 9161532952.54387
2947479840 -330754062577964 173743251921098 -119838.140735817 62949.1581520152 9161532952.54387
2948531760 -330880122714502 173809469399296 -119838.139850562 62949.1576869962 9161532952.54387
2949583680 -331006182850108 173875686877006 -119838.138965983 62949.1572223314 9161532952.54387
2950635600 -331132242984784 173941904354227 -119838.138082076 62949.1567580204 9161532952.54387
2951687520 -331258303118531 174008121830960 -119838.137198843 62949.1562940627 9161532952.54387
2952739440 -331384363251349 174074339307205 -119838.136316281 62949.1558304581 9161532952.54387
2953791360 -331510423383238 174140556782962 -119838.135434391 62949.155367206 9161532952.54387
2954843280 -331636483514201 174206774258233 -119838.134553171 62949.1549043061 9161532952.54387
2955895200 -331762543644237 174272991733016 -119838.13367262 62949.154441758 9161532952.54387
2956947120 -331888603773347 174339209207314 -119838.132792739 62949.1539795613 9161532952.54387
2957999040 -332014663901532 174405426681125 -119838.131913526 62949.1535177155 9161532952.54387
2959050960 -332140724028792 174471644154450 -119838.13103498 62949.1530562203 9161532952.54387
2960102880 -332266784155129 174537861627291 -119838.130157101 62949.1525950753 9161532952.54387
2961154800 -332392844280542 174604079099646 -119838.129279887 62949.1521342801 9161532952.54387
2962206720 -332518904405033 174670296571517 -119838.128403339 62949.1516738343 9161532952.54387
2963258640 -332644964528603 174736514042904 -119838.127527455 62949.1512137374 9161532952.54387
2964310560 -332771024651251 174802731513807 -119838.126652235 62949.1507539891 9161532952.54387
2965362480 -332897084772979 174868948984226 -119838.125777677 62949.1502945891 9161532952.54387
2966414400 -333023144893787 174935166454162 -119838.124903782 62949.1498355368 9161532952.54387
2967466320 -333149205013677 175001383923616 -119838.124030548 62949.1493768319 9161532952.54387
2968518240 -333275265132648 175067601392588 -119838.123157974 62949.148918474 9161532952.54387
2969570160 -333401325250702 175133818861077 -119838.122286061 62949.1484604628 9161532952.54387
2970622080 -333527385367838 175200036329085 -119838.121414806 62949.1480027977 9161532952.54387
2971674000 -333653445484059 175266253796611 -119838.12054421 62949.1475454785 9161532952.54387
2972725920 -333779505599364 175332471263657 -119838.119674272 62949.1470885048 9161532952.54387
2973777840 -333905565713755 175398688730222 -119838.11880499 62949.1466318761 9161532952.54387
2974829760 -334031625827231 175464906196307 -119838.117936364 62949.146175592 9161532952.54387
2975881680 -334157685939794 175531123661912 -119838.117068394 62949.1457196522 9161532952.54387
2976933600 -334283746051445 175597341127038 -119838.116201078 62949.1452640563 9161532952.54387
2977985520 -334409806162183 175663558591685 -119838.115334417 62949.1448088038 9161532952.54387
2979037440 -334535866272010 175729776055853 -119838.114468408 62949.1443538945 9161532952.54387
2980089360 -334661926380927 175795993519542 -119838.113603052 62949.1438993278 9161532952.54387
2981141280 -334787986488933 175862210982754 -119838.112738348 62949.1434451035 9161532952.54387
2982193200 -334914046596030 175928428445488 -119838.111874294 62949.1429912212 9161532952.54387
2983245120 -335040106702219 175994645907745 -119838.111010891 62949.1425376804 9161532952.54387
2984297040 -335166166807500 176060863369525 -119838.110148137 62949.1420844807 9161532952.54387
2985348960 -335292226911873 176127080830828 -119838.109286032 62949.1416316218 9161532952.54387
2986400880 -335418287015340 176193298291655 -119838.108424575 62949.1411791034 9161532952.54387
2987452800 -335544347117901 176259515752006 -119838.107563765 62949.1407269249 9161532952.54387
2988504720 -335670407219557 176325733211882 -119838.106703601 62949.1402750861 9161532952.54387
2989556640 -335796467320309 176391950671283 -119838.105844084 62949.1398235865 9161532952.54387
2990608560 -335922527420157 176458168130209 -119838.104985212 62949.1393724258 9161532952.54387
2991660480 -336048587519101 176524385588660 -119838.104126984 62949.1389216035 9161532952.54387
2992712400 -336174647617143 176590603046637 -119838.103269399 62949.1384711194 9161532952.54387
2993764320 -336300707714284 176656820504141 -119838.102412458 62949.138020973 9161532952.54387
2994816240 -336426767810523 176723037961172 -119838.101556158 62949.1375711639 9161532952.54387
2995868160 -336552827905862 176789255417729 -119838.100700501 62949.1371216918 9161532952.54387
2996920080 -336678888000301 176855472873814 -119838.099845484 62949.1366725563 9161532952.54387
2997972000 -336804948093841 176921690329426 -119838.098991107 62949.136223757 9161532952.54387
2999023920 -336931008186483 176987907784567 -119838.098137369 62949.1357752935 9161532952.54387
3000075840 -337057068278227 177054125239236 -119838.09728427 62949.1353271655 9161532952.54387
3001127760 -337183128369074 177120342693434 -119838.096431808 62949.1348793725 9161532952.54387
3002179680 -337309188459024 177186560147161 -119838.095579984 62949.1344319143 9161532952.54387
3003231600 -337435248548079 177252777600417 -119838.094728797 62949.1339847904 9161532952.54387
3004283520 -337561308636238 177318995053203 -119838.093878245 62949.1335380004 9161532952.54387
3005335440 -337687368723504 177385212505520 -119838.093028328 62949.133091544 9161532952.54387
3006387360 -337813428809875 177451429957367 -119838.092179045 62949.1326454208 9161532952.54387
3007439280 -337939488895354 177517647408745 -119838.091330397 62949.1321996305 9161532952.54387
3008491200 -338065548979940 177583864859654 -119838.09048238 62949.1317541726 9161532952.54387
3009543120 -338191609063635 177650082310094 -119838.089634997 62949.1313090468 9161532952.54387
3010595040 -338317669146438 177716299760067 -119838.088788244 62949.1308642527 9161532952.54387
3011646960 -338443729228351 177782517209572 -119838.087942123 62949.13041979 9161532952.54387
3012698880 -338569789309374 177848734658610 -119838.087096631 62949.1299756582 9161532952.54387
3013750800 -338695849389509 177914952107180 -119838.086251769 62949.129531857 9161532952.54387
3014802720 -338821909468754 177981169555284 -119838.085407536 62949.1290883861 9161532952.54387
3015854640 -338947969547113 178047387002922 -119838.08456393 62949.1286452451 9161532952.54387
3016906560 -339074029624584 178113604450093 -119838.083720952 62949.1282024335 9161532952.54387
3017958480 -339200089701168 178179821896799 -119838.0828786 62949.1277599511 9161532952.54387
3019010400 -339326149776867 178246039343040 -119838.082036874 62949.1273177974 9161532952.54387
3020062320 -339452209851681 178312256788815 -119838.081195774 62949.1268759722 9161532952.54387
3021114240 -339578269925610 178378474234127 -119838.080355297 62949.126434475 9161532952.54387
3022166160 -339704329998656 178444691678973 -119838.079515445 62949.1259933054 9161532952.54387
3023218080 -339830390070818 178510909123356 -119838.078676216 62949.1255524632 9161532952.54387
3024270000 -339956450142098 178577126567276 -119838.077837609 62949.1251119479 9161532952.54387
3025321920 -340082510212496 178643344010732 -119838.076999623 62949.1246717591 9161532952.54387
3026373840 -340208570282013 178709561453725 -119838.076162259 62949.1242318966 9161532952.54387
3027425760 -340334630350650 178775778896256 -119838.075325515 62949.12379236 9161532952.54387
3028477680 -340460690418406 178841996338325 -119838.074489391 62949.1233531488 9161532952.54387
3029529600 -340586750485284 178908213779932 -119838.073653886 62949.1229142628 9161532952.54387
3030581520 -340712810551283 178974431221077 -119838.072818998 62949.1224757015 9161532952.54387
3031633440 -340838870616404 179040648661761 -119838.071984729 62949.1220374646 9161532952.54387
3032685360 -340964930680647 179106866101984 -119838.071151076 62949.1215995518 9161532952.54387
3033737280 -341090990744014 179173083541747 -119838.07031804 62949.1211619626 9161532952.54387
3034789200 -341217050806505 179239300981050 -119838.069485619 62949.1207246968 9161532952.54387
3035841120 -341343110868121 179305518419893 -119838.068653813 62949.120287754 9161532952.54387
3036893040 -341469170928862 179371735858276 -119838.067822621 62949.1198511338 9161532952.54387
3037944960 -341595230988729 179437953296200 -119838.066992042 62949.1194148358 9161532952.54387
3038996880 -341721291047723 179504170733666 -119838.066162077 62949.1189788598 9161532952.54387
3040048800 -341847351105844 179570388170673 -119838.065332723 62949.1185432052 9161532952.54387
3041100720 -341973411163093 179636605607222 -119838.064503981 62949.1181078719 9161532952.54387
3042152640 -342099471219470 179702823043313 -119838.063675849 62949.1176728594 9161532952.54387
3043204560 -342225531274977 179769040478947 -119838.062848328 62949.1172381674 9161532952.54387
3044256480 -342351591329613 179835257914124 -119838.062021416 62949.1168037955 9161532952.54387
3045308400 -342477651383380 179901475348844 -119838.061195113 62949.1163697433 9161532952.54387
3046360320 -342603711436278 179967692783107 -119838.060369418 62949.1159360106 9161532952.54387
3047412240 -342729771488308 180033910216915 -119838.05954433 62949.115502597 9161532952.54387
3048464160 -342855831539470 180100127650266 -119838.05871985 62949.115069502 9161532952.54387
3049516080 -342981891589765 180166345083162 -119838.057895975 62949.1146367255 9161532952.54387
3050568000 -343107951639194 180232562515604 -119838.057072705 62949.1142042669 9161532952.54387
3051619920 -343234011687757 180298779947590 -119838.05625004 62949.113772126 9161532952.54388
3052671840 -343360071735456 180364997379122 -119838.05542798 62949.1133403024 9161532952.54387
3053723760 -343486131782289 180431214810200 -119838.054606522 62949.1129087958 9161532952.54387
3054775680 -343612191828259 180497432240824 -119838.053785668 62949.1124776057 9161532952.54388
3055827600 -343738251873366 180563649670995 -119838.052965415 62949.112046732 9161532952.54388
3056879520 -343864311917610 180629867100713 -119838.052145764 62949.1116161742 9161532952.54388
3057931440 -343990371960992 180696084529978 -119838.051326714 62949.1111859319 9161532952.54387
3058983360 -344116432003514 180762301958790 -119838.050508263 62949.1107560048 9161532952.54387
3060035280 -344242492045174 180828519387151 -119838.049690412 62949.1103263927 9161532952.54388
3061087200 -344368552085974 180894736815060 -119838.04887316 62949.109897095 9161532952.54387
3062139120 -344494612125915 180960954242517 -119838.048056506 62949.1094681116 9161532952.54388
3063191040 -344620672164998 181027171669523 -119838.04724045 62949.1090394419 9161532952.54387
3064242960 -344746732203222 181093389096078 -119838.04642499 62949.1086110858 9161532952.54387
3065294880 -344872792240589 181159606522183 -119838.045610126 62949.1081830428 9161532952.54387
3066346800 -344998852277099 181225823947838 -119838.044795858 62949.1077553127 9161532952.54387
3067398720 -345124912312752 181292041373044 -119838.043982185 62949.107327895 9161532952.54387
3068450640 -345250972347550 181358258797799 -119838.043169106 62949.1069007894 9161532952.54387
3069502560 -345377032381493 181424476222106 -119838.04235662 62949.1064739956 9161532952.54387
3070554480 -345503092414582 181490693645964 -119838.041544727 62949.1060475133 9161532952.54387
3071606400 -345629152446817 181556911069373 -119838.040733427 62949.105621342 9161532952.54387
3072658320 -345755212478199 181623128492334 -119838.039922718 62949.1051954815 9161532952.54387
3073710240 -345881272508728 181689345914847 -119838.0391126 62949.1047699314 9161532952.54387
3074762160 -346007332538406 181755563336913 -119838.038303072 62949.1043446914 9161532952.54387
3075814080 -346133392567232 181821780758532 -119838.037494134 62949.1039197612 9161532952.54387
3076866000 -346259452595208 181887998179704 -119838.036685785 62949.1034951403 9161532952.54387
3077917920 -346385512622333 181954215600429 -119838.035878025 62949.1030708286 9161532952.54387
3078969840 -346511572648610 182020433020709 -119838.035070852 62949.1026468255 9161532952.54387
3080021760 -346637632674037 182086650440542 -119838.034264266 62949.1022231308 9161532952.54387
3081073680 -346763692698616 182152867859930 -119838.033458267 62949.1017997442 9161532952.54387
3082125600 -346889752722348 182219085278872 -119838.032652853 62949.1013766653 9161532952.54387
3083177520 -347015812745233 182285302697370 -119838.031848025 62949.1009538938 9161532952.54387
3084229440 -347141872767271 182351520115423 -119838.031043781 62949.1005314294 9161532952.54387
3085281360 -347267932788464 182417737533032 -119838.030240121 62949.1001092716 9161532952.54387
3086333280 -347393992808812 182483954950197 -119838.029437044 62949.0996874203 9161532952.54387
3087385200 -347520052828315 182550172366919 -119838.02863455 62949.099265875 9161532952.54387
3088437120 -347646112846975 182616389783197 -119838.027832637 62949.0988446354 9161532952.54387
3089489040 -347772172864791 182682607199032 -119838.027031307 62949.0984237011 9161532952.54387
3090540960 -347898232881764 182748824614425 -119838.026230556 62949.098003072 9161532952.54387
3091592880 -348024292897896 182815042029375 -119838.025430386 62949.0975827475 9161532952.54387
3092644800 -348150352913186 182881259443883 -119838.024630796 62949.0971627274 9161532952.54387
3093696720 -348276412927635 182947476857950 -119838.023831784 62949.0967430114 9161532952.54387
3094748640 -348402472941244 183013694271575 -119838.023033351 62949.0963235992 9161532952.54387
3095800560 -348528532954014 183079911684760 -119838.022235495 62949.0959044903 9161532952.54387
3096852480 -348654592965945 183146129097503 -119838.021438215 62949.0954856845 9161532952.54387
3097904400 -348780652977037 183212346509806 -119838.020641513 62949.0950671814 9161532952.54387
3098956320 -348906712987291 183278563921669 -119838.019845386 62949.0946489807 9161532952.54387
3100008240 -349032772996708 183344781333093 -119838.019049834 62949.0942310821 9161532952.54387
3101060160 -349158833005289 183410998744077 -119838.018254856 62949.0938134853 9161532952.54387
3102112080 -349284893013034 183477216154621 -119838.017460453 62949.0933961899 9161532952.54387
3103164000 -349410953019943 183543433564727 -119838.016666622 62949.0929791956 9161532952.54387
3104215920 -349537013026018 183609650974395 -119838.015873364 62949.0925625021 9161532952.54387
3105267840 -349663073031259 183675868383624 -119838.015080678 62949.092146109 9161532952.54387
3106319760 -349789133035666 183742085792416 -119838.014288564 62949.0917300161 9161532952.54387
3107371680 -349915193039240 183808303200770 -119838.01349702 62949.091314223 9161532952.54387
3108423600 -350041253041981 183874520608686 -119838.012706046 62949.0908987293 9161532952.54387
3109475520 -350167313043891 183940738016166 -119838.011915642 62949.0904835348 9161532952.54387
3110527440 -350293373044970 184006955423209 -119838.011125806 62949.0900686392 9161532952.54387
3111579360 -350419433045219 184073172829816 -119838.010336539 62949.089654042 9161532952.54387
3112631280 -350545493044637 184139390235987 -119838.00954784 62949.089239743 9161532952.54387
3113683200 -350671553043226 184205607641722 -119838.008759707 62949.0888257419 9161532952.54387
3114735120 -350797613040986 184271825047022 -119838.007972142 62949.0884120384 9161532952.54387
3115787040 -350923673037918 184338042451887 -119838.007185141 62949.0879986321 9161532952.54387
3116838960 -351049733034023 184404259856317 -119838.006398706 62949.0875855226 9161532952.54387
3117890880 -351175793029300 184470477260313 -119838.005612836 62949.0871727098 9161532952.54387
3118942800 -351301853023751 184536694663875 -119838.00482753 62949.0867601932 9161532952.54387
3119994720 -351427913017377 184602912067003 -119838.004042787 62949.0863479726 9161532952.54387
3121046640 -351553973010177 184669129469697 -119838.003258607 62949.0859360476 9161532952.54387
3122098560 -351680033002153 184735346871959 -119838.002474989 62949.0855244179 9161532952.54387
3123150480 -351806092993304 184801564273787 -119838.001691932 62949.0851130832 9161532952.54387
3124202400 -351932152983632 184867781675183 -119838.000909437 62949.0847020432 9161532952.54387
3125254320 -352058212973138 184933999076147 -119838.000127502 62949.0842912975 9161532952.54387
3126306240 -352184272961821 185000216476679 -119837.999346126 62949.0838808459 9161532952.54387
3127358160 -352310332949682 185066433876779 -119837.99856531 62949.083470688 9161532952.54387
3128410080 -352436392936723 185132651276448 -119837.997785053 62949.0830608236 9161532952.54387
3129462000 -352562452922942 185198868675686 -119837.997005353 62949.0826512522 9161532952.54387
3130513920 -352688512908342 185265086074493 -119837.996226211 62949.0822419736 9161532952.54387
3131565840 -352814572892923 185331303472870 -119837.995447625 62949.0818329875 9161532952.54387
3132617760 -352940632876685 185397520870816 -119837.994669596 62949.0814242935 9161532952.54387
3133669680 -353066692859629 185463738268333 -119837.993892122 62949.0810158914 9161532952.54387
3134721600 -353192752841755 185529955665421 -119837.993115203 62949.0806077808 9161532952.54387
3135773520 -353318812823065 185596173062079 -119837.992338839 62949.0801999614 9161532952.54387
3136825440 -353444872803558 185662390458309 -119837.991563028 62949.079792433 9161532952.54387
3137877360 -353570932783235 185728607854110 -119837.990787771 62949.0793851951 9161532952.54387
3138929280 -353696992762097 185794825249483 -119837.990013066 62949.0789782475 9161532952.54387
3139981200 -353823052740144 185861042644428 -119837.989238914 62949.0785715899 9161532952.54387
3141033120 -353949112717378 185927260038945 -119837.988465312 62949.078165222 9161532952.54387
3142085040 -354075172693797 185993477433035 -119837.987692262 62949.0777591434 9161532952.54387
3143136960 -354201232669404 186059694826698 -119837.986919762 62949.0773533538 9161532952.54387
3144188880 -354327292644199 186125912219934 -119837.986147811 62949.076947853 9161532952.54387
3145240800 -354453352618182 186192129612744 -119837.98537641 62949.0765426407 9161532952.54387
3146292720 -354579412591353 186258347005128 -119837.984605557 62949.0761377164 9161532952.54387
3147344640 -354705472563714 186324564397086 -119837.983835252 62949.07573308 9161532952.54387
3148396560 -354831532535265 186390781788618 -119837.983065494 62949.075328731 9161532952.54387
3149448480 -354957592506007 186456999179725 -119837.982296283 62949.0749246693 9161532952.54387
3150500400 -355083652475940 186523216570408 -119837.981527618 62949.0745208945 9161532952.54387
3151552320 -355209712445064 186589433960666 -119837.980759499 62949.0741174063 9161532952.54387
3152604240 -355335772413381 186655651350499 -119837.979991924 62949.0737142043 9161532952.54387
3153656160 -355461832380891 186721868739908 -119837.979224895 62949.0733112883 9161532952.54387
3154708080 -355587892347594 186788086128894 -119837.978458409 62949.0729086581 9161532952.54387
3155760000 -355713952313491 186854303517457 -119837.977692466 62949.0725063131 9161532952.54387
