0 1556958000000 0 -11000 2000 -22756327.2740819 105192
894717.488327069 1555800584889.89 210383986.33895 -11005.7644167263 1999.9996102518 -22756327.2740819 894717.488327069
1487836.59106328 1549263182640.52 1396618183.65567 -11038.4281024346 1999.98267906436 -22756327.2740804 593119.102736214
2078061.86109878 1542738363403.84 2577047317.89313 -11071.2075644885 1999.94052616454 -22756327.274079 590225.270035493
2665104.06785931 1536229460148.22 3751078243.55583 -11104.0867296564 1999.87292364345 -22756327.2740774 587042.20676053
3248684.36359147 1529739729266.86 4918138749.71187 -11137.0495489513 1999.77969227612 -22756327.2740759 583580.295732163
3828808.49681017 1523269286147.16 6078225964.75724 -11170.0956952874 1999.66063913785 -22756327.2740743 580124.133218697
4405754.91130109 1516815191598.11 7231882429.3235 -11203.2405565554 1999.51549685636 -22756327.2740728 576946.414490928
4979250.48302261 1510380668351.89 8378547879.1387 -11236.4679462831 1999.34412469328 -22756327.2740712 573495.57172152
5549570.92263914 1503962791408.87 9518759586.25331 -11269.7933198657 1999.14623152671 -22756327.2740696 570320.439616526
6116714.12456814 1497561740406.87 10652499408.3064 -11303.2162133374 1998.92159047957 -22756327.274068 567143.201928996
6680147.59623899 1491183709244.57 11778689261.8393 -11336.7044765671 1998.67022570081 -22756327.2740664 563433.471670858
7240415.22160554 1484822725782.19 12898402807.5215 -11370.2896457612 1998.39170871234 -22756327.2740648 560267.625366549
7797779.64628512 1478475953283.75 14012151321.8146 -11403.9872641439 1998.0856626187 -22756327.2740631 557364.424679575
8351708.74308529 1472149611094.36 15118858105.7662 -11437.7647269225 1997.75215500023 -22756327.2740615 553929.096800174
8902470.24048918 1465840816016.97 16219044947.5664 -11471.6376949909 1997.39082212106 -22756327.2740598 550761.497403888
9450063.88503211 1459549733090.26 17312698244.0034 -11505.6056699384 1997.00144149977 -22756327.2740581 547593.644542932
9994490.09329344 1453276520830.59 18399805874.6515 -11539.668168376 1996.58379135282 -22756327.2740564 544426.208261327
10535749.3567056 1447021338014.7 19480356015.8482 -11573.8246853774 1996.13765103613 -22756327.2740547 541259.263412209
11073589.6292823 1440787276014.76 20553833014.9851 -11608.058545763 1995.66303151664 -22756327.2740529 537840.272576651
11608525.0727241 1434568541522.66 21621250588.6652 -11642.401892018 1995.15926105613 -22756327.2740512 534935.443441833
12140297.8583118 1428368286168.42 22682081727.8737 -11676.8377701787 1994.62634319349 -22756327.2740494 531772.785587704
12669159.7853053 1422183729817.47 23736816350.6401 -11711.3820553736 1994.06378759754 -22756327.2740477 528861.926993428
13194609.1944661 1416020908805.9 24784441945.6978 -11746.0013093016 1993.47191478685 -22756327.2740458 525449.409160822
13717149.4631255 1409874090170.06 25825950260.7194 -11780.7279987186 1992.84994614741 -22756327.274044 522540.268659369
14236775.0610932 1403743485238.08 26861318103.7865 -11815.5614567392 1992.19763051038 -22756327.2740422 519625.597967727
14753237.4322774 1397632187182.38 27890038438.8438 -11850.4844748739 1991.51504809587 -22756327.2740403 516462.371184222
15266540.8355025 1391540320271.84 28912108378.234 -11885.4965502359 1990.80198773491 -22756327.2740384 513303.403225081
15776929.6123326 1385465147505.96 29928002984.4691 -11920.613747012 1990.05788140251 -22756327.2740365 510388.776830069
16284399.1991489 1379406874604.5 30937701607.1833 -11955.8353344689 1989.2824839983 -22756327.2740346 507469.586816365
16788946.3510621 1373365693251.26 31941186378.5771 -11991.1606368332 1988.4755507023 -22756327.2740327 504547.151913225
17290332.327094 1367344628946.21 32937971510.9657 -12026.5722375603 1987.63724135826 -22756327.2740307 501385.976031886
17788797.1437681 1361340967443.85 33928523381.5513 -12062.0863566799 1986.76693473463 -22756327.2740288 498464.816674041
18284338.4596282 1355354893586.22 34912826414.9364 -12097.7022847836 1985.86439083126 -22756327.2740268 495541.315860101
18776954.0424674 1349386592393.87 35890865422.8664 -12133.4192847787 1984.92937192975 -22756327.2740248 492615.582839189
19266642.9874437 1343436234233.33 36862628024.9111 -12169.2366808533 1983.96164028406 -22756327.2740228 489688.94497633
19753176.2871011 1337506774815.34 37827649695.6169 -12205.1368582619 1982.96143868489 -22756327.2740208 486533.299657436
20237017.4287597 1331592727099.4 38786839504.9342 -12241.1533464069 1981.92757897259 -22756327.2740187 483841.141658606
20717929.8222056 1325697133475.86 39739718012.3624 -12277.2680528074 1980.86030610479 -22756327.2740166 480912.393445824
21196138.6804896 1319817385270.64 40686721213.2762 -12313.4973698382 1979.75886248625 -22756327.2740145 478208.858284027
21671412.9367717 1313956477283.18 41627381460.485 -12349.8232343943 1978.62352536049 -22756327.2740124 475274.256282117
22143976.4438425 1308111804326.49 42562131914.5301 -12386.2621614013 1977.45350772239 -22756327.2740103 472563.507070806
22613602.4283421 1302286327778.41 43490514303.5085 -12422.7960341406 1976.24912163368 -22756327.2740082 469625.984499625
23080512.1601347 1296477460999.36 44412956522.3925 -12459.4413983543 1975.00955312238 -22756327.274006 466909.731792586
23544700.5889417 1290685414226.34 45329438846.4371 -12496.1973823906 1973.73454202154 -22756327.2740038 464188.428806987
24006161.5715145 1284910413269.69 46239939583.2008 -12533.0629828934 1972.42383492663 -22756327.2740016 461460.982572806
24464674.4387514 1279155382586.55 47144014392.7559 -12570.0197801217 1971.07782282902 -22756327.2739993 458512.867236851
24920459.0955427 1273417726151.47 48042088123.577 -12607.0846719358 1969.69562752192 -22756327.2739971 455784.656791343
25373511.009032 1267697654393.3 48934142844.4282 -12644.2566598351 1968.27700185354 -22756327.2739948 453051.913489273
25823827.0144844 1261995362238 49820163521.3048 -12681.5348123391 1966.82169857297 -22756327.2739925 450316.005452429
26271405.3100115 1256311028932.9 50700138002.5583 -12718.9182684912 1965.32946991752 -22756327.2739902 447578.295527137
26716243.0003001 1250644849135.77 51574052190.1158 -12756.4060339959 1963.80007573018 -22756327.2739878 444837.690288526
27158546.7324668 1244994338253.63 52442303369.4733 -12794.0149666645 1962.23252647991 -22756327.2739855 442303.73216674
27598306.3911132 1239359763167.59 53304862707.9129 -12831.7438416759 1960.62654963551 -22756327.2739831 439759.658646416
28035307.6827519 1233744021057.3 54161301613.9666 -12869.573619808 1958.98265789625 -22756327.2739806 437001.291638635
28469552.0141033 1228147258570.16 55011615290.6514 -12907.5034854643 1957.30061449921 -22756327.2739782 434244.331351419
28901444.6844013 1222564394773.73 55856588991.0359 -12945.5683441859 1955.57855272395 -22756327.2739757 431892.67029806
29330568.7371174 1217000964064.77 56695398795.7386 -12983.7309031124 1953.81784304399 -22756327.2739732 429124.052716071
29756926.0362911 1211457111788.08 57528041461.7878 -13021.9902511332 1952.01826123868 -22756327.2739707 426357.29917367
30180918.0969135 1205927764689.13 58355293354.6775 -13060.3817902946 1950.17782836232 -22756327.2739682 423992.060622409
30602331.5235266 1200415843610 59176730027.5223 -13098.8857646811 1948.29715543303 -22756327.2739656 421413.426613073
31021161.1419177 1194921567872.12 59992334093.2838 -13137.5009657688 1946.37599273768 -22756327.273963 418829.618391127
31437404.40283 1189445124189.7 60802093508.6472 -13176.2263755379 1944.41408417139 -22756327.2739604 416243.26091227
31851251.9614163 1183984147652.83 61606371737.7318 -13215.079149489 1942.41023068779 -22756327.2739578 413847.558586377
32262307.4137425 1178544025740.91 62404391785.6283 -13254.0211898066 1940.36609493536 -22756327.2739552 411055.452326148
32670961.5021016 1173119745348.17 63196905841.4454 -13293.0885857749 1938.27948197048 -22756327.2739525 408654.088359085
33077014.4711368 1167714106162.7 63983519745.2829 -13332.2615182453 1936.15112634691 -22756327.2739498 406052.969035233
33480842.1710408 1162322243620.9 64764954457.5249 -13371.5757207239 1933.97873933757 -22756327.273947 403827.699903965
33882051.9353526 1156949541708.95 65540443247.4534 -13410.9923806684 1931.76412143393 -22756327.2739443 401209.764311827
34280832.7760186 1151593623619.2 66310345421.7404 -13450.5291742569 1929.50596354169 -22756327.2739415 398780.840665983
34677176.108626 1146254749446.98 67074637983.3035 -13490.1845604826 1927.20401406709 -22756327.2739387 396343.332607448
35071074.7724977 1140933162537.74 67833300956.1705 -13529.9570733372 1924.85802151236 -22756327.2739359 393898.663871673
35462525.48007 1135629055983.65 68586322085.4825 -13569.8455774257 1922.4677187265 -22756327.273933 391450.707572259
35851704.90265 1130340175362.91 69334034888.3093 -13609.8674757879 1920.03170453678 -22756327.2739302 389179.422580009
36238596.7059038 1125066873601.17 70076401248.7565 -13650.0206795896 1917.54972475354 -22756327.2739272 386891.803253855
36623013.534759 1119811848642.57 70813055882.1375 -13690.2850094181 1915.02267562643 -22756327.2739243 384416.828855213
37004954.107186 1114575274876.34 71543991470.7731 -13730.6592833721 1912.45030944978 -22756327.2739213 381940.572427008
37384591.0295923 1109354933482.1 72269533047.4635 -13771.1609051262 1909.83117117874 -22756327.2739182 379636.92240624
37761916.1384122 1104151075588.21 72989659291.1018 -13811.7883619872 1907.16498839249 -22756327.2739152 377325.108819911
38136747.6414947 1098966359970.26 73704018502.8504 -13852.5211150857 1904.45276912682 -22756327.2739121 374831.50308247
38509346.5046879 1093797324844.79 74413103188.2281 -13893.3866348145 1901.6923331795 -22756327.273909 372598.863193215
38879615.6546259 1088645455974.19 75116723310.9016 -13934.3735909009 1898.88407021521 -22756327.2739059 370269.149938048
39247633.0034058 1083509810670.01 75815021915.0417 -13975.4898557832 1896.02706877199 -22756327.2739027 368017.348779889
39613305.5199002 1078391830629.67 76507817749.7669 -14016.7242181079 1893.12173932197 -22756327.2738995 365672.51649444
39976794.6052302 1073289397234.48 77195411791.6652 -14058.0941263712 1890.16647340043 -22756327.2738963 363489.085329912
40338002.7045239 1068204017451.68 77877614626.3808 -14099.5877848873 1887.16172487987 -22756327.273893 361208.099293742
40696924.6196876 1063135909540.37 78554412238.8766 -14141.2036984654 1884.10723139133 -22756327.2738897 358921.915163678
41053637.8657504 1058084120680.89 79225946493.3507 -14182.950029558 1881.00201197577 -22756327.2738864 356713.246062784
41408134.0953147 1053048907629.9 79892197276.5701 -14224.8250456408 1877.84580269842 -22756327.2738831 354496.229564366
41760323.7798429 1048031687873.9 80552992615.6827 -14266.8172103286 1874.63909854937 -22756327.2738797 352189.684528137
42110366.7101937 1043030327632.19 81208628502.0407 -14308.9446870252 1871.38012667972 -22756327.2738763 350042.930350777
42458251.6445556 1038045121862.46 81859079568.4804 -14351.2054394531 1868.06863322954 -22756327.2738728 347884.934361896
42803967.5754293 1033076365162.19 82504321249.3924 -14393.5973676207 1864.70437598771 -22756327.2738693 345715.930873732
43147503.7333288 1028124351688.48 83144329794.2119 -14436.1183072149 1861.28712482484 -22756327.2738658 343536.157899533
43488852.0234877 1023189339849.26 83779086800.8458 -14478.7663344337 1857.81663712247 -22756327.2738623 341348.290158899
43828085.2562566 1018270415726.6 84408724241.1562 -14521.5496920611 1854.29183380648 -22756327.2738587 339233.232768868
44165192.2873857 1013367876829.23 85033217914.4873 -14564.4661844375 1850.71247669575 -22756327.273855 337107.03112915
44500162.2168627 1008482020138.86 85652544460.103 -14607.5135493758 1847.07834057769 -22756327.2738514 334969.929476996
44833065.9640684 1003611946947.48 86266831738.3649 -14650.7000895677 1843.38829978159 -22756327.2738477 332903.747205625
45163892.0600694 998757958029.496 86876055225.8612 -14694.0235696896 1839.64210958034 -22756327.273844 330826.096001066
45492551.2134406 993921504166.661 87480047928.9016 -14737.471316747 1835.84045139463 -22756327.2738402 328659.153371161
45819193.4910234 989100514863.355 88079082965.5636 -14781.0622555394 1831.98124361053 -22756327.2738364 326642.27758278
46143730.0124546 984296436923.664 88672994561.3212 -14824.7836782385 1828.06517429905 -22756327.2738325 324536.521431232
46466301.0796759 979507326204.788 89262036626.4634 -14868.6536927577 1824.09017440806 -22756327.2738286 322571.067221295
46786744.6621249 974735723621.084 89845910803.918 -14912.6493794496 1820.05787929192 -22756327.2738248 320443.58244905
47105128.6880377 969980760312.207 90424739200.0057 -14956.778949638 1815.96711633732 -22756327.2738208 318384.025912742
47421519.8658406 965241574892.631 90998640859.7155 -15001.050748331 1811.81666426748 -22756327.2738169 316391.177802903
47735906.6529202 960518472607.692 91567592515.1662 -15045.4623205918 1807.60629445478 -22756327.2738128 314386.787079655
48048277.7654737 955811757964.584 92131571801.1199 -15090.0111385763 1803.33579383569 -22756327.2738087 312371.112553418
48358624.5817634 951121698326.001 92690561584.8505 -15134.6949480986 1799.00493160536 -22756327.2738046 310346.816289749
48667009.4211894 946447486893.425 93244672454.1698 -15179.5217567214 1794.61247380841 -22756327.2738004 308384.839425995
48973423.1768919 941789394248.393 93793886287.9191 -15224.4893353018 1790.15816995747 -22756327.2737963 306413.755702447
49277852.199849 937147763089.031 94338177266.5287 -15269.5946772854 1785.64185548531 -22756327.273792 304429.022957145
49580357.1763503 932521801282.246 94877652472.5654 -15314.8458193029 1781.06225334517 -22756327.2737877 302504.976501255
49880995.2904988 927910760621.997 95412411906.895 -15360.250563594 1776.41807400565 -22756327.2737834 300638.114148545
50179681.0572384 923316081523.976 95942301973.9286 -15405.7951377598 1771.71023388276 -22756327.2737791 298685.766739634
50476476.0128423 918736949395.954 96467430719.4011 -15451.4879614037 1766.93737705764 -22756327.2737746 296794.955603863
50771298.5962117 914174757138.352 96987653116.6205 -15497.3154163487 1762.10044696795 -22756327.2737702 294822.58336944
51064209.8635186 909628697012.217 97503076596.5532 -15543.2858317302 1757.1980921851 -22756327.2737657 292911.267306857
51355333.9508964 905096967817.921 98013918196.1376 -15589.4178936233 1752.22780126255 -22756327.2737611 291124.087377823
51644452.9021872 900583095364.653 98519795020.9464 -15635.6760005243 1747.19291702593 -22756327.2737565 289118.951290793
51931762.9343707 896084151860.648 99021050377.8551 -15682.090379446 1742.08966341541 -22756327.2737519 287310.032183474
52217247.0038308 891600528508.419 99517653418.1567 -15728.6574722286 1736.91789924867 -22756327.2737472 285484.06946015
52500890.7513429 887132578418.199 100009578543.614 -15775.3740070291 1731.67746463364 -22756327.2737425 283643.74751209
52782684.8415327 882680578997.323 100496809390.954 -15822.2374066359 1726.36813300897 -22756327.2737377 281794.090189782
53062679.2391941 878243869474.099 100979432120.999 -15869.2549840787 1720.98855005896 -22756327.2737328 279994.3976614
53340859.5642176 873822804922.009 101457421696.921 -15916.4233602251 1715.53856776342 -22756327.273728 278180.325023532
53617216.4474849 869417664236.296 101930762230.386 -15963.7398685815 1710.01796754823 -22756327.273723 276356.883267283
53891800.8611149 865027763070.073 102399541163.393 -16011.2122060315 1704.42531393436 -22756327.273718 274584.41362999
54164598.4101446 860653458217.589 102863734023.17 -16058.8368893943 1698.76047034745 -22756327.273713 272797.549029657
54435535.8488857 856296058202.614 103323217298.271 -16106.5998560482 1693.02459032715 -22756327.273708 270937.438741129
54704792.9552915 851952799226.194 103778296362.932 -16154.5317388037 1687.21344528899 -22756327.2737028 269257.106405804
54972228.3752864 847626087281.398 104228732747.741 -16202.6063551596 1681.32964968324 -22756327.2736976 267435.419994913
55237954.0421186 843314240532.771 104674715944.921 -16250.8426739074 1675.37033212026 -22756327.2736924 265725.666832157
55501955.3090399 839017619806.653 105116221751.561 -16299.2370829462 1669.33536000176 -22756327.2736871 264001.266921368
55764220.1672644 834736546723.163 105553230976.57 -16347.7862993197 1663.22457336079 -22756327.2736818 262264.8582245
56024795.9071655 830470374039.759 105985823265.484 -16396.498033313 1657.03642211148 -22756327.2736764 260575.739901052
56283609.3851776 826220426965.384 106413878559.534 -16445.3574366009 1650.77222295616 -22756327.273671 258813.478012126
56540768.108263 821985066411.308 106837575996.094 -16494.3836653378 1644.42894023256 -22756327.2736655 257158.723085387
56796254.9589051 817764695028.201 107256888128.765 -16543.5725101124 1638.00650991244 -22756327.2736599 255486.850642111
57050053.1610782 813559714240.425 107671788781.931 -16592.9196409392 1631.50490113008 -22756327.2736543 253798.202173057
57302150.8935433 809370447420.515 108082260555.029 -16642.4215158233 1624.92399574462 -22756327.2736487 252097.732465166
57552654.3181277 805195252015.079 108488477586.051 -16692.0979492807 1618.26054302279 -22756327.273643 250503.424584401
57801429.1389739 801036491164.024 108890223955.321 -16741.9211332776 1611.5176681642 -22756327.2736371 248774.820846179
58048638.4838309 796891561583.972 109287764944.595 -16791.9225869857 1604.69049114271 -22756327.2736313 247209.344857012
58294202.4918537 792761920868.785 109680973418.385 -16842.0851924958 1597.78070609592 -22756327.2736254 245564.008022727
58538164.2341403 788646967092.772 110069920292.185 -16892.4166128452 1590.78662852978 -22756327.2736194 243961.742286671
58780454.581774 784547991733.195 110454497874.164 -16942.901306289 1583.70980077005 -22756327.2736134 242290.347633684
59021172.8100753 780463439559.818 110834866238.574 -16993.558707221 1576.54687125608 -22756327.2736073 240718.228301267
59260248.1283444 776394634980.491 111210916026.707 -17044.3726892058 1569.29948409992 -22756327.2736011 239075.318269175
59497724.7259598 772340952272.646 111582719836.151 -17095.3512655985 1561.96587230075 -22756327.2735949 237476.597615314
59733698.9821832 768300862935.528 111950430411.619 -17146.5141307778 1554.54252444427 -22756327.2735887 235974.256223468
59968091.5722078 764275841512.349 112313926093.04 -17197.8430833099 1547.03139725283 -22756327.2735823 234392.590024584
60200892.821395 760266178478.158 112673195118.797 -17249.3346476817 1539.4323523836 -22756327.2735759 232801.249187224
60432142.8794964 756271305394.921 113028302656.527 -17300.9963793897 1531.74361728023 -22756327.2735694 231250.058101372
60661827.4025524 752291592237.627 113379229903.051 -17352.8237658652 1523.96519728842 -22756327.2735629 229684.523055989
60890036.7830085 748325590129.848 113726117606.467 -17404.8360860989 1516.09350169914 -22756327.2735563 228209.380456098
61116698.4006819 744374678149.366 114068858114.875 -17457.0156652697 1508.13050191364 -22756327.2735496 226661.617673418
61341800.4486986 740439186800.091 114407437620.521 -17509.3583026844 1500.07617372385 -22756327.2735429 225102.048016647
61565431.3027893 736517690775.321 114741992491.695 -17561.8832617706 1491.9268557978 -22756327.2735361 223630.854090729
61787576.0864964 732610566008.573 115072503328.283 -17614.5859523155 1483.68253176834 -22756327.2735292 222144.783707103
62008215.8093848 728718265303.357 115398945452.19 -17667.4605848621 1475.34339521629 -22756327.2735223 220639.722888397
62227387.3804629 724840255989.859 115721377135.342 -17720.5147154365 1466.90753555149 -22756327.2735153 219171.571078082
62445074.0231591 720976952824.947 116039777423.415 -17773.7429965261 1458.37507646022 -22756327.2735082 217686.642696245
62661259.330928 717128768612.899 116354126789.625 -17827.1399353916 1449.74618947725 -22756327.2735011 216185.307768858
62875983.8268427 713295102816.993 116664488644.652 -17880.7140754485 1441.01877571741 -22756327.2734938 214724.4959147
63089278.4614897 709475518975.813 116970911603.088 -17934.4718690447 1432.19103292631 -22756327.2734864 213294.634647039
63301173.5242706 705669586919.517 117273442559.836 -17988.4198439536 1423.26110874669 -22756327.2734791 211895.062780897
63511602.9754922 701878608992.332 117571991398.439 -18042.5398720657 1414.23124260841 -22756327.2734717 210429.451221569
63720599.2973655 698102119972.717 117866609149.982 -18096.8387887824 1405.09955143911 -22756327.2734641 208996.321873358
63928242.5580246 694338784916.788 118157412418.118 -18151.3362473709 1395.86193099614 -22756327.2734565 207643.260659055
64134460.9019023 690590018371.137 118444304505.072 -18206.0122008151 1386.52097712338 -22756327.2734489 206218.343877705
64339240.2210304 686856197125.499 118727271242.651 -18260.8613005442 1377.07684840621 -22756327.2734411 204779.319128058
64542618.2152696 683136753251.528 119006370193.565 -18315.8920526601 1367.52731500567 -22756327.2734332 203377.994239246
64744625.3703873 679431244131.745 119281648027.686 -18371.1113166288 1357.87038647513 -22756327.2734253 202007.155117727
64945242.8845852 675740129663.66 119553084121.154 -18426.5125351224 1348.10640487259 -22756327.2734172 200617.514197845
65144500.6347406 672062975287.968 119820724064.734 -18482.1025108269 1338.23336202788 -22756327.2734091 199257.750155454
65342382.0690198 668400201544.981 120084550934.813 -18537.875156034 1328.25152438601 -22756327.273401 197881.434279162
65538959.7987675 664750575843.799 120344666341.736 -18593.8496312439 1318.15661687435 -22756327.2733927 196577.729747675
65734212.4075488 661114603977.221 120601046300.194 -18650.0186808981 1307.94907322197 -22756327.2733844 195252.608781374
65928118.9080466 657492789539.756 120853668575.875 -18706.3748486244 1297.62939968586 -22756327.2733759 193906.500497752
66120707.4754556 653884719474.207 121102575423.238 -18762.9248577962 1287.19551349202 -22756327.2733674 192588.567408995
66311961.5426007 650290817430.411 121347751139.869 -18819.6623498079 1276.6477311176 -22756327.2733588 191254.067145096
66501908.7213287 646710677922.077 121589236999.468 -18876.5939916155 1265.98395134181 -22756327.2733501 189947.178727983
66690571.7979719 643143981585.925 121827067385.898 -18933.7252398036 1255.20226023681 -22756327.2733413 188663.076643257
66877890.9429123 639591973840.324 122061173235.649 -18991.0363487951 1244.30551797997 -22756327.2733324 187319.144940426
67063938.2417183 636053402098.228 122291651147.101 -19048.5477198847 1233.28897352523 -22756327.2733234 186047.298805932
67248692.8941842 632528772934.441 122518481372.642 -19106.25142818 1222.15324167652 -22756327.2733143 184754.652465897
67432183.0345544 629017660978.747 122741704696.576 -19164.154718582 1210.89601774798 -22756327.2733051 183490.140370185
67614427.8327549 625519807693.899 122961350232.572 -19222.2622458919 1199.51545976895 -22756327.2732958 182244.798200489
67795406.4835688 622035721846.643 123177399070.416 -19280.5658914227 1188.01222330921 -22756327.2732865 180978.650813904
67975141.9648325 618565071365.089 123389885115.058 -19339.0714999207 1176.38422063993 -22756327.2732771 179735.481263728
68153617.8682709 615108283833.342 123598795685.173 -19397.7721192097 1164.63189639688 -22756327.2732675 178475.903438394
68330858.8013355 611664993700.433 123804166514.064 -19456.6741865412 1152.75302078981 -22756327.2732578 177240.933064591
68506846.4387844 608235668518.634 124005983551.425 -19515.7698986989 1140.74822451371 -22756327.2732481 175987.637448961
68681642.9226782 604819206067.41 124204324814.683 -19575.0785503393 1128.61261450192 -22756327.2732382 174796.483893767
68855189.813715 601416857963.211 124399131045.092 -19634.5786705476 1116.34961018742 -22756327.2732283 173546.89103676
69027548.2356505 598027536065.851 124590478215.297 -19694.2894995047 1103.95427188741 -22756327.2732182 172358.421935541
69198734.7360699 594651019227.6 124778390978.441 -19754.2153839624 1091.42466482377 -22756327.273208 171186.500419413
69368726.5860814 591287861565.193 124962851133.258 -19814.346862157 1078.76174064029 -22756327.2731977 169991.850011505
69537509.7012859 587938451868.454 125143851204.128 -19874.6771541262 1065.96593147162 -22756327.2731873 168783.115204417
69705104.5031669 584602495485.128 125321421152.733 -19935.2117028838 1053.03508481119 -22756327.2731768 167594.801881069
69871530.9587746 581279702942.389 125495589792.42 -19995.9559973559 1039.96699968804 -22756327.2731662 166426.455607622
70036770.9333517 577970545140.382 125666346142.786 -20056.9016114633 1026.76246139483 -22756327.2731554 165239.974577137
70200883.4541575 574673946084.462 125833758761.969 -20118.0686525886 1013.41605336642 -22756327.2731447 164112.520805802
70363841.9761173 571390543140.597 125997807853.432 -20179.4456599803 999.92919029539 -22756327.2731337 162958.521959752
70525667.3289467 568120022281.784 126158522146.829 -20241.0387873312 986.299440078034 -22756327.2731226 161825.35282944
70686337.3576387 564862938067.171 126315887803.711 -20302.8378070789 972.527989433697 -22756327.2731114 160670.028691998
70845872.5873509 561618982380.68 126469933505.254 -20364.8487122752 958.612430142318 -22756327.2731002 159535.229712234
71004291.1091184 558387892759.459 126620684878.384 -20427.076771117 944.55047470922 -22756327.2730887 158418.521767489
71161604.6311329 555169534024.651 126768160972.627 -20489.5249072685 930.340331463165 -22756327.2730772 157313.522014474
71317793.1121563 551964421588.237 126912351463.713 -20552.1833407077 915.983104604178 -22756327.2730656 156188.481023461
71472894.5646058 548771880120.536 127053299901.85 -20615.0655127984 901.474577737985 -22756327.2730538 155101.452449441
71626885.0162777 545592507456.959 127190993042.587 -20678.159886287 886.816265173774 -22756327.2730418 153990.451671893
71779781.4519733 542426058984.022 127325455152.658 -20741.4714569908 872.005867654525 -22756327.2730298 152896.435695647
71931600.4740096 539272294756.843 127456709560.114 -20805.0052541146 857.041039236145 -22756327.2730177 151819.022036335
72082338.3534159 536131395897.893 127584761869.458 -20868.7578556145 841.921405710773 -22756327.2730054 150737.879406262
72231995.3225798 533003462559.573 127709621577.759 -20932.7273723223 826.646240860166 -22756327.272993 149656.969163863
72380617.0010884 529887642852.955 127831335387.628 -20996.9315250639 811.210093132477 -22756327.2729803 148621.678508583
72528163.8620735 526784867450.047 127949879821.063 -21061.3513986199 795.616285840166 -22756327.2729677 147546.860985111
72674651.5284148 523694913113.668 128065277273.063 -21125.9917052155 779.862481716531 -22756327.2729549 146487.666341349
72820093.3382681 520617601991.694 128177547817.303 -21190.8563168474 763.946512058258 -22756327.2729419 145441.809853312
72964519.5006001 517552395163.839 128286723698.167 -21255.956896556 747.864243868176 -22756327.2729288 144426.162331954
73107919.6326203 514499612283.598 128392805905.532 -21321.2869936853 731.615978664956 -22756327.2729155 143400.13202018
73250289.2564907 511459450403.958 128495800718.309 -21386.8425858768 715.201443247203 -22756327.2729022 142369.623870437
73391625.8843153 508432066053.268 128595716504.854 -21452.6203852285 698.620197998473 -22756327.2728887 141336.627824581
73531958.4928403 505416940340.528 128692583669.626 -21518.6318217554 681.868070331512 -22756327.272875 140332.608525038
73671280.4180534 502414317008.79 128786407381.757 -21584.8717624155 664.945047568624 -22756327.272861 139321.92521309
73809603.4034525 499424044003.348 128877205594.911 -21651.3437215979 647.848912503252 -22756327.2728471 138322.98539914
73946924.5164596 496446285865.955 128964986615.516 -21718.0441769478 630.579243550364 -22756327.272833 137321.113007024
74083269.4235569 493480585878.41 129049776903.884 -21784.9835477505 613.131989315089 -22756327.2728188 136344.907097389
74218629.2375099 490527236495.654 129131580959.365 -21852.1554430944 595.507442869617 -22756327.2728044 135359.81395297
74353014.8598866 487586099774.216 129210415752.437 -21919.5631494337 577.703368656954 -22756327.2727898 134385.622376712
74486448.9707076 484656776832.47 129286304485.736 -21987.2160776051 559.71586566885 -22756327.2727752 133434.110820975
74618924.221482 481739525890.548 129359252871.903 -22055.1085498189 541.545009213069 -22756327.2727603 132475.250774442
74750419.73062 478834907520.461 129429260486.049 -22123.2275654922 523.19288485261 -22756327.2727453 131495.509137935
74880976.6903748 475942111457.728 129496360197.102 -22191.5922164948 504.652929848852 -22756327.2727301 130556.959754855
75010585.7877759 473061441398.392 129560557697.854 -22260.1955293276 485.925574651635 -22756327.2727147 129609.097401107
75139254.874495 470192821288.854 129621867815.055 -22329.0394343269 467.008835661562 -22756327.2726991 128669.086719027
75266989.7517471 467336219808.365 129680304289.012 -22398.1248085111 447.900998161107 -22756327.2726834 127734.877252198
75393786.5958325 464491821246.582 129735876718.355 -22467.4472535543 428.601804876629 -22756327.2726676 126796.844085308
75519678.8020807 461658973121.582 129788610659.53 -22537.0228381386 409.105266943763 -22756327.2726515 125892.206248245
75644654.849028 458838030034.981 129838511993.399 -22606.8430809787 389.412214771807 -22756327.2726353 124976.046947297
75768708.8556038 456029222851.669 129885590016.847 -22676.9023048937 369.522732163336 -22756327.2726189 124054.006575783
75891863.9650116 453232124833.97 129929865078.515 -22747.2112221842 349.432236400115 -22756327.2726025 123155.109407863
76014123.0295202 450446766687.002 129971349422.808 -22817.7692196068 329.139322721579 -22756327.2725857 122259.064508619
76135490.5615063 447673141263.656 130010056006.021 -22888.5766057313 308.642312560338 -22756327.2725689 121367.531986068
76255960.3910561 444911486351.492 130045994773.293 -22959.6273438862 287.941368946798 -22756327.2725517 120469.829549796
76375563.1111139 442161195770.72 130079186443.99 -23030.9371480918 267.030290904972 -22756327.2725345 119602.720057768
76494276.5609464 439422874298.482 130109636638.113 -23102.4904303955 245.912015477708 -22756327.272517 118713.449832539
76612132.3723473 436695887405.811 130137365375.154 -23174.3038479865 224.579978076606 -22756327.2724993 117855.811400855
76729120.4120197 433980563305.501 130162381933.586 -23246.3689018119 203.035020191196 -22756327.2724814 116988.039672462
76845244.2865117 431276913678.447 130184699397.522 -23318.6852950359 181.275561108786 -22756327.2724634 116123.874491936
76960510.9825712 428584871045.565 130204331527.191 -23391.2548354339 159.299371449106 -22756327.2724451 115266.696059506
77074946.9704054 425903909686.296 130221294592.595 -23464.0918577289 137.100365878234 -22756327.2724267 114435.98783423
77188528.6228808 423234676242.952 130235597203.326 -23537.1788915338 114.682121537027 -22756327.2724081 113581.652475378
77301285.2676449 420576574916.914 130247255414.898 -23610.5323058395 92.0378608515539 -22756327.2723893 112756.644764094
77413193.4872621 417930251457.14 130256279424.393 -23684.1342906996 69.1713169960271 -22756327.2723702 111908.219617212
77524272.5081864 415295346319.805 130262683998.883 -23757.9947343162 46.0776641159309 -22756327.2723511 111079.020924283
77634535.9331347 412671629251.102 130266482466.531 -23832.1201431277 22.7530524742415 -22756327.2723317 110263.424948294
77743982.5799201 410059220346.895 130267687351.136 -23906.5071842461 -0.803307226682023 -22756327.2723119 109446.64678547
77852627.2183878 407457858434.799 130266311352.178 -23981.1633736948 -24.5956592018732 -22756327.2722921 108644.638467632
77960457.5701363 404867929526.642 130262367530.953 -24056.0776413574 -48.6223423393081 -22756327.2722719 107830.351748542
78067479.0586712 402289397076.028 130255869304.486 -24131.2509031253 -72.8854998525364 -22756327.2722516 107021.48853484
78173714.7306014 399721797247.496 130246828322.745 -24206.6966807222 -97.3914034782722 -22756327.272231 106235.671930198
78279152.2025969 397165520493.091 130235258764.066 -24282.4034950227 -122.138252402981 -22756327.2722104 105437.471995526
78383815.5155491 394620074705.579 130221171143.564 -24358.3859198465 -147.132762297094 -22756327.2721894 104663.31295217
78487702.4752563 392085602429.201 130204578556.734 -24434.6397924055 -172.375562726693 -22756327.2721682 103886.9597072
78590802.3558777 389562456906.85 130185496469.839 -24511.1543701807 -197.865064675074 -22756327.2721467 103099.880621423
78693139.9238134 387050122911.319 130163933988.544 -24587.9451887996 -223.608440730783 -22756327.2721249 102337.567935703
78794714.3305416 384548710314.154 130139904533.7 -24665.0089153727 -249.606624583544 -22756327.272103 101574.406728188
78895513.1397956 382058616864.04 130113425280.398 -24742.3331037722 -275.857433671989 -22756327.2720808 100798.809254019
78995570.0057169 379579101123.361 130084501265.295 -24819.9406784114 -302.370716000159 -22756327.2720584 100056.865921265
79094870.6097952 377110606526.54 130053150218.865 -24897.8177373762 -329.143832532814 -22756327.2720357 99300.6040783582
79193436.3548595 374652689701.383 130019379161.52 -24975.9782138309 -356.183700216602 -22756327.2720128 98565.7450643365
79291254.5531503 372205755602.969 129983206346.209 -25054.4091564481 -383.487985116524 -22756327.2719897 97818.1982907567
79388333.301604 369769691690.03 129944643353.515 -25133.113953008 -411.059998704025 -22756327.2719663 97078.7484537123
79484683.6707357 367344308813.641 129903700059.119 -25212.0985751314 -438.904012656434 -22756327.2719427 96350.3691316932
79580303.9268977 364929739063.163 129860391571.976 -25291.3585683106 -467.020658567303 -22756327.2719188 95620.2561619607
79675213.9133708 362525568554.647 129814722998.396 -25370.9074410599 -495.41697816015 -22756327.2718946 94909.9864731182
79769405.1237215 360132099499.586 129766712529.136 -25450.7351252072 -524.091656673261 -22756327.2718701 94191.2103507689
79862878.7304431 357749390607.361 129716374466.238 -25530.8394149814 -553.046157968911 -22756327.2718455 93473.6067215754
79955652.1130231 355377086033.061 129663714040.438 -25611.2321079364 -582.287053385025 -22756327.2718205 92773.3825800149
80047721.3129107 353015373446.438 129608747995.555 -25691.9067097212 -611.814324563229 -22756327.2717952 92069.1998875456
80139083.9881048 350664401020.69 129551493000.964 -25772.8578497437 -641.628328056706 -22756327.2717696 91362.6751941498
80229766.9517998 348323564806.18 129491946930.758 -25854.1061642446 -671.739058173544 -22756327.2717438 90682.9636949875
80319762.6959813 345993143158.993 129430129017.951 -25935.6419298221 -702.145363119634 -22756327.2717177 89995.7441815306
80409075.4294768 343673112917.738 129366051314.756 -26017.46575163 -732.849908935341 -22756327.2716914 89312.7334955014
80497702.3232186 341363634111.528 129299731234.337 -26099.571683384 -763.852906216953 -22756327.2716647 88626.8937417165
80585660.3357403 339064350509.012 129231171319.149 -26181.9721313033 -795.16152485183 -22756327.2716377 87958.01252172
80672943.276397 336775509171.54 129160391630.907 -26264.6579894127 -826.774822935685 -22756327.2716104 87282.9406567774
80759565.9872543 334496805925.961 129087395464.52 -26347.6399793976 -858.699444923492 -22756327.2715829 86622.7108572596
80845523.6350378 332228452582.35 129012202255.597 -26430.9101205361 -890.934897265431 -22756327.271555 85957.6477835194
80930819.4572634 329970449443.267 128934825123.1 -26514.4679994754 -923.483588480557 -22756327.2715269 85295.8222256049
81015469.0268496 327722468508.364 128855265489.943 -26598.32545507 -956.352762529529 -22756327.2714984 84649.5695861597
81099465.7190209 325484769709.182 128773545207.899 -26682.4724802624 -989.54115881789 -22756327.2714698 83996.692171287
81182830.8436739 323256868352.497 128689658948.997 -26766.9270514684 -1023.05858202383 -22756327.2714407 83365.124653068
81265546.8048384 321039318089.238 128603640154.258 -26851.6678566435 -1056.89930005122 -22756327.2714113 82715.9611644503
81347629.6969428 318831771895.561 128515488413.619 -26936.7076945206 -1091.07114246496 -22756327.2713816 82082.8921044168
81429087.7144125 316634091613.316 128425210535.311 -27022.0516055275 -1125.57894420024 -22756327.2713516 81458.017469719
81509921.2766009 314446347903.872 128332821733.723 -27107.6965525689 -1160.42431952253 -22756327.2713212 80833.5621884164
81590132.1876716 312268574479.846 128238336028.169 -27193.6408299453 -1195.60942436096 -22756327.2712904 80210.9110707063
81669716.3067874 310100967468.757 128141775029.794 -27279.87615624 -1231.13370580506 -22756327.2712594 79584.1191158041
81748685.4921393 307943287456.11 128043141208.857 -27366.411488138 -1267.00371934871 -22756327.2712281 78969.185351872
81827049.7793461 305795341817.74 127942438247.921 -27453.2541445614 -1303.22545374991 -22756327.2711962 78364.2872067968
81904808.8716342 303657219847.536 127839682745.664 -27540.4001131252 -1339.80023051934 -22756327.2711642 77759.0922880866
81981970.8589603 301528780081.244 127734880328.563 -27627.8547371413 -1376.73332035445 -22756327.2711317 77161.9873260527
82058535.1510001 299410119645.612 127628048231.921 -27715.6135781604 -1414.02590878309 -22756327.2710989 76564.2920398554
82134502.5326122 297301298482.467 127519202318.215 -27803.6735787661 -1451.67975546443 -22756327.2710657 75967.38161205
82209883.364584 295202110012.794 127408344611.804 -27892.0428154498 -1489.70142164282 -22756327.2710322 75380.8319717844
82284681.9622982 293112513990.223 127295485339.553 -27980.7225090307 -1528.09460722435 -22756327.2709984 74798.59771427
82358898.6153625 291032582473.939 127180640910.417 -28069.7090624761 -1566.86095027007 -22756327.2709641 74216.6530642218
82432534.9587604 288962350371.92 127063826071.809 -28159.0003373142 -1606.00272187437 -22756327.2709295 73636.3433979711
82505597.6304465 286901711520.714 126945047634.797 -28248.600252751 -1645.52488097557 -22756327.2708946 73062.6716861113
82578093.0125041 284850565464.383 126824312343.991 -28338.5125737235 -1685.43239235406 -22756327.2708593 72495.382057582
82650027.2375328 282808817373.056 126701626903.46 -28428.7409063144 -1725.73022362024 -22756327.2708234 71934.2250287195
82721398.4962859 280776597521.88 126577011601.479 -28519.2788716982 -1766.41891448991 -22756327.2707872 71371.2587530614
82792212.5733607 278753820406.632 126450473847.943 -28610.1295803074 -1807.5032713307 -22756327.2707507 70814.0770748267
82862468.8547225 276740582895.341 126322032489.376 -28701.2879214762 -1848.98441692293 -22756327.2707139 70256.2813617246
82932180.2577899 274736593299.66 126191681451.699 -28792.7663950395 -1890.87153915972 -22756327.2706765 69711.4030674076
83001347.4784122 272741909036.317 126059436677.333 -28884.5617473066 -1933.16672307563 -22756327.2706388 69167.2206223175
83069971.109012 270756591076.654 125925314749.256 -28976.6704187489 -1975.8719104088 -22756327.2706006 68623.6305997802
83138058.9045013 268780492783.71 125789318251.705 -29069.0984511428 -2018.99353163861 -22756327.2705621 68087.7954892943
83205608.2167639 266813768836.883 125651470449.168 -29161.8377862263 -2062.53148493207 -22756327.270523 67549.3122626357
83272627.750672 264856243582.82 125511771722.802 -29254.8958374832 -2106.49294342229 -22756327.2704835 67019.5339081014
83339117.5110047 262907994271.62 125370240205.149 -29348.26806073 -2150.8795042368 -22756327.2704437 66489.7603326843
83405087.2233445 260968812762.463 125226873257.14 -29441.9635769012 -2195.69930682681 -22756327.2704034 65969.712339851
83470535.221286 259038824546.031 125081692592.778 -29535.9754569015 -2240.95289015203 -22756327.2703626 65447.9979414401
83535472.0454805 257117794844.503 124934692888.078 -29630.314276645 -2286.64925617246 -22756327.2703214 64936.8241945602
83599894.4019013 255205896934.182 124785899733.657 -29724.9706424558 -2332.78781300625 -22756327.2702797 64422.3564207469
83663806.9395039 253303069277.711 124635321004.581 -29819.9465881352 -2379.37351912194 -22756327.2702376 63912.5376026434
83727215.4748728 251409214441.024 124482961458.38 -29915.2459976911 -2426.41231708578 -22756327.270195 63408.5353688643
83790124.2777152 249524279989.549 124328829163.764 -30010.8705594094 -2473.90914768897 -22756327.270152 62908.8028424594
83852534.7999262 247648297480.054 124172939061.634 -30106.8176719079 -2521.86686711973 -22756327.2701085 62410.5222110067
83914450.9398162 245781224811.945 124015300108.591 -30203.0884304139 -2570.29020987048 -22756327.2700645 61916.1398899393
83975873.8494623 243923102381.264 123855928284.283 -30299.679629492 -2619.18178717047 -22756327.2700202 61422.9096461162
84036809.6421613 242073820123.098 123694826694.929 -30396.5958458468 -2668.54819302365 -22756327.2699752 60935.7926990175
84097264.1270273 240233275662.552 123531998656.661 -30493.8413686373 -2718.39598068111 -22756327.2699298 60454.4848659775
84157236.6658757 238401562374.349 123367464763.14 -30591.4101271992 -2768.72644771332 -22756327.2698839 59972.5388484287
84216732.7629847 236578586153.177 123201229009.986 -30689.3059297013 -2819.54600730762 -22756327.2698373 59496.0971090027
84275753.9236623 234764374633.24 123033306348.511 -30787.5260617745 -2870.85775567103 -22756327.2697905 59021.1606776016
84334306.3822263 232958809572.122 122863698197.399 -30886.0756846684 -2922.66895883305 -22756327.269743 58552.4585639582
84392391.2721851 231161929088.78 122692420453.797 -30984.9514601537 -2974.98249387581 -22756327.269695 58084.8899587888
84450012.0760355 229373698606.898 122519482264.506 -31084.1539596402 -3027.80333570656 -22756327.2696465 57620.8038503835
84507173.1468957 227594055787.405 122344889960.936 -31183.6853032512 -3081.13735473732 -22756327.2695975 57161.0708602358
84563877.3819436 225822982869.709 122168654112.671 -31283.5451276721 -3134.98916330037 -22756327.2695479 56704.2350479349
84620127.70796 224060460769.063 121990785174.907 -31383.7331039184 -3189.36344508944 -22756327.2694979 56250.3260163617
84675929.0931497 222306405715.646 121811286950.455 -31484.2525853373 -3244.26695565243 -22756327.2694472 55801.3851897093
84731283.8474212 220560816660.847 121630171528.33 -31585.1022075531 -3299.70395586463 -22756327.269396 55354.7542714595
84786194.1016266 218823698051.894 121447451693.895 -31686.2802108031 -3355.67852932732 -22756327.2693442 54910.2542053866
84840663.0181375 217095021437.651 121263136848.559 -31787.7866889757 -3412.19583237105 -22756327.2692921 54468.9165109324
84894693.875529 215374754129.432 121077235891.691 -31889.6219632993 -3469.26121386641 -22756327.2692391 54030.8573915218
84948288.2842907 213662916217.764 120889763475.166 -31991.7831755305 -3526.87829305239 -22756327.2691858 53594.4087616325
85001453.3020764 211959353061.51 120700714974.284 -32094.2779026699 -3585.05665572171 -22756327.2691319 53165.0177857295
85054190.1422549 210264096037.889 120510106035.197 -32197.1026139698 -3643.79969986682 -22756327.2690772 52736.8401785245
85106503.0385157 208577079208.262 120317941454.014 -32300.2596101456 -3703.114204374 -22756327.269022 52312.8962607542
85158395.9960096 206898243030.294 120124226503.455 -32403.7508440977 -3763.00685087953 -22756327.2689664 51892.9574939413
85209869.6935158 205227635169.365 119928978834.584 -32507.5716153298 -3823.48053453456 -22756327.2689099 51473.6975062246
85260927.0012379 203565232276.409 119732208047.477 -32611.7215098902 -3884.54067409143 -22756327.2688531 51057.3077220535
85311573.2447336 201910930209.717 119533913982.86 -32716.2051981982 -3946.1957665167 -22756327.2687953 50646.2434957524
85361810.4668716 200264731070.712 119334108954.21 -32821.0206850359 -4008.45048513819 -22756327.2687372 50237.2221379892
85411639.8387169 198626665534.462 119132808944.784 -32926.164042151 -4071.30839125876 -22756327.2686783 49829.3718453128
85461064.2158855 196996708865.62 118930023314.722 -33031.6347882422 -4134.77514512523 -22756327.2686188 49424.3771685765
85510089.1887575 195374745225.474 118725749857.329 -33137.438369485 -4198.86008205099 -22756327.2685586 49024.9728720355
85558717.1903785 193760762089.1 118519999030.991 -33243.5735636909 -4263.56862787023 -22756327.2684979 48628.0016209629
85606951.0970739 192154731830.338 118312779381.934 -33350.0400888987 -4328.90685279079 -22756327.2684367 48233.906695394
85654792.9731241 190556653479.597 118104102912.625 -33456.835840868 -4394.87977978344 -22756327.2683748 47841.8760502199
85702243.0248436 188966588257.824 117893990013.306 -33563.9544166791 -4461.48980398986 -22756327.2683121 47450.0517195042
85749309.1473667 187384339117.399 117682426851.63 -33671.4067936326 -4528.75021989685 -22756327.2682487 47066.1225231354
85795992.8400223 185809922368.312 117469427516.018 -33779.1896179497 -4596.66553588335 -22756327.2681842 46683.6926555932
85842294.3599398 184243396470.762 117255012127.17 -33887.2964827002 -4665.23835589634 -22756327.2681196 46301.5199174159
85888220.3128296 182684604652.64 117039171332.949 -33995.735784814 -4734.48075579824 -22756327.2680541 45925.9528898317
85933772.1796608 181133562751.11 116821919223.098 -34104.5040184197 -4804.39737598178 -22756327.267988 45551.8668312292
85978951.2720711 179590292446.913 116603270949.224 -34213.5971268778 -4874.99253998775 -22756327.2679212 45179.0924102888
86023762.4182357 178054694844.934 116383224557.031 -34323.0195279701 -4946.27614265446 -22756327.2678539 44811.1461645617
86068206.1012806 176526819239.297 116161799176.624 -34432.7650746122 -5018.25130884024 -22756327.2677858 44443.6830449304
86112287.157595 175006565027.399 115938992298.775 -34542.838297891 -5090.92823607817 -22756327.2677169 44081.0563143931
86156008.2677184 173493904869.948 115714811802.857 -34653.2384868945 -5164.31381576301 -22756327.2676471 43721.1101233899
86199371.2748211 171988840035.863 115489269828.047 -34763.9627745082 -5238.41359107664 -22756327.2675768 43363.0071026681
86242378.8787311 170491341781.969 115262374080.153 -34875.0104165014 -5313.23460304785 -22756327.2675056 43007.6039099996
86285034.6175719 169001351515.025 115034127607.248 -34986.3828663922 -5388.78549197654 -22756327.2674338 42655.7388408507
86327339.3954501 167518902188.876 114804547450.31 -35098.0746810269 -5465.07031845442 -22756327.2673613 42304.777878165
86369297.7316581 166043899735.783 114573631011.569 -35210.08990999 -5542.0997139653 -22756327.2672877 41958.336208016
86410911.5230405 164576341363.751 114341389710.382 -35322.4257008444 -5619.87971607692 -22756327.2672137 41613.7913823902
86452182.4878736 163116230422.502 114107836066.571 -35435.0786169873 -5698.41602779605 -22756327.267139 41270.9648331348
86493113.470667 161663530117.464 113872976231.856 -35548.0482304963 -5777.71653607676 -22756327.2670635 40930.9827934008
86533708.1066989 160218174831.709 113636811504.783 -35661.336352914 -5857.79084133601 -22756327.2669871 40594.6360318648
86573969.8006382 158780106209.696 113399344068.574 -35774.9442622809 -5938.64833537227 -22756327.2669101 40261.6939392716
86613898.7365795 157349380585.716 113160595071.246 -35888.8640933508 -6020.29200056906 -22756327.2668318 39928.935941359
86653497.6931827 155925961451.742 112920570451.936 -36003.0951969453 -6102.73003170776 -22756327.2667532 39598.9566032286
86692771.6656641 154509731625.651 112679262211.978 -36117.6434414803 -6185.97550953638 -22756327.2666731 39273.9724813967
86731720.265346 153100767354.882 112436695130.182 -36232.4990374118 -6270.03028566779 -22756327.2665926 38948.5996818442
86770348.0308985 151698966613.472 112192863494.084 -36347.6665768904 -6354.90680068971 -22756327.2665113 38627.7655525374
86808657.1290195 150304312416.303 111947776018.007 -36463.1437159834 -6440.61258168089 -22756327.2664291 38309.0981210066
86846649.5400088 148916794234.105 111701442580.391 -36578.9274836933 -6527.15479789357 -22756327.2663459 37992.4109892727
86884328.3068689 147536362260.962 111453866039.092 -36695.0181201946 -6614.54314661834 -22756327.2662623 37678.7668600799
86921692.9730523 146163094734.423 111205072339.873 -36811.4049681507 -6702.77920836098 -22756327.2661775 37364.6661833917
86958750.0922094 144796811864.709 110955040682.824 -36928.0991516297 -6791.88119574978 -22756327.2660917 37057.1191571533
86995499.9035202 143437565350.45 110703792085.71 -37045.092130943 -6881.85256524771 -22756327.2660054 36749.8113107317
87031946.4471734 142085266148.335 110451321677.326 -37162.3873451902 -6972.70607866349 -22756327.265918 36446.5436532997
87068088.6779883 140740013523.007 110197659743.729 -37279.9718084264 -7064.44190044266 -22756327.2658298 36142.2308148955
87103931.1488687 139401698495.53 109942797599.869 -37397.8505374384 -7157.07429016545 -22756327.2657406 35842.470880311
87139476.2993069 138070289844.67 109686740908.606 -37516.0217704517 -7250.61243069332 -22756327.2656507 35545.1504382509
87174727.2693515 136745729444.391 109429489983.409 -37634.4860999028 -7345.06754822303 -22756327.2655598 35250.9700445892
87209685.1379089 135428036104.989 109171059994.86 -37753.2371694514 -7440.44548682078 -22756327.2654681 34957.8685573948
87244352.6156323 134117166933.82 108911454116.42 -37872.2740458609 -7536.75655502811 -22756327.2653754 34667.4777234304
87278731.2909619 132813120987.038 108650683759.436 -37991.5919095681 -7634.00807502282 -22756327.2652817 34378.6753296303
87312825.2451442 131515802161.244 108388741161.317 -38111.1945958159 -7732.21460602679 -22756327.265187 34093.9541822551
87346635.6372647 130225224715.701 108125640555.971 -38231.0757619362 -7831.38257683715 -22756327.2650917 33810.3921205342
87380164.2992584 128941377144.324 107861391098.552 -38351.2312885664 -7931.52035271338 -22756327.2649955 33528.6619936851
87413413.3154092 127664237945.407 107595999906.668 -38471.6578749351 -8032.63712394862 -22756327.2648983 33249.0161507726
87446385.8539057 126393743373.289 107329465164.107 -38592.3561471276 -8134.74557563623 -22756327.2648 32972.5384964988
87479083.9732638 125129871698.394 107061793626.84 -38713.3227118208 -8237.8552202691 -22756327.2647009 32698.1193580971
87511508.6519631 123872642721.007 106793000936.819 -38834.5500525238 -8341.9721856381 -22756327.2646005 32424.6786993225
87543664.04305 122621952679.861 106523076244.931 -38956.0424749261 -8447.11293630738 -22756327.2644993 32155.3910869161
87575551.0748957 121377822385.669 106252035265.574 -39077.7921770515 -8553.28372260741 -22756327.2643974 31887.0318457191
87607171.8220002 120140227843.236 105979884124.246 -39199.7955578477 -8660.49457033258 -22756327.2642945 31620.7471044759
87638528.3916472 118909143327.721 105706628505.388 -39322.0490831428 -8768.75575184932 -22756327.2641902 31356.5696469343
87669622.7945862 117684546460.363 105432274776.08 -39444.5487802695 -8878.07734188587 -22756327.2640852 31094.4029390392
87700458.3641082 116466362113.606 105156817277.008 -39567.2958965384 -8988.47431773017 -22756327.2639792 30835.5695219575
87731036.174948 115254603727.647 104880270166.977 -39690.2826957057 -9099.95382577283 -22756327.263872 30577.8108398518
87761358.2662174 114049246377.662 104602638982.069 -39813.5051541393 -9212.5265148178 -22756327.263764 30322.0912693766
87791426.7769319 112850260700.218 104323928153.5 -39936.9595934404 -9326.20356182553 -22756327.2636549 30068.5107145275
87821243.2983596 111657638771.843 104044147057.785 -40060.640001265 -9440.99419543208 -22756327.263545 29816.521427724
87850811.6539215 110471282734.113 103763283758.67 -40184.5496235308 -9556.91650509633 -22756327.2634339 29568.3555618636
87880131.9728498 109291242287.282 103481361029.702 -40308.6762261597 -9673.97437398942 -22756327.2633222 29320.3189283085
87909207.11057 108117457382.761 103198375640.12 -40433.0188973066 -9792.18248427994 -22756327.2632089 29075.1377202315
87938038.3730513 106949929934.413 102914339120.372 -40557.5700712979 -9911.54945932091 -22756327.2630948 28831.2624812724
87966629.5106989 105788562297.587 102629238611.486 -40682.3327070063 -10032.0942794724 -22756327.2629796 28591.137647637
87994981.0929653 104633385295.269 102343092497.057 -40807.2959054952 -10153.8228588588 -22756327.2628634 28351.5822663314
88023095.0812355 103484373020.961 102055905335.24 -40932.4546684006 -10276.7469882809 -22756327.262746 28113.9882701791
88050973.7170481 102341487611.483 101767678567.433 -41057.8051804282 -10400.8798887802 -22756327.2626277 27878.6358126545
88078619.007504 101204700258.964 101478415751.679 -41183.3425233063 -10526.2339782437 -22756327.2625082 27645.2904559355
88106033.7442627 100073949259.186 101188111844.494 -41309.0653191518 -10652.8255314957 -22756327.2623878 27414.7367586995
88133218.1754917 98949277410.5948 100896788569.274 -41434.9604194287 -10780.6592299698 -22756327.2622662 27184.4312289244
88160174.8596816 97830631881.917 100604443085.317 -41561.0251370307 -10909.7505294058 -22756327.2621442 26956.6841899062
88186905.8806113 96717978852.6947 100311077242.141 -41687.2545548744 -11040.1129586575 -22756327.2620205 26731.0209297758
88213413.5239521 95611275516.3869 100016690316.794 -41813.6446590139 -11171.7613127546 -22756327.2618959 26507.6433407914
88239698.8698532 94510528975.0587 99721294779.5376 -41940.1855766317 -11304.7045718872 -22756327.2617701 26285.3459011086
88265763.7266986 93415715650.8902 99424894969.5026 -42066.8707400478 -11438.9554003779 -22756327.2616434 26064.8568454024
88291609.6659527 92326821544.5467 99127497774.4782 -42193.692295177 -11574.5253785391 -22756327.2615157 25845.9392540555
88317240.4078293 91243741418.2031 98829084845.996 -42320.6529180217 -11711.4377530331 -22756327.261387 25630.7418766101
88342655.5822536 90166542259.2588 98529685040.1391 -42447.7349733015 -11849.694252604 -22756327.2612572 25415.1744243073
88367857.8692548 89095161873.4979 98229291630.6854 -42574.9357613862 -11989.3129840159 -22756327.2611264 25202.2870012126
88392848.9674506 88029579096.6173 97927909084.068 -42702.2475998859 -12130.3070127714 -22756327.2609943 24991.0981957734
88417631.7529505 86969721949.2344 97625527242.2061 -42829.6687423667 -12272.6963897347 -22756327.260861 24782.7854998876
88442206.8776065 85915613011.711 97322162706.7448 -42957.1859236185 -12416.4886973093 -22756327.2607267 24575.1246559962
88466576.7178727 84867200702.473 97017810825.7521 -43084.7946020798 -12561.7016155444 -22756327.2605916 24369.840266193
88490742.1541876 83824497344.8292 96712485365.4296 -43212.4822730538 -12708.3441378052 -22756327.2604553 24165.4363149426
88514706.0539434 82787429165.5084 96406174821.9411 -43340.2467632514 -12856.4374689817 -22756327.2603182 23963.899755738
88538469.6358711 81755993054.5883 96098888224.5434 -43468.0770585143 -13005.9930636774 -22756327.2601798 23763.5819277738
88562033.8811091 80730196098.3343 95790637789.9859 -43595.9605998417 -13157.0208207121 -22756327.2600404 23564.245238026
88585401.5699835 79709966671.7199 95481411993.9776 -43723.8944236876 -13309.5423539516 -22756327.2599 23367.6888743177
88608574.6595946 78695268281.5031 95171209495.0358 -43851.8710441059 -13463.5744819864 -22756327.2597586 23173.0896111607
88631553.5164742 77686133836.7452 94860050200.3567 -43979.8739604501 -13619.1235094421 -22756327.2596163 22978.856879562
88654340.4835958 76682509330.0077 94547927362.3885 -44107.8974001022 -13776.2090563093 -22756327.2594724 22786.9671215869
88676937.5246277 75684356777.4479 94234838849.685 -44235.9333837633 -13934.8486092784 -22756327.2593277 22597.0410319205
88699345.8771766 74691669841.5976 93920792319.0759 -44363.9696420485 -14095.0547957134 -22756327.259182 22408.3525488849
88721567.7262451 73704399837.2943 93605781931.1577 -44491.9991205373 -14256.8472123506 -22756327.2590351 22221.8490685367
88743604.3437682 72722538135.833 93289814402.319 -44620.0093501321 -14420.2391416103 -22756327.2588875 22036.6175230774
88765456.8314005 71746083507.8673 92972898906.5999 -44747.98659425 -14585.2426047251 -22756327.2587388 21852.4876323193
88787127.3075002 70774988962.0449 92655029704.1192 -44875.9228410134 -14751.877451988 -22756327.258589 21670.4760996754
88808617.6847416 69809216103.5847 92336203523.3188 -45003.8087364058 -14920.1624218757 -22756327.2584383 21490.3772413949
88829929.6016714 68848738351.9227 92016420751.1017 -45131.6331190315 -15090.1144615698 -22756327.2582865 21311.9169298026
88851063.8120603 67893568750.6201 91695694973.243 -45259.3792459727 -15261.7435360194 -22756327.2581339 21134.2103888943
88872022.6957091 66943646571.2194 91374014976.6389 -45387.039934654 -15435.0729256306 -22756327.2579801 20958.8836488735
88892807.7617051 65998949910.8433 91051382305.5178 -45514.6025544703 -15610.1192376931 -22756327.2578254 20785.0659959659
88913420.2932349 65059466814.53 90727801828.2246 -45642.0528221184 -15786.8973381928 -22756327.2576697 20612.531529796
88933861.3233409 64125196525.9704 90403282317.4448 -45769.3745938421 -15965.4199653859 -22756327.2575133 20441.0301059936
88954134.004041 63196040909.1831 90077798419.8654 -45896.5647219714 -16145.7187904599 -22756327.2573559 20272.6807000748
88974238.2438612 62272049899.3346 89751376283.9778 -46023.5995204472 -16327.7971440868 -22756327.2571976 20104.2398202697
88994176.621633 61353150635.9128 89423998856.8635 -46150.4717969981 -16511.6823947671 -22756327.2570384 19938.3777717644
89013950.2797368 60439335815.1156 89095671996.5002 -46277.165035853 -16697.3892639949 -22756327.2568784 19773.6581037645
89033560.670012 59530583581.5085 88766396310.0896 -46403.6643760537 -16884.9354696638 -22756327.2567172 19610.3902752043
89053009.5342271 58626858238.4846 88436167191.4288 -46529.9565457163 -17074.341804484 -22756327.2565558 19448.8642151117
89072297.7590152 57728163487.4999 88104994304.9457 -46656.0224085793 -17265.6209445351 -22756327.2563934 19288.2247881429
89091427.0852614 56834462996.4074 87772872553.1832 -46781.8480575614 -17458.7941021185 -22756327.2562301 19129.3262461731
89110399.514471 55945707705.4789 87439791724.8436 -46907.4210444189 -17653.8856505848 -22756327.2560656 18972.4292096169
89129216.1851127 55061888511.6814 87105756281.2494 -47032.7229177536 -17850.911515846 -22756327.2559004 18816.6706416533
89147878.4915144 54182984043.3833 86770765998.4969 -47157.7365590057 -18049.8904083469 -22756327.2557344 18662.3064016894
89166388.0913571 53308960144.0447 86434815569.6819 -47282.4462766837 -18250.8441541467 -22756327.255568 18509.59984268
89184746.3213835 52439797406.2167 86097905110.9149 -47406.8338781334 -18453.7914468323 -22756327.2554011 18358.2300264302
89202954.1770339 51575492337.9391 85760040855.5406 -47530.8784610263 -18658.7473060239 -22756327.2552338 18207.8556504747
89221013.9859628 50715977821.5931 85421203926.7993 -47654.5678358234 -18865.7420845393 -22756327.2550647 18059.8089288231
89238926.6639585 49861253396.132 85081401286.4649 -47777.8798139802 -19074.7905495604 -22756327.2548954 17912.677995768
89256693.8555469 49011283590.7808 84740625912.4264 -47900.7967965019 -19285.916078667 -22756327.2547262 17767.191588353
89274315.860178 48166097067.2082 84398896458.9807 -48023.2914384775 -19499.1261265169 -22756327.2545559 17622.004631141
89291795.2058825 47325615385.8683 84056188236.52 -48145.3514363174 -19714.4551726871 -22756327.2543855 17479.3457044483
89309133.064913 46489824651.5163 83712502244.0808 -48266.9546717588 -19931.9218392526 -22756327.254214 17337.8590305419
89326330.74419 45658704219.3597 83367836588.1119 -48388.0795103247 -20151.5465924944 -22756327.2540419 17197.6792769423
89343389.2680893 44832246850.9738 83022194826.6934 -48508.7018550635 -20373.346427121 -22756327.2538698 17058.5238993066
89360310.7667886 44010391369.8901 82675557680.1917 -48628.8049707942 -20597.3530810704 -22756327.2536972 16921.4986993141
89377096.5038897 43193118148.8804 82327922848.93 -48748.3655388457 -20823.5875445097 -22756327.2535243 16785.7371010765
89393747.8665876 42380401243.0345 81979285129.6446 -48867.360620843 -21052.0727435521 -22756327.2533505 16651.3626979024
89410265.3933987 41572255943.9682 81629656956.2619 -48985.7606800686 -21282.8199953375 -22756327.2531772 16517.5268111291
89426651.1699946 40768621636.5161 81279017828.0011 -49103.5467296318 -21515.8623187345 -22756327.2530036 16385.7765958788
89442906.504157 39969475328.4555 80927363068.3003 -49220.6936917021 -21751.2224445706 -22756327.2528291 16255.3341623924
89459032.2333887 39174816932.6309 80574697956.2806 -49337.1725324844 -21988.9164077842 -22756327.252655 16125.7292317375
89475030.2506384 38384594088.5743 80221004364.6881 -49452.961267979 -22228.9760250274 -22756327.2524803 15998.0172496635
89490901.6370933 37598794106.8328 79866281439.0078 -49568.0314702745 -22471.4215403264 -22756327.252306 15871.3864549388
89506647.8839428 36817383738.5657 79510518811.6816 -49682.3570771406 -22716.2797044332 -22756327.2521312 15746.2468495333
89522270.1804138 36040344395.6158 79153712437.9546 -49795.9092166854 -22963.572979195 -22756327.2519567 15622.296470963
89537769.7570514 35267655191.4049 78795856987.6019 -49908.6586759813 -23213.3247031183 -22756327.2517822 15499.5766375731
89553147.8143599 34499296488.4495 78436947457.8048 -50020.5753660917 -23465.5579736352 -22756327.2516081 15378.0573085581
89568405.6589395 33735243092.0699 78076975971.4934 -50131.6292952738 -23720.2979007747 -22756327.2514336 15257.8445795892
89583544.5733924 32975470729.8254 77715934750.0227 -50241.7896033004 -23977.5695398752 -22756327.2512593 15138.9144528629
89598566.3234067 32219930535.3888 77353803840.873 -50351.0282268366 -24237.4067128198 -22756327.2510853 15021.75001437
89613472.1293625 31468600682.1048 76990575666.5555 -50459.3123903968 -24499.8345005432 -22756327.2509112 14905.805955772
89628262.836501 30721478078.7432 76626251507.4319 -50566.6058352814 -24764.8714902787 -22756327.2507379 14790.7071385354
89642939.3007355 29978559021.9034 76260832334.2863 -50672.8716164417 -25032.5362766775 -22756327.2505655 14676.4642344433
89657504.0721135 29239753706.9056 75894276195.5351 -50778.0842358908 -25302.878987799 -22756327.2503929 14564.7713780281
89671957.4245817 28505087359.8551 75526597444.651 -50882.2008911221 -25575.908419366 -22756327.250221 14453.3524681818
89686301.3203725 27774499303.5477 75157767344.0573 -50985.1901059929 -25851.6651598855 -22756327.2500496 14343.8957907657
89700535.9813224 27048017252.6761 74787801319.4805 -51087.0070198668 -26130.1567655137 -22756327.2498786 14234.660949954
89714663.6946675 26325563393.3762 74416660857.8112 -51187.6206593714 -26411.4312137275 -22756327.2497091 14127.7133450498
89728685.3546263 25607130721.7053 74044342912.5189 -51286.9891242485 -26695.5098209066 -22756327.2495394 14021.6599588229
89742602.1688602 24892696059.2409 73670835814.3173 -51385.0717922569 -26982.4202937216 -22756327.2493711 13916.8142339301
89756415.6759277 24182219004.6515 73296118336.7666 -51481.8293529384 -27272.1976556154 -22756327.2492034 13813.5070674245
89770126.8602265 23475687430.9017 72920183595.2099 -51577.2175591014 -27564.8658061446 -22756327.2490373 13711.1842988945
89783737.3323099 22773056768.6456 72543006958.4473 -51671.1954472488 -27860.4623580726 -22756327.248872 13610.4720833663
89797247.8125866 22074328209.8144 72164587804.2622 -51763.7147904843 -28159.0060256679 -22756327.2487078 13510.4802766603
89810659.7037265 21379467589.6758 71784906083.9125 -51854.7309486051 -28460.5305815026 -22756327.2485454 13411.8911399543
89823974.6138088 20688429852.0162 71403935000.27 -51944.1994316651 -28765.0751708316 -22756327.248384 13314.9100823066
89837193.1156303 20001223526.2378 71021676741.765 -52032.0675744407 -29072.6556160345 -22756327.2482235 13218.5018214319
89850317.2249824 19317782025.806 70638091243.4939 -52118.2910711304 -29383.3215106817 -22756327.248065 13124.1093521273
89863347.8994819 18638093605.5512 70253168205.5569 -52202.8172333558 -29697.0984057127 -22756327.2479084 13030.6744995102
89876286.6680986 17962116622.9797 69866879820.7385 -52285.595735531 -30014.0259038514 -22756327.2477524 12938.7686167141
89889134.4238184 17289842537.5946 69479216476.0389 -52366.5707543467 -30334.1285155553 -22756327.2475989 12847.7557197773
89901892.9088862 16621218285.3786 69090142221.1235 -52445.6903653432 -30657.4522683979 -22756327.247447 12758.4850677894
89914562.7036735 15956251587.763 68699655688.9145 -52522.8939000281 -30984.0142591206 -22756327.2472966 12669.7947873306
89927145.6581638 15294883520.4457 68307715839.0805 -52598.1269364137 -31313.8643913338 -22756327.247148 12582.9544903401
89939642.8311744 14637096593.6794 67914305065.0602 -52671.3285544806 -31647.0327750033 -22756327.2470016 12497.1730105066
89952055.6174331 13982855616.3229 67519394439.5105 -52742.438139333 -31983.5587738667 -22756327.2468576 12412.7862587593
89964385.2103068 13332135966.1649 67122960498.2625 -52811.3921320551 -32323.4768256118 -22756327.246716 12329.5928737096
89976633.0125073 12684901959.7886 66724972146.315 -52878.1263106203 -32666.8275828299 -22756327.2465765 12247.8022004992
89988800.2401707 12041127762.6891 66325403349.0795 -52942.5734987214 -33013.6470167521 -22756327.246439 12167.2276634122
90000888.1330446 11400786328.5415 65924226422.5201 -53004.6646994924 -33363.9721101425 -22756327.2463043 12087.8928739081
90012898.3443267 10763828724.4837 65521398829.1989 -53064.3309085967 -33717.8524813632 -22756327.246172 12010.2112821057
90024832.2426017 10130221115.4514 65116886207.3994 -53121.4993842342 -34075.3303048006 -22756327.2460425 11933.8982749592
90036691.0578259 9499937110.94159 64710657824.038 -53176.0944625055 -34436.4440902644 -22756327.2459157 11858.8152242268
90048476.0073696 8872951118.13207 64302682417.3307 -53228.0381465197 -34801.2322531854 -22756327.2457917 11784.9495436898
90060188.7006254 8249216812.11416 63892913971.1866 -53277.251693761 -35169.745892087 -22756327.2456708 11712.6932558307
90071830.6357023 7628693907.39356 63481308855.6188 -53323.6531481509 -35542.0335511082 -22756327.2455523 11641.9350768152
90083403.1082326 7011353085.57733 63067829278.0891 -53367.1570078469 -35918.1379334553 -22756327.2454369 11572.472530355
90094907.4630001 6397162632.88837 62652434505.1265 -53407.6752039501 -36298.1037238024 -22756327.2453241 11504.3547674833
90106345.5425244 5786064487.10646 62235064291.2093 -53445.1183444449 -36681.9928624794 -22756327.2452142 11438.0795243025
90117718.6335688 5178030526.21598 61815676942.5742 -53479.3919049589 -37069.8496485288 -22756327.2451077 11373.0910444202
90129028.3979152 4573012900.06503 61394215493.9212 -53510.3992442584 -37461.731709829 -22756327.2450047 11309.7643463945
90140276.2238066 3970978736.5888 60970631497.1594 -53538.0394437101 -37857.6879845093 -22756327.244904 11247.8258913548
90151463.7661796 3371881288.99479 60544864863.4305 -53562.2086375385 -38257.7773920278 -22756327.2448072 11187.5423729943
90162592.7920055 2775668238.23458 60116849277.556 -53582.7991890512 -38662.0638733332 -22756327.2447124 11129.0258258964
90173664.9993614 2182291435.9407 59686519001.0303 -53599.6990779499 -39070.6099384381 -22756327.2446218 11072.2073558679
90184682.0599865 1591704688.98011 59253807291.7909 -53612.7918577201 -39483.4780266831 -22756327.2445345 11017.0606251022
90195645.8351844 1003852245.53163 58818637805.0791 -53621.9566414342 -39900.7386500726 -22756327.2444496 10963.7751979231
90206557.9530028 418691528.781631 58380941204.4825 -53627.0674211701 -40322.4544173321 -22756327.2443681 10912.1178184154
90217420.5362537 -163845829.292457 57940625946.166 -53627.9931981287 -40748.7080534514 -22756327.2442899 10862.5832508754
90228235.4855893 -743815466.111573 57497606699.1248 -53624.5971306083 -41179.575016525 -22756327.2442141 10814.9493355651
90239004.8214087 -1321278535.13625 57051790541.0202 -53616.7363752514 -41615.1366754091 -22756327.2441416 10769.3358194909
90249730.5499292 -1896294430.56548 56603082277.6287 -53604.2617262706 -42055.4750311098 -22756327.244071 10725.7285204824
90260414.9826809 -2468937810.53219 56151370840.4372 -53587.01674418 -42500.6859699437 -22756327.2440033 10684.4327516931
90271060.3967011 -3039280258.38863 55696543139.7843 -53564.8374908997 -42950.8656045086 -22756327.243937 10645.414020117
90281669.2035895 -3607399214.18205 55238476735.3239 -53537.5517431658 -43406.1173360732 -22756327.2438731 10608.8068884124
90292243.9939966 -4173380204.1957 54777037506.1049 -53504.9780903671 -43866.5540696483 -22756327.2438111 10574.790407119
90302787.2274508 -4737300079.80495 54312092908.4056 -53466.9262066239 -44332.2848037797 -22756327.2437491 10543.2334542124
90313301.801368 -5299257283.41001 53843486705.2106 -53423.1941856353 -44803.439693154 -22756327.2436881 10514.573917235
90323790.5479854 -5859344727.05481 53371060622.3845 -53373.5692941958 -45280.1481949502 -22756327.2436275 10488.7466173759
90334256.7239898 -6417675718.55705 52894631995.4374 -53317.8247946214 -45762.5613338454 -22756327.2435656 10466.1760043731
90344703.5024882 -6974356568.94905 52414016129.3631 -53255.7211591093 -46250.8288752556 -22756327.2435017 10446.7784983625
90355134.4380195 -7529511108.60927 51929004641.7112 -53187.0023667047 -46745.1209173648 -22756327.2434363 10430.9355313734
90365553.2416735 -8083268345.06837 51439375010.2946 -53111.3955403731 -47245.6178832107 -22756327.2433667 10418.8036539507
90375963.9032662 -8636200342.04191 50944495389.4839 -53028.5408157639 -47752.9156998041 -22756327.2432923 10410.661592717
90386370.6977035 -9187799040.937 50444687815.6026 -52938.2188956047 -48266.6275482497 -22756327.2432113 10406.7944373177
90396778.1942763 -9738212593.33478 49939685346.4564 -52840.1044613525 -48786.9621835147 -22756327.2431226 10407.4965727344
90407191.1646248 -10287600059.4802 49429197781.2175 -52733.8477426925 -49314.1458871365 -22756327.2430239 10412.9703484874
90417614.7707901 -10836125965.9867 48912915268.153 -52619.0730938822 -49848.4179646466 -22756327.2429137 10423.6061653185
90428054.4915199 -11383969567.0246 48390498064.4701 -52495.3744024325 -50390.0404167417 -22756327.2427874 10439.720729769
90438515.9665615 -11931320188.1506 47861578985.2191 -52362.3127772128 -50939.2943597433 -22756327.2426414 10461.4750416613
90449005.164511 -12478368255.6046 47325770274.7251 -52219.4155331177 -51496.4716088182 -22756327.2424731 10489.1979494514
90459527.7300443 -13025313221.7774 46782654120.9181 -52066.1709443824 -52061.8830243901 -22756327.2422767 10522.5655333618
90470089.1462092 -13572328656.4494 46231815763.5988 -51902.0350227124 -52635.8222790671 -22756327.2420459 10561.416164913
90480694.034008 -14119570072.5577 45672835465.3432 -51726.4281373455 -53218.5721386375 -22756327.2417746 10604.8877988071
90491345.2371994 -14667138099.7927 45105326373.8973 -51538.7464308171 -53810.3627283261 -22756327.2414536 10651.2031913266
90502042.7003791 -15215031438.7044 44528986625.9428 -51338.3822090481 -54411.3147942388 -22756327.241076 10697.4631797542
90512781.7126958 -15763090524.3225 43943666309.1369 -51124.7556107649 -55021.3676668251 -22756327.2406287 10739.0123167071
90523550.5901862 -16310910746.0247 43349474156.1411 -50897.3696112798 -55640.1666069604 -22756327.2401023 10768.8774903867
90534328.8763983 -16857730368.1946 42746922849.5207 -50655.8935263825 -56266.9117868665 -22756327.2394876 10778.2862120689
90545085.2928238 -17401246911.7996 42138298613.1249 -50400.7887675817 -56898.9404950637 -22756327.2387843 10756.4164255037
90555780.3787523 -17938867999.7155 41526373421.9974 -50132.9024568624 -57533.0824589323 -22756327.2380013 10695.0859285172
90566370.5279708 -18468314797.4931 40913740816.7845 -49853.2099627697 -58166.362252179 -22756327.2371492 10590.1492185016
90576814.908331 -18987497171.6443 40302945922.0507 -49562.8654295156 -58795.8752414883 -22756327.2362461 10444.3803601654
90587081.7658744 -19494825171.1444 39696100983.0661 -49263.0050497525 -59419.1928702211 -22756327.2353096 10266.8575434022
90597150.7907886 -19989315054.7727 39094712899.3246 -48954.6154942352 -60034.5413971175 -22756327.2343521 10069.0249142093
90607012.7766358 -20470557465.4908 38499666354.1282 -48638.4661817933 -60640.8146000323 -22756327.2333856 9861.98584719304
90616666.5460757 -20938552483.383 37911376571.5126 -48315.1348489586 -61237.4102581837 -22756327.2324181 9653.76943991692
90626116.7210049 -21393589888.0643 37329902101.8184 -47985.0278918919 -61824.1077520266 -22756327.2314558 9450.17492921187
90635371.070268 -21836112900.4356 36755092849.9444 -47648.4350355272 -62400.9113859805 -22756327.2305017 9254.34926308959
90644439.3644828 -22266658099.1312 36186653120.6559 -47305.5487619713 -62967.9815455858 -22756327.2295547 9068.29421484448
90653331.9210396 -22685782908.1705 35624228678.2602 -46956.5061569708 -63525.543401572 -22756327.2286181 8892.55655679966
90662058.9000694 -23094031025.4781 35067450794.467 -46601.412428157 -64073.8405993367 -22756327.2276917 8726.97902978527
90670630.3257709 -23491932898.8367 34515935806.8426 -46240.3396230671 -64613.1338966343 -22756327.2267747 8571.42570148029
90679055.6016966 -23879982983.8944 33969317571.7556 -45873.3477581768 -65143.6679402893 -22756327.2258692 8425.27592572351
90687343.5588654 -24258642368.0958 33427246442.8631 -45500.4859258894 -65665.6716197747 -22756327.2249718 8287.95716875523
90695502.3438226 -24628334140.4212 32889398625.499 -45121.8006686231 -66179.3486240691 -22756327.2240844 8158.78495720196
90703539.5725676 -24989450982.8598 32355468080.1463 -44737.3325173675 -66684.8850295297 -22756327.2232075 8037.22874501536
90711462.2148997 -25342350522.3912 31825176003.8172 -44347.1247841789 -67182.4401992865 -22756327.2223411 7922.64233209492
90719276.8674784 -25687368102.3721 31298254292.0476 -43951.2134492523 -67672.1623676327 -22756327.2214842 7814.65257874871
90726989.4510767 -26024803887.6713 30774467388.165 -43549.6451952183 -68154.1683014749 -22756327.2206368 7712.58359825862
90734605.4992566 -26354936267.707 30253594371.414 -43142.4660098341 -68628.5603115579 -22756327.2198 7616.04817989338
90742130.2595505 -26678026599.6345 29735423123.0771 -42729.717826197 -69095.4315388989 -22756327.2189736 7524.7602939423
90749568.5664339 -26994314082.7671 29219760051.484 -42311.4473590427 -69554.8571814252 -22756327.2181573 7438.30688338295
90756924.8401619 -27304016259.6 28706431326.2621 -41887.7086905086 -70006.8938169121 -22756327.2173533 7356.27372793296
90764203.331057 -27607339736.7766 28195266785.1989 -41458.5512425024 -70451.5938780748 -22756327.2165608 7278.49089515658
90771408.0025241 -27904475488.1897 27686108772.1417 -41024.0278155397 -70888.9978765032 -22756327.2157798 7204.67146707166
90778542.5332051 -28195599321.4712 27178812768.2112 -40584.1961739765 -71319.1341638707 -22756327.2150121 7134.53068105828
90785610.441136 -28480877263.8574 26673239240.3301 -40139.1128592056 -71742.0260928671 -22756327.2142563 7067.90793082054
90792615.0019994 -28760462467.81 26169260012.9755 -39688.8394019456 -72157.686768758 -22756327.2135143 7004.5608634299
90799559.3622129 -29034500000.9982 25666750690.4711 -39233.4362829685 -72566.1255444979 -22756327.2127857 6944.36021353691
90806446.4327067 -29303122843.3308 25165598788.8914 -38772.9708273213 -72967.3415266205 -22756327.2120728 6887.07049379134
90813279.0602057 -29566458824.8438 24665691752.3557 -38307.5068356783 -73361.3334433853 -22756327.2113733 6832.62749903645
90820059.8683415 -29824624608.7089 24166928900.842 -37837.1160349341 -73748.0902384321 -22756327.2106905 6780.80813578738
90826791.4762725 -30077734239.9289 23669205753.815 -37361.8638330999 -74127.6034890982 -22756327.2100234 6731.60793095582
90833476.3283149 -30325892737.1623 23172426825.4928 -36881.8216413955 -74499.8574783877 -22756327.2093735 6684.85204238745
90840116.6773174 -30569195779.3316 22676507287.005 -36397.0691235193 -74864.8284146815 -22756327.2087407 6640.34900252077
90846714.9003604 -30807741389.3693 22181349650.8976 -35907.6716999758 -75222.5016947344 -22756327.2081251 6598.22304298146
90853273.0657483 -31041614183.8536 21686876356.7271 -35413.712684521 -75572.8480414507 -22756327.2075286 6558.16538792898
90859793.2801417 -31270898150.7038 21193004040.1353 -34915.2683159897 -75915.842457597 -22756327.2069511 6520.21439340304
90866277.5046451 -31495670128.3414 20699657565.1244 -34412.4219098945 -76251.4542694901 -22756327.2063932 6484.22450334006
90872727.6919014 -31716004728.2786 20206759843.3811 -33905.2538157471 -76579.6543267102 -22756327.2058563 6450.1872562862
90879145.7012257 -31931971436.7215 19714238445.5044 -33393.8482899018 -76900.4105200828 -22756327.2053394 6418.00932431436
90885533.4001542 -32143638110.6113 19222017979.8601 -32878.2857650694 -77213.6928413552 -22756327.204844 6387.69892854294
90891892.4828352 -32351065002.5358 18730034227.6472 -32358.657779821 -77519.4644141147 -22756327.2043691 6359.08268101431
90898224.6583392 -32554311134.3843 18238219820.1885 -31835.0522142856 -77817.6908511676 -22756327.2039189 6332.17550392702
90904531.6709672 -32753434827.7526 17746502692.931 -31307.5515474757 -78108.340868894 -22756327.2034903 6307.01262807339
90910815.1112365 -32948487728.6503 17254820918.092 -30776.2488220497 -78391.3774530693 -22756327.203084 6283.44026929854
90917076.5474 -33139519132.5301 16763112640.3903 -30241.2371060614 -78666.7641609455 -22756327.2027011 6261.43616351218
90923317.5437185 -33326576531.1182 16271314725.1078 -29702.6080570559 -78934.4658216054 -22756327.2023435 6240.99631840836
90929539.6023877 -33509703876.7783 15779367423.0259 -29160.4570842393 -79194.4459790642 -22756327.2020097 6222.05866921792
90935744.2438078 -33688943997.83 15287208133.8291 -28614.8765766149 -79446.6702851061 -22756327.2017002 6204.64142010902
90941932.9272953 -33864336276.5528 14794777761.5068 -28065.9629649478 -79691.1031485058 -22756327.2014179 6188.68348746298
90948107.0888801 -34035917812.4119 14302017827.7204 -27513.8136329487 -79927.709365912 -22756327.2011609 6174.16158480493
90954268.1460129 -34203723572.2261 13808870179.9961 -26958.5266481189 -80156.4542960448 -22756327.2009282 6161.05713281166
90960417.5057745 -34367786620.0623 13315276410.821 -26400.2001536105 -80377.3041363291 -22756327.2007222 6149.35976165847
90966556.5971945 -34528138945.2115 12821175322.4117 -25838.9295182182 -80590.2269716429 -22756327.200541 6139.09141994189
90972686.7289497 -34684807769.7006 12326514460.1334 -25274.8204963173 -80795.1878609644 -22756327.2003875 6130.13175525942
90978809.2889159 -34837820787.3158 11831234130.5401 -24707.9711298036 -80992.1557923484 -22756327.2002597 6122.55996614306
90984925.6469444 -34987203563.9149 11335275272.1892 -24138.4806918047 -81181.1001561417 -22756327.2001595 6116.35802848782
90991037.1701041 -35133093860.2041 10838184917.2792 -23565.9947371914 -81362.1311761585 -22756327.2000866 6111.52315975958
90997145.0994441 -35275362872.15 10340405943.9889 -22991.1906065809 -81535.0296017111 -22756327.2000399 6107.92933999779
91003250.7653344 -35414030510.4471 9841888516.69006 -22414.1813083367 -81699.7694040068 -22756327.2000198 6105.6658902781
91009355.5904868 -35549117205.9347 9342574925.9963 -21835.071252832 -81856.3283568593 -22756327.2000265 6104.82515243741
91015460.8100581 -35680643696.4513 8842399325.87508 -21253.955882894 -82004.6874636244 -22756327.2000618 6105.21957131427
91021567.8194017 -35808624954.2061 8341310720.02738 -20670.9484090891 -82144.8240529586 -22756327.2001243 6107.00934350183
91027677.8990297 -35933077701.8202 7839244540.83059 -20086.1468364573 -82276.72028538 -22756327.200213 6110.07962809621
91033792.3797928 -36054014567.4359 7336145265.61731 -19499.6602935164 -82400.3566620671 -22756327.2003274 6114.4807630379
91039912.61225 -36171447533.4942 6831952918.78764 -18911.5933610769 -82515.7157941652 -22756327.200469 6120.23245723626
91046039.9297318 -36285387218.3547 6326605632.03939 -18322.0490790006 -82622.7815363997 -22756327.2006364 6127.31748181885
91052175.6732805 -36395842155.5633 5820042751.10116 -17731.1326077808 -82721.5382825415 -22756327.2008295 6135.74354866243
91058321.2039695 -36502819266.5883 5312202840.83709 -17138.9489393309 -82811.9714446798 -22756327.2010479 6145.53068903826
91064477.8922932 -36606324038.3529 4803022722.22878 -16545.6018126122 -82894.0675759014 -22756327.2012916 6156.68832368036
91070647.1486573 -36706360293.0354 4292438407.3189 -15951.1948466851 -82967.8141413218 -22756327.201561 6169.25636410956
91076830.3595982 -36802930628.7379 3780382627.98145 -15355.8287134683 -83033.1997937859 -22756327.2018547 6183.21094091494
91083028.9488742 -36896035361.7001 3266790188.35488 -14759.6074156293 -83090.2136030714 -22756327.2021728 6198.58927600906
91089244.3656072 -36985673467.2141 2751592958.94524 -14162.6325133478 -83138.8457160691 -22756327.2025151 6215.41673298221
91095478.0791529 -37071842314.4141 2234720920.56368 -13565.0044040185 -83179.0871011374 -22756327.2028794 6233.713545642
91101731.5665413 -37154537532.7835 1716102654.94929 -12966.8229571555 -83210.9294313919 -22756327.2032685 6253.48738848436
91108006.3725281 -37233752807.3196 1195666457.24582 -12368.1888594482 -83234.3649989025 -22756327.2036791 6274.8059867576
91114304.0435638 -37309480575.6373 673335406.881849 -11769.1980212638 -83249.3868673512 -22756327.2041111 6297.67103564901
91120626.1673874 -37381711103.2025 149032933.401942 -11169.9480720591 -83255.9885041142 -22756327.204566 6322.12382362476
91126974.3664611 -37450432914.7779 -377320404.158094 -10570.5347460293 -83254.1638580548 -22756327.2050414 6348.19907374051
91133350.2938316 -37515632625.741 -905806293.608593 -9971.05270227171 -83243.9072385068 -22756327.2055373 6375.92737051505
91139755.7361914 -37577294822.3201 -1436508244.3186 -9371.59611146672 -83225.2132534675 -22756327.2060509 6405.44235971758
91146192.4146042 -37635402899.7819 -1969520078.00084 -8772.24923223679 -83198.0762722145 -22756327.2065849 6436.67841283197
91152662.1001235 -37689937061.8993 -2504929251.71693 -8173.10536698699 -83162.4909737283 -22756327.2071376 6469.68551935
91159166.7250878 -37740875424.8513 -3042826391.12865 -7574.25616853393 -83118.452109265 -22756327.2077084 6504.62496425726
91165708.2160433 -37788194678.437 -3583314437.87722 -6975.78169028061 -83065.953426901 -22756327.2082968 6541.49095549694
91172288.5452442 -37831868575.8072 -4126494644.98865 -6377.76621334543 -83004.9885543834 -22756327.2089019 6580.32920086151
91178909.798438 -37871868289.8999 -4672470750.69253 -5780.29372064441 -82935.5507179251 -22756327.2095227 6621.25319384486
91185574.1283136 -37908162673.1082 -5221354479.91931 -5183.44209330542 -82857.6318952782 -22756327.2101598 6664.32987562982
91192283.7551386 -37940717753.7757 -5773261542.68064 -4587.28778226524 -82771.2230569357 -22756327.2108116 6709.6268249272
91199041.0331935 -37969496592.1045 -6328311547.84894 -3991.90613664071 -82676.3140798302 -22756327.2114778 6757.27805492134
91205848.491374 -37994459361.8116 -6886633343.0442 -3397.36597855042 -82572.8926407404 -22756327.2121582 6807.45818050421
91212708.526931 -38015563127.4444 -7448368173.21147 -2803.72674309797 -82460.9431282109 -22756327.2128515 6860.03555702836
91219623.9320446 -38032760716.2978 -8013644234.26759 -2211.06567502531 -82340.4516190095 -22756327.2135577 6915.40511362224
91226597.4700974 -38046002033.1308 -8582619912.3081 -1619.43260766003 -82211.396924724 -22756327.2142754 6973.53805276597
91233632.0729705 -38055232533.7242 -9155448612.75918 -1028.88749774137 -82073.7575009017 -22756327.2150035 7034.60287310736
91240730.9212537 -38060393481.1254 -9732294792.06365 -439.484027835382 -81927.507913471 -22756327.2157426 7098.84828322802
91247897.224653 -38061421527.575 -10313340238.2071 148.736082782342 -81772.6167141998 -22756327.2164917 7166.30339929772
91255134.5159246 -38058248242.8865 -10898765787.2112 735.723862146028 -81609.0508979838 -22756327.2172523 7237.29127155686
91262446.4899187 -38050799746.3279 -11488775057.4279 1321.44642511109 -81436.7692644859 -22756327.2180214 7311.97399415684
91269836.998617 -38038996181.4663 -12083580901.8078 1905.87242852373 -81255.7256131481 -22756327.2187986 7390.50869824688
91277310.3167005 -38022751378.7833 -12683404650.3991 2488.97068579276 -81065.8688773496 -22756327.2195845 7473.3180835682
91284871.0124172 -38001971715.2407 -13288497218.2681 3070.72972270944 -80867.1360435924 -22756327.2203794 7560.69571668257
91292523.7178708 -37976555500.9876 -13899128029.245 3651.14551445695 -80659.4547775902 -22756327.2211809 7652.70545353794
91300273.8086128 -37946393257.1245 -14515565964.2451 4230.20244495347 -80442.7497676461 -22756327.2219896 7750.09074203528
91308126.5391515 -37911364432.9491 -15138133526.7485 4807.92306559137 -80216.9234511396 -22756327.222806 7852.73053872102
91316088.1514207 -37871340098.104 -15767136547.1563 5384.30075311339 -79981.8804131977 -22756327.223628 7961.61226919771
91324164.9037007 -37826176885.7653 -16402952375.1304 5959.3796628932 -79737.4947067056 -22756327.2244601 8076.75228000385
91332364.1092162 -37775720715.5311 -17045951115.5984 6533.1803485058 -79483.6384396206 -22756327.2252965 8199.20551552192
91340693.0125374 -37719799604.3138 -17696577470.799 7105.7713944364 -79220.1495600258 -22756327.2261386 8328.90332115082
91349160.0595627 -37658229531.4585 -18355260183.2753 7677.18643304297 -78946.8671930474 -22756327.2269902 8467.04702525625
91357773.6524854 -37590804442.7038 -19022511525.0102 8247.50917054983 -78663.5908858261 -22756327.2278471 8613.59292275498
91366543.4874333 -37517304108.7331 -19698827463.4261 8816.78422042895 -78370.121700041 -22756327.2287126 8769.83494790775
91375479.6797039 -37437482030.4811 -20384791536.6155 9385.10311435206 -78066.2178905112 -22756327.2295847 8936.19227055104
91384592.5027426 -37351070833.5615 -21081004197.499 9952.54090640913 -77751.6247476923 -22756327.2304635 9112.82303874842
91393892.5746639 -37257784225.7253 -21788061182.0228 10519.1373435348 -77426.0856335221 -22756327.2313495 9300.07192129246
91403389.8541397 -37157314916.7132 -22506566839.9899 11084.9071592107 -77089.3376587083 -22756327.2322426 9497.27947583303
91413092.9979551 -37049345815.273 -23237055685.1767 11649.7790077326 -76741.1508600663 -22756327.2331429 9703.14381535369
91423008.1159872 -36933560252.4587 -23979943687.7501 12213.5636338017 -76381.3564831241 -22756327.2340465 9915.11803207226
91433135.1743057 -36809662106.2339 -24735435327.8275 12775.8940626071 -76009.898992924 -22756327.234951 10127.0583185183
91443466.6213347 -36677431494.9134 -25503255899.3786 13336.0483782706 -75626.9791112947 -22756327.2358484 10331.4470289822
91453983.550268 -36536761569.2445 -26282560045.45 13892.921968978 -75233.1166223746 -22756327.2367301 10516.9289333089
91464654.5603475 -36387735140.0979 -27071660311.5053 14444.8846757478 -74829.3065873742 -22756327.2375836 10671.0100795449
91475437.3758394 -36230672760.9186 -27867967161.8236 14989.8064978169 -74417.0714838155 -22756327.2383914 10782.8154918632
91486284.759613 -36066140160.9875 -28668137201.4446 15525.226264613 -73998.4004789263 -22756327.2391367 10847.3837736419
91497152.5946328 -35894879275.9023 -29468533994.2168 16048.7068707196 -73575.5124210491 -22756327.239809 10867.8350197228
91508005.6951644 -35717926404.7454 -30264754334.4053 16557.5551331278 -73151.101547978 -22756327.240397 10853.1005316701
91518821.1534782 -35536172346.3244 -31053625647.4005 17050.103977381 -72727.2602307628 -22756327.2408991 10815.458313735
91529586.3156144 -35350049795.8915 -31834273106.4243 17526.256213776 -72304.8591986356 -22756327.2413263 10765.162136255
91540296.9277768 -35159856990.3528 -32606450800.8341 17986.3312111742 -71884.4100238525 -22756327.2416878 10710.6121624053
91550953.8300781 -34965798118.3176 -33370287248.7691 18430.8719740005 -71466.1938939817 -22756327.2419963 10656.90230123
91561560.923096 -34768010267.6845 -34126129848.5421 18860.5311419765 -71050.3432959363 -22756327.2422576 10607.0930179787
91572123.7908885 -34566583940.4801 -34874440950.888 19275.9993050061 -70636.8990546386 -22756327.2424817 10562.8677924274
91582649.0876527 -34361572487.1364 -35615751103.4118 19677.972978445 -70225.8376877998 -22756327.2426753 10525.2967642308
91593143.1416859 -34153018969.4599 -36350559250.3397 20067.0988760597 -69817.1290641907 -22756327.2428432 10494.0540331864
91603612.4030633 -33940948629.8077 -37079364379.335 20443.9930159485 -69410.7215236539 -22756327.2429905 10469.2613773599
91614063.1027959 -33725376666.8341 -37802641684.7958 20809.2297480245 -69006.5574978932 -22756327.2431207 10450.6997326677
91624501.3071382 -33506308336.6043 -38520846688.326 21163.3460952167 -68604.57340035 -22756327.243237 10438.2043422809
91634932.3197613 -33283598206.1348 -39234865269.7061 21507.0578024372 -68204.449251954 -22756327.2433424 10431.0126231018
91645361.1664172 -33057510544.0732 -39944230000.3729 21840.4076585342 -67806.6102465972 -22756327.2434378 10428.8466559457
91655792.854259 -32828045347.1966 -40649309945.2228 22163.8347909183 -67411.001374085 -22756327.2435265 10431.6878417269
91666231.6538338 -32595193554.9502 -41350466313.2722 22477.7544489246 -67017.5609842062 -22756327.2436094 10438.7995748577
91676681.7525582 -32358953966.454 -42048004652.0005 22782.5384330717 -66626.2488032217 -22756327.2436881 10450.0987243684
91687147.0486697 -32119319748.2556 -42742219569.4959 23078.5374622726 -66237.0218646796 -22756327.243763 10465.2961114896
91697631.056194 -31876283776.8118 -43433381323.9371 23366.0767242565 -65849.8429204307 -22756327.2438374 10484.0075243175
91708137.1377134 -31629841669.5296 -44121730161.1522 23645.4553046025 -65464.6843681992 -22756327.2439098 10506.0815193916
91718668.4697165 -31379987076.5667 -44807492201.8408 23916.9543013821 -65081.5200039786 -22756327.2439814 10531.3320030963
91729228.0645548 -31126713009.5177 -45490877488.3639 24180.8371261544 -64700.3266972442 -22756327.2440534 10559.594838329
91739818.6176307 -30870011809.2202 -46172081751.8193 24437.3512581774 -64321.0839108129 -22756327.2441268 10590.553075886
91750442.8576459 -30609879362.599 -46851276952.9914 24686.7257845615 -63943.7793928597 -22756327.2442002 10624.2400152333
91761103.3007844 -30346306972.7503 -47528634145.4226 24929.180841217 -63568.3968393275 -22756327.2442751 10660.4431384269
91771802.4518176 -30079287691.8053 -48204307879.7265 25164.9225153023 -63194.9249190461 -22756327.2443509 10699.1510332173
91782542.5355043 -29808811637.8067 -48878449237.3055 25394.1481764318 -62823.3503632074 -22756327.2444286 10740.0836866764
91793325.686334 -29534873047.1045 -49551189079.9555 25617.0413512155 -62453.6674795977 -22756327.2445087 10783.1508297382
91804153.9573777 -29257465827.5282 -50222650351.2313 25833.7766936033 -62085.8715711249 -22756327.2445912 10828.2710437386
91815029.4957384 -28976583551.4171 -50892948790.9626 26044.5206982359 -61719.9587606719 -22756327.2446756 10875.5383606369
91825954.2743564 -28692215051.5681 -51562203851.979 26249.435442391 -61355.9202576439 -22756327.2447629 10924.7786179822
91836930.1735775 -28404351529.6822 -52230522175.6928 26448.673716467 -60993.7515779261 -22756327.244853 10975.8992211323
91847958.9583169 -28112984661.5982 -52898002859.184 26642.3811785935 -60633.4498011103 -22756327.2449455 11028.784739404
91859042.3922519 -27818107393.1941 -53564736250.6782 26830.6964339675 -60275.014341984 -22756327.2450399 11083.4339350249
91870182.1551685 -27519711048.7395 -54230811003.3467 27013.7533904603 -59918.4432739735 -22756327.2451377 11139.7629165561
91881380.0284396 -27217787657.7715 -54896309159.3008 27191.6801259813 -59563.7360988641 -22756327.2452378 11197.8732711322
91892637.6492568 -26912325027.4375 -55561317286.1358 27364.6020823992 -59210.8879357496 -22756327.2453413 11257.6208172285
91903956.4718726 -26603313492.3013 -56225911838.5075 27532.6383443143 -58859.8974418475 -22756327.2454474 11318.8226157887
91915338.2569962 -26290747176.3486 -56890157150.8017 27695.9016010392 -58510.7678821201 -22756327.2455554 11381.7851235391
91926784.3608043 -25974610567.7417 -57554134226.7453 27854.5054216568 -58163.492083986 -22756327.2456667 11446.103808135
91938296.3204532 -25654898247.5804 -58217899106.588 28008.5542371715 -57818.074388112 -22756327.2457802 11511.9596489186
91949875.6820904 -25331598768.492 -58881517224.9898 28158.1518823981 -57474.5126913466 -22756327.2458973 11579.3616371829
91961523.7635428 -25004699434.0721 -59545053279.865 28303.3991617056 -57132.8038827539 -22756327.2460163 11648.081452412
91973242.1314537 -24674193092.0322 -60208557747.7215 28444.3911159878 -56792.9508238259 -22756327.2461381 11718.3679108881
91985032.0525704 -24340064701.1937 -60872094215.3047 28581.2230816313 -56454.9483600183 -22756327.2462623 11789.9211166741
91996894.9047641 -24002306958.9939 -61535708173.7221 28713.9841904266 -56118.7993576345 -22756327.2463884 11862.8521936607
92008832.205352 -23660908685.2781 -62199450458.7821 28842.7624520827 -55784.5027561269 -22756327.2465174 11937.30058791
92020845.1053303 -23315853964.8178 -62863378642.2649 28967.6448970478 -55452.0530284771 -22756327.2466486 12012.8999783616
92032935.1874167 -22967136810.5182 -63527528930.7648 29088.7123889687 -55121.4543020623 -22756327.2467816 12090.0820863751
92045103.6207158 -22614738110.1588 -64191960505.6827 29206.0479881625 -54792.6982386438 -22756327.2469175 12168.4332991523
92057351.7118831 -22258650190.6811 -64856708780.3239 29319.7284832212 -54465.7873617245 -22756327.2470551 12248.0911672693
92069680.9012755 -21898860864.6109 -65521815925.4019 29429.8300623967 -54140.7198878946 -22756327.2471945 12329.1893923547
92082092.1169693 -21535353493.8921 -66187330445.1492 29536.4280979368 -53817.4900932213 -22756327.2473357 12411.2156938672
92094586.9931522 -21168126094.9873 -66853272413.3077 29639.5917237743 -53496.1051908389 -22756327.2474785 12494.8761828933
92107166.7800114 -20797155391.2569 -67519699092.5808 29739.3942654712 -53176.5535811584 -22756327.2476234 12579.7868591602
92119832.6033414 -20422429009.6939 -68186646192.8171 29835.9039710813 -52858.833372254 -22756327.2477703 12665.8233299931
92132585.6619995 -20043937925.6007 -68854142133.144 29929.1865503743 -52542.9453652968 -22756327.2479181 12753.0586580774
92145427.3479275 -19661670613.1556 -69522218558.4105 30019.306774025 -52228.8880577749 -22756327.2480679 12841.685928016
92158358.984044 -19275609417.5814 -70190916462.4 30106.3292035513 -51916.654887722 -22756327.2482181 12931.6361164823
92171381.6528801 -18885738406.1995 -70860272369.3828 30190.316300016 -51606.2408098486 -22756327.2483709 13022.6688360899
92184496.6847991 -18492048607.9131 -71530309661.3345 30271.3275311996 -51297.6462449257 -22756327.2485247 13115.0319190415
92197705.5972402 -18094523311.1219 -72201063851.5586 30349.4225802314 -50990.8653884654 -22756327.2486794 13208.9124410614
92211009.2260205 -17693139832.5899 -72872579133.1851 30424.6607215747 -50685.8880024207 -22756327.2488358 13303.6287803242
92224408.747832 -17287895962.5305 -73544864338.7334 30497.09601399 -50382.7193784991 -22756327.2489936 13399.5218114671
92237905.5700051 -16878778972.1858 -74217945189.1445 30566.7833749589 -50081.3564927239 -22756327.2491519 13496.8221731748
92251500.8481412 -16465768881.8302 -74891858297.1887 30633.7776579657 -49781.7909636555 -22756327.2493107 13595.2781360545
92265196.0111966 -16048853208.4472 -75566626962.5007 30698.1311949754 -49484.0199002171 -22756327.2494712 13695.163055378
92278992.2676467 -15628010911.4772 -76242287384.1148 30759.8964314815 -49188.0342750415 -22756327.2496326 13796.25645014
92292890.5744386 -15203227543.9126 -76918864120.4537 30819.1235959697 -48893.8297912181 -22756327.249795 13898.3067918866
92306892.2954936 -14774496292.26 -77596368915.2915 30875.8608507001 -48601.4072254446 -22756327.2499576 14001.721054972
92320999.240009 -14341797689.9431 -78274832884.6892 30930.1570630396 -48310.7585096058 -22756327.2501211 14106.9445154162
92335211.673919 -13905098331.2437 -78954307772.6723 30982.0615592147 -48021.8665351385 -22756327.2502859 14212.4339100488
92349531.3166961 -13464412484.1059 -79634770400.9727 31031.616993585 -47734.7456714298 -22756327.2504504 14319.6427770362
92363959.2694756 -13019709342.7723 -80316267086.5816 31078.870445495 -47449.3803421494 -22756327.2506156 14427.9527795246
92378497.2988134 -12570977174.9322 -80998813851.0611 31123.8658179357 -47165.7674686612 -22756327.2507808 14538.029337788
92393145.9635746 -12118183465.5797 -81682457497.1013 31166.648093995 -46883.8909187981 -22756327.250947 14648.6647612112
92407906.8690183 -11661333244.2774 -82367187389.213 31207.2577607127 -46603.7579695854 -22756327.2511127 14760.9054436426
92422781.0627933 -11200398908.5764 -83053041574.3613 31245.7375385574 -46325.3555005425 -22756327.2512791 14874.1937750874
92437769.6987674 -10735370205.8009 -83740031469.4476 31282.1277471534 -46048.6809997523 -22756327.251446 14988.6359740729
92452874.6658653 -10266233557.1506 -84428173029.146 31316.4682440542 -45773.7297532064 -22756327.2516129 15104.9670979116
92468096.6065946 -9792952332.43368 -85117515218.9542 31348.7996592785 -45500.4836926189 -22756327.25178 15221.9407292501
92483437.4469915 -9315528922.61284 -85808049404.6867 31379.1590747914 -45228.9474201613 -22756327.2519472 15340.8403968814
92498897.5456218 -8833925478.49554 -86499824798.1863 31407.5854557205 -44959.1024637927 -22756327.2521145 15460.0986303586
92514479.1178616 -8348153355.68075 -87192819321.2541 31434.1140774787 -44690.957966639 -22756327.2522817 15581.5722397847
92530182.4831056 -7858165604.74383 -87887093836.2869 31458.7827977323 -44424.4906303155 -22756327.2524488 15703.365243967
92546009.6274521 -7363974894.254 -88582623959.7099 31481.625640752 -44159.7097890325 -22756327.2526159 15827.1443465838
92561961.5021841 -6865541500.90633 -89279458970.9651 31502.6785386925 -43896.5963411026 -22756327.2527828 15951.8747319645
92578039.2907231 -6362858296.33517 -89977601745.7321 31521.9752156537 -43635.148682481 -22756327.2529492 16077.7885389684
92594244.6810682 -5855910898.30258 -90677065075.5896 31539.5491397852 -43375.3611704783 -22756327.2531154 16205.3903451587
92610578.5030788 -5344669056.50687 -91377883118.8139 31555.4336516928 -43117.2200887987 -22756327.2532811 16333.8220105485
92627042.6411628 -4829129642.14613 -92080052353.6021 31569.6605928602 -42860.7254642001 -22756327.2534471 16464.1380840071
92643638.0378034 -4309256307.84233 -92783614178.9408 31582.2621475673 -42605.8607066128 -22756327.2536128 16595.3966406209
92660365.9219529 -3785042503.41129 -93488569024.9131 31593.2690888458 -42352.6240245342 -22756327.253778 16727.8841495241
92677228.0645688 -3256472714.92016 -94194929272.8625 31602.7119055527 -42101.009044765 -22756327.2539425 16862.1426158563
92694225.3336948 -2723514375.79576 -94902729594.8875 31610.6207792146 -41851.001366362 -22756327.254107 16997.2691259988
92711359.3394705 -2186163537.84398 -95611966175.9917 31617.0248713457 -41602.6000983316 -22756327.2542703 17134.0057756918
92728631.2676967 -1644392887.21166 -96322665875.2418 31621.9531492556 -41355.793381041 -22756327.2544341 17271.9282262476
92746042.5143673 -1098188618.99833 -97034837364.8545 31625.4338863332 -41110.5756012553 -22756327.2545967 17411.2466705458
92763594.5994434 -547530382.051824 -97748497591.9323 31627.4949069138 -40866.9381375798 -22756327.2547593 17552.0850761876
92781288.6911701 7605991.83514577 -98463668027.7965 31628.1635126083 -40624.870753997 -22756327.2549205 17694.091726654
92799126.1830159 567233437.352517 -99180355318.5415 31627.4664864695 -40384.3681380205 -22756327.2550819 17837.4918458
92817108.1515341 1131371898.39505 -99898574878.3983 31625.4301526062 -40145.4218785583 -22756327.2552423 17981.9685182249
92835236.8975484 1700031178.81832 -100618328992.745 31622.0804239149 -39908.0277907688 -22756327.2554026 18128.7460142808
92853513.1941661 2273259673.47513 -101339668343.467 31617.4424767114 -39672.1657062862 -22756327.2555618 18276.2966176888
92871938.6885645 2851057337.13685 -102062582046.616 31611.5413308645 -39437.8356540471 -22756327.2557204 18425.4943984219
92890514.6401054 3433451630.54836 -102787093615.868 31604.4013618873 -39205.0262951327 -22756327.2558784 18575.9515408958
92909242.5588198 4020457617.04429 -103513210770.944 31596.046636308 -38973.7313308289 -22756327.2560358 18727.9187143893
92928123.6373301 4612098141.7994 -104240950633.391 31586.5006984178 -38743.9413673328 -22756327.2561922 18881.0785103336
92947159.3620867 5208385878.9944 -104970317567.38 31575.7868450584 -38515.6509573646 -22756327.2563477 19035.7247565845
92966350.9032582 5809342639.03219 -105701326953.647 31563.9278273489 -38288.8510872734 -22756327.2565026 19191.5411715271
92985700.7913748 6414980099.12344 -106433981641.147 31550.9462076771 -38063.5365436297 -22756327.2566569 19349.8881166124
93005208.8775912 7025352697.67859 -107168335754.552 31536.8631884232 -37839.6863848688 -22756327.2568102 19508.0862163768
93024877.8034009 7640430191.49704 -107904341222.717 31521.7015238807 -37617.3107993669 -22756327.2569625 19668.9258096737
93044709.093941 8260270184.43823 -108642055310.72 31505.481536922 -37396.3878697375 -22756327.2571146 19831.2905400755
93064704.0110163 8884894885.58829 -109381492304.656 31488.2239614038 -37176.9088071354 -22756327.2572656 19994.9170753147
93084863.5263113 9514318040.88094 -110122656281.491 31469.9494143287 -36958.8677864289 -22756327.2574158 20159.5152950441
93105189.6546955 10148544112.7536 -110865540419.721 31450.6784857164 -36742.2620174818 -22756327.2575645 20326.1283842174
93125683.3726827 10787610215.4429 -111610176019.087 31430.4304462465 -36527.0775076845 -22756327.2577128 20493.717987154
93146346.6560356 11431520627.238 -112356555799.569 31409.2252429618 -36313.3114280438 -22756327.2578599 20663.2833529454
93167181.142914 12080310852.5448 -113104708579.635 31387.0814834631 -36100.9505199453 -22756327.2580066 20834.4868783822
93188188.1273519 12734005580.1486 -113854650244.119 31364.0177656442 -35889.9852903437 -22756327.2581518 21006.9844378694
93209369.3093708 13392618512.7813 -114606383880.619 31340.0527559994 -35680.4098121524 -22756327.2582965 21181.1820189499
93230726.0856905 14056175896.6707 -115359926756.376 31315.2043615137 -35472.2141478171 -22756327.2584403 21356.7763196498
93252259.5778801 14724694276.0703 -116115284890.664 31289.4905369543 -35265.3914605891 -22756327.2585828 21533.4921896549
93273972.0009848 15398181410.3187 -116872454364.413 31262.9293028474 -35059.9375250937 -22756327.2587247 21712.4231046868
93295865.1467751 16076679060.7059 -117631469312.369 31235.5370429247 -34855.8377638286 -22756327.2588656 21893.1457902761
93317939.8652955 16760215504.2946 -118392348257.453 31207.330336187 -34653.0819486975 -22756327.2590055 22074.7185204011
93340198.8663844 17448789423.9052 -119155076693.029 31178.3267121866 -34451.668591305 -22756327.2591441 22259.0010888396
93362643.0621849 18142457308.3478 -119919703993.178 31148.5409898502 -34251.5793071325 -22756327.2592822 22444.1958005842
93385273.1870647 18841219358.7871 -120686217015.62 31117.9900853045 -34052.8122043593 -22756327.2594192 22630.1248797135
93408091.8300537 19545070118.1409 -121454596742.904 31086.6909650331 -33855.3666592455 -22756327.2595551 22818.6429890835
93431101.1860797 20254061620.0642 -122224886866.702 31054.6577883858 -33659.2258707848 -22756327.25969 23009.3560259306
93454301.7894409 20968233329.2686 -122997116724.732 31021.9049490425 -33464.3769469323 -22756327.2598243 23200.603361198
93477696.0316991 21687572951.6208 -123771259565.031 30988.4489644344 -33270.8211243953 -22756327.2599571 23394.2422582561
93501284.6842633 22412125606.5705 -124547350525.1 30954.3034642151 -33078.5440360683 -22756327.2600889 23588.6525641879
93525071.1461619 23141885990.3926 -125325370489.044 30919.4841961642 -32887.5447978313 -22756327.2602202 23786.4618985596
93549054.8295079 23876929845.8851 -126105386535.48 30884.0027930105 -32697.8013930436 -22756327.2603502 23983.6833460152
93573239.3913602 24617209448.2506 -126887334424.636 30847.8765928659 -32509.3238212952 -22756327.2604791 24184.5618523393
93597625.119103 25362807958.8554 -127671288431.955 30811.1163580649 -32322.0885002889 -22756327.260607 24385.7277427514
93622215.1656455 26113704314.9594 -128457212676.641 30773.7377153782 -32136.0983657808 -22756327.2607343 24590.0465425077
93647010.1196121 26869965500.4873 -129245163490.459 30735.7517047374 -31951.3344394252 -22756327.2608602 24794.9539666087
93672011.798112 27631579321.3091 -130035114286.161 30697.1730954234 -31767.7973278009 -22756327.2609853 25001.6784999085
93697222.6407272 28398571177.082 -130827077717.687 30658.0145706402 -31585.4783436407 -22756327.2611094 25210.8426152062
93722643.9442552 29170985268.2005 -131621085531.049 30618.2876244102 -31404.3645014056 -22756327.2612321 25421.3035279771
93748277.6300749 29948830491.4105 -132417132894.759 30578.0053448904 -31224.4512412647 -22756327.2613542 25633.685819694
93774126.157153 30732134639.2478 -133215234307.023 30537.1796462036 -31045.7295871374 -22756327.2614752 25848.5270781547
93800190.0241107 31520941620.0877 -134015420359.02 30495.8213868355 -30868.1870636515 -22756327.2615954 26063.8669576294
93826471.2236995 32315235272.5582 -134817660605.042 30453.9443788556 -30691.8247380532 -22756327.2617143 26281.1995888382
93852972.3167703 33115044833.3298 -135621970715.121 30411.5598713167 -30516.6333718108 -22756327.2618321 26501.0930708079
93879693.968617 33920416500.7288 -136428383070.13 30368.6780086232 -30342.6002057702 -22756327.2619492 26721.651846677
93906640.010193 34731338599.314 -137236871953.635 30325.3118264388 -30169.7250477031 -22756327.2620651 26946.0415760611
93933810.4412982 35547895252.8184 -138047507022.928 30281.4690520979 -29997.9873365484 -22756327.2621801 27170.4311051883
93961207.7731728 36370054124.4817 -138860241907.321 30237.1634696646 -29827.3912454685 -22756327.2622941 27397.33187452
93988834.2366203 37197858763.5322 -139675105593.651 30192.4046171244 -29657.9249369481 -22756327.2624072 27626.4634475204
94016691.7799917 38031343878.7005 -140492117968.66 30147.2023226838 -29489.578614986 -22756327.262519 27857.5433714677
94044780.3978448 38870535338.7763 -141311290010.105 30101.5667172132 -29322.3443979316 -22756327.2626301 28088.6178530575
94073103.3879084 39715400003.3379 -142132575303.783 30055.5109823405 -29156.2259953269 -22756327.2627401 28322.9900635854
94101663.8884358 40566003933.1889 -142956024070.441 30009.0427345765 -28991.2074512661 -22756327.2628493 28560.500527426
94130464.7876431 41422407875.8072 -143781680627.273 29962.1696977992 -28827.2743093599 -22756327.2629575 28800.8992073166
94159503.1572353 42284664588.6145 -144609580945.415 29914.89986111 -28664.4140312387 -22756327.2630645 29038.3695921755
94188785.2144265 43152652638.9851 -145439594214.459 29867.2506184971 -28502.6466517966 -22756327.2631705 29282.0571911277
94218311.3475566 44026523953.7561 -146271851587.346 29819.2242150532 -28341.9408751331 -22756327.263276 29526.1331301664
94248083.5883624 44906255825.0392 -147106316824.231 29770.8323245058 -28182.2981853918 -22756327.2633801 29772.240805737
94278103.7019462 45791874407.4904 -147943000368.645 29722.0837891393 -28023.7109657289 -22756327.2634835 30020.113583892
94308373.2573815 46683397644.784 -148781904819.416 29672.9877554753 -27866.1731059564 -22756327.2635858 30269.5554352448
94338897.4156562 47580837427.5161 -149623027104.58 29623.5535584544 -27709.6795326491 -22756327.2636875 30524.1582747002
94369673.3692899 48484311667.2562 -150466463013.526 29573.7845496219 -27554.2069829745 -22756327.263788 30775.9536337312
94400707.9650314 49393702093.8084 -151312087675.28 29523.6969506226 -27399.7729289784 -22756327.2638875 31034.5957414933
94431999.9165323 50309175653.156 -152160041865.678 29473.2911359093 -27246.3461260121 -22756327.2639858 31291.9515009322
94463551.7300455 51230658726.3744 -153010242680.774 29422.5805935343 -27093.9361589287 -22756327.2640835 31551.8135131754
94495367.6367089 52158189466.7578 -153862711058.997 29371.5725213123 -26942.5336761664 -22756327.2641804 31815.9066633643
94527447.719394 53091856211.8127 -154717513505.167 29320.2712311845 -26792.1214604361 -22756327.2642763 32080.0826851172
94559795.8271165 54031625138.5536 -155574604337.815 29268.6876225018 -26642.702170577 -22756327.2643712 32348.1077224689
94592411.524562 54977572568.1094 -156434038483.803 29216.8264194914 -26494.260849326 -22756327.2644655 32615.6974455371
94625296.2716937 55929649200.9925 -157295756585.715 29164.6991101714 -26346.8023343858 -22756327.2645586 32884.7471317078
94658457.6143928 56887861138.4737 -158159750072.632 29112.3140102999 -26200.3224954778 -22756327.2646507 33161.3426991156
94691894.4886142 57852391170.0417 -159026168950.801 29059.6696711913 -26054.7906197323 -22756327.2647421 33436.8742213913
94725607.7178421 58823170887.5687 -159894936633.595 29006.7782601457 -25910.2144419382 -22756327.2648326 33713.2292279224
94759600.0784772 59800186900.2747 -160766026667.627 28953.6488034254 -25766.5929744854 -22756327.2649223 33992.3606351295
94793876.3320154 60783482229.7721 -161639463039.113 28900.2871373371 -25623.916850776 -22756327.2650113 34276.2535381501
94828434.5454106 61773156719.3617 -162515319605.236 28846.6959195445 -25482.1688014432 -22756327.265099 34558.2133951792
94863279.1068455 62769116588.0574 -163393498756.34 28792.8881828381 -25341.3593492822 -22756327.2651862 34844.5614349185
94898414.2865724 63771450293.1657 -164274064146.687 28738.8669801565 -25201.4729226645 -22756327.2652725 35135.1797269149
94933839.7057732 64780242121.4491 -165157074890.563 28684.6355143443 -25062.4950244582 -22756327.2653579 35425.4192007506
94969557.0237555 65795442490.6702 -166042472735.406 28630.2040850593 -24924.4297040189 -22756327.2654423 35717.3179823355
95005572.3080967 66817060307.3866 -166930251033.851 28575.5797222976 -24787.2727244007 -22756327.2655262 36015.2843412171
95041884.5644174 67845230013.2297 -167820511765.778 28520.7626602362 -24651.0032505739 -22756327.2656091 36312.2563207095
95078497.2058575 68879883866.4896 -168713181357.23 28465.7638330324 -24515.6275133757 -22756327.2656913 36612.6414400763
95115413.513772 69921079739.6922 -169608295109.656 28410.5873703312 -24381.1350352902 -22756327.2657728 36916.3079144605
95152634.2362018 70968871194.1803 -170505884167.388 28355.2375536127 -24247.5161419379 -22756327.2658533 37220.7224298378
95190162.2902919 72023239553.8217 -171405917710.368 28299.7223859585 -24114.7704168026 -22756327.265933 37528.0540901153
95228000.4339605 73084227425.6761 -172308417418.369 28244.0465354385 -23982.8896295799 -22756327.2660118 37838.1436685394
95266148.8350209 74151872467.2125 -173213400509.116 28188.2148483594 -23851.8663024845 -22756327.2660899 38148.4010604674
95304612.346323 75226139045.7053 -174120822190.082 28132.2359014957 -23721.7018958067 -22756327.2661674 38463.5113021306
95343393.2577188 76307123223.9354 -175030748982.302 28076.1113107378 -23592.3818795618 -22756327.2662438 38780.9113957972
95382493.6453509 77394848358.2954 -175943185632.77 28019.8464115472 -23463.9007260855 -22756327.2663198 39100.3876320631
95421915.4669497 78489331514.1694 -176858131602.237 27963.4467749716 -23336.2536595228 -22756327.2663949 39421.8215987678
95461662.9891459 79590586187.8366 -177775583419.295 27906.9180630825 -23209.4362986638 -22756327.2664691 39747.5221962587
95501735.262961 80698689943.6573 -178695590790.581 27850.2625750751 -23083.4369904566 -22756327.2665426 40072.2738150895
95542136.2475662 81813574628.7677 -179618082409.831 27793.4899755939 -22958.2606727162 -22756327.2666155 40400.9846051266
95582872.4220922 82935308655.1492 -180543100388.449 27736.6028584624 -22833.8967445719 -22756327.2666876 40736.1745260816
95623939.6566261 84064029502.5042 -181470742966.763 27679.6002922652 -22710.3273702156 -22756327.2667589 41067.2345338194
95665344.1871738 85199580343.2298 -182400866434.583 27622.4961312346 -22587.5669771064 -22756327.2668296 41404.5305477203
95707089.3832604 86342091255.894 -183333562855.543 27565.2896599346 -22465.5986007219 -22756327.2668995 41745.1960866121
95749175.851959 87491612267.1899 -184268858071.187 27507.9841591395 -22344.4142608284 -22756327.2669686 42086.4686986188
95791606.7794307 88648117028.7569 -185206715775.392 27450.5866382289 -22224.014038968 -22756327.2670373 42430.9274716591
95834385.1199312 89811649933.9563 -186147157252.173 27393.1004990046 -22104.3905514886 -22756327.267105 42778.3405005296
95877513.6681357 90982248539.3493 -187090198034.353 27335.5294224607 -21985.537235408 -22756327.2671721 43128.548204476
95920992.2839661 92159945606.0721 -188035849634.387 27277.8772627163 -21867.4480986841 -22756327.2672386 43478.6158304381
95964826.5138927 93344693607.2268 -188984059288.029 27220.1517123604 -21750.1251177883 -22756327.2673043 43834.2299265839
96009018.663454 94536599752.9488 -189934898183.254 27162.3528407261 -21633.5549043066 -22756327.2673693 44192.1495612532
96053570.9837668 95735682374.5167 -190888366054.892 27104.4850028792 -21517.7330318817 -22756327.2674336 44552.3203128629
96098488.4095928 96941958047.5654 -191844461278.528 27046.5525635287 -21402.6552359762 -22756327.2674973 44917.4258259567
96143770.1501514 98155515506.8848 -192803239195.393 26988.5563721455 -21288.3104832912 -22756327.2675604 45281.7405585943
96189420.8291533 99376288406.4266 -193764632530.371 26930.5046285399 -21174.7024058845 -22756327.2676227 45650.6790018768
96235442.1835203 100604356343.321 -194728689276.834 26872.398492371 -21061.8209107581 -22756327.2676845 46021.3543670184
96281838.7154301 101839720695.144 -195695395733.396 26814.2427838097 -20949.663238537 -22756327.2677457 46396.5319098594
96328611.8429404 103082456687.838 -196664795912.263 26756.0387869788 -20838.2199695495 -22756327.2678061 46773.1275102325
96375759.8050494 104332556427.855 -197636868765.731 26697.7916346983 -20727.4892486509 -22756327.2678658 47147.9621090055
96423292.8104943 105589927273.598 -198611527945.279 26639.5102842412 -20617.4764722316 -22756327.2679251 47533.0054449751
96471215.0234643 106854795438.519 -199588934211.014 26581.1888542577 -20508.159175175 -22756327.2679836 47922.2129699425
96519521.1087728 108127224712.789 -200569121423.59 26522.8290291019 -20399.5295532183 -22756327.2680416 48306.0853085578
96568217.9117739 109407026797.948 -201551929761.065 26464.4439418451 -20291.6011110813 -22756327.268099 48696.8030010917
96617309.1143215 110694336564.195 -202537448424.386 26406.0318340524 -20184.359742626 -22756327.2681557 49091.2025475601
96666798.2619363 111989204217.549 -203525701024.485 26347.5948080036 -20077.7987424668 -22756327.268212 49489.1476147897
96716688.7585308 113291675807.774 -204516707750.059 26289.1351202024 -19971.9118659724 -22756327.2682676 49890.4965944709
96766980.6876713 114601793132.369 -205510485347.339 26230.6551814102 -19866.6933132671 -22756327.2683227 50291.9291405965
96817677.3606438 115919510586.137 -206506984387.192 26172.1612330443 -19762.1442632819 -22756327.2683771 50696.6729724658
96868785.1702192 117244867129.099 -207506219723.998 26113.6556699425 -19658.259058002 -22756327.2684309 51107.8095753396
96920303.6768817 118577981535.019 -208508265958.684 26055.1373535483 -19555.0259743613 -22756327.2684844 51518.506662562
96972239.2986158 119918793767.891 -209513063020.932 25996.6129680138 -19452.44725872 -22756327.2685372 51935.6217341017
97024591.2272763 121267422070.802 -210520684585.357 25938.081345832 -19350.5114703116 -22756327.2685893 52351.9286604888
97077362.3160253 122623796483.963 -211531063484.852 25879.5494587942 -19249.2214986772 -22756327.2686411 52771.0887489908
97130555.2728054 123987942087.006 -212544203855.273 25821.020068025 -19148.5729428779 -22756327.2686921 53192.9567801131
97184179.0653258 125359879864.709 -213560106778.583 25762.4960589669 -19048.5617233667 -22756327.2687427 53623.7925204449
97238229.4101985 126739791385.913 -214578891730.47 25703.9734732739 -18949.1722741813 -22756327.2687927 54050.344872636
97292715.3620918 128127516609.857 -215600425706.612 25645.4628200426 -18850.4137546003 -22756327.2688422 54485.951893319
97347635.3053347 129523238101.362 -216624828376.052 25586.9600591407 -18752.2707668599 -22756327.2688913 54919.943242891
97402994.989006 130926864234.605 -217652017668.367 25528.472650267 -18654.7474011657 -22756327.2689397 55359.6836713288
97458796.2333842 132338491670.269 -218682049680.14 25470.0001153309 -18557.8345315738 -22756327.2689877 55801.2443781964
97515044.5628179 133758116218.638 -219714906610.769 25411.546141118 -18461.5300891016 -22756327.2690352 56248.3294336534
97571741.4940706 135185827507.978 -220750638849.463 25353.1105119022 -18365.8256793072 -22756327.2690822 56696.9312527505
97628888.3517364 136621612841.453 -221789222315.551 25294.6971811549 -18270.7198707529 -22756327.2691286 57146.8576658332
97686493.8393972 138065454657.707 -222830629723.244 25236.3102172655 -18176.2114485986 -22756327.2691745 57605.4876607151
97744555.3878803 139517521215.783 -223874967572.957 25177.9461573023 -18082.2871388234 -22756327.2692199 58061.5484831733
97803081.9005878 140977695920.899 -224922137178.488 25119.6129804155 -17988.9522245804 -22756327.2692649 58526.5127074085
97862071.2837114 142446150643.087 -225972246988.956 25061.3070665433 -17896.1934653841 -22756327.2693094 58989.3831236939
97921528.5681684 143922780563.035 -227025207222.176 25003.0357819769 -17804.0152473671 -22756327.2693533 59457.2844569976
97981456.8674776 145407659427.373 -228081055924.344 24944.7993438849 -17712.4106413492 -22756327.2693968 59928.2993091189
98041860.9583264 146900812448.93 -229139796368.702 24886.5998619086 -17621.3758216482 -22756327.2694399 60404.0908487928
98102745.5108517 148402305768.008 -230201460710.386 24828.4378252948 -17530.9045306065 -22756327.2694826 60884.5525253444
98164112.264974 149912202135.645 -231266078378.981 24770.3138533215 -17440.9908454907 -22756327.2695247 61366.7541223054
98225965.6365903 151430491169.268 -232333627145.95 24712.231351235 -17351.6332438371 -22756327.2695666 61853.3716163255
98288308.9037278 152957228423.001 -233404131218.714 24654.1911528271 -17262.8263087016 -22756327.2696078 62343.2671374925
98351139.5021084 154492440808.144 -234477594556.545 24596.1951614729 -17174.5663595379 -22756327.2696487 62830.598380546
98414469.1536078 156036011488.006 -235553920998.126 24538.2506237187 -17086.8578568962 -22756327.269689 63329.6514994307
98478296.75251 157588174324.192 -236633258991.583 24480.3515741562 -16999.6853237357 -22756327.269729 63827.5989022327
98542627.0799553 159148847559.244 -237715536804.678 24422.5038698866 -16913.0512650641 -22756327.2697685 64330.3274452214
98607464.8246137 160718093503.154 -238800783005.44 24364.7079418674 -16826.9500668554 -22756327.2698077 64837.7446584996
98672809.4215303 162295971495.43 -239889023823.816 24306.9643287888 -16741.3763873426 -22756327.2698464 65344.5969165533
98738669.3052132 163882412781.532 -240980197238.805 24249.2782089427 -16656.3318135272 -22756327.2698849 65859.8836828655
98805048.8301743 165477566836.458 -242074391411.218 24191.6467793674 -16571.8062198827 -22756327.2699229 66379.5249611726
98871945.711092 167081483114.511 -243171625237.694 24134.0708972864 -16487.7950108199 -22756327.2699603 66896.8809176772
98939363.953461 168694050596.783 -244271808093.701 24076.5571132481 -16404.3019237223 -22756327.2699974 67418.2423689698
99007315.7315837 170315310285.134 -245374953644.549 24019.1064494162 -16321.3226512412 -22756327.2700341 67951.778122743
99075799.4614273 171945498396.735 -246481207724.55 23961.7130593805 -16238.8431221599 -22756327.2700705 68483.7298435894
99144814.6034271 173584519871.335 -247590490723.77 23904.3828067783 -16156.866243942 -22756327.2701063 69015.1419998142
99214370.1920312 175232305323.772 -248702741203.321 23847.1205239598 -16075.3933979865 -22756327.2701417 69555.588604119
99284468.2839278 176889013662.564 -249818051878.119 23789.9230700785 -15994.4146734594 -22756327.2701768 70098.0918965452
99355116.4093938 178554636535.994 -250936402346.313 23732.7931119778 -15913.9285110483 -22756327.2702115 70648.1254659935
99426313.414263 180229295124.843 -252057859067.097 23675.7288560211 -15833.9271389036 -22756327.2702459 71197.0048692368
99498063.6854051 181912904190.197 -253182350131.722 23618.735528395 -15754.4127008338 -22756327.27028 71750.2711420724
99570368.5801876 183605509729.479 -254309891710.107 23561.8138278164 -15675.3810236259 -22756327.2703138 72304.8947825228
99643236.6164009 185307085951.307 -255440452184.385 23504.9668322948 -15596.8312889058 -22756327.2703469 72868.0362133258
99716671.8709764 187017775074.822 -256574111476.162 23448.1919882584 -15518.7549629958 -22756327.2703798 73435.2545754301
99790676.7681959 188737613930.205 -257710879126.188 23391.4902790432 -15441.1484981609 -22756327.2704125 74004.8972195303
99865247.4985911 190466600285.638 -258850738874.006 23334.8639443624 -15364.0101158681 -22756327.2704446 74570.7303952206
99940402.7713684 192204586678.098 -259993579266.383 23278.3198809794 -15287.3443654371 -22756327.2704767 75155.2727772868
100016135.538737 193951949860.445 -261139633389.55 23221.8479235501 -15211.132734203 -22756327.2705083 75732.7673689831
100092453.753657 195708466121.782 -262288739640.822 23165.4573944166 -15135.3831639681 -22756327.2705395 76318.2149192153
100169365.334681 197474260431.626 -263440965314.977 23109.1462930934 -15060.0883404155 -22756327.2705703 76911.5810243288
100246870.109903 199249455613.211 -264596375642.077 23052.9127451632 -14985.2412453276 -22756327.2706009 77504.7752217411
100324971.102768 201033987096.802 -265754913702.268 22996.7608087496 -14910.84282539 -22756327.2706311 78100.9928656486
100403672.954928 202827864099.256 -266916570887.941 22940.6921412661 -14836.89084588 -22756327.2706611 78701.8521593709
100482981.374848 204631132637.24 -268081362433.229 22884.7072222261 -14763.3815641163 -22756327.2706907 79308.4199201408
100562897.186533 206443862490.373 -269249318724.976 22828.8057926597 -14690.3103361612 -22756327.27072 79915.8116849503
100643429.47106 208266011379.342 -270420397930.643 22772.9910261741 -14617.6770525692 -22756327.2707489 80532.2845275912
100724580.619987 210097724871.873 -271594678925.219 22717.2603197467 -14545.4741333675 -22756327.2707776 81151.1489261606
100806352.858316 211938995372.442 -272772141988.01 22661.6157574194 -14473.7001591938 -22756327.2708061 81772.2383293237
100888753.120665 213789811447.32 -273952765162.947 22606.0594866342 -14402.3538117071 -22756327.270834 82400.2623490706
100971781.386122 215650267833.459 -275136594199.121 22550.590446275 -14331.4296968788 -22756327.2708617 83028.2654569148
101055448.309404 217520301726.756 -276323574533.227 22495.2122569809 -14260.9284563714 -22756327.2708892 83666.9232822698
101139748.58276 219400090353.043 -277513803945.991 22439.9214092031 -14190.8416970477 -22756327.2709163 84300.2733559025
101224700.670621 221289451735.274 -278707152671.044 22384.724949533 -14121.1744595402 -22756327.2709432 84952.0878612816
101310288.817857 223188736361.073 -279903827303.569 22329.6143397072 -14051.9121485769 -22756327.2709699 85588.1472357336
101396533.456056 225097528895.705 -281103551681.721 22274.6032707652 -13983.0681711869 -22756327.2709961 86244.6381988064
101483440.775919 227016222001.198 -282306558338.167 22219.682016789 -13914.6265834362 -22756327.2710222 86907.3198629918
101570994.145705 228944888680.896 -283512877864.765 22164.8501733422 -13846.5832469622 -22756327.2710478 87553.3697861253
101659234.63618 230883096456.602 -284722225555.192 22110.1215748059 -13778.9516465253 -22756327.2710733 88240.4904748686
101748124.450246 232831689625.661 -285935113226.078 22055.4739977471 -13711.700756604 -22756327.2710985 88889.8140661218
101837694.360538 234789768832.547 -287150966370.798 22000.9342248524 -13644.8599939318 -22756327.2711234 89569.9102919468
101927939.398045 236757948316.092 -288370152482.996 21946.4865856208 -13578.4065794929 -22756327.271148 90245.037507212
102018869.529512 238736053639.891 -289592548757.021 21892.1374299609 -13512.3448130219 -22756327.2711724 90930.1314665312
102110500.674156 240724238104.428 -290818235375.755 21837.8840243565 -13446.6679458364 -22756327.2711966 91631.1446441395
102202816.628639 242722783008.279 -292047370395.94 21783.7202535404 -13381.3652646585 -22756327.2712206 92315.9544834104
102295824.652606 244731268690.9 -293279680819.016 21729.6589736759 -13316.4489586444 -22756327.2712442 93008.0239671255
102389542.804742 246749788070.482 -294515209621.014 21675.699037075 -13251.9143021638 -22756327.2712675 93718.1521361662
102483967.428748 248778666490.843 -295754141144.493 21621.8331772439 -13187.7493660694 -22756327.2712907 94424.624005652
102579094.582138 250817757560.38 -296996370957.988 21568.0667224681 -13123.957319335 -22756327.2713135 95127.1533900158
102674928.516137 252866910024.116 -298241792669.853 21514.4049839281 -13060.5412559434 -22756327.2713361 95833.9339984244
102771489.666463 254926149821.751 -299490408211.358 21460.848534914 -12997.4986504965 -22756327.2713585 96561.1503268147
102868773.642554 256995848954.824 -300742428602.977 21407.3890237665 -12934.8165683468 -22756327.2713807 97283.9760908602
102966789.697469 259075845427.147 -301997741005.322 21354.0319778064 -12872.4984498475 -22756327.2714026 98016.054914987
103065544.365602 261166269314.534 -303256409293.593 21300.7753582506 -12810.5388919276 -22756327.2714242 98754.6681332122
103165029.921723 263267191473.871 -304518461226.972 21247.6186748177 -12748.9343613369 -22756327.2714456 99485.5561205714
103265255.278329 265378379667.428 -305783742875.408 21194.569040533 -12687.690135368 -22756327.2714668 100225.356605699
103366240.887808 267499955564.08 -307052313108.19 21141.6245715331 -12626.8010790231 -22756327.2714878 100985.609479785
103467969.685987 269632282827.419 -308324374459.122 21088.7774567268 -12566.2553531194 -22756327.2715085 101728.79817819
103570470.806854 271774932127.578 -309599656170.877 21036.0395493161 -12506.0636941698 -22756327.2715291 102501.120866913
103673729.605451 273928447655.2 -310878467413.289 20983.3986621832 -12446.209389373 -22756327.2715495 103258.798597611
103777754.620587 276092451669.147 -312160568948.55 20930.8652444582 -12386.7015654402 -22756327.2715696 104025.015135924
103882551.351043 278267054079.312 -313446011656.862 20878.4377421021 -12327.5356877542 -22756327.2715895 104796.730455982
103988125.162551 280452300225.383 -314734807924.706 20826.1161821374 -12268.7090590393 -22756327.2716091 105573.811508358
104094487.459109 282648232067.825 -316026968047.128 20773.9006689268 -12210.2191040272 -22756327.2716286 106362.296557481
104201631.329011 284855016108.043 -317322575268.595 20721.7883710743 -12152.0600106551 -22756327.2716479 107143.869902018
104309561.676489 287072438431.73 -318621489501.957 20669.7854237987 -12094.2359997516 -22756327.2716669 107930.347477552
104418314.209553 289300530723.342 -319923715307.678 20617.8920915756 -12036.7447340795 -22756327.2716857 108752.533064845
104527862.793469 291539957703.82 -321229625949.545 20566.0940367689 -11979.5678169902 -22756327.2717045 109548.583915883
104638237.424939 293790108585.046 -322538850045.818 20514.40651183 -11922.7195992715 -22756327.271723 110374.631470181
104749404.516977 296051527141.653 -323851689057.359 20462.8181021396 -11866.1850495082 -22756327.2717413 111167.092037871
104861394.02172 298323453688.047 -325167687584.597 20411.347132347 -11809.9817629387 -22756327.2717593 111989.504742254
104974210.122516 300606429657.874 -326487145434.232 20359.9822485795 -11754.094845718 -22756327.2717773 112816.100796613
105087863.722161 302900467552.48 -327810055076.888 20308.7241819359 -11698.5226904899 -22756327.271795 113653.599644436
105202352.959937 305205715695.014 -329136487119.957 20257.5706373494 -11643.2604450749 -22756327.2718124 114489.237776405
105317674.509832 307522062835.905 -330466362689.611 20206.5250807308 -11588.3095123749 -22756327.2718298 115321.549895011
105433846.064093 309849369136.13 -331799587251.129 20155.5915037779 -11533.6718345447 -22756327.271847 116171.554260653
105550850.862264 312187918562.831 -333136309087.184 20104.7646055493 -11479.3394064001 -22756327.271864 117004.79817171
105668712.269178 314537301137.007 -334476279826.582 20054.0541536682 -11425.3203539612 -22756327.2718806 117861.406913177
105787461.336927 316897913485.606 -335819711812.752 20003.4524129367 -11371.6041388109 -22756327.2718972 118749.067749706
105907074.860739 319270301456.879 -337166900186.609 19952.948689882 -11318.1772399804 -22756327.2719136 119613.52381187
106027534.700262 321653925360.255 -338517523100.104 19902.5554527743 -11265.0506944017 -22756327.2719299 120459.83952275
106148892.839593 324048351302.291 -339871321253.407 19852.2826119137 -11212.2327010969 -22756327.2719459 121358.139331463
106271138.54377 326454538214.788 -341228822535.621 19802.110858441 -11159.7008020444 -22756327.2719618 122245.704176483
106394268.430779 328872196349.602 -342589848091.885 19752.0471762465 -11107.4602297234 -22756327.2719776 123129.88700872
106518306.151583 331301183564.089 -343954303437.411 19702.0953300224 -11055.512799844 -22756327.2719932 124037.720804084
106643240.142566 333741890232.138 -345322393072.906 19652.2481387526 -11003.848974377 -22756327.2720087 124933.990983073
106769080.243911 336194012307.822 -346693931755.87 19602.512650397 -10952.4740128027 -22756327.2720239 125840.101345117
106895828.086191 338657667140.257 -348068970772.346 19552.8872569774 -10901.3842041137 -22756327.272039 126747.84228041
107023493.330197 341132810598.753 -349447471133.982 19503.373608971 -10850.5792208621 -22756327.272054 127665.244005947
107152085.617065 343619555038.977 -350829481060.726 19453.9702086749 -10800.0555220445 -22756327.2720688 128592.286868012
107281614.565814 346118011118.685 -352215047423.405 19404.6756278661 -10749.8096804611 -22756327.2720834 129528.948749037
107412075.559927 348628287763.717 -353604215739.138 19355.4885066611 -10699.8383796525 -22756327.2720979 130460.99411233
107543477.97819 351150217772.09 -354996878818.424 19306.412872959 -10650.1437897684 -22756327.2721123 131402.418263172
107675822.408159 353683904962.015 -356393079566.475 19257.4474201219 -10600.7226736833 -22756327.2721264 132344.429968932
107809126.856031 356229283048.926 -357792767087.452 19208.5941256701 -10551.5751313683 -22756327.2721404 133304.44787214
107943377.106965 358786619973.825 -359196074122.787 19159.8485589919 -10502.6948425582 -22756327.2721543 134250.25093417
108078572.993771 361355564991.711 -360602793871.729 19111.2180771159 -10454.0873280518 -22756327.272168 135195.886805626
108214770.895195 363936038512.501 -362012869277.819 19062.704750328 -10405.7527755197 -22756327.2721816 136197.901424444
108351917.277619 366529036758.091 -363426829787.896 19014.2905679709 -10357.671455891 -22756327.272195 137146.382424278
108490068.93603 369133461057.531 -364844061661.894 18965.9967186504 -10309.8626317877 -22756327.2722084 138151.658410348
108629215.985245 371750310865.669 -366265094424.15 18917.8053013239 -10262.3068050818 -22756327.2722216 139147.049214991
108769346.528323 374379317072.701 -367689766477.965 18869.722019539 -10215.007903673 -22756327.2722345 140130.543078024
108910484.038626 377020175230.735 -369117898471.527 18821.7530567593 -10167.9702724552 -22756327.2722474 141137.510303533
109052627.228124 379673247829.136 -370549672083.939 18773.8924319338 -10121.1863263079 -22756327.2722601 142143.189497378
109195794.185639 382338429799.916 -371985015950.073 18726.1426692396 -10074.6568465984 -22756327.2722728 143166.957515609
109339983.263751 385015978876.044 -373424054074.777 18678.4997851914 -10028.3762899749 -22756327.2722853 144189.078111917
109485181.662663 387705782267.853 -374866710919.747 18630.9664247406 -9982.34558757731 -22756327.2722977 145198.398911708
109631412.70386 390407520879.226 -376312801250.737 18583.548763979 -9936.56905947171 -22756327.2723099 146231.041197232
109778684.260851 393121548217.324 -377762500247.895 18536.2411205435 -9891.03957421774 -22756327.272322 147271.556990493
109927014.501548 395847928385.733 -379215827547.637 18489.042952915 -9845.7550096273 -22756327.272334 148330.240697653
110076384.979695 398586914484.854 -380672903062.793 18441.9504900198 -9800.71018193333 -22756327.2723458 149370.478146359
110226818.986978 401338083318.135 -382133487050.102 18394.9715668335 -9755.91101809001 -22756327.2723576 150434.007283434
110378318.717456 404101781602.964 -383597749206.798 18348.1007868074 -9711.35080986974 -22756327.2723692 151499.730477848
110530891.530071 406877966214.363 -385065651933.961 18301.3394375216 -9667.02925294967 -22756327.2723807 152572.81261496
110684544.671884 409666688543.407 -386537207755.447 18254.6871899487 -9622.94451830964 -22756327.2723922 153653.141813478
110839269.007328 412467997215.232 -388012427634.361 18208.143763683 -9579.09484163275 -22756327.2724035 154724.335443845
110995087.698392 415281642616.06 -389491165855.686 18161.7137845027 -9535.48307822806 -22756327.2724146 155818.691063684
111152002.448735 418107962553.728 -390973585664.259 18115.3921514701 -9492.10295095824 -22756327.2724257 156914.750343095
111310020.005272 420946903457.779 -392459644329.137 18069.1802441723 -9448.95429631498 -22756327.2724366 158017.556537583
111469146.981949 423798502988.92 -393949347067.165 18023.0779286168 -9406.03554284946 -22756327.2724474 159126.976676589
111629389.855206 426662795825.181 -395442697493.985 17977.0851156327 -9363.34517632183 -22756327.2724581 160242.873256845
111790766.689742 429539813616.024 -396939697615.828 17931.2017600242 -9320.88173808344 -22756327.2724687 161376.834535714
111953255.126631 432429794738.748 -398440456663.11 17885.4245477616 -9278.64077184774 -22756327.2724791 162488.436889482
112116889.953817 435332253777.59 -399944708246.711 17839.7615964504 -9236.62837290819 -22756327.2724895 163634.827186349
112281689.347499 438247726937.881 -401452715980.25 17794.20488819 -9194.83578210326 -22756327.2724997 164799.393681638
112447625.055837 441176449909.471 -402964586410.65 17748.7512624922 -9153.25877576931 -22756327.2725099 165935.708338242
112614732.231246 444117833817.628 -404480000836.672 17703.4103058319 -9111.90478556091 -22756327.2725199 167107.175408886
112782986.860342 447072415178.733 -405999221151.822 17658.1741679485 -9070.76532004328 -22756327.2725299 168254.629095393
112952406.709354 450039682728.783 -407521970012.033 17613.0510827072 -9029.8465471042 -22756327.2725397 169419.849012536
113123039.968807 453019864188.474 -409048350356.451 17568.03793153 -8989.14431089638 -22756327.2725495 170633.259453062
113294861.856359 456013717872.659 -410578735273.277 17523.1237389284 -8948.64742623126 -22756327.2725592 171821.887551547
113467841.949407 459020718682.201 -412112840800.543 17478.3168777313 -8908.36220341923 -22756327.2725688 172980.093048153
113642033.476109 462040248312.688 -413650337764.638 17433.626865028 -8868.29590310808 -22756327.2725783 174191.526702115
113817423.405662 465073149166.931 -415191641142.222 17389.0415538343 -8828.43636099485 -22756327.2725876 175389.929553338
113994029.550207 468119105598.005 -416736575879.122 17344.5659674639 -8788.7868326495 -22756327.2725968 176606.144544173
114171869.868067 471178338544.995 -418285239636.924 17300.1972317275 -8749.3435236655 -22756327.272606 177840.317860509
114350935.337036 474251068989.145 -419837729333.713 17255.9325415807 -8710.10274072455 -22756327.272615 179065.468968903
114531225.411261 477337051038.722 -421393905925.054 17211.7758183707 -8671.06676719044 -22756327.272624 180290.07422462
114712757.798419 480436186601.979 -422953705742.007 17167.7287782261 -8632.23591723577 -22756327.2726329 181532.387157999
114895568.905646 483548690934.483 -424517222847.436 17123.788675145 -8593.60658172667 -22756327.2726417 182811.107227663
115079625.548905 486675096251.413 -426084709333.323 17079.9483993124 -8555.17136837269 -22756327.2726504 184056.643258935
115264964.140426 489814743516.054 -427655819806.084 17036.2175610669 -8516.93756200106 -22756327.272659 185338.591520759
115451569.494122 492968162810.761 -429230804841.019 16992.5891111483 -8478.89785960961 -22756327.2726675 186605.353695694
115639444.81261 496135004019.049 -430809474729.11 16949.0682368144 -8441.05566091045 -22756327.272676 187875.318488112
115828607.668083 499315231238.267 -432391797381.249 16905.6557054061 -8403.41049874326 -22756327.2726843 189162.855472996
116019060.999983 502509051006.577 -433977861222.008 16862.3489797879 -8365.95905488159 -22756327.2726925 190453.331900426
116210837.28293 505716421405.059 -435567630958.147 16819.1489180246 -8328.7009689242 -22756327.2727007 191776.282947328
116403885.693708 508937796189.739 -437161316539.478 16776.0497384514 -8291.63017875148 -22756327.2727088 193048.410777874
116598277.41003 512172230401.245 -438758436300.62 16733.0643327823 -8254.75668186461 -22756327.2727169 194391.716321237
116793975.917554 515420824729.728 -440359519452.526 16690.1783277064 -8218.0670720626 -22756327.2727247 195698.507524208
116991018.203245 518682875572.077 -441964204463.929 16647.4013049547 -8181.56849588787 -22756327.2727326 197042.285691442
117189421.937734 521958906747.866 -443572734604.847 16604.7266498508 -8145.2542575252 -22756327.2727404 198403.734488562
117389153.552367 525249116553.075 -445185191922.233 16562.1521133428 -8109.12143018193 -22756327.2727481 199731.614632787
117590246.0594 528552854539.886 -446801243051.274 16519.686372618 -8073.17635209527 -22756327.2727557 201092.507033843
117792680.851469 531870573746.615 -448421095370.621 16477.3238251594 -8037.41325326998 -22756327.2727633 202434.792068974
117996511.377331 535201873957.968 -450044539266.118 16435.0697952175 -8001.83561041198 -22756327.2727707 203830.525861188
118201718.711305 538547540021.854 -451671942573.045 16392.9145766199 -7966.4342558927 -22756327.2727781 205207.333974411
118408320.137302 541907165112.588 -453303092334.821 16350.8635777841 -7931.21275903834 -22756327.2727854 206601.425997423
118616333.033822 545280936850.239 -454938064968.525 16308.9146910685 -7896.1683791175 -22756327.2727926 208012.896519896
118825716.875299 548669042216.656 -456576935998.756 16267.0658647514 -7861.29844832014 -22756327.2727998 209383.84147635
119036563.737194 552070726503.282 -458219326130.034 16225.3266106093 -7826.60992210458 -22756327.2728069 210846.86189575
119248815.715106 555487388455.675 -459865895694.631 16183.6800204809 -7792.08781010895 -22756327.2728139 212251.977911272
119462489.76964 558917991226.706 -461516129612.044 16142.1390178638 -7757.74190712408 -22756327.2728209 213674.054533947
119677602.94072 562362713702.45 -463170099770.874 16100.7016047286 -7723.56961585881 -22756327.2728278 215113.171080022
119894137.332931 565821733955.563 -464827877122.748 16059.3658370993 -7689.56840802281 -22756327.2728346 216534.39221092
120112123.624893 569294668373.526 -466489263626.141 16018.1364604774 -7655.74126060927 -22756327.2728414 217986.291962599
120331600.236796 572781913086.761 -468154434661.211 15977.0089225805 -7622.08351901543 -22756327.2728481 219476.611902827
120552527.049382 576283983277.392 -469823620996.115 15935.9773917012 -7588.5895308272 -22756327.2728547 220926.812585895
120774978.554742 579800140181.443 -471496455663.703 15895.0507289215 -7555.26564707512 -22756327.2728612 222451.505360189
120998892.170702 583331469412.632 -473173439938.747 15854.2165301844 -7522.10090352285 -22756327.2728677 223913.615960336
121224321.23464 586876877550.673 -474854039453.76 15813.4876577952 -7489.10488772444 -22756327.2728741 225429.063937173
121451223.676676 590437110494.658 -476538593206.111 15772.8557094032 -7456.26992672368 -22756327.2728805 226902.442035993
121679637.864197 594011405243.343 -478226725705.375 15732.3295457971 -7423.60232056305 -22756327.2728868 228414.187521224
121909580.416414 597600268565.639 -479918662241.963 15691.9035336357 -7391.09666482381 -22756327.272893 229942.552217679
122141083.889575 601203861372.833 -481614463844.408 15651.5760354424 -7358.75080796752 -22756327.2728992 231503.47316007
122374104.401283 604822591444.602 -483314306935.307 15611.3427130509 -7326.56045982799 -22756327.2729053 233020.511708315
122608719.577651 608455671842.705 -485017806959.371 15571.2124874986 -7294.53194009061 -22756327.2729114 234615.176368312
122844822.924481 612104210592.5 -486725468230.046 15531.1733139954 -7262.65483309487 -22756327.2729173 236103.346830262
123082554.447401 615766451803.972 -488436454598.924 15491.244575284 -7230.94375251047 -22756327.2729233 237731.522919112
123321822.839596 619444466104.33 -490151718821.129 15451.4038310671 -7199.38007363962 -22756327.2729292 239268.392195665
123562626.761062 623136737668.907 -491870538727.541 15411.6676843627 -7167.9761705392 -22756327.2729349 240803.921465826
123805085.948631 626843148914.199 -493592846457.82 15372.0374014063 -7136.73221852425 -22756327.2729407 242459.187568857
124049089.233641 630565439612.755 -495319435379.642 15332.4945395562 -7105.63290789764 -22756327.2729464 244003.285009684
124294739.820383 634301800126.352 -497049451179.66 15293.0584649274 -7074.69270299671 -22756327.272952 245650.586742827
124541965.694846 638053709091.485 -498783564083.289 15253.713667451 -7043.89866326087 -22756327.2729576 247225.874462563
124790847.698813 641819963817.592 -500521203530.785 15214.4728739704 -7013.25999146764 -22756327.2729631 248882.003966705
125041378.379564 645601693311.058 -502262875902.071 15175.324417692 -6982.76682277197 -22756327.2729686 250530.680751342
125293549.902639 649398678239.328 -504008464631.06 15136.2707464467 -6952.42033968796 -22756327.272974 252171.523074489
125547377.990379 653210695449.566 -505757852199.717 15097.314277613 -6922.22168823895 -22756327.2729793 253828.087740657
125802878.370293 657037878509.514 -507511085164.409 15058.4537490475 -6892.16915979155 -22756327.2729847 255500.379913754
126060042.588488 660880359392.044 -509268208995.861 15019.6879393723 -6862.26109175612 -22756327.2729899 257164.218195449
126318930.167762 664737906146.126 -511029102838.062 14981.0192874169 -6832.49864955182 -22756327.2729951 258887.579273141
126579419.550389 668611304638.982 -512794110043.862 14942.4400573871 -6802.87518256741 -22756327.2730002 260489.382627564
126841663.608837 672498633526.142 -514562341171.44 14903.9694093889 -6773.40468063058 -22756327.2730053 262244.058447768
127105583.902285 676402070488.29 -516334772614.678 14865.5858304068 -6744.06995270572 -22756327.2730104 263920.293448314
127371311.177925 680320340767.397 -518110810361.524 14827.301970306 -6714.87998456467 -22756327.2730154 265727.27563944
127638720.196181 684255276100.127 -519891268916.078 14789.1000881537 -6685.8205858958 -22756327.2730204 267409.018256219
127907850.510619 688204912994.672 -521675244311.662 14750.9993803997 -6656.90569641083 -22756327.2730253 269130.314438511
128178763.589796 692169732429.235 -523462940100.534 14712.9951943988 -6628.13108866329 -22756327.2730301 270913.079176632
128451377.238979 696150531742.626 -525254700651.569 14675.0799831588 -6599.49038908644 -22756327.2730349 272613.649183104
128725851.365614 700145996910.891 -527049920060.289 14637.2663019227 -6570.99241390941 -22756327.2730397 274474.126634808
129002029.713834 704158361697.069 -528849586518.385 14599.5331232082 -6542.62067479791 -22756327.2730444 276178.348219865
129279999.905777 708185232607.234 -530652611259.539 14561.903045949 -6514.39152332714 -22756327.273049 277970.191943554
129559799.421373 712227782622.864 -532459505775.732 14524.3650808988 -6486.29604937618 -22756327.2730536 279799.51559521
129841443.377514 716286445942.935 -534270448621.399 14486.9153020101 -6458.33069123108 -22756327.2730582 281643.956141516
130124822.043993 720361328822.865 -536085471133.187 14449.5528723669 -6430.49421714131 -22756327.2730627 283378.666479192
130410074.430587 724450736741.939 -537903804384.122 14412.2933252268 -6402.79755998458 -22756327.2730672 285252.386593957
130697189.15269 728556567976.173 -539726278106.958 14375.1193703737 -6375.22723598298 -22756327.2730717 287114.722102508
130986077.366996 732678544572.442 -541552752796.588 14338.0336604886 -6347.78462257652 -22756327.2730761 288888.214306143
131276907.434533 736815283343.915 -543382601407.167 14301.0486260645 -6320.47829429802 -22756327.2730805 290830.067536833
131569538.347144 740969083828.837 -545216825989.194 14264.1437625786 -6293.29251308522 -22756327.2730848 292630.91261103
131864061.806868 745137820036.387 -547054472489.797 14227.338020082 -6266.24064697579 -22756327.2730891 294523.45972413
132160464.880198 749322689834.703 -548896054814.002 14190.6207981739 -6239.314296637 -22756327.2730933 296403.073329897
132458734.132819 753523397412.242 -550741427689.302 14153.9947349425 -6212.51481228923 -22756327.2730975 298269.252621235
132758990.433703 757739642589.327 -552590444889.414 14117.4624335662 -6185.84350537306 -22756327.2731017 300256.300883886
133061085.363274 761973019072.051 -554443789574.296 14081.0101681664 -6159.28979268691 -22756327.2731057 302094.929571397
133365140.295423 766221321713.243 -556300481345.407 14044.6569523367 -6132.86695338875 -22756327.2731098 304054.932148717
133671169.027759 770486147118.914 -558161203740.202 14008.3890925894 -6106.56445411159 -22756327.2731138 306028.732335549
133979129.676517 774767572018.855 -560025974172.99 13972.20603103 -6080.38134791684 -22756327.2731178 307960.648758415
134288924.377996 779064895996.188 -561894472280.12 13936.1137239685 -6054.32139325791 -22756327.2731218 309794.701478839
134600787.925911 783376647368.416 -563766045349.737 13900.1243915724 -6028.3928222412 -22756327.2731256 311863.547915296
134914621.633137 787705981345.967 -565642048312.559 13864.2116821963 -6002.57609581447 -22756327.2731295 313833.707225945
135230494.750661 792051408741.765 -567521819450.542 13828.3880548783 -5976.87965291795 -22756327.2731333 315873.117524105
135548420.939771 796413771654.921 -569405707411.278 13792.6466148611 -5951.29802057641 -22756327.2731371 317926.189110198
135868241.757119 800793138373.148 -571293725113.88 13756.9869113173 -5925.83036931457 -22756327.2731409 319820.817347769
136190141.201423 805187214564.135 -573184869372.645 13721.4275591997 -5900.48944790916 -22756327.2731446 321899.444303484
136514074.620965 809598415871.417 -575080165709.391 13685.9489450287 -5875.26073908941 -22756327.2731483 323933.419542534
136840113.082562 814026011445.237 -576979284188.735 13650.5570012598 -5850.14795646457 -22756327.2731519 326038.461596725
137168093.258887 818470853129.781 -578882574201.818 13615.2449738921 -5825.14580775177 -22756327.2731555 327980.176325101
137498144.774471 822930600502.475 -580789019263.453 13580.0313956652 -5800.26689120779 -22756327.2731591 330051.515583739
137830278.794222 827406904952.222 -582699311798.32 13544.9031102266 -5775.50137919248 -22756327.2731626 332134.019751635
138164567.71123 831899800092.825 -584613450871.694 13509.8598527148 -5750.84858627885 -22756327.2731662 334288.917007449
138500844.255949 836410143850.761 -586531785811.155 13474.8949871165 -5726.30336399503 -22756327.2731696 336276.544719158
138839361.050771 840935563814.284 -588453293090.223 13440.0268458326 -5701.87807839114 -22756327.2731731 338516.794822319
139179949.128961 845479340462.679 -590379350201.014 13405.2301511885 -5677.55453767538 -22756327.2731765 340588.078189941
139522679.601766 850039083111.61 -592308927451.055 13370.5232656115 -5653.34511129026 -22756327.2731799 342730.472804676
139867563.734805 854615627032.593 -594242363721.684 13335.8997700382 -5629.24483186456 -22756327.2731833 344884.133039518
140214615.061316 859209002453.428 -596179656328.311 13301.3594282682 -5605.25306286732 -22756327.2731866 347051.32651046
140563719.864542 863819268974.186 -598120814913.558 13266.9017841976 -5581.3690197821 -22756327.2731899 349104.803226073
140915015.906465 868444801336.558 -600065141375.458 13232.538864925 -5557.60054906234 -22756327.2731931 351296.041922622
141268514.222262 873087309800.683 -602013340790.147 13198.2578452144 -5533.93829433995 -22756327.2731963 353498.315797231
141624290.855201 877746818325.419 -603965407606.738 13164.0585395042 -5510.38167338406 -22756327.2731995 355776.632939281
141982291.6567 882424203763.198 -605921692681.17 13129.9345565032 -5486.92584657356 -22756327.2732027 358000.801499215
142342464.409267 887118628481.989 -607881829200.377 13095.8920473593 -5463.57460788997 -22756327.2732058 360172.752567086
142704948.374503 891829288310.493 -609845466678.485 13061.9367696542 -5440.33144976332 -22756327.2732089 362483.9652352
143069627.874585 896557881604.612 -611813297486.284 13028.0564596175 -5417.18753696587 -22756327.273212 364679.500082907
143436643.620491 901302775965.531 -613784626684.277 12994.2627902155 -5394.150406918 -22756327.273215 367015.745905236
143805806.224098 906065678417.926 -615760147847.862 12960.5435790362 -5371.21132202533 -22756327.273218 369162.603606821
144177325.211458 910844010717.251 -617738776909.564 12926.9169934346 -5348.38219872639 -22756327.273221 371518.987360794
144551146.427248 915640364268.52 -619721572281.651 12893.3647066358 -5325.65015511699 -22756327.2732239 373821.215789331
144927209.606507 920453912301.818 -621708175762.335 12859.8925175818 -5303.01870888883 -22756327.2732269 376063.17925963
145305528.195238 925283757803.025 -623698202547.6 12826.5065659767 -5280.49157781252 -22756327.2732298 378318.588730289
145686246.591178 930129955642.881 -625691661555.282 12793.2063179582 -5258.06795924924 -22756327.2732326 380718.395940209
146069380.017145 934994230670.169 -627689246826.471 12759.9798714005 -5235.73942428764 -22756327.2732355 383133.425967132
146454866.418551 939876645426.998 -629690966803.992 12726.8268522722 -5213.50533476556 -22756327.2732383 385486.401405925
146842720.245958 944776280390.892 -631696428180.455 12693.753499246 -5191.3694781251 -22756327.2732411 387853.827406953
147232883.367275 949693193735.476 -633705639374.053 12660.7593569301 -5169.33114360383 -22756327.2732439 390163.121317046
147625436.606505 954626526028.306 -635718234654.286 12627.8500771561 -5147.39369224686 -22756327.2732466 392553.239230479
148020388.287064 959577176486.86 -637734566327.691 12595.0195440091 -5125.55263641759 -22756327.2732493 394951.680558288
148417888.58029 964545123797.253 -639754610332.158 12562.2678285617 -5103.80762713326 -22756327.273252 397500.293226059
148817736.065382 969532123716.795 -641779063507.624 12529.5833810394 -5082.15062491769 -22756327.2732547 399847.485092307
149220081.233862 974535519440.189 -643806831206.093 12496.9835814944 -5060.59276533134 -22756327.2732573 402345.168479958
149624863.696722 979557067690.948 -645838610209.344 12464.4568941415 -5039.12602985265 -22756327.2732599 404782.462860193
150032090.666575 984595884820.871 -647874026970.655 12432.0089982282 -5017.75379034545 -22756327.2732625 407226.969852423
150441699.905643 989651934131.489 -649913051613.671 12399.6400284477 -4996.47574997155 -22756327.2732651 409609.239068621
150853844.441547 994724319937.208 -651955308833.891 12367.3555610104 -4975.29517982472 -22756327.2732677 412144.53590361
151268461.775783 999814810761.078 -654001495761.412 12335.1442264374 -4954.20423983638 -22756327.2732701 414617.33423583
151685786.185032 1004922504663.96 -656051234112.331 12303.0116626336 -4933.2062537776 -22756327.2732726 417324.40924921
152105526.625638 1010050150327.31 -658105609427.885 12270.9406042463 -4912.28959572353 -22756327.2732751 419740.440606194
152527767.900044 1015194037943.66 -660163118857.799 12238.9542234215 -4891.46902571578 -22756327.2732776 422241.274406395
152952596.141213 1020355083788.61 -662224115163.865 12207.0466351978 -4870.74032924451 -22756327.27328 424828.241168203
153379865.328256 1025534210362.95 -664288951223.389 12175.2120445737 -4850.09938210922 -22756327.2732824 427269.187043763
153809814.717867 1030729510934.52 -666356852337.331 12143.4620236643 -4829.55331904151 -22756327.2732848 429949.389610379
154242378.926203 1035943764564.73 -668428909333.526 12111.7794829271 -4809.09072506972 -22756327.2732871 432564.20833644
154677563.696135 1041176040779.57 -670504735361.328 12080.1700633099 -4788.71491096476 -22756327.2732895 435184.76993177
155115384.903555 1046426275256.94 -672584288813.9 12048.63408355 -4768.42574030279 -22756327.2732918 437821.207420072
155555764.053608 1051694525613.58 -674667576467.969 12017.1711228927 -4748.22260253794 -22756327.2732941 440379.150053318
155998863.065097 1056979717254.64 -676754158357.217 11985.787467977 -4728.1091855959 -22756327.2732964 443099.011488593
156444613.545765 1062283660326.82 -678844733420.839 11954.4722726578 -4708.07819973572 -22756327.2732987 445750.48066797
156893031.361793 1067605399543.15 -680938908634.17 11923.2311190647 -4688.13288856688 -22756327.2733009 448417.816027651
157344120.800758 1072944991068.5 -683036690505.4 11892.0635697806 -4668.27263809273 -22756327.2733031 451089.438965754
157797885.750312 1078302352644.65 -685138031180.742 11860.9699921722 -4648.4973495959 -22756327.2733053 453764.949553218
158254417.293636 1083677397636.17 -687242881334.469 11829.9507642495 -4628.8069311129 -22756327.2733074 456531.543324782
158713644.161469 1089071068629.69 -689351593949.431 11799.0003599462 -4609.19755352223 -22756327.2733095 459226.867832291
159175569.43766 1094482387258.74 -691463770456.969 11768.1243013831 -4589.67239593783 -22756327.2733117 461925.276191358
159640208.978007 1099911257559.49 -693579358386.775 11737.3229881809 -4570.23138255308 -22756327.2733138 464639.540346725
160107732.062799 1105357733583.67 -695698363855.352 11706.5959606348 -4550.87389656327 -22756327.2733159 467523.084791823
160577975.294498 1110823659688.74 -697821487711.038 11675.9327477916 -4531.59303600841 -22756327.2733179 470243.231699605
161050954.499488 1116306986249.38 -699947917326.417 11645.3447684559 -4512.39567545304 -22756327.27332 472979.204989957
161526840.971686 1121807766186.35 -702077658644.433 11614.8315501593 -4493.28119506794 -22756327.273322 475886.472198362
162005652.581229 1127327852359.25 -704211412688.856 11584.382723795 -4474.24279680233 -22756327.273324 478811.609542561
162487142.837844 1132867305027.32 -706349184634.256 11553.9979506942 -4455.27998675707 -22756327.273326 481490.256615355
162971484.201493 1138423136815.66 -708489806258.377 11523.6934716192 -4436.40259211205 -22756327.273328 484341.363648483
163458851.905905 1143997206291.06 -710633979393.588 11493.4589486676 -4417.60385593428 -22756327.2733299 487367.70441235
163949074.533822 1149591383840.84 -712782405798.004 11463.2842029899 -4398.87716943299 -22756327.2733319 490222.627917194
164441977.554454 1155203556330.13 -714934256461.518 11433.1805840316 -4380.22929561498 -22756327.2733338 492903.020631218
164937735.342213 1160831596682.3 -717088702314.218 11403.1592592029 -4361.66683430724 -22756327.2733357 495757.787759016
165436364.431174 1166477367794.89 -719246443250.376 11373.2100356936 -4343.18316530243 -22756327.2733376 498629.088961496
165938042.958045 1172140922102.52 -721407484313.313 11343.3324628113 -4324.77771242236 -22756327.2733394 501678.526870857
166442905.10255 1177824139246.34 -723572525954.243 11313.5165339023 -4306.4440325593 -22756327.2733413 504862.144505394
166950656.635977 1183528382555.48 -725742067806.529 11283.7551427713 -4288.17750781773 -22756327.2733431 507751.533426343
167461314.094657 1189250179038.17 -727914771201.851 11254.0663597863 -4269.98896353518 -22756327.2733449 510657.458679888
167975058.731136 1194989579733.58 -730090640939.603 11224.4497198404 -4251.87782079773 -22756327.2733468 513744.636479251
168491624.606755 1200748478585.89 -732270378683.346 11194.8953298914 -4233.83775470453 -22756327.2733485 516565.875619245
169011110.110785 1206523755969.36 -734452788446.611 11165.4190255393 -4215.87814770908 -22756327.2733503 519485.504030293
169533903.55165 1212316381652.14 -736638223465.505 11136.01559059 -4197.9955217644 -22756327.273352 522793.440865154
170059613.324202 1218130534727.23 -738828242505.271 11106.663757837 -4180.17668807629 -22756327.2733538 525709.772551137
170588547.374203 1223961710277.74 -741021131095.298 11077.3861988201 -4162.43515450655 -22756327.2733555 528934.050001012
171120516.463661 1229813178928.13 -743218102742.454 11048.1663665942 -4144.76062958334 -22756327.2733572 531969.089457988
171655622.923295 1235682697780.99 -745418297964.01 11019.0153749538 -4127.15958165999 -22756327.2733589 535106.459634374
172193885.256233 1241571251253.44 -747622069559.42 10989.9281940514 -4109.62871087413 -22756327.2733606 538262.332937764
172735322.074726 1247478893955.86 -749829420830.287 10960.9044524403 -4092.16754053639 -22756327.2733622 541436.818493215
173279609.798854 1253405680482.34 -752040354957.891 10931.9437813851 -4074.77559840651 -22756327.2733639 544287.724128249
173827151.698162 1259347933271.98 -754253486126.651 10903.0639044832 -4057.4632509565 -22756327.2733655 547541.899307729
174377663.249546 1265309916940.64 -756470388194.737 10874.2438702725 -4040.21766796129 -22756327.2733671 550511.55138378
174931640.957876 1271288391079.38 -758689840877.136 10845.4991567628 -4023.04785079962 -22756327.2733687 553977.708330094
175488885.924575 1277288597116.51 -760913772850.627 10816.8044517812 -4005.93843642252 -22756327.2733703 557244.966699039
176049329.362142 1283308218335.53 -763141305677.448 10788.1708330766 -3988.89581028773 -22756327.2733718 560443.437566922
176612855.145159 1289346361720.22 -765372092029.938 10759.6024202255 -3971.92218152054 -22756327.2733734 563525.783016726
177179882.516897 1295401635058.15 -767605602737.277 10731.1055829593 -3955.02107639058 -22756327.2733749 567027.371738424
177749891.832886 1301478390135.16 -769843425521.682 10702.6597333319 -3938.18004982005 -22756327.2733765 570009.315988764
178323304.985618 1307570910062.47 -772083438856.288 10674.2914715741 -3921.41460724545 -22756327.273378 573413.152732438
178899913.175286 1313683561402.81 -774327233162.213 10645.9802520885 -3904.71235509915 -22756327.2733795 576608.189667902
179479824.414973 1319813967348.06 -776573919193.781 10617.7369416089 -3888.07946927981 -22756327.273381 579911.239686505
180063148.322442 1325963130510.22 -778823848835.487 10589.5567266652 -3871.51287181622 -22756327.2733824 583323.907469018
180649762.169074 1332132059191.37 -781077373686.855 10561.4348633051 -3855.00954651099 -22756327.2733839 586613.846632612
181239684.510084 1338319302925.61 -783333946956.33 10533.3778221892 -3838.57306175627 -22756327.2733853 589922.341009804
181833117.561277 1344524910193.8 -785593570635.512 10505.3851895305 -3822.20293799159 -22756327.2733867 593433.051193037
182430082.21538 1350750852610.15 -787856945174.861 10477.4479476298 -3805.89368003375 -22756327.2733881 596964.654102538
183030027.712206 1356997185406.81 -790124071411.255 10449.5657935509 -3789.64490463519 -22756327.2733895 599945.496825983
183633636.854828 1363258004847.57 -792392792464.271 10421.7648175701 -3773.47157171209 -22756327.2733909 603609.142622679
184240688.920754 1369540290984.28 -794665622638.22 10394.0137983968 -3757.35528241806 -22756327.2733923 607052.065925674
184850959.363933 1375841582787.04 -796941652566.992 10366.3235358598 -3741.30210491676 -22756327.2733937 610270.44317949
185464653.259551 1382159405110.08 -799219973542.158 10338.7046632737 -3725.31796868441 -22756327.273395 613693.895617464
186082227.258136 1388495738384.72 -801501285486.212 10311.1482618005 -3709.39747547565 -22756327.2733964 617573.998585177
186703265.680133 1394855128445.52 -803787205117.675 10283.6345199689 -3693.52898677005 -22756327.2733977 621038.421997313
187327632.802372 1401233125127.68 -806076112771.151 10256.1826496102 -3677.72339210158 -22756327.273399 624367.122238841
187955442.125132 1407628188503.99 -808367440989.647 10228.7990342529 -3661.9841388625 -22756327.2734003 627809.322760069
188587159.658646 1414041336851.91 -810661540249.003 10201.4790510539 -3646.30834047974 -22756327.2734016 631717.533513865
189222104.730253 1420477163451.81 -812960034409.26 10174.2030533276 -3630.68453123772 -22756327.2734029 634945.071607115
189860841.915615 1426928576383.12 -815260373578.947 10147.0009347439 -3615.12962746999 -22756327.2734042 638737.185361529
190502939.891882 1433401160437.05 -817564533315.356 10119.8489331075 -3599.62982633953 -22756327.2734054 642097.97626764
191148612.018833 1439890388683.38 -819870885386.145 10092.7658578436 -3584.19565852178 -22756327.2734067 645672.126950804
191798239.082143 1446398271043.52 -822180129605.852 10065.7430577306 -3568.82197325981 -22756327.2734079 649627.0633093
192451218.804694 1452928476031.57 -824493548267.814 10038.7652163051 -3553.49987187371 -22756327.2734092 652979.722551742
193107766.427618 1459474789814.15 -826808922780.268 10011.857838558 -3538.24364118402 -22756327.2734104 656547.622923434
193768636.600349 1466039227228.23 -829126952121.038 9985.01234403723 -3523.04819392082 -22756327.2734116 660870.172730875
194433217.884557 1472629152424.34 -831450215005.773 9958.19860814888 -3507.89631273576 -22756327.2734128 664581.284208912
195101531.119963 1479238282481.64 -833776473767.319 9931.44221695256 -3492.80229714422 -22756327.273414 668313.235405505
195773053.670745 1485866663488.17 -836105727330.452 9904.74281036633 -3477.76575009249 -22756327.2734151 671522.550781711
196448550.432967 1492508971749.86 -838436092116.068 9878.12149776261 -3462.79833746885 -22756327.2734163 675496.762222649
197128044.926849 1499172624250.9 -840770155668.903 9851.54828146122 -3447.88298463469 -22756327.2734175 679494.493881276
197811006.299177 1505857673575.83 -843107915416.354 9825.02290360676 -3433.01938150827 -22756327.2734186 682961.372328812
198497936.353071 1512558738778.23 -845447473181.046 9798.56650588159 -3418.21918094318 -22756327.2734197 686930.053893234
199188577.124371 1519280587289.16 -847790477474.403 9772.16003729707 -3403.47152937929 -22756327.2734209 690640.77129997
199883052.088636 1526020529945.13 -850135973209.383 9745.81389384158 -3388.78204970508 -22756327.273422 694474.964265154
200581486.484972 1532779613128.64 -852484308169.339 9719.52376757746 -3374.14814918055 -22756327.2734231 698434.39633651
201283616.605359 1539558888272.34 -854835829505.075 9693.28541085452 -3359.56728529065 -22756327.2734242 702130.120387052
201989959.840581 1546355634649.72 -857189576724.251 9667.1091466753 -3345.04500884648 -22756327.2734253 706343.235221989
202700040.649004 1553174690636.52 -859547206817.809 9640.97619269038 -3330.57072627483 -22756327.2734263 710080.808422908
203413693.436128 1560011294591.26 -861907054842.491 9614.90464967624 -3316.15429140223 -22756327.2734274 713652.787123959
204131841.744528 1566863707467.41 -864268507338.017 9588.90081798504 -3301.79898373883 -22756327.2734285 718148.308399771
204853709.041366 1573740623657.2 -866634541468.083 9562.9315661122 -3287.48634629908 -22756327.2734295 721867.29683759
205579528.371863 1580634429020.59 -869002517556.802 9537.02553839106 -3273.23200600667 -22756327.2734305 725819.330497064
206309428.763817 1587547193126.77 -871373131139.658 9511.17469391724 -3259.0313511661 -22756327.2734315 729900.391954717
207043433.163798 1594479975726.84 -873746727636.641 9485.37489116279 -3244.88193663434 -22756327.2734326 734004.399980367
207781564.647393 1601432820741.21 -876123303132.824 9459.62581682194 -3230.78342720665 -22756327.2734336 738131.483595592
208523650.90595 1608405771930.83 -878502853539.388 9433.92715967769 -3216.73549060295 -22756327.2734346 742086.258557089
209270129.105967 1615397033443.37 -880884748411.958 9408.28534084815 -3202.74146748534 -22756327.2734356 746478.200017058
210020299.124791 1622410546568.71 -883270311111.055 9382.68576302704 -3188.79323356766 -22756327.2734366 750170.018823458
210774289.09638 1629439567077.6 -885657230563.705 9357.1528260686 -3174.90391323721 -22756327.2734375 753989.971589225
211532762.170117 1636485152182.18 -888045853398.023 9331.68232331455 -3161.07102197049 -22756327.2734385 758473.073737203
212295208.504929 1643553325881.17 -890438203569.292 9306.25229586645 -3147.28247318751 -22756327.2734394 762446.334811919
213062188.222054 1650639159352.66 -892832593560.446 9280.88032273771 -3133.54764411589 -22756327.2734404 766979.717124828
213833297.970934 1657747679582.35 -895230702676.583 9255.54825053931 -3119.85655458211 -22756327.2734414 771109.748879988
214608353.325624 1664874964723.6 -897631187530.176 9230.26992871235 -3106.21654293038 -22756327.2734423 775055.354689577
215387808.778972 1672019149914.42 -900033404491.717 9205.05169699124 -3092.63085750597 -22756327.2734432 779455.453348596
216171803.14341 1679184255002.02 -902438687861.334 9179.8791452363 -3079.09157387102 -22756327.2734441 783994.36443761
216959923.08655 1686371365069.12 -904847380257.632 9154.74836724745 -3065.59645408278 -22756327.273445 788119.94313991
217751977.873039 1693576511387.24 -907258132323.716 9129.67307292834 -3052.15271120993 -22756327.2734459 792054.786489376
218548876.074569 1700797794322.72 -909670294022.691 9104.65956086696 -3038.76354788512 -22756327.2734468 796898.201529757
219349537.503861 1708043315575.33 -912086551988.293 9079.67960664163 -3025.41371079955 -22756327.2734477 800661.429292537
220154659.164288 1715303079393.66 -914503554718.031 9054.7674643806 -3012.12135359108 -22756327.2734486 805121.660426685
220964265.902383 1722583246454.15 -916923338342.158 9029.90169251754 -2998.8748674058 -22756327.2734495 809606.738095264
221778265.827789 1729883856213.39 -919345895856.596 9005.08200383248 -2985.67395928071 -22756327.2734503 813999.925405578
222596238.367909 1737203898333.33 -921770872647.547 8980.31165632146 -2972.52021886983 -22756327.2734512 817972.540119862
223419003.513029 1744539429019.46 -924196946912.092 8955.6037012912 -2959.42041355335 -22756327.273452 822765.145120376
224246127.126848 1751897626327.53 -926626474628.374 8930.93374257298 -2946.36146053886 -22756327.2734529 827123.613818667
225077405.569816 1759274418762.45 -929058090852.91 8906.31528395802 -2933.35037400205 -22756327.2734537 831278.44296848
225913794.043932 1766667825784.74 -931491127063.52 8881.7546476019 -2920.39033693588 -22756327.2734545 836388.474115775
226754383.886688 1774086151898.65 -933928295199.305 8857.22410316288 -2907.46658573812 -22756327.2734554 840589.842756165
227599316.212708 1781521145922.35 -936366863459.419 8832.75079246126 -2894.59329015529 -22756327.2734562 844932.326020122
228448854.472394 1788973893386.35 -938807172717.695 8808.33083639228 -2881.76825158572 -22756327.273457 849538.259685473
229302667.856682 1796446541535.32 -941249908193.441 8783.9569662328 -2868.987508884 -22756327.2734578 853813.384287931
230161257.238414 1803936007403.66 -943694044944.486 8759.63898403065 -2856.2560556181 -22756327.2734586 858589.381731834
231024649.333207 1811446506178.27 -946140940441.151 8735.36297414447 -2843.56646574131 -22756327.2734594 863392.094792996
231892508.721798 1818978074947.95 -948590585103.801 8711.12868042999 -2830.9184826386 -22756327.2734601 867859.388591066
232764981.519138 1826527603396.12 -951041948107.803 8686.94590644621 -2818.31708888675 -22756327.2734609 872472.797340658
233641849.156375 1834096186057.69 -953495367260.439 8662.81089739702 -2805.76018708344 -22756327.2734617 876867.637236927
234523750.394725 1841681753913.57 -955950155022.32 8638.72998153304 -2793.25092628617 -22756327.2734624 881901.238349602
235410093.966129 1849289645556.42 -958408019454.157 8614.68601110783 -2780.78026905242 -22756327.2734632 886343.571404204
236301400.18094 1856914572367.2 -960867232300.559 8590.69550099953 -2768.35665252494 -22756327.2734639 891306.214810846
237197321.670274 1864560826044.87 -963329158821.305 8566.74472691655 -2755.97283812861 -22756327.2734647 895921.489334051
238097631.37401 1872225236995.3 -965792758591.41 8542.84341917551 -2743.63373087777 -22756327.2734654 900309.703736447
239002982.926247 1879905694717.81 -968257337593.617 8518.99785150738 -2731.34242483264 -22756327.2734661 905351.552236705
239913277.294945 1887607592933.01 -970724608247.274 8495.1910381074 -2719.09003315587 -22756327.2734668 910294.368698061
240828157.743196 1895329887952.03 -973194214233.41 8471.42605388661 -2706.87802401152 -22756327.2734675 914880.448250541
241747903.308643 1903069369507.21 -975665110333.561 8447.71253979963 -2694.71122250193 -22756327.2734682 919745.565447743
242672928.760564 1910828217909.43 -978137974841.194 8424.04355596489 -2682.58593617305 -22756327.2734689 925025.451920184
243602354.032783 1918609728210.35 -980613835627.136 8400.40890040741 -2670.49682764042 -22756327.2734696 929425.272219241
244536981.378167 1926406310698.09 -983090258977.01 8376.83138904446 -2658.45544173263 -22756327.2734703 934627.345383746
245476444.15038 1934224512506.97 -985569306360.896 8353.29096548095 -2646.45140705314 -22756327.273471 939462.772213655
246421165.176509 1942061069529.86 -988049921942.422 8329.79726511888 -2634.48952140132 -22756327.2734717 944721.026128696
247370374.460437 1949919310742.26 -990533138539.862 8306.3401153531 -2622.5644907812 -22756327.2734723 949209.283927999
248324224.520032 1957792646401.75 -993016855419.214 8282.93893115846 -2610.68606036661 -22756327.273473 953850.059594569
249283274.250613 1965682179345.2 -995501406508.449 8259.59007407084 -2598.85224050991 -22756327.2734736 959049.730581094
250247551.996864 1973592346067.14 -997988170389.803 8236.28016040759 -2587.05612548532 -22756327.2734743 964277.746251456
251217353.524575 1981523174511.72 -1000477133602.03 8213.00893815964 -2575.29748142168 -22756327.273475 969801.527711322
252191753.084701 1989476881127.69 -1002968967600.89 8189.76977484847 -2563.57285895114 -22756327.2734756 974399.560125489
253171734.408219 1997445680348.1 -1005461213539.69 8166.58518479623 -2551.89350105035 -22756327.2734762 979981.323518501
254156081.08709 2005437423142.2 -1007956306998.22 8143.43209319898 -2540.24766874581 -22756327.2734769 984346.678870181
255145364.848117 2013442004558.37 -1010451075058.12 8120.33950147533 -2528.64982829259 -22756327.2734775 989283.76102687
256139746.008734 2021463911954.33 -1012946902705.95 8097.29408790531 -2517.09315044093 -22756327.2734781 994381.160617331
257139811.124963 2029504259010.24 -1015444118233.07 8074.29238009674 -2505.57577481713 -22756327.2734787 1000065.1162295
258145166.112074 2037567577389.2 -1017944106245.24 8051.32124233613 -2494.09102427695 -22756327.2734793 1005354.98711021
259155838.950976 2045650472947.87 -1020445790539.61 8028.39019185358 -2482.64356166815 -22756327.2734799 1010672.83890284
260171857.77059 2053752967565.77 -1022949156676.72 8005.49895344793 -2471.23314408276 -22756327.2734805 1016018.81961317
261192818.191867 2061875082740.91 -1025454189969.8 7982.64725355792 -2459.85953061257 -22756327.2734811 1020960.42127726
262218883.262822 2070013395706.62 -1027959816112.22 7959.84444978042 -2448.5272643122 -22756327.2734817 1026065.07095498
263250357.567591 2078169025227.02 -1030466362681.67 7937.08709545844 -2437.234511756 -22756327.2734823 1031474.3047697
264287269.622701 2086344196307.46 -1032974493843.04 7914.3687282903 -2425.9779571136 -22756327.2734829 1036912.05510962
265329345.477171 2094538928611.06 -1035484194053.43 7891.68907838073 -2414.75736543232 -22756327.2734834 1042075.85447016
266376610.84661 2102750860081.79 -1037994720150.94 7869.05442769531 -2403.57573713343 -22756327.273484 1047265.3694386
267429374.336556 2110980005741.57 -1040506058778.53 7846.46444025502 -2392.43279251356 -22756327.2734846 1052763.48994646
268487522.751452 2119228592521.95 -1043018869683.53 7823.91274630769 -2381.3252836268 -22756327.2734851 1058148.41489552
269551536.830359 2127495529852.25 -1045532799766.27 7801.40208997972 -2370.25446045944 -22756327.2734857 1064014.07890703
270620993.381402 2135784358505.56 -1048048902801.59 7778.92263235025 -2359.21539070534 -22756327.2734862 1069456.55104287
271695462.986111 2144091565742.86 -1050566089411.54 7756.48370251076 -2348.21256301506 -22756327.2734868 1074469.6047095
272775257.638366 2152413629652.64 -1053083274952.79 7734.09450146652 -2337.25037655123 -22756327.2734873 1079794.65225488
273860548.496126 2160752785258.73 -1055601118942.89 7711.74868417576 -2326.32560944324 -22756327.2734879 1085290.85776024
274951829.616107 2169110157648.02 -1058119941741.27 7689.44295866576 -2315.43654790358 -22756327.2734884 1091281.1199803
276048811.582491 2177489333307.45 -1060640801014.43 7667.16755050709 -2304.5783304299 -22756327.2734889 1096981.96638442
277151670.979808 2185887866147.64 -1063162936569.44 7644.92877777355 -2293.7539509194 -22756327.2734894 1102859.39731683
278259345.530974 2194306889039.57 -1065686665285.52 7622.72343452679 -2282.96175997889 -22756327.2734899 1107674.5511661
279372625.941382 2202738104148.79 -1068209482148.34 7600.57308884994 -2272.21213173049 -22756327.2734905 1113280.41040853
280492500.164224 2211187351391.75 -1070733118877.26 7578.46204340205 -2261.49733394517 -22756327.273491 1119874.22284173
281617892.962681 2219661892118.52 -1073259717833.02 7556.37114265599 -2250.80800735876 -22756327.2734915 1125392.79845718
282748014.65768 2228153356761.13 -1075786758028.5 7534.32203299746 -2240.15454711678 -22756327.273492 1130121.69499884
283883182.659381 2236655616786.23 -1078312401621.63 7512.33023748239 -2229.54433518048 -22756327.2734925 1135168.00170046
285024698.480633 2245170906435.74 -1080837301358 7490.38953036141 -2218.97424015081 -22756327.273493 1141515.82125203
286172446.287714 2253708782602.16 -1083364270341.55 7468.47501799922 -2208.43217493835 -22756327.2734935 1147747.80708088
287325469.979262 2262268134693.41 -1085892952238.25 7446.58940679686 -2197.91937074141 -22756327.2734939 1153023.69154845
288484941.338752 2270841624551.69 -1088421158268.24 7424.75119081564 -2187.444618443 -22756327.2734944 1159471.35948982
289650896.421316 2279437751087.84 -1090951372709.6 7402.93846947314 -2176.99732444508 -22756327.2734949 1165955.08256362
290822211.08224 2288056529003.53 -1093483570897.29 7381.15107603405 -2166.57734331152 -22756327.2734954 1171314.66092398
291999217.449096 2296689432569.29 -1096015225790.48 7359.41030995413 -2156.19477423649 -22756327.2734958 1177006.36685637
293183117.212145 2305338720458.06 -1098546982569.8 7337.71014111666 -2145.84663442149 -22756327.2734963 1183899.76304865
294372614.513821 2314012985156.86 -1101081330200.75 7316.02882400308 -2135.52248021905 -22756327.2734968 1189497.30167619
295568047.777357 2322702497961.86 -1103615400895.17 7294.3904712489 -2125.2337174243 -22756327.2734972 1195433.26353641
296768414.597074 2331409529097.94 -1106149837303.35 7272.78912074244 -2114.97741649859 -22756327.2734977 1200366.81971665
297975399.355148 2340126597820.02 -1108682446665.72 7251.24295191015 -2104.76210213609 -22756327.2734981 1206984.75807471
299188407.342935 2348865735335.77 -1111216705350.06 7229.72191097569 -2094.57343112429 -22756327.2734986 1213007.9877867
300406735.919083 2357622400613.61 -1113751271136.83 7208.23696772079 -2084.41652241529 -22756327.273499 1218328.57614807
301632843.115423 2366391329036.69 -1116284602734.3 7186.80069345045 -2074.29722074669 -22756327.2734995 1226107.19633932
302863270.656885 2375189964551.31 -1118821712092.58 7165.37026317322 -2064.19524282044 -22756327.2734999 1230427.54146241
304100802.614871 2383993275607.27 -1121355359793.82 7144.00636222568 -2054.13910969878 -22756327.2735003 1237531.95798624
305344082.935471 2392820989303.22 -1123891206127.14 7122.66076340853 -2044.10602301131 -22756327.2735007 1243280.32059996
306593459.34684 2401663195547.53 -1126426378843.42 7101.35720661222 -2034.10706887441 -22756327.2735011 1249376.41136875
307849723.899351 2410522163705.61 -1128961509246.79 7080.08990136491 -2024.13943921102 -22756327.2735016 1256264.55251081
309111823.827781 2419403270878.84 -1131498110305.7 7058.84571561045 -2014.19690830768 -22756327.273502 1262099.92842978
310380437.325655 2428298844768.04 -1134033966642.84 7037.64274890144 -2004.28787125572 -22756327.2735024 1268613.49787435
311656375.723528 2437213448541.47 -1136570357454.88 7016.4698318161 -1994.4070256663 -22756327.2735028 1275938.39787289
312936037.309974 2446152520224.21 -1139108799965.97 6995.31388211062 -1984.54820846262 -22756327.2735032 1279661.58644573
314223752.660548 2455090652833.26 -1141642065606.82 6974.23461324403 -1974.73914223755 -22756327.2735036 1287715.35057435
315516993.513381 2464057898491.59 -1144178654139.29 6953.1607935952 -1964.94658741367 -22756327.273504 1293240.85283343
316817241.166336 2473036399083.44 -1146713486107.75 6932.13418574866 -1955.18988725743 -22756327.2735044 1300247.65295508
318123399.240809 2482036220744.84 -1149249381795.26 6911.13091377805 -1945.45788244679 -22756327.2735048 1306158.07447247
319436969.211564 2491049545546.53 -1151784114705.78 6890.16894872852 -1935.75882559475 -22756327.2735052 1313569.97075507
320756175.625061 2500086493692.31 -1154320505159.16 6869.22450784568 -1926.08164401439 -22756327.2735056 1319206.41349658
322082529.520512 2509134619220.61 -1156855036034.18 6848.32616231722 -1916.43946580112 -22756327.273506 1326353.89545117
323414912.506333 2518204063906.2 -1159390526029.67 6827.45018599738 -1906.82126655667 -22756327.2735064 1332382.9858214
324753690.574436 2527286946836.42 -1161924747708.32 6806.61444476986 -1897.23520611303 -22756327.2735067 1338778.06810322
326098554.20838 2536385553989.82 -1164458319143.41 6785.81335498032 -1887.67863222951 -22756327.2735071 1344863.63394349
327450213.827734 2545497571940.32 -1166990576267.58 6765.05186669862 -1878.15373666036 -22756327.2735075 1351659.61935419
328808361.05206 2554627592615.82 -1169522773254.98 6744.31920555545 -1868.65549984563 -22756327.2735078 1358147.22432571
330174909.783566 2563773299948.32 -1172054243748.79 6723.62034582954 -1859.18612998357 -22756327.2735082 1366548.73150577
331548017.583802 2572947300177.22 -1174588444315.44 6702.92658775885 -1849.73244992207 -22756327.2735086 1373107.80023683
332926519.16812 2582136941424.35 -1177121847121.7 6682.26629964169 -1840.3073723011 -22756327.2735089 1378501.58431755
334311986.720153 2591334236038.37 -1179652234274.2 6661.65703748883 -1830.91881481737 -22756327.2735093 1385467.55203294
335703244.56051 2600549472940.34 -1182182418543.8 6641.07537101366 -1821.55601849848 -22756327.2735096 1391257.8403574
337103463.295437 2609774620203.56 -1184710174635.77 6620.53889077865 -1812.22690605724 -22756327.27351 1400218.73492642
338509533.968347 2619030428915.75 -1187241157647.02 6600.00119237273 -1802.91034574197 -22756327.2735103 1406070.67290984
339921833.360604 2628296074548.96 -1189769642166.93 6579.50827269799 -1793.62715216633 -22756327.2735107 1412299.392257
341340389.064665 2637573851517.68 -1192296238700.59 6559.054646847 -1784.37475112218 -22756327.273511 1418555.70406124
342765583.428003 2646863740972.4 -1194820924413.65 6538.6399723288 -1775.15290394991 -22756327.2735113 1425194.3633381
344197802.97758 2656168035007.39 -1197344302428.26 6518.25885369581 -1765.95909536013 -22756327.2735117 1432219.54957677
345636725.131483 2665489022566.27 -1199866969680.61 6497.90596745789 -1756.79085631192 -22756327.273512 1438922.15390319
347084008.154864 2674824368746.24 -1202388270250.44 6477.58610248382 -1747.6502770744 -22756327.2735123 1447283.02338123
348538064.277703 2684184556677.63 -1204911004352.77 6457.27621481991 -1738.52694211118 -22756327.2735127 1454056.12283859
349998011.422957 2693559041151.91 -1207432298626.42 6436.99895868412 -1729.43097877989 -22756327.273513 1459947.14525448
351464233.24089 2702941934973.75 -1209950552160.58 6416.76667425197 -1720.36784084407 -22756327.2735133 1466221.81793258
352939710.401818 2712335519411.56 -1212466362556.48 6396.57401393932 -1711.33504475592 -22756327.2735136 1475477.1609283
354422460.607121 2721758605117.79 -1214984734955.34 6376.38032483435 -1702.31436036691 -22756327.2735139 1482750.2053025
355911218.087218 2731198217460.03 -1217502163847.94 6356.21325139954 -1693.318104081 -22756327.2735143 1488757.48009706
357406740.055 2740646082718.6 -1220016422635.62 6336.09009975233 -1684.35392154636 -22756327.2735146 1495521.96778271
358910377.207381 2750106807017.1 -1222528719924.82 6316.00065461411 -1675.41718146148 -22756327.2735149 1503637.15238038
360420846.456417 2759588672958.97 -1225041226776.5 6295.92704917983 -1666.49988133644 -22756327.2735152 1510469.24903611
361938178.8452 2769083326386.04 -1227551700954.04 6275.88668991719 -1657.6096997392 -22756327.2735155 1517332.38878268
363463744.76896 2778590737966.73 -1230060113108.71 6255.87927933712 -1648.74643514039 -22756327.2735158 1525565.92375993
364994901.188787 2788119228795.89 -1232568629727.79 6235.88702564187 -1639.90215307553 -22756327.2735161 1531156.41982793
366533390.232825 2797652064178.9 -1235072823231.1 6215.94468190825 -1631.09215965818 -22756327.2735164 1538489.04403742
368080608.567714 2807199891698.98 -1237575473742.98 6196.02955927909 -1622.30635253942 -22756327.2735167 1547218.33488875
369635236.446443 2816771087332.62 -1240078743231.4 6176.12394798139 -1613.53687699164 -22756327.273517 1554627.8787295
371196928.109088 2826357194006.21 -1242580386108.72 6156.24519606938 -1604.79133434782 -22756327.2735172 1561691.66264463
372765100.297563 2835955837331.63 -1245079758149.27 6136.39788838008 -1596.07168037984 -22756327.2735175 1568172.18847505
374341165.981834 2845563218564.81 -1247575850732.93 6116.58948633347 -1587.38112108284 -22756327.2735178 1576065.68427068
375925164.89432 2855187756571.78 -1250070827454.44 6096.80228064537 -1578.7118242639 -22756327.2735181 1583998.91248622
377517136.967437 2864829414067.92 -1252564647410.7 6077.03607071894 -1570.06365584476 -22756327.2735184 1591972.07311737
379114313.652267 2874488152807.78 -1255057269271.29 6057.29065643695 -1561.43648254978 -22756327.2735187 1597176.68482978
380718889.021572 2884146975921.8 -1257544289847.39 6037.6003594189 -1552.84522382473 -22756327.2735189 1604575.36930481
382332323.152865 2893818970040.08 -1260029065142.56 6017.93804448517 -1544.27795744857 -22756327.2735192 1613434.13129372
383953231.278847 2903512647212.01 -1262513749175.02 5998.28613502719 -1535.72698270842 -22756327.2735195 1620908.12598201
385581648.021691 2913219397378.67 -1264996102060.5 5978.66181243812 -1527.19973383275 -22756327.2735197 1628416.74284391
387219055.153282 2922939178353.97 -1267476087380.24 5959.0648156455 -1518.6960405657 -22756327.27352 1637407.13159072
388862207.307647 2932680541434.69 -1269955853589.64 5939.47762731241 -1510.20826083714 -22756327.2735203 1643152.15436495
390514830.06451 2942423938565.65 -1272430400562.57 5919.93918708197 -1501.75320870987 -22756327.2735205 1652622.75686342
392175108.351567 2952191207669.1 -1274905248252.6 5900.4053557257 -1493.31172838027 -22756327.2735208 1660278.28705642
393843077.631926 2961971312588.88 -1277377564201.05 5880.89794430559 -1484.89321038317 -22756327.2735211 1667969.28035938
395519174.49442 2971764206505.89 -1279847310007.96 5861.41669658082 -1476.49749005985 -22756327.2735213 1676096.86249415
397203035.627426 2981572184066.92 -1282315035534.76 5841.95671603138 -1468.12240780316 -22756327.2735216 1683861.13300533
398893206.707889 2991392849406.74 -1284780108933.11 5822.52242380873 -1459.7698175261 -22756327.2735218 1690171.08046379
400592018.772063 3001217504514.95 -1287240327518.74 5803.13061477238 -1451.4468700257 -22756327.2735221 1698812.06417335
402299108.707265 3011059458524.97 -1289699000266.85 5783.75463797861 -1443.14206818068 -22756327.2735223 1707089.93520233
404013407.348637 3020916310629.34 -1292155493554.4 5764.39892179066 -1434.85727114658 -22756327.2735226 1714298.64137217
405735351.053797 3030781632748.26 -1294608179157.59 5745.07572403537 -1426.59767219725 -22756327.2735228 1721943.70515959
407466098.17991 3040657700546.52 -1297057600058.08 5725.78019204175 -1418.36113732088 -22756327.273523 1730747.12611328
409203026.150226 3050550876894.47 -1299505303475.4 5706.49956312513 -1410.14217436732 -22756327.2735233 1736927.97031581
410949249.453947 3060445933150.81 -1301947498489.92 5687.26312071085 -1401.95320779515 -22756327.2735235 1746223.30372129
412703260.192262 3070360361194.18 -1304388476763.7 5668.03648102897 -1393.77954647218 -22756327.2735238 1754010.73831516
414465093.093913 3080285303200.05 -1306826023817.09 5648.83650530984 -1385.62831988119 -22756327.273524 1761832.90165043
416236774.719855 3090220702505.85 -1309260099878.72 5629.66292317261 -1377.49936036142 -22756327.2735242 1771681.62594253
418014783.375288 3100177675780.81 -1311693392149.77 5610.49397880568 -1369.38341046121 -22756327.2735244 1778008.65543241
419802731.178196 3110136163067.14 -1314120969941.02 5591.36792631241 -1361.29661874625 -22756327.2735247 1787947.80290769
421597482.195759 3120116126120.21 -1316547670652.81 5572.24606150361 -1353.22257310596 -22756327.2735249 1794751.01756346
423401083.470596 3130099778458.83 -1318969138388.18 5553.16211305737 -1345.17547222192 -22756327.2735251 1803601.27483723
425213153.947812 3140098256924.03 -1321388049114.02 5534.09439681244 -1337.14611934811 -22756327.2735253 1812070.47721617
427032119.427449 3150109151989.14 -1323803786313.21 5515.04717062222 -1329.13626930125 -22756327.2735256 1818965.47963617
428860481.674392 3160123526477 -1326214169932.88 5496.03702672428 -1321.15284365889 -22756327.2735258 1828362.2469432
430697859.921948 3170154887891.21 -1328622423137.85 5477.03794208795 -1313.1848661833 -22756327.273526 1837378.24755652
432542657.914454 3180200821461.46 -1331027927545.25 5458.05417982951 -1305.23409572026 -22756327.2735262 1844797.9925056
434394905.614501 3190252331085.51 -1333428500646.01 5439.10235588083 -1297.30744459798 -22756327.2735264 1852247.70004686
436257155.690506 3200309356830.14 -1335824107877.18 5420.18214254893 -1289.40471529616 -22756327.2735266 1862250.07600553
438127358.956865 3210385463005.5 -1338217947035.01 5401.26766556084 -1281.51506235103 -22756327.2735269 1870203.26635886
440007661.561552 3220469252829.28 -1340607274856.6 5382.3799758213 -1273.64723262796 -22756327.2735271 1880302.60468643
441895557.249357 3230571986898.81 -1342994723567.3 5363.49763664389 -1265.79226293757 -22756327.2735273 1887895.68780496
443791515.653316 3240679899252.57 -1345377006078.6 5344.64601677005 -1257.96066977586 -22756327.2735275 1895958.4039599
445696010.779484 3250795262767.2 -1347754634641.53 5325.82044794538 -1250.15045965353 -22756327.2735277 1904495.12616762
447607378.799628 3260920338877.39 -1350128112715.81 5307.01631965522 -1242.35967358948 -22756327.2735279 1911368.02014417
449529514.66911 3271046048764.45 -1352495290141.88 5288.25005213106 -1234.59505870489 -22756327.2735281 1922135.86948144
451458587.094037 3281192731172.1 -1354860888607.03 5269.48357520502 -1226.84082558155 -22756327.2735283 1929072.42492753
453398527.107526 3291339864905.34 -1357220090512.76 5250.75446653197 -1219.11246392755 -22756327.2735285 1939940.01348891
455347201.874351 3301507829414.87 -1359577600487.65 5232.02473206336 -1211.3942590954 -22756327.2735287 1948674.76682538
457303355.04779 3311685097743.94 -1361930703394.43 5213.31527498922 -1203.69480244348 -22756327.2735289 1956153.17343866
459269219.039219 3321864856432.31 -1364277798664.39 5194.63818929615 -1196.01902108048 -22756327.2735291 1965863.99142846
461242627.404149 3332058444306.11 -1366621470631.06 5175.97226443118 -1188.35815582101 -22756327.2735292 1973408.36493018
463226285.719722 3342254347990.95 -1368959041961.75 5157.33817553835 -1180.72065048873 -22756327.2735294 1983658.31557355
465218009.428728 3352466252290.27 -1371293617344.33 5138.71051562043 -1173.09605391694 -22756327.2735296 1991723.70900575
467217831.3244 3362682603285.73 -1373622520129.77 5120.10997473319 -1165.49280119569 -22756327.2735298 1999821.8956719
469228040.363499 3372903322247.26 -1375945708104.38 5101.53625031566 -1157.91071822347 -22756327.27353 2010209.03909868
471246880.152402 3383139796697.84 -1378265733843.69 5082.96825987986 -1150.34116609873 -22756327.2735302 2018839.78890323
473274387.746879 3393382757670.65 -1380580458227.03 5064.42243807594 -1142.79081587514 -22756327.2735303 2027507.59447697
475310600.361796 3403632116845.29 -1382889831744.69 5045.89851925519 -1135.25951737578 -22756327.2735305 2036212.61491733
477356017.273056 3413887784675.44 -1385193804421.38 5027.39623885708 -1127.74712154258 -22756327.2735307 2045416.91126007
479410680.08686 3424151984001.6 -1387492843259.65 5008.91117035903 -1120.25179353009 -22756327.2735309 2054662.81380373
481474630.597481 3434424617524.87 -1389786891514.64 4990.44308234727 -1112.77340582637 -22756327.2735311 2063950.51062091
483547910.788115 3444705586574.11 -1392075891924.83 4971.99174394087 -1105.31183170779 -22756327.2735312 2073280.19063435
485630562.831736 3454994791092.99 -1394359786708.55 4953.55692477374 -1097.86694522835 -22756327.2735314 2082652.04362079
487722629.091951 3465292129626.92 -1396638517560.37 4935.13839497679 -1090.43862120894 -22756327.2735316 2092066.26021481
489822271.358265 3475597499309.89 -1398912025647.48 4916.73592516001 -1083.02673522687 -22756327.2735317 2099642.26631369
491931879.454707 3485901583188.78 -1401178228589.76 4898.36569757077 -1075.63776016821 -22756327.2735319 2109608.0964421
494049599.467086 3496215832871.11 -1403439615393.76 4880.00685015265 -1068.26326389323 -22756327.2735321 2117720.01237983
496177848.510959 3506530893550.51 -1405694102852.47 4861.67559712824 -1060.90972240061 -22756327.2735322 2128249.04387298
498316678.935316 3516858233170.21 -1407944162571.81 4843.35112963543 -1053.56875500684 -22756327.2735324 2138830.42435633
500463733.64201 3527197733174.12 -1410189721596.07 4825.03327509504 -1046.2402762938 -22756327.2735326 2147054.70669422
502621463.228524 3537537690405.59 -1412428202790.22 4806.74233462482 -1038.93237574223 -22756327.2735327 2157729.58651409
504786030.37831 3547889596344.06 -1414662058194.65 4788.45754564113 -1031.63672591923 -22756327.2735329 2164567.14978539
506962330.720281 3558234769435.12 -1416887227791.78 4770.21144277928 -1024.3662667935 -22756327.273533 2176300.34197155
509147969.424532 3568596307583.66 -1419108645912.68 4751.96284082223 -1017.1045530575 -22756327.2735332 2185638.70425064
511342500.261744 3578962441102.94 -1421323742924.57 4733.7320640281 -1009.85965478128 -22756327.2735334 2194530.83721267
513546447.687098 3589330764344.82 -1423531972862.65 4715.52288424147 -1002.63303405561 -22756327.2735335 2203947.42535324
515760340.889299 3599703464427.18 -1425733769336.26 4697.33100018375 -995.422947507476 -22756327.2735337 2213893.20220102
517981737.377985 3610082713102.86 -1427929555955.42 4679.15215779616 -988.22767965455 -22756327.2735338 2221396.48868626
520213649.420599 3620456793359.91 -1430116826228.17 4661.0063996907 -981.055121516728 -22756327.273534 2231912.04261383
522456126.79523 3630839491795.08 -1432298456474.68 4642.86913862555 -973.895516135856 -22756327.2735341 2242477.37463143
524708723.821219 3641230676368.05 -1434474373223 4624.74017828463 -966.748767500821 -22756327.2735343 2252597.02598867
526971486.165622 3651627929765.52 -1436644026676.98 4606.62329854855 -959.616344383887 -22756327.2735344 2262762.34440359
529242414.309704 3662031122234.04 -1438807348285.27 4588.51827789212 -952.498135473377 -22756327.2735345 2270928.14408117
531524592.792585 3672430774017.73 -1440962335190.95 4570.44113498762 -945.400402177517 -22756327.2735347 2282178.48288183
533817574.556661 3682840695068.6 -1443111812151.52 4552.36739795358 -938.313506166158 -22756327.2735348 2292981.76407513
536118831.175493 3693258459699.69 -1445255228229.79 4534.30084468186 -931.238915357085 -22756327.273535 2301256.61883223
538429398.163746 3703672275252.62 -1447390122134.4 4516.26144823919 -924.184418807754 -22756327.2735351 2310566.98825348
540751411.864441 3714086563554.36 -1449517372976.22 4498.24104884403 -917.146784235215 -22756327.2735353 2322013.70069449
543080720.044947 3724510604276.27 -1451638832971.63 4480.22312744841 -910.119538467884 -22756327.2735354 2329308.1805063
545422079.230944 3734925462796.41 -1453750615556.81 4462.23992280053 -903.115220941755 -22756327.2735355 2341359.18599718
547772911.032377 3745352096657.56 -1455856934229.61 4444.25476209272 -896.119517273634 -22756327.2735357 2350831.80143306
550135905.1948 3755778655510.09 -1457955348152.46 4426.28762345803 -889.140180873908 -22756327.2735358 2362994.1624226
552506322.574927 3766216698632.31 -1460048136367.8 4408.3181214481 -882.169275852912 -22756327.273536 2370417.38012715
554889003.644807 3776644977151.24 -1462131001615.95 4390.38234483697 -875.220772757854 -22756327.2735361 2382681.06987961
557281842.492715 3787084469242.03 -1464208096588.79 4372.44371832625 -868.28047300227 -22756327.2735362 2392838.84790861
559682713.369348 3797525558294.98 -1466277456822 4354.5182971596 -861.354575297078 -22756327.2735363 2400870.87663277
562093819.570276 3807958693281.45 -1468337159740.78 4336.62196371066 -854.44917845511 -22756327.2735365 2411106.2009275
564516247.645199 3818393171828.57 -1470389010928.23 4318.73825319578 -847.557892270573 -22756327.2735366 2422428.07492352
566949527.76393 3828833331476.4 -1472433816784.08 4300.85924314339 -840.677645687033 -22756327.2735367 2433280.11873128
569393708.541682 3839276766720.07 -1474471056582.54 4282.98856613077 -833.809821730971 -22756327.2735369 2444180.77775121
571846617.977919 3849723317483.66 -1476500651735.53 4265.12600125043 -826.954318021545 -22756327.273537 2452909.43623758
574311045.584344 3860163389238.27 -1478520701650.34 4247.28743872428 -820.117203546385 -22756327.2735371 2464427.60642438
576784800.94092 3870608527455.66 -1480533400671.44 4229.45263753208 -813.290694239847 -22756327.2735372 2473755.35657668
579270704.552039 3881049105554.03 -1482536851228.37 4211.63752297241 -806.480862956482 -22756327.2735374 2485903.61111849
581768816.076019 3891496668548.05 -1484533222984.27 4193.8218841842 -799.679964652759 -22756327.2735375 2498111.52398019
584274117.723117 3901951031715.71 -1486522420321.59 4176.00554033053 -792.887926563507 -22756327.2735376 2505301.64709778
586792259.609795 3912390893594.85 -1488500355110.18 4158.22426157625 -786.118354129731 -22756327.2735377 2518141.8866781
589319932.552815 3922839480055.68 -1490471389573.98 4140.43795824177 -779.355956982208 -22756327.2735378 2527672.94301985
591857711.020581 3933282679428.73 -1492432811574.27 4122.67013214835 -772.609655647155 -22756327.273538 2537778.46776603
594408496.179004 3943722557816.09 -1494384973107.33 4104.91672938331 -765.877881105516 -22756327.2735381 2550785.15842367
596967161.003733 3954170650570.91 -1496329977393.66 4087.15760940832 -759.152985179781 -22756327.2735382 2558664.82472881
599538391.061113 3964605617544.97 -1498263809402.86 4069.42850684098 -752.448476476802 -22756327.2735383 2571230.05738018
602120446.492737 3975046240434.19 -1500189909769.26 4051.69696750922 -745.752056403037 -22756327.2735384 2582055.4316234
604713372.875516 3985485049145.72 -1502106845251.88 4033.97514329898 -739.068304109593 -22756327.2735385 2592926.38277918
607314853.957777 3995921868205.22 -1504014537237.89 4016.2627865969 -732.397107084754 -22756327.2735387 2601481.08226135
609925462.622163 4006347075454.32 -1505911192244.41 3998.57567113504 -725.744375471925 -22756327.2735388 2610608.66438553
612550564.461281 4016762714325.27 -1507797156314.49 3980.90976688541 -719.108553700192 -22756327.2735389 2625101.83911803
615187273.609131 4027189782724.23 -1509676175246.17 3963.22891015711 -712.476048439666 -22756327.273539 2636709.14785057
617830837.280692 4037616343107.33 -1511546028722.11 3945.55279521781 -705.854250761356 -22756327.2735391 2643563.67156017
620489077.081513 4048023329333.85 -1513403267913.6 3927.9131764594 -699.255020795859 -22756327.2735392 2658239.80082116
623156643.608657 4058441180321.06 -1515253279547.89 3910.25789481312 -692.65882492651 -22756327.2735393 2667566.52714379
625836567.242712 4068848513619.94 -1517092208219.75 3892.62262246839 -686.07898297105 -22756327.2735394 2679923.63405497
628524562.58576 4079256796220.75 -1518922033896.8 3874.9873560789 -679.508012044917 -22756327.2735395 2687995.34304793
631228050.672644 4089649062170.71 -1520739734169.64 3857.38026595893 -672.956382909235 -22756327.2735396 2703488.08688429
633939125.21246 4100053597783.13 -1522550200575.95 3839.75284962835 -666.406037433748 -22756327.2735397 2711074.53981595
636663327.482376 4110439583624.09 -1524348016778.28 3822.15673981444 -659.876149733199 -22756327.2735398 2724202.26991641
639398786.271216 4120827919409.02 -1526136759402.42 3804.55594201448 -653.353337961819 -22756327.2735399 2735458.78883941
642142484.036355 4131211044345.83 -1527915066202.85 3786.96267586946 -646.842124240327 -22756327.27354 2743697.76513902
644900041.262955 4141577208733.73 -1529680890047.31 3769.39625992771 -640.349628213018 -22756327.2735401 2757557.22660078
647668992.83257 4151947283630.91 -1531437737786.58 3751.82073013568 -633.862540094493 -22756327.2735402 2768951.56961462
650449385.827105 4162311551736.97 -1533183898088.6 3734.25195143962 -627.386713102802 -22756327.2735403 2780392.99453538
653241267.523013 4172669806424.21 -1534919283795.38 3716.68966913373 -620.922039181829 -22756327.2735404 2791881.69590752
656044685.392092 4183021838821.22 -1536643807038.89 3699.1336283529 -614.468410746579 -22756327.2735405 2803417.86907932
658859687.102298 4193367437791.89 -1538357379235.96 3681.58357404946 -608.025720673883 -22756327.2735406 2815001.71020626
661686901.070633 4203706389914.05 -1540059911083.27 3664.03925096968 -601.593862293176 -22756327.2735407 2827213.96833455
664523787.095271 4214040596440.32 -1541751658080.55 3646.49680935163 -595.171414371961 -22756327.2735408 2836886.02463775
667373563.117666 4224360416049.01 -1543430994431.74 3628.97199468613 -588.76412274748 -22756327.2735409 2849776.02239481
670235702.258799 4234677181019.2 -1545099713110.19 3611.44493587575 -582.364706662771 -22756327.273541 2862139.14113365
673108215.038608 4244988539741.81 -1546757368183.33 3593.91898639476 -575.974387202866 -22756327.2735411 2872512.77980928
675993779.693949 4255286946989.4 -1548402694517.04 3576.40633535028 -569.597593896681 -22756327.2735412 2885564.65534016
678892455.528805 4265581609086.62 -1550037107056.97 3558.89068457601 -563.228380377315 -22756327.2735413 2898675.83485606
681801047.894986 4275872270363.28 -1551660494509.49 3541.37180835463 -556.86666505408 -22756327.2735414 2908592.36618107
684720771.484703 4286147204784.22 -1553270953155.91 3523.86902018229 -550.519447662051 -22756327.2735415 2919723.58971702
687654358.928325 4296410371001.7 -1554869060192.44 3506.37493520673 -544.184027663776 -22756327.2735416 2933587.44362225
690599173.251993 4306670938744.36 -1556456178746.85 3488.87325471095 -537.854497617083 -22756327.2735416 2944814.32366804
693552556.747355 4316919246789.77 -1558030749057.76 3471.37978433949 -531.536569132188 -22756327.2735417 2953383.49536253
696520565.881548 4327145747009.92 -1559591267471.51 3453.91017956299 -525.235868528076 -22756327.2735418 2968009.13419206
699500532.485101 4337371022866.79 -1561140819680.49 3436.4286089729 -518.939459760273 -22756327.2735419 2979966.60355356
702492504.732084 4347585405492.34 -1562677866544.21 3418.95090503998 -512.653047204666 -22756327.273542 2991972.24698295
705499293.715715 4357788652313.05 -1564202311898.41 3401.47679918697 -506.376524705189 -22756327.2735421 3006788.9836313
708514832.212293 4367989867271.36 -1565715440466.43 3383.98998874641 -500.104039190371 -22756327.2735422 3015538.49657775
711542519.663793 4378168068936.35 -1567214082399.24 3366.5257504299 -493.848233048672 -22756327.2735422 3027687.45150037
714583013.448667 4388334404398.98 -1568699835927.89 3349.06428668518 -487.601991974673 -22756327.2735423 3040493.7848734
717633567.039567 4398490647924.04 -1570172894674.31 3331.60184022254 -481.363966606292 -22756327.2735424 3050553.59089965
720699846.73609 4408627246952.48 -1571631818894.58 3314.15414047534 -475.139761779854 -22756327.2735425 3066279.69652361
723776271.554147 4418762575325.25 -1573079182463.63 3296.68883380936 -468.91783394228 -22756327.2735426 3076424.81805706
726869177.826665 4428877728832.67 -1574512214497.96 3279.23776299537 -462.709525426488 -22756327.2735427 3092906.27251802
729972317.317654 4438993064702.12 -1575933723399.59 3261.76505973219 -456.502077363653 -22756327.2735427 3103139.49098854
733080046.704922 4449087669446.19 -1577340693825.5 3244.30609551742 -450.308057862135 -22756327.2735428 3107729.38726859
736205674.097373 4459143017845.11 -1578730534173.28 3226.89228156138 -444.138563724974 -22756327.2735429 3125627.39245034
739342262.229913 4469201801723.1 -1580109092314.24 3209.44896877816 -437.967132325776 -22756327.273543 3136588.13254019
742496285.665925 4479241161336.99 -1581473146031.49 3192.01500705309 -431.807519559317 -22756327.273543 3154023.43601224
745661369.419364 4489281297646.58 -1582825353202.01 3174.55452151727 -425.647059092124 -22756327.2735431 3165083.75343937
748837552.275809 4499301392275.1 -1584162822313.11 3157.10291448942 -419.498250682205 -22756327.2735432 3176182.85644438
752025499.819746 4509301208889.84 -1585485470175.86 3139.65986786753 -413.36096558031 -22756327.2735433 3187947.54393736
755225881.968536 4519282465412.18 -1586793468117.77 3122.22164272037 -407.233874574313 -22756327.2735434 3200382.14878941
758438747.223413 4529246846749.72 -1588086973131.69 3104.78453144084 -401.115666739748 -22756327.2735434 3212865.25487797
761670115.98095 4539194072521.18 -1589365880627.92 3087.34824634591 -395.00623584567 -22756327.2735435 3231368.75753674
764913453.836403 4549142192017.16 -1590632407585.52 3069.88028062446 -388.894210621594 -22756327.2735436 3243337.85545246
768163470.407388 4559070511392.67 -1591883818424.15 3052.41610138903 -382.792017482169 -22756327.2735436 3250016.57098545
771432853.344903 4568962568606.46 -1593118005992.11 3034.98396125798 -376.709498213999 -22756327.2735437 3269382.93751517
774708968.630259 4578856519903.52 -1594339655157.44 3017.51580201393 -370.622904613684 -22756327.2735438 3276115.28535596
777999141.511808 4588713668934.89 -1595543911492.57 3000.07912032118 -364.55575464434 -22756327.2735439 3290172.88154923
781308920.045384 4598555732073.64 -1596733382805.8 2982.63475422038 -358.494400596943 -22756327.2735439 3309778.53357546
784625514.109838 4608398644582.56 -1597909873112.63 2965.15350351654 -352.428724991875 -22756327.273544 3316594.06445387
787956982.700812 4618203898498.7 -1599068700446 2947.7029121992 -346.382165073355 -22756327.2735441 3331468.59097392
791296586.138545 4627994971941.7 -1600212588331.99 2930.24042053995 -340.33995657678 -22756327.2735441 3339603.43773337
794657414.805025 4637751674681.28 -1601339118456.99 2912.80123751229 -334.314270076963 -22756327.2735442 3360828.66647969
798025808.466863 4647511701546.18 -1602452545198.39 2895.31707068919 -328.281520749172 -22756327.2735443 3368393.66183795
801409959.375988 4657234848149.07 -1603548187022.79 2877.85902931945 -322.266254099211 -22756327.2735443 3384150.90912546
804809287.795978 4666944370912.04 -1604628602420.18 2860.38453326154 -316.253788065671 -22756327.2735444 3399328.41998973
808223861.796147 4676638015512.73 -1605693431628.68 2842.89667178471 -310.245203471363 -22756327.2735445 3414574.00016953
811647422.510432 4686315398122.37 -1606742526231.36 2825.39516973848 -304.240421632666 -22756327.2735445 3423560.71428425
815086337.483829 4695958364401.36 -1607773849514.96 2807.91200197028 -298.250405950197 -22756327.2735446 3438914.97339705
818534303.233612 4705584430592.63 -1608789205191.77 2790.41454543647 -292.263972519139 -22756327.2735447 3447965.74978357
821999061.267944 4715175531311.06 -1609786617213.86 2772.93476657332 -286.292051838493 -22756327.2735447 3464758.03433157
825480027.339286 4724752741969.99 -1610768197462.63 2755.43334870397 -280.321210580216 -22756327.2735448 3480966.07134247
828977277.268364 4734313800440.91 -1611733588990.72 2737.9133646616 -274.35252252431 -22756327.2735448 3497249.92907768
832484393.200479 4743858280602.25 -1612682626261.25 2720.37453393915 -268.385915535084 -22756327.2735449 3507115.93211559
836001402.968364 4753368199125.16 -1613613438115.69 2702.84896702701 -262.432313705972 -22756327.273545 3517009.76788433
839542835.751723 4762843331013.84 -1614525959637.5 2685.33627563894 -256.491562387006 -22756327.273545 3541432.78335898
843094259.181249 4772322135526.49 -1615423758586.18 2667.76424590824 -250.539194797237 -22756327.2735451 3551423.42952603
846655701.4413 4781765296885.98 -1616302973550.77 2650.20461899251 -244.599542967571 -22756327.2735452 3561442.26005148
850235170.164639 4791172582026.65 -1617163537544.75 2632.65700390363 -238.67245314131 -22756327.2735452 3579468.72333851
853825411.042863 4800564622438.72 -1618007240138.92 2615.08189991351 -232.744590583103 -22756327.2735453 3590240.87822483
857433824.150387 4809921843325.96 -1618832219572.8 2597.5148949079 -226.827968984974 -22756327.2735453 3608413.1075233
861052416.86057 4819262986634.66 -1619640023372.5 2579.91974802955 -220.910393135054 -22756327.2735454 3618592.71018333
864689325.304627 4828566831967.96 -1620428714779.86 2562.33538138142 -215.00496213794 -22756327.2735454 3636908.4440568
868337178.764298 4837853764224.22 -1621199918628.04 2544.72220500206 -209.098389695422 -22756327.2735455 3647853.45967079
871996694.137788 4847104407164.66 -1621951916851.82 2527.11587687944 -203.202645925333 -22756327.2735456 3659515.37349019
875669271.498938 4856320199027.54 -1622684761189.88 2509.51273178785 -197.316492449764 -22756327.2735456 3672577.36115041
879354275.239065 4865504229398.31 -1623398617347.54 2491.90587921976 -191.437621872477 -22756327.2735457 3685003.74012624
883059331.513114 4874654451786.36 -1624093240471.31 2474.29822621329 -185.567004400196 -22756327.2735457 3705056.27404901
886783846.931683 4883789160309.03 -1624769885380.04 2456.65335564912 -179.692521988787 -22756327.2735458 3724515.41856974
890514071.948868 4892906062531.19 -1625428199233.47 2438.97427548431 -173.815224267391 -22756327.2735458 3730225.01718448
894257611.339179 4901971051612.24 -1626065633816.62 2421.32608965743 -167.956753311644 -22756327.2735459 3743539.39031084
898015204.760791 4911002319889.78 -1626683424886.49 2403.67251230381 -162.10504144878 -22756327.2735459 3757593.42161212
901787596.394915 4920001141673.19 -1627281557426.6 2386.00993976791 -156.258900899432 -22756327.273546 3772391.63412372
905581936.591093 4928968748980.94 -1627859999940.18 2368.33478820789 -150.417157411402 -22756327.273546 3794340.1961783
909383471.481443 4937921378929.5 -1628419629858.9 2350.61364216593 -144.568805846968 -22756327.2735461 3801534.89035006
913207124.495396 4946823660533.14 -1628958118920.99 2332.91531930721 -138.7365706235 -22756327.2735462 3823653.01395334
917045132.303981 4955709975883.59 -1629477427594.41 2315.17025120947 -132.897540128426 -22756327.2735462 3838007.80858497
920891109.563416 4964561526270.05 -1629976285479.29 2297.41452823718 -127.063627997186 -22756327.2735463 3845977.25943471
924752937.376984 4973363204390.74 -1630453770525.05 2279.67743866806 -121.244447806625 -22756327.2735463 3861827.81356852
928637234.11097 4982132625033.11 -1630910756079.48 2261.92241359948 -115.427997815244 -22756327.2735464 3884296.73398588
932536113.30882 4990884008473.24 -1631347793740.82 2244.11910793397 -109.604381647003 -22756327.2735464 3898879.19784994
936450347.13301 4999598810050.36 -1631763775787.82 2226.30371779048 -103.785479656904 -22756327.2735465 3914233.82419003
940373410.954496 5008278168125.59 -1632158626491 2208.47260778478 -97.9701210065937 -22756327.2735465 3923063.82148565
944312643.02953 5016907180284.64 -1632531579781.41 2190.65527029171 -92.1679218989441 -22756327.2735466 3939232.07503429
948268827.813851 5025501530002.24 -1632883218366.81 2172.81816053772 -86.3679591607671 -22756327.2735466 3956184.78432048
952241317.354247 5034062252933.73 -1633213426714.56 2154.95767173709 -80.5690877674648 -22756327.2735466 3972489.54039604
956230902.729323 5042587266208.11 -1633521964112.58 2137.0766712433 -74.7722670059004 -22756327.2735467 3989585.37507599
960237657.511976 5051077581533.7 -1633808704245.03 2119.17153713314 -68.9763515870593 -22756327.2735467 4006754.78265284
964253451.007052 5059532644914.29 -1634073457230.76 2101.24188908511 -63.181250248015 -22756327.2735468 4015793.4950763
968294850.292218 5067934803612.85 -1634315560720.74 2083.32389780074 -57.3986595073594 -22756327.2735468 4041399.28516621
972346087.957482 5076317997096.15 -1634535815272.89 2065.34358814881 -51.6047390695843 -22756327.2735469 4051237.6652638
976415494.937687 5084648772046.49 -1634733156411.22 2047.37106526091 -45.822115608217 -22756327.2735469 4069406.98020554
980503152.720033 5092943712354.56 -1634907849470.46 2029.36917756976 -40.0388477470251 -22756327.273547 4087657.7823452
984609143.157176 5101202208176.53 -1635059684517.97 2011.33752535015 -34.2548467063351 -22756327.273547 4105990.43714309
988725129.21508 5109423642726.24 -1635188449815.09 1993.27570415508 -28.4700230209801 -22756327.2735471 4115986.05790394
992859574.976699 5117590762463.55 -1635293740764.51 1975.22018622262 -22.6960717559557 -22756327.2735471 4134445.76161944
997013309.154164 5125719797142.45 -1635375629697.85 1957.13363826738 -16.921068555802 -22756327.2735472 4153734.17746524
1001177893.05777 5133811557497.32 -1635433908342.46 1939.01239384946 -11.1438873355341 -22756327.2735472 4164583.90360701
1005361905.9806 5141848990613.86 -1635468299543.99 1920.8930844697 -5.37622682324142 -22756327.2735472 4184012.92282482
1009557587.23251 5149848034977.65 -1635478714231.93 1902.73819668945 0.393833088601258 -22756327.2735473 4195681.25191058
1013773595.72289 5157793210658.59 -1635464966042.22 1884.58122854495 6.15562194067495 -22756327.2735473 4216008.49038726
1018010029.93317 5165700245559.51 -1635426851833.22 1866.38454132599 11.9210566507529 -22756327.2735474 4236434.21027835
1022266988.82188 5173568414405.99 -1635364120201.44 1848.14768662992 17.6902240620544 -22756327.2735474 4256958.88870666
1026535819.47058 5181396983049.08 -1635276517431.72 1829.87020971039 23.4632120467811 -22756327.2735474 4268830.6486974
1030825331.75198 5189169352836.92 -1635164043340.57 1811.58908285633 29.2283138381612 -22756327.2735475 4289512.2814056
1035127560.87515 5196900872044.16 -1635026286220.75 1793.26639468108 34.997455402234 -22756327.2735475 4302229.12317056
1039451401.75333 5204576467552.74 -1634863314894.72 1774.93599217936 40.7599468316654 -22756327.2735476 4323840.87818106
1043796962.9507 5212211263913.98 -1634674597411.66 1756.55981039808 46.5277186260827 -22756327.2735476 4345561.19736638
1048148061.93585 5219804457537.24 -1634459856078.03 1738.1373582596 52.3008602707401 -22756327.2735477 4351098.98514525
1052522560.14806 5227327217845.95 -1634219756584.79 1719.73694843671 58.0579500932841 -22756327.2735477 4374498.21221257
1056911553.71494 5234809823793.87 -1633953164804.71 1701.28277602824 63.8226860432283 -22756327.2735477 4388993.56688553
1061315850.44456 5242236193193.63 -1633660397290.69 1682.81226613875 69.5833288104821 -22756327.2735478 4404296.72962001
1065753035.92194 5249607062707.35 -1633341243995.97 1664.32175184612 75.3409988032903 -22756327.2735478 4437185.47737267
1070195875.94895 5256950719632.35 -1632994115354.6 1645.73740569121 81.1186035078937 -22756327.2735478 4442840.02701382
1074662608.56562 5264221212547.27 -1632620909963.59 1627.17314287289 86.8806769980561 -22756327.2735479 4466732.61667238
1079144142.16526 5271447757032.07 -1632219941644.91 1608.55246457494 92.6509400546088 -22756327.2735479 4481533.59963477
1083650564.25478 5278614756538.42 -1631791793072.18 1589.91310769743 98.417646129039 -22756327.273548 4506422.08952557
1088172698.94665 5285737424752.64 -1631335258335.4 1571.21295812827 104.193768777066 -22756327.273548 4522134.69186487
1092719152.65696 5292800311528.67 -1630851016767.24 1552.48993898577 109.967535184624 -22756327.273548 4546453.71031175
1097281458.5484 5299815924300.42 -1630337901303.2 1533.7082455847 115.749929137789 -22756327.2735481 4562305.89144015
1101869101.50393 5306770256378.85 -1629796620647.09 1514.90267722437 121.530178412065 -22756327.2735481 4587642.95553515
1106473530.17947 5313676791825.18 -1629225793625.64 1496.03396395827 127.320291444724 -22756327.2735481 4604428.67553483
1111094805.99225 5320521653314.68 -1628626220062.55 1477.13710697841 133.109462397447 -22756327.2735482 4621275.81278051
1115742554.38283 5327304165753.34 -1627997701297.61 1458.21156251383 138.89781870871 -22756327.2735482 4647748.39057751
1120416114.34801 5334037411492.61 -1627338653224.4 1439.21773800391 144.697399923775 -22756327.2735482 4673559.96517851
1125105969.6774 5340719128689.17 -1626648816291.23 1420.15826598122 150.507304040124 -22756327.2735483 4689855.32939049
1129812984.71149 5347334693708.39 -1625929330080 1401.07174470677 156.315698308067 -22756327.2735483 4707015.03409314
1134538028.33507 5353884551335.8 -1625179872088.62 1381.95432836026 162.123712806932 -22756327.2735483 4725043.62358138
1139281974.36364 5360369083405.97 -1624400098734.19 1362.80217414593 167.932468782409 -22756327.2735484 4743946.02857282
1144053920.63989 5366788608544.58 -1623589645141.33 1343.61143974772 173.743079398857 -22756327.2735484 4771946.27624334
1148844144.20223 5373154266371.18 -1622746649141.61 1324.34513055716 179.566662196739 -22756327.2735485 4790223.56234742
1153663469.59033 5379451928413.11 -1621872525520.93 1305.04229261723 185.391332468797 -22756327.2735485 4819325.38809838
1158502074.55499 5385694630187.72 -1620964986128.5 1285.65909731183 191.230229316423 -22756327.2735485 4838604.96465439
1163360036.22361 5391868418939.63 -1620025558521.02 1266.23483956247 197.071425757656 -22756327.2735485 4857961.66861772
1168238254.85728 5397972442357.82 -1619053990593.16 1246.768878153 202.915054527336 -22756327.2735486 4878218.63367354
1173146109.90913 5404006848282.39 -1618049856262.52 1227.25727543322 208.762233942355 -22756327.2735486 4907855.05184996
1178082932.65078 5409981950156.16 -1617010888234.11 1207.66228597678 214.624178964479 -22756327.2735486 4936822.74164979
1183048894.05856 5415895382490.3 -1615936814248.51 1187.98642839305 220.500011760205 -22756327.2735487 4965961.40778114
1188034721.6562 5421745805436.49 -1614827186795.22 1168.22884769007 226.389864150388 -22756327.2735487 4985827.59763667
1193050839.42382 5427521012694.09 -1613683747068.02 1148.42615226323 232.282727314258 -22756327.2735487 5016117.76762189
1198087024.03041 5433231755607.93 -1612503762963.38 1128.53665391047 238.190906837461 -22756327.2735488 5036184.60659352
1203152933.76782 5438865059976.93 -1611289295523.88 1108.60059156017 244.102348406557 -22756327.2735488 5065909.73741284
1208239967.58227 5444430404155.75 -1610037676149.99 1088.57941348325 250.028383092329 -22756327.2735488 5087033.81444903
1213358781.29211 5449916975945.75 -1608750680324.43 1068.50678972653 255.958940521872 -22756327.2735489 5118813.70983947
1218499801.83547 5455334835696.77 -1607425243608.68 1048.34035463648 261.9064261122 -22756327.2735489 5141020.54335881
1223672939.542 5460672378774.45 -1606063465817.77 1028.11749805735 267.859696818045 -22756327.2735489 5173137.70652843
1228877505.37504 5465938403659.94 -1604662339012.94 1007.79889700332 273.830210687495 -22756327.273549 5204565.83303686
1234113690.26844 5471130428864.37 -1603221583472.5 987.386981857723 279.817105322195 -22756327.273549 5236184.89340243
1239382586.83906 5476246869539.66 -1601740683209.77 966.880702764042 285.820540939753 -22756327.273549 5268896.57062476
1244673453.9111 5481286967885.42 -1600218853245.15 946.275469441463 291.84170849069 -22756327.273549 5290867.07203966
1249997374.27278 5486238911664.64 -1598658805916.36 925.612877152131 297.868330085976 -22756327.2735491 5323920.36167901
1255354554.41577 5491111516597.06 -1597056879258.23 904.849216924997 303.913028969367 -22756327.2735491 5357180.1429843
1260755533.82576 5495903053573.55 -1595412513582.77 883.983325313037 309.975981088027 -22756327.2735491 5400979.40999576
1266189325.55853 5500620681436.37 -1593721876805.69 862.973850317057 316.069003177211 -22756327.2735492 5433791.73276701
1271655189.22327 5505252534355.63 -1591987813059.6 841.863198873393 322.179597767873 -22756327.2735492 5465863.66473908
1277165740.73044 5509796068390.94 -1590210069034.88 820.653803845597 328.306898382229 -22756327.2735492 5510551.50716932
1282709770.23872 5514259466242.82 -1588383940969.11 799.296324940252 334.464956659901 -22756327.2735492 5544029.50828264
1288298152.91426 5518631282996.67 -1586512528013.89 777.833803622751 340.641153474217 -22756327.2735493 5588382.67554335
1293931243.58986 5522917722132.05 -1584591544195.24 756.223700441565 346.847520665189 -22756327.2735493 5633090.67559185
1299596602.93696 5527116301453.92 -1582620145455.81 734.464244816677 353.084318041554 -22756327.2735493 5665359.34709913
1305319320.12276 5531215368789.94 -1580602073082.38 712.602980251027 359.337707829019 -22756327.2735493 5722717.18580141
1311097916.81867 5535230261111.79 -1578527656348.78 690.542626916636 365.635261778057 -22756327.2735494 5778596.69591435
1316918627.46245 5539156319454.36 -1576396470683.76 668.288512960132 371.975121831043 -22756327.2735494 5820710.6437813
1322783843.0858 5542981045115.04 -1574212771902.35 645.893150017192 378.342039579218 -22756327.2735494 5865215.62334477
1328717831.19602 5546703218276.13 -1571974946525.17 623.346734301442 384.738549495022 -22756327.2735495 5933988.1102178
1334695065.73423 5550334519396.62 -1569672758979.19 600.55546641407 391.190915885356 -22756327.2735495 5977234.5382119
1340740165.29764 5553855616355.01 -1567315142580.61 577.616818258898 397.671197578266 -22756327.2735495 6045099.56340803
1346863509.86492 5557277292591.27 -1564891419482.79 554.43568318796 404.205915677055 -22756327.2735495 6123344.56728032
1353051755.96364 5560600445824.13 -1562396110399.87 530.971722639067 410.805967461833 -22756327.2735496 6188246.09872903
1359305591.4873 5563812902155.16 -1559833353961.47 507.275449319867 417.456675008692 -22756327.2735496 6253835.52365461
1365651554.43769 5566910478335.41 -1557201682330.84 483.343489503309 424.158555124981 -22756327.2735496 6345962.95038868
1372074713.1727 5569900742787.66 -1554488461111.18 459.073571707232 430.939713438731 -22756327.2735496 6423158.73501596
1378600099.97723 5572770589042.26 -1551698476113.41 434.522037722191 437.783823548197 -22756327.2735497 6525386.80452643
1385239655.73282 5575524669029.37 -1548819135295.78 409.59237257023 444.717159887081 -22756327.2735497 6639555.75558994
1391991111.58582 5578160003874.36 -1545843046257.54 384.238116323691 451.751864059609 -22756327.2735497 6751455.85300271
1398878919.37452 5580667168743.18 -1542768972773.5 358.466983716319 458.884965242349 -22756327.2735498 6887807.78869551
1405927268.90442 5583045701518.46 -1539583258262.55 332.184588552973 466.141655996523 -22756327.2735498 7048349.52990182
1413133027.44472 5585292295614 -1536271620392.26 305.297493387918 473.546590785822 -22756327.2735498 7205758.54030139
1420551099.34908 5587393181023.75 -1532832147111.51 277.816336535863 481.095584519368 -22756327.2735498 7418071.90436154
1428250307.6826 5589349126017.14 -1529234588782.35 249.530222237015 488.845067932747 -22756327.2735498 7699208.33351614
1436273212.66059 5591157304003.27 -1525439979128.71 220.174991967206 496.86533821162 -22756327.2735499 8022904.97798683
1444741192.12289 5592801042130.36 -1521420230734.88 189.586241303856 505.198671600545 -22756327.2735499 8467979.46230282
1453832022.91266 5594269750842.06 -1517105069406.6 157.29842271126 513.968380781311 -22756327.2735499 9090830.78976916
1463725712.91615 5595542146908.2 -1512389984089.94 122.629796862612 523.354457278315 -22756327.2735499 9893690.00348869
1473662824.38006 5596568717230.94 -1507161678852.78 84.8880540356659 533.536909637292 -22756327.2735499 9937111.46391539
1482663937.09344 5597178216708.78 -1502317668542.45 50.5369245126734 542.772334159529 -22756327.2735498 9001112.71337582
1491003088.85301 5597466902242.67 -1497755813546.71 18.6965103038945 551.305304147844 -22756327.2735498 8339151.7595672
1498896629.69741 5597495478421.4 -1493372250550.46 -11.4590133091836 559.362412093758 -22756327.2735498 7893540.84440177
1506461581.0101 5597299422570.82 -1489111549680 -40.3767086807772 567.066576862858 -22756327.2735498 7564951.31269528
1513780689.27084 5596901458583.42 -1484933898948.49 -68.3730597072862 574.504571489648 -22756327.2735497 7319108.26073812
1520895705.07744 5596318106365.52 -1480820609950.57 -95.6080427464903 581.720748946018 -22756327.2735497 7115015.80660415
1527829001.29366 5595563167002.62 -1476763029064.51 -122.16754906574 588.739403253929 -22756327.2735497 6933296.21621113
1534623578.33201 5594644606210.77 -1472739461364.47 -148.216611670034 595.605384680933 -22756327.2735496 6794577.03835187
1541292227.67359 5593570895172.08 -1468745140633.82 -173.804656305296 602.332715095294 -22756327.2735496 6668649.34158694
1547836156.78513 5592351311487.03 -1464781947224.04 -198.936616789256 608.923612849408 -22756327.2735496 6543929.11153397
1554279471.2094 5590989716635.68 -1460837580576.28 -223.705367559714 615.403243842371 -22756327.2735496 6443314.42427642
1560634348.644 5589490412343.87 -1456906487154.22 -248.158099110044 621.784615062069 -22756327.2735495 6354877.43459738
1566901149.11982 5587859632748.53 -1452990191750.86 -272.296547344155 628.068785402094 -22756327.2735495 6266800.47582102
1573091897.68844 5586100037477.2 -1449082781374.99 -296.167366244729 634.268453314279 -22756327.2735495 6190748.56861394
1579206179.59435 5584217045776.83 -1445185985941.57 -319.7692832464 640.383791956261 -22756327.2735494 6114281.90591369
1585255991.75267 5582211794066.49 -1441293499523.58 -343.14893720217 646.427342006724 -22756327.2735494 6049812.15831954
1591233434.18963 5580091534189.23 -1437411688087.15 -366.276087392723 652.391722748532 -22756327.2735494 5977442.43696132
1597162683.55414 5577851712848.03 -1433525971412.01 -389.244616793095 658.301521165652 -22756327.2735493 5929249.36450416
1603028053.08146 5575501946344.97 -1429647659903.47 -411.994105140779 664.141532716184 -22756327.2735493 5865369.52732561
1608844224.35121 5573040045424.2 -1425768072247.62 -434.581787527031 669.926791662096 -22756327.2735493 5816171.26974489
1614608334.09629 5570470481202.97 -1421890029627.82 -456.996876158865 675.654832833372 -22756327.2735493 5764109.74508652
1620320386.45019 5567796579693.75 -1418014454385.72 -479.23965366955 681.326032968317 -22756327.2735492 5712052.35390221
1625990892.52063 5565016370752.61 -1414135040070.4 -501.351359626832 686.951173248267 -22756327.2735492 5670506.07043152
1631620154.49208 5562132275771.64 -1410252305092.82 -523.333533160001 692.530873141804 -22756327.2735492 5629261.97145833
1637197657.60946 5559152568539.17 -1406374304572.12 -545.14535443839 698.055031031076 -22756327.2735491 5577503.11737533
1642736391.8708 5556073093883.83 -1402492780391.35 -566.837849621645 703.536819205806 -22756327.2735491 5538734.26133897
1648244663.46578 5552891306256.74 -1398602502561.86 -588.4439319846 708.984732233846 -22756327.2735491 5508271.59497807
1653711941.49762 5549615420056.37 -1394711512091.54 -609.922629375808 714.388622019937 -22756327.273549 5467278.0318419
1659138531.04791 5546247699531.79 -1390820272400.87 -631.275353991013 719.749058473138 -22756327.273549 5426589.55028886
1664525195.56796 5542790067233.75 -1386928901254.3 -652.505303941187 725.067053867792 -22756327.273549 5386664.52005177
1669882233.79501 5539237941677.19 -1383030529579.2 -673.653342122184 730.353016263854 -22756327.2735489 5357038.22705233
1675201571.84787 5535598622753.33 -1379131580753.37 -694.687865665748 735.599210095821 -22756327.2735489 5319338.05285549
1680491192.98563 5531868586826.54 -1375226747197.14 -715.640690439553 740.813733108784 -22756327.2735489 5289621.13776127
1685741896.81042 5528056286579.39 -1371323369220.61 -736.475583633459 745.98773328478 -22756327.2735488 5250703.82479504
1690973581.94002 5524148894786.74 -1367407115273.31 -757.271805629555 751.14102357536 -22756327.2735488 5231685.12959416
1696166776.00906 5520162552823.8 -1363493015479.61 -777.952239197469 756.254621956022 -22756327.2735488 5193194.06903866
1701322967.70946 5516098265119.78 -1359580535713.03 -798.522885199336 761.330195764074 -22756327.2735487 5156191.70039977
1706452540.07144 5511949616161.08 -1355662289878.63 -819.025346991546 766.378155015202 -22756327.2735487 5129572.36198811
1711554339.20824 5507719015152.06 -1351739578019.76 -839.455276568828 771.397543997148 -22756327.2735487 5101799.13679513
1716628901.14177 5503407505466.1 -1347812408097.04 -859.815061003417 776.389065073664 -22756327.2735486 5074561.93353005
1721675113.62192 5499017530451.72 -1343882062066.17 -880.100455151592 781.351794334182 -22756327.2735486 5046212.48015434
1726703048.09968 5494541547530.31 -1339941047090.78 -900.352253408498 786.295799896847 -22756327.2735486 5027934.4777605
1731695598.47197 5489996211686.35 -1336003172218.09 -920.501763557901 791.204421398051 -22756327.2735485 4992550.37228508
1736670501.52641 5485366776619.36 -1332054841066.74 -940.62077233162 796.095253284533 -22756327.2735485 4974903.05444462
1741618468.78717 5480663026502.52 -1328103754119.91 -960.672007751507 800.959314364765 -22756327.2735485 4947967.26075775
1746540891.68833 5475885011939.75 -1324149184295.15 -980.661288747067 805.798119562831 -22756327.2735484 4922422.90115729
1751436241.5942 5471035588199.48 -1320192741898.4 -1000.5825714187 810.610308955348 -22756327.2735484 4895349.90587534
1756304667.40445 5466116014551.3 -1316234696032.83 -1020.4365928583 815.396167361914 -22756327.2735484 4868425.81024876
1761155884.64368 5461117580752.62 -1312267463981.39 -1040.26322116449 820.165380598241 -22756327.2735483 4851217.239228
1765982480.31145 5456048959315.12 -1308297405405.01 -1060.03242579578 824.910792750263 -22756327.2735483 4826595.66777042
1770775939.1727 5450920594647.51 -1304331933033.55 -1079.7093681643 829.624157749027 -22756327.2735483 4793458.8612477
1775552868.21344 5445715976756.44 -1300357657130.88 -1099.36235469321 834.321928517471 -22756327.2735482 4776929.04074188
1780313324.43531 5440435805168.29 -1296374759376.06 -1118.99197452723 839.004284800923 -22756327.2735482 4760456.22186555
1785048005.95056 5435091427935.91 -1292391314816.89 -1138.56008808042 843.66219594079 -22756327.2735482 4734681.51525434
1789757847.87645 5429683061888.98 -1288406885782.56 -1158.07064673866 848.296694849332 -22756327.2735481 4709841.92589085
1794451448.32747 5424201822523.95 -1284414479084.5 -1177.55948077742 852.916354970749 -22756327.2735481 4693600.45101868
1799122440.84534 5418656064826.49 -1280419773517.53 -1197.00039047458 857.515020935312 -22756327.273548 4670992.51787151
1803768927.90584 5413049199506.46 -1276424710671.71 -1216.38558147137 862.090929142006 -22756327.273548 4646487.0604949
1808399788.03264 5407371463904.79 -1272421925766.81 -1235.75229265857 866.652928003279 -22756327.273548 4630860.1268045
1813006353.24889 5401634427160.15 -1268419177062.45 -1255.0644646553 871.192580481894 -22756327.2735479 4606565.21624314
1817591511.39109 5395835598719.63 -1264414258949.81 -1274.33429705513 875.712828794414 -22756327.2735479 4585158.14219984
1822161634.74212 5389967754416.52 -1260401844721.46 -1293.58879770733 880.220053831103 -22756327.2735479 4570123.35103413
1826707781.82632 5384043281013.52 -1256390039808.58 -1312.7904733229 884.705531962383 -22756327.2735478 4546147.08420088
1831239022.0371 5378051259309.53 -1252371093701.69 -1331.97780321069 889.178304114264 -22756327.2735478 4531240.21078456
1835746863.46426 5372003799349.31 -1248352785768.24 -1351.11500162756 893.630078362117 -22756327.2735477 4507841.42715613
1840239923.62273 5365890214735.83 -1244327679720.52 -1370.23882020852 898.069453336621 -22756327.2735477 4493060.15847061
1844709782.15481 5359722828922.6 -1240303561608.89 -1389.31358136613 902.488195295619 -22756327.2735477 4469858.5320754
1849165355.29775 5353490189030.96 -1236272642478.05 -1408.37749762444 906.895202785959 -22756327.2735476 4455573.14294386
1853598282.90876 5347204820743.69 -1232242718808.71 -1427.3949628201 911.282289186872 -22756327.2735476 4432927.6110077
1858008319.41067 5340868146458.53 -1228214302305.84 -1446.36493188323 915.649284271213 -22756327.2735475 4410036.50191055
1862398966.75792 5334476112736.62 -1224184459558.1 -1465.30252329167 919.999728904276 -22756327.2735475 4390647.34724795
1866775941.84901 5328021110731.88 -1220148147435.01 -1484.23260272736 924.339366948006 -22756327.2735475 4376975.09109149
1871134033.6087 5321511523291.25 -1216110371067.1 -1503.13284299083 928.663109686428 -22756327.2735474 4358091.75968666
1875473680.41319 5314947526801.63 -1212070953873.72 -1522.00526400076 932.971463430663 -22756327.2735474 4339646.80449893
1879791270.88349 5308335502495.26 -1208033506231.68 -1540.83421358844 937.260908852378 -22756327.2735473 4317590.47029678
1884095765.87492 5301662493000.68 -1203989861900.99 -1559.65891334167 941.540417987021 -22756327.2735473 4304494.99142801
1888382392.4917 5294936542865.16 -1199944689811.42 -1578.45870412952 945.805317885083 -22756327.2735472 4286626.61678137
1892651224.90718 5288158311977.97 -1195898134392.05 -1597.23403199232 950.055747700756 -22756327.2735472 4268832.41548449
1896898258.80697 5281335043580.29 -1191854229819.67 -1615.96732387863 954.287779250145 -22756327.2735472 4247033.89978836
1901124384.57977 5274466277527.37 -1187812385186.29 -1634.66247806613 958.502352851398 -22756327.2735471 4226125.77279213
1905341377.23243 5267533488641.09 -1183761514536.4 -1653.37179119628 962.711277787358 -22756327.2735471 4216992.65266578
1909537609.65101 5260556399396.21 -1179712960762.53 -1672.04388236406 966.903014208053 -22756327.273547 4196232.41858135
1913729813.68335 5253500841468.75 -1175646809918.11 -1690.77151184803 971.098375759914 -22756327.273547 4192204.03233761
1917893543.69949 5246422142426.72 -1171594745558.75 -1709.4097665743 975.264925623705 -22756327.2735469 4163730.01613951
1922045304.90485 5239286404908.66 -1167537047599.43 -1728.05046025941 979.423252690585 -22756327.2735469 4151761.20535748
1926184804.92788 5232094575049.47 -1163474137148.5 -1746.69258119193 983.573131171162 -22756327.2735468 4139500.02303309
1930304249.73544 5224860862437.64 -1159413849057.95 -1765.30116045542 987.706801972428 -22756327.2735468 4119444.8075585
1934404054.01942 5217585411957.05 -1155356004509.9 -1783.87804340504 991.824723539969 -22756327.2735468 4099804.28398242
1938484311.42113 5210268914548.29 -1151300736485.16 -1802.42362858013 995.927031050663 -22756327.2735467 4080257.40170616
1942553156.62109 5202897410094.52 -1147240134161.32 -1820.97503092903 1000.02195482305 -22756327.2735467 4068845.19996142
1946602602.54425 5195485990058.94 -1143182340784.46 -1839.49597284824 1004.1015069784 -22756327.2735466 4049445.92316308
1950629737.04045 5188040907167.58 -1139130512733.24 -1857.97303252988 1008.16278567952 -22756327.2735466 4027134.4961957
1954645916.01878 5180541854393.53 -1135073410189.26 -1876.45838592396 1012.21728664171 -22756327.2735465 4016178.97833426
1958650862.01835 5172989728599.15 -1131011431063.95 -1894.95106751379 1016.26478970173 -22756327.2735465 4004945.99957058
1962637017.7832 5165399375592.3 -1126952404876.9 -1913.41631701354 1020.29770338598 -22756327.2735464 3986155.76484782
1966612329.50976 5157756247691.14 -1122888401829.48 -1931.89108389185 1024.32411265345 -22756327.2735464 3975311.7265567
1970568990.03841 5150075933868.33 -1118827563404.25 -1950.33922307371 1028.3361544117 -22756327.2735463 3956660.52865137
1974507383.31734 5142358471825.47 -1114769699685.64 -1968.76248785721 1032.33424826868 -22756327.2735463 3938393.27893611
1978435359.45418 5134589033108.64 -1110706876373.82 -1987.19774671063 1036.32640658752 -22756327.2735462 3927976.13683182
1982345200.7724 5126783432833.07 -1106647228613.36 -2005.60892291961 1040.30482779395 -22756327.2735462 3909841.31822721
1986234092.17218 5118948130734.61 -1102593894076 -2023.9826525453 1044.26666922373 -22756327.2735461 3888891.39977886
1990112697.36348 5111062263681.96 -1098535925323.6 -2042.36938933672 1048.22282933943 -22756327.2735461 3878605.19129981
1993981188.16999 5103125804773.02 -1094473244887.57 -2060.77027386954 1052.17353716557 -22756327.273546 3868490.80650958
1997824843.53931 5095169678150.41 -1090421500744.65 -2079.11525524755 1056.10378392748 -22756327.273546 3843655.36932203
2001658617.91135 5087163644611.5 -1086365114743.67 -2097.47567959318 1060.02888525993 -22756327.2735459 3833774.37203704
2005475254.37924 5079123361564.97 -1082311905029.89 -2115.81694645562 1063.94144920846 -22756327.2735459 3816636.46789273
2009274966.83216 5071049074376.01 -1078261825117.54 -2134.14005865916 1067.84171781491 -22756327.2735458 3799712.45291976
2013065189.32972 5062925470737.86 -1074207086369.13 -2152.48102614056 1071.73735874954 -22756327.2735458 3790222.49755161
2016831482.47462 5054784175546.76 -1070163311485.44 -2170.76995505013 1075.61355237892 -22756327.2735457 3766293.14490428
2020595610.18524 5046573877913.54 -1066104927917.68 -2189.12326271791 1079.49496628675 -22756327.2735457 3764127.71062403
2024343046.71915 5038335959686.62 -1062052344559.94 -2207.44940435113 1083.36221702198 -22756327.2735456 3747436.53391106
2028073999.8581 5030065931883.23 -1058003180117.6 -2225.75990086294 1087.21776758955 -22756327.2735455 3730953.13894686
2031788674.26788 5021763997285.05 -1053957382012.47 -2244.05573222027 1091.06184750662 -22756327.2735455 3714674.40978221
2035487271.5462 5013430349997.14 -1049914897247.39 -2262.33787135253 1094.89468298731 -22756327.2735454 3698597.27831217
2039169990.26952 5005065175671.75 -1045875672442.5 -2280.60728437813 1098.7164970109 -22756327.2735454 3682718.72332508
2042835386.30039 4996672421257.44 -1041841461725.97 -2298.85675195173 1102.52580403595 -22756327.2735453 3665396.03086555
2046492022.55353 4988232951109.35 -1037802969515.35 -2317.12904026185 1106.33153118997 -22756327.2735453 3656636.2531487
2050133086.92581 4979762910274.14 -1033767837811.53 -2335.3902856881 1110.12661961784 -22756327.2735452 3641064.37227504
2053758519.73928 4971263048168.4 -1029736289993.54 -2353.6401728012 1113.91102137703 -22756327.2735451 3625432.81347146
2057368761.47087 4962732931801.87 -1025707990779.25 -2371.88090763319 1117.68521021768 -22756327.2735451 3610241.73158567
2060963752.82896 4954173290129.62 -1021683158175.09 -2390.11218439061 1121.44913784287 -22756327.273545 3594991.35809181
2064543802.09665 4945583970794.41 -1017661596969.04 -2408.33556180781 1125.20314016059 -22756327.273545 3580049.26769458
2068115672.07898 4936949136259.07 -1013635819982.34 -2426.58565747805 1128.9543377588 -22756327.2735449 3571869.9823294
2071672696.07175 4928285288009.27 -1009613449888.01 -2444.82860172655 1132.69575780342 -22756327.2735448 3557023.99277145
2075214935.78029 4919592841171.73 -1005594562411.12 -2463.06470966656 1136.42747670454 -22756327.2735448 3542239.70854069
2078742452.65346 4910872206712.19 -1001579232177.19 -2481.29429462219 1140.14956991948 -22756327.2735447 3527516.87316737
2082255426.07268 4902123496065.72 -997567397535.348 -2499.51828246039 1143.86223697249 -22756327.2735446 3512973.41922233
2085753203.329 4893348902322.69 -993559948598.342 -2517.73326659998 1147.56479601956 -22756327.2735446 3497777.25631576
2089243466.03091 4884529530403.09 -989548189702.909 -2535.97943651111 1151.26540345809 -22756327.2735445 3490262.70190743
2092712871.27825 4875699625686.03 -985547593676.313 -2554.18705007505 1154.9499217166 -22756327.2735445 3469405.24733992
2096167730.97758 4866843845585.76 -981551056971.312 -2572.38902393725 1158.62504413421 -22756327.2735444 3454859.69933347
2099608220.19879 4857962285604.74 -977558515470.778 -2590.58626392969 1162.29096283779 -22756327.2735443 3440489.22121249
2103041546.61174 4849036681708.16 -973561702398.85 -2608.81710161143 1165.95538244093 -22756327.2735443 3433326.41295019
2106461168.56921 4840084364297.38 -969568326530.589 -2627.04702898055 1169.6113467284 -22756327.2735442 3419621.95747027
2109867140.77387 4831105691409.71 -965578452792.891 -2645.27635882734 1173.25892162613 -22756327.2735441 3405972.20465401
2113259627.12613 4822100726149.85 -961592016431.125 -2663.50599201001 1176.89828975506 -22756327.2735441 3392486.35225727
2116638572.03997 4813070108197.44 -957609209056.098 -2681.73565248173 1180.52939793924 -22756327.273544 3378944.91384193
2120004138.11522 4804013892129.11 -953629964366.298 -2699.96623916884 1184.15242673803 -22756327.2735439 3365566.0752529
2123349940.46779 4794949917863.34 -949661990223.078 -2718.16297896876 1187.76049008143 -22756327.2735438 3345802.35257177
2126682691.0436 4785860652396.44 -945697483043.486 -2736.36219247376 1191.36081307797 -22756327.2735438 3332750.57580847
2130008934.83629 4776728533772.8 -941728741611.054 -2754.59987097723 1194.96049017215 -22756327.2735437 3326243.79268632
2133322323.49407 4767571273689.51 -937763423704.227 -2772.84146296821 1198.55267507708 -22756327.2735436 3313388.65778254
2136622906.69896 4758389189440.5 -933801586770.764 -2791.0872845179 1202.13742662991 -22756327.2735436 3300583.20489358
2139904492.81994 4749200128564.28 -929850812466.527 -2809.30293587283 1205.70800605872 -22756327.2735435 3281586.12097268
2143179776.00071 4739968989803.75 -925895932350.471 -2827.55892672014 1209.27822968054 -22756327.2735434 3275283.18077045
2146436540.36595 4730730634579.67 -921951808445.988 -2845.78722458444 1212.83478628391 -22756327.2735434 3256764.36524108
2149681018.43112 4721467978861.97 -918011035929.115 -2864.02255827781 1216.38446800021 -22756327.2735433 3244478.06517268
2152913256.54688 4712181314223.24 -914073667779.435 -2882.26524778239 1219.92732945174 -22756327.2735432 3232238.1157617
2156133300.88903 4702870929439.61 -910139756270.7 -2900.51561294265 1223.46342465063 -22756327.2735431 3220044.34214804
2159335197.65644 4693554622480.89 -906216714673.943 -2918.73975229484 1226.98619969782 -22756327.273543 3201896.76741034
2162525598.21989 4684213604582.33 -902296529047.466 -2936.97538555355 1230.50295798708 -22756327.273543 3190400.56344826
2165710266.16927 4674831225411.95 -898372187070.007 -2955.2557646815 1234.02007612775 -22756327.2735429 3184667.94938448
2168883015.92087 4665425944456.12 -894451382725.668 -2973.5456766742 1237.53074442409 -22756327.2735428 3172749.75160191
2172038497.58333 4656014173296.23 -890540859543.788 -2991.8141462195 1241.02902746921 -22756327.2735427 3155481.66245388
2175176898.46135 4646596047251.09 -886640544372.516 -3010.06192370111 1244.51509961695 -22756327.2735427 3138400.87802649
2178316029.53728 4637120528756.56 -882729277884.554 -3028.38863152862 1248.00795536233 -22756327.2735426 3139131.07593032
2181437560.97187 4627638765499.18 -878828150748.808 -3046.69607536862 1251.48884156351 -22756327.2735425 3121531.43458153
2184541771.68699 4618152818948.5 -874937884154.983 -3064.98126111395 1254.95721921398 -22756327.2735424 3104210.7151267
2187634731.38619 4608644677714.03 -871050998926.201 -3083.27980251803 1258.41985171834 -22756327.2735423 3092959.69920122
2190716480.84807 4599114585623.84 -867167539289.166 -3101.59203224927 1261.87678572404 -22756327.2735423 3081749.46187326
2193781995.70259 4589578586470.69 -863293957772.461 -3119.88798733594 1265.32236870549 -22756327.2735422 3065514.85452214
2196836488.02762 4580020968218.98 -859423788226.981 -3138.19866994664 1268.76244223685 -22756327.2735421 3054492.32503089
2199880084.51874 4570441689478.68 -855556962135.887 -3156.52494091962 1272.19714951044 -22756327.273542 3043596.49112384
2202912909.94102 4560840705894.39 -851693411525.709 -3174.86766038062 1275.62663201376 -22756327.2735419 3032825.42228024
2205929247.12629 4551236618668.85 -847840538650.291 -3193.19212984613 1279.0444055366 -22756327.2735418 3016337.18526767
2208935993.68777 4541607935847.62 -843989645719.711 -3211.54017521539 1282.45826961871 -22756327.2735417 3006746.56147443
2211927668.01001 4531972643224.88 -840147858578.039 -3229.8783203011 1285.86198837267 -22756327.2735417 2991674.3222435
2214908921.35646 4522316215263.97 -836309313548.215 -3248.23501209591 1289.26083795933 -22756327.2735416 2981253.34645148
2217876550.89537 4512649441447.17 -832478236135.186 -3266.59052029597 1292.65115542419 -22756327.2735415 2967629.53891241
2220833924.46603 4502961762447.17 -828650379234.855 -3284.96566972786 1296.03677665274 -22756327.2735414 2957373.57065973
2223782308.61624 4493249313022.51 -824824180406.238 -3303.36851629834 1299.41915577953 -22756327.2735413 2948384.15020444
2226714903.18541 4483534930644.21 -821008569218.42 -3321.75656319201 1302.79047528196 -22756327.2735412 2932594.56917274
2229633117.67837 4473814531967.02 -817201843602.209 -3340.13835897317 1306.15231880639 -22756327.2735411 2918214.49296114
2232542781.02628 4464069087585.64 -813396494912.739 -3358.55063716593 1309.5113900709 -22756327.273541 2909663.34790589
2235442545.60461 4454303374222.84 -809594357902.189 -3376.98507923625 1312.86613765703 -22756327.2735409 2899764.57832994
2238332445.0893 4444517578004.52 -805795467200.646 -3395.44204988927 1316.21659950073 -22756327.2735408 2889899.48469082
2241208483.08895 4434725641083.51 -802005174780.753 -3413.89599718702 1319.55812591749 -22756327.2735407 2876037.99965303
2244074813.02585 4424913828014 -798218104490.213 -3432.37354645875 1322.89552603175 -22756327.2735406 2866329.93690081
2246926018.60794 4415101120531.41 -794441516183.396 -3450.83969460212 1326.22247129413 -22756327.2735405 2851205.58208479
2249763846.91679 4405282049049.79 -790673217551.636 -3469.3054970879 1329.54096351549 -22756327.2735405 2837828.30885552
2252595040.11684 4395433593584.76 -786904335084.664 -3487.81494834461 1332.85888140255 -22756327.2735404 2831193.20004963
2255411439.13553 4385584484067 -783145816329.837 -3506.31476078764 1336.16665165946 -22756327.2735403 2816399.01868983
2258218550.8184 4375715884827.86 -779390411558.828 -3524.84103467692 1339.47071952684 -22756327.2735402 2807111.68287369
2261013727.69358 4365837446464.46 -775641747483.668 -3543.37635404283 1342.76795669261 -22756327.2735401 2795176.87518041
2263797020.50349 4355949405482.51 -771899853630.912 -3561.92098586881 1346.05840009444 -22756327.27354 2783292.80990524
2266568549.73775 4346051745422.77 -768164664567.974 -3580.47566650933 1349.34216913852 -22756327.2735399 2771529.23425895
2269328434.00514 4336144448185.23 -764436115650.299 -3599.04113000621 1352.61938147411 -22756327.2735397 2759884.26739045
2272076722.23361 4326227739476.58 -760714234990.485 -3617.61764862563 1355.89007220668 -22756327.2735396 2748288.2284754
2274816154.83549 4316292055095.47 -756995391750.548 -3636.22382079615 1359.15749000112 -22756327.2735395 2739432.60187557
2277544144.65243 4306347098741.26 -753283177566.117 -3654.84215396655 1362.41853634059 -22756327.2735394 2727989.81694066
2280260739.48168 4296393087817.72 -749577619206.069 -3673.47292474629 1365.67324479349 -22756327.2735393 2716594.82924923
2282965986.92083 4286430237465.21 -745878742937.722 -3692.11640992543 1368.92164844468 -22756327.2735392 2705247.43914913
2285657365.96277 4276468291328.94 -742190098802.456 -3710.75505590861 1372.16068536594 -22756327.2735391 2691379.04194478
2288337632.95912 4266497500296.54 -738508010847.58 -3729.40777717481 1375.39363816623 -22756327.273539 2680266.99634197
2291009458.64508 4256508231094.44 -734828885327.133 -3748.09325795821 1378.62371508626 -22756327.2735389 2671825.68596399
2293667066.64032 4246522469763.33 -731160766537.015 -3766.77103473083 1381.84390613842 -22756327.2735388 2657607.99524055
2296313827.41679 4236528009615.11 -727499104091.935 -3785.46459939308 1385.05825792059 -22756327.2735387 2646760.7764662
2298949785.24819 4226525046018.02 -723843921748.656 -3804.1742408207 1388.26680017382 -22756327.2735385 2635957.83139789
2301574604.92781 4216515222327.14 -720195770606.2 -3822.89753610186 1391.46909891206 -22756327.2735384 2624819.67962839
2304188772.03111 4206497054470.72 -716554061209.371 -3841.63790867915 1394.66572047729 -22756327.2735383 2614167.10329407
2306792389.62109 4196470499231.9 -712918732468.499 -3860.39608412864 1397.85676658424 -22756327.2735382 2603617.5899838
2309385065.86555 4186437426036.6 -709290415233.035 -3879.16920623061 1401.04173074874 -22756327.2735381 2592676.24445729
2311967279.3234 4176396341611.7 -705668523001.474 -3897.96070723994 1404.22117426042 -22756327.273538 2582213.45785284
2314539072.21739 4166347426358.48 -702053077169.281 -3916.77088563402 1407.39512401887 -22756327.2735379 2571792.89399169
2317098098.62291 4156300256880.62 -698447467118.972 -3935.58244206265 1410.56064912301 -22756327.2735377 2559026.40551391
2319646603.97186 4146246430976.07 -694848620883.945 -3954.41173029756 1413.72049027577 -22756327.2735376 2548505.34895674
2322184995.45245 4136184681838.97 -691256042540.188 -3973.26174926116 1416.87512612809 -22756327.2735375 2538391.48058676
2324713175.89616 4126115726036.65 -687669947125.25 -3992.13178125484 1420.02441035741 -22756327.2735374 2528180.44370847
2327228712.89992 4116049654743.53 -684093874232.656 -4011.00352581285 1423.16527566241 -22756327.2735373 2515537.00376494
2329736784.2515 4105966075275.18 -680520539440.675 -4029.91583487851 1426.30416094187 -22756327.2735371 2508071.35157989
2332232622.82289 4095884469287.71 -676956808902.02 -4048.83278819156 1429.43507512781 -22756327.273537 2495838.57138549
2334718664.4338 4085795379981.97 -673399289711.988 -4067.77273486566 1432.56103794245 -22756327.2735369 2486041.61091404
2337192580.71162 4075708636694.28 -669851398260.948 -4086.71782321241 1435.67908547109 -22756327.2735367 2473916.27781245
2339656890.2275 4065614346009.79 -666309606106.594 -4105.68723341682 1438.79235595354 -22756327.2735366 2464309.51588103
2342111578.7648 4055512871052.41 -662774005368.198 -4124.68089356237 1441.90080579713 -22756327.2735365 2454688.53730616
2344556735.20573 4045404149428.84 -659244539288.526 -4143.69953001903 1445.00452159815 -22756327.2735364 2445156.44092715
2346992396.56551 4035288328507.95 -655721225042.82 -4162.74347358271 1448.10352428928 -22756327.2735362 2435661.35977839
2349416329.48417 4025175047719.94 -652207374037.135 -4181.79516611643 1451.19493557476 -22756327.2735361 2423932.91865951
2351828639.22352 4015064293273.38 -648702924164.657 -4200.85520174279 1454.27884259396 -22756327.273536 2412309.73935383
2354234041.06428 4004936590186.86 -645201093421.321 -4219.96089751526 1457.3612475095 -22756327.2735358 2405401.84075596
2356625629.45455 3994821365386.01 -641712013140.307 -4239.05732213973 1460.43326456546 -22756327.2735357 2391588.3902707
2359008076.71242 3984699273749.43 -638228955190.037 -4258.18155588054 1463.50084781453 -22756327.2735355 2382447.25787338
2361379193.61411 3974579962603.15 -634755196881.547 -4277.31594847324 1466.56114151472 -22756327.2735354 2371116.90169112
2363741294.50999 3964453898184.16 -631287423698.539 -4296.47910247776 1469.61709562204 -22756327.2735353 2362100.89587834
2366094413.68279 3954321210068.07 -627825650541.172 -4315.67136935569 1472.66872760863 -22756327.2735351 2353119.17279569
2368434111.41724 3944201420031.01 -624376494175.766 -4334.85631960143 1475.71023174109 -22756327.273535 2339697.73445617
2370765003.13679 3934074964976.38 -620933234989.826 -4354.07158501855 1478.74755983377 -22756327.2735348 2330891.71954512
2373084942.55503 3923951498935.09 -617499116564.905 -4373.29941448666 1481.77787786021 -22756327.2735347 2319939.41824155
2375396150.32353 3913821659853.65 -614070924368.02 -4392.55815576362 1484.80404885552 -22756327.2735346 2311207.76850368
2377698703.02863 3903685374620.99 -610648606915.529 -4411.84853977412 1487.82614564535 -22756327.2735344 2302552.70509737
2379990436.59066 3893552493573.61 -607235452235.484 -4431.15238382107 1490.84128987442 -22756327.2735343 2291733.56202774
2382271444.09974 3883422989505.42 -603831402497.004 -4450.47027271951 1493.84955546276 -22756327.2735341 2281007.50907749
2384543993.99235 3873287105531.49 -600433142464.741 -4469.82137498479 1496.85389605058 -22756327.273534 2272549.89261781
2386805948.87638 3863154688549.46 -597043937682.768 -4489.18745116065 1499.8514478362 -22756327.2735338 2261954.88402902
2389057358.14753 3853025892569.78 -593663792846.434 -4508.56873362401 1502.84222742381 -22756327.2735337 2251409.27114651
2391298311.2103 3842900687527.79 -590292651709.502 -4527.9658041354 1505.82630463314 -22756327.2735335 2240953.06277499
2393528856.62642 3832779223063.57 -586930518480.71 -4547.37889784454 1508.80369509437 -22756327.2735334 2230545.41611765
2395753392.66479 3822641781600.58 -583570820902.241 -4566.84642241817 1511.78024147594 -22756327.2735332 2224536.03837044
2397967674.93381 3812507941803.56 -580220025839.733 -4586.3313700649 1514.75023638004 -22756327.273533 2214282.26901435
2400171750.69716 3802377847185.18 -576878137028.945 -4605.83398431597 1517.71369397389 -22756327.2735329 2204075.76335019
2402363574.35544 3792261318708.66 -573548340106.145 -4625.33583793119 1520.6678041485 -22756327.2735327 2191823.65828437
2404547425.67839 3782138957535.92 -570224207301.079 -4644.87484092139 1523.61828554563 -22756327.2735325 2183851.32295048
2406721284.50519 3772020416847.92 -566908877519.01 -4664.43291059877 1526.56236956989 -22756327.2735324 2173858.82679738
2408885196.5578 3761905832079.17 -563602353626.534 -4684.01029706924 1529.50006849538 -22756327.2735322 2163912.05261185
2411041310.40295 3751785445035.54 -560301415401.522 -4703.62643794848 1532.43425961614 -22756327.2735321 2156113.84514699
2413187594.15505 3741669075076.81 -557009235884.832 -4723.26285037689 1535.36213809951 -22756327.2735319 2146283.75210298
2415322088.08431 3731566359740.26 -553728900859.277 -4742.90129517141 1538.28097042282 -22756327.2735317 2134493.92926391
2417448924.71419 3721458076860.69 -550454129515.348 -4762.57964500402 1541.19635752436 -22756327.2735316 2126836.62987685
2419566132.93243 3711353869182.14 -547188017468.559 -4782.27967560332 1544.10555734356 -22756327.2735314 2117208.21823548
2421675779.8655 3701244143951.22 -543927436028.659 -4802.02063841646 1547.01136993819 -22756327.2735312 2109646.93307541
2423773887.76833 3691148292989.46 -540678601467.945 -4821.76517179662 1549.90826582574 -22756327.273531 2098107.902833
2425864552.01714 3681046937059.13 -537435240127.394 -4841.55167997625 1552.80184889001 -22756327.2735309 2090664.24880105
2427943813.06128 3670959531582.65 -534203561873.47 -4861.34255617315 1555.68658816889 -22756327.2735307 2079261.04413971
2430013741.10086 3660876414360.88 -530980424419.858 -4881.15721252934 1558.56529490742 -22756327.2735305 2069928.03958211
2432076372.88043 3650787924069.75 -527762713787.145 -4901.0151824104 1561.44076060856 -22756327.2735303 2062631.77957308
2434129777.02797 3640703765042.75 -524553499920.627 -4920.89791218662 1564.31025157078 -22756327.2735302 2053404.14754121
2436174009.90287 3630623975044.18 -521352759773.817 -4940.80582796017 1567.17379519961 -22756327.27353 2044232.87489301
2438205970.95351 3620564248851.65 -518165426038.168 -4960.70835173731 1570.02698083071 -22756327.2735298 2031961.05064512
2440230844.2365 3610499266692.61 -514983436008.309 -4980.65604476111 1572.87703002578 -22756327.2735296 2024873.28299361
2442246717.41726 3600438782548.44 -511809849777.215 -5000.63012364332 1575.72120927904 -22756327.2735294 2015873.18075941
2444253644.72808 3590382830597.83 -508644644817.185 -5020.63101784565 1578.55954315758 -22756327.2735292 2006927.31081121
2446251679.89116 3580331444188.12 -505487798738.555 -5040.65915801803 1581.39205552263 -22756327.273529 1998035.163085
2448242787.95235 3570274980616.68 -502336260534.26 -5060.73430807736 1584.22148954453 -22756327.2735288 1991108.06118807
2450223206.90733 3560232738304.88 -499196046036.708 -5080.81844107197 1587.04244686622 -22756327.2735286 1980418.95497837
2452194905.10794 3550195088847.44 -496064103014.944 -5100.93125688611 1589.85766901041 -22756327.2735284 1971698.20061561
2454157920.95595 3540162129921.69 -492940430769.418 -5121.073056525 1592.66715804592 -22756327.2735282 1963015.84800438
2456110437.56786 3530143495502.34 -489827988174.528 -5141.22493949641 1595.46825108985 -22756327.273528 1952516.61191252
2458054394.72009 3520129577523.08 -486723750241.16 -5161.40667127119 1598.26366832744 -22756327.2735278 1943957.15223563
2459991703.45406 3510110761224.54 -483624716227.135 -5181.63818234333 1601.05611412844 -22756327.2735276 1937308.73396248
2461918699.93255 3500106277844.88 -480536805272.387 -5201.88113466581 1603.84025404925 -22756327.2735274 1926996.47849278
2463839130.57964 3490096958835.51 -477454071798.453 -5222.17481117693 1606.62144730493 -22756327.2735272 1920430.6470948
2465749362.52758 3480102018321.4 -474382404746.041 -5242.48075290818 1609.39437893261 -22756327.273527 1910231.94793648
2467651268.60471 3470111991121.77 -471318857227.15 -5262.81862669208 1612.16170407137 -22756327.2735268 1901906.07712403
2469544908.2917 3460126840984.63 -468263389980.489 -5283.18900316759 1614.92345492742 -22756327.2735266 1893639.68699582
2471430328.86028 3450146592491.54 -465215982802.215 -5303.59232996399 1617.67964593501 -22756327.2735264 1885420.56857982
2473305781.62319 3440180829013.54 -462179525156.871 -5324.00945087804 1620.42765686102 -22756327.2735262 1875452.76290567
2475173116.27235 3430220046504.95 -459151084875.473 -5344.46027214307 1623.17013385206 -22756327.2735259 1867334.64916672
2477032378.73355 3420264267742.53 -456130642199.586 -5364.94524484185 1625.90708921006 -22756327.2735257 1859262.46119772
2478880995.16711 3410327621279.95 -453122443482.632 -5385.43570097787 1628.63466529947 -22756327.2735255 1848616.43355814
2480723412.35078 3400386494708.89 -450119309936.971 -5405.98079934759 1631.35936328581 -22756327.2735253 1842417.18367426
2482556141.07845 3390459976187.75 -447126982319.087 -5426.54158937046 1634.0759673302 -22756327.2735251 1832728.7276654
2484380998.17944 3380538539226.53 -444142554409.647 -5447.13823647697 1636.78710547594 -22756327.2735248 1824857.1009873
2486198027.22085 3370622204468.92 -441166007488.534 -5467.77119808793 1639.49278622611 -22756327.2735246 1817029.04140996
2488005530.5404 3360720546495.37 -438200181770.571 -5488.42098497747 1642.1904162799 -22756327.2735244 1807503.31955293
2489807031.4818 3350814518178.8 -435239347781.667 -5509.1278215177 1644.88519730957 -22756327.2735241 1801500.94140022
2491599115.93968 3340923144588.1 -432289168033.027 -5529.85244188058 1647.5719653598 -22756327.2735239 1792084.45787678
2493383549.97315 3331036981810.14 -429346793108.662 -5550.61506692168 1650.25330213397 -22756327.2735237 1784434.03347802
2495158674.48028 3321165523263.23 -426415016154.235 -5571.39619195996 1652.92664841392 -22756327.2735234 1775124.50712539
2496926238.5537 3311299342087.16 -423491005409.51 -5592.2160952383 1655.59457188287 -22756327.2735232 1767564.07342152
2498684598.19247 3301447912451.63 -420577537026.284 -5613.05521661218 1658.25452449103 -22756327.273523 1758359.63876741
2500435493.9909 3291601778148.05 -417671783086.421 -5633.93399212244 1660.90907246866 -22756327.2735227 1750895.79842994
2502178949.39554 3281761048837.73 -414773753725.583 -5654.85269545826 1663.55819269446 -22756327.2735225 1743455.40464469
2503913350.25377 3271935127811.64 -411886187381.281 -5675.79177041616 1666.19936512375 -22756327.2735222 1734400.85822346
2505640412.70091 3262114582836.5 -409006281788.4 -5696.77175067823 1668.83513552352 -22756327.273522 1727062.44714367
2507360175.41557 3252299430027.74 -406134020362.647 -5717.7931117084 1671.46550341237 -22756327.2735217 1719762.71466001
2509070401.5999 3242502741745.46 -403273195446.361 -5738.82826089481 1674.08697639712 -22756327.2735215 1710226.18432846
2510773406.64541 3232711559649.39 -400419990102.102 -5759.90542623654 1676.70303203594 -22756327.2735212 1703005.04550777
2512467611.52299 3222935244970.47 -397577103071.982 -5781.00488984229 1679.3111761689 -22756327.273521 1694204.87758779
2514154684.26868 3213164453423.96 -394741788238.005 -5802.14725329223 1681.91390783783 -22756327.2735207 1687072.74568641
2515833059.50465 3203408529900.44 -391916728803.371 -5823.31273060604 1684.50874304969 -22756327.2735204 1678375.23596482
2517504382.75253 3193658186811.48 -389099207068.67 -5844.52190656692 1687.09815652473 -22756327.2735202 1671323.24788443
2519167102.51894 3183922750932.11 -386291890196.619 -5865.75492874085 1689.67967494738 -22756327.2735199 1662719.76640574
2520822848.9792 3174192951386.35 -383492077127.374 -5887.03245297522 1692.25575942407 -22756327.2735196 1655746.4602686
2522471657.62505 3164468801517.3 -380699752685.106 -5908.35496862861 1694.82640269996 -22756327.2735194 1648808.64584639
2524111990.88072 3154759640360.49 -377917571428.543 -5929.70243493922 1697.38913703529 -22756327.2735191 1640333.25566815
2525745468.76407 3145056148268.93 -375142835893.969 -5951.09578134735 1699.94642258871 -22756327.2735188 1633477.88334797
2527370567.31179 3135367645492.35 -372378184638.866 -5972.51489841368 1702.49580245341 -22756327.2735185 1625098.54772307
2528988885.36926 3125684865957.25 -369620947206.034 -5993.9807112016 1705.03971339285 -22756327.2735182 1618318.05746728
2530597377.54339 3116026344633.55 -366876367234.965 -6015.45248374891 1707.57328919091 -22756327.273518 1608492.1741292
2532197639.60151 3106382860932.1 -364141782296.089 -6036.95098143697 1710.09895683615 -22756327.2735177 1600262.0581213
2533791245.50013 3096745190435.04 -361414551094.835 -6058.49720785542 1712.61912832435 -22756327.2735174 1593605.89862605
2535377754.87774 3087116221304.36 -358695471269.871 -6080.08520680479 1715.13303972008 -22756327.2735171 1586509.37760831
2536956161.00606 3077502336479.82 -355986317685.02 -6101.70108150159 1717.63902075991 -22756327.2735168 1578406.12831491
2538528016.00928 3067894338337.56 -353284473665.718 -6123.36595395322 1720.13946248347 -22756327.2735165 1571855.00322029
2540093351.54121 3058292239152.06 -350589926204.62 -6145.08032971677 1722.63434863133 -22756327.2735162 1565335.53193713
2541648764.97238 3048717227917.13 -347908586528.324 -6166.79661751391 1725.11817312726 -22756327.2735159 1555413.43116448
2543197735.6245 3039148201349.32 -345234510354.247 -6188.56300510984 1727.59640893245 -22756327.2735156 1548970.65211841
2544740298.20314 3029585146725.73 -342567678281.888 -6210.38005813785 1730.06904375281 -22756327.2735153 1542562.57864445
2546275007.0151 3020037275344.98 -339910635407.157 -6232.22720812684 1732.533685273 -22756327.273515 1534708.81195731
2547801905.8139 3010504610793.34 -337263356861.604 -6254.1047541088 1734.99032182433 -22756327.2735147 1526898.79880219
2549321037.98344 3000987176357.73 -334625817926.408 -6276.01299499765 1737.43894104045 -22756327.2735144 1519132.16953609
2550835358.31669 2991466656754.55 -331992927887.708 -6297.99463446611 1739.88423596982 -22756327.2735141 1514320.33325235
2552340545.76723 2981970461089.36 -329372244012.675 -6319.98683854877 1742.31915270028 -22756327.2735137 1505187.45053923
2553839135.36261 2972482898551.2 -326759403491.415 -6342.02627359959 1744.74770725012 -22756327.2735134 1498589.59538586
2555330118.58577 2963010607507.96 -324156210010.086 -6364.09794297261 1747.16818637382 -22756327.2735131 1490983.22315416
2556813539.77356 2953553592761.73 -321562634922.4 -6386.20218915719 1749.58057837705 -22756327.2735128 1483421.18778827
2558290856.06659 2944102802660.83 -318976173882.251 -6408.36062150437 1751.98717491879 -22756327.2735124 1477316.29303409
2559760684.8973 2934667318314.71 -316399290447.047 -6430.55240195123 1754.3856453602 -22756327.2735121 1469828.8307097
2561223066.67239 2925247162521.41 -313831961554.141 -6452.77783142831 1756.77597098489 -22756327.2735118 1462381.77509198
2562679437.55341 2915833318114.28 -311271708341.179 -6475.05864012274 1759.1604199916 -22756327.2735114 1456370.88101368
2564127051.70952 2906443812901.54 -308723404967.447 -6497.35251465167 1761.53441152712 -22756327.2735111 1447614.15611689
2565568720.04446 2897060692745.93 -306182150064.245 -6519.7024394215 1763.90246965683 -22756327.2735108 1441668.33493671
2567004470.91993 2887683956987.79 -303647930305.288 -6542.10897717403 1766.26456590146 -22756327.2735104 1435750.87546828
2568432959.66131 2878322616635.03 -301123160477.483 -6564.55105564896 1768.61840697457 -22756327.2735101 1428488.74138633
2569852868.63072 2868985626393.77 -298610220110.548 -6587.00746004041 1770.96172973794 -22756327.2735097 1419908.9694065
2571266954.50942 2859655131499.63 -296104276004.779 -6609.52148928346 1773.29899660388 -22756327.2735094 1414085.87870098
2572673892.51721 2850340098628.06 -293607716316.571 -6632.07196887959 1775.62793565057 -22756327.273509 1406938.00778656
2574075064.72725 2841031601842.21 -291118128861.599 -6654.68097104328 1777.95075182717 -22756327.2735086 1401172.21004192
2575467485.87202 2831749753362.76 -288640863626.554 -6677.29997610498 1780.26240694787 -22756327.2735083 1392421.14476698
2576855540.10749 2822465562041.76 -286168161631.433 -6700.00007202125 1782.57009446036 -22756327.2735079 1388054.2354723
2578235266.81356 2813205739428.84 -283707117780.748 -6722.71641596559 1784.86714556805 -22756327.2735075 1379726.70606989
2579609343.95125 2803952577846.16 -281252999141.638 -6745.49280811115 1787.15792933202 -22756327.2735072 1374077.13769166
2580974847.07881 2794726045547.95 -278811073377.918 -6768.28042794627 1789.43747957129 -22756327.2735068 1365503.12756003
2582334759.51777 2785506258497.11 -276376049745.703 -6791.12871557852 1791.71068544575 -22756327.2735064 1359912.4389541
2583687485.88423 2776304260547.24 -273950824426.414 -6814.01074443965 1793.97479298867 -22756327.273506 1352726.36646734
2585034675.18679 2767109061018.07 -271532480329.73 -6836.95428818419 1796.23247445912 -22756327.2735057 1347189.30256135
2586375063.97027 2757929498248.26 -269123323472.625 -6859.93776670136 1798.48152526728 -22756327.2735053 1340388.78347168
2587708686.74209 2748765593988.93 -266723333935.883 -6882.96148592857 1800.7219115746 -22756327.2735049 1333622.77182758
2589035577.62014 2739617370704.87 -264332492139.888 -6906.02574981017 1802.95359857418 -22756327.2735045 1326890.87804478
2590355770.44415 2730484850840.69 -261950778649.033 -6929.13086213649 1805.17655066982 -22756327.2735041 1320192.82400821
2591669298.6378 2721368057805.72 -259578174425.389 -6952.27712404984 1807.39073123585 -22756327.2735037 1313528.19365649
2592976195.47167 2712267014181.63 -257214660358.725 -6975.4648385852 1809.59610305217 -22756327.2735033 1306896.83387117
2594277741.83507 2703173008946.22 -254857956564.241 -6998.71667855323 1811.79473716944 -22756327.2735029 1301546.36339537
2595572715.99732 2694094786359.16 -252510311597.46 -7022.0107668143 1813.98447876161 -22756327.2735025 1294974.16225043
2596861150.45366 2685032369139.91 -250171706801.191 -7045.34740774259 1816.16528800488 -22756327.2735021 1288434.45634194
2598143077.02637 2675985782930.75 -247842124405.305 -7068.72689800462 1818.33712356738 -22756327.2735016 1281926.57271262
2599418527.67434 2666955050627.68 -245521546061.379 -7092.14954116053 1820.49994397193 -22756327.2735012 1275450.64796664
2600687533.58012 2657940198854.46 -243209954506.302 -7115.61563091639 1822.65370604144 -22756327.2735008 1269005.90577912
2601950126.17941 2648941250698.16 -240907331693.181 -7139.12546996716 1824.79836663713 -22756327.2735003 1262592.59928551
2603206029.75016 2639960427557.99 -238614220408.964 -7162.6735862691 1826.93335986554 -22756327.2734999 1255903.57075642
2604456782.13263 2630986945299.49 -236327848616.673 -7186.28871174477 1829.06120434446 -22756327.2734995 1250752.38246751
2605701208.86261 2622029431122.1 -234050397893.979 -7209.94863108667 1831.17980634005 -22756327.273499 1244426.72997595
2606939339.64023 2613087913945.11 -231781852157.598 -7233.65363261766 1833.28911793145 -22756327.2734986 1238130.77762841
2608171204.68855 2604162417274 -229522194060.446 -7257.40401877238 1835.38909165816 -22756327.2734981 1231865.04832059
2609396525.81303 2595255208588.92 -227271972658.918 -7281.19408730736 1837.47915339961 -22756327.2734977 1225321.12447686
2610615640.67014 2586364084285.21 -225030606375.044 -7305.0300546977 1839.55977880452 -22756327.2734972 1219114.85710394
2611828579.72949 2577489061132.9 -222798076485.691 -7328.91224020224 1841.63091957496 -22756327.2734968 1212939.05935035
2613036529.17766 2568621656370.05 -220572233173.4 -7352.8639646802 1843.69450174353 -22756327.2734963 1207949.44816984
2614238353.20054 2559770403649.66 -218355202649.221 -7376.86267378471 1845.74848482993 -22756327.2734958 1201824.02288874
2615432939.9578 2550943769291.84 -216149076123.119 -7400.88564828393 1847.79086552624 -22756327.2734954 1194586.75725905
2616622603.66428 2542124889544.15 -213949616190.619 -7424.97915163777 1849.82549797488 -22756327.2734949 1189663.70647692
2617806225.35908 2533322252890.08 -211758924311.858 -7449.120491043 1851.85036641106 -22756327.2734944 1183621.69480505
2618982386.60562 2524546694994.22 -209579666162.043 -7473.28014460817 1853.86293987809 -22756327.2734939 1176161.24653139
2620154821.03735 2515770562433.35 -207404957168.464 -7497.5347066084 1855.8695035275 -22756327.2734934 1172434.43173023
2621320177.84852 2507019128557.19 -205241044745.187 -7521.81483100488 1857.86421860089 -22756327.2734929 1165356.81117248
2622479601.38954 2498284072299.24 -203085842679.186 -7546.1438350953 1859.84893841617 -22756327.2734925 1159423.54102258
2623633120.41508 2489565408163.75 -200939332635.72 -7570.52204390122 1861.82360664442 -22756327.273492 1153519.02553753
2624781861.3745 2480854812098.01 -198799450125.235 -7594.97323554809 1863.79004542861 -22756327.2734914 1148740.95942465
2625923651.61963 2472168988232.2 -196670277064.316 -7619.45088716913 1865.74442888505 -22756327.2734909 1141790.24513059
2627059613.35066 2463499669015.71 -194549758527.47 -7643.97852514514 1867.68857090758 -22756327.2734904 1135961.73102623
2628190857.00084 2454838568313.72 -192435852780.427 -7668.58009788039 1869.62426368527 -22756327.2734899 1131243.65018263
2629315244.45097 2446202283553.45 -190332589304.713 -7693.20882719799 1871.54774031652 -22756327.2734893 1124387.45012457
2630433882.2658 2437582582034.1 -188237935166.818 -7717.88841596837 1873.46078566827 -22756327.2734888 1118637.81483148
2631546792.84485 2428979517388.3 -186151882087.803 -7742.61907507219 1875.36332871617 -22756327.2734883 1112910.57904899
2632654001.90914 2420393116430.45 -184074415324.31 -7767.40109141744 1877.25530354843 -22756327.2734878 1107209.06428964
2633755535.00629 2411823405973.78 -182005520205.152 -7792.23475160894 1879.13664337978 -22756327.2734872 1101533.09715227
2634852464.51483 2403262228275.49 -179943212710.05 -7817.14420386159 1881.00906720592 -22756327.2734867 1096929.50853521
2635943759.40298 2394717814890.16 -177889461222.167 -7842.10600750989 1882.87070171104 -22756327.2734861 1091294.88815205
2637029442.70692 2386190208917.44 -175844255139.314 -7867.12040180343 1884.72147372772 -22756327.2734856 1085683.30393868
2638109537.2319 2377679454176.29 -173807584063.752 -7892.18762275698 1886.56130909888 -22756327.273485 1080094.52498226
2639184067.63879 2369185578710.11 -171779433864.642 -7917.3079519672 1888.39013622389 -22756327.2734844 1074530.40689082
2640252037.40481 2360716720007.15 -169761720417.642 -7942.45753863843 1890.20614726231 -22756327.2734838 1067969.7660187
2641314497.16148 2352264806192.49 -167752493491.009 -7967.66056705884 1892.01101665806 -22756327.2734833 1062459.75667108
2642371466.72639 2343829899982.25 -165751747342.097 -7992.91721088411 1893.80466308476 -22756327.2734827 1056969.56491175
2643422970.0744 2335412029957.59 -163759468142.473 -8018.22774440498 1895.58701166255 -22756327.2734821 1051503.34801102
2644470031.35321 2327003178479.17 -161773744142.333 -8043.61678629533 1897.35967909154 -22756327.2734815 1047061.2788094
2645511661.83278 2318611466916.79 -159796479010.016 -8069.0603277596 1899.12087131609 -22756327.2734809 1041630.47957085
2646547885.01732 2310236924763.07 -157827659210.299 -8094.55863915917 1900.87051041679 -22756327.2734803 1036223.18453349
2647578724.26412 2301879581513.41 -155867271257.542 -8120.11199021409 1902.60851757501 -22756327.2734797 1030839.24680036
2648604200.37707 2293539486282.68 -153915306300.392 -8145.7205896259 1904.33480901949 -22756327.2734791 1025476.11295755
2649623362.12713 2285224630106.18 -151973608019.287 -8171.36010279279 1906.04766807672 -22756327.2734785 1019161.75005091
2650637209.32287 2276927110235.05 -150040304408.99 -8197.05509804477 1907.74865942836 -22756327.2734778 1013847.1957459
2651646728.39597 2268639032447.09 -148113542111.579 -8222.83053307798 1909.43931338603 -22756327.2734772 1009519.07310143
2652650968.1367 2260368384759.25 -146195164137.658 -8248.66207799067 1911.11791136962 -22756327.2734766 1004239.74072249
2653649948.4226 2252115219254.26 -144285162357.382 -8274.54992390352 1912.78436483823 -22756327.2734759 998980.285900123
2654643688.94927 2243879588679.73 -142383528786.906 -8300.49425780518 1914.43858430409 -22756327.2734753 993740.526672691
2655632214.56191 2235661502075.24 -140490245374.415 -8326.49540315908 1916.08048817835 -22756327.2734746 988525.612636864
2656615099.32703 2227464732260.76 -138606158296.391 -8352.5416977914 1917.70924804044 -22756327.273474 982884.76512607
2657593746.38269 2219277772594.81 -136728605825.844 -8378.67014088347 1919.32706200019 -22756327.2734733 978647.055661355
2658567232.18914 2211108526252.67 -134859386511.001 -8404.8560216937 1920.93227282533 -22756327.2734726 973485.806443754
2659535577.02195 2202957036842.9 -132998490271.014 -8431.09954838028 1922.52478846701 -22756327.273472 968344.832815233
2660498799.60059 2194823360226.84 -131145909815.864 -8457.40088760042 1924.10451365184 -22756327.2734713 963222.578634974
2661456918.48179 2186707552898.23 -129301637975.551 -8483.76020141903 1925.67135219035 -22756327.2734706 958118.881198809
2662409953.5139 2178609659625.22 -127465664898.675 -8510.17768761446 1927.22520934706 -22756327.2734699 953035.032117152
2663357921.47762 2170529750490.14 -125637986450.607 -8536.65345883637 1928.76598473186 -22756327.2734692 947967.963720317
2664300841.94485 2162467871121.87 -123818592927.798 -8563.18770487599 1930.29358185466 -22756327.2734685 942920.467229566
2665238734.35799 2154424067411.18 -122007474678.789 -8589.78061250598 1931.8079033423 -22756327.2734678 937892.41314233
2666172062.19338 2146394558417.23 -120203763400.157 -8616.44510293715 1933.30956427834 -22756327.2734671 933327.835386559
2667100396.57807 2138383227615.62 -118408314463.765 -8643.16870039913 1934.79774065223 -22756327.2734664 928334.384692429
2668023315.25482 2130393948141.59 -116621972915.279 -8669.93873264334 1936.2716288473 -22756327.2734657 922918.676743789
2668941716.18038 2122419158084.2 -114843027962.791 -8696.78086848933 1937.73253167277 -22756327.273465 918400.925559965
2669855177.38788 2114462714905.38 -113072323065.797 -8723.6825396055 1939.17964196607 -22756327.2734642 913461.207497869
2670764151.42797 2106520870059.74 -111309006954.177 -8750.65683509885 1940.61353989567 -22756327.2734635 908974.040096082
2671668217.50306 2098597493287.85 -109553921773.219 -8777.69102480053 1942.03342418677 -22756327.2734627 904066.075091487
2672567392.47473 2090692647523.96 -107807061420.23 -8804.78521706789 1943.43918772542 -22756327.2734619 899174.971668539
2673461694.70689 2082806381848.31 -106068416688.931 -8831.9395643513 1944.83072511403 -22756327.2734612 894302.232154029
2674351140.81144 2074938760110.82 -104337981592.594 -8859.15416498008 1946.20792758966 -22756327.2734604 889446.104550112
2675235747.27598 2067089846702.29 -102615750206.035 -8886.42911148031 1947.57068559401 -22756327.2734596 884606.464547926
2676115530.4663 2059259706546.87 -100901716661.469 -8913.76449047884 1948.91888878569 -22756327.2734588 879783.190318211
2676990925.81894 2051444657045.26 -99195057617.6173 -8941.17355827992 1950.25306314833 -22756327.273458 875395.352642923
2677861529.67762 2043648494531.58 -97496584892.2662 -8968.6433987349 1951.57245150736 -22756327.2734572 870603.858677895
2678727358.06921 2035871285349.09 -95806292762.6924 -8996.17408287262 1952.876940963 -22756327.2734564 865828.391585626
2679588426.90808 2028113096345.12 -94124175547.7511 -9023.76567545325 1954.16641787851 -22756327.2734556 861068.838869754
2680445571.74069 2020366575022.47 -92448624645.8954 -9051.44480882667 1955.44198388326 -22756327.2734548 857144.832610418
2681297982.24082 2012639220616.03 -90781247628.271 -9079.18516922252 1956.70228263953 -22756327.273454 852410.500133484
2682145270.97518 2004934772143.51 -89122828075.0066 -9106.97353342358 1957.94660806105 -22756327.2734531 847288.734360101
2682988265.76921 1997245911873.16 -87471770464.7079 -9134.83658466759 1959.17603621274 -22756327.2734523 842994.794029025
2683826576.278 1989576392837.37 -85828863206.147 -9162.76110316777 1960.3898515056 -22756327.2734514 838310.508787653
2684660615.1565 1981922632711.98 -84193321358.8856 -9190.76050948505 1961.58850448514 -22756327.2734506 834038.87850351
2685490393.31324 1974284707753.68 -82565146462.2329 -9218.83499437886 1962.77185671471 -22756327.2734497 829778.156739613
2686315526.56334 1966666347523.62 -80945115876.0526 -9246.97122090707 1963.93921207907 -22756327.2734488 825133.250100275
2687136029.94113 1959067623218.99 -79333224158.7823 -9275.16919803299 1965.0904499007 -22756327.2734479 820503.377790174
2687952308.92108 1951484973183.85 -77728697998.7521 -9303.44250724335 1966.22598980775 -22756327.273447 816278.97994726
2688763987.48734 1943922083782.96 -76132299620.5295 -9331.77776481777 1967.34515888621 -22756327.2734462 811678.5662571
2689571466.67999 1936375411847.58 -74543263240.3619 -9360.18860430967 1968.44835964568 -22756327.2734452 807479.192657231
2690374753.18894 1928845072239.74 -72961597905.4489 -9388.67504594367 1969.53544286214 -22756327.2734443 803286.508944967
2691173477.13403 1921334726435.05 -71388054629.9368 -9417.22358930301 1970.60575648873 -22756327.2734434 798723.945087878
2691967653.06183 1913844448156.6 -69822627951.2183 -9445.8342017771 1971.65917574609 -22756327.2734425 794175.927801902
2692757297.35457 1906374293363.24 -68265308608.1792 -9474.50691252987 1972.69557787554 -22756327.2734415 789644.292743625
2693543173.75037 1898917215114.61 -66714612086.6439 -9503.26920845612 1973.71580444069 -22756327.2734406 785876.395798022
2694324540.02081 1891480434727.03 -65172024549.0514 -9532.09367124762 1974.71873045547 -22756327.2734396 781366.270438258
2695101412.37379 1884064008896.04 -63637536594.5301 -9560.98031009194 1975.70423127145 -22756327.2734387 776872.35298422
2695874173.40719 1876664480090.3 -62110414403.3038 -9589.94291734278 1976.67263810566 -22756327.2734377 772761.033394531
2696643197.59384 1869278425811.17 -60589938643.9614 -9618.99541369616 1977.62424841945 -22756327.2734367 769024.186649284
2697407759.92057 1861912989061.81 -59077563895.8313 -9648.11012114408 1978.55800125831 -22756327.2734357 764562.326732045
2698168235.80497 1854564749303.7 -57572569070.9012 -9677.3008715683 1979.47419966096 -22756327.2734347 760475.884399234
2698924635.10158 1847233791743.85 -56074955553.5225 -9706.56773568468 1980.37269061725 -22756327.2734337 756399.296610294
2699676608.1989 1839923701331.34 -54585436794.2304 -9735.89670220171 1981.25290273427 -22756327.2734327 751973.097319413
2700424526.22912 1832631067032.18 -53103298758.4157 -9765.30175191276 1982.11511402542 -22756327.2734317 747918.030223411
2701168397.90201 1825355985236.64 -51628544692.5904 -9794.78289107247 1982.95916825003 -22756327.2734306 743871.672883697
2701908231.88602 1818098552893.05 -50161177799.2485 -9824.34011672389 1983.7849084777 -22756327.2734296 739833.984014021
2702643687.49009 1810862309685.99 -48701894490.1356 -9853.95929161113 1984.59179723743 -22756327.2734285 735455.604070231
2703375127.62656 1803643882784.75 -47249995230.3087 -9883.6544944144 1985.3800752449 -22756327.2734275 731440.1364748
2704102560.84547 1796443370437.3 -45805483042.4207 -9913.42569502868 1986.14958382823 -22756327.2734264 727433.218910509
2704826339.90889 1789257448470.77 -44367676904.4398 -9943.28711370815 1986.90051734401 -22756327.2734253 723779.06341999
2705545781.52077 1782093084508.43 -42937953958.4456 -9973.21015843431 1987.63199823365 -22756327.2734242 719441.611874323
2706261582.01244 1774943528518.39 -41514950051.1882 -10003.2233781288 1988.34456544032 -22756327.2734231 715800.491667576
2706972730.2767 1767819079291.09 -40100695108.5016 -10033.2837809692 1989.0370542029 -22756327.273422 711148.264263737
2707680256.31071 1760709618083.42 -38693160500.8805 -10063.4342967106 1989.71030909982 -22756327.2734209 707526.034009099
2708383826.09125 1753618671115.34 -37293029609.6703 -10093.6604189383 1990.36383129555 -22756327.2734197 703569.780542222
2709083450.10112 1746546318391.22 -35900300677.3797 -10123.9621378401 1990.99746063251 -22756327.2734186 699624.009864236
2709779136.67278 1739492661702.88 -34514976085.9353 -10154.3393422428 1991.61103454936 -22756327.2734174 695686.571665359
2710470893.58533 1732457808692.77 -33137059180.7782 -10184.7918861957 1992.20438971622 -22756327.2734163 691756.912546313
2711158730.21116 1725441851010.49 -31766549993.1374 -10215.3196834144 1992.77736389928 -22756327.2734151 687836.625837075
2711842980.19222 1718441557953.22 -30402802034.0298 -10245.937207551 1993.33005229068 -22756327.2734139 684249.981061047
2712523322.41698 1711460387757.56 -29046473467.293 -10276.6297421736 1993.86201255261 -22756327.2734127 680342.22475068
2713200087.36591 1704495123056.11 -27696923508.8984 -10307.4118343559 1994.37331979862 -22756327.2734115 676764.948932724
2713872957.05032 1697549210992.01 -26354804204.4938 -10338.2686442254 1994.86355034868 -22756327.2734103 672869.684414944
2714541940.82471 1690622744874.1 -25020114946.7762 -10369.2000289438 1995.33254054299 -22756327.2734091 668983.774390026
2715207363.5777 1683712536490.74 -23692225240.4537 -10400.220605336 1995.78033441198 -22756327.2734079 665422.752984569
2715869227.20124 1676818727764.2 -22371148667.836 -10431.3302234802 1996.20673589148 -22756327.2734066 661863.623538844
2716526910.45467 1669947981029.42 -21058142864.2329 -10462.4990643943 1996.61117465388 -22756327.2734053 657683.253435598
2717181050.6354 1663093830625.47 -19751953023.0239 -10493.7566973787 1996.99387260171 -22756327.273404 654140.180726459
2717831650.19332 1656256414271.26 -18452591248.7111 -10525.1029591418 1997.35463316548 -22756327.2734028 650599.557919775
2718478404.55201 1649439111641.25 -17160682882.7662 -10556.5226933286 1997.69310369106 -22756327.2734015 646754.358692026
2719121628.54136 1642638783641.43 -15875615965.6686 -10588.0306964518 1998.00926524642 -22756327.2734002 643223.989345641
2719761022.06958 1635858782929.79 -14598006817.1256 -10619.6117546857 1998.30278683018 -22756327.2733988 639393.528223801
2720396896.3762 1629095989866.87 -13327250180.0201 -10651.2807102974 1998.57362795973 -22756327.2733975 635874.306622391
2721029253.96423 1622350544834.71 -12063357442.2275 -10683.0373277417 1998.82159141057 -22756327.2733961 632357.588031944
2721658098.20696 1615622579732.08 -10806338133.6687 -10714.8813983436 1999.04648026604 -22756327.2733948 628844.242720801
2722283431.93272 1608912233050.61 -9556202752.30108 -10746.812669164 1999.2480973979 -22756327.2733934 625333.725763182
2722905258.42252 1602219639214.88 -8312960767.7602 -10778.8308930165 1999.42624589527 -22756327.273392 621826.489796864
2723523581.12761 1595544931568.26 -7076621183.16657 -10810.9358143048 1999.5807289843 -22756327.2733906 618322.705097372
2724138112.96902 1588891394451.67 -5847773849.78802 -10843.111884425 1999.71129381293 -22756327.2733892 614531.84140524
2724748865.82584 1582259099163.61 -4626410750.07476 -10875.3588739055 1999.81777881821 -22756327.2733878 610752.856818545
2725356426.36826 1575641847158.39 -3411374163.44455 -10907.7072750429 1999.90008926365 -22756327.2733863 607560.542418998
2725960504.56484 1569042956375.55 -2203259423.42084 -10940.1413360708 1999.9579723044 -22756327.2733849 604078.196584333
2726561104.69547 1562462554158.74 -1002073188.38541 -10972.6607621351 1999.99123232531 -22756327.2733834 600600.130625126
2727158231.29343 1555900765719.26 192178529.90544 -11005.2652544425 1999.99967405555 -22756327.2733819 597126.597964698
2727751889.00233 1549357715678.74 1379490082.35912 -11037.9545025284 1999.98310259544 -22756327.2733804 593657.708899843
2728342082.86698 1542833524834.4 2559856766.63028 -11070.7282003372 1999.94132343938 -22756327.2733789 590193.864651707
2728929373.72327 1536322143269.29 3734385539.04295 -11103.6172810334 1999.87406655194 -22756327.2733774 587290.856292963
2729513197.84964 1529829972069.57 4901934429.28165 -11136.5899412587 1999.78116666297 -22756327.2733759 583824.126364084
2730093287.61901 1523360180541.8 6061953890.9615 -11169.6302132163 1999.66249320242 -22756327.2733743 580089.769367548
2730669929.11543 1516909771616.32 7215001845.52711 -11202.7535202692 1999.51781538299 -22756327.2733728 576641.496426992
2731243399.25939 1510475814576.67 8361617901.05352 -11235.9752782235 1999.3468540397 -22756327.2733712 573470.143954011
2731813695.88229 1504058488206.34 9501783668.53109 -11269.2950478073 1999.14938144713 -22756327.2733696 570296.622904457
2732380817.46463 1497657965361.05 10635482179.964 -11302.7124014389 1998.92517043879 -22756327.273368 567121.582334397
2732944496.21818 1491277438708.79 11762164409.7256 -11336.2109938785 1998.67412001249 -22756327.2733664 563678.753558669
2733505269.29305 1484910986046.56 12882890344.1792 -11369.8223607687 1998.39576457917 -22756327.2733647 560773.074867191
2734062338.71581 1478567839167.35 13996051791.6729 -11403.4980592766 1998.0902954165 -22756327.2733631 557069.422753563
2734616242.49867 1472242058645.82 15102710689.5933 -11437.2697702307 1997.75723449023 -22756327.2733615 553903.782865728
2735167240.83915 1465930820479.19 16203373519.2468 -11471.1531086363 1997.39618035063 -22756327.2733597 550998.340484103
2735714808.36638 1459640304531.24 17296977712.1282 -11505.1152839132 1997.00725467012 -22756327.2733581 547567.527220932
2736259210.39455 1453367639416.74 18384040350.6401 -11539.1720351972 1996.59006915524 -22756327.2733564 544402.028170361
2736800193.21959 1447115925602.04 19464042201.5153 -11573.3067517422 1996.1446196996 -22756327.2733547 540982.825039822
2737338273.45399 1440879358000.22 20538001961.9055 -11607.5514756801 1995.67026139481 -22756327.2733529 538080.234407844
2737873191.61839 1434661097088.99 21605389054.987 -11641.8893205789 1995.1669824329 -22756327.2733512 534918.164401178
2738405199.1931 1428458374008.85 22666692747.0187 -11676.3360267477 1994.63430696527 -22756327.2733494 532007.574709183
2738934041.1147 1422274318439.65 23721391815.5574 -11710.874646712 1994.0722526109 -22756327.2733476 528841.92159803
2739459472.43854 1416111977620.88 24768985933.8254 -11745.488299318 1993.48089002828 -22756327.2733458 525431.323833496
2739981997.12835 1409965611737.69 25810468022.3738 -11780.2094889044 1992.85944018586 -22756327.2733439 522524.689817675
2740501608.44102 1403835446187.89 26845812471.5416 -11815.0374706246 1992.20765319255 -22756327.2733421 519611.312671082
2741018058.41886 1397724566788.15 27874513435.1474 -11849.9550804376 1991.52560815329 -22756327.2733402 516449.977832031
2741531350.70738 1391633104897.55 28896566803.4824 -11884.9617762268 1990.81309457602 -22756327.2733384 513292.288523718
2742041729.64101 1385558323595.03 29912447627.5546 -11920.0736212104 1990.06954462495 -22756327.2733365 510378.933631494
2742549191.86208 1379500414046.29 30922137655.9882 -11955.2899704532 1989.29471123987 -22756327.2733345 507462.221071927
2743053733.50943 1373459575059.91 31925617792.38 -11990.6101088389 1988.48835026523 -22756327.2733326 504541.64734956
2743555115.22345 1367438839243.66 32922401014.1804 -12026.0165811712 1987.65062210311 -22756327.2733307 501381.714013404
2744053577.62179 1361435485097.62 33912954895.067 -12061.5256500584 1986.78090461924 -22756327.2733287 498462.398339232
2744548885.15207 1355452518445.03 34896800728.23 -12097.1197764484 1985.8793909379 -22756327.2733267 495307.530286464
2745041276.81992 1349487222185.49 35874402819.733 -12132.8153473548 1984.94543027431 -22756327.2733248 492391.667846629
2745531212.78993 1343534155107.71 36846663537.0886 -12168.6455684551 1983.97785490051 -22756327.2733227 489935.970009235
2746018213.75801 1337599276863.36 37812620629.3018 -12204.575190596 1982.97731933229 -22756327.2733207 487000.968084358
2746502052.23849 1331685534676.17 38771812997.2921 -12240.5865211363 1981.9440849196 -22756327.2733186 483838.480479035
2746983191.56941 1325787428802.99 39725149128.9971 -12276.7133330286 1980.87693017405 -22756327.2733165 481139.330914827
2747461396.65067 1319907993546.7 40672152950.501 -12312.9374528255 1979.77611880822 -22756327.2733144 478205.081266867
2747936669.58935 1314047369120.58 41612818942.4028 -12349.2582555107 1978.64141981398 -22756327.2733123 475272.938674596
2748409233.00986 1308202965405.68 42547577833.739 -12385.692163097 1977.47204911952 -22756327.2733102 472563.42050866
2748879080.3866 1302375007543.71 43476406614.6174 -12422.2382708364 1976.26774390185 -22756327.273308 469847.376747412
2749345985.22627 1296566463295.07 44398848017.4957 -12458.8782895167 1975.0288387427 -22756327.2733058 466904.839661727
2749810168.79145 1290774739845.24 45315329847.251 -12495.6288727374 1973.75450366161 -22756327.2733036 464183.56518907
2750271410.1118 1285002755312.55 46225406679.023 -12532.4717804799 1972.44510548661 -22756327.2733014 461241.320345627
2750730144.2922 1279245215128.54 47129927633.3148 -12569.4412179195 1971.09914126511 -22756327.2732992 458734.18040351
2751185929.50794 1273507816521.52 48028012340.3893 -12606.5009870802 1969.71764325257 -22756327.2732969 455785.215739116
2751638984.42708 1267787972379.81 48920083112.0604 -12643.6680025295 1968.29971954213 -22756327.2732946 453054.919136133
2752089516.94602 1262083200893.11 49806540029.8618 -12680.9588855778 1966.84442982123 -22756327.2732923 450532.518943226
2752537095.11406 1256399128133.94 50686524593.832 -12718.3371689045 1965.35291612486 -22756327.27329 447578.168035165
2752982144.68582 1250730505264.6 51560865470.1541 -12755.8376538383 1963.82350988616 -22756327.2732877 445049.571761427
2753424445.914 1245080278940.18 52429122259.1859 -12793.441265281 1962.25668746887 -22756327.2732853 442301.228181708
2753864204.31482 1239445973416.29 53291689916.6237 -12831.1648693158 1960.65144640092 -22756327.2732829 439758.400823754
2754301206.81067 1233830469957.07 54148142223.5994 -12868.989537372 1959.00829417803 -22756327.2732805 437002.495848491
2754735656.54632 1228231311107.14 54998869239.6986 -12906.9321572812 1957.32620089949 -22756327.273278 434449.735644993
2755167344.64275 1222651343379.57 55843454085.6814 -12944.9737474603 1955.60571363162 -22756327.2732756 431688.096429907
2755596675.20284 1217085487862.12 56682679196.8726 -12983.1493776296 1953.84492919963 -22756327.273273 429330.5600909
2756023232.77354 1211539276823.2 57515724514.6797 -13021.4215159549 1952.04526385573 -22756327.2732705 426557.570697022
2756447021.82986 1206012823148.08 58342592117.4275 -13059.7894402136 1950.20648736539 -22756327.273268 423789.05632613
2756868438.98739 1200501103953.58 59164048304.8769 -13098.2883842463 1948.32659930048 -22756327.2732654 421417.157532592
2757287274.77396 1195006998518.42 59979676878.4684 -13136.8987322695 1946.4062233411 -22756327.2732628 418835.786569301
2757703526.62264 1189530693498.67 60789465747.402 -13175.6194704726 1944.4451027111 -22756327.2732602 416251.848679649
2758117385.18724 1184069823829.52 61593778365.6644 -13214.4677575796 1942.44203798717 -22756327.2732576 413858.56459433
2758528645.32484 1178627241596.21 62392208834.2252 -13253.4237063436 1940.3977268056 -22756327.2732549 411260.137599499
2758937495.50667 1173200599906.3 63185116078.4203 -13292.5044825226 1938.31094314102 -22756327.2732522 408850.181837823
2759343737.18537 1167792683160.13 63972108301.6836 -13331.6903690422 1936.18241702598 -22756327.2732496 406241.678700157
2759747557.87246 1162401146084.22 64753542252.0458 -13370.9986630417 1934.01088831765 -22756327.2732468 403820.687088092
2760148761.89591 1157028753737.19 65529033017.1682 -13410.4094756861 1931.79713768879 -22756327.273244 401204.023451821
2760547538.25967 1151673129374.89 66298939888.2966 -13449.940482732 1929.5398561912 -22756327.2732412 398776.363758906
2760943879.60094 1146334516456.19 67063242216.2016 -13489.5902689089 1927.23878473774 -22756327.2732384 396341.341266543
2761337778.74311 1141013158238.34 67821919978.8522 -13529.3573730039 1924.89367105366 -22756327.2732356 393899.142174704
2761729231.15318 1135709264411.86 68574958511.1385 -13569.2405386071 1922.50425479021 -22756327.2732327 391452.410065007
2762118412.26837 1130420597305.45 69322688959.909 -13609.2570417794 1920.06914266257 -22756327.2732298 389181.115194512
2762505308.2222 1125147476148.47 70065077942.8987 -13649.4050506601 1917.58806466515 -22756327.2732269 386895.953823665
2762889550.99752 1119895071669.55 70801414172.1367 -13689.6453880315 1915.06311730984 -22756327.273224 384242.775324451
2763271503.35732 1114658581484.9 71532387938.381 -13730.015006675 1912.49165937609 -22756327.273221 381952.359793992
2763651154.4543 1109438290618.48 72257972474.4996 -13770.5121899932 1909.87342615839 -22756327.2732179 379651.096978779
2764028318.64074 1104236901150.05 72977807940.9558 -13811.1162368158 1907.20941278557 -22756327.2732149 377164.186445023
2764403260.91989 1099050904176.2 73692394975.7867 -13851.8548549953 1904.49744677337 -22756327.2732119 374942.279151638
2764775964.98526 1093880656902.36 74401696572.3027 -13892.7257839112 1901.73728599721 -22756327.2732087 372704.065372094
2765146336.22959 1088727611303.66 75105527405.7599 -13933.717954958 1898.92930316457 -22756327.2732056 370371.244327262
2765514367.27727 1083592016963.77 75803868825.4411 -13974.8296610223 1896.07325760299 -22756327.2732024 368031.047677961
2765880138.13714 1078472901071.78 76496867927.2968 -14016.069018311 1893.16821722311 -22756327.2731992 365770.859874032
2766243554.11298 1073371734672.8 77184340866.2709 -14057.424462074 1890.21463215166 -22756327.273196 363415.975832953
2766604783.02441 1068286304474.86 77866600573.322 -14098.9142745436 1887.21082093884 -22756327.2731928 361228.911431143
2766963813.62211 1063216902598.11 78543620783.9815 -14140.5365565533 1884.15651982574 -22756327.2731895 359030.597701248
2767320549.89263 1058165026287.15 79215216130.5052 -14182.2793566224 1881.05222351294 -22756327.2731861 356736.270522778
2767675069.00356 1053129726628.95 79881527883.7496 -14224.1508099203 1877.89694892033 -22756327.2731828 354519.110924522
2768027365.26032 1048111225066.23 80542541228.7054 -14266.1494223606 1874.69041928218 -22756327.2731794 352296.256766897
2768377511.67105 1043108619046.44 81198388937.1116 -14308.2831452821 1871.43162706363 -22756327.2731759 350146.410722954
2768725494.56473 1038122238725.3 81849041119.1565 -14350.5496388671 1868.12034284737 -22756327.2731725 347982.893681602
2769071223.13861 1033153527838.62 82494324451.1686 -14392.936958431 1864.7571119227 -22756327.273169 345728.573879175
2769414853.66506 1028200380050.8 83134526964.5009 -14435.463415689 1861.34007976917 -22756327.2731654 343630.526454043
2769756214.57214 1023265410138.64 83769325686.2026 -14478.1068562749 1857.87062926187 -22756327.2731619 341360.907084452
2770095462.77664 1018346493382.36 84399009405.2918 -14520.8858899609 1854.3468529332 -22756327.2731583 339248.204495283
2770432589.54616 1013443891845.07 85023558358.8221 -14563.7986381205 1850.76848521918 -22756327.2731547 337126.769518494
2770767658.78836 1008556809170.92 85643087312.6877 -14606.8525136609 1847.1344775705 -22756327.273151 335069.242201431
2771100582.06645 1003686670951.15 86257429484.7005 -14650.0353424535 1843.44543277203 -22756327.2731473 332923.278093236
2771431353.80129 998833701735.372 86866572067.8438 -14693.3453719509 1839.70109552396 -22756327.2731435 330771.734841833
2771760041.85337 993997045948.412 87470637419.3922 -14736.790524789 1835.90036481303 -22756327.2731398 328688.05207068
2772086637.63576 989176967289.595 88069607053.369 -14780.3687653479 1832.04299195988 -22756327.273136 326595.782394838
2772411135.20522 984373692906.594 88663467691.8381 -14824.0783245051 1828.12871105835 -22756327.2731321 324497.569461132
2772733598.15723 979586418244.129 89252333249.446 -14867.926853886 1824.15640358783 -22756327.2731283 322462.952005574
2773054165.14149 974813209519.02 89836453479.3842 -14911.9326370505 1820.1239376295 -22756327.2731244 320566.98426429
2773372591.43135 970057843392.43 90415379880.3549 -14956.0612575038 1816.03401476274 -22756327.2731204 318426.289855993
2773688951.92821 965319346349.2 90989247336.5748 -15000.3218915048 1811.88537026589 -22756327.2731164 316360.496864137
2774003308.22872 960596932961.182 91558165706.8934 -15044.7221711633 1807.67684640082 -22756327.2731124 314356.300509738
2774315723.183 955889789082.779 92122246323.9034 -15089.270189171 1803.4072070573 -22756327.2731083 312414.954276323
2774626111.15683 951199337617.202 92681332544.7312 -15133.9528561025 1799.07724380174 -22756327.2731042 310387.973836518
2774934536.89361 946524735356.742 93235539341.1726 -15178.7785222196 1794.68569017324 -22756327.2731 308425.736779489
2775240988.88919 941866289384.805 93784844297.5056 -15223.7446052501 1790.23233082488 -22756327.2730958 306451.995576365
2775545525.68727 937223240426.574 94329350539.1409 -15268.8588348231 1785.71592172072 -22756327.2730915 304536.798080635
2775848063.68704 932596996561.503 94868907197.5304 -15314.1078621002 1781.13732785007 -22756327.2730873 302537.999765526
2776148665.75422 927986732488.102 95403625393.8141 -15359.5000298092 1776.49523986061 -22756327.2730829 300602.067181986
2776447391.23697 923391666814.52 95933609110.6029 -15405.0434527461 1771.78833410476 -22756327.2730786 298725.482753649
2776744223.26937 918812185992.73 96458826784.7863 -15450.734756195 1767.01645581621 -22756327.2730742 296832.032399501
2777039082.68314 914249646122.084 96979137632.2473 -15496.5606870708 1762.18051068959 -22756327.2730697 294859.413768564
2777332095.13193 909702235513.943 97494762602.7043 -15542.5397585136 1757.2780560406 -22756327.2730652 293012.448793143
2777623115.5492 905172340645.802 98005446052.0223 -15588.6480916671 1752.3111557912 -22756327.2730607 291020.417268614
2777912338.97362 900657058404.406 98511529759.5941 -15634.9155335337 1747.27610075761 -22756327.2730561 289223.424413994
2778199748.07742 896156780872.195 99012981853.2532 -15681.3386148885 1742.17272871486 -22756327.2730515 287409.103799345
2778485260.72881 891672923642.106 99509658489.0589 -15727.9030903228 1737.00209310577 -22756327.2730468 285512.651398728
2778768935.23978 887204703283.176 100001661006.386 -15774.6173810131 1731.7627538176 -22756327.2730421 283674.510967138
2779050693.37312 882753486999.816 100488854046.462 -15821.4674088895 1726.45579223486 -22756327.2730373 281758.133341802
2779330659.12324 878317448711.847 100971452256.974 -15868.4726505325 1721.07849342146 -22756327.2730325 279965.750115016
2779608815.69926 873896980828.234 101449426353.935 -15915.6293500058 1715.6307497003 -22756327.2730276 278156.576021836
2779885214.24067 869491395654.406 101922863851.445 -15962.9452720965 1710.11111759655 -22756327.2730227 276398.541405322
2780159840.04525 865101051048.944 102391739162.967 -16010.4170324099 1704.51943566399 -22756327.2730177 274625.804585305
2780432681.06324 860726266149.932 102856031796.014 -16058.0415597305 1698.85551801557 -22756327.2730126 272841.017986374
2780703723.18733 856367396629.553 103315718317.629 -16105.8152804781 1693.11925105047 -22756327.2730076 271042.124091784
2780972957.2972 852024721418.284 103770784314.655 -16153.7353571329 1687.31044562295 -22756327.2730024 269234.109876356
2781240495.95449 847696550864.985 104221420477.101 -16201.8208044906 1681.42623676508 -22756327.2729973 267538.657287222
2781506261.56684 843384264763.081 104667496514.491 -16250.0566910333 1675.46788216051 -22756327.2729921 265765.612344268
2781770240.35678 839088218894.651 105108990798.001 -16298.4392298275 1669.43531016882 -22756327.2729868 263978.789940537
2782032546.99632 834806673088.415 105546095983.63 -16346.9883622953 1663.32546448384 -22756327.2729815 262306.6395477
2782293105.2308 830540996363.359 105978685804.837 -16395.6889434459 1657.13967032842 -22756327.2729761 260558.234471966
2782551962.20146 826290544505.359 106406839876.911 -16444.5486151209 1650.87638692325 -22756327.2729706 258856.970662658
2782809161.82073 822054718446.786 106830631610.439 -16493.5746894171 1644.53407793711 -22756327.2729652 257199.619271412
2783064689.30168 817833882627.793 107250037416.749 -16542.7633954677 1638.11262325565 -22756327.2729596 255527.480948738
2783318530.17464 813628400206.784 107665034878.92 -16592.1108546697 1631.61193215329 -22756327.272954 253840.872963982
2783570613.41362 809439579481.866 108075510337.274 -16641.6018580678 1625.03344252166 -22756327.2729483 252083.238978548
2783821048.15699 805265736795.06 108481643892.314 -16691.2564763113 1618.37390972007 -22756327.2729426 250434.743371371
2784069876.1624 801106295950.38 108883504444.205 -16741.0820102917 1611.63172609828 -22756327.2729368 248828.005407793
2784317136.05731 796960726047.327 109281155018.082 -16791.0853971501 1604.80529590783 -22756327.2729309 247259.894906036
2784562692.69918 792831415990.649 109674380178.277 -16841.2381615367 1597.89788553582 -22756327.272925 245556.641870172
2784806651.70214 788716716155.299 110063351549.466 -16891.5605775671 1590.90609369584 -22756327.272919 243959.002963735
2785048996.11697 784617033226.819 110448043980.884 -16942.0480579785 1583.82991744969 -22756327.272913 242344.414826471
2785289711.6259 780532733677.035 110828437242.204 -16992.6963689742 1576.66932313903 -22756327.272907 240715.508937146
2785528844.79744 776463150265.488 111204607374.84 -17043.5140938148 1569.42245938165 -22756327.2729008 239133.171531345
2785766323.27378 772409640354.329 111576443594.653 -17094.4844918547 1562.0910877815 -22756327.2728946 237478.476340287
2786002248.62918 768370595009.785 111944107967.782 -17145.6280264991 1554.67162952799 -22756327.2728884 235925.35540369
2786236601.69615 764346461996.169 112307573042.718 -17196.9394032567 1547.16418620983 -22756327.272882 234353.066968903
2786469420.40895 760336709171.91 112666900154.741 -17248.4257858837 1539.5670365954 -22756327.2728756 232818.712797443
2786700739.67648 756340849985.808 113022145146.842 -17300.0939296265 1531.87848157693 -22756327.2728691 231319.267530524
2786930437.04773 752361122204.798 113373123237.66 -17351.9151611982 1524.10212353721 -22756327.2728626 229697.37125183
2787158661.4449 748395067139.372 113720065245.999 -17403.9217790774 1516.23244135418 -22756327.272856 228224.397174168
2787385289.56668 744444948144.865 114062787015.779 -17456.0844026459 1508.27319796943 -22756327.2728494 226628.121778738
2787610467.97942 740508330451.85 114401513501.818 -17508.4354976474 1500.21874749392 -22756327.2728426 225178.412736417
2787834120.25132 736586665715.677 114736132506.564 -17560.9562005331 1492.07127088696 -22756327.2728358 223652.271898284
2788056236.72776 732680246521.933 115066633715.223 -17613.6427787238 1483.83066576419 -22756327.272829 222116.476439855
2788276955.79176 728786753285.898 115393225889.903 -17666.5269816776 1475.49122766571 -22756327.272822 220719.06400528
2788496150.65263 724908536938.813 115715724437.504 -17719.5773285505 1467.05717826203 -22756327.272815 219194.860872723
2788713858.21034 721045067142.767 116034188103.398 -17772.8012525836 1458.52663620581 -22756327.2728079 217707.557705765
2788930068.70752 717196638519.75 116348607055.505 -17826.1948954119 1449.89951007604 -22756327.2728008 216210.49717498
2789144866.03222 713361874511.737 116659107090.967 -17879.777704363 1441.17191394173 -22756327.2727935 214797.324707822
2789358228.59931 709541273136.17 116965660312.828 -17933.5431900826 1432.34413204804 -22756327.2727862 213362.56709104
2789570139.64361 705735251392.861 117268246753.681 -17987.4858077784 1423.4163219587 -22756327.2727788 211911.044299061
2789780631.68267 701943341826.901 117566917073.587 -18041.6125033754 1414.38657478685 -22756327.2727714 210492.039054752
2789989641.63547 698166800944.4 117861586738.192 -18095.9055296141 1405.25710974405 -22756327.2727638 209009.952804435
2790197300.63058 694403375072.625 118152444984.152 -18150.3976166159 1396.0216481667 -22756327.2727562 207658.995104475
2790403536.78367 690654478857.292 118439395001.359 -18205.0687302815 1386.68278125263 -22756327.2727485 206236.153090217
2790608338.13686 686920449459.078 118722425518.6 -18259.9141189535 1377.24056225228 -22756327.2727408 204801.353194726
2790811783.02882 683199973975.319 119001649561.225 -18314.9533730295 1367.69082635449 -22756327.2727328 203444.891956356
2791013850.12298 679493554352.988 119277042122.871 -18370.1794907626 1358.03396686138 -22756327.2727248 202067.094158759
2791214522.83911 675801610653.021 119548585756.092 -18425.5864788032 1348.27023251863 -22756327.2727168 200672.716129625
2791413877.27909 672122854802.8 119816388046.659 -18481.1940626698 1338.39531596436 -22756327.2727087 199354.439979923
2791611846.12219 668458641450.319 120080363367.468 -18536.9821381557 1328.41195258765 -22756327.2727006 197968.843099371
2791808417.57328 664809308934.917 120340502316.859 -18592.9456361419 1318.32026239203 -22756327.2726922 196571.451091331
2792003666.09282 661173590741.947 120596909164.945 -18649.1042003898 1308.11588189199 -22756327.2726839 195248.519539403
2792197615.49599 657551152024.581 120849619754.769 -18705.4634795439 1297.79690679882 -22756327.2726755 193949.403171538
2792390202.20937 653943293165.749 121098556764.107 -18762.0035445515 1287.36613334681 -22756327.272667 192586.713380125
2792581456.56557 650349562793.739 121343765773.422 -18818.7316147993 1276.82139926859 -22756327.2726584 191254.356197215
2792771366.60135 646770302083.361 121585237886.629 -18875.6424539194 1266.16283916948 -22756327.2726497 189910.035786465
2792960001.2806 643204323833.767 121823066674.298 -18932.7552199823 1255.38599257881 -22756327.2726409 188634.679244705
2793147382.79706 639651314289.417 122057284868.417 -18990.0754689889 1244.48888171565 -22756327.272632 187381.516464263
2793333485.70013 636111863112.527 122287865784.693 -19047.5941606875 1233.47229827855 -22756327.2726229 186102.903072415
2793518250.96991 632587208187.062 122514743159.928 -19105.2913149431 1222.33919931652 -22756327.2726139 184765.269772427
2793701711.55505 629076839686.218 122737965114.98 -19163.1752675148 1211.08712713482 -22756327.2726048 183460.585144362
2793883975.24992 625578802607.704 122957668459.912 -19221.2786741096 1199.70879173636 -22756327.2725955 182263.694863707
2794064972.66611 622094533900.13 123173774894.811 -19279.578167385 1188.20780196949 -22756327.2725861 180997.416192384
2794244689.69849 618624418634.509 123386274697.375 -19338.0674592301 1176.58449041633 -22756327.2725767 179717.032384185
2794423153.52562 615168045471.675 123595207261.036 -19396.7536267625 1164.83653626502 -22756327.2725672 178463.827127165
2794600425.22437 611724338229.16 123800650153.698 -19455.6553492584 1152.95922447087 -22756327.2725575 177271.698753674
2794776443.40996 608294597143.681 124002538655.965 -19514.7507383966 1140.95599477374 -22756327.2725478 176018.18558952
2794951270.23523 604877719862.056 124200950808.361 -19574.0590891191 1128.82195447239 -22756327.2725379 174826.825272495
2795124845.19121 601474998589.85 124395825026.716 -19633.5582213486 1116.56066905341 -22756327.272528 173574.955970813
2795297231.48588 598085304587.821 124587239672.55 -19693.2680752927 1104.16705660736 -22756327.2725179 172386.294677693
2795468408.57385 594709149442.601 124775178908.484 -19753.1799465899 1091.64192069411 -22756327.2725078 171177.087970706
2795638362.49108 591346920289.689 124959635392.351 -19813.2870807415 1078.98569955025 -22756327.2724975 169953.917222601
2795807116.10121 587998276773.902 125140642139.181 -19873.5956508684 1066.19611553055 -22756327.2724871 168753.610134036
2795974725.97636 584662202121.651 125318266881.91 -19934.1243116558 1053.26817300518 -22756327.2724766 167609.875144403
2796141171.46507 581339210933.65 125492494453.922 -19994.8641558457 1040.20270685599 -22756327.2724659 166445.488715395
2796306467.99882 578029100153.707 125663348181.932 -20055.819248306 1026.99778015931 -22756327.2724552 165296.533753685
2796470593.23304 574732423904.325 125830812646.98 -20116.979651231 1013.65449077036 -22756327.2724442 164125.234218568
2796633568.41392 571448863205.569 125994917597.615 -20178.3514841756 1000.17045145315 -22756327.2724333 162975.180880744
2796795375.52582 568178889538.734 126155653281.151 -20239.9260871114 986.546512793557 -22756327.2724223 161807.111895815
2796956069.98083 564921489146.504 126313082745.642 -20301.7227986851 972.777312967821 -22756327.2724111 160694.455014414
2797115629.46435 561677218382.569 126467191828.738 -20363.7313935865 958.864019887464 -22756327.2723998 159559.483513577
2797274070.07344 558445855544.034 126618004276.675 -20425.9563516292 944.804525049874 -22756327.2723883 158440.609097335
2797431371.85273 555227914586.395 126765509759.616 -20488.3879373608 930.599930934125 -22756327.2723767 157301.779284733
2797587590.03298 552022370319.622 126909768364.777 -20551.0462960507 916.244525780086 -22756327.2723652 156218.180254432
2797742683.87815 548830162957.637 127050750845.636 -20613.9133056054 901.741321920206 -22756327.2723534 155093.845167569
2797896705.57729 545650322558.057 127188513141.797 -20677.0083143768 887.08470656397 -22756327.2723415 154021.69913654
2798049631.06842 542483448470.179 127323041999.734 -20740.3197411929 872.276195407838 -22756327.2723294 152925.491127027
2798201476.97589 539329300701.865 127454360856.944 -20803.8525976452 857.313450618102 -22756327.2723173 151845.907470848
2798352241.54927 536188019474.608 127582477070.216 -20867.6042771923 842.195907764535 -22756327.272305 150764.573382623
2798501937.01797 533059453838.248 127707410055.461 -20931.5780453468 826.921605611124 -22756327.2722925 149695.468704395
2798650577.24264 529943416463.503 127829180198.709 -20995.7779943333 811.4883551516 -22756327.27228 148640.224670178
2798798158.15553 526840095026.115 127947793149.839 -21060.2005008242 795.89580706596 -22756327.2722673 147580.912890505
2798944677.69258 523749636916.27 128063256770.097 -21124.8426508649 780.14345514252 -22756327.2722544 146519.537043463
2799090149.21365 520671864233.391 128175591243.09 -21189.7082984082 764.229139148673 -22756327.2722415 145471.521074008
2799234587.68287 517606562513.45 128284817506.883 -21254.8021698688 748.150449662262 -22756327.2722284 144438.469213814
2799378001.95745 514553644583.891 128390951465.863 -21320.1263763709 731.905590658023 -22756327.2722152 143414.274585091
2799520387.53872 511513307563.958 128493999288.205 -21385.6769142277 715.494280192864 -22756327.2722017 142385.581269651
2799661754.88694 508485429849.165 128593978295.728 -21451.4565812081 698.914535444795 -22756327.2721882 141367.348221627
2799802101.3328 505470170585.869 128690896565.607 -21517.4620658116 682.165902161385 -22756327.2721744 140346.445854769
2799941436.99568 502467414589.881 128784771273.337 -21583.6960032747 665.246416540229 -22756327.2721606 139335.662885597
2800079775.51465 499476968786.483 128875621604.63 -21650.1628222906 648.153626025078 -22756327.2721467 138338.518965729
2800217124.54966 496498767303.115 128963462449.476 -21716.8642017779 630.885753642827 -22756327.2721325 137349.035013493
2800353495.29578 493532666190.94 129048310744.164 -21783.8036140677 613.440533445696 -22756327.2721184 136370.74611891
2800488880.76207 490578916853.598 129130172212.451 -21850.9755856333 595.818021473307 -22756327.2721039 135385.466287335
2800623291.85216 487637381329.747 129209063827.464 -21918.3834035191 578.015981979 -22756327.2720894 134411.0900899
2800756735.46628 484708007713.749 129284999959.833 -21986.0284348248 560.032659592908 -22756327.2720747 133443.614126655
2800889220.15207 481790706873.715 129357995791.654 -22053.9129312462 541.866042920332 -22756327.2720599 132484.685789187
2801020740.54851 478885696012.15 129428059017.04 -22122.0319757631 523.516033055297 -22756327.2720448 131520.396436352
2801151318.51372 475992590764.968 129495211892.237 -22190.3947413202 504.978723751086 -22756327.2720295 130577.965208549
2801280944.77326 473111694735.405 129559460331.847 -22258.9942130853 486.254566906741 -22756327.2720142 129626.259543208
2801409630.89765 470242849619.204 129620821111.279 -22327.8342571954 467.341056058295 -22756327.2719987 128686.124389951
2801537382.68887 467386024093.769 129679307972.38 -22396.9157505578 448.236476812246 -22756327.271983 127751.791220111
2801664196.32272 464541402463.813 129734930511.526 -22466.2342950316 428.940571972018 -22756327.2719672 126813.633843896
2801790094.03233 461708583845.195 129787709725.495 -22535.79975471 409.449097585551 -22756327.2719511 125897.709616935
2801915080.99708 458887547639.844 129837658659.364 -22605.6128262322 389.760321457703 -22756327.271935 124986.964747139
2802039160.41039 456078317787.849 129884789640.008 -22675.6730839392 369.872815625837 -22756327.2719186 124079.413310333
2802162338.9354 453280839366.099 129929116381.936 -22745.9820497976 349.784586640075 -22756327.2719019 123178.525013149
2802284608.70732 450495388007.164 129970647707.186 -22816.5328596294 329.496038699559 -22756327.2718852 122269.77191921
2802406002.89602 447721303352.711 130009406197.88 -22887.3423910291 309.000722676932 -22756327.2718683 121394.188694328
2802526485.08401 444959514205.42 130045392081.429 -22958.3869823339 288.303900082682 -22756327.2718512 120482.187989618
2802646091.42634 442209289363.319 130078628457.708 -23029.6854046769 267.398518281909 -22756327.271834 119606.342333439
2802764824.12907 439470672534.048 130109127487.367 -23101.2366665225 246.283222529061 -22756327.2718165 118732.702728759
2802882687.05275 436743669397.508 130136901953.902 -23173.0407208509 224.956372857111 -22756327.2717989 117862.923681358
2802999695.8138 434028012204.088 130161967144.165 -23245.1047741674 203.414142955701 -22756327.2717811 117008.761048243
2803115840.2566 431324030574.379 130184332752.714 -23317.4201910787 181.657420766729 -22756327.271763 116144.442803425
2803231125.61376 428631698080.119 130204012260.884 -23389.9876688291 159.684314276157 -22756327.2717448 115285.357158403
2803345556.96648 425950991276.461 130221019123.554 -23462.8078171131 137.492941098797 -22756327.2717263 114431.352716963
2803459150.72367 423281619579.612 130235368104.529 -23535.8885789251 115.079145898144 -22756327.2717078 113593.757195563
2803571908.01058 420623649381.432 130247071532.076 -23609.2282302417 92.4416920800598 -22756327.2716889 112757.28690846
2803683829.86396 417977149772.376 130256142075.376 -23682.8248870588 69.5793939452411 -22756327.2716699 111921.853383071
2803794931.85924 415341845085.741 130262593441.054 -23756.6862771039 46.4880536514809 -22756327.2716506 111101.995280959
2803905214.64411 412717811721.612 130266438001.865 -23830.8103582664 23.1664824203465 -22756327.2716312 110282.784866073
2804014680.5074 410105087582.16 130267688521.253 -23905.1960932927 -0.386824563328631 -22756327.2716115 109465.863294335
2804123329.93032 407503754165.906 130266358048.956 -23979.8411260479 -24.1729554219669 -22756327.2715916 108649.42291415
2804231168.4391 404913772405.127 130262459811.494 -24054.7464970163 -48.194085195553 -22756327.2715715 107838.508783004
2804338221.06841 402334631775.355 130256005560.256 -24129.927047749 -72.456878922935 -22756327.2715512 107052.629312838
2804444473.68876 399766763119.559 130247008866.307 -24205.370293952 -96.9592343971481 -22756327.2715306 106252.620349301
2804549929.66891 397210177589.168 130235483018.496 -24281.0757997994 -121.702911264475 -22756327.2715098 105455.980146479
2804654600.97168 394664676920.748 130221440186.763 -24357.0493615121 -146.691735902919 -22756327.2714888 104671.302772118
2804758499.21738 392130068507.88 130204891875.246 -24433.2967593825 -171.929592057599 -22756327.2714677 103898.245698551
2804861620.48341 389606538064.724 130185851946.301 -24509.812410139 -197.416629712898 -22756327.2714462 103121.266026545
2804963977.61213 387093861228.061 130164331391.177 -24586.6031032985 -223.157127441723 -22756327.2714246 102357.128720107
2805065559.77474 384592394418.014 130140346244.968 -24663.6578527192 -249.149421600468 -22756327.2714027 101582.162609151
2805166379.48932 382101920688.817 130113907721.182 -24740.9831637603 -275.397726638016 -22756327.2713806 100819.714580196
2805266447.28752 379622269443.049 130085026802.965 -24818.5842643386 -301.90589031347 -22756327.2713582 100067.798207661
2805365760.38304 377153599292.808 130053718210.382 -24896.4560928297 -328.674273206815 -22756327.2713355 99313.0955155187
2805464330.52985 374695707491.572 130019992272.92 -24974.6049298756 -355.707144057811 -22756327.2713126 98570.1468064534
2805562156.3563 372248717362.116 129983863557.932 -25053.0267351319 -383.005238712008 -22756327.2712895 97825.8264499183
2805659247.5495 369812475639.978 129945342728.486 -25131.726278203 -410.572370003802 -22756327.2712662 97091.1931998896
2805755610.27 367386915822.436 129904441411.713 -25210.7056146877 -438.411449987151 -22756327.2712426 96362.7205052639
2805851242.78394 364972170008.755 129861174715.453 -25289.9602902223 -466.523109946234 -22756327.2712187 95632.5139406846
2805946164.93714 362567824285.078 129815547754.352 -25369.503812258 -494.914390153375 -22756327.2711945 94922.1532007508
2806040369.82477 360174140097.807 129767577875.972 -25449.3274787306 -523.584467882604 -22756327.27117 94204.8876267839
2806133855.40897 357791257737.724 129717281017.23 -25529.4263635363 -552.53382952505 -22756327.2711454 93485.5842043888
2806226640.67931 355418780544.115 129664661620.452 -25609.8136181263 -581.769530134383 -22756327.2711204 92785.2703377935
2806318721.67672 353056896200.622 129609736427.396 -25690.4827484304 -611.291551135419 -22756327.2710952 92080.9974130502
2806410104.80797 350705527415.598 129552516497.02 -25771.4361778438 -641.103127857106 -22756327.2710697 91383.1312478069
2806500796.25709 348364601471.025 129493012773.62 -25852.676217265 -671.207495388721 -22756327.271044 90691.4491209555
2806590793.40974 346034272704.171 129431242128.512 -25934.1972454979 -701.6049629832 -22756327.2710179 89997.1526450046
2806680112.22935 343714213875.991 129367208654.36 -26016.0104788786 -732.302144673036 -22756327.2709915 89318.8196130873
2806768758.24621 341404365689.874 129300922947.747 -26098.1179018274 -763.30228343659 -22756327.2709648 88646.0168551232
2806856725.35374 339104972562.237 129232404660.247 -26180.5106026834 -794.604509579377 -22756327.2709381 87967.1075327601
2806944018.86402 336815981913.018 129161665281.82 -26263.1901198691 -826.211897415565 -22756327.2709109 87293.5102819543
2807030652.06455 334537130167.487 129088709302.07 -26346.1657243476 -858.130540761316 -22756327.2708833 86633.2005311716
2807116620.12147 332268629149.639 129013556154.236 -26429.4294357382 -890.3599457765 -22756327.2708555 85968.0569208758
2807201937.33532 330010185858.933 128936208748.889 -26512.9917362924 -922.90677718429 -22756327.2708273 85317.213842707
2807286595.64076 327762098243.518 128856690019.937 -26596.8412857393 -955.769244661476 -22756327.2707989 84658.3054437825
2807370610.36535 325524043686.292 128775001346.818 -26680.9897703464 -988.954579102998 -22756327.2707701 84014.7245893244
2807453984.10296 323296036100.213 128691155609.482 -26765.4364173376 -1022.46518988471 -22756327.270741 83373.7376065038
2807536717.80229 321078133555.671 128605167590.288 -26850.1787013515 -1056.30280069684 -22756327.2707115 82733.6993303291
2807618815.29859 318870316915.657 128517049315.056 -26935.2169681309 -1090.47029140021 -22756327.2706819 82097.4963014456
2807700287.80908 316672367138.094 128426804505.053 -27020.5593360187 -1124.97372184547 -22756327.2706518 81472.5104889853
2807781126.80813 314484597359.638 128334458748.333 -27106.1932396381 -1159.81081808103 -22756327.2706214 80838.9990534534
2807861346.07894 312306717876.861 128240012693.446 -27192.1295559344 -1194.98883006062 -22756327.2705908 80219.2708116744
2807940947.27399 310138766012.638 128143480505.067 -27278.3664236045 -1230.5098808531 -22756327.2705597 79601.1950448868
2808019930.46325 307980822678.011 128044878644.5 -27364.9001329548 -1266.37533224495 -22756327.2705284 78983.1892599468
2808098308.64709 305832614656.064 127944207256.604 -27451.7411953941 -1302.59248349639 -22756327.2704967 78378.1838459669
2808176081.5287 303694231251.878 127841482938.9 -27538.8855992366 -1339.16265651657 -22756327.2704646 77772.881605724
2808253255.7453 301565571157.092 127736713321.117 -27626.3370312356 -1376.09042000428 -22756327.2704322 77174.2166042749
2808329823.78981 299446923582.632 127629925575.804 -27714.0830262662 -1413.37352536905 -22756327.2703995 76568.0445044029
2808405804.64309 297337844806.189 127521110109.111 -27802.1414066639 -1451.02260988805 -22756327.2703663 75980.8532803337
2808481189.17919 295238669174.504 127410296858.036 -27890.4976628282 -1489.03457656608 -22756327.2703328 75384.5361048028
2808555997.1772 293148926367.172 127297473544.565 -27979.1710616619 -1527.42086955774 -22756327.270299 74807.9980086866
2808630224.58231 291068808854.243 127182662717.455 -28068.152999861 -1566.18099300511 -22756327.2702648 74227.4051113113
2808703871.59369 288998391599.358 127065881262.76 -28157.4396465306 -1605.31648713615 -22756327.2702301 73647.0113734056
2808776944.85024 286937568429.642 126947135994.114 -28247.0349208185 -1644.83231006488 -22756327.2701952 73073.2565515562
2808849450.73498 284886238880.235 126826433658.597 -28336.9425876153 -1684.7334257459 -22756327.2701598 72505.8847376339
2808921389.01003 282844489232.547 126703791953.387 -28427.1582176221 -1725.02120142542 -22756327.270124 71938.275050835
2808992767.07892 280812188769.114 126579215675.589 -28517.6869099837 -1765.70128284681 -22756327.2700879 71378.0688980747
2809063589.30356 278789291935.291 126452714466.743 -28608.5300590584 -1806.77772584304 -22756327.2700512 70822.2246320992
2809133861.21978 276775718720.781 126324295633.721 -28699.6906384076 -1848.25535696469 -22756327.2700143 70271.9162210099
2809203580.65667 274771609801.152 126193980682.26 -28791.1615723774 -1890.13445625315 -22756327.269977 69719.4368890753
2809272752.83173 272776894068.532 126061777764.772 -28882.9453057758 -1932.41965793934 -22756327.2699392 69172.175063072
2809341384.36095 270791458800.161 125927691953.927 -28975.0462709657 -1975.1165842958 -22756327.269901 68631.5292228703
2809409479.99339 268815243918.034 125791731521.308 -29067.4665417438 -2018.22984186851 -22756327.2698624 68095.6324374259
2809477039.99808 266848319036.747 125653913714.996 -29160.2020875382 -2061.76122452726 -22756327.2698235 67560.0046909047
2809544068.78992 264890633202.999 125514247571.756 -29253.2544675557 -2105.71516545023 -22756327.269784 67028.7918406275
2809610570.58838 262942140366.218 125372742341.408 -29346.6250249675 -2150.09605177262 -22756327.2697441 66501.7984611305
2809676552.2447 261002716227.787 125229401317.661 -29440.3189110436 -2194.91015308795 -22756327.2697038 65981.6563123775
2809742012.09215 259072486294.284 125084246212.948 -29534.3291975685 -2240.15800900046 -22756327.269663 65459.8474563403
2809806953.82817 257151418571.184 124937287353.426 -29628.6564621093 -2285.84376306153 -22756327.269622 64941.7360141335
2809871386.42934 255239323558.879 124788522658.62 -29723.3090995562 -2331.97542902408 -22756327.2695804 64432.6011762393
2809935309.13063 253336299634.668 124637972134.983 -29818.2813235278 -2378.55418897643 -22756327.2695384 63922.7012842753
2809998730.41501 251442169620.398 124485634076.702 -29913.5810463222 -2425.58797904856 -22756327.2694958 63421.284382059
2810061646.62107 249557118338.697 124331535790.04 -30009.1979713463 -2473.07580610911 -22756327.2694528 62916.2060577896
2810124063.18316 247681058977.094 124175682930.548 -30105.1353800985 -2521.0234004974 -22756327.2694093 62416.5620929784
2810185986.60944 245813871001.914 124018077941.894 -30201.3983780664 -2569.43749932322 -22756327.2693653 61923.4262784486
2810247419.32404 243955555897.774 123858733284.633 -30297.9858398838 -2618.3217875649 -22756327.2693209 61432.7146038684
2810308364.84394 242106081780.521 123697658615.017 -30394.8983276898 -2667.68084563494 -22756327.269276 60945.5198981432
2810368827.77124 240265383097.02 123534860533.786 -30492.1381772596 -2717.52022155409 -22756327.2692305 60462.9273026784
2810428808.68522 238433516340.395 123370356446.131 -30589.7012436005 -2767.84218986386 -22756327.2691845 59980.9139816243
2810488313.09093 236610387397.268 123204150350.183 -30687.5913348238 -2818.65316243166 -22756327.2691381 59504.4057073623
2810547342.49388 234796023903.97 123036257197.787 -30785.8057368895 -2869.95623469985 -22756327.2690911 59029.4029513409
2810605903.12927 232990307607.982 122866678410.532 -30884.3496109229 -2921.75867122325 -22756327.2690437 58560.6353836963
2810663996.13075 231193276631.247 122695429885.926 -30983.219619073 -2974.06334834641 -22756327.2689958 58093.0014828196
2810721624.98131 229404896394.338 122522520772.316 -31082.4163329055 -3026.87523987919 -22756327.2689474 57628.8505650357
2810778794.03469 227625104552.74 122347957403.106 -31181.9418726172 -3080.20021497906 -22756327.2688983 57169.0533734201
2810835506.39721 225853876813.749 122171749694.887 -31281.7962447718 -3134.04308488946 -22756327.2688488 56712.3625243116
2810891764.78565 224091200631.783 121993908741.042 -31381.9787563823 -3188.40833779254 -22756327.2687988 56258.3884334897
2810947576.37076 222336922909.572 121814431205.321 -31482.496748995 -3243.30491295134 -22756327.2687482 55811.5851151191
2811002937.8535 220591219092.274 121633347315.078 -31583.3387193131 -3298.7315216409 -22756327.268697 55361.4827426344
2811057855.99269 218853948034.09 121450654900.64 -31684.5112701073 -3354.69682204575 -22756327.2686453 54918.1391902105
2811112331.81558 217125148792.106 121266370444.73 -31786.0105702971 -3411.20380066063 -22756327.2685929 54475.8228902303
2811166372.81736 215404654510.452 121080488382.099 -31887.8448728215 -3468.26224508754 -22756327.26854 54041.001777723
2811219977.28857 213692590483.043 120893034502.75 -31990.0051690859 -3525.87236154147 -22756327.2684866 53604.4712038544
2811273151.09995 211988840181.597 120704008442.193 -32092.4967338116 -3584.04242430454 -22756327.2684327 53173.811382581
2811325896.6629 210293396790.693 120513421692.165 -32195.3183070391 -3642.77710732413 -22756327.268378 52745.5629539709
2811378215.04553 208606296630.498 120321290771.838 -32298.4659123175 -3702.07956804422 -22756327.2683229 52318.3826306745
2811430113.82461 206927365429.222 120127608090.074 -32401.9484498925 -3761.96044988853 -22756327.268267 51898.7790721239
2811481593.29666 205256663163.234 119932392691.301 -32505.7604700225 -3822.42221679815 -22756327.2682106 51479.4720499941
2811532658.24536 203594104093.762 119735646747.938 -32609.9054825635 -3883.47259300128 -22756327.2681538 51064.9487077743
2811583310.18022 201939708332.845 119537384807.711 -32714.3803741627 -3945.11551051617 -22756327.2680961 50651.9348545808
2811633552.33448 200293439517.675 119337614768.233 -32819.1855135268 -4007.35700457379 -22756327.268038 50242.1542665423
2811683389.58091 198655206678.438 119136337682.171 -32924.324774891 -4070.20529619754 -22756327.2679793 49837.2464225923
2811732821.76865 197025083445.967 118933574773.136 -33029.7914404858 -4133.66235295796 -22756327.2679199 49432.1877442088
2811781854.48898 195402953969.491 118729323836.588 -33135.590956944 -4197.73750898715 -22756327.2678596 49032.720329473
2811830488.40966 193788864416.155 118523602857.632 -33241.7182280885 -4262.43381971796 -22756327.267799 48633.9206844409
2811878726.44632 192182786425.374 118316420561.337 -33348.1729273393 -4327.75727990157 -22756327.2677375 48238.0366603038
2811926574.65268 190584586126.61 118107771768.742 -33454.9617730263 -4393.71833074264 -22756327.2676755 47848.2063536778
2811974033.78807 188994305463.557 117897673957.921 -33562.0797877158 -4460.32031544615 -22756327.2676126 47459.1353903466
2812021106.14406 187411935173.496 117686138110.416 -33669.525299137 -4527.56866141823 -22756327.2675494 47072.3559915907
2812067796.01954 185837397914.821 117473166015.919 -33777.3012369712 -4595.47176921176 -22756327.2674855 46689.8754747835
2812114104.76647 184270715053.544 117258772689.012 -33885.4037651365 -4664.0338771286 -22756327.2674209 46308.7469322849
2812160039.48959 182711712515.022 117042946196.173 -33993.8425499065 -4733.26790421106 -22756327.2673556 45934.7231192705
2812205596.30828 181160588466.822 116825726045.267 -34102.601342529 -4803.17032108512 -22756327.2672895 45556.8186927569
2812250782.46982 179617162759.453 116607099253.258 -34211.690193588 -4873.75449304198 -22756327.2672229 45186.1615365185
2812295599.09366 178081463088.551 116387081750.493 -34321.1045908576 -4945.02454388738 -22756327.2671554 44816.6238430519
2812340049.72118 176553433962.606 116165677655.299 -34430.8458537339 -5016.98846046041 -22756327.267087 44450.6275173801
2812384138.72837 175032990195.115 115942886478.395 -34540.9174824051 -5089.65580448534 -22756327.267018 44089.0071913882
2812427866.66697 173520177871.898 115718726859.3 -34651.3134511371 -5163.0299574175 -22756327.2669485 43727.9386028314
2812471237.49881 172014924976.081 115493200078.28 -34762.0362419306 -5237.120017021 -22756327.2668781 43370.831836825
2812514251.43885 170517289079.92 115266326807.534 -34873.0787505278 -5311.92876060556 -22756327.2668071 43013.9400449364
2812556913.46199 169027161816.732 115038102681.399 -34984.4460773691 -5387.46725859655 -22756327.2667353 42662.0231369415
2812599224.47246 167544576142.901 114808544741.083 -35096.1327803174 -5463.7395708243 -22756327.2666628 42311.0104686081
2812641186.59843 166069522191.836 114577663643.238 -35208.1364899264 -5540.75189778651 -22756327.2665892 41962.1259737019
2812682804.14846 164601912804.092 114345457817.335 -35320.4606843524 -5618.5145817417 -22756327.2665153 41617.5500280586
2812724082.20098 163141632272.887 114111920643.144 -35433.111147971 -5697.03977157228 -22756327.2664404 41278.0525187504
2812765020.21307 161688763081.303 113877077044.54 -35546.0783607887 -5776.32908017279 -22756327.2663646 40938.0120920652
2812805620.54178 160243285207.691 113640935810.41 -35659.360547494 -5856.38956292368 -22756327.266288 40600.328712806
2812845885.61902 158805175544.837 113403505213.886 -35772.956106539 -5937.22850096081 -22756327.2662108 40265.0772389386
2812885820.90713 157374301785.597 113164775188.196 -35886.8720997473 -6018.85951282439 -22756327.2661326 39935.2881056304
2812925426.1634 155950735173.242 112924769370.241 -36001.09940091 -6101.28477988125 -22756327.2660534 39605.2562721626
2812964705.3954 154534394211.461 112683485876.399 -36115.6409810508 -6184.51526783371 -22756327.2659737 39279.23200252
2813003660.19397 153125283774.696 112440937325.017 -36230.492824609 -6268.5570226245 -22756327.2658932 38954.7985694322
2813042292.94758 151723379661.227 112197131421.222 -36345.6531741127 -6353.41783131463 -22756327.2658118 38632.7536033062
2813080606.82415 150328628791.735 111952070733.241 -36461.1226049978 -6439.10733882919 -22756327.2657297 38313.8765737678
2813118603.97409 148941014481.556 111705764076.271 -36576.8986507282 -6525.63308168675 -22756327.2656467 37997.149940334
2813156287.3004 147560492071.338 111458215238.735 -36692.9811174116 -6613.00442576746 -22756327.2655627 37683.3263086514
2813193659.48502 146187024323.962 111209429171.134 -36809.3691627572 -6701.23040858757 -22756327.2654781 37372.1846249429
2813230720.97867 144820655774.691 110959425723.879 -36926.0548969879 -6790.31482324594 -22756327.2653927 37061.4936454904
2813267476.07448 143461289041.884 110708198853.45 -37043.0424356608 -6880.27073154673 -22756327.2653061 36755.0958142882
2813303926.83056 142108908415.719 110455757254.795 -37160.3289035958 -6971.10603359786 -22756327.2652187 36450.7560738477
2813340075.1099 140763505114.696 110202110955.022 -37277.9107193925 -7062.8281986918 -22756327.2651308 36148.2793449903
2813375923.64035 139425037760.129 109947263815.929 -37395.7870645361 -7155.44698439404 -22756327.2650417 35848.5304466899
2813411474.80009 138093477420.106 109691221931.062 -37513.9559791557 -7248.97141794178 -22756327.2649518 35551.1597393186
2813446731.2514 136768783961.207 109433989127.011 -37632.4164414642 -7343.41143198372 -22756327.2648609 35256.4513085759
2813481694.08635 135450975875.642 109175580614.493 -37751.1620887376 -7438.77283568426 -22756327.2647694 34962.8349510091
2813516366.48921 134139992513.452 108915996138.013 -37870.1935705646 -7535.06719166524 -22756327.2646768 34672.4028618068
2813550750.04865 132835832929.846 108655247109.707 -37989.5060689242 -7632.30182048112 -22756327.2645829 34383.5594384352
2813584848.40311 131538417909.051 108393329196.883 -38109.1018568058 -7730.48999012794 -22756327.2644886 34098.3544595506
2813618663.61862 130247727204.699 108130249666.069 -38228.9777746947 -7829.64074032955 -22756327.264393 33815.2155152029
2813652197.52704 128963749155.596 107866017538.252 -38349.1297561629 -7929.76250730767 -22756327.2642965 33533.9084147678
2813685451.74585 127686480058.307 107600643542.707 -38469.5528550434 -8030.86312298289 -22756327.2641993 33254.2188140745
2813718429.44375 126415856159.975 107334125864.45 -38590.2476990616 -8132.95527082622 -22756327.2641009 32977.6978977643
2813751132.27813 125151871268.168 107066474566.35 -38711.2094039841 -8236.04718523607 -22756327.264002 32702.834383324
2813783561.63243 123894529611.344 106797702039.781 -38832.4319289491 -8340.14623462663 -22756327.2639018 32429.3542947708
2813815721.27518 122643742419.094 106527800690.22 -38953.9181187128 -8445.26761026998 -22756327.263801 32159.6427529361
2813847612.14631 121399530197.591 106256786257.403 -39075.6601708798 -8551.41752983147 -22756327.2636988 31890.871132459
2813879237.06963 120161839726.364 105984658503.898 -39197.6573452308 -8658.60850880196 -22756327.2635955 31624.9233152986
2813910598.26837 118930640592.477 105711421981.754 -39319.9066077679 -8766.85128831119 -22756327.2634914 31361.1987453103
2813941697.26171 117705929634.965 105437087265.294 -39442.4021001878 -8876.1542891792 -22756327.2633864 31098.9933343462
2813972536.19927 116487678569.007 105161659338.24 -39565.1403343273 -8986.52820941002 -22756327.2632802 30838.9375654486
2814003118.18367 115275820796.204 104885134307.656 -39688.1216249494 -9097.98741668838 -22756327.2631733 30581.9843937039
2814033444.41359 114070364547.397 104607525173.028 -39811.3386218692 -9210.53957553968 -22756327.2630649 30326.2299201611
2814063517.5296 112871260437.704 104328831693.075 -39934.7897171005 -9324.19777198697 -22756327.2629555 30073.1160171898
2814093337.98807 111678545827.597 104049073787.207 -40058.4642324763 -9438.96692884348 -22756327.2628456 29820.4584634231
2814122910.2479 110492097569.772 103768233673.385 -40182.3680091349 -9554.86750947163 -22756327.2627344 29572.259829224
2814152234.94691 109311944868.339 103486329206.292 -40306.4909792677 -9671.90544368448 -22756327.2626225 29324.6990141745
2814181314.42809 108138048212.81 103203361997.537 -40430.830095379 -9790.09341940189 -22756327.2625092 29079.4811791171
2814210149.71231 106970421086.295 102919346405.075 -40555.3765558598 -9909.4388670917 -22756327.2623948 28835.2842160956
2814238745.35384 105808933261.395 102634261617.783 -40680.1368068338 -10029.9641152121 -22756327.2622795 28595.6415378685
2814267101.40226 104653636586.615 102348131109.711 -40805.0977174177 -10151.6729449574 -22756327.2621634 28356.0484200042
2814295220.33918 103504483871.208 102060954097.565 -40930.2566176232 -10274.5794392538 -22756327.262046 28118.9369199016
2814323103.62547 102361469117.047 101772739951.487 -41055.6062357844 -10398.6934357975 -22756327.2619274 27883.2862860154
2814350753.27766 101224563234.907 101483492230.403 -41181.1416632159 -10524.0273306671 -22756327.2618085 27649.6521853143
2814378171.32793 100093735997.483 101193214080.001 -41306.8579894038 -10650.5937946169 -22756327.2616878 27418.0502752542
2814405359.57272 98968966441.7189 100901910923.83 -41432.7491352061 -10778.4045941211 -22756327.2615665 27188.2447940808
2814432320.56842 97850201631.861 100609579745.516 -41558.8124771365 -10907.47530663 -22756327.2614442 26960.9956955337
2814459055.86476 96737429815.8584 100316228086.374 -41685.0406388248 -11037.8169706137 -22756327.2613204 26735.2963423731
2814485566.78289 95630648525.3965 100021866001.408 -41811.4249871789 -11169.4395454483 -22756327.2611959 26510.9181267418
2814511855.16704 94529833191.218 99726497711.4288 -41937.9592135399 -11302.355642274 -22756327.2610701 26288.384155393
2814537924.51556 93434889233.7169 99430108316.6104 -42064.6449751193 -11436.586642746 -22756327.2609437 26069.3485193452
2814563774.71282 92345873276.6145 99132723630.3226 -42191.4663107502 -11572.1356182484 -22756327.2608156 25850.1972550826
2814589409.48767 91262679804.7242 98834325291.4824 -42318.4259120273 -11709.0258000335 -22756327.2606868 25634.774846825
2814614829.38582 90185337010.4438 98534931383.5021 -42445.5107205512 -11847.2638879687 -22756327.2605567 25419.8981544533
2814640036.18026 89113821049.1141 98234545755.3166 -42572.7135414633 -11986.8631346089 -22756327.2604258 25206.7944358178
2814665031.57774 88048110486.1196 97933172852.3788 -42700.0267106327 -12127.8365970479 -22756327.2602938 24995.3974826588
2814689817.75224 86988163490.1277 97630811210.8833 -42827.4448321125 -12270.2001999447 -22756327.2601606 24786.1745020702
2814714395.92168 85933978667.4233 97327470783.2154 -42954.9574693287 -12413.964588092 -22756327.2600263 24578.1694373153
2814738768.62945 84885497372.8609 97023144963.9068 -43082.5609158831 -12559.1483369197 -22756327.259891 24372.7077722076
2814762938.30065 83842665246.6697 96717827961.9373 -43210.2508465191 -12705.7698420317 -22756327.2597547 24169.6711996213
2814786905.56938 82805504776.3605 96411536369.0419 -43338.0133309894 -12853.8368469371 -22756327.2596172 23967.2687262091
2814810672.49211 81773976764.9476 96104268695.6049 -43465.8417644586 -13003.3658393494 -22756327.2594787 23766.9227365161
2814834240.73135 80748058600.9756 95796028197.652 -43593.7273049541 -13154.3711211182 -22756327.2593391 23568.2392378301
2814857612.38091 79727708422.1717 95486812181.3541 -43721.6633144377 -13306.8700224673 -22756327.2591985 23371.6495589839
2814880788.7265 78712919184.9001 95176628347.0456 -43849.6385857335 -13460.8748576408 -22756327.2590572 23176.3455857658
2814903770.92231 77703689421.8277 94865486190.0315 -43977.6409312707 -13616.3970631143 -22756327.2589146 22982.1958156142
2814926561.75807 76699945387.1453 94553372763.408 -44105.6671172637 -13773.4594019069 -22756327.2587706 22790.8357636084
2814949161.97818 75701702823.3734 94240302662.2113 -44233.7023107252 -13932.0709349771 -22756327.2586265 22600.2201022314
2814971573.29695 74708934504.437 93926277143.2967 -44361.7368861221 -14092.2474709137 -22756327.2584805 22411.3187775885
2814993798.00002 73721587348.0876 93611289029.0756 -44489.7643475884 -14254.0092661979 -22756327.2583344 22224.7030655362
2815015837.28359 72739656142.5602 93295346173.6322 -44617.7717762886 -14417.3689976004 -22756327.2581868 22039.2835661151
2815037692.97671 71763107177.5271 92978447227.7077 -44745.7496936435 -14582.3441558458 -22756327.2580378 21855.6931218762
2815059366.6316 70791918656.8535 92660594526.4678 -44873.6868163583 -14748.9504283707 -22756327.2578883 21673.6548903925
2815080860.7244 69826026835.7953 92341776397.7328 -45001.5771599949 -14917.2110007626 -22756327.2577376 21494.0928046863
2815102174.9572 68865492316.0371 92022022161.1102 -45129.3979879488 -15087.1274832016 -22756327.2575865 21314.2327952793
2815123312.02834 67910240665.6774 91701316436.0837 -45257.1441674949 -15258.7251663434 -22756327.2574337 21137.0711430942
2815144273.72408 66960237883.8838 91379656882.9115 -45384.8049710132 -15432.0226242603 -22756327.2572799 20961.695736398
2815165061.57884 66015460929.032 91057044667.2412 -45512.367925463 -15607.0366638705 -22756327.2571256 20787.8547620931
2815185676.83647 65075899646.5345 90733485281.6899 -45639.8185086501 -15783.7818069904 -22756327.2569697 20615.2576279384
2815206121.13606 64141525561.8523 90408977848.5703 -45767.1443652538 -15962.2761096343 -22756327.256813 20444.2995897359
2815226396.43409 63212295200.1559 90083516016.7403 -45894.3349014697 -16142.5407817272 -22756327.2566555 20275.2980283916
2815246503.82415 62288204199.6412 89757106928.8405 -46021.3738668169 -16324.5896754043 -22756327.2564974 20107.3900623223
2815266445.31651 61369205733.8254 89429742619.676 -46148.2505175983 -16508.4451399318 -22756327.2563381 19941.4923651184
2815286222.04187 60455293049.2014 89101429150.2178 -46274.948266592 -16694.1217799618 -22756327.2561781 19776.7253595288
2815305835.45985 59546443943.9512 88772167012.0145 -46401.4523052124 -16881.6373751124 -22756327.2560172 19613.4179720914
2815325286.74748 58642649008.931 88441961251.8108 -46527.7456858837 -17071.0071595415 -22756327.2558553 19451.2876323321
2815344577.37589 57743884901.2582 88110811778.6083 -46653.8130367893 -17262.2493437068 -22756327.255693 19290.6284081731
2815363709.65392 56850088724.2448 87778703585.9249 -46779.6442047858 -17455.3909198145 -22756327.2555294 19132.2780299003
2815382685.02036 55961237603.5759 87445636068.3243 -46905.2230823185 -17650.4507344523 -22756327.2553651 18975.366440848
2815401504.61846 55077322212.8375 87111613598.5719 -47030.5312569093 -17847.4447684609 -22756327.2552006 18819.5981052446
2815420169.29831 54198346845.3042 86776645769.3879 -47155.5479613191 -18046.3858850414 -22756327.2550347 18664.6798473511
2815438681.27572 53324251160.3583 86440717413.2045 -47280.2612193348 -18247.3017081443 -22756327.2548683 18511.9774067603
2815457041.89194 52455015531.0953 86103828552.1825 -47404.6528794702 -18450.210991489 -22756327.2547014 18360.6162283581
2815475253.23347 51590584602.6214 85765965051.569 -47528.7095027459 -18655.1411574949 -22756327.2545333 18211.3415226185
2815493315.4761 50730993388.3074 85427147935.3234 -47652.4042522561 -18862.0983667307 -22756327.2543647 18062.2426287035
2815511230.08373 49876215626.7069 85087374355.1199 -47775.7186194339 -19071.1031962943 -22756327.2541957 17914.6076360777
2815528999.25818 49026189337.13 84746626854.672 -47898.6388286975 -19282.1853879491 -22756327.2540259 17769.1744519077
2815546623.79615 48180919276.9696 84404914350.445 -48021.1410169649 -19495.3585079781 -22756327.2538557 17624.5379686432
2815564105.73659 47340350349.803 84062221435.6129 -48143.209520723 -19710.6513250998 -22756327.253685 17481.9404339364
2815581446.22822 46504469769.654 83718549527.3806 -48264.8220718864 -19928.0822176168 -22756327.2535136 17340.491634293
2815598646.07938 45673281000.068 83373906742.3189 -48385.9535303311 -20147.6652679176 -22756327.2533417 17199.8511587068
2815615707.32284 44846728051.8265 83028276392.4797 -48506.5869145888 -20369.4303884455 -22756327.2531691 17061.2434606907
2815632631.09736 44024797758.8355 82681659242.1728 -48626.6984939613 -20593.3964743436 -22756327.2529967 16923.7745215986
2815649419.16765 43207446223.6682 82334042848.2807 -48746.2685014351 -20819.5910222321 -22756327.2528234 16788.0702846329
2815666072.44046 42394670954.2225 81985432071.7848 -48865.2705750764 -21048.0303613336 -22756327.2526503 16653.2728141332
2815682592.42521 41586439829.9336 81635818967.5819 -48983.6821317436 -21278.7391873963 -22756327.2524767 16519.9847523591
2815698980.77187 40782713433.5771 81285192021.2159 -49101.4810930333 -21511.7446906297 -22756327.2523026 16388.346660369
2815715238.23133 39983496140.2336 80933558577.2218 -49218.6383792168 -21747.0615702709 -22756327.2521286 16257.459461052
2815731366.67806 39188736856.3499 80580901421.1918 -49335.1324430936 -21984.7209456478 -22756327.2519543 16128.4467249332
2815747367.0798 38398428765.844 80227222555.8448 -49450.9346343914 -22224.7411140914 -22756327.2517796 16000.4017369058
2815763239.97116 37612586383.4142 79872533635.0719 -49566.01255652 -22467.1336467993 -22756327.251605 15872.8913637042
2815778988.37756 36831100539.3753 79516790082.5036 -49680.351278924 -22711.9486418241 -22756327.2514303 15748.4063984928
2815794612.48076 36054002583.0851 79160010493.4604 -49793.9146338178 -22959.1930331962 -22756327.2512562 15624.1032050751
2815810114.4648 35281224159.4706 78802167663.4098 -49906.6803532183 -23208.9053661598 -22756327.2510817 15501.9840348239
2815825494.59165 34512792368.7887 78443278146.6142 -50018.6115356019 -23461.0937458608 -22756327.2509069 15380.1268536122
2815840754.64261 33748658331.059 78083323055.3753 -50129.6816545258 -23715.7909936166 -22756327.2507324 15260.0509588767
2815855896.33233 32988776019.3762 77722284138.8799 -50239.8630042713 -23973.0297072186 -22756327.2505581 15141.6897215952
2815870919.62981 32233186841.6455 77360184532.4332 -50349.114462867 -24232.8128996454 -22756327.2503836 15023.2974743425
2815885827.20472 31481796240.886 76996982109.0299 -50457.4138161291 -24495.1902670602 -22756327.2502105 14907.5749165678
2815900619.45818 30734623507.4007 76632688962.7572 -50564.7215955677 -24760.1725896926 -22756327.2500372 14792.253459619
2815915298.14746 29991619331.8468 76267283675.1269 -50671.0074010838 -25027.7948402331 -22756327.2498643 14678.6892726559
2815929864.46074 29252762843.1179 75900758197.0832 -50776.2358902159 -25298.0823189615 -22756327.2496915 14566.3132833031
2815944319.965 28518013687.4521 75533094361.935 -50880.3736164257 -25571.067800622 -22756327.2495196 14455.5042630853
2815958665.35592 27787375569.6026 75164295661.8935 -50983.379997727 -25846.7679394094 -22756327.2493479 14345.390918926
2815972902.16176 27060809661.9456 74794343924.8672 -51085.2195677476 -26125.2154189075 -22756327.249177 14236.8058364185
2815987031.8149 26338281708.1675 74423222662.7925 -51185.855234541 -26406.4417342363 -22756327.2490075 14129.6531406012
2816001055.22008 25619784223.5959 74050928710.5626 -51285.2452063623 -26690.4682222571 -22756327.2488375 14023.4051793788
2816014974.01336 24905272071.7767 73677438999.7215 -51383.3519095733 -26977.3313049296 -22756327.2486696 13918.7932791083
2816028789.32258 24194725924.1452 73302743293.1838 -51480.1331509865 -27267.0575866383 -22756327.248502 13815.3092256475
2816042502.14238 23488133174.0269 72926834568.4453 -51575.5447940273 -27559.6710124325 -22756327.2483361 13712.8197975525
2816056113.77458 22785465248.1162 72549696934.9161 -51669.5437951813 -27855.2022614138 -22756327.2481706 13611.6322020632
2816069626.11967 22086662382.8033 72171296962.7841 -51762.0900766351 -28153.6958169053 -22756327.2480068 13512.3450868016
2816083039.73522 21391734035.8756 71791638010.9113 -51853.1331797599 -28455.1671198308 -22756327.2478435 13413.6155522004
2816096356.23925 20700634670.7948 71410693117.2308 -51942.6287257369 -28759.6553972667 -22756327.2476823 13316.5040305643
2816109576.99452 20013331744.6459 71028441616.4583 -52030.5293173576 -29067.1948736324 -22756327.2475224 13220.7552736472
2816122702.80712 19329821543.9022 70644878364.7876 -52116.7826104304 -29377.8070836867 -22756327.247364 13125.8125966311
2816135735.46311 18650049215.9902 70259968967.2609 -52201.3414054471 -29691.537045503 -22756327.2472072 13032.6559837918
2816148675.6893 17974014985.9661 69873709416.3671 -52284.1502223733 -30008.4049190932 -22756327.2470517 12940.2261960639
2816161525.19195 17301667852.069 69486065924.0481 -52365.1584907575 -30328.4550078893 -22756327.2468987 12849.5026526655
2816174285.02755 16632990641.9638 69097023275.5122 -52444.3100010648 -30651.7162058887 -22756327.2467468 12759.835594978
2816186956.36665 15967960167.2006 68706562195.6889 -52521.5477968225 -30978.220457565 -22756327.2465963 12671.339104067
2816199540.67858 15306537477.3601 68314653368.4368 -52596.8151594602 -31308.007876504 -22756327.2464485 12584.3119282021
2816212039.39202 14648685638.4648 67921267662.2635 -52670.0534036937 -31641.1182858512 -22756327.2463026 12498.713438612
2816224453.37897 13994396984.537 67526392675.744 -52741.1989068094 -31977.5770307308 -22756327.2461588 12413.9869507779
2816236784.39859 13343617080.2864 67129986998.2938 -52810.1913993777 -32317.433828017 -22756327.2460167 12331.0196157855
2816249033.63273 12696321868.9693 66732026511.944 -52876.9654016667 -32660.7234233388 -22756327.2458775 12249.2341386315
2816261202.16487 12052492532.8608 66332489548.1788 -52941.4530667941 -33007.4780079557 -22756327.2457404 12168.5321473532
2816273291.58243 11412083617.4211 65931336952.8046 -53003.5872431571 -33357.7445625935 -22756327.2456059 12089.4175611317
2816285303.15673 10775066408.7299 65528538825.2151 -53063.2969764513 -33711.5617052657 -22756327.2454741 12011.5742928528
2816297238.16358 10141412022.2586 65124064129.5802 -53120.5091999239 -34068.9685986924 -22756327.2453444 11935.0068583068
2816309098.25837 9511071482.43143 64717867754.909 -53175.1503415213 -34430.0164556432 -22756327.2452173 11860.09478893
2816320884.57888 8884023397.98481 64309921017.2918 -53227.1419928851 -34794.7414917517 -22756327.2450936 11786.3205076794
2816332598.55753 8260230852.84028 63900184018.9855 -53276.4046596891 -35163.1893587003 -22756327.2449718 11713.978646841
2816344241.59668 7639658673.08694 63488616622.4465 -53322.8560999638 -35535.4054104257 -22756327.2448533 11643.0391525397
2816355815.22062 7022265355.33968 63075173022.803 -53366.4118025041 -35911.439583849 -22756327.2447381 11573.6239378313
2816367320.85796 6408014694.4755 62659809386.6791 -53406.9839866728 -36291.3394570982 -22756327.2446256 11505.6373397251
2816378760.02045 5796866283.61309 62242477447.7664 -53444.4821571937 -36675.1560198337 -22756327.2445164 11439.1624909063
2816390134.26558 5188777536.12354 61823125704.4532 -53478.8127618428 -37062.9425837635 -22756327.2444103 11374.2451301435
2816401444.98532 4583715023.94069 61401707212.3117 -53509.8784384173 -37454.7475020453 -22756327.244307 11310.7197367959
2816412693.9874 3981623423.94043 60978157876.8075 -53537.5794512984 -37850.6342960982 -22756327.2442064 11249.0020830456
2816423882.67699 3382469340.472 60552426897.9585 -53561.8112790486 -38250.6532874377 -22756327.2441092 11188.689596319
2816435012.73311 2786205160.80188 60124451393.9988 -53582.4662041292 -38654.8651825402 -22756327.2440157 11130.0561151545
2816446085.9284 2192778735.74541 59694162854.3235 -53599.432466452 -39063.3350991183 -22756327.2439246 11073.1952864636
2816457103.95938 1602142533.60521 59261493609.7519 -53612.5937366617 -39476.1263756171 -22756327.2438369 11018.0309857376
2816468068.58739 1014246151.82544 58826371326.7475 -53621.8291327937 -39893.3056963115 -22756327.2437515 10964.628012392
2816478981.70172 429032993.310816 58388716285.1893 -53627.0129064377 -40314.9456727234 -22756327.2436705 10913.1143218212
2816489845.13057 -153549526.790231 57948448764.0494 -53628.013983812 -40741.1176781801 -22756327.2435913 10863.4288509825
2816500660.87516 -733562453.806846 57505479487.7031 -53624.6957118167 -41171.9009773664 -22756327.243516 10815.7445980362
2816511430.98806 -1311068682.46414 57059714265.6143 -53616.9153466249 -41607.3781996475 -22756327.243443 10770.112895985
2816522157.54394 -1886131295.46283 56611055053.0165 -53604.5236820595 -42047.6341885763 -22756327.2433729 10726.5558789192
2816532842.65924 -2458814512.79043 56159399011.13 -53587.3646429527 -42492.7567805702 -22756327.2433047 10685.1153023617
2816543488.76713 -3029198309.4029 55704626547.2157 -53565.274211885 -42942.8485163858 -22756327.2432389 10646.107891042
2816554098.23744 -3597357910.2957 55246617027.4553 -53538.0803523614 -43398.011062558 -22756327.2431741 10609.4703089599
2816564673.55718 -4163373322.64979 54785240928.9772 -53505.6021362743 -43858.3527736661 -22756327.2431121 10575.3197371629
2816575217.36421 -4727330973.36549 54320358000.6806 -53467.6488576393 -44323.9903822959 -22756327.2430506 10543.8070323075
2816585732.38559 -5289320226.5848 53851819590.1 -53424.0194001269 -44795.0464966231 -22756327.2429891 10515.0213835349
2816596221.59006 -5849441328.18555 53379461438.634 -53374.5006763857 -45271.6566386511 -22756327.2429276 10489.2044688926
2816606688.10637 -6407800797.17136 52903106740.6208 -53318.866775867 -45753.9659778148 -22756327.242866 10466.5163101739
2816617135.20435 -6964510152.89595 52422566520.7887 -53256.8779187174 -46242.1286702586 -22756327.2428026 10447.0979718226
2816627566.39883 -7519691160.06998 51937634307.6473 -53188.2785474016 -46736.3129508526 -22756327.2427368 10431.1944890525
2816637985.3702 -8073471251.88182 51448089148.7484 -53112.7962996893 -47236.6977146783 -22756327.2426672 10418.9713693446
2816648396.18137 -8626427414.15597 50953295085.9267 -53030.0710252784 -47743.8831681926 -22756327.2425928 10410.8111672346
2816658802.99184 -9178050664.65275 50453574956.3151 -52939.8836295944 -48257.4818224136 -22756327.2425122 10406.8104663699
2816669210.39721 -9728483118.15758 49948667510.3854 -52841.9101605882 -48777.6966882375 -22756327.242424 10407.4053762269
2816679623.24056 -10277885326.217 49438281499.4129 -52735.8010959311 -49304.7552329359 -22756327.2423263 10412.8433431269
2816690046.65585 -10826425679.0887 48922103727.8938 -52621.1804726489 -49838.9003560103 -22756327.2422147 10423.415297546
2816700486.10142 -11374282048.6617 48399795974.8199 -52497.6428743382 -50380.3926498811 -22756327.2420888 10439.4455638596
2816710947.23203 -11921642800.2342 47870992255.9359 -52364.7501300189 -50929.5121666377 -22756327.2419438 10461.1306146052
2816721435.86498 -12468699274.1415 47335304240.5838 -52222.0298792371 -51486.551523125 -22756327.241776 10488.6329432322
2816731957.81923 -13015643178.544 46792322174.7051 -52068.9732091963 -52051.8134213301 -22756327.24158 10521.9542535351
2816742518.53386 -13562657350.7965 46241622567.97 -51905.0343409813 -52625.60088078 -22756327.2413502 10560.7146266905
2816753122.54645 -14109895179.591 45682788171.4955 -51729.6349277262 -53208.194380691 -22756327.2410793 10604.0125884601
2816763772.88676 -14657453180.3016 45115436840.2166 -51542.1733159179 -53799.8194813912 -22756327.2407598 10650.340310223
2816774469.48892 -15205339847.3208 44539256947.0617 -51342.0391768043 -54400.6074986158 -22756327.2403817 10696.6021661377
2816785207.89052 -15753395216.1201 43954099145.2241 -51128.6531630542 -55010.4975987339 -22756327.2399364 10738.4016019233
2816795976.48472 -16301227449.3146 43360058299.9076 -50901.5130679219 -55629.1499299619 -22756327.2394123 10768.5942002884
2816806754.71523 -16848078636.1751 42757642153.9911 -50660.2855237481 -56255.7702051809 -22756327.2387986 10778.230510493
2816817511.84637 -17391679785.4911 42149097667.9664 -50405.4135566368 -56887.736734399 -22756327.2380977 10757.1311351184
2816828208.17804 -17929414155.7629 41537221178.1973 -50137.7511345965 -57521.8539091117 -22756327.2373157 10696.3316674228
2816838800.40512 -18459017268.2666 40924587141.3991 -49858.2620282559 -58155.1658630429 -22756327.2364655 10592.2270794949
2816849247.65862 -18978396180.225 40313740739.1274 -49568.0965880065 -58784.7674072917 -22756327.2355628 10447.2535002298
2816859517.95402 -19485948593.0715 39706806006.834 -49268.3932607226 -59408.2172082993 -22756327.2346244 10270.2954073248
2816869590.78618 -19980680421.5657 39105300264.7652 -48960.1413742923 -60023.7301857523 -22756327.2336669 10072.8321520529
2816879456.49043 -20462159448.3225 38510135195.5432 -48644.1229882074 -60630.1720200923 -22756327.2327013 9865.70425604019
2816889113.99589 -20930390796.6788 37921719667.2087 -48320.9120272172 -61226.9466197545 -22756327.2317343 9657.50545930211
2816898567.65309 -21385651058.6582 37340129044.3868 -47990.9241066578 -61813.8160615717 -22756327.230772 9453.65719795135
2816907825.35691 -21828389594.865 36765205919.095 -47654.4451193231 -62390.7918771559 -22756327.2298169 9257.70381995347
2816916896.80392 -22259139513.4179 36196659604.3317 -47311.6707807792 -62958.0292890468 -22756327.2288713 9071.44700728087
2816925792.35777 -22678460537.876 35634133395.9421 -46962.7370758165 -63515.7558421956 -22756327.2279358 8895.55385557195
2816934522.22663 -23086898695.8568 35077255871.7454 -46607.7477964647 -64064.217737563 -22756327.2270083 8729.86886160423
2816943096.29672 -23484978105.2287 34525652579.4715 -46246.7812851856 -64603.666634455 -22756327.2260919 8574.07008818033
2816951524.13087 -23873200738.9306 33978947505.5617 -45879.8914966135 -65134.3568162089 -22756327.2251849 8427.83414927745
2816959814.45791 -24252023076.3912 33436797950.5831 -45507.1324977916 -65656.5104009728 -22756327.2242875 8290.32704155633
2816967975.50627 -24621872063.9279 32898875086.6686 -45128.5477185218 -66170.335932793 -22756327.2234011 8161.04835940262
2816976014.80607 -24983136616.8302 32364878846.8817 -44744.1822519046 -66676.0138192942 -22756327.2225227 8039.29980298391
2816983939.40835 -25336178144.6098 31834525336.4917 -44354.0761106732 -67173.7083060784 -22756327.2216563 7924.60227214656
2816991755.91589 -25681332352.044 31307546268.4698 -43958.2653724902 -67663.567806658 -22756327.2207975 7816.50754490569
2816999470.19145 -26018896963.0234 30783710254.2117 -43556.8001604497 -68145.7052840737 -22756327.2199507 7714.27556177622
2817007087.9289 -26349157445.5066 30262785661.4335 -43149.7184051486 -68620.2328970814 -22756327.2191129 7617.73744566928
2817014614.19945 -26672367591.0357 29744572606.8182 -42737.0717805925 -69087.2326623692 -22756327.218287 7526.27055327354
2817022053.93022 -26988770709.1841 29228871351.2353 -42318.9024116991 -69546.7854355808 -22756327.2174716 7439.73076686149
2817029411.58705 -27298586330.3698 28715505030.9847 -41895.2620151709 -69998.9504841805 -22756327.2166657 7357.65682954427
2817036691.39754 -27602020141.9348 28204305176.996 -41466.2014730183 -70443.7787207061 -22756327.2158723 7279.81049527982
2817043897.29907 -27899262102.8688 27695116097.7942 -41031.7753696664 -70881.30898035 -22756327.2150912 7205.9015255116
2817051033.04265 -28190491048.6771 27187788260.618 -40592.0372582161 -71311.5739092305 -22756327.214323 7135.74358285049
2817058101.99886 -28475867082.4504 26682192762.442 -40147.0530689519 -71734.5879321048 -22756327.2135677 7068.95620783528
2817065107.65083 -28755551787.6242 26178186693.0317 -39696.8714523755 -72150.3765016283 -22756327.2128248 7005.65197155689
2817072053.01106 -29029684894.3642 25675655345.2213 -39241.5615285004 -72558.9409133951 -22756327.2120962 6945.36023221748
2817078941.07692 -29298402835.3832 25174480062.0994 -38781.1850809711 -72960.2852893966 -22756327.2113824 6888.06585604642
2817085774.57909 -29561828978.299 24674556826.5702 -38315.8138464556 -73354.401565611 -22756327.2106843 6833.50216851397
2817092556.34552 -29820087865.7341 24175770051.9406 -37845.5056488921 -73741.2903621418 -22756327.2100005 6781.76643477947
2817099288.81844 -30073286790.5334 23678028295.1871 -37370.3381298934 -74120.9330354957 -22756327.2093339 6732.47292172683
2817105974.42212 -30321530143.761 23181237687.0969 -36890.384438684 -74493.3128126437 -22756327.2086844 6685.60367788698
2817112615.56822 -30564919529.098 22685301650.474 -36405.7129036215 -74858.4146868525 -22756327.2080507 6641.14609615261
2817119214.49567 -30803547922.8056 22190133054.5377 -35916.3990584935 -75216.2163870581 -22756327.2074361 6598.92744951453
2817125773.33533 -31037502273.7464 21695649723.5625 -35422.5217375529 -75566.6920414329 -22756327.206841 6558.83965851666
2817132294.17461 -31266865924.2697 21201769797.8483 -34924.1587116107 -75909.8155971333 -22756327.2062631 6520.83928090356
2817138779.03423 -31491717820.5181 20708413657.4556 -34421.3887532657 -76245.5594425389 -22756327.2057061 6484.85961809515
2817145229.78103 -31712129631.5019 20215510783.7839 -33914.2989192995 -76573.8899496329 -22756327.2051678 6450.74680815039
2817151648.33147 -31928172849.6405 19722984438.1181 -33402.9690760146 -76894.7779219114 -22756327.2046518 6418.5504370908
2817158036.5046 -32139913750.1391 19230762997.487 -32887.4836010634 -77208.1909296397 -22756327.2041559 6388.17313283686
2817164396.08125 -32347415478.0366 18738775594.5653 -32367.9270613456 -77514.0962973486 -22756327.203681 6359.57664360768
2817170728.75569 -32550736537.7944 18246956000.0715 -31844.3884611669 -77812.4587736351 -22756327.2032294 6332.67444226884
2817177036.22203 -32749933655.7585 17755236073.9487 -31316.9544455014 -78103.2446535032 -22756327.2028008 6307.46633732939
2817183320.05749 -32945058124.9106 17263554975.2566 -30785.7192691594 -78386.4163526872 -22756327.202395 6283.83546648663
2817189581.84909 -33136159886.1872 16771849428.8015 -30250.7745045776 -78661.9383131902 -22756327.202013 6261.79159454499
2817195823.17965 -33323287033.1504 16280054870.2867 -29712.2102579544 -78929.7761671926 -22756327.2016549 6241.33056566176
2817202045.58872 -33506484627.3799 15788108614.4043 -29170.1186807717 -79189.8949555385 -22756327.2013211 6222.40907059189
2817208250.53064 -33685793566.2147 15295953300.2487 -28624.5979179762 -79442.2575127008 -22756327.2010117 6204.94191900981
2817214439.46374 -33861253272.1244 14803529951.5595 -28075.7445659496 -79686.8282670924 -22756327.2007265 6188.93309384503
2817220613.88661 -34032902637.434 14310775128.2602 -27523.6504644532 -79923.5744441373 -22756327.2004685 6174.42287152734
2817226775.17014 -34200775340.4273 13817634404.6702 -26968.4178319933 -80152.4595462441 -22756327.2002344 6161.283529292
2817232924.71856 -34364904415.4016 13324049627.2555 -26410.1451057235 -80373.4496845886 -22756327.2000275 6149.54842642991
2817239063.97837 -34525322353.8838 12829958217.7053 -25848.9260907082 -80586.513567174 -22756327.1998467 6139.25980661937
2817245194.23635 -34682055845.6802 12335309502.687 -25284.8685625072 -80791.6154974524 -22756327.1996913 6130.25797858229
2817251316.95843 -34835134573.4472 11840037493.1121 -24718.0633536821 -80988.7269757934 -22756327.1995649 6122.72207674186
2817257433.38906 -34984581001.872 11344093285.9283 -24148.6213553177 -81177.8133476973 -22756327.1994634 6116.4306343224
2817263544.97994 -35130535192.6762 10847016695.8121 -23576.1798648513 -81358.9877781591 -22756327.1993904 6111.59088047624
2817269652.95464 -35272868155.3367 10349250977.1616 -23001.4165962037 -81532.0306290194 -22756327.1993442 6107.97470007245
2817275758.70931 -35411599404.3701 9850747723.405 -22424.4461912214 -81696.9153156867 -22756327.1993241 6105.75466761958
2817281863.52075 -35546750834.644 9351443850.75096 -21845.3668116263 -81853.6212323777 -22756327.1993313 6104.81144414305
2817287968.73055 -35678339995.1629 8851285457.22102 -21264.2877476929 -82002.1256453067 -22756327.1993651 6105.20980050261
2817294075.71591 -35806384225.5658 8350212847.52099 -20681.3121069626 -82142.4085551606 -22756327.1994267 6106.98535468078
2817300185.71007 -35930899866.16 7848162943.92383 -20096.5396112284 -82274.4516149694 -22756327.1995139 6109.99415758242
2817306300.09985 -36051898636.2092 7345084121.12488 -19510.0839216689 -82398.2343443125 -22756327.1996284 6114.38978081603
2817312420.20479 -36169393674.4633 6840911804.0497 -18922.0442478199 -82513.7405124402 -22756327.1997685 6120.10494601084
2817318547.38593 -36283395029.6156 6335586684.96479 -18332.5266025418 -82620.9533619147 -22756327.1999359 6127.18113463966
2817324682.95809 -36393911780.254 5829045825.70526 -17741.6334687157 -82719.8577515923 -22756327.2001276 6135.57215863321
2817330828.30479 -36500950403.1967 5321229958.96695 -17149.4723529909 -82810.4386473369 -22756327.2003465 6145.34670439415
2817336984.79917 -36604516808.5999 4812074048.70527 -16556.1448145278 -82892.6829182225 -22756327.2005906 6156.494381338
2817343153.80929 -36704614872.4594 4301513885.31554 -15961.7542024285 -82966.5779969216 -22756327.2008591 6169.01011675953
2817349336.7615 -36801246549.4937 3789485712.95811 -15366.4052596965 -83032.1120426696 -22756327.2011538 6182.95221202856
2817355535.06645 -36894412826.8401 3275921029.76709 -14770.1981255463 -83089.2745666677 -22756327.2014723 6198.30494412625
2817361750.1647 -36984112505.62 2760752791.69191 -14173.2356053538 -83138.0555574121 -22756327.2018127 6215.09825854297
2817367983.53593 -37070342874.4428 2243911685.4442 -13575.6188931294 -83178.4459229531 -22756327.202179 6233.37122335015
2817374236.66765 -37153099747.1601 1725325431.32733 -12977.4468402015 -83210.4374055038 -22756327.2025676 6253.13171747131
2817380511.09708 -37232376970.9058 1204921443.39982 -12378.8191017514 -83234.0223091466 -22756327.2029767 6274.4294320204
2817386808.34581 -37308166908.2925 682623419.567304 -11779.8322857246 -83249.1936212347 -22756327.2034092 6297.24873630368
2817393130.01497 -37380459573.829 158356849.89859 -11180.5863560248 -83255.9447648452 -22756327.2038627 6321.66915782392
2817399477.75734 -37449243705.6367 -367958830.78705 -10581.1757256758 -83254.2697405043 -22756327.2043371 6347.74236611153
2817405853.23347 -37514506269.5231 -896407846.953619 -9981.69215037864 -83244.1627975013 -22756327.2048316 6375.47613181507
2817412258.10993 -37576231915.2785 -1427074345.29041 -9382.2290866079 -83225.6184036953 -22756327.2053475 6404.87646140613
2817418694.21454 -37634402963.6404 -1960042164.74519 -8782.88200909803 -83198.6313716593 -22756327.2058806 6436.10460492506
2817425163.33116 -37689000687.2844 -2495407664.28559 -8183.73413755864 -83163.1960447651 -22756327.2064338 6469.11662299454
2817431667.28534 -37740003302.9615 -3033262551.25353 -7584.87592089258 -83119.3069831865 -22756327.207005 6503.95418286903
2817438208.0551 -37787386735.7688 -3573700910.5339 -6986.3972113343 -83066.9587188696 -22756327.2075939 6540.76975460972
2817444787.63541 -37831125239.9989 -4116828300.88281 -6388.37741398671 -83006.1446232913 -22756327.2081976 6579.58031426401
2817451408.19022 -37871190199.8621 -4662750374.31685 -5790.89835037292 -82936.8577241293 -22756327.2088184 6620.55480863456
2817458071.76406 -37907550913.0808 -5211585360.02323 -5194.03081387859 -82859.0890018122 -22756327.2094541 6663.57384402608
2817464780.61097 -37940172809.9636 -5763440023.38102 -4597.86099076994 -82772.8305768284 -22756327.2101068 6708.84690197688
2817471537.07503 -37969019178.3396 -6318436799.45628 -4002.46111996507 -82678.0719007402 -22756327.2107725 6756.46406385119
2817478343.61293 -37994050189.8417 -6876703723.69443 -3407.90085782558 -82574.8007606826 -22756327.211452 6806.53790405061
2817485202.7318 -38015222757.3008 -7438376119.02939 -2814.24582545603 -82463.0027542757 -22756327.2121449 6859.11886217584
2817492117.14774 -38032490129.4607 -8003591289.02098 -2221.5635577395 -82342.6621837577 -22756327.2128506 6914.41594708734
2817499089.55307 -38045802071.9402 -8572501391.95221 -1629.91036333773 -82213.7591669785 -22756327.2135677 6972.40532778079
2817506123.008 -38055104084.7851 -9145254054.83346 -1039.35199344282 -82076.2736864976 -22756327.2142968 7033.45493428609
2817513220.59766 -38060337732.7056 -9722024340.99088 -449.931034989034 -81930.177876296 -22756327.2150354 7097.58965439224
2817520385.63875 -38061439698.8503 -10302986271.1129 138.302984304819 -81775.4423079275 -22756327.215786 7165.04109530751
2817527621.63512 -38058341660.0249 -10888329503.17 725.310140816392 -81612.0316523351 -22756327.2165456 7235.9963692604
2817534932.29418 -38050969770.9883 -11478255339.9998 1311.05525377575 -81439.9052555437 -22756327.2173138 7310.65906010163
2817542321.44738 -38039244199.7776 -12072977712.431 1895.5080946449 -81259.0165247347 -22756327.218091 7389.15319888472
2817549793.20757 -38023078853.6795 -12672716338.0512 2478.63594514867 -81069.3148133128 -22756327.2188773 7471.76018858394
2817557352.2587 -38002380668.9745 -13277709111.9228 3060.41496406263 -80870.7414178654 -22756327.2196717 7559.05113207559
2817565003.2702 -37977047881.0068 -13888234962.9416 3640.85062822216 -80663.2211278552 -22756327.2204728 7651.0114965282
2817572751.6128 -37946970995.6097 -14504565882.5048 4219.9304409234 -80446.6775820325 -22756327.221282 7748.34259887802
2817580602.54489 -37912029567.185 -15127024079.3872 4797.6768040707 -80221.0132820392 -22756327.2220979 7850.93209101353
2817588562.32189 -37872094730.5164 -15755915792.3872 5374.08359572018 -79986.1326118357 -22756327.2229204 7959.77699994361
2817596637.11462 -37827023124.6076 -16391619549.4208 5949.19615998385 -79741.9091103923 -22756327.2237515 8074.79273126438
2817604834.00953 -37776661298.909 -17034498600.3925 6523.0290584243 -79488.2175233197 -22756327.2245884 8196.89491427445
2817613160.58767 -37720839095.9177 -17684979855.4383 7095.63567863816 -79224.9031990294 -22756327.2254314 8326.57813317623
2817621624.91819 -37659370514.9826 -18343518989.7661 7667.07388650277 -78951.7945708247 -22756327.2262831 8464.33051895134
2817630235.90046 -37592052634.6204 -19010598748.9459 8237.40237671221 -78668.7036599232 -22756327.2271404 8610.98227534093
2817639003.04345 -37518661514.6116 -19686754511.4303 8806.69988053384 -78375.4148651964 -22756327.228004 8767.14298465329
2817647936.13968 -37438952236.0364 -20372555226.8284 9375.04560721761 -78071.6924764248 -22756327.2288766 8933.09623492732
2817657045.61989 -37352660776.4605 -21068576450.4118 9942.49472887417 -77757.2930366911 -22756327.2297549 9109.48021215375
2817666342.17091 -37259499876.9891 -21775426619.0936 10509.0983610633 -77431.9545170832 -22756327.2306428 9296.55101355572
2817675835.93264 -37159161899.9944 -22493715774.4173 11074.8764545029 -77095.411476288 -22756327.2315359 9493.76173632249
2817685535.51065 -37051327925.9692 -23223992678.0092 11639.7691079032 -76747.4270596845 -22756327.2324347 9699.57800151198
2817695446.56423 -36935681863.6509 -23966669532.5093 12203.5841098059 -76387.8339363529 -22756327.2333388 9911.05358102898
2817705569.97867 -36811933347.5062 -24721916753.73 12765.9293384558 -76016.5930757529 -22756327.2342424 10123.4144421989
2817715897.90116 -36679850938.1943 -25489529820.228 13326.134917837 -75633.8702492665 -22756327.2351398 10327.9224931642
2817726411.75955 -36539331033.8945 -26268640256.6051 13883.0779132777 -75240.1957794426 -22756327.2360206 10513.8583877001
2817737080.39806 -36390451073.5057 -27057585439.7047 14435.1441460599 -74836.5511719271 -22756327.2368736 10668.6385093671
2817747861.59856 -36233526737.1454 -27853793318.3108 14980.2128295149 -74424.4485926963 -22756327.2376814 10781.2004993823
2817758708.25584 -36069121194.3078 -28653923574.039 15515.8211806229 -74005.874202491 -22756327.2384286 10846.6572827387
2817769576.01072 -35897972532.5402 -29454348131.1735 16039.5336555467 -73583.0411996613 -22756327.2391014 10867.7548809172
2817780429.66523 -35721108623.4821 -30250690822.7458 16548.6698160017 -73158.6282333032 -22756327.2396903 10853.6545076661
2817791245.9466 -35539435252.448 -31039703480.1946 17041.5108692807 -72734.7673760037 -22756327.2401938 10816.2813744403
2817802012.13994 -35353385806.3077 -31820506362.724 17517.9556612115 -72312.3322452104 -22756327.2406216 10766.1933311281
2817812723.79996 -35163261777.9214 -32592839438.4644 17978.3146706567 -71891.8424726652 -22756327.2409844 10711.6600220586
2817823381.63368 -34969269937.8075 -33356821644.5314 18423.1255336082 -71473.585004321 -22756327.241293 10657.8337256248
2817833989.62374 -34771546148.2956 -34112806336.6706 18853.0448293947 -71057.6895930671 -22756327.2415566 10607.9900531301
2817844553.25806 -34570182976.8014 -34861249117.1254 19268.7598149344 -70644.2012629978 -22756327.2417827 10563.6343215095
2817855079.02313 -34365237397.9228 -35602668926.1316 19670.961423611 -70233.1034419293 -22756327.2419758 10525.7650725998
2817865573.43599 -34156749186.4632 -36337578263.282 20060.3045172328 -69824.3589165468 -22756327.2421451 10494.412860875
2817876043.08776 -33944740958.3947 -37066486053.2878 20437.4107085216 -69417.9108302434 -22756327.2422924 10469.6517644055
2817886494.08084 -33729230672.4881 -37789858590.5318 20802.8500396559 -69013.7068740895 -22756327.2424231 10450.9930835019
2817896932.42846 -33510224922.8766 -38508147889.2949 21157.1582694348 -68611.6857088614 -22756327.2425404 10438.3476235784
2817907363.51113 -33287575346.7283 -39222250306.9681 21501.0567687516 -68211.5217434464 -22756327.2426467 10431.0826657483
2817917792.41201 -33061547824.2034 -39931693370.6063 21834.5859730041 -67813.6432078599 -22756327.2427421 10428.9008809832
2817928223.98369 -32832141236.3942 -40636850114.37 22158.1871406552 -67417.9930702684 -22756327.2428312 10431.5716765844
2817938662.68094 -32599350090.0603 -41338071417.6372 22472.2711407446 -67024.5156614904 -22756327.2429156 10438.6972523121
2817949112.63526 -32363169214.1285 -42035675311.7244 22777.2156702863 -66633.163869364 -22756327.2429943 10449.9543263721
2817959577.58322 -32123593114.8366 -42729952691.5262 23073.3699786046 -66243.8969629324 -22756327.2430706 10464.9479525721
2817970061.19702 -31880618539.6529 -43421163222.2775 23361.0551023729 -65856.6837635881 -22756327.2431445 10483.6137995305
2817980566.82987 -31634237588.8468 -44109557746.7565 23640.5748892445 -65471.4908471452 -22756327.2432175 10505.6328580683
2817991097.7667 -31384444217.6139 -44795361830.8842 23912.2103990625 -65088.2924302211 -22756327.243289 10530.9368254582
2818001656.80523 -31131228899.7513 -45478792597.3603 24176.22793176 -64707.0615358626 -22756327.243361 10559.0385329196
2818012246.829 -30874589214.5924 -46160031912.1321 24432.8697868916 -64327.7854524997 -22756327.243434 10590.0237656615
2818022870.44657 -30614516560.5836 -46839263948.9081 24682.3698450896 -63950.4452100417 -22756327.2435074 10623.6175673898
2818033530.26253 -30351005245.0507 -47516652093.2115 24924.945548467 -63575.0288450215 -22756327.2435813 10659.8159677953
2818044228.56602 -30084046189.388 -48192356587.0521 25160.8051670769 -63201.5219428769 -22756327.2436576 10698.3034901086
2818054967.76059 -29813635015.1772 -48866514966.7892 25390.1415863523 -62829.9187672444 -22756327.2437358 10739.1945670905
2818065750.08771 -29539761549.3506 -49539269503.7858 25613.1424764434 -62460.2073695279 -22756327.2438164 10782.3271215498
2818076577.53638 -29262416980.6614 -50210749826.6923 25829.9847276584 -62092.3794507911 -22756327.2438989 10827.44866769
2818087452.27325 -28981596524.3966 -50881067643.8523 26040.8335187166 -61726.4334186769 -22756327.2439833 10874.7368706826
2818098376.11839 -28697288515.8515 -51550343603.5586 26245.8513264565 -61362.3598960858 -22756327.2440705 10923.8451350594
2818109351.05458 -28409488202.434 -52218674995.1231 26445.1881966435 -61000.1595250267 -22756327.2441611 10974.9361912665
2818120378.84819 -28118184622.407 -52886167266.6889 26638.9918338486 -60639.8259686579 -22756327.2442536 11027.7936151209
2818131461.2956 -27823370711.0725 -53552910880.6991 26827.4009471861 -60281.3586222076 -22756327.244348 11082.4474102213
2818142600.09355 -27525036935.8732 -54218996474.5385 27010.5500502675 -59924.7545385756 -22756327.2444463 11138.7979488438
2818153796.95322 -27223174872.5819 -54884507090.1402 27188.5675059098 -59570.0127387661 -22756327.2445464 11196.8596660771
2818165053.44048 -26917774247.5848 -55549525111.0172 27361.5776827442 -59217.1306131151 -22756327.2446499 11256.4872595726
2818176371.2003 -26608827392.6007 -56214122839.8761 27529.6987190201 -58866.1090303445 -22756327.2447555 11317.7598209135
2818187751.7619 -26296323216.72 -56878375890.5241 27693.046210809 -58516.9453305081 -22756327.244864 11380.5616048072
2818199196.70554 -25980252628.4926 -57542351722.586 27851.7304732937 -58169.6394808681 -22756327.2449751 11444.9436352602
2818210707.45046 -25660604014.4616 -58206119492.7305 28005.8591493718 -57824.1889792257 -22756327.2450888 11510.7449183094
2818222285.64025 -25337369223.0159 -58869737786.7611 28155.5344962773 -57480.5953268936 -22756327.2452056 11578.1897958616
2818233932.65192 -25010532828.9795 -59533276920.716 28300.8586110401 -57138.8525380508 -22756327.2453249 11647.0116639153
2818245649.65773 -24680085983.0421 -60196790680.4494 28441.9271971888 -56798.9618400702 -22756327.2454467 11717.0058086288
2818257438.34299 -24346024877.5598 -60860320277.4586 28578.8309550026 -56460.9295289268 -22756327.2455709 11788.6852597494
2818269299.92095 -24008330314.2342 -61523934982.6446 28711.6640267278 -56124.7463500363 -22756327.2456975 11861.5779639186
2818281235.85872 -23666995813.7402 -62187676313.7255 28840.5125259035 -55790.4160167558 -22756327.245826 11935.9377660853
2818293247.42892 -23322006933.5629 -62851599090.0028 28965.4630277392 -55457.9343881902 -22756327.2459567 12011.5702010111
2818305336.11053 -22973354183.1873 -63515746303.4959 29086.5977126313 -55127.3022107375 -22756327.2460902 12088.681611515
2818317503.17078 -22621021470.707 -64180171412.3294 29203.998628633 -54798.5140146004 -22756327.2462251 12167.0602541698
2818329749.91119 -22264998272.0429 -64844915236.4042 29317.7435513716 -54471.5696659072 -22756327.2463624 12246.7404054978
2818342077.53883 -21905272543.3578 -65510019633.642 29427.9086053032 -54146.4675748774 -22756327.2465024 12327.6276450482
2818354487.33645 -21541834530.7409 -66175520525.053 29534.5671731602 -53823.2081477375 -22756327.2466435 12409.7976214664
2818366980.69007 -21174671805.6892 -66841457153.7507 29637.7914992127 -53501.7892965596 -22756327.2467871 12493.3536118551
2818379558.93961 -20803768428.8454 -67507873440.2095 29737.6528352552 -53182.2058955841 -22756327.2469313 12578.2495493921
2818392223.21691 -20429109380.5256 -68174809931.6225 29834.2202124965 -52864.4537280999 -22756327.2470779 12664.2772996118
2818404974.82459 -20050685459.8215 -68842295368.7814 29927.5594046843 -52548.533460639 -22756327.2472258 12751.6076764015
2818417815.06368 -19668482028.168 -69510366816.9738 30017.735916343 -52234.441070074 -22756327.2473752 12840.2390940122
2818430745.08392 -19282484142.6035 -70179060454.169 30104.8136324346 -51922.1723052801 -22756327.2475262 12930.0202347496
2818443766.26855 -18892681098.8428 -70848403855.0781 30188.8539194603 -51611.7262811389 -22756327.2476792 13021.1846347345
2818456879.96128 -18499054864.4612 -71518435978.4838 30269.9182237872 -51303.0962062603 -22756327.2478333 13113.6927296203
2818470086.98731 -18101588291.8907 -72189192888.8756 30348.066209798 -50996.2761106588 -22756327.2479887 13207.0260316341
2818483388.85122 -17700279726.0695 -72860683550.901 30423.3531938971 -50691.2717915341 -22756327.2481456 13301.8639084009
2818496786.87813 -17295106683.1356 -73532950983.7373 30495.8372148413 -50388.0729293801 -22756327.2483032 13398.0269057948
2818510281.98447 -16886051869.3263 -74206028223.2196 30565.5738586548 -50086.6733164726 -22756327.2484615 13495.1063431462
2818523875.75275 -16473110286.4947 -74879927191.9146 30632.6154132466 -49787.075658005 -22756327.248621 13593.7682761603
2818537569.19795 -16056256390.4499 -75554692506.1647 30697.0163453254 -49489.2676005757 -22756327.2487814 13693.4452035387
2818551363.66739 -15635481834.5806 -76230339810.9064 30758.8271478351 -49193.2492053211 -22756327.2489429 13794.4694363408
2818565260.12409 -15210767930.9279 -76906900629.7693 30818.0987746707 -48899.0130750623 -22756327.2491045 13896.4567065334
2818579259.98255 -14782107688.5207 -77584387053.869 30874.8794608777 -48606.5598224454 -22756327.2492671 13999.8584600524
2818593364.7394 -14349480086.003 -78262832689.6627 30929.2183090742 -48315.8803035205 -22756327.2494304 14104.7568493504
2818607575.44174 -13912861401.9201 -78942274275.0705 30981.1635385947 -48026.9637762239 -22756327.2495949 14210.7023358728
2818621893.22805 -13472241709.8876 -79622726190.9918 31030.760642788 -47739.8086887983 -22756327.2497592 14317.7863141746
2818636319.58697 -13027608191.7668 -80304206786.1707 31078.0545841025 -47454.4113596564 -22756327.2499249 14426.3589151351
2818650855.56869 -12578937071.592 -80986750458.1732 31123.0905145549 -47170.7610612686 -22756327.2500904 14535.9817223323
2818665502.56114 -12126218125.3318 -81670370193.1922 31165.9112391738 -46888.8556852627 -22756327.2502568 14646.9924524891
2818680261.56551 -11669430565.7399 -82355094368.2228 31206.5597129654 -46608.6864192128 -22756327.250423 14759.0043620338
2818695133.85456 -11208565619.3551 -83040932722.2968 31245.0769493069 -46330.2517720094 -22756327.2505896 14872.2890546443
2818710120.58911 -10743606015.8806 -83727907222.423 31281.5039181578 -46053.5449112205 -22756327.2507558 14986.7345469103
2818725223.2903 -10274537958.4567 -84416034135.0131 31315.8804993835 -45778.5610113115 -22756327.2509227 15102.7011967368
2818740443.44755 -9801336344.57022 -85105345682.4867 31348.2465678103 -45505.2886285196 -22756327.2510903 15220.1572416243
2818755781.75541 -9323977022.74934 -85795871824.5036 31378.6409975731 -45233.7171052929 -22756327.2512577 15338.3078628351
2818771239.91482 -8842460776.39118 -86487606004.5569 31407.1003552543 -44963.84985828 -22756327.2514246 15458.1594124958
2818786818.76513 -8356756824.68885 -87180586733.3258 31433.6624416721 -44695.6723752485 -22756327.2515917 15578.85030602
2818802520.11249 -7866861458.02798 -87874813256.4113 31458.3627899989 -44429.1851762467 -22756327.2517591 15701.3473617356
2818818345.22628 -7372740592.03443 -88570327461.8493 31481.2377981379 -44164.3721555274 -22756327.2519262 15825.113786297
2818834295.08665 -6874377032.73264 -89267146599.5855 31502.3222264494 -43901.2265613806 -22756327.2520928 15949.8603791983
2818850370.8633 -6371762740.66037 -89965274806.1613 31521.6498415821 -43639.7463267514 -22756327.2522593 16075.7766439468
2818866573.842 -5864883765.20475 -90664724255.5147 31539.254097111 -43379.9260555549 -22756327.2524259 16202.9787036697
2818882905.41568 -5353722546.70924 -91365511754.1627 31555.1679665698 -43121.7584082471 -22756327.2525921 16331.5736797335
2818899367.39239 -4838258197.06763 -92067658213.5652 31569.4238867842 -42865.2343763446 -22756327.2527578 16461.9767090217
2818915960.2939 -4318456771.55226 -92771201647.2491 31582.0539393987 -42610.3386663728 -22756327.2529233 16592.9015049494
2818932685.45276 -3794325006.90652 -93476124588.439 31593.0886155017 -42357.0759356181 -22756327.2530882 16725.158868469
2818949545.1331 -3265844122.84407 -94182444024.5361 31602.5585595791 -42105.438060147 -22756327.2532525 16859.6803401442
2818966540.52498 -2732965966.84136 -94890215433.4563 31610.4942295776 -41855.4032444649 -22756327.253417 16995.3918760264
2818983672.16039 -2195676400.59917 -95599448189.6084 31616.9248217377 -41606.9661097593 -22756327.253581 17131.6354105364
2819000941.8502 -1653982192.09811 -96310124118.5271 31621.878887605 -41360.130597986 -22756327.2537441 17269.6898057048
2819018350.94776 -1107849774.1688 -97022277947.2244 31625.3849341728 -41114.8819893809 -22756327.2539074 17409.0975611497
2819035900.94078 -557260141.496936 -97735924775.224 31627.4707537768 -40871.2123484771 -22756327.2540698 17549.9930253557
2819053592.98466 -2190144.70736003 -98451084691.1459 31628.1636320431 -40629.1119459924 -22756327.2542322 17692.0438787386
2819071428.46523 557372744.806373 -99167763772.2222 31627.4903454763 -40388.5756883757 -22756327.2543933 17835.4805676638
2819089407.97627 1121448229.57857 -99885977087.3437 31625.4772159417 -40149.5953019628 -22756327.254554 17979.5110409268
2819107533.95775 1690030846.95138 -100605707619.244 31622.1502612301 -39912.1729621699 -22756327.2547138 18125.9814829442
2819125807.75471 2263173397.3057 -101327011883.374 31617.5347171263 -39676.2864542166 -22756327.254873 18273.7969547624
2819144230.43004 2840893921.70716 -102049901758.086 31611.6554644347 -39441.9283668647 -22756327.2550313 18422.6753284379
2819162803.33131 3423201412.05569 -102774377654.105 31604.53707433 -39209.0948518231 -22756327.2551892 18572.9012741593
2819181528.03677 4010113728.21519 -103500450941.701 31596.2036332016 -38977.7783568117 -22756327.2553465 18724.7054604574
2819200406.29277 4601655878.98628 -104228141535.085 31586.6786912371 -38747.9685453193 -22756327.2555032 18878.2559972704
2819219438.95746 5197858031.42078 -104957475227.527 31575.9852438535 -38519.6532510134 -22756327.2556584 19032.6646907384
2819238627.78735 5798722154.08364 -105688443063.31 31564.1463856585 -38292.8311141944 -22756327.2558136 19188.8298940613
2819257974.1555 6404278435.22923 -106421070361.663 31551.184307082 -38067.4899764652 -22756327.2559679 19346.3681491927
2819277480.26388 7014544798.06148 -107155367203.374 31537.1210300279 -37843.6223808952 -22756327.2561212 19506.1083759542
2819297146.75804 7629565139.636 -107891374482.028 31521.9775465991 -37621.2115163508 -22756327.256274 19666.4941658432
2819316974.71883 8249334109.80492 -108629073784.269 31505.7756544928 -37400.2585054268 -22756327.2564259 19827.9607839565
2819336965.56471 8873859949.53965 -109368463169.737 31488.5365521344 -37180.7592241694 -22756327.2565768 19990.8458791683
2819357121.58349 9503161384.79603 -110109553085.476 31470.2808305287 -36962.7057252468 -22756327.2567263 20156.0187849959
2819377444.61651 10137284317.163 -110852385540.927 31451.0278871937 -36746.0808395003 -22756327.2568753 20323.0330199437
2819397935.57834 10776260376.6711 -111596985112.774 31430.7970982128 -36530.8726862169 -22756327.2570236 20490.9618298566
2819418596.41983 11420091873.6078 -112343342000.4 31409.6084300633 -36317.0792800314 -22756327.2571712 20660.8414883321
2819439427.51942 12068813509.9195 -113091483898.315 31387.480483192 -36104.6877820487 -22756327.2573178 20831.0995946132
2819460431.58762 12722410443.4044 -113841381268.586 31364.4332421801 -35893.7015142993 -22756327.2574632 21004.068191778
2819481609.61552 13380940836.9742 -114593088330.252 31340.4838343288 -35684.1001062118 -22756327.2576079 21178.0279015375
2819502963.65629 14044408704.2369 -115346596896.761 31315.6509656486 -35475.8807571469 -22756327.2577517 21354.0407719057
2819524494.14522 14712851148.7268 -116101936277.55 31289.9518159762 -35269.030225512 -22756327.2578945 21530.4889291609
2819546203.9331 15386254442.2274 -116859078220.649 31263.4052279481 -35063.55097689 -22756327.2580364 21709.7878845764
2819568093.5032 16064680227.083 -117618079181.096 31236.0268016273 -34859.4223938768 -22756327.258177 21889.5700972187
2819590165.7815 16748115914.4246 -118378912100.998 31207.8347927537 -34656.6464407947 -22756327.258317 22072.2782975968
2819612420.66802 17436624993.989 -119141634559.065 31178.8440533553 -34455.2024481729 -22756327.2584558 22254.8865159519
2819634861.31378 18130176332.5709 -119906198989.91 31149.0731152513 -34255.0975742404 -22756327.2585936 22440.6457622552
2819657488.94044 18828839954.5802 -120672669488.973 31118.5359411497 -34056.3095844328 -22756327.2587306 22627.6266574113
2819680304.67109 19532625500.8074 -121441043187.086 31087.2487819215 -33858.8338709252 -22756327.2588667 22815.730654361
2819703310.83091 20241539381.3613 -122211313802.588 31055.2278074077 -33662.6665564383 -22756327.2590019 23006.1598214073
2819726507.32342 20955625141.7464 -122983515269.679 31022.4872540244 -33467.7935001508 -22756327.2591355 23196.4925039905
2819749898.0605 21674850968.4841 -123757600000.645 30989.0445733114 -33274.2210664574 -22756327.2592686 23390.7370817748
2819773483.70152 22399309137.5859 -124533653949.729 30954.9112137686 -33081.9221517173 -22756327.2594005 23585.641027255
2819797266.15965 23128990819.666 -125311653953.405 30920.1030605366 -32890.8970070826 -22756327.2595317 23782.4581264919
2819821247.07494 23863925816.4873 -126091618215.309 30884.6339540399 -32701.1355656758 -22756327.2596619 23980.9152933097
2819845427.07453 24604135238.4992 -126873555477.864 30848.5179069361 -32512.6301055951 -22756327.2597908 24179.9995872622
2819869809.62625 25349608756.4035 -127657441373.553 30811.7702587307 -32325.3807699935 -22756327.2599188 24382.5517231444
2819894395.48429 26100423383.8405 -128443343229.132 30774.4018134474 -32139.3658049632 -22756327.2600458 24585.8580327686
2819919186.79786 26856572221.8801 -129231239948.559 30736.4272820245 -31954.5846043371 -22756327.2601717 24791.3135683991
2819944184.63337 27618091099.9915 -130021155072.101 30697.8590336654 -31771.0259779614 -22756327.2602966 24997.8355146853
2819969391.48763 28384982339.8241 -130813077228.733 30658.7109158349 -31588.6868638399 -22756327.2604204 25206.8542628211
2819994809.43939 29157291919.1253 -131607040064.185 30618.9943404983 -31407.5538097607 -22756327.2605437 25417.9517547858
2820020440.37002 29935052663.7765 -132403063231.92 30578.7211594874 -31227.6167251861 -22756327.2606654 25630.9306359026
2820046283.45614 30718291068.3818 -133201159636.869 30537.9033380601 -31048.8671191652 -22756327.2607865 25843.0861176334
2820072343.44787 31506950866.9508 -134001258215.202 30496.5569884326 -30871.3150882424 -22756327.2609065 26059.9917259498
2820098621.44872 32301145711.7941 -134803460431.797 30454.689134719 -30694.9323278823 -22756327.2610254 26278.0008560674
2820125118.34 33100877600.1844 -135607753979.715 30412.3124350665 -30519.7159680422 -22756327.2611434 26496.8912766761
2820151837.26301 33906141637.2615 -136414119911.604 30369.4397479329 -30345.6644059389 -22756327.2612605 26718.9230127427
2820178778.57811 34717001364.7045 -137222607728.699 30326.0801026763 -30172.7612611564 -22756327.2613765 26941.3150984497
2820205944.14577 35533435617.2736 -138033182202.943 30282.246864863 -30001.0083600168 -22756327.2614911 27165.5676627915
2820233336.57359 36355468584.1022 -138845853479.604 30237.9508059723 -29830.3977191908 -22756327.2616051 27392.4278174263
2820260959.72436 37183146743.8429 -139660653462.564 30193.2013089636 -29660.916880873 -22756327.2617182 27623.1507666618
2820288813.74331 38016554013.7849 -140477650178.992 30148.0055315792 -29492.546174879 -22756327.2618301 27854.0189487686
2820316898.62745 38855661768.2304 -141296800918.621 30102.3765528945 -29325.2889056486 -22756327.2619413 28084.8841451355
2820345219.62921 39700436967.5992 -142118059431.52 30056.3275549606 -29159.1487190868 -22756327.2620516 28321.0017551218
2820373776.15917 40551004362.3139 -142941532712.586 30009.8629506038 -28994.0983002741 -22756327.2621608 28556.5299600487
2820402569.3496 41407312763.3484 -143767156746.553 29962.9965833801 -28830.1448882657 -22756327.262269 28793.1904354502
2820431605.51059 42269362677.1706 -144594918134.829 29915.7393287936 -28667.2852970666 -22756327.2623762 29036.1609827651
2820460881.49182 43137309133.6868 -145424951202.519 29868.0934208858 -28505.4875452618 -22756327.2624823 29275.9812312084
2820490403.28238 44011023935.0399 -146257118921.77 29820.0764782158 -28344.7727454325 -22756327.2625874 29521.7905590015
2820520170.91697 44890651674.6336 -147091544754.768 29771.6909881667 -28185.1113809476 -22756327.2626917 29767.6345956476
2820550186.31236 45776158898.0673 -147928182335.24 29722.949070756 -28026.5068228748 -22756327.2627951 30015.39538365
2820580452.95292 46667568087.619 -148767038602.424 29673.8596255054 -27868.9521157488 -22756327.2628974 30266.6405654678
2820610972.10102 47564947890.5546 -149608163603.368 29624.4288631856 -27712.432336826 -22756327.2629991 30519.1481013112
2820641744.95182 48468300651.3887 -150451544849.659 29574.6665038677 -27556.9443527401 -22756327.2630994 30772.8507934931
2820672772.41968 49377626585.0547 -151297168105.009 29524.5822455988 -27402.4852311122 -22756327.2631989 31027.4678682667
2820704061.09155 50292917502.0797 -152145011617.546 29474.1861095478 -27249.0532687834 -22756327.2632976 31288.6718676891
2820735609.47772 51214332050.4244 -152995207648.33 29423.4787976157 -27096.6191067949 -22756327.2633953 31548.386164995
2820767421.87039 52141790425.9204 -153847667699.419 29372.4740067753 -26945.193270686 -22756327.2634921 31812.3926695749
2820799496.20507 53075382779.9376 -154702459978.391 29321.1759521262 -26794.7582243829 -22756327.263588 32074.3346832017
2820831838.46355 54015012447.317 -155559481613.769 29269.5989834641 -26645.326543545 -22756327.263683 32342.2584854513
2820864450.3383 54960818411.8287 -156418845037.225 29217.7443813274 -26496.8730962075 -22756327.2637773 32611.874746115
2820897333.22755 55912813445.7641 -157280546981.992 29165.6202386595 -26349.3931607707 -22756327.2638704 32882.8892464282
2820930488.38047 56871001534.7667 -158144576354.318 29113.2350036258 -26202.8832926908 -22756327.2639629 33155.1529203477
2820963918.97012 57835382175.7656 -159010918233.816 29060.5972421037 -26057.3405966585 -22756327.2640543 33430.5896505826
2820997627.9707 58806010550.8962 -159879607698.08 29007.7123602395 -25912.7537831665 -22756327.264145 33709.0005794142
2821031616.02942 59782935556.7272 -160750673739.42 28954.5860011676 -25769.1127608427 -22756327.2642345 33988.0587181357
2821065887.94511 60766138350.5064 -161624084888.076 28901.2273769934 -25626.4174295291 -22756327.2643236 34271.9156929748
2821100441.71892 61755719865.8335 -162499915982.438 28847.6390882103 -25484.6503537952 -22756327.2644116 34553.7738065192
2821135281.77357 62751584427.476 -163378067741.632 28793.834272371 -25343.8223242413 -22756327.2644988 34840.0546505781
2821170412.38116 63753821503.0723 -164258604730.694 28739.8159293754 -25203.9176145791 -22756327.2645851 35130.607592092
2821205830.92911 64762515444.1121 -165141586134.846 28685.5872602331 -25064.9217102612 -22756327.2646704 35418.5479468541
2821241545.88203 65777552720.0746 -166026898032.988 28631.1619906979 -24926.8472996412 -22756327.2647549 35714.9529205519
2821277556.44157 66799137084.8346 -166914703415.445 28576.5367196357 -24789.6638110365 -22756327.2648389 36010.5595429889
2821313863.91747 67827206414.7188 -167804933145.914 28521.722207788 -24653.3769659009 -22756327.2649219 36307.4759016489
2821350471.73895 68861758942.4365 -168697571090.96 28466.7258585943 -24517.9840769136 -22756327.2650039 36607.821476055
2821387383.18692 69902853006.3888 -169592652960.511 28411.5517786098 -24383.4746016078 -22756327.2650853 36911.4479734962
2821424598.97703 70950542162.0159 -170490209897.864 28356.2042513771 -24249.8388637671 -22756327.2651659 37215.7901095417
2821462119.65005 72004806820.1292 -171390210305.067 28300.6913299008 -24117.0765606007 -22756327.2652457 37520.6730240201
2821499952.77017 73065622478.7081 -172292618885.617 28245.0211992344 -23985.1877455556 -22756327.2653247 37833.1201145042
2821538096.10814 74133162689.0481 -173197568461.199 28189.1915755543 -23854.1480442735 -22756327.2654029 38143.3379700275
2821576554.52229 75207323983.5252 -174104956431.115 28133.2146034835 -23723.9674050813 -22756327.2654804 38458.41414762
2821615330.2807 76288202586.3551 -175014849457.703 28077.0918919956 -23594.6312754194 -22756327.2655569 38775.7584186579
2821654425.49297 77375821248.5774 -175927251781.425 28020.8288095528 -23466.1341980602 -22756327.265633 39095.2122650724
2821693842.09666 78470197978.2843 -176842163655.121 27964.4308800948 -23338.4712847123 -22756327.265708 39416.603686451
2821733581.85148 79571345711.235 -177759581138.184 27907.9037963359 -23211.6382194406 -22756327.2657822 39739.7548284994
2821773648.89239 80679272198.8436 -178679496074.953 27851.2534213297 -23085.6312361172 -22756327.2658558 40067.0409069033
2821814047.18128 81794051022.4506 -179601954829.317 27794.4821748727 -22960.4391591034 -22756327.2659286 40398.2888920928
2821854772.88818 82915750238.2721 -180526998617.822 27737.5927148637 -22836.0517303234 -22756327.2660006 40725.7068952002
2821895834.87034 84044221532.2301 -181454490594.632 27680.5985603807 -22712.482504204 -22756327.2660719 41061.9821624134
2821937234.10538 85179668150.3946 -182384583271.906 27623.4953600378 -22589.7063411701 -22756327.2661426 41399.2350372045
2821978971.29933 86322074325.5071 -183317248647.631 27566.2897809906 -22467.7223436838 -22756327.2662123 41737.1939537114
2822021052.38476 87471416821.1629 -184252453052.795 27508.988749812 -22346.530206008 -22756327.2662816 42081.0854233095
2822063477.79927 88627815944.3587 -185190279511.224 27451.5919657733 -22226.1145463421 -22756327.2663502 42425.4145148859
2822106247.85555 89791240342.7082 -186130687593.193 27394.1066150681 -22106.4760068979 -22756327.266418 42770.0562781332
2822149370.89976 90961655382.0733 -187073634788.022 27336.5399208773 -21987.6152992964 -22756327.2664852 43123.0442069446
2822192844.07366 92139245739.8637 -188019254990.212 27278.8882674322 -21869.5110083138 -22756327.2665515 43473.1739025448
2822236672.70343 93323889412.4668 -188967435310.554 27221.1630224476 -21752.1727320236 -22756327.2666173 43828.6297691382
2822280856.39511 94515687616.347 -189918242146.665 27163.3645481818 -21635.5876717749 -22756327.2666823 44183.6916769251
2822325400.31687 95714585536.851 -190871617186.981 27105.5007205953 -21519.7584114462 -22756327.2667466 44543.9217659272
2822370312.26837 96920679143.5071 -191827622223.309 27047.5720479462 -21404.6728851462 -22756327.2668102 44911.9514962247
2822415588.4902 98134134483.6428 -192786373560.616 26989.5756965727 -21290.3128302625 -22756327.2668732 45276.2218278545
2822461230.8565 99354804747.552 -193747740040.121 26931.5237419879 -21176.6896044421 -22756327.2669357 45642.3663032418
2822507246.91144 100582695649.822 -194711711749.926 26873.4208320511 -21063.799862381 -22756327.2669975 46016.0549443204
2822553635.15637 101817964775.262 -195678397590.255 26815.2643995181 -20951.626497025 -22756327.2670586 46388.2449299226
2822600400.10337 103060526259.183 -196647715497.073 26757.0633147152 -20840.1747226645 -22756327.2671189 46764.9469984257
2822647545.97806 104310455333.437 -197619709542.77 26698.8187911426 -20729.4351053355 -22756327.2671789 47145.874690963
2822695073.86677 105567818818.315 -198594416762.12 26640.5324179735 -20619.3991895189 -22756327.2672381 47527.8887037021
2822742984.85136 106832599372.956 -199571808816.637 26582.2096349344 -20510.0659541137 -22756327.2672967 47910.984589947
2822791285.73169 108104779561.877 -200551857672.85 26523.8557849105 -20401.4342312221 -22756327.2673547 48300.8803338088
2822839977.28762 109384493306.207 -201534651728.299 26465.4692229828 -20293.4900147836 -22756327.2674121 48691.5559265593
2822889060.09786 110671714250.871 -202520155794.751 26407.0556062716 -20186.2330459658 -22756327.2674687 49082.8102388412
2822938544.14258 111966410844.571 -203508331181.766 26348.6207179808 -20079.6633052778 -22756327.267525 49484.044724314
2822988426.58393 113268798855.16 -204499327596.194 26290.159157714 -19973.7605855983 -22756327.2675805 49882.4413479979
2823038710.64016 114578755769.259 -205493036719.077 26231.6807169789 -19868.5324648101 -22756327.2676355 50284.0562302438
2823089399.63246 115896318539.452 -206489471990.074 26173.1879269653 -19763.9733876287 -22756327.2676897 50688.9923049615
2823140499.96343 117221526350.664 -207488648390.383 26114.6831780458 -19660.0776965106 -22756327.2677436 51100.3309695931
2823192011.2045 118554498200.056 -208490640648.306 26056.1653271401 -19556.8336680314 -22756327.267797 51511.2410645359
2823243936.51595 119895174294.932 -209495388827.211 25997.6410540044 -19454.2435499786 -22756327.2678496 51925.3114502591
2823296278.34247 121243588340.509 -210502903488.508 25939.1128556531 -19352.3022713849 -22756327.2679018 52341.8265176482
2823349042.86286 122599755090.386 -211513180993.847 25880.5840019278 -19251.0062233649 -22756327.2679535 52764.5203992637
2823402229.19879 123963785460.24 -212526289087.785 25822.0535874679 -19150.3447297818 -22756327.2680047 53186.3359210133
2823455842.95278 125335607415.788 -213542159456.124 25763.528524503 -19050.3206994702 -22756327.2680553 53613.7539982044
2823509886.56623 126715316037.44 -214560847819.651 25705.0085124463 -18950.9247558847 -22756327.2681053 54043.6134460053
2823564366.06884 128102924340.778 -215582348941.807 25646.4967218123 -18852.153593263 -22756327.2681548 54479.5026073998
2823619276.42174 129498536911.239 -216606724783.785 25587.992436008 -18753.9974835578 -22756327.2682037 54910.3528985726
2823674626.43827 130901974673.504 -217633829311.406 25529.5067558212 -18656.4665796209 -22756327.2682521 55350.0165377445
2823730421.4245 132313412889.52 -218663776402.945 25471.0358987043 -18559.5461932341 -22756327.2683 55794.9862253632
2823786659.93485 133732935961.36 -219696612623.052 25412.5799148059 -18463.2282806587 -22756327.2683475 56238.5103558187
2823843347.35281 135160456203.349 -220732259353.003 25354.1458904035 -18367.5164770176 -22756327.2683945 56687.4179507587
2823900488.5765 136596059349.383 -221770764172.295 25295.7337213241 -18272.4026561755 -22756327.2684408 57141.2236959292
2823958084.79834 138039817966.812 -222812164651.73 25237.3438497779 -18177.8797609988 -22756327.2684868 57596.2218424027
2824016137.00765 139491710514.379 -223856430363.331 25178.9804924282 -18083.9469522795 -22756327.2685323 58052.2093076706
2824074654.95481 140951710415.896 -224903527642.038 25120.6479779201 -17990.6035862046 -22756327.2685772 58517.9471567478
2824133635.70464 142420010784.5 -225953580113.967 25062.3418451145 -17897.8350858472 -22756327.2686217 58980.7498304015
2824193083.39836 143896485619.503 -227006482781.119 25004.0703102706 -17805.6472006075 -22756327.2686656 59447.693719121
2824253006.65614 145381186483.897 -228062257940.525 24945.8344583253 -17714.0343607203 -22756327.2687092 59923.257783936
2824313402.8572 146874275802.188 -229121006159.924 24887.6310511515 -17622.9843738238 -22756327.2687523 60396.2010580879
2824374276.64367 148375635243.838 -230182628653.63 24829.467785858 -17532.5022787344 -22756327.2687948 60873.7864663797
2824435635.36511 149885327361.655 -231247155129.024 24771.3452393997 -17442.582014874 -22756327.2688372 61358.7214443089
2824497476.82196 151403480902.365 -232314661462.602 24713.2614611754 -17353.2137724484 -22756327.2688787 61841.4568497227
2824559809.09711 152929987836.026 -233385056909.406 24655.223535231 -17264.4017386359 -22756327.2689201 62332.2751537233
2824622627.57965 154464993932.748 -234458428976.617 24597.2288215906 -17176.1352468343 -22756327.268961 62818.4825385478
2824685949.9799 156008331962.566 -235534646261.64 24539.2864716576 -17088.4216572256 -22756327.2690014 63322.4002495396
2824749767.43008 157560382592.957 -236613959317.046 24481.3850420737 -17001.2372418023 -22756327.2690412 63817.4501744792
2824814083.57808 159120873636.629 -237696163831.504 24423.5375136198 -16914.5952549907 -22756327.2690808 64316.1480029674
2824878911.01101 160689840292.192 -238781270045.617 24365.7452640533 -16828.4914269832 -22756327.26912 64827.4329304503
2824944244.06436 162267534590.202 -239869437456.862 24308.0017347665 -16742.9098413425 -22756327.2691587 65333.0533543701
2825010096.3478 163853763432.747 -240960518085.492 24250.3166800398 -16657.8588967336 -22756327.269197 65852.2834357117
2825076462.95482 165448801710.115 -242054686169.824 24192.6827602435 -16573.3218058782 -22756327.2692349 66366.607023319
2825143352.12585 167052474677.188 -243151806892.574 24135.1089238532 -16489.3058286551 -22756327.2692724 66889.1710295369
2825210763.84221 168664925657.929 -244251963628.3 24077.5925913895 -16405.8013786629 -22756327.2693094 67411.7163608452
2825278704.89809 170286098091.775 -245355103045.121 24020.138319905 -16322.8093413836 -22756327.2693462 67941.055879681
2825347174.94369 171916099075.435 -246461283314.937 23962.7448146542 -16240.3221907959 -22756327.2693825 68470.0456018887
2825416181.81092 173554863766.979 -247570445789.744 23905.4168185339 -16158.3411590306 -22756327.2694184 69006.8672215207
2825485727.71834 175202522925.923 -248682664323.61 23848.1521844545 -16076.8576695544 -22756327.2694539 69545.9074278198
2825555817.41971 176859072377.897 -249797921283.393 23790.9534732647 -15995.8699598316 -22756327.2694892 70089.7013705346
2825626454.19527 178524568018.51 -250916239521.108 23733.8211340298 -15915.3733290345 -22756327.2695239 70636.7755593654
2825697641.17813 180199030180.977 -252037617880.99 23676.7568203703 -15835.3648479108 -22756327.2695583 71186.9828582098
2825769381.34938 181882475388.467 -253162052694.995 23619.76227949 -15755.8417693882 -22756327.2695923 71740.1712507934
2825841676.0662 183574916284.248 -254289537768.949 23562.8393507658 -15676.8015221424 -22756327.2696259 72294.7168199225
2825914533.84518 185276327079.547 -255420041486.915 23505.9911126396 -15598.2432874033 -22756327.2696592 72857.7789804017
2825987957.24396 186986849979.791 -256553643766.826 23449.2150118421 -15520.1585302673 -22756327.2696922 73423.3987733938
2826061950.19341 188706486284.921 -257690330696.311 23392.5131996337 -15442.5452966855 -22756327.2697248 73992.94945117
2826136519.42779 190435269187.345 -258830109522.356 23335.8867364717 -15365.4001818617 -22756327.269757 74569.2343831175
2826211662.56024 192173296678.505 -259973029990.116 23279.3345600146 -15288.7169679859 -22756327.269789 75143.1324496333
2826287386.01358 193920453840.251 -261119001880.261 23222.8625015197 -15212.4988302233 -22756327.2698205 75723.4533384856
2826363699.41896 195676830816.131 -262268069897.731 23166.4696820648 -15136.7398864122 -22756327.2698517 76313.405378699
2826440595.26373 197442590881.276 -263420325968.066 23110.1529267226 -15061.4312943204 -22756327.2698827 76895.8447734199
2826518090.52539 199217500349.714 -264575603045.886 23053.9216851072 -14986.5811345424 -22756327.2699133 77495.2616589451
2826596183.66623 201001890883.565 -265734102377.409 22997.7674292957 -14912.1735687872 -22756327.2699435 78093.1408458118
2826674875.84389 202795666006.355 -266895746277.078 22941.6952018639 -14838.2108997845 -22756327.2699733 78692.1776510801
2826754169.78892 204598791718.092 -268060498164.459 22885.7079835513 -14764.6926824534 -22756327.2700029 79293.9450378786
2826834077.59189 206411270117.893 -269228345072.175 22829.8075706277 -14691.616929764 -22756327.2700322 79907.8029612433
2826914601.80591 208233316307.19 -270399410906.385 22773.9892119848 -14618.9731830429 -22756327.2700613 80524.214024362
2826995744.82231 210064926469.231 -271573678172.947 22718.254927105 -14546.759916506 -22756327.2700899 81143.0164037405
2827077506.95943 211906093008.328 -272751127152.719 22662.6068002593 -14474.975709504 -22756327.2701182 81762.1371164157
2827159897.04299 213756761391.659 -273931708431.479 22607.0482686198 -14403.6208949501 -22756327.2701463 82390.0835572133
2827242905.23443 215617069330.747 -275115495279.45 22551.5769677065 -14332.6883924228 -22756327.2701739 83008.1914441989
2827326561.82071 217486733166.734 -276302293114.983 22496.2030375728 -14262.1871251588 -22756327.2702014 83656.5862759286
2827410851.67881 219366372334.307 -277492480421.531 22440.9098716804 -14192.0920243233 -22756327.2702285 84289.8580994779
2827495783.25609 221255583506.487 -278685786749.644 22385.7110954998 -14122.416524281 -22756327.2702554 84931.57728579
2827581372.97541 223154493506.739 -279882277948.616 22330.6046384843 -14053.1541395829 -22756327.2702819 85589.719317344
2827667604.82444 225063405426.111 -281082129895.03 22275.5834246643 -13984.2922384562 -22756327.2703083 86231.8490331423
2827754486.90459 226981898489.5 -282285063438.45 22220.661224891 -13915.8443229808 -22756327.2703343 86882.0801452522
2827842039.73722 228910090415.852 -283491138569.73 22165.8361813824 -13847.8043089032 -22756327.27036 87552.8326296997
2827930259.00462 230848372242.363 -284700585048.382 22111.0987950383 -13780.1567847834 -22756327.2703856 88219.2674042427
2828019148.22096 232796583135.878 -285913287318.051 22056.4552524853 -13712.9058546367 -22756327.2704108 88889.2163422772
2828108715.25149 234754736010.052 -287129238709.41 22001.9067522253 -13646.0494487598 -22756327.2704357 89567.0305238161
2828198955.07906 236722938994.22 -288348491541.773 21947.4518367956 -13579.5822913725 -22756327.2704604 90239.8275713642
2828289888.21889 238701016960.252 -289570922803.989 21893.0968471744 -13513.5086484042 -22756327.2704848 90933.1398341814
2828381485.6724 240689353957.787 -290796754999.48 21838.8327449229 -13447.8141304476 -22756327.2705089 91597.4535053469
2828473793.95894 242687251438.571 -292025543472.992 21784.6799820685 -13382.520061927 -22756327.2705328 92308.2865395152
2828566794.25748 244695658677.26 -293257857673.043 21730.6142474671 -13317.5937723989 -22756327.2705564 93000.2985385841
2828660493.76197 246714099029.099 -294493389857.38 21676.649884063 -13253.0492500369 -22756327.2705799 93699.5044878973
2828754902.10535 248742662931.08 -295732181096.913 21622.7858403767 -13188.8819525779 -22756327.2706031 94408.3433879521
2828850012.857 250781492378.404 -296974303459.284 21569.0197385112 -13125.085834401 -22756327.2706259 95110.7516427646
2828945843.90617 252830382186.784 -298219617576.85 21515.3583274059 -13061.6657059436 -22756327.2706485 95831.0491775844
2829042402.14979 254889651006.493 -299468302665.588 21461.7945930548 -12998.6101273961 -22756327.2706709 96558.2436150981
2829139669.3564 256959378836.834 -300720392070.721 21408.3278563835 -12935.9152469881 -22756327.2706931 97267.2066097397
2829237679.79059 259039108103.344 -301975594766.181 21354.9712021562 -12873.5933133973 -22756327.270715 98010.43418706
2829336428.79564 261129503887.606 -303234297648.577 21301.7088504848 -12811.6228621681 -22756327.2707367 98749.0050495308
2829435908.64676 263230397469.468 -304496383717.76 21248.5464784114 -12750.0075758771 -22756327.2707582 99479.8511241389
2829536139.73552 265341556613.287 -305761699041.928 21195.4911994634 -12688.7527312011 -22756327.2707796 100231.088758618
2829637102.37482 267463345692.568 -307030447456.728 21142.5350926068 -12627.8462609852 -22756327.2708006 100962.639302017
2829738819.64993 269595280040.279 -308302324988.161 21089.6914249539 -12567.3005072338 -22756327.2708213 101717.27511077
2829841300.36621 271737779470.888 -309577568202.897 21036.950910589 -12507.1019271718 -22756327.2708418 102480.716277528
2829944550.37091 273890959799.353 -310856231185.387 20984.3119215731 -12447.2458691522 -22756327.2708621 103250.004695776
2830048560.58254 276054873600.58 -312138330107.504 20931.7744038119 -12387.7295263499 -22756327.2708822 104010.211638956
2830153342.39968 278229261054.528 -313423696542.765 20879.3458105577 -12328.5585863282 -22756327.2709022 104781.817138454
2830258913.16457 280414291316.104 -314712416322.813 20827.0231524156 -12269.7269278306 -22756327.2709219 105570.764886509
2830365266.21581 282610255167.853 -316004645999.619 20774.8006369629 -12211.2253815711 -22756327.2709413 106353.051243526
2830472400.77246 284816942892.986 -317300247192.864 20722.6844090135 -12153.0582075733 -22756327.2709607 107134.55665148
2830580333.9308 287034268259.003 -318599155032.97 20670.6775574087 -12095.2262069926 -22756327.2709798 107933.158338842
2830689058.33931 289262514342.546 -319901520851.672 20618.7745109322 -12037.7205876848 -22756327.2709986 108724.40850687
2830798585.08003 291501458399.73 -321207199981.408 20566.9815093839 -11980.5456956289 -22756327.2710172 109526.740721489
2830908937.7036 293751257925.308 -322516270054.365 20515.295913761 -11923.6960614487 -22756327.2710357 110352.623567886
2831020089.27596 296012323823.977 -323828954970.741 20463.7093927036 -11867.1600630888 -22756327.271054 111151.572359269
2831132063.14621 298284032194.803 -325144877881.551 20412.2372073914 -11810.9519579901 -22756327.2710721 111973.870249271
2831244870.31069 300566789042.509 -326464259893.805 20360.8711031831 -11755.0602538325 -22756327.27109 112807.164482997
2831358502.19349 302860745248.973 -327787173194.186 20309.6087296432 -11699.4800077464 -22756327.2711077 113631.88279994
2831472975.36802 305165653500.359 -329113460460.075 20258.4566051532 -11644.2159074756 -22756327.2711253 114473.17452799
2831588274.93675 307481777000.603 -330443258551.522 20207.4098536423 -11589.260325234 -22756327.2711426 115299.568734375
2831704424.34784 309808741790.865 -331776338509.891 20156.4776276354 -11534.6207595638 -22756327.2711598 116149.411082749
2831821419.84885 312146948472.005 -333112915662.946 20105.6520463718 -11480.2864228378 -22756327.2711768 116995.501013403
2831939271.89054 314496247937.915 -334452890262.125 20054.9372668744 -11426.2594752577 -22756327.2711936 117852.041689054
2832057998.33955 316856776536.051 -335796325715.707 20004.3312300582 -11372.5354554485 -22756327.2712102 118726.449011651
2832177594.83921 319228817043.896 -337143367947.544 19953.8288225544 -11319.1067339943 -22756327.2712267 119596.49966129
2832298045.09873 321612206887.889 -338493909533.302 19903.4344522635 -11265.9758034351 -22756327.2712429 120450.259520782
2832419380.17302 324006548021.876 -339847710988.198 19853.1573307792 -11213.1501568 -22756327.271259 121335.074288584
2832541616.13102 326412383831.716 -341205065477.52 19802.9868477076 -11160.616460871 -22756327.271275 122235.958003291
2832664736.20137 328829956032.422 -342566093988.403 19752.9189048135 -11108.3683438297 -22756327.2712907 123120.070343079
2832788756.10525 331258856659.539 -343930551897.721 19702.9628295493 -11056.4134553942 -22756327.2713063 124019.903885415
2832913677.84972 333699320265.244 -345298556464.135 19653.1146115826 -11004.7455370498 -22756327.2713218 124921.744470661
2833039491.81653 336151310009.733 -346670072302.94 19603.3758323524 -10953.3641772169 -22756327.2713369 125813.966809796
2833166235.4189 338614561925.101 -348044937697.982 19553.7525857175 -10902.2736041582 -22756327.2713521 126743.602371415
2833293882.43536 341089731849.188 -349423504062.141 19504.2324545117 -10851.4590229189 -22756327.2713671 127647.016458237
2833422456.36232 343576230803.804 -350805428720.177 19454.8280053694 -10800.9313403925 -22756327.2713819 128573.926960723
2833551952.69369 346074440386.161 -352190909609.299 19405.5323705882 -10750.6815380543 -22756327.2713965 129496.331369291
2833682395.04302 348584196128.177 -353579841110.06 19356.3495293456 -10700.711714673 -22756327.2714111 130442.349326906
2833813770.02092 351105877957.412 -354972418817.347 19307.2727884391 -10651.0131480454 -22756327.2714254 131374.977900233
2833946109.94754 353639149155.258 -356368442166.334 19258.3094368467 -10601.5913162435 -22756327.2714396 132339.926614802
2834079401.00408 356184554281.104 -357768196398.74 19209.4497011917 -10552.4344844082 -22756327.2714536 133291.056542393
2834213643.34276 358741748133.76 -359171476609.299 19160.7009742859 -10503.5482527681 -22756327.2714674 134242.338678167
2834348831.26157 361310655830.358 -360578227483.541 19112.0653423594 -10454.9328500098 -22756327.2714812 135187.91881704
2834485021.13595 363891091460.743 -361988333560.532 19063.5469093946 -10406.5905056518 -22756327.2714948 136189.874380504
2834622174.20641 366484051231.555 -363402324300.929 19015.1276625006 -10358.501486426 -22756327.2715082 137153.07045698
2834760299.03073 369088716646.121 -364819738252.738 18966.8236144114 -10310.6799391703 -22756327.2715215 138124.824323444
2834899413.55308 371705172489.724 -366240607816.383 18918.6337566552 -10263.1230567561 -22756327.2715347 139114.522349208
2835039541.42061 374333679631.849 -367665060447.618 18870.5538918578 -10215.8249321641 -22756327.2715478 140127.867525572
2835180666.58164 376974603451.656 -369093279006.857 18822.5780391265 -10168.7779832551 -22756327.2715606 141125.161032995
2835322791.88055 379627560084.596 -370525040904.392 18774.7138473363 -10121.9880226771 -22756327.2715734 142125.298907943
2835465940.81862 382292523228.832 -371960317757.482 18726.962366935 -10075.4543670052 -22756327.271586 143148.938071507
2835610106.33273 384969852516.204 -373399288627.135 18679.3177691788 -10029.1696656711 -22756327.2715985 144165.51410541
2835755296.46892 387659334258.81 -374841823911.418 18631.7844764601 -9983.13656830166 -22756327.2716109 145190.136190251
2835901519.18863 390361037534.711 -376287946265.836 18584.3618388883 -9937.35279913369 -22756327.2716231 146222.719711797
2836048792.64157 393075028955.544 -377737676841.628 18537.0492610292 -9891.81615961054 -22756327.2716352 147273.452940856
2836197114.40509 395801562637.19 -379191136467.254 18489.8429223814 -9846.52138529596 -22756327.2716473 148321.763518427
2836346460.53513 398540510496.609 -380648241863.749 18442.7456504387 -9801.46962253384 -22756327.2716591 149346.130044882
2836496880.62708 401291349644.229 -382108701028.578 18395.7669098742 -9756.6683204846 -22756327.2716708 150420.091949242
2836648366.34365 404054911683.555 -383572941255.7 18348.8930055741 -9712.10284905377 -22756327.2716825 151485.716562925
2836800908.9558 406830959268.657 -385040821727.476 18302.1285533798 -9667.77608230098 -22756327.271694 152542.612158061
2836954526.42414 409619250107.306 -386512200150.03 18255.4781208517 -9623.6908110404 -22756327.2717054 153617.468338753
2837109242.14206 412420030162.739 -387987192244.331 18208.9380593528 -9579.84206014932 -22756327.2717167 154715.717915399
2837265035.80157 415233641368.878 -389465963186.145 18162.5032337733 -9536.22351686366 -22756327.2717278 155793.659507037
2837421914.08408 418059630265.329 -390948260036.909 18116.1816353874 -9492.84121585817 -22756327.2717388 156878.282514392
2837579911.45811 420898035498.658 -392434089223.239 18069.9730486704 -9449.69346538558 -22756327.2717497 157997.374027099
2837739018.11057 423749395953.73 -393923718192.089 18023.8691957279 -9406.77109596656 -22756327.2717605 159106.652467398
2837899223.80139 426613448726.922 -395416994628.481 17977.8748485102 -9364.07713898352 -22756327.2717712 160205.690812606
2838060574.91434 429489925719.896 -396913764721.834 17931.9947265766 -9321.61453889481 -22756327.2717817 161351.112948954
2838223066.19746 432379574149.075 -398414402620.906 17886.2173849541 -9279.37130811984 -22756327.2717922 162491.28312657
2838386686.89091 435282212191.32 -399918798472.833 17840.5462494842 -9237.34925889245 -22756327.2718025 163620.693444297
2838551454.94711 438197561638.772 -401426793479.154 17794.9861492088 -9195.55146499505 -22756327.2718127 164768.0562004
2838717376.28954 441125856534.979 -402938494270.395 17749.533852246 -9153.97359870483 -22756327.2718229 165921.342429671
2838884451.70522 444067115359.931 -404453895675.974 17704.1895189733 -9112.6144692259 -22756327.271833 167075.415678296
2839052686.78583 447021265482.143 -405972945753.658 17658.9546893037 -9071.47414961359 -22756327.2718429 168235.080618852
2839222116.98928 449988319422.671 -407495636617.804 17613.8295641961 -9030.55149688113 -22756327.2718528 169430.203450585
2839392700.16698 452968814072.999 -409022228752.818 17568.8064378041 -8989.83823876021 -22756327.2718625 170583.177692083
2839564484.42505 455961920651.522 -410552283158.447 17523.8982263567 -8949.34476290947 -22756327.2718722 171784.258075783
2839737462.14102 458968396186.178 -412086172532.844 17479.0939392527 -8909.05987154686 -22756327.2718818 172977.715970605
2839911633.41173 461988018164.26 -413623768365.607 17434.3973240373 -8868.985686327 -22756327.2718913 174171.270706093
2840087016.11721 465020700353.613 -415165012327.173 17389.8100244011 -8829.12242407149 -22756327.2719006 175382.705477804
2840263601.68506 468066665635.922 -416710003168.882 17345.3291339833 -8789.46624579627 -22756327.2719098 176585.567849525
2840441426.00326 471125676739.815 -418258606143.678 17300.9584692458 -8750.01932143656 -22756327.271919 177824.318199802
2840620475.36234 474198265832.484 -419811075929.629 17256.6906890075 -8710.77391623799 -22756327.2719281 179049.35908571
2840800767.56254 477284105717.771 -421367232280.049 17212.5308981931 -8671.73336703508 -22756327.271937 180292.200200153
2840982288.27575 480383413282.307 -422927169907.847 17168.4763508009 -8632.89405922669 -22756327.2719459 181520.713203677
2841165055.11969 483495852782.862 -424490705439.652 17124.5321435226 -8594.25930132209 -22756327.2719547 182766.843942123
2841349085.84559 486621637336.267 -426057931824.056 17080.6955581473 -8555.82552065059 -22756327.2719634 184030.725903617
2841534365.38123 489760979930.077 -427628941221.838 17036.9639431059 -8517.58923959686 -22756327.271972 185279.535643159
2841720944.47485 492913533360.925 -429203545546.388 16993.3424357338 -8479.55379841878 -22756327.2719805 186579.093613903
2841908793.35454 496080069389.079 -430782115423.153 16949.8207012146 -8441.70906295718 -22756327.2719889 187848.879690229
2842097914.97392 499259990338.542 -432364337905.819 16906.407306414 -8404.0613760388 -22756327.2719973 189121.619380896
2842288360.70228 502453256255.948 -433950179126.523 16863.1030455029 -8366.61029635247 -22756327.2720054 190445.728361378
2842480110.06124 505660641714.111 -435540008820.977 16819.8977481669 -8329.34594104247 -22756327.2720137 191749.35896276
2842673150.70857 508881707744.906 -437133594094.216 16776.797691137 -8292.27265963233 -22756327.2720218 193040.64732224
2842867515.13732 512116155768.619 -438730773056.367 16733.8071183371 -8255.39301110462 -22756327.2720298 194364.428758267
2843063201.46152 515364438367.575 -440331754901.346 16690.9202689109 -8218.70097662582 -22756327.2720377 195686.324199241
2843260231.48023 518626430907.33 -441936463543.551 16648.1390720108 -8182.1971522808 -22756327.2720455 197030.018708779
2843458603.08103 521902403085.377 -443545016895.894 16605.460278268 -8145.87772456541 -22756327.2720533 198371.600798024
2843658333.79732 525192225547.961 -445157336582.232 16562.8858641578 -8109.74334770859 -22756327.272061 199730.716291134
2843859425.39989 528496094572.184 -446773503939.339 16520.4135746602 -8073.7910896653 -22756327.2720686 201091.602571244
2844061859.28146 531813944437.014 -448393471876.57 16478.044541831 -8038.02090292217 -22756327.2720761 202433.881569122
2844265688.89054 535145374910.727 -450017030768.651 16435.7840901404 -8002.43626382054 -22756327.2720836 203829.609083682
2844470895.30155 538491170871.14 -451644548480.613 16393.6225113575 -7967.02800189853 -22756327.272091 205206.411004375
2844677458.95059 541850925475.877 -453275812044.456 16351.5652141444 -7931.79968617095 -22756327.2720983 206563.649043556
2844885450.41408 545224225379.507 -454910606908.989 16309.6175384516 -7896.7547890512 -22756327.2721056 207991.463489889
2845094812.68127 548612127608.847 -456549430698.736 16267.7665720329 -7861.88155555789 -22756327.2721128 209362.267188253
2845305617.052 552013607874.596 -458191773340.107 16226.0251910706 -7827.18975569394 -22756327.2721198 210804.370732135
2845517826.25558 555429728752.348 -459838133323.982 16184.3805700456 -7792.66777826077 -22756327.2721269 212209.203579988
2845731478.20285 558859789036.241 -461488157762.387 16142.8415018056 -7758.32198125665 -22756327.2721339 213651.947269318
2845946534.42372 562304304969.568 -463142080382.68 16101.4019432681 -7724.14643583387 -22756327.2721407 215056.220871957
2846163102.71054 565762560561.476 -464799543135.303 16060.0706806242 -7690.14745471812 -22756327.2721476 216568.286812916
2846381101.83222 569236189856.537 -466461313797.556 16018.8284522767 -7656.30830050863 -22756327.2721544 217999.121679771
2846600534.33801 572723789714.671 -468126705514.838 15977.6921992266 -7622.64199489749 -22756327.272161 219432.505790628
2846821474.20747 576225306279.756 -469795678980.159 15936.6626550408 -7589.14821172636 -22756327.2721677 220939.869460366
2847043917.21668 579741821434.627 -471468735012.292 15895.7273479758 -7555.81588716937 -22756327.2721742 222443.009208158
2847267800.56833 583273165788.76 -473145777063.779 15854.8885471952 -7522.64602468132 -22756327.2721808 223883.351648127
2847493199.16312 586818245110.263 -474826271260.985 15814.1590472904 -7489.64813241118 -22756327.2721871 225398.594796015
2847720092.87934 590378148109.899 -476510719563.449 15773.5264675418 -7456.81130170112 -22756327.2721935 226893.716216981
2847948513.72762 593952457079.345 -478198909408.605 15732.9957671333 -7424.13869160255 -22756327.2721998 228420.848280789
2848178440.80832 597541576408.37 -479891016984.767 15692.5625380943 -7391.62590501727 -22756327.272206 229927.08069753
2848409868.23995 601145077896.226 -481586825719.386 15652.2317674752 -7359.27611319151 -22756327.2722122 231427.431634257
2848642834.61428 604762771922.442 -483286232555.259 15612.0056614076 -7327.09023184243 -22756327.2722183 232966.374333204
2848877395.28279 608395163079.543 -484989460379.69 15571.8787166041 -7295.06302022548 -22756327.2722243 234560.668506679
2849113505.54532 612043010820.384 -486696849631.248 15531.8427760284 -7263.18717716273 -22756327.2722303 236110.262529758
2849351158.95884 615705516515.069 -488408010975.804 15491.9068209706 -7231.46906634156 -22756327.2722362 237653.41352121
2849590417.35406 619382480587.234 -490122836983.517 15452.0731254823 -7199.90967989913 -22756327.2722421 239258.395221177
2849831251.39412 623074757491.239 -491841711217.117 15412.3325890718 -7168.50101975294 -22756327.2722479 240834.04005564
2850073613.62423 626781791127.951 -493564359572.374 15372.6913733174 -7137.2471821916 -22756327.2722536 242362.230114543
2850317647.53614 630502753007.993 -495290383642.579 15333.1583588205 -7106.15435796144 -22756327.2722593 244033.911907792
2850563258.91269 634239743163.172 -497020742641.881 15293.711376174 -7075.20434395727 -22756327.272265 245611.376552722
2850810486.88779 637991213665.882 -498754704299.6 15254.3669533174 -7044.40936303383 -22756327.2722706 247227.975093667
2851059323.84153 641757661134.155 -500492484018.031 15215.1199515913 -7013.76462144821 -22756327.2722761 248836.95374013
2851309785.47481 645538867266.912 -502233966668.754 15175.9727338067 -6983.27120603024 -22756327.2722816 250461.633280162
2851561953.96963 649334968720.764 -503979200959.811 15136.9239549823 -6952.9273137987 -22756327.272287 252168.494820214
2851815755.06869 653147104189.787 -505728694681.903 15097.9620882145 -6922.72327355761 -22756327.2722923 253801.099062997
2852071228.28212 656974044517.619 -507481868215.683 15059.099862552 -6892.66824113444 -22756327.2722977 255473.213426952
2852328340.97965 660816281690.884 -509238932401.921 15020.332365054 -6862.75768856637 -22756327.2723029 257112.697532965
2852587132.62885 664673221558.842 -510999601186.811 14981.6656542679 -6832.99556403869 -22756327.2723081 258791.64919927
2852847618.6708 668545353145.522 -512764083661.103 14943.09487155 -6803.37740360156 -22756327.2723132 260486.041945108
2853109834.78051 672432802048.52 -514532422242.727 14904.61885938 -6773.90161581468 -22756327.2723183 262216.109711246
2853373726.94657 676335993069.553 -516304794766.065 14866.2335491602 -6744.56440036934 -22756327.2723234 263892.16606656
2853639334.79428 680254016458.205 -518080773385.658 14827.9479678294 -6715.37196455175 -22756327.2723284 265607.847708774
2853906648.52633 684187356372.85 -519860563403.16 14789.7574150425 -6686.32002589786 -22756327.2723333 267313.732052003
2854175800.62923 688135762627.251 -521644037242.818 14751.6643637415 -6657.40977807092 -22756327.2723382 269152.102892567
2854446663.79321 692101080817.306 -523432012360.105 14713.6511893785 -6628.62720255434 -22756327.2723431 270863.163978741
2854719299.52098 696081324512.831 -525223577120.457 14675.7370928472 -6599.98619558095 -22756327.2723479 272635.727772348
2854993675.49653 700077291203.813 -527019076023.67 14637.9145171075 -6571.48038013123 -22756327.2723526 274375.975547715
2855269828.38532 704088400091.418 -528818233452.034 14600.1890100748 -6543.1132792093 -22756327.2723573 276152.888799172
2855547772.95267 708115080582.492 -530621227613.389 14562.5565611377 -6514.88121940186 -22756327.272362 277944.567342269
2855827498.11594 712157439249.847 -532428091268.357 14525.0162414605 -6486.78286356258 -22756327.2723666 279725.163274162
2856109018.26325 716215206770.04 -534238689335.805 14487.5705961472 -6458.81947663354 -22756327.2723712 281520.147309855
2856392397.10872 720288484325.785 -536053052530.505 14450.2187121381 -6430.98973699785 -22756327.2723758 283378.845467928
2856677623.44645 724378082671.842 -537871526565.103 14412.9532461613 -6403.28755905682 -22756327.2723802 285226.337733295
2856964635.4762 728483726842.458 -539693973203.452 14375.7768321473 -6375.71430258452 -22756327.2723847 287012.029747061
2857253574.37633 732604418894.834 -541519935040.768 14338.698516615 -6348.27605367742 -22756327.2723891 288938.900127709
2857544300.31687 736742073778.5 -543350245215.067 14301.7011481718 -6320.95952111139 -22756327.2723934 290725.940544269
2857836877.78782 740894577846.105 -545183953624.416 14264.8036807799 -6293.77809987716 -22756327.2723977 292577.470948014
2858131372.3723 745062745944.542 -547021406531.598 14227.9988112698 -6266.72578556232 -22756327.272402 294494.584476655
2858427746.3861 749247399724.867 -548862950774.37 14191.2793505006 -6239.79670973537 -22756327.2724062 296374.013804036
2858726038.97467 753447890310.264 -550708285301.636 14154.6510641136 -6212.99452392802 -22756327.2724104 298292.588571461
2859026211.17849 757664659846.328 -552557589158.922 14118.1101428349 -6186.31586295372 -22756327.2724146 300172.20382088
2859328329.64895 761897045724.583 -554410556872.353 14081.662348933 -6159.76435516819 -22756327.2724187 302118.47045684
2859632353.20681 766145875157.622 -556267535601.185 14045.3005843339 -6133.33425812725 -22756327.2724228 304023.557862472
2859938295.04196 770410455878.43 -558128207697.165 14009.030802267 -6107.02933396837 -22756327.2724268 305941.835150996
2860246168.24497 774690862095.44 -559992591206.602 13972.852343493 -6080.84853052175 -22756327.2724308 307873.203004135
2860556040.93044 778987165526.783 -561860702932.649 13936.7645782693 -6054.79082491112 -22756327.2724347 309872.685471837
2860867870.59839 783300201682.745 -563732890787.021 13900.760528651 -6028.85063327105 -22756327.2724386 311829.66795105
2861181726.65363 787629263437.876 -565608832360.379 13864.8461399318 -6003.03169974573 -22756327.2724425 313856.055242946
2861497565.86062 791975198126.593 -567488879281.902 13829.0144276204 -5977.32846975935 -22756327.2724463 315839.206988893
2861815400.95402 796337290290.65 -569372706410.654 13793.271338089 -5951.74468132239 -22756327.2724501 317835.093399714
2862135244.54646 800715601496.382 -571260325485.237 13757.6163568772 -5926.27942938112 -22756327.2724539 319843.592438975
2862457109.33027 805110190638.399 -573151746974.58 13722.0489964628 -5900.93183471957 -22756327.2724576 321864.783809809
2862780949.72613 809521116729.259 -575046981285.675 13686.5687731415 -5875.70102726102 -22756327.2724613 323840.39586292
2863106835.94356 813947642327.392 -576945697370.58 13651.1815555084 -5850.59064592954 -22756327.2724649 325886.217426032
2863434839.36635 818390613815.581 -578848244021.537 13615.8805158182 -5825.59531708489 -22756327.2724685 328003.42279088
2863764854.81298 822850884428.004 -580754970559.87 13580.6589312571 -5800.70978610622 -22756327.2724721 330015.446626436
2864096953.60079 827326906522.55 -582665200148.938 13545.5290218654 -5775.94218316415 -22756327.2724757 332098.787809047
2864431146.52477 831819532645.365 -584579282207.248 13510.4840380192 -5751.28723655396 -22756327.2724792 334192.923983919
2864767446.79005 836328790599.192 -586497213262.917 13475.5237613026 -5726.74429853432 -22756327.2724826 336300.265284735
2865105804.77642 840854739906.984 -588419003279.815 13440.6477280662 -5702.31255414707 -22756327.2724861 338357.986368786
2865446354.97938 845396596859.929 -590344304962.018 13405.8619176884 -5677.9956934363 -22756327.2724895 340550.202955384
2865789047.3387 849956047313.196 -592273817516.936 13371.1534153237 -5653.78420812557 -22756327.2724929 342692.359324263
2866133895.32916 854532297969.282 -594207188903.189 13336.5283123615 -5629.68188522568 -22756327.2724962 344847.990458004
2866480910.28598 859125408458.701 -596144428828.712 13301.9861520854 -5605.68793508767 -22756327.2724996 347014.956815085
2866830039.58848 863735409008.958 -598085534518.576 13267.5267011944 -5581.80172832898 -22756327.2725029 349129.302508802
2867181357.58158 868361482794.029 -600030147399.299 13233.1559997202 -5558.02697459884 -22756327.2725061 351317.993100268
2867534942.67708 873004496850.877 -601978617299.456 13198.8675376267 -5534.35869763486 -22756327.2725093 353585.095499591
2867890741.4324 877665362397.314 -603931310158.462 13164.6546305881 -5510.79184169406 -22756327.2725125 355798.755311787
2868248702.09903 882343249475.499 -605887861774.504 13130.523414279 -5487.33019529245 -22756327.2725157 357960.666635411
2868608900.5879 887037358473.501 -607847922982.62 13096.4796519947 -5463.97725930251 -22756327.2725189 360198.488871925
2868971347.40552 891748565212.534 -609811844736.332 13062.5169203459 -5440.72817088431 -22756327.272522 362446.817613269
2869335989.53298 896476883916.038 -611779617333.432 13028.6350976589 -5417.5824068202 -22756327.272525 364642.127460958
2869702899.96921 901221502737.874 -613750888158.666 12994.8399249449 -5394.54343981683 -22756327.2725281 366910.436232917
2870072092.82456 905983251168.306 -615725987123.625 12961.1254131228 -5371.60674102339 -22756327.2725311 369192.855345666
2870443578.01412 910762188418.413 -617704923194.833 12927.491113485 -5348.77157539717 -22756327.2725341 371485.189566173
2870817365.22268 915558318566.926 -619687682453.107 12893.9369659804 -5326.03747599526 -22756327.2725371 373787.208556576
2871193394.19075 920371642259.673 -621674249602.355 12860.4629292442 -5303.4039913427 -22756327.27254 376028.968071159
2871571743.40171 925201262526.229 -623664239847.555 12827.0751432224 -5280.87483941216 -22756327.2725429 378349.2109548
2871952492.61412 930048066325.514 -625658004110.387 12793.7673726887 -5258.44538204665 -22756327.2725458 380749.212412207
2872335520.07709 934912947280.824 -627655893674.353 12760.5334771137 -5236.11108133543 -22756327.2725486 383027.462974944
2872720905.53846 939794224607.767 -629657202818.258 12727.3848855618 -5213.87920667534 -22756327.2725514 385385.461365472
2873108657.80591 944692792406.232 -631662283504.443 12694.3154202477 -5191.74519516401 -22756327.2725542 387752.267453383
2873498858.21171 949608636884.303 -633671114620.603 12661.325116475 -5169.70866570845 -22756327.272557 390200.405799356
2873891375.73973 954542659821.945 -635684048354.984 12628.4079119602 -5147.76517863682 -22756327.2725597 392517.528019563
2874286284.92161 959493078528.091 -637700342039.473 12595.5756320281 -5125.92221746411 -22756327.2725625 394909.181884414
2874683667.94171 964460710632.227 -639720314325.891 12562.8227244636 -5104.1756785397 -22756327.2725652 397383.020098815
2875083465.35646 969446460740.188 -641744316993.966 12530.143191303 -5082.52119501179 -22756327.2725678 399797.414747976
2875485691.83508 974449453599.042 -643771978686.046 12497.5427322663 -5060.96216202052 -22756327.2725705 402226.47862362
2875890354.8891 979469746399.318 -645803307401.951 12465.0208852805 -5039.49788413171 -22756327.2725731 404663.054013937
2876297461.72899 984507306299.553 -647838274690.509 12432.5777705288 -5018.12805370239 -22756327.2725757 407106.839888563
2876707027.11293 989562096615.688 -649876850679.139 12400.2135233096 -4996.85237459079 -22756327.2725782 409565.383941239
2877119127.52226 994634173943.261 -651919043157.951 12367.9276770871 -4975.67015767697 -22756327.2725807 412100.409332728
2877533700.46517 999724355236.062 -653965165199.777 12335.7149716147 -4954.5775826394 -22756327.2725833 414572.942912898
2877950901.24954 1004831738612.23 -656014838534.511 12303.5810449928 -4933.57797343835 -22756327.2725857 417200.7843611
2878370517.34955 1009958103829.7 -658068760846.925 12271.5146732855 -4912.66364015656 -22756327.2725883 419616.100012029
2878792784.32226 1015100709524.05 -660125818211.604 12239.5329208615 -4891.84534827254 -22756327.2725907 422266.972715374
2879217638.41919 1020262312409.19 -662187097774.939 12207.6185562503 -4871.11151912817 -22756327.2725931 424854.096924298
2879644933.61055 1025441995747.47 -664252216125.031 12175.7772546418 -4850.465501773 -22756327.2725955 427295.1913599
2880074827.47862 1030637852602.09 -666320398463.121 12144.0205899579 -4829.91443199862 -22756327.2725979 429893.868076096
2880507335.82776 1035851672887.69 -668392342892.263 12112.3374637742 -4809.45075990213 -22756327.2726003 432508.34913742
2880942464.40009 1041083514636.91 -670468056343.611 12080.7274585263 -4789.07387182648 -22756327.2726026 435128.572326407
2881380301.99598 1046333313536.02 -672547497213.943 12049.1908929923 -4768.78363135961 -22756327.2726049 437837.595890768
2881820697.63025 1051602003611.03 -674631018578.297 12017.7221268222 -4748.57607941364 -22756327.2726072 440395.634272616
2882263739.74168 1056887634477.27 -676717833278.792 11986.33272294 -4728.4583017192 -22756327.2726095 443042.111428001
2882709432.9818 1062191137904.69 -678808294333.995 11955.0170053433 -4708.42631204627 -22756327.2726117 445693.240121949
2883157707.56218 1067512436402.95 -680902355554.232 11923.7753289144 -4688.48000068627 -22756327.272614 448274.580381038
2883608652.91212 1072850567502.57 -682999623569.274 11892.6131857618 -4668.62252847728 -22756327.2726161 450945.34993726
2884062359.85753 1078206466860.99 -685100451423.776 11861.5249506816 -4648.84996737305 -22756327.2726183 453706.945407314
2884518757.83853 1083581076411.14 -687205192257.839 11830.5050828515 -4629.15847200241 -22756327.2726205 456397.981000669
2884978014.10761 1088973423444.56 -689313448883.791 11799.5591173546 -4609.55123644414 -22756327.2726226 459256.269079533
2885439968.95781 1094385343622.24 -691425921939.099 11768.6764782556 -4590.02125097591 -22756327.2726247 461954.85019977
2885904638.24594 1099814815069.21 -693541805366.361 11737.8686485729 -4570.5754685346 -22756327.2726268 464669.28813145
2886371934.73609 1105261891843.53 -695661105289.144 11707.1351679023 -4551.21327152957 -22756327.2726289 467296.490157876
2886842131.25968 1110725423174.01 -697783360095.24 11676.4823203486 -4531.93828336342 -22756327.272631 470196.523584655
2887315323.37958 1116208463144.98 -699909740458.407 11645.8928498502 -4512.73933880989 -22756327.272633 473192.119895685
2887791085.30908 1121711974331.21 -702040600259.271 11615.3614503438 -4493.61283482321 -22756327.2726351 475761.929501304
2888269664.42577 1127230868823.23 -704173954054.911 11584.9162138808 -4474.57605822193 -22756327.2726371 478579.116691822
2888751077.41141 1132767889536.31 -706310848867.028 11554.5417629643 -4455.61906149783 -22756327.2726391 481412.985636751
2889235419.75051 1138323091601.6 -708451290099.555 11524.2376763182 -4436.74127887318 -22756327.272641 484342.339103555
2889722441.61317 1143897434789.26 -710595630759.795 11493.9986423464 -4417.93911019938 -22756327.272643 487021.862660831
2890212506.56533 1149487909619.75 -712742698303.353 11463.8408141473 -4399.22229061991 -22756327.2726449 490064.952156146
2890705442.24104 1155098551032.62 -714894026594.216 11433.7422958643 -4380.5769338117 -22756327.2726468 492935.675714856
2891201232.87301 1160727239512.26 -717048785382.657 11403.7144112035 -4362.00977719235 -22756327.2726487 495790.631972473
2891700089.11133 1166373658284.71 -719206838144.798 11373.7586912158 -4343.52146942643 -22756327.2726506 498856.23832185
2892201559.00561 1172040061805.45 -721369029499.19 11343.8630989322 -4325.10430286955 -22756327.2726525 501469.894270199
2892706292.74763 1177721183594.17 -723533335633.217 11314.0552087474 -4306.77496115498 -22756327.2726543 504733.742026763
2893213915.14372 1183424248821.49 -725702493070.894 11284.2969822637 -4288.50976954125 -22756327.2726561 507622.396084338
2893724724.16082 1189144865915.21 -727874812874.872 11254.6113251108 -4270.32252991146 -22756327.272658 510809.017099409
2894238456.60153 1194886245012.12 -730051496561.396 11224.9815140636 -4252.20273011548 -22756327.2726598 513732.440712748
2894755010.21441 1200645279425.47 -732231348757.668 11195.4235178797 -4234.15987180228 -22756327.2726616 516553.612879443
2895274566.26083 1206420691622.18 -734413872388.346 11165.9436406646 -4216.19750335422 -22756327.2726633 519556.046425131
2895797346.99735 1212214374329.75 -736599768645.197 11136.5319928056 -4198.30930665724 -22756327.2726651 522780.736520104
2896323166.36216 1218028655175.12 -738789897807.495 11107.1767033767 -4180.48780706822 -22756327.2726669 525819.364808112
2896851918.93836 1223861313347.99 -740983405351.843 11077.8889309396 -4162.73952660709 -22756327.2726686 528752.576196831
2897383705.51271 1229711041792.97 -743179784976.26 11048.675036362 -4145.06804002173 -22756327.2726703 531786.57435167
2897918838.88901 1235578818921.66 -745379389599.318 11019.5299157916 -4127.4699794197 -22756327.272672 535133.376303695
2898457128.29737 1241467942445.2 -747583437098.373 10990.4371427297 -4109.93518231948 -22756327.2726737 538289.408352314
2898998379.49856 1247376154777.87 -749791063325.141 10961.4078610974 -4092.47013113193 -22756327.2726753 541251.201198439
2899542566.23356 1253301183521.2 -752001404076.437 10932.4530426519 -4075.08115784793 -22756327.272677 544186.73500021
2900090222.851 1259242611240.81 -754214290951.3 10903.5744257921 -4057.76901827549 -22756327.2726786 547656.617433959
2900640849.74269 1265206120851.02 -756431823140.196 10874.7442925498 -4040.51685108837 -22756327.2726802 550626.891696041
2901194637.11888 1271186120355.09 -758651903774.174 10845.9895822571 -4023.34053448239 -22756327.2726818 553787.376182057
2901751690.63088 1277184538110.61 -760875234580.674 10817.3007824495 -4006.23411707377 -22756327.2726834 557053.512007091
2902312029.54178 1283202369260.51 -763102167620.027 10788.6730047366 -3989.19443907351 -22756327.272685 560338.910898938
2902875450.22325 1289239668242.35 -765332705317.948 10760.1058986281 -3972.22105637522 -22756327.2726865 563420.681469498
2903442282.86197 1295294096263.25 -767565967918.679 10731.6103498402 -3955.32018580421 -22756327.2726881 566832.638715559
2904012185.16061 1301369052156.42 -769803192529.072 10703.1702181639 -3938.48201294896 -22756327.2726896 569902.29863982
2904585718.64352 1307460719518.11 -772042957457.804 10674.8032093588 -3921.71677778977 -22756327.2726911 573533.482916178
2905162358.07452 1313574944222.47 -774287394082.02 10646.4820124645 -3905.00811250651 -22756327.2726926 576639.430999405
2905742300.73451 1319705970065.84 -776534371301.238 10618.2332026806 -3888.37147119924 -22756327.2726941 579942.659981266
2906325656.24717 1325855752616.35 -778784591111.714 10590.0475397498 -3871.80116160412 -22756327.2726956 583355.512666262
2906912211.07232 1332025300277.61 -781038405163.717 10561.9202783461 -3855.29416640757 -22756327.2726971 586554.825148239
2907502309.36556 1338212205911.95 -783294918014.048 10533.8622164255 -3838.8565867902 -22756327.2726985 590098.293244916
2908095643.95091 1344419946335.32 -785555380718.592 10505.8574460752 -3822.4788763636 -22756327.2726999 593334.585341553
2908692087.19231 1350645136180.21 -787818543442.467 10477.9211006315 -3806.16966077792 -22756327.2727013 596443.241401575
2909292172.69252 1356886301530.44 -790083857521.579 10450.0594820507 -3789.93236287382 -22756327.2727027 600085.500216566
2909895588.11909 1363148875141.24 -792353278543.945 10422.248163238 -3773.75251944441 -22756327.2727041 603415.426567217
2910502782.17222 1369429438300.3 -794625549572.225 10394.5022205405 -3757.63868923059 -22756327.2727055 607194.053130099
2911113288.90593 1375732497388.58 -796902281975.668 10366.8016744343 -3741.57906491164 -22756327.2727069 610506.733712985
2911727126.39329 1382053053408.76 -799181651483.953 10339.1684034392 -3725.58612488386 -22756327.2727082 613837.487352727
2912344655.09206 1388391150823.2 -801463659884.031 10311.6019506842 -3709.6593676866 -22756327.2727096 617528.698776367
2912965399.02976 1394750354105.18 -803749573152.865 10284.0866716589 -3693.78954265977 -22756327.2727109 620743.937699758
2913589720.73661 1401125610072.88 -806037558740.792 10256.6442377209 -3677.98892918611 -22756327.2727122 624321.706850151
2914217484.3936 1407520495957.29 -808328885639.878 10229.2590066308 -3662.24829305065 -22756327.2727135 627763.656991644
2914849059.45057 1413933466073.47 -810622983425.492 10201.9374202679 -3646.57112378696 -22756327.2727148 631575.056966634
2915483861.3177 1420368131452.84 -812921125476.824 10174.6639827829 -3630.94833095068 -22756327.2727161 634801.867126181
2916122712.49339 1426818382747.06 -815221113609.707 10147.4643939402 -3615.39442294887 -22756327.2727174 638851.175688667
2916765022.42422 1433292415294.43 -817525852031.829 10120.3039658533 -3599.8893648281 -22756327.2727187 642309.930831858
2917410907.68555 1439784073883.41 -819833129703.669 10093.2084558351 -3584.44767567176 -22756327.2727199 645885.261331154
2918060388.17897 1446294386356.03 -822143296566.084 10066.1733413344 -3569.06656303748 -22756327.2727212 649480.493419333
2918713582.81578 1452823398339.91 -824456352497.924 10039.1982336726 -3553.74559883787 -22756327.2727224 653194.636811025
2919370512.83582 1459372145561.39 -826772647179.389 10012.2786871439 -3538.48205899745 -22756327.2727236 656930.020041747
2920031399.53442 1465940676610.54 -829092179607.934 9985.41436767905 -3523.27556278146 -22756327.2727248 660886.698601106
2920695897.33735 1472531031039.13 -831415650021.474 9958.5968619281 -3508.12116985962 -22756327.272726 664497.802922035
2921363756.00021 1479139595623.38 -833741765914.058 9931.84074989082 -3493.02693327976 -22756327.2727272 667858.662863528
2922035466.12802 1485763739339.12 -836069587899.333 9905.15636790125 -3477.99846353097 -22756327.2727284 671710.127814756
2922710877.31524 1492408177229.62 -838400757809.332 9878.52446949379 -3463.02471409487 -22756327.2727295 675411.187220636
2923390111.65662 1499071257808.8 -840734678491.135 9851.95151359438 -3448.10912848088 -22756327.2727307 679234.341379916
2924072913.37141 1505754023964.72 -843071698015.806 9825.43316059512 -3433.24908063914 -22756327.2727318 682801.714783913
2924759301.19562 1512453803800.85 -845410866142.606 9798.979783044 -3418.45018519304 -22756327.272733 686387.824214976
2925449780.86763 1519170636132.51 -847752182789.093 9772.59091935106 -3403.71197310025 -22756327.2727341 690479.672005401
2926144197.19322 1525909305120.51 -850097297841.829 9746.24760656634 -3389.02367073046 -22756327.2727352 694416.325590676
2926842572.61656 1532668118389.31 -852445601951.344 9719.95638211239 -3374.38875842706 -22756327.2727363 698375.423343503
2927544643.4519 1539447122863.96 -854797092418.181 9693.71693463747 -3359.80689017266 -22756327.2727374 702070.835341962
2928250822.06291 1546243597930.72 -857150808765.396 9667.539587525 -3345.28361711097 -22756327.2727385 706178.611003972
2928960842.55454 1553061369588.34 -859508058285.195 9641.40942742509 -3330.81048656288 -22756327.2727395 710020.491634051
2929674831.5242 1559897700037.37 -861867875736.877 9615.33679996055 -3316.39305715657 -22756327.2727406 713988.969653092
2930392517.94282 1566753643909.67 -864230607926.452 9589.31748640972 -3302.02881671404 -22756327.2727417 717686.418622633
2931114429.19271 1573626440977.2 -866595287784.783 9563.36171738066 -3287.72322639198 -22756327.2727427 721911.24989555
2931840292.7169 1580520974875.03 -868963577959.906 9537.45086245354 -3273.46584341618 -22756327.2727437 725863.52418646
2932570429.20883 1587434466872.58 -871334504523.762 9511.59523462627 -3259.26217993021 -22756327.2727448 730136.491930143
2933304262.61026 1594369794858.16 -873709034897.82 9485.78394148265 -3245.10609110238 -22756327.2727458 733833.40142696
2934042330.65171 1601321321329.97 -876085221670.928 9460.0377584964 -3231.00879739261 -22756327.2727468 738068.041454747
2934784244.47546 1608293976903.92 -878464733576.146 9434.33819823878 -3216.95999990305 -22756327.2727478 741913.823743582
2935530242.49713 1615283919905.43 -880846241987.749 9408.6992230594 -3202.9671619152 -22756327.2727488 745998.021677385
2936280039.22728 1622293235256.95 -883230441092.461 9383.11294058068 -3189.0257993413 -22756327.2727498 749796.730149676
2937034183.99827 1629319081936.39 -885616348968.642 9357.58945660554 -3175.14123971345 -22756327.2727507 754144.770983283
2937792591.1927 1636366439625.04 -888005639296.33 9332.11047159257 -3161.30336093774 -22756327.2727517 758407.194428824
2938555082.25757 1643434323726.74 -890397957531.028 9306.67943895066 -3147.51389158622 -22756327.2727527 762491.064870763
2939321363.84514 1650520896804.71 -892792663337.078 9281.30278888016 -3133.7761588704 -22756327.2727536 766281.587576358
2940092314.10353 1657623277971.53 -895188768695.708 9255.9905348923 -3120.09540329344 -22756327.2727546 770950.258385484
2940867321.2992 1664749430676.35 -897588941441.25 9230.71412225705 -3106.4560362362 -22756327.2727555 775007.195668202
2941646841.50294 1671893515528.69 -899991194232.006 9205.49414243902 -3092.86902468552 -22756327.2727564 779520.203742457
2942430463.74121 1679059558625.53 -902396861788.933 9180.31621398266 -3079.32646889684 -22756327.2727573 783622.238267768
2943217998.36715 1686243603189.86 -904804596631.576 9155.19407125411 -3065.83560580874 -22756327.2727582 787534.625943756
2944009906.11423 1693443755449.83 -907213749706.924 9130.13402312235 -3052.39964764721 -22756327.2727592 791907.747078102
2944806326.25239 1700664063315.16 -909625659256.427 9105.12172065898 -3039.010736601 -22756327.27276 796420.138164522
2945606837.8622 1707905610609.34 -912040666859.535 9080.15327407427 -3025.6666499454 -22756327.2727609 800511.609802073
2946411693.30621 1715164395617.85 -914457419884.251 9055.24227382159 -3012.37449853098 -22756327.2727618 804855.444012514
2947220916.15548 1722442539507.79 -916876607987.572 9030.38118710563 -2999.13010343221 -22756327.2727627 809222.849268542
2948034646.92884 1729740078898.06 -919298224949.775 9005.56968697746 -2985.93314158045 -22756327.2727635 813730.773360702
2948852910.73851 1737058099325.09 -921722611639.359 8980.80390649799 -2972.78141319883 -22756327.2727644 818263.809669651
2949675391.65983 1744396639809.4 -924149760661.068 8956.08356281147 -2959.67463087906 -22756327.2727652 822480.921323063
2950502229.54422 1751752691955.7 -926578659104.687 8931.41856851362 -2946.61790150023 -22756327.2727661 826837.884390578
2951333566.13795 1759127338991.06 -929009648272.414 8906.80502494861 -2933.60900548572 -22756327.2727669 831336.593730646
2952169545.15104 1766521668138.03 -931443068356.896 8882.23908690663 -2920.64576509149 -22756327.2727678 835979.013085647
2953010192.50806 1773936771056.3 -933879258578.487 8857.71696030101 -2907.72604285913 -22756327.2727686 840647.357027189
2953855302.58346 1781372685889.39 -936318210460.381 8833.2383761338 -2894.84956728117 -22756327.2727694 845110.075399816
2954704899.06833 1788827409581.59 -938759247570.869 8808.80973980053 -2882.01957087509 -22756327.2727702 849596.484866108
2955558650.39166 1796300974565.05 -941202362666.332 8784.43071145863 -2869.2357312523 -22756327.272771 853751.323328338
2956417177.36528 1803790299786.15 -943646533136.728 8760.11104026791 -2856.50300572871 -22756327.2727718 858526.973620288
2957280628.94113 1811300657198.58 -946093462246.861 8735.83335421638 -2843.81215411842 -22756327.2727726 863451.575853851
2958148064.4688 1818833148786.29 -948543486497.614 8711.59397798788 -2831.16113661677 -22756327.2727734 867435.527666798
2959020599.11992 1826379397323.35 -950993864483.782 8687.4195966069 -2818.56373441108 -22756327.2727741 872534.651121582
2959897895.60925 1833948927622.1 -953447671441.204 8663.2794490801 -2806.00377702125 -22756327.2727749 877296.489331971
2960779611.23649 1841538609780.13 -955903869852.812 8639.18340613772 -2793.48628531403 -22756327.2727757 881715.62723968
2961666138.80691 1849145300784.28 -958361424748.024 8615.14120010432 -2781.01617691055 -22756327.2727764 886527.570420492
2962556884.35033 1856772210351.48 -960821355189.467 8591.14244102465 -2768.58792594692 -22756327.2727771 890745.543416783
2963452492.9679 1864414057568.14 -963281941615.672 8567.20345749808 -2756.20984507047 -22756327.2727779 895608.617571793
2964353369.34064 1872076205063.63 -965744894315.685 8543.30716407152 -2743.87295793865 -22756327.2727786 900876.372741305
2965258658.19675 1879761906504.62 -968211235653.925 8519.44330565519 -2731.57186146073 -22756327.2727793 905288.856112566
2966168507.91456 1887463673917.55 -970678542630.399 8495.63493596066 -2719.3183155186 -22756327.2727801 909849.717801784
2967083195.99732 1895182604535.86 -973147151796.384 8471.87833567904 -2707.1102596944 -22756327.2727808 914688.082767842
2968002748.17434 1902920873254.37 -975617741024.948 8448.1665509702 -2694.94398760341 -22756327.2727815 919552.17701104
2968927190.31169 1910678508534.12 -978090299859.919 8424.49927897576 -2682.81922000452 -22756327.2727822 924442.13735357
2969856677.57119 1918455538531.34 -980564817624.541 8400.87621883546 -2670.73568008408 -22756327.2727829 929487.259501195
2970791367.2508 1926253073089.48 -983041626811.811 8377.29380643952 -2658.69142705671 -22756327.2727835 934689.679613848
2971730762.79186 1934072226267.19 -985521058777.112 8353.74852255613 -2646.68455458287 -22756327.2727842 939395.541052323
2972674621.28996 1941908651562.22 -988001715308.662 8330.25324128271 -2634.72150825873 -22756327.2727849 943858.498102232
2973623894.31487 1949760157159.17 -990482887882.882 8306.81419265202 -2622.8053188333 -22756327.2727856 949273.024912894
2974578210.35056 1957634469209.41 -992966998794.699 8283.40807787479 -2610.92402043018 -22756327.2727863 954316.035691887
2975537192.12932 1965528297045.58 -995452986995.747 8260.04452933187 -2599.08239790895 -22756327.2727869 958981.778759981
2976501127.23978 1973438338366.01 -997939794848.742 8236.73304544999 -2587.28513900751 -22756327.2727876 963935.110456831
2977470584.16894 1981366787744.17 -1000428095476.59 8213.4668625657 -2575.52869168081 -22756327.2727882 969456.929157256
2978444914.75432 1989318114543.1 -1002919269257.11 8190.23269443838 -2563.80623675418 -22756327.2727889 974330.585378941
2979424412.29778 1997286799918.6 -1005411565591.88 8167.04647636488 -2552.12570586919 -22756327.2727895 979497.543466389
2980408822.60212 2005275053319.69 -1007905656597.98 8143.90152650421 -2540.48361440926 -22756327.2727901 984410.304334257
2981398588.9453 2013280611883.21 -1010400816818.64 8120.80414740753 -2528.88301497335 -22756327.2727908 989766.343183193
2982393319.55347 2021306885158.73 -1012898088983.97 8097.74426893228 -2517.31873692435 -22756327.2727914 994730.608169417
2983393175.62674 2029350499990.45 -1015396403518.6 8074.73134999386 -2505.79541197462 -22756327.272792 999856.073273017
2984397894.69107 2037412572663.74 -1017896088828.74 8051.76192379059 -2494.3111859589 -22756327.2727926 1004719.06433201
2985408494.88819 2045490803991.91 -1020396414611.49 8028.84224724834 -2482.86906627196 -22756327.2727932 1010600.1971134
2986423580.70232 2053593172324.28 -1022899828160.59 8005.94949113399 -2471.45755407863 -22756327.2727938 1015085.81413579
2987444452.06828 2061708295373.18 -1025402793216.07 7983.11556262851 -2460.09244269435 -22756327.2727944 1020871.36596009
2988471002.54549 2069846375887.33 -1027908438070.17 7960.31147987889 -2448.75919241267 -22756327.272795 1026550.47720636
2989502248.5613 2078006335875.44 -1030416404765.55 7937.54014818688 -2437.45916205058 -22756327.2727956 1031246.01581339
2990538490.75829 2086180165775.63 -1032924212793.9 7914.82364617196 -2426.20319527613 -22756327.2727961 1036242.19698946
2991580336.57455 2094370081530.11 -1035432527874.18 7892.15544371855 -2414.98792695324 -22756327.2727967 1041845.81626008
2992627957.68417 2102580687012.16 -1037942740254.96 7869.52254361928 -2403.80681923148 -22756327.2727973 1047621.10961587
2993680489.49431 2110813112681.68 -1040455171034.18 7846.9216717176 -2392.65816556552 -22756327.2727979 1052531.81013912
2994738998.53068 2119060366404.7 -1042967666449.89 7824.37176711253 -2381.55120231235 -22756327.2727984 1058509.03636906
2995802921.88068 2127330601285.03 -1045482689429.99 7801.85029952983 -2370.47473046188 -22756327.272799 1063923.35000472
2996872430.80523 2135619199379.88 -1047998811784.51 7779.36966508724 -2359.43475639704 -22756327.2727995 1069508.92454977
2997947096.67484 2143927289308.88 -1050516355010.14 7756.92656519989 -2348.42956030472 -22756327.2728001 1074665.86960503
2999027088.56467 2152251345441.22 -1053034231496.52 7734.53024750978 -2337.46357080033 -22756327.2728006 1079991.88983488
3000112577.66396 2160592491078.92 -1055552763612.66 7712.17737503832 -2326.5350418692 -22756327.2728012 1085489.0992888
3001204204.20338 2168951851577.57 -1058072271815.97 7689.86465423691 -2315.64225873179 -22756327.2728017 1091626.53941599
3002300919.1812 2177334134380.7 -1060594150759.26 7667.57933506316 -2304.77891014176 -22756327.2728022 1096714.97782296
3003403363.39187 2185731076176.86 -1063115892972.54 7645.34314505728 -2293.95549131827 -22756327.2728027 1102444.21066973
3004511093.44341 2194147389470.07 -1065638895097.48 7623.14330750558 -2283.16567766751 -22756327.2728033 1107730.05154659
3005624429.63509 2202579489933.48 -1068162063018.78 7600.9889978971 -2272.41382744821 -22756327.2728038 1113336.19167235
3006743400.33915 2211029621382.14 -1070686049522.95 7578.87402160092 -2261.69683013829 -22756327.2728043 1118970.70405999
3007868182.83708 2219497794201.42 -1073210837135.63 7556.7980874071 -2251.01444773032 -22756327.2728048 1124782.49793315
3008998657.77631 2227985139228.73 -1075736741404.26 7534.75800078244 -2240.36504155552 -22756327.2728053 1130474.93923292
3010135154.41429 2236490544119.2 -1078263409548.67 7512.75640407312 -2229.74979638482 -22756327.2728058 1136496.63797559
3011277704.82678 2245016268451.28 -1080791490031.43 7490.78722306628 -2219.16569351406 -22756327.2728063 1142550.41248968
3012425357.04364 2253562324272.96 -1083320961680.46 7468.85023102135 -2208.61254259961 -22756327.2728068 1147652.21686084
3013579426.89134 2262121393703.19 -1085849639627.55 7446.96390836599 -2198.09913387558 -22756327.2728073 1154069.84770463
3014739644.12075 2270703081743.41 -1088380340669.97 7425.10342409258 -2187.61344632147 -22756327.2728077 1160217.22940209
3015904046.13265 2279305137193.69 -1090912373940.56 7403.2743500074 -2177.15807994512 -22756327.2728082 1164402.01190729
3017075267.72058 2287912841423.91 -1093441393689.52 7381.51362863139 -2166.75061211924 -22756327.2728087 1171221.5879276
3018252026.90408 2296545483231.12 -1095973050007.16 7359.77215539561 -2156.36745392956 -22756327.2728091 1176759.18349477
3019434504.24978 2305193381737.51 -1098504478743.21 7338.07410872583 -2146.02007492232 -22756327.2728096 1182477.345701
3020622882.52557 2313857668915.1 -1101035993016.41 7316.41632394895 -2135.70686691349 -22756327.2728101 1188378.27579538
3021818534.81173 2322539478055.27 -1103567903745.05 7294.79567647548 -2125.42624983567 -22756327.2728105 1195652.28615389
3023019840.20304 2331248584963.03 -1106103032648.03 7273.18768132503 -2115.16651769333 -22756327.272811 1201305.39131174
3024227140.48225 2339972936684.96 -1108637843724.05 7251.62207042536 -2104.94171895761 -22756327.2728114 1207300.27921543
3025439736.31424 2348714811516.51 -1111172979263.87 7230.09290434503 -2094.74894472214 -22756327.2728119 1212595.83198915
3026659017.50635 2357468954247.17 -1113706897912.92 7208.61277822286 -2084.59405865694 -22756327.2728123 1219281.19211202
3027883330.67511 2366245185621.79 -1116242421108.28 7187.15731014923 -2074.46544702805 -22756327.2728128 1224313.16875537
3029114393.80475 2375031401401.85 -1118776032362.47 7165.75577741265 -2064.37683924519 -22756327.2728132 1231063.12964124
3030351493.12145 2383839726123.4 -1121311208305.9 7144.37833329216 -2054.31407482412 -22756327.2728136 1237099.31669903
3031594338.79113 2392664816906.63 -1123846385853.59 7123.03772166492 -2044.28307936482 -22756327.272814 1242845.66968464
3032844360.57889 2401504403495.06 -1126380893613.95 7101.73910919932 -2034.2861903251 -22756327.2728145 1250021.78775315
3034100188.74478 2410368416787.07 -1128917553355.92 7080.45834472409 -2024.31200026685 -22756327.2728149 1255828.16589529
3035362498.11219 2419246904753.71 -1131453491285.65 7059.21909768035 -2014.37153200317 -22756327.2728153 1262309.36741091
3036630670.93382 2428144422375.96 -1133989986947.08 7038.01017825701 -2004.45946514763 -22756327.2728157 1268172.82162536
3037905061.8999 2437056398593.52 -1136525715613.36 7016.84218962429 -1994.58067269839 -22756327.2728161 1274390.96608004
3039185701.49943 2445985118462.65 -1139061307575.18 6995.709382968 -1984.73238473034 -22756327.2728165 1280639.59953416
3040471836.23964 2454930576796.6 -1141596739458.61 6974.61147873024 -1974.91439022172 -22756327.2728169 1286134.7402088
3041764939.27894 2463887315316.92 -1144130446664.81 6953.56099128634 -1965.13242012874 -22756327.2728173 1293103.03929586
3043065048.37168 2472865376379.09 -1146665248529.78 6932.53401720515 -1955.37528567843 -22756327.2728177 1300109.09274151
3044370736.14742 2481864758566.88 -1149201114737.71 6911.53038171854 -1945.64284880884 -22756327.2728181 1305687.77573678
3045683833.15069 2490875362817.3 -1151735177816.3 6890.57335343556 -1935.94581184627 -22756327.2728185 1313097.00327238
3047004044.53503 2499909591342.71 -1154270901856.25 6869.63381325413 -1926.27062743596 -22756327.2728189 1320211.38434231
3048329920.85998 2508965137851.06 -1156807607207.03 6848.71695384742 -1916.61964499792 -22756327.2728193 1325876.32495469
3049662161.03699 2518031838413.23 -1159342424514.81 6827.84595009752 -1907.00347976039 -22756327.2728197 1332240.17700311
3051001961.11521 2527114274850.91 -1161876617048.9 6807.00988734199 -1897.4170134859 -22756327.27282 1339800.07821909
3052346686.89919 2536220345272.61 -1164412360335.54 6786.19042593052 -1887.85174776737 -22756327.2728204 1344725.78398043
3053699387.6833 2545331936088.28 -1166944590437.08 6765.42864046234 -1878.32647136975 -22756327.2728208 1352700.78411317
3055057402.08952 2554469486728.13 -1169478965742.25 6744.67764533286 -1868.81959707615 -22756327.2728212 1358014.40621486
3056422622.49466 2563614786248.88 -1172010411278.21 6723.97851159438 -1859.34987049129 -22756327.2728215 1365220.40514324
3057793548.56917 2572780370200.9 -1174542377459.88 6703.30251690998 -1849.90406883214 -22756327.2728219 1370926.07451141
3059171749.15548 2581955946265.79 -1177071999564.57 6682.67255599105 -1840.49257493734 -22756327.2728222 1378200.58631232
3060556055.0001 2591151793851.04 -1179602089867.31 6662.06519425674 -1831.10462198268 -22756327.2728226 1384305.84461947
3061948055.764 2600359878972.37 -1182130414232.52 6641.49813848269 -1821.74820642249 -22756327.2728229 1392000.76390093
3063346222.91929 2609590531407.48 -1184659783156.55 6620.94804438015 -1812.41264390896 -22756327.2728233 1398167.15528965
3064752162.04451 2618833369911.05 -1187187326026.71 6600.43775152732 -1803.10824625078 -22756327.2728236 1405939.12522227
3066164329.30634 2628098761855.2 -1189715851758.63 6579.94398150635 -1793.82439005293 -22756327.272824 1412167.26182942
3067582752.29466 2637376285520.6 -1192242489979.33 6559.48951271107 -1784.57133154238 -22756327.2728243 1418422.9883122
3069007813.32115 2646665922071.39 -1194767217861.07 6539.07400259504 -1775.34883200996 -22756327.2728247 1425061.02649633
3070439543.451 2655969963552.96 -1197290638543.29 6518.69205545118 -1766.15437595724 -22756327.272825 1431730.12985022
3071879592.66101 2665288389184.08 -1199812724501.84 6498.34338320219 -1756.98776100689 -22756327.2728253 1440049.21001102
3073326740.28101 2674631663878.53 -1202336277231.32 6478.00490864143 -1747.8385412386 -22756327.2728257 1447147.61999173
3074780660.36678 2683991581645.14 -1204859047332.6 6457.69429226111 -1738.71461626579 -22756327.272826 1453920.08577854
3076241384.61262 2693365796396.06 -1207380378158.25 6437.41631368852 -1729.61806725941 -22756327.2728263 1460724.24583911
3077708026.89638 2702754284421.29 -1209900240829.72 6417.17068931592 -1720.548697029 -22756327.2728266 1466642.28376111
3079182627.65426 2712151149096.07 -1212417035022.96 6396.96974146774 -1711.51194454293 -22756327.2728269 1474600.75787775
3080664497.13648 2721569228239.86 -1214934175368.83 6376.78554893373 -1702.49525322425 -22756327.2728273 1481869.48221336
3082152370.32529 2731003841134.27 -1217450379954.62 6356.6279012678 -1693.50294714694 -22756327.2728276 1487873.18881039
3083647003.98382 2740446718470.19 -1219963423259.66 6336.51409722417 -1684.54266907316 -22756327.2728279 1494633.65852965
3085149748.00669 2749902463959.71 -1222474513297.49 6316.43392701972 -1675.60979020183 -22756327.2728282 1502744.02287478
3086659320.0681 2759379355901.17 -1224985820092.59 6296.36953272394 -1666.69631191384 -22756327.2728285 1509572.06140578
3088176121.3874 2768869044573.24 -1227495102486.48 6276.33831343686 -1657.80990989459 -22756327.2728288 1516801.31930529
3089701153.35993 2778373816757.07 -1230002941574.7 6256.33510548337 -1648.94822848959 -22756327.2728291 1525031.97252826
3091231773.87184 2787899670933.73 -1232510889146.44 6236.34702631703 -1640.105512442 -22756327.2728294 1530620.51191106
3092771079.02904 2797429877065.46 -1235014518629.5 6216.40882208203 -1631.29706536086 -22756327.2728297 1539305.15720201
3094317755.83431 2806983473503.97 -1237518807352.38 6196.48032561012 -1622.50507896584 -22756327.27283 1546676.80526835
3095871839.59007 2816552019636.2 -1240021509274.42 6176.57890465671 -1613.73717361481 -22756327.2728302 1554083.75575342
3097431995.79956 2826135481432.46 -1242522589058.81 6156.70431290617 -1604.99318335739 -22756327.2728305 1560156.20949786
3099001389.60075 2835725416701.1 -1245019824138.69 6136.87366528903 -1596.28056541079 -22756327.2728308 1569393.80118968
3100578299.14288 2845341014434.02 -1247518182481.5 6117.04698537282 -1587.58170441889 -22756327.2728311 1576909.54212365
3102161370.32862 2854971416510.64 -1250014806531.47 6097.24643934511 -1578.90629033473 -22756327.2728314 1583071.18574052
3103751010.75844 2864608137173.62 -1252507476603.48 6077.48908106139 -1570.26172432974 -22756327.2728317 1589640.42982114
3105350455.01506 2874253470382.11 -1254996771425.11 6057.76976173864 -1561.64567226697 -22756327.2728319 1599444.25661978
3106956536.45882 2883926748139.85 -1257487646520.62 6038.04870028788 -1553.04071179778 -22756327.2728322 1606081.44375938
3108570057.83703 2893608523604.89 -1259975060413.86 6018.36528402449 -1544.46398877954 -22756327.2728325 1613521.37821149
3110190664.7208 2903303411391.4 -1262460177489.16 5998.70974537244 -1535.91118046929 -22756327.2728328 1620606.88376788
3111818388.22492 2913009044973.55 -1264942367727.62 5979.08651647361 -1527.38415374151 -22756327.272833 1627723.50412055
3113455098.29046 2922725384117.71 -1267421599305.84 5959.49529371423 -1518.8827114378 -22756327.2728333 1636710.06553898
3115097550.93304 2932463309442.89 -1269900617200.38 5939.91384327303 -1510.39716044489 -22756327.2728336 1642452.6425804
3116748006.82179 2942203279826.36 -1272374422797.6 5920.38109380133 -1501.94431066977 -22756327.2728338 1650455.8887506
3118406108.20304 2951958490673.11 -1274846348915.15 5900.87016646561 -1493.51245997283 -22756327.2728341 1658101.38124795
3120072289.0827 2961726561812.14 -1277315763994.11 5881.38549348161 -1485.10347365118 -22756327.2728343 1666180.8796671
3121746588.83009 2971509783078.51 -1279783218280.06 5861.9221781805 -1476.71518885422 -22756327.2728346 1674299.74738867
3123429448.41915 2981308105767.55 -1282248668576.58 5842.48000595244 -1468.34746813015 -22756327.2728348 1682859.58905756
3125120508.14696 2991123817602.51 -1284712657313.05 5823.05414285859 -1459.99819059707 -22756327.2728351 1691059.72780855
3126819807.97067 3000954526150.48 -1287174550507.78 5803.64902762376 -1451.6692240674 -22756327.2728353 1699299.82371104
3128525880.14252 3010800179576.77 -1289634303634.26 5784.26444708751 -1443.36043346086 -22756327.2728356 1706072.17185084
3130239156.72272 3020652032089.24 -1292089707769.9 5764.91723816541 -1435.07897749561 -22756327.2728358 1713276.58020555
3131961602.0637 3030512367791.83 -1294541313769.96 5745.60248540617 -1426.82268378603 -22756327.2728361 1722445.34097225
3133692853.39023 3040392212498.23 -1296991832339.26 5726.29826122399 -1418.58213444242 -22756327.2728363 1731251.32653429
3135431415.45175 3050289160342 -1299440627969.91 5707.00899970665 -1410.35919293902 -22756327.2728366 1738562.06152357
3137175778.58704 3060194393186.09 -1301885489837.85 5687.75153783585 -1402.16098901019 -22756327.2728368 1744363.13528226
3138929892.78984 3070099127200.01 -1304324236582.11 5668.54247673346 -1393.99451326631 -22756327.272837 1754114.20280325
3140691829.61739 3080025538648 -1306762302720.85 5649.33842926928 -1385.84126693859 -22756327.2728373 1761936.82754741
3142461623.95535 3089962404808.51 -1309196895794.49 5630.16080668331 -1377.71030621949 -22756327.2728375 1769794.3379665
3144237738.58293 3099909668041.19 -1311627975631.39 5611.00933963704 -1369.60146457479 -22756327.2728377 1776114.62757349
3146024625.27198 3109858477793.61 -1314053360987.7 5591.90062671637 -1361.52170366664 -22756327.2728379 1786886.68905604
3147820323.43782 3119833477176.17 -1316479026539.88 5572.78700338738 -1353.45083006073 -22756327.2728382 1795698.16583609
3149622854.30876 3129823357742.21 -1318902176773.92 5553.68989605647 -1345.39787449081 -22756327.2728384 1802530.87094039
3151434273.8009 3139816861091.57 -1321320055672.77 5534.63043106276 -1337.37169238656 -22756327.2728386 1811419.49214501
3153254625.74573 3149825134133.25 -1323735334780.06 5515.58695299612 -1329.36311173571 -22756327.2728388 1820351.9448247
3155083954.19085 3159848108449.54 -1326147961597.15 5496.55926919242 -1321.37201768474 -22756327.272839 1829328.44512076
3155760000 3169885714379.18 -1328557883118.73 5477.54718718065 -1313.39829597008 -22756327.2728393 676045.809150219
