0 1556958000000 0 -11000 2000 -22756327.2740819
1304033.05785124 1542566789694.9 2608039755.8884 -11072.0719436159 1999.93907349784 -22756327.2728453
2608066.11570248 1528080712634.85 5215918361.7451 -11145.5052239976 1999.75166847184 -22756327.2715003
3912099.17355372 1513497962751.94 7823466187.58758 -11220.3475326283 1999.43050135536 -22756327.2700356
5216132.23140496 1498816670218.18 10430503790.1273 -11296.648993364 1998.96779865862 -22756327.2684383
6520165.2892562 1484034898168.11 13036841248.2522 -11374.4623263656 1998.35525702769 -22756327.2666942
7824198.34710744 1469150639198.85 15642277443.9329 -11453.8430258441 1997.58399941253 -22756327.2647871
9128231.40495868 1454161811628.52 18246599283.1957 -11534.8495530233 1996.64452689914 -22756327.2626988
10432264.4628099 1439066255492.34 20849580851.1849 -11617.5435458908 1995.52666570245 -22756327.2604087
11736297.5206612 1423861728253.29 23450982494.6416 -11701.9900475018 1994.21950874863 -22756327.2578936
13040330.5785124 1408545900201.9 26050549824.3271 -11788.2577548147 1992.71135119806 -22756327.255127
14344363.6363636 1393116349516.93 28648012629.0203 -11876.4192902893 1990.98961916973 -22756327.2520787
15648396.6942149 1377570556955.73 31243083691.6837 -11966.5514987621 1989.04079082383 -22756327.2487146
16952429.7520661 1361905900139.44 33835457497.2195 -12058.7357724412 1986.85030883835 -22756327.2449952
18256462.8099174 1346119647394.33 36424808819.889 -12153.0584072385 1984.4024831741 -22756327.2408759
19560495.8677686 1330208951106.09 39010791176.9228 -12249.6109940925 1981.68038285886 -22756327.2363049
20864528.9256198 1314170840538.74 41593035133.0701 -12348.4908494376 1978.66571532826 -22756327.231223
22168561.9834711 1298002214064.18 44171146438.7896 -12449.8014895551 1975.33869163592 -22756327.2255618
23472595.0413223 1281699830741.63 46744703982.41 -12553.6531542192 1971.67787557938 -22756327.2192419
24776628.0991736 1265260301178.78 49313257533.8464 -12660.16338584 1967.66001447518 -22756327.2121714
26080661.1570248 1248680077597.66 51876325254.2663 -12769.4576712244 1963.25984894549 -22756327.2042435
27384694.214876 1231955443018.51 54433390942.3808 -12881.670154157 1958.44989863825 -22756327.195333
28688727.2727273 1215082499463.08 56983900983.6896 -12996.9444282713 1953.20022027792 -22756327.1852937
29992760.3305785 1198057155065.84 59527260963.9164 -13115.4344211801 1947.47813381665 -22756327.1739539
31296793.3884298 1180875109965.94 62062831901.8753 -13237.3053826035 1941.24791170303 -22756327.1611108
32600826.446281 1163531840834.8 64589926049.9418 -13362.7349913401 1934.47042537912 -22756327.1465247
33904859.5041322 1146022583873.53 67107802201.9277 -13491.9145984331 1927.10274202057 -22756327.1299108
35208892.5619835 1128342316089.43 69615660438.2151 -13625.0506268836 1919.09766320462 -22756327.1109295
36512925.6198347 1110485734632.43 72112636226.1344 -13762.3661518689 1910.4031955691 -22756327.0891742
37816958.677686 1092447233938.02 74597793779.3671 -13904.1026897682 1900.96194154042 -22756327.0641561
39120991.7355372 1074220880383.22 77070118563.0701 -14050.5222295652 1890.71039576606 -22756327.0352847
40425024.7933884 1055800384114.1 79528508810.7845 -14201.9095466008 1879.57812986851 -22756327.0018431
41729057.8512397 1037179067646.63 81971765894.175 -14358.5748464813 1867.48684438719 -22756326.9629572
43033090.9090909 1018349830773.79 84398583356.1409 -14520.8567965659 1854.34926209022 -22756326.917555
44337123.9669422 999305111229.976 86807534380.4865 -14689.1260143403 1840.06783095414 -22756326.8643147
45641157.0247934 980036840463.796 89197057425.3435 -14863.7890967303 1824.53319767514 -22756326.8015973
46945190.0826446 960536393749.278 91565439690.5856 -15045.2932928356 1807.62240312297 -22756326.727357
48249223.1404959 940794533717.383 93910798018.5604 -15234.1319457084 1789.19673905187 -22756326.6390244
49553256.1983471 920801346207.522 96231056738.5949 -15430.85085807 1769.09918979338 -22756326.5333494
50857289.2561984 900546167113.534 98523921853.6545 -15636.0557741275 1747.15136241687 -22756326.4061906
52161322.3140496 880017498618.102 100786850825.196 -15850.4212174331 1723.14978236337 -22756326.2522292
53465355.3719008 859202912858.229 103017017030.157 -16074.7009864782 1696.86139662237 -22756326.0645766
54769388.4297521 838088940620.844 105211267729.231 -16309.7406901451 1668.01808002284 -22756325.834231
56073421.4876033 816660942103.609 107366074080.287 -16556.4928108282 1636.30987773446 -22756325.5493151
57377454.5454546 794902956052.864 109477471330.347 -16816.0349231905 1601.37663228705 -22756325.1939955
58681487.6033058 772797522655.445 111540986789.11 -17089.5918842298 1562.79752709576 -22756324.7469283
59985520.661157 750325474340.276 113551552477.333 -17378.5630643975 1520.07791704404 -22756324.1789933
61289553.7190083 727465687036.028 115503398383.186 -17684.5560373403 1472.63258981157 -22756323.4499408
62593586.7768595 704194782285.673 117389920945.007 -18009.4286278888 1419.76427849674 -22756322.5033434
63897619.8347108 680486767725.736 119203519555.445 -18355.341894929 1360.63577904525 -22756321.2588623
65201652.892562 656312599487.026 120935391316.971 -18724.8275903721 1294.23334016368 -22756319.6001605
66505685.9504132 631639644603.013 122575270614.973 -19120.8750314295 1219.3179686523 -22756317.3556035
67809719.0082645 606431013822.201 124111094752.469 -19547.0443786182 1134.35973256867 -22756314.266702
69113752.0661157 580644724231.818 125528569015.023 -20007.6163949772 1037.44771793053 -22756309.9351348
70417785.1239669 554232635107.561 126810592639.439 -20507.7934835661 926.164432542761 -22756303.7311718
71721818.1818182 527139076656.242 127936488779.849 -21053.9741987204 797.40714333804 -22756294.6300882
73025851.2396694 499299055253.325 128880952430.661 -21654.1353186862 647.128031505584 -22756280.908922
74329884.2975207 470635862613.276 129612582738.05 -22318.3752361653 469.946637578005 -22756259.560162
75633917.3553719 441057826351.033 130091786021.787 -23059.7060183952 258.554885671446 -22756225.1019443
76937950.4132231 410453790521.257 130267695643.424 -23895.2410048403 2.77257147765508 -22756167.0242435
78241983.4710744 378686659163.067 130073498645.227 -24848.0347491054 -312.012108031898 -22756063.9338931
79546016.5289256 345583878086.41 129419066294.381 -25950.0452198049 -707.540639844625 -22755869.0340436
80850049.5867769 310922868320.64 128178778366.054 -27247.1250861194 -1217.62429495692 -22755470.5106471
82154082.6446281 274407704604.124 126170213947.397 -28807.9053532571 -1897.84630903582 -22754569.8973686
83458115.7024793 235629653597.555 123114031593.372 -30740.6949171102 -2846.39494819114 -22752247.8053266
84762148.7603306 193995652817.536 118550834520.593 -33228.3452595577 -4254.38700377946 -22745071.5657595
86066181.8181818 148587155578.611 111644626852.284 -36607.3346164012 -6549.0074311718 -22716229.3436471
87370214.8760331 97853379512.6282 100618777397.524 -41560.9800123054 -10913.408221136 -22542151.1800584
88674247.9338843 38946856539.5705 80539258155.3012 -49361.623563599 -22130.2975100501 -20606140.9981403
89978280.9917355 -28982716472.3301 28500789855.1762 -38977.3960326397 -67812.1073374728 -206717900.526793
91282314.0495868 -43125972499.6422 -60523209346.3142 9046.63985092723 -51889.9613956969 -398951976.035147
92586347.107438 -24499544123.2769 -115022555045.131 16932.9715296177 -34033.5467758633 -406215247.087072
93890380.1652893 -1460553121.65653 -152681701726.3 17982.117773866 -24540.3788562773 -406560620.759087
95194413.2231405 21840424856.3143 -180401523449.368 17638.8300996459 -18346.6802692827 -406607731.868991
96498446.2809917 44364558546.5663 -201232980568.3 16865.6868872823 -13807.4640650323 -406618394.849424
97802479.338843 65759146813.6253 -216824266391.017 15930.6741343533 -10231.0783589973 -406621651.558988
99106512.3966942 85883172943.94 -228181143755.052 14925.8880068671 -7270.76884610929 -406622863.951657
100410545.454545 104671593965.599 -235968035174.167 13885.4824102745 -4730.61123443816 -406623383.197501
101714578.512397 122087035205.669 -240648201462.582 12820.9975755596 -2489.86867812318 -406623629.917684
103018611.570248 138099791369.538 -242556848782.472 11733.8933677918 -468.98631779615 -406623756.713223
104322644.628099 152678368092.166 -241942540955.616 10620.4656899306 1387.40550284832 -406623825.672755
105626677.68595 165784236668.488 -238992141420.62 9473.82265931174 3119.71808747062 -406623864.271756
106930710.743802 177368214636.856 -233846524719.7 8284.56089600492 4758.76391316126 -406623885.249402
108234743.801653 187367242201.773 -226610776279.581 7040.75514492063 6329.05848101488 -406623894.279521
109538776.859504 195700823675.445 -217360908376.291 5727.46977307026 7850.96940412277 -406623892.917324
110842809.917355 202266532744.111 -206148250020.787 4325.79986444866 9342.19370149094 -406623879.268363
112146842.975207 206933891505.967 -193002196362.193 2811.29829694092 10818.829261921 -406623846.863922
113450876.033058 209535631887.078 -177931743101.907 1151.45703930677 12296.1826932153 -406623780.799335
114754909.090909 209854727049.918 -160926109468.204 -698.412582891573 13789.358009325 -406623647.621519
116058942.14876 207604355114.676 -141954776516.012 -2802.20682104555 15313.5310546011 -406623368.086554
117362975.206612 202395444680.311 -120967570979.745 -5255.71694949488 16883.4843505855 -406622736.428926
118667008.264463 193680920048.542 -97896502694.3745 -8211.27320445846 18510.9805749897 -406621146.812798
119971041.322314 180652365616.006 -72664696817.3214 -11930.3658115628 20195.0564815253 -406616485.408296
121275074.380165 162028028648.256 -45221256528.8155 -16911.2000223256 21885.795326132 -406599399.818977
122579107.438017 135551312373.512 -15681269003.1945 -24258.3267808333 23325.1801824769 -406511058.433458
123883140.495868 96525211551.2166 14981035212.3117 -37076.7507866395 23059.3748780663 -405710547.117181
125187173.553719 32076951082.5281 39234741255.2552 -66352.7735703397 5374.11193237966 -403488613.969832
126491206.61157 -38502959675.3798 -4596678588.30515 -18088.7763456915 -59833.4175472164 -1469610864.93444
127795239.669422 -23859395119.5637 -53137199856.1854 24038.1037199836 -12975.9051984504 -1905782107.81784
129099272.727273 13828249071.8905 -32851912408.6991 26055.361933652 51640.9587301712 -2051266561.59379
130403305.785124 -9291278790.77233 42177274333.3815 -48313.7906623234 40562.200095486 -1083755069.18096
131707338.842975 -55758397980.5942 59836257988.4248 -24554.0825441057 -553.376736086881 -1321366142.38875
133011371.900826 -76543881942.8655 48954401391.2291 -7467.17819292431 -14809.2229556092 -1323402283.89225
134315404.958678 -73428472119.4558 22894461995.8617 13871.6855754107 -24739.2198823962 -1323584613.18324
135619438.016529 -28121246665.3922 -13064705834.0502 78492.1953864053 -17217.3279046031 -1052128146.87949
136923471.07438 80164990555.1353 5258395247.97504 57721.9150463002 12650.2564930764 93633507.3272731
138227504.132231 143864788515.359 20701220663.0475 43147.1286718416 11145.012066021 79673812.550568
139531537.190083 195883334370.087 34576753277.305 37271.6859138298 10204.5717219332 79321757.4572271
140835570.247934 242067231714.397 47440773752.2322 33814.2794067245 9560.76044111697 79281629.6154771
142139603.305785 284536814403.141 59582391142.1127 31452.8618009351 9082.15649405123 79273189.2949831
143443636.363636 324359327319.995 71171950692.2142 29701.7421221956 8706.70836876312 79270695.7744842
144747669.421488 362165372725.01 82320134851.4496 28333.1563849891 8401.02511528189 79269780.44564
146051702.479339 398365824037.503 93103957834.4503 27223.712646034 8145.2934310249 79269389.6351634
147355735.53719 433246768717.365 103579742210.238 26299.7750592746 7926.87979029305 79269203.1246044
148659768.595041 467017249673.096 113790259830.48 25514.2264664801 7737.27650389528 79269106.1716141
149963801.652892 499835722849.758 123768964026.298 24835.2826081641 7570.50398815904 79269052.2422344
151267834.710744 531825819793.83 133542647311.988 24240.594531262 7422.21259781458 79269020.5491122
152571867.768595 563086280683.471 143133189410.69 23713.9129652586 7289.14780955198 79269001.0561458
153875900.826446 593697501313.994 152558751301.714 23243.0931277344 7168.81642215244 79268988.5984663
155179933.884297 623726010047.599 161834616960.591 22818.8454568225 7059.26989780629 79268980.3721766
156483966.942149 653227624769.452 170973802762.623 22433.9230059042 6958.95900300536 79268974.784391
157788000 682249737824.503 179987508866.254 22082.5755300916 6866.63348106719 79268970.8941412
159092033.057851 710833007262.023 188885460230.099 21760.172434075 6781.27108452132 79268968.1263533
160396066.115702 739012633243.231 197676168746.316 21462.9360097958 6702.02628592845 79268966.1189273
161700099.173553 766819337948.312 206367137838.222 21187.7486826488 6628.192501813 79268964.6377637
163004132.231405 794280129299.937 214965024333.449 20932.0111143095 6559.17379713891 79268963.5279112
164308165.289256 821418904255.774 223475768100.007 20693.5359964446 6494.463369452 79268962.684619
165612198.347107 848256931152.121 231904697007.094 20470.4673671771 6433.62696502625 79268962.0357107
166916231.404958 874813239563.141 240256612752.904 20261.2184896384 6376.2899387564 79268961.5305882
168220264.46281 901104938530.158 248535861681.832 20064.4234376166 6322.12704400314 79268961.1332182
169524297.520661 927147478664.295 256746393698.832 19878.8989441747 6270.85429401649 79268960.8175673
170828330.578512 952954869801.411 264891811652.528 19703.6140320747 6222.22241378709 79268960.5645766
172132363.636363 978539863114.58 272975413017.383 19537.6656132554 6176.01152607632 79268960.3601224
173436396.694214 1003914104550.2 281000225302.064 19380.2587157754 6132.02680467348 79268960.1936191
174740429.752066 1029088264936.04 288969036307.423 19230.6903334816 6090.09489261669 79268960.0570504
176044462.809917 1054072150966.71 296884420126.277 19088.3361376412 6050.06093055036 79268959.9442858
177348495.867768 1078874800402.72 304748759599.315 18952.639468638 6011.78607557143 79268959.8505945
178652528.925619 1103504564150.91 312564265803.433 18823.1021584213 5975.14541728129 79268959.7722949
179956561.983471 1127969177376.11 320332995040.779 18699.2768337154 5940.02621771269 79268959.7064989
181260595.041322 1152275821388.69 328056863711.525 18580.7604251146 5906.32641703902 79268959.6509242
182564628.099173 1176431177733.24 335737661385.598 18467.1886645222 5873.95335871077 79268959.6037546
183868661.157024 1200441475649.87 343377062334.372 18358.2313975213 5842.82269677766 79268959.5635348
185172694.214875 1224312533876.86 350976635739.565 18253.588571503 5812.85745528507 79268959.5290921
186476727.272727 1248049797599.98 358537854761.149 18152.986787143 5783.98721525064 79268959.4994751
187780760.330578 1271658371221.58 366062104617.137 18056.1763218885 5756.14740918322 79268959.4739086
189084793.388429 1295143047514.56 373550689804.399 17962.9285508115 5729.27870666264 79268959.4517568
190388826.44628 1318508333638.27 381004840570.09 17873.0337035059 5703.32647735522 79268959.4324961
191692859.504132 1341758474420.34 388425718727.062 17786.2989063844 5678.24032014605 79268959.4156931
192996892.561983 1364897473248.52 395814422893.136 17702.5464683532 5653.97364894198 79268959.4009873
194300925.619834 1387929110866.27 403171993222.83 17621.6123748337 5630.48332722754 79268959.3880777
195604958.677685 1410856962324.13 410499415690.634 17543.3449608007 5607.72934470923 79268959.376712
196908991.735537 1433684412303.82 417797625976.954 17467.6037381752 5585.6745304162 79268959.3666777
198213024.793388 1456414669002.38 425067513001.071 17394.2583567579 5564.28429748007 79268959.3577951
199517057.851239 1479050776738.58 432309922139.681 17323.1876810619 5543.5264155265 79268959.3499121
200821090.90909 1501595627422.92 439525658164.728 17254.2789680467 5523.37080720399 79268959.342899
202125123.966941 1524051971013.95 446715487929.991 17187.4271329515 5503.78936587143 79268959.3366451
203429157.024793 1546422425068.73 453880142832.313 17122.5340922682 5484.75579188347 79268959.3310558
204733190.082644 1568709483481.55 461020321070.256 17059.5081744391 5466.24544526492 79268959.3260495
206037223.140495 1590915524493.88 468136689720.264 16998.2635901686 5448.23521286325 79268959.321556
207341256.198346 1613042818048.58 475229886648.123 16938.7199553391 5430.70338832171 79268959.3175147
208645289.256198 1635093532552.98 482300522271.462 16880.8018604578 5413.62956343135 79268959.3138732
209949322.314049 1657069741107.85 489349181187.302 16824.4384813562 5396.99452960442 79268959.3105857
211253355.3719 1678973427253.2 496376423677.116 16769.563226544 5380.78018836986 79268959.3076124
212557388.429751 1700806490275.78 503382787100.531 16716.1134172024 5364.9694699276 79268959.3049187
213861421.487602 1722570750118.68 510368787187.599 16664.0299963001 5349.54625891497 79268959.3024742
215165454.545454 1744267951928.94 517334919238.57 16613.2572637455 5334.49532664046 79268959.3002522
216469487.603305 1765899770275.21 524281659239.144 16563.7426348642 5319.80226912706 79268959.2982292
217773520.661156 1787467813064.36 531209464898.396 16515.4364198051 5305.45345038388 79268959.2963848
219077553.719007 1808973625182.96 538118776615.859 16468.2916217664 5291.4359503911 79268959.2947006
220381586.776859 1830418691886.79 545010018383.593 16422.2637521668 5277.73751734088 79268959.2931605
221685619.83471 1851804441959.6 551883598628.523 16377.3106611067 5264.34652372747 79268959.2917503
222989652.892561 1873132250659.79 558739910999.84 16333.3923816416 5251.25192592433 79268959.2904573
224293685.950412 1894403442472.41 565579335105.772 16290.470986559 5238.44322692455 79268959.2892702
225597719.008263 1915619293681.9 572402237203.681 16248.5104564848 5225.91044195545 79268959.2881789
226901752.066115 1936781034779.56 579208970847.042 16207.4765582767 5213.64406670811 79268959.2871746
228205785.123966 1957889852718.74 585999877492.579 16167.3367327663 5201.63504794957 79268959.2862491
229509818.181817 1978946893029.19 592775287070.511 16128.0599910133 5189.87475630865 79268959.2853953
230813851.239668 1999953261801.34 599535518520.63 16089.6168183166 5178.35496104745 79268959.2846068
232117884.29752 2020910027550.03 606280880296.673 16051.9790853074 5167.06780664915 79268959.2838777
233421917.355371 2041818222966.61 613011670841.271 16015.1199655124 5156.00579106916 79268959.2832029
234725950.413222 2062678846567.45 619728179033.546 15979.013858839 5145.16174551137 79268959.2825777
236029983.471073 2083492864246.27 626430684611.255 15943.6363204851 5134.52881560438 79268959.2819979
237334016.528924 2104261210737.06 633119458569.244 15908.9639948232 5124.10044386437 79268959.2814596
238638049.586776 2124984790993.75 639794763535.812 15874.974553855 5113.8703533417 79268959.2809594
239942082.644627 2145664481492.53 646456854128.473 15841.6466398644 5103.83253235765 79268959.2804942
241246115.702478 2166301131461.77 653105977290.475 15808.9598119363 5093.98122024639 79268959.2800611
242550148.760329 2186895564044.67 659742372609.34 15776.8944960361 5084.31089402458 79268959.2796576
243854181.818181 2207448577398.98 666366272618.589 15745.4319383724 5074.81625591791 79268959.2792813
245158214.876032 2227960945737.82 672977903083.724 15714.5541617916 5065.4922216803 79268959.27893
246462247.933883 2248433420315.59 679577483273.458 15684.2439249725 5056.33390964647 79268959.2786019
247766280.991734 2268866730362.32 686165226217.124 15654.4846842125 5047.33663046428 79268959.2782952
249070314.049586 2289261583969.75 692741338949.108 15625.2605576112 5038.4958774571 79268959.2780082
250374347.107437 2309618668932.28 699306022741.096 15596.5562914771 5029.80731757124 79268959.2777395
251678380.165288 2329938653545.31 705859473322.886 15568.3572287949 5021.26678286658 79268959.2774877
252982413.223139 2350222187363.89 712401881092.424 15540.649279606 5012.87026251236 79268959.2772517
254286446.28099 2370469901923.79 718933431315.72 15513.4188931667 5004.61389525295 79268959.2770301
255590479.338842 2390682411427.43 725454304317.226 15486.6530317587 4996.49396231133 79268959.2768221
256894512.396693 2410860313396.65 731964675661.229 15460.3391460379 4988.50688070032 79268959.2766266
258198545.454544 2431004189294.25 738464716324.771 15434.465151815 4980.64919691439 79268959.2764428
259502578.512395 2451114605116.19 744954592862.582 15409.0194081713 4972.91758097633 79268959.2762698
260806611.570247 2471192111956.03 751434467564.461 15383.9906968195 4965.3088208157 79268959.276107
262110644.628098 2491237246543.23 757904498605.535 15359.3682026267 4957.81981695717 79268959.2759536
263414677.685949 2511250531756.75 764364840189.786 15335.1414952227 4950.44757749883 79268959.275809
264718710.7438 2531232477115.42 770815642687.199 15311.3005116237 4943.18921336191 79268959.2756726
266022743.801651 2551183579246.15 777257052764.891 15287.8355398049 4936.04193379467 79268959.2755438
267326776.859503 2571104322331.39 783689213512.532 15264.7372031612 4929.00304211451 79268959.2754222
268630809.917354 2590995178536.85 790112264562.361 15241.9964458011 4922.06993167366 79268959.2753074
269934842.975205 2610856608420.57 796526342204.075 15219.6045186199 4915.24008203439 79268959.2751988
271238876.033056 2630689061324.3 802931579494.868 15197.5529661048 4908.51105534129 79268959.275096
272542909.090908 2650492975748.09 809328106364.852 15175.833613827 4901.88049287846 79268959.2749988
273846942.148759 2670268779709.08 815716049718.113 15154.438556578 4895.3461118008 79268959.2749067
275150975.20661 2690016891085.13 822095533529.604 15133.3601471119 4888.9057020288 79268959.2748195
276455008.264461 2709737717944.2 828466678938.095 15112.590985458 4882.55712329751 79268959.2747368
277759041.322313 2729431658860.14 834829604335.366 15092.1239087681 4876.29830235051 79268959.2746584
279063074.380164 2749099103215.53 841184425451.836 15071.9519816694 4870.12723027062 79268959.274584
280367107.438015 2768740431492.31 847531255438.794 15052.0684870916 4864.04195993954 79268959.2745133
281671140.495866 2788356015550.72 853870204947.395 15032.466917542 4858.04060361902 79268959.2744463
282975173.553718 2807946218897.13 860201382204.578 15013.1409668027 4852.12133064692 79268959.2743825
284279206.611569 2827511396941.28 866524893086.057 14994.0845220258 4846.28236524151 79268959.2743219
285583239.66942 2847051897243.57 872840841186.505 14975.2916562043 4840.52198440829 79268959.2742644
286887272.727271 2866568059752.62 879149327887.085 14956.7566209982 4834.83851594356 79268959.2742095
288191305.785123 2886060217033.77 885450452420.426 14938.4738398955 4829.23033652951 79268959.2741573
289495338.842974 2905528694488.9 891744311933.177 14920.4379016902 4823.69586991603 79268959.2741077
290799371.900825 2924973810567.89 898031001546.248 14902.6435542598 4818.23358518439 79268959.2740604
292103404.958677 2944395876972.13 904310614412.833 14885.0856986271 4812.84199508866 79268959.2740152
293407438.016528 2963795198850.56 910583241774.317 14867.759383289 4807.51965447072 79268959.2739722
294711471.074379 2983172074988.4 916848973014.165 14850.6597988012 4802.265158745 79268959.2739312
296015504.13223 3002526797988.98 923107895709.882 14833.7822726021 4797.07714244935 79268959.2738921
297319537.190082 3021859654449 929360095683.114 14817.1222640665 4791.95427785869 79268959.2738547
298623570.247933 3041170925127.49 935605657047.994 14800.6753597742 4786.89527365829 79268959.273819
299927603.305784 3060460885108.71 941844662257.783 14784.4372689854 4781.8988736735 79268959.273785
301231636.363635 3079729803959.27 948077192149.899 14768.4038193102 4776.96385565331 79268959.2737524
302535669.421487 3098977945879.75 954303325989.384 14752.5709525634 4772.08903010494 79268959.2737213
303839702.479338 3118205569851.01 960523141510.895 14736.9347207952 4767.27323917703 79268959.2736915
305143735.537189 3137412929775.48 966736714959.256 14721.4912824888 4762.51535558888 79268959.2736631
306447768.59504 3156600274613.51 972944121128.655 14706.2368989169 4757.81428160382 79268959.2736358
307751801.652892 3175767848515.15 979145433400.519 14691.167930649 4753.1689480442 79268959.2736097
309055834.710743 3194915890947.44 985340723780.137 14676.2808342033 4748.57831334638 79268959.2735848
310359867.768594 3214044636817.37 991530062932.076 14661.5721588341 4744.04136265349 79268959.2735609
311663900.826445 3233154316590.88 997713520214.434 14647.0385434502 4739.55710694445 79268959.2735379
312967933.884297 3252245156407.74 1003891163711.98 14632.6767136573 4735.12458219743 79268959.273516
314271966.942148 3271317378192.8 1010063060268.23 14618.4834789181 4730.74284858605 79268959.2734949
315575999.999999 3290371199763.53 1016229275516.49 14604.4557298261 4726.4109897071 79268959.2734747
316880033.05785 3309406834934.08 1022389873909.91 14590.5904354851 4722.128111838 79268959.2734553
318184066.115702 3328424493616.07 1028544918750.61 14576.884640993 4717.8933432229 79268959.2734367
319488099.173553 3347424381916.02 1034694472217.83 14563.3354650217 4713.705833386 79268959.2734189
320792132.231404 3366406702229.82 1040838595395.29 14549.9400974919 4709.56475247091 79268959.2734017
322096165.289255 3385371653334.17 1046977348297.67 14536.6957973353 4705.46929060491 79268959.2733853
323400198.347107 3404319430475.12 1053110789896.22 14523.5998903431 4701.41865728692 79268959.2733695
324704231.404958 3423250225453.97 1059238978143.66 14510.6497670954 4697.41208079828 79268959.2733543
326008264.462809 3442164226710.36 1065361969998.3 14497.8428809682 4693.44880763522 79268959.2733396
327312297.52066 3461061619402.99 1071479821447.46 14485.1767462144 4689.52810196215 79268959.2733256
328616330.578512 3479942585487.71 1077592587530.09 14472.6489361168 4685.64924508482 79268959.2733121
329920363.636363 3498807303793.39 1083700322358.9 14460.2570812075 4681.81153494261 79268959.2732991
331224396.694214 3517655950095.42 1089803079141.61 14447.9988675538 4678.01428561894 79268959.2732866
332528429.752065 3536488697187.07 1095900910201.78 14435.8720351054 4674.2568268693 79268959.2732746
333832462.809917 3555305714948.67 1101993866998.93 14423.8743761015 4670.53850366587 79268959.273263
335136495.867768 3574107170414.83 1108082000148.06 14412.0037335345 4666.85867575832 79268959.2732518
336440528.925619 3592893227839.62 1114165359438.67 14400.2579996696 4663.21671724991 79268959.2732411
337744561.98347 3611664048759.92 1120243993853.22 14388.6351146148 4659.61201618834 79268959.2732307
339048595.041322 3630419792056.87 1126317951585.04 14377.1330649433 4656.04397417077 79268959.2732207
340352628.099173 3649160614015.6 1132387280055.72 14365.7498823619 4652.51200596242 79268959.2732111
341656661.157024 3667886668383.28 1138452025932.11 14354.4836424272 4649.01553912816 79268959.2732019
342960694.214875 3686598106425.42 1144512235142.71 14343.3324633056 4645.5540136766 79268959.2731929
344264727.272727 3705295076980.72 1150567952893.71 14332.2945045751 4642.12688171624 79268959.2731843
345568760.330578 3723977726514.24 1156619223684.54 14321.3679660687 4638.73360712304 79268959.273176
346872793.388429 3742646199169.23 1162666091322.99 14310.5510867569 4635.37366521922 79268959.2731679
348176826.44628 3761300636817.42 1168708598939.97 14299.8421436671 4632.04654246251 79268959.2731601
349480859.504132 3779941179107.97 1174746789003.78 14289.2394508402 4628.75173614579 79268959.2731526
350784892.561983 3798567963515.09 1180780703334.12 14278.7413583208 4625.4887541065 79268959.2731454
352088925.619834 3817181125384.3 1186810383115.58 14268.3462511813 4622.25711444544 79268959.2731385
353392958.677685 3835780797977.58 1192835868910.89 14258.0525485783 4619.05634525478 79268959.2731317
354696991.735537 3854367112517.11 1198857200673.79 14247.8587028391 4615.88598435473 79268959.2731252
356001024.793388 3872940198228.03 1204874417761.49 14237.7631985784 4612.74557903864 79268959.2731189
357305057.851239 3891500182379.96 1210887558946.92 14227.7645518437 4609.63468582625 79268959.2731128
358609090.909091 3910047190327.41 1216896662430.59 14217.861309287 4606.55287022466 79268959.2731069
359913123.966942 3928581345549.21 1222901765852.12 14208.0520473644 4603.4997064969 79268959.2731012
361217157.024793 3947102769686.87 1228902906301.57 14198.3353715599 4600.47477743761 79268959.2730957
362521190.082644 3965611582581.9 1234900120330.39 14188.7099156343 4597.47767415583 79268959.2730904
363825223.140496 3984107902312.22 1240893443962.12 14179.1743408975 4594.50799586437 79268959.2730852
365129256.198347 4002591845227.66 1246882912702.84 14169.7273355036 4591.56534967575 79268959.2730803
366433289.256198 4021063525984.48 1252868561551.33 14160.3676137675 4588.6493504043 79268959.2730754
367737322.314049 4039523057579.04 1258850425008.99 14151.0939155027 4585.75962037431 79268959.2730708
369041355.371901 4057970551380.69 1264828537089.52 14141.9050053801 4582.89578923398 79268959.2730662
370345388.429752 4076406117163.7 1270802931328.35 14132.799672305 4580.05749377495 79268959.2730618
371649421.487603 4094829863138.53 1276773640791.82 14123.7767288142 4577.2443777572 79268959.2730576
372953454.545454 4113241895982.22 1282740698086.19 14114.8350104909 4574.4560917392 79268959.2730535
374257487.603306 4131642320868.11 1288704135366.37 14105.9733753969 4571.69229291305 79268959.2730495
375561520.661157 4150031241494.75 1294663984344.47 14097.1907035218 4568.95264494448 79268959.2730456
376865553.719008 4168408760114.18 1300620276298.17 14088.4858962491 4566.23681781755 79268959.2730419
378169586.776859 4186774977559.47 1306573042078.81 14079.8578758371 4563.5444876838 79268959.2730382
379473619.834711 4205129993271.61 1312522312119.36 14071.3055849163 4560.87533671585 79268959.2730347
380777652.892562 4223473905325.77 1318468116442.2 14062.8279859999 4558.22905296518 79268959.2730313
382081685.950413 4241806810456.91 1324410484666.67 14054.4240610103 4555.60533022395 79268959.273028
383385719.008264 4260128804084.78 1330349446016.47 14046.0928108175 4553.00386789085 79268959.2730247
384689752.066116 4278439980338.34 1336285029326.9 14037.8332547923 4550.42437084063 79268959.2730216
385993785.123967 4296740432079.61 1342217263051.89 14029.6444303715 4547.86654929743 79268959.2730186
387297818.181818 4315030250926.94 1348146175270.93 14021.5253926353 4545.33011871158 79268959.2730157
388601851.239669 4333309527277.76 1354071793695.8 14013.4752138974 4542.81479963988 79268959.2730128
389905884.297521 4351578350330.78 1359994145677.1 14005.492983306 4540.32031762918 79268959.2730101
391209917.355372 4369836808107.7 1365913258210.78 13997.5778064562 4537.84640310324 79268959.2730074
392513950.413223 4388084987474.39 1371829157944.33 13989.7288050133 4535.39279125261 79268959.2730048
393817983.471074 4406322974161.64 1377741871183 13981.9451163465 4532.95922192759 79268959.2730022
395122016.528926 4424550852785.38 1383651423895.76 13974.2258931726 4530.54543953409 79268959.2729998
396426049.586777 4442768706866.46 1389557841721.19 13966.5703032098 4528.15119293232 79268959.2729974
397730082.644628 4460976618850.03 1395461149973.25 13958.9775288405 4525.77623533816 79268959.2729951
399034115.702479 4479174670124.39 1401361373646.83 13951.4467667836 4523.42032422728 79268959.2729928
400338148.760331 4497362941039.54 1407258537423.34 13943.9772277756 4521.0832212417 79268959.2729906
401642181.818182 4515541510925.21 1413152665675.99 13936.5681362606 4518.76469209895 79268959.2729885
402946214.876033 4533710458108.55 1419043782475.09 13929.2187300879 4516.46450650352 79268959.2729864
404250247.933884 4551869859931.42 1424931911593.22 13921.9282602181 4514.18243806076 79268959.2729844
405554280.991736 4570019792767.31 1430817076510.2 13914.6959904373 4511.91826419292 79268959.2729824
406858314.049587 4588160332037.87 1436699300418.06 13907.5211970783 4509.67176605747 79268959.2729805
408162347.107438 4606291552229.1 1442578606225.84 13900.4031687496 4507.44272846749 79268959.2729786
409466380.165289 4624413526907.16 1448455016564.31 13893.3412060709 4505.23093981416 79268959.2729768
410770413.223141 4642526328733.92 1454328553790.59 13886.3346214162 4503.03619199116 79268959.2729751
412074446.280992 4660630029482.07 1460199239992.66 13879.3827386633 4500.85828032112 79268959.2729733
413378479.338843 4678724700049.99 1466067096993.8 13872.4848929493 4498.69700348385 79268959.2729717
414682512.396694 4696810410476.25 1471932146356.91 13865.6404304331 4496.55216344645 79268959.2729701
415986545.454546 4714887229953.88 1477794409388.75 13858.8487080638 4494.42356539515 79268959.2729685
417290578.512397 4732955226844.25 1483653907144.09 13852.1090933544 4492.31101766885 79268959.272967
418594611.570248 4751014468690.7 1489510660429.82 13845.4209641623 4490.21433169441 79268959.2729655
419898644.6281 4769065022231.91 1495364689808.87 13838.783708474 4488.13332192343 79268959.272964
421202677.685951 4787106953414.98 1501216015604.16 13832.1967241968 4486.06780577068 79268959.2729626
422506710.743802 4805140327408.21 1507064657902.42 13825.6594189542 4484.01760355404 79268959.2729612
423810743.801653 4823165208613.64 1512910636557.91 13819.1712098874 4481.98253843588 79268959.2729599
425114776.859505 4841181660679.35 1518753971196.14 13812.7315234613 4479.96243636592 79268959.2729586
426418809.917356 4859189746511.49 1524594681217.4 13806.3397952752 4477.95712602546 79268959.2729573
427722842.975207 4877189528286.06 1530432785800.37 13799.9954698787 4475.96643877293 79268959.272956
429026876.033058 4895181067460.47 1536268303905.51 13793.6980005913 4473.99020859084 79268959.2729548
430330909.09091 4913164424784.89 1542101254278.46 13787.4468493272 4472.02827203392 79268959.2729536
431634942.148761 4931139660313.28 1547931655453.39 13781.2414864237 4470.08046817855 79268959.2729525
432938975.206612 4949106833414.33 1553759525756.23 13775.0813904741 4468.14663857337 79268959.2729513
434243008.264463 4967066002782.08 1559584883307.87 13768.9660481646 4466.22662719109 79268959.2729502
435547041.322315 4985017226446.39 1565407746027.29 13762.8949541148 4464.32028038143 79268959.2729492
436851074.380166 5002960561783.17 1571228131634.64 13756.8676107225 4462.42744682514 79268959.2729481
438155107.438017 5020896065524.44 1577046057654.23 13750.883528012 4460.54797748911 79268959.2729471
439459140.495868 5038823793768.14 1582861541417.48 13744.9422234855 4458.68172558258 79268959.2729461
440763173.55372 5056743801987.84 1588674600065.85 13739.0432219787 4456.82854651431 79268959.2729451
442067206.611571 5074656145042.19 1594485250553.66 13733.1860555195 4454.98829785072 79268959.2729442
443371239.669422 5092560877184.17 1600293509650.85 13727.3702631897 4453.16083927508 79268959.2729433
444675272.727273 5110458052070.25 1606099393945.78 13721.5953909907 4451.34603254757 79268959.2729424
445979305.785125 5128347722769.34 1611902919847.84 13715.8609917114 4449.54374146625 79268959.2729415
447283338.842976 5146229941771.48 1617704103590.14 13710.1666247997 4447.753831829 79268959.2729406
448587371.900827 5164104760996.51 1623502961232.04 13704.5118562367 4445.97617139618 79268959.2729398
449891404.958678 5181972231802.5 1629299508661.75 13698.896258414 4444.21062985429 79268959.272939
451195438.01653 5199832404994 1635093761598.76 13693.3194100138 4442.45707878034 79268959.2729382
452499471.074381 5217685330830.19 1640885735596.32 13687.7808958912 4440.71539160705 79268959.2729374
453803504.132232 5235531059032.86 1646675446043.81 13682.2803069601 4438.98544358883 79268959.2729366
455107537.190083 5253369638794.21 1652462908169.11 13676.8172400804 4437.26711176855 79268959.2729359
456411570.247935 5271201118784.56 1658248137040.92 13671.3912979494 4435.56027494496 79268959.2729352
457715603.305786 5289025547159.89 1664031147571 13666.0020889936 4433.86481364089 79268959.2729345
459019636.363637 5306842971569.21 1669811954516.44 13660.6492272649 4432.18061007217 79268959.2729338
460323669.421488 5324653439161.88 1675590572481.79 13655.3323323375 4430.50754811716 79268959.2729331
461627702.47934 5342456996594.7 1681367015921.26 13650.0510292084 4428.84551328701 79268959.2729324
462931735.537191 5360253690038.94 1687141299140.82 13644.8049481986 4427.19439269649 79268959.2729318
464235768.595042 5378043565187.23 1692913436300.25 13639.5937248582 4425.55407503557 79268959.2729311
465539801.652893 5395826667260.27 1698683441415.18 13634.4169998719 4423.92445054147 79268959.2729305
466843834.710745 5413603041013.53 1704451328359.13 13629.274418968 4422.3054109714 79268959.2729299
468147867.768596 5431372730743.73 1710217110865.43 13624.1656328279 4420.6968495759 79268959.2729293
469451900.826447 5449135780295.24 1715980802529.14 13619.0902969992 4419.09866107264 79268959.2729287
470755933.884298 5466892233066.39 1721742416809.02 13614.0480718089 4417.51074162091 79268959.2729282
472059966.94215 5484642132015.63 1727501967029.3 13609.0386222803 4415.93298879653 79268959.2729276
473364000.000001 5502385519667.61 1733259466381.58 13604.0616180499 4414.36530156739 79268959.2729271
474668033.057852 5520122438119.13 1739014927926.59 13599.1167332874 4412.80758026941 79268959.2729265
475972066.115703 5537852929045.02 1744768364596 13594.2036466166 4411.25972658308 79268959.2729261
477276099.173555 5555577033703.88 1750519789194.1 13589.3220410384 4409.72164351044 79268959.2729256
478580132.231406 5573294792943.75 1756269214399.56 13584.4716038552 4408.19323535255 79268959.272925
479884165.289257 5591006247207.66 1762016652767.09 13579.6520265971 4406.67440768745 79268959.2729246
481188198.347108 5608711436539.12 1767762116729.09 13574.863004949 4405.16506734852 79268959.2729241
482492231.40496 5626410400587.44 1773505618597.27 13570.1042386803 4403.66512240333 79268959.2729236
483796264.462811 5644103178613.08 1779247170564.25 13565.375431575 4402.17448213292 79268959.2729232
485100297.520662 5661789809492.78 1784986784705.13 13560.676291364 4400.69305701146 79268959.2729227
486404330.578514 5679470331724.7 1790724472979.04 13556.0065296582 4399.22075868638 79268959.2729223
487708363.636365 5697144783433.43 1796460247230.64 13551.3658618833 4397.75749995888 79268959.2729219
489012396.694216 5714813202374.91 1802194119191.64 13546.7540072161 4396.30319476478 79268959.2729215
490316429.752067 5732475625941.29 1807926100482.22 13542.1706885214 4394.85775815583 79268959.272921
491620462.809919 5750132091165.7 1813656202612.52 13537.6156322912 4393.4211062814 79268959.2729206
492924495.86777 5767782634726.94 1819384436984.05 13533.0885685841 4391.99315637042 79268959.2729202
494228528.925621 5785427292954.08 1825110814891.06 13528.5892309665 4390.57382671383 79268959.2729198
495532561.983472 5803066101831.02 1830835347521.95 13524.1173564551 4389.16303664725 79268959.2729195
496836595.041324 5820699097000.93 1836558045960.57 13519.67268546 4387.76070653409 79268959.2729191
498140628.099175 5838326313770.67 1842278921187.63 13515.2549617292 4386.36675774891 79268959.2729187
499444661.157026 5855947787115.05 1847997984081.91 13510.8639322946 4384.98111266119 79268959.2729184
500748694.214877 5873563551681.15 1853715245421.65 13506.4993474182 4383.60369461932 79268959.272918
502052727.272729 5891173641792.44 1859430715885.72 13502.1609605403 4382.23442793497 79268959.2729177
503356760.33058 5908778091452.91 1865144406054.92 13497.8485282281 4380.87323786776 79268959.2729174
504660793.388431 5926376934351.13 1870856326413.21 13493.5618101252 4379.5200506102 79268959.2729171
505964826.446282 5943970203864.21 1876566487348.9 13489.3005689028 4378.17479327291 79268959.2729167
507268859.504134 5961557933061.72 1882274899155.82 13485.0645702111 4376.8373938702 79268959.2729164
508572892.561985 5979140154709.56 1887981572034.54 13480.8535826321 4375.50778130577 79268959.2729161
509876925.619836 5996716901273.72 1893686516093.46 13476.6673776331 4374.18588535889 79268959.2729158
511180958.677687 6014288204924.04 1899389741350 13472.5057295209 4372.87163667067 79268959.2729155
512484991.735539 6031854097537.88 1905091257731.68 13468.3684153975 4371.56496673066 79268959.2729152
513789024.79339 6049414610703.73 1910791075077.21 13464.255215116 4370.26580786371 79268959.2729149
515093057.851241 6066969775724.78 1916489203137.6 13460.1659112378 4368.97409321704 79268959.2729146
516397090.909092 6084519623622.39 1922185651577.22 13456.1002889902 4367.68975674761 79268959.2729144
517701123.966944 6102064185139.6 1927880429974.83 13452.058136225 4366.41273320965 79268959.2729141
519005157.024795 6119603490744.46 1933573547824.61 13448.0392433781 4365.1429581425 79268959.2729139
520309190.082646 6137137570633.42 1939265014537.21 13444.0434034294 4363.8803678586 79268959.2729136
521613223.140497 6154666454734.62 1944954839440.7 13440.0704118639 4362.62489943178 79268959.2729134
522917256.198349 6172190172711.07 1950643031781.61 13436.1200666331 4361.37649068567 79268959.2729131
524221289.2562 6189708753963.95 1956329600725.85 13432.1921681176 4360.13508018243 79268959.2729129
525525322.314051 6207222227635.66 1962014555359.7 13428.2865190897 4358.90060721163 79268959.2729126
526829355.371902 6224730622612.94 1967697904690.73 13424.4029246777 4357.6730117793 79268959.2729124
528133388.429754 6242233967529.96 1973379657648.76 13420.5411923296 4356.45223459723 79268959.2729121
529437421.487605 6259732290771.25 1979059823086.72 13416.7011317787 4355.23821707248 79268959.2729119
530741454.545456 6277225620474.74 1984738409781.61 13412.882555009 4354.030901297 79268959.2729117
532045487.603307 6294713984534.58 1990415426435.33 13409.0852762215 4352.83023003754 79268959.2729115
533349520.661159 6312197410604.12 1996090881675.59 13405.3091118009 4351.63614672563 79268959.2729113
534653553.71901 6329675926098.62 2001764784056.78 13401.5538802837 4350.44859544784 79268959.2729111
535957586.776861 6347149558198.12 2007437142060.78 13397.8194023256 4349.26752093614 79268959.2729108
537261619.834712 6364618333850.15 2013107964097.81 13394.1055006706 4348.0928685585 79268959.2729107
538565652.892564 6382082279772.43 2018777258507.27 13390.41200012 4346.92458430957 79268959.2729104
539869685.950415 6399541422455.55 2024445033558.53 13386.7387275022 4345.76261480159 79268959.2729103
541173719.008266 6416995788165.58 2030111297451.74 13383.085511643 4344.60690725548 79268959.2729101
542477752.066117 6434445402946.66 2035776058318.63 13379.4521833368 4343.45740949198 79268959.2729099
543781785.123968 6451890292623.54 2041439324223.25 13375.8385753172 4342.31406992306 79268959.2729097
545085818.18182 6469330482804.1 2047101103162.78 13372.2445222296 4341.17683754343 79268959.2729095
546389851.239671 6486765998881.85 2052761403068.25 13368.6698606029 4340.0456619222 79268959.2729093
547693884.297522 6504196866038.31 2058420231805.3 13365.1144288228 4338.92049319465 79268959.2729092
548997917.355373 6521623109245.45 2064077597174.9 13361.5780671052 4337.80128205424 79268959.272909
550301950.413224 6539044753268.07 2069733506914.1 13358.0606174692 4336.68797974465 79268959.2729088
551605983.471076 6556461822666.1 2075387968696.71 13354.5619237124 4335.58053805201 79268959.2729086
552910016.528927 6573874341796.94 2081040990134.04 13351.0818313845 4334.47890929726 79268959.2729085
554214049.586778 6591282334817.71 2086692578775.53 13347.6201877634 4333.38304632864 79268959.2729083
555518082.644629 6608685825687.48 2092342742109.51 13344.1768418299 4332.29290251432 79268959.2729082
556822115.70248 6626084838169.48 2097991487563.81 13340.7516442443 4331.20843173507 79268959.272908
558126148.760332 6643479395833.29 2103638822506.46 13337.3444473222 4330.12958837722 79268959.2729079
559430181.818183 6660869522056.97 2109284754246.35 13333.9551050117 4329.05632732556 79268959.2729077
560734214.876034 6678255240029.16 2114929290033.83 13330.5834728705 4327.98860395649 79268959.2729076
562038247.933885 6695636572751.2 2120572437061.39 13327.2294080432 4326.9263741312 79268959.2729074
563342280.991736 6713013543039.15 2126214202464.27 13323.8927692395 4325.86959418905 79268959.2729073
564646314.049587 6730386173525.83 2131854593321.1 13320.5734167124 4324.81822094093 79268959.2729072
565950347.107439 6747754486662.85 2137493616654.47 13317.2712122367 4323.7722116629 79268959.272907
567254380.16529 6765118504722.51 2143131279431.57 13313.9860190884 4322.73152408978 79268959.2729069
568558413.223141 6782478249799.8 2148767588564.77 13310.7177020236 4321.69611640895 79268959.2729068
569862446.280992 6799833743814.31 2154402550912.2 13307.4661272588 4320.66594725417 79268959.2729066
571166479.338843 6817185008512.11 2160036173278.35 13304.2311624504 4319.64097569961 79268959.2729065
572470512.396695 6834532065467.61 2165668462414.6 13301.0126766752 4318.62116125385 79268959.2729064
573774545.454546 6851874936085.42 2171299425019.83 13297.8105404114 4317.60646385407 79268959.2729063
575078578.512397 6869213641602.14 2176929067740.94 13294.6246255194 4316.59684386031 79268959.2729062
576382611.570248 6886548203088.16 2182557397173.43 13291.4548052231 4315.59226204979 79268959.272906
577686644.628099 6903878641449.45 2188184419861.89 13288.3009540916 4314.59267961141 79268959.2729059
578990677.685951 6921204977429.25 2193810142300.59 13285.1629480212 4313.59805814019 79268959.2729058
580294710.743802 6938527231609.86 2199434570933.98 13282.0406642174 4312.60835963198 79268959.2729057
581598743.801653 6955845424414.26 2205057712157.19 13278.9339811777 4311.62354647809 79268959.2729056
582902776.859504 6973159576107.84 2210679572316.58 13275.8427786745 4310.64358146013 79268959.2729055
584206809.917355 6990469706800.02 2216300157710.23 13272.7669377375 4309.66842774486 79268959.2729053
585510842.975207 7007775836445.9 2221919474588.41 13269.7063406379 4308.69804887915 79268959.2729053
586814876.033058 7025077984847.86 2227537529154.13 13266.6608708715 4307.73240878499 79268959.2729052
588118909.090909 7042376171657.12 2233154327563.59 13263.6304131426 4306.77147175464 79268959.2729051
589422942.14876 7059670416375.35 2238769875926.64 13260.6148533484 4305.81520244581 79268959.272905
590726975.206611 7076960738356.21 2244384180307.3 13257.6140785632 4304.8635658769 79268959.2729049
592031008.264463 7094247156806.82 2249997246724.21 13254.6279770231 4303.91652742236 79268959.2729048
593335041.322314 7111529690789.35 2255609081151.08 13251.6564381108 4302.97405280811 79268959.2729047
594639074.380165 7128808359222.43 2261219689517.14 13248.6993523407 4302.03610810699 79268959.2729046
595943107.438016 7146083180882.65 2266829077707.61 13245.7566113444 4301.10265973436 79268959.2729045
597247140.495867 7163354174406.03 2272437251564.14 13242.8281078561 4300.1736744437 79268959.2729044
598551173.553719 7180621358289.38 2278044216885.25 13239.9137356988 4299.24911932228 79268959.2729043
599855206.61157 7197884750891.79 2283649979426.74 13237.0133897695 4298.32896178695 79268959.2729043
601159239.669421 7215144370435.98 2289254544902.14 13234.1269660265 4297.41316957995 79268959.2729042
602463272.727272 7232400235009.67 2294857918983.12 13231.2543614749 4296.50171076481 79268959.2729041
603767305.785123 7249652362566.94 2300460107299.92 13228.395474154 4295.59455372226 79268959.272904
605071338.842975 7266900770929.6 2306061115441.75 13225.5502031237 4294.6916671463 79268959.2729039
606375371.900826 7284145477788.47 2311660948957.19 13222.7184484516 4293.79302004021 79268959.2729038
607679404.958677 7301386500704.72 2317259613354.61 13219.9001112008 4292.89858171275 79268959.2729038
608983438.016528 7318623857111.12 2322857114102.55 13217.0950934165 4292.00832177427 79268959.2729037
610287471.074379 7335857564313.37 2328453456630.11 13214.3032981145 4291.12221013304 79268959.2729036
611591504.132231 7353087639491.31 2334048646327.35 13211.5246292685 4290.24021699149 79268959.2729035
612895537.190082 7370314099700.17 2339642688545.66 13208.7589917982 4289.36231284262 79268959.2729034
614199570.247933 7387536961871.81 2345235588598.13 13206.0062915577 4288.48846846635 79268959.2729034
615503603.305784 7404756242815.92 2350827351759.95 13203.266435324 4287.61865492608 79268959.2729033
616807636.363635 7421971959221.23 2356417983268.75 13200.5393307849 4286.75284356512 79268959.2729032
618111669.421486 7439184127656.66 2362007488324.96 13197.8248865286 4285.89100600332 79268959.2729031
619415702.479338 7456392764572.54 2367595872092.2 13195.123012032 4285.03311413367 79268959.2729031
620719735.537189 7473597886301.68 2373183139697.6 13192.43361765 4284.17914011897 79268959.272903
622023768.59504 7490799509060.6 2378769296232.16 13189.7566146046 4283.32905638858 79268959.272903
623327801.652891 7507997648950.6 2384354346751.12 13187.0919149745 4282.48283563516 79268959.2729029
624631834.710742 7525192321958.86 2389938296274.25 13184.4394316844 4281.64045081149 79268959.2729028
625935867.768594 7542383543959.58 2395521149786.24 13181.799078495 4280.80187512735 79268959.2729028
627239900.826445 7559571330715.02 2401102912237.01 13179.1707699925 4279.96708204642 79268959.2729027
628543933.884296 7576755697876.62 2406683588542.03 13176.5544215789 4279.13604528325 79268959.2729026
629847966.942147 7593936660986 2412263183582.66 13173.9499494619 4278.30873880024 79268959.2729026
631151999.999998 7611114235476.04 2417841702206.46 13171.3572706455 4277.48513680468 79268959.2729025
632456033.05785 7628288436671.92 2423419149227.53 13168.7763029201 4276.66521374585 79268959.2729024
633760066.115701 7645459279792.09 2428995529426.78 13166.2069648533 4275.84894431216 79268959.2729024
635064099.173552 7662626779949.35 2434570847552.3 13163.6491757805 4275.03630342827 79268959.2729023
636368132.231403 7679790952151.78 2440145108319.6 13161.1028557958 4274.22726625237 79268959.2729023
637672165.289254 7696951811303.76 2445718316411.97 13158.567925743 4273.42180817335 79268959.2729022
638976198.347106 7714109372206.93 2451290476480.75 13156.0443072066 4272.61990480816 79268959.2729022
640280231.404957 7731263649561.15 2456861593145.63 13153.5319225031 4271.82153199908 79268959.2729021
641584264.462808 7748414657965.45 2462431670994.93 13151.0306946725 4271.02666581113 79268959.2729021
642888297.520659 7765562411918.98 2468000714585.93 13148.5405474695 4270.23528252945 79268959.272902
644192330.57851 7782706925821.9 2473568728445.1 13146.0614053552 4269.44735865673 79268959.272902
645496363.636362 7799848213976.35 2479135717068.42 13143.5931934889 4268.6628709107 79268959.2729019
646800396.694213 7816986290587.31 2484701684921.65 13141.1358377201 4267.88179622164 79268959.2729018
648104429.752064 7834121169763.51 2490266636440.61 13138.6892645801 4267.10411172993 79268959.2729018
649408462.809915 7851252865518.32 2495830576031.42 13136.2534012742 4266.32979478361 79268959.2729018
650712495.867766 7868381391770.62 2501393508070.83 13133.8281756739 4265.55882293601 79268959.2729017
652016528.925618 7885506762345.65 2506955436906.43 13131.4135163094 4264.79117394338 79268959.2729017
653320561.983469 7902628990975.89 2512516366856.93 13129.0093523616 4264.0268257626 79268959.2729016
654624595.04132 7919748091301.89 2518076302212.43 13126.615613655 4263.26575654887 79268959.2729016
655928628.099171 7936864076873.1 2523635247234.7 13124.2322306499 4262.50794465343 79268959.2729015
657232661.157022 7953976961148.69 2529193206157.35 13121.8591344356 4261.7533686214 79268959.2729015
658536694.214874 7971086757498.38 2534750183186.19 13119.4962567226 4261.0020071895 79268959.2729014
659840727.272725 7988193479203.26 2540306182499.39 13117.1435298362 4260.25383928397 79268959.2729014
661144760.330576 8005297139456.53 2545861208247.79 13114.8008867089 4259.50884401837 79268959.2729014
662448793.388427 8022397751364.35 2551415264555.09 13112.468260874 4258.76700069149 79268959.2729013
663752826.446278 8039495327946.59 2556968355518.12 13110.1455864584 4258.02828878529 79268959.2729013
665056859.50413 8056589882137.59 2562520485207.09 13107.8327981761 4257.29268796285 79268959.2729012
666360892.561981 8073681426786.95 2568071657665.78 13105.5298313217 4256.56017806631 79268959.2729012
667664925.619832 8090769974660.25 2573621876911.82 13103.2366217636 4255.83073911492 79268959.2729011
668968958.677683 8107855538439.84 2579171146936.89 13100.9531059377 4255.10435130306 79268959.2729011
670272991.735534 8124938130725.51 2584719471706.96 13098.6792208411 4254.38099499828 79268959.272901
671577024.793386 8142017764035.28 2590266855162.5 13096.4149040257 4253.66065073941 79268959.272901
672881057.851237 8159094450806.08 2595813301218.73 13094.1600935922 4252.94329923463 79268959.272901
674185090.909088 8176168203394.49 2601358813765.8 13091.9147281838 4252.22892135969 79268959.2729009
675489123.966939 8193239034077.42 2606903396669.06 13089.6787469805 4251.51749815595 79268959.2729009
676793157.02479 8210306955052.81 2612447053769.22 13087.4520896928 4250.80901082868 79268959.2729009
678097190.082641 8227371978440.34 2617989788882.58 13085.234696556 4250.10344074519 79268959.2729008
679401223.140493 8244434116282.07 2623531605801.28 13083.0265083245 4249.40076943311 79268959.2729008
680705256.198344 8261493380543.17 2629072508293.45 13080.8274662662 4248.70097857861 79268959.2729007
682009289.256195 8278549783112.51 2634612500103.44 13078.6375121564 4248.00405002472 79268959.2729007
683313322.314046 8295603335803.4 2640151584952.04 13076.4565882728 4247.30996576958 79268959.2729007
684617355.371897 8312654050354.19 2645689766536.64 13074.2846373898 4246.61870796481 79268959.2729006
685921388.429749 8329701938428.92 2651227048531.49 13072.1216027729 4245.93025891383 79268959.2729006
687225421.4876 8346747011617.97 2656763434587.82 13069.9674281739 4245.24460107025 79268959.2729006
688529454.545451 8363789281438.68 2662298928334.12 13067.8220578249 4244.56171703622 79268959.2729006
689833487.603302 8380828759335.98 2667833533376.25 13065.6854364339 4243.88158956088 79268959.2729005
691137520.661153 8397865456683.01 2673367253297.68 13063.5575091791 4243.20420153877 79268959.2729005
692441553.719005 8414899384781.71 2678900091659.69 13061.4382217039 4242.52953600827 79268959.2729004
693745586.776856 8431930554863.46 2684432052001.51 13059.3275201124 4241.85757615011 79268959.2729004
695049619.834707 8448958978089.63 2689963137840.53 13057.2253509637 4241.18830528582 79268959.2729004
696353652.892558 8465984665552.22 2695493352672.49 13055.1316612678 4240.52170687624 79268959.2729004
697657685.950409 8483007628274.4 2701022699971.66 13053.0463984801 4239.85776452008 79268959.2729003
698961719.008261 8500027877211.12 2706551183190.99 13050.9695104975 4239.19646195245 79268959.2729003
700265752.066112 8517045423249.67 2712078805762.32 13048.9009456527 4238.53778304342 79268959.2729003
701569785.123963 8534060277210.24 2717605571096.56 13046.8406527104 4237.8817117966 79268959.2729003
702873818.181814 8551072449846.5 2723131482583.81 13044.7885808626 4237.22823234777 79268959.2729002
704177851.239665 8568081951846.11 2728656543593.6 13042.7446797235 4236.57732896347 79268959.2729002
705481884.297517 8585088793831.34 2734180757475 13040.708899326 4235.92898603964 79268959.2729001
706785917.355368 8602092986359.54 2739704127556.85 13038.6811901164 4235.2831881003 79268959.2729001
708089950.413219 8619094539923.72 2745226657147.87 13036.6615029509 4234.63991979619 79268959.2729001
709393983.47107 8636093464953.08 2750748349536.83 13034.6497890907 4233.99916590349 79268959.2729001
710698016.528921 8653089771813.5 2756269207992.77 13032.6460001979 4233.36091132249 79268959.2729
712002049.586773 8670083470808.1 2761789235765.07 13030.6500883317 4232.72514107633 79268959.2729
713306082.644624 8687074572177.75 2767308436083.71 13028.6620059437 4232.09184030973 79268959.2729
714610115.702475 8704063086101.54 2772826812159.35 13026.6817058745 4231.46099428776 79268959.2729
715914148.760326 8721049022697.34 2778344367183.5 13024.709141349 4230.83258839459 79268959.2729
717218181.818177 8738032392022.26 2783861104328.71 13022.744265973 4230.20660813226 79268959.2728999
718522214.876029 8755013204073.17 2789377026748.71 13020.787033729 4229.58303911952 79268959.2728999
719826247.93388 8771991468787.16 2794892137578.51 13018.8373989723 4228.96186709059 79268959.2728999
721130280.991731 8788967196042.05 2800406439934.62 13016.8953164274 4228.34307789405 79268959.2728998
722434314.049582 8805940395656.83 2805919936915.19 13014.9607411839 4227.72665749162 79268959.2728998
723738347.107433 8822911077392.21 2811432631600.09 13013.0336286933 4227.11259195704 79268959.2728998
725042380.165285 8839879250951 2816944527051.13 13011.1139347647 4226.50086747497 79268959.2728998
726346413.223136 8856844925978.64 2822455626312.18 13009.2016155617 4225.89147033983 79268959.2728998
727650446.280987 8873808112063.61 2827965932409.29 13007.2966275983 4225.28438695472 79268959.2728997
728954479.338838 8890768818737.94 2833475448350.87 13005.3989277359 4224.67960383031 79268959.2728997
730258512.396689 8907727055477.6 2838984177127.79 13003.5084731795 4224.07710758382 79268959.2728997
731562545.45454 8924682831703 2844492121713.56 13001.6252214741 4223.47688493786 79268959.2728997
732866578.512392 8941636156779.39 2849999285064.41 12999.7491305015 4222.87892271949 79268959.2728997
734170611.570243 8958587040017.33 2855505670119.49 12997.8801584772 4222.28320785911 79268959.2728997
735474644.628094 8975535490673.1 2861011279800.96 12996.0182639463 4221.68972738943 79268959.2728997
736778677.685945 8992481517949.13 2866516117014.15 12994.163405781 4221.09846844452 79268959.2728996
738082710.743796 9009425130994.43 2872020184647.65 12992.3155431767 4220.50941825876 79268959.2728996
739386743.801648 9026366338905.01 2877523485573.5 12990.4746356494 4219.92256416585 79268959.2728996
740690776.859499 9043305150724.31 2883026022647.27 12988.6406430321 4219.33789359786 79268959.2728996
741994809.91735 9060241575443.57 2888527798708.2 12986.8135254717 4218.75539408424 79268959.2728996
743298842.975201 9077175622002.28 2894028816579.35 12984.993243426 4218.17505325088 79268959.2728996
744602876.033052 9094107299288.56 2899529079067.68 12983.1797576606 4217.59685881918 79268959.2728995
745906909.090904 9111036616139.57 2905028588964.22 12981.3730292461 4217.02079860508 79268959.2728995
747210942.148755 9127963581341.9 2910527349044.17 12979.5730195545 4216.44686051819 79268959.2728995
748514975.206606 9144888203631.97 2916025362067.02 12977.779690257 4215.87503256082 79268959.2728995
749819008.264457 9161810491696.4 2921522630776.68 12975.9930033206 4215.30530282715 79268959.2728995
751123041.322308 9178730454172.4 2927019157901.58 12974.2129210053 4214.73765950227 79268959.2728994
752427074.38016 9195648099648.18 2932514946154.82 12972.4394058612 4214.17209086138 79268959.2728994
753731107.438011 9212563436663.28 2938009998234.26 12970.6724207259 4213.60858526884 79268959.2728994
755035140.495862 9229476473708.96 2943504316822.63 12968.9119287216 4213.0471311774 79268959.2728994
756339173.553713 9246387219228.61 2948997904587.7 12967.1578932523 4212.48771712725 79268959.2728994
757643206.611564 9263295681618.04 2954490764182.3 12965.4102780009 4211.9303317453 79268959.2728994
758947239.669416 9280201869225.9 2959982898244.53 12963.6690469271 4211.37496374423 79268959.2728994
760251272.727267 9297105790354.02 2965474309397.8 12961.934164264 4210.82160192178 79268959.2728993
761555305.785118 9314007453257.76 2970965000250.98 12960.2055945161 4210.27023515988 79268959.2728993
762859338.842969 9330906866146.38 2976454973398.48 12958.4833024562 4209.72085242384 79268959.2728993
764163371.90082 9347804037183.36 2981944231420.4 12956.7672531233 4209.17344276161 79268959.2728993
765467404.958672 9364698974486.78 2987432776882.59 12955.0574118197 4208.62799530296 79268959.2728993
766771438.016523 9381591686129.63 2992920612336.78 12953.3537441086 4208.08449925873 79268959.2728993
768075471.074374 9398482180140.16 2998407740320.7 12951.6562158118 4207.54294392005 79268959.2728993
769379504.132225 9415370464502.23 3003894163358.14 12949.964793007 4207.00331865757 79268959.2728993
770683537.190076 9432256547155.62 3009379883959.11 12948.2794420255 4206.46561292077 79268959.2728993
771987570.247928 9449140435996.38 3014864904619.89 12946.6001294497 4205.92981623716 79268959.2728992
773291603.305779 9466022138877.13 3020349227823.16 12944.926822111 4205.39591821159 79268959.2728992
774595636.36363 9482901663607.4 3025832856038.11 12943.2594870871 4204.8639085255 79268959.2728992
775899669.421481 9499779017953.97 3031315791720.49 12941.5980917 4204.33377693625 79268959.2728992
777203702.479332 9516654209641.13 3036798037312.79 12939.9426035135 4203.80551327635 79268959.2728992
778507735.537184 9533527246351.05 3042279595244.23 12938.292990331 4203.27910745283 79268959.2728992
779811768.595035 9550398135724.08 3047760467930.98 12936.6492201935 4202.75454944652 79268959.2728992
781115801.652886 9567266885359.02 3053240657776.14 12935.0112613768 4202.23182931133 79268959.2728992
782419834.710737 9584133502813.46 3058720167169.92 12933.37908239 4201.71093717367 79268959.2728991
783723867.768588 9600997995604.1 3064198998489.69 12931.7526519729 4201.19186323169 79268959.2728991
785027900.826439 9617860371207 3069677154100.08 12930.131939094 4200.67459775468 79268959.2728991
786331933.884291 9634720637057.91 3075154636353.08 12928.5169129483 4200.15913108237 79268959.2728991
787635966.942142 9651578800552.55 3080631447588.14 12926.9075429556 4199.64545362434 79268959.272899
788939999.999993 9668434869046.91 3086107590132.23 12925.3037987577 4199.13355585934 79268959.272899
790244033.057844 9685288849857.55 3091583066299.97 12923.7056502171 4198.62342833469 79268959.272899
791548066.115695 9702140750261.86 3097057878393.67 12922.1130674145 4198.11506166562 79268959.272899
792852099.173547 9718990577498.34 3102532028703.47 12920.526020647 4197.6084465347 79268959.272899
794156132.231398 9735838338766.93 3108005519507.4 12918.9444804261 4197.10357369117 79268959.272899
795460165.289249 9752684041229.22 3113478353071.45 12917.3684174758 4196.60043395041 79268959.272899
796764198.3471 9769527692008.8 3118950531649.7 12915.7978027304 4196.09901819327 79268959.272899
798068231.404951 9786369298191.46 3124422057484.37 12914.232607333 4195.59931736555 79268959.272899
799372264.462803 9803208866825.5 3129892932805.92 12912.6728026333 4195.10132247735 79268959.2728989
800676297.520654 9820046404922 3135363159833.12 12911.1183601859 4194.60502460254 79268959.2728989
801980330.578505 9836881919455.09 3140832740773.14 12909.5692517483 4194.11041487817 79268959.2728989
803284363.636356 9853715417362.19 3146301677821.65 12908.0254492792 4193.6174845039 79268959.2728989
804588396.694207 9870546905544.26 3151769973162.87 12906.4869249366 4193.12622474148 79268959.2728989
805892429.752059 9887376390866.13 3157237628969.67 12904.9536510762 4192.63662691412 79268959.2728989
807196462.80991 9904203880156.68 3162704647403.64 12903.4256002492 4192.14868240602 79268959.2728989
808500495.867761 9921029380209.12 3168171030615.18 12901.9027452012 4191.66238266181 79268959.2728988
809804528.925612 9937852897781.25 3173636780743.57 12900.3850588699 4191.17771918596 79268959.2728988
811108561.983463 9954674439595.71 3179101899917.06 12898.8725143835 4190.69468354234 79268959.2728988
812412595.041315 9971494012340.22 3184566390252.91 12897.3650850592 4190.21326735362 79268959.2728988
813716628.099166 9988311622667.82 3190030253857.53 12895.8627444016 4189.7334623008 79268959.2728988
815020661.157017 10005127277197.1 3195493492826.5 12894.3654661005 4189.25526012268 79268959.2728987
816324694.214868 10021940982512.6 3200956109244.65 12892.8732240299 4188.77865261534 79268959.2728987
817628727.272719 10038752745164.6 3206418105186.19 12891.385992246 4188.30363163167 79268959.2728987
818932760.330571 10055562571670.1 3211879482714.7 12889.9037449857 4187.83018908083 79268959.2728987
820236793.388422 10072370468512.1 3217340243883.26 12888.4264566651 4187.35831692781 79268959.2728987
821540826.446273 10089176442140.9 3222800390734.53 12886.9541018775 4186.8880071929 79268959.2728987
822844859.504124 10105980498973.4 3228259925300.76 12885.4866553926 4186.41925195123 79268959.2728987
824148892.561975 10122782645393.8 3233718849603.95 12884.0240921543 4185.9520433323 79268959.2728987
825452925.619827 10139582887753.8 3239177165655.82 12882.5663872795 4185.48637351949 79268959.2728987
826756958.677678 10156381232372.8 3244634875457.97 12881.1135160564 4185.02223474961 79268959.2728987
828060991.735529 10173177685538 3250091981001.89 12879.6654539433 4184.55961931242 79268959.2728986
829365024.79338 10189972253504.7 3255548484269.06 12878.2221765668 4184.0985195502 79268959.2728986
830669057.851231 10206764942496.5 3261004387231.01 12876.7836597205 4183.63892785729 79268959.2728986
831973090.909083 10223555758705.7 3266459691849.38 12875.3498793636 4183.18083667963 79268959.2728986
833277123.966934 10240344708293.1 3271914400075.99 12873.9208116194 4182.72423851432 79268959.2728986
834581157.024785 10257131797388.8 3277368513852.92 12872.4964327738 4182.2691259092 79268959.2728986
835885190.082636 10273917032091.9 3282822035112.54 12871.0767192741 4181.8154914624 79268959.2728986
837189223.140487 10290700418470.7 3288274965777.64 12869.6616477275 4181.36332782192 79268959.2728986
838493256.198339 10307481962563.5 3293727307761.43 12868.2511948998 4180.9126276852 79268959.2728986
839797289.25619 10324261670378.1 3299179062967.62 12866.8453377138 4180.4633837987 79268959.2728986
841101322.314041 10341039547892.4 3304630233290.52 12865.4440532484 4180.01558895751 79268959.2728986
842405355.371892 10357815601054.6 3310080820615.04 12864.0473187368 4179.56923600488 79268959.2728986
843709388.429743 10374589835783.2 3315530826816.84 12862.6551115655 4179.12431783188 79268959.2728986
845013421.487594 10391362257967.2 3320980253762.29 12861.2674092729 4178.68082737694 79268959.2728985
846317454.545446 10408132873466.7 3326429103308.6 12859.884189548 4178.23875762551 79268959.2728985
847621487.603297 10424901688112.7 3331877377303.88 12858.5054302292 4177.7981016096 79268959.2728985
848925520.661148 10441668707707.2 3337325077587.17 12857.1311093028 4177.35885240745 79268959.2728985
850229553.718999 10458433938023.8 3342772205988.5 12855.7612049021 4176.92100314309 79268959.2728985
851533586.77685 10475197384807.6 3348218764328.98 12854.3956953059 4176.484546986 79268959.2728985
852837619.834702 10491959053775.5 3353664754420.85 12853.0345589374 4176.04947715072 79268959.2728985
854141652.892553 10508718950616.3 3359110178067.51 12851.6777743631 4175.61578689644 79268959.2728985
855445685.950404 10525477080991.1 3364555037063.61 12850.3253202912 4175.18346952669 79268959.2728985
856749719.008255 10542233450533.1 3369999333195.09 12848.9771755708 4174.75251838891 79268959.2728985
858053752.066106 10558988064848.2 3375443068239.26 12847.6333191907 4174.32292687415 79268959.2728985
859357785.123958 10575740929514.8 3380886243964.81 12846.2937302779 4173.89468841663 79268959.2728985
860661818.181809 10592492050084.4 3386328862131.94 12844.9583880969 4173.46779649347 79268959.2728985
861965851.23966 10609241432081.4 3391770924492.31 12843.6272720482 4173.04224462427 79268959.2728985
863269884.297511 10625989081003.5 3397212432789.23 12842.3003616675 4172.61802637081 79268959.2728985
864573917.355362 10642735002321.6 3402653388757.57 12840.9776366241 4172.19513533665 79268959.2728985
865877950.413214 10659479201480.5 3408093794123.95 12839.6590767204 4171.77356516683 79268959.2728985
867181983.471065 10676221683898.6 3413533650606.67 12838.3446618903 4171.35330954753 79268959.2728985
868486016.528916 10692962454968 3418972959915.88 12837.0343721985 4170.9343622057 79268959.2728985
869790049.586767 10709701520055.3 3424411723753.53 12835.728187839 4170.51671690877 79268959.2728985
871094082.644618 10726438884501 3429849943813.5 12834.4260891346 4170.10036746427 79268959.2728984
872398115.70247 10743174553620.3 3435287621781.6 12833.1280565351 4169.68530771958 79268959.2728984
873702148.760321 10759908532702.7 3440724759335.65 12831.8340706171 4169.2715315615 79268959.2728984
875006181.818172 10776640827012.8 3446161358145.53 12830.5441120824 4168.85903291605 79268959.2728984
876310214.876023 10793371441789.8 3451597419873.22 12829.2581617571 4168.44780574806 79268959.2728984
877614247.933874 10810100382248.1 3457032946172.85 12827.9762005906 4168.03784406089 79268959.2728984
878918280.991726 10826827653577.3 3462467938690.77 12826.6982096547 4167.62914189614 79268959.2728984
880222314.049577 10843553260942.6 3467902399065.56 12825.4241701426 4167.22169333331 79268959.2728984
881526347.107428 10860277209484.5 3473336328928.12 12824.1540633677 4166.81549248949 79268959.2728984
882830380.165279 10876999504319.2 3478769729901.72 12822.8878707628 4166.41053351912 79268959.2728984
884134413.22313 10893720150539 3484202603601.99 12821.6255738793 4166.00681061361 79268959.2728984
885438446.280982 10910439153212.1 3489634951637.04 12820.3671543858 4165.60431800109 79268959.2728984
886742479.338833 10927156517382.8 3495066775607.48 12819.1125940677 4165.20304994614 79268959.2728984
888046512.396684 10943872248071.7 3500498077106.44 12817.8618748256 4164.80300074942 79268959.2728984
889350545.454535 10960586350276.1 3505928857719.66 12816.6149786753 4164.40416474747 79268959.2728984
890654578.512386 10977298828969.6 3511359119025.51 12815.3718877458 4164.00653631237 79268959.2728984
891958611.570238 10994009689102.9 3516788862595.05 12814.1325842794 4163.61010985148 79268959.2728984
893262644.628089 11010718935603.4 3522218089992.06 12812.8970506299 4163.21487980717 79268959.2728984
894566677.68594 11027426573375.7 3527646802773.12 12811.6652692626 4162.8208406565 79268959.2728984
895870710.743791 11044132607301.4 3533075002487.59 12810.4372227526 4162.42798691101 79268959.2728984
897174743.801642 11060837042239.6 3538502690677.73 12809.2128937844 4162.0363131164 79268959.2728983
898478776.859493 11077539883026.9 3543929868878.69 12807.9922651512 4161.64581385227 79268959.2728984
899782809.917345 11094241134477.6 3549356538618.59 12806.7753197533 4161.25648373188 79268959.2728983
901086842.975196 11110940801383.4 3554782701418.53 12805.562040598 4160.86831740185 79268959.2728983
902390876.033047 11127638888514.5 3560208358792.67 12804.3524107986 4160.48130954193 79268959.2728983
903694909.090898 11144335400618.5 3565633512248.23 12803.1464135731 4160.09545486472 79268959.2728983
904998942.148749 11161030342421.8 3571058163285.57 12801.9440322441 4159.71074811542 79268959.2728983
906302975.206601 11177723718628.7 3576482313398.22 12800.7452502373 4159.32718407159 79268959.2728983
907607008.264452 11194415533922.1 3581905964072.92 12799.5500510812 4158.94475754288 79268959.2728983
908911041.322303 11211105792963.4 3587329116789.65 12798.3584184061 4158.56346337078 79268959.2728983
910215074.380154 11227794500392.9 3592751773021.71 12797.1703359431 4158.18329642841 79268959.2728983
911519107.438005 11244481660829.6 3598173934235.71 12795.9857875238 4157.8042516202 79268959.2728983
912823140.495857 11261167278871.6 3603595601891.65 12794.804757079 4157.42632388175 79268959.2728983
914127173.553708 11277851359095.9 3609016777442.94 12793.6272286384 4157.04950817949 79268959.2728983
915431206.611559 11294533906058.9 3614437462336.43 12792.4531863293 4156.67379951051 79268959.2728983
916735239.66941 11311214924296.3 3619857658012.51 12791.2826143766 4156.29919290231 79268959.2728983
918039272.727261 11327894418323.5 3625277365905.06 12790.115497101 4155.92568341254 79268959.2728983
919343305.785113 11344572392635.1 3630696587441.55 12788.9518189195 4155.5532661288 79268959.2728983
920647338.842964 11361248851705.9 3636115324043.08 12787.7915643435 4155.1819361684 79268959.2728983
921951371.900815 11377923799990.2 3641533577124.38 12786.6347179789 4154.81168867813 79268959.2728983
923255404.958666 11394597241922.5 3646951348093.87 12785.4812645249 4154.44251883404 79268959.2728983
924559438.016517 11411269181917.4 3652368638353.72 12784.3311887735 4154.07442184122 79268959.2728983
925863471.074369 11427939624369.5 3657785449299.85 12783.1844756089 4153.70739293357 79268959.2728982
927167504.13222 11444608573654.1 3663201782321.99 12782.0411100064 4153.34142737358 79268959.2728982
928471537.190071 11461276034126.7 3668617638803.7 12780.901077032 4152.97652045213 79268959.2728982
929775570.247922 11477942010123.4 3674033020122.42 12779.7643618417 4152.61266748828 79268959.2728982
931079603.305773 11494606505961.2 3679447927649.52 12778.6309496809 4152.24986382902 79268959.2728982
932383636.363625 11511269525937.7 3684862362750.3 12777.5008258834 4151.88810484909 79268959.2728982
933687669.421476 11527931074331.6 3690276326784.06 12776.3739758709 4151.52738595076 79268959.2728982
934991702.479327 11544591155402.5 3695689821104.12 12775.2503851525 4151.16770256364 79268959.2728982
936295735.537178 11561249773391.2 3701102847057.86 12774.1300393238 4150.80905014446 79268959.2728982
937599768.595029 11577906932519.9 3706515405986.73 12773.0129240665 4150.45142417687 79268959.2728982
938903801.652881 11594562636992 3711927499226.35 12771.8990251474 4150.09482017121 79268959.2728982
940207834.710732 11611216890992.5 3717339128106.46 12770.7883284181 4149.73923366439 79268959.2728982
941511867.768583 11627869698687.9 3722750293951.02 12769.6808198141 4149.38466021959 79268959.2728982
942815900.826434 11644521064226.7 3728160998078.23 12768.5764853544 4149.03109542615 79268959.2728982
944119933.884285 11661170991738.8 3733571241800.53 12767.4753111408 4148.67853489934 79268959.2728982
945423966.942137 11677819485336.4 3738981026424.68 12766.3772833571 4148.32697428014 79268959.2728982
946727999.999988 11694466549113.5 3744390353251.76 12765.2823882687 4147.97640923511 79268959.2728982
948032033.057839 11711112187146.4 3749799223577.22 12764.1906122221 4147.62683545616 79268959.2728982
949336066.11569 11727756403493.5 3755207638690.91 12763.1019416439 4147.27824866036 79268959.2728982
950640099.173541 11744399202195.7 3760615599877.11 12762.0163630405 4146.93064458978 79268959.2728982
951944132.231393 11761040587276.2 3766023108414.56 12760.9338629975 4146.58401901129 79268959.2728982
953248165.289244 11777680562740.9 3771430165576.5 12759.8544281791 4146.23836771638 79268959.2728982
954552198.347095 11794319132578.2 3776836772630.71 12758.7780453273 4145.89368652098 79268959.2728982
955856231.404946 11810956300759.6 3782242930839.5 12757.7047012618 4145.54997126529 79268959.2728982
957160264.462797 11827592071238.9 3787648641459.79 12756.6343828788 4145.20721781356 79268959.2728982
958464297.520648 11844226447953.5 3793053905743.13 12755.5670771509 4144.865422054 79268959.2728982
959768330.5785 11860859434823.3 3798458724935.71 12754.5027711265 4144.52457989851 79268959.2728982
961072363.636351 11877491035751.8 3803863100278.4 12753.4414519292 4144.18468728257 79268959.2728982
962376396.694202 11894121254625.4 3809267033006.81 12752.3831067569 4143.84574016504 79268959.2728982
963680429.752053 11910750095314.2 3814670524351.26 12751.3277228818 4143.50773452801 79268959.2728982
964984462.809904 11927377561671.4 3820073575536.88 12750.2752876497 4143.17066637662 79268959.2728981
966288495.867756 11944003657534 3825476187783.59 12749.2257884791 4142.83453173888 79268959.2728981
967592528.925607 11960628386722.6 3830878362306.14 12748.1792128612 4142.49932666553 79268959.2728981
968896561.983458 11977251753041.4 3836280100314.14 12747.135548359 4142.16504722988 79268959.2728981
970200595.041309 11993873760278.5 3841681403012.12 12746.094782607 4141.8316895276 79268959.2728981
971504628.09916 12010494412206.1 3847082271599.51 12745.0569033105 4141.49924967662 79268959.2728981
972808661.157012 12027113712580.1 3852482707270.7 12744.0218982452 4141.16772381693 79268959.2728981
974112694.214863 12043731665140.8 3857882711215.06 12742.9897552567 4140.83710811042 79268959.2728981
975416727.272714 12060348273612.4 3863282284616.97 12741.9604622599 4140.50739874077 79268959.2728981
976720760.330565 12076963541703.6 3868681428655.85 12740.9340072386 4140.17859191324 79268959.2728981
978024793.388416 12093577473107.5 3874080144506.17 12739.9103782451 4139.85068385453 79268959.2728981
979328826.446268 12110190071501.5 3879478433337.52 12738.8895633994 4139.52367081264 79268959.2728981
980632859.504119 12126801340547.6 3884876296314.59 12737.8715508889 4139.19754905673 79268959.2728981
981936892.56197 12143411283892.5 3890273734597.22 12736.856328968 4138.87231487694 79268959.2728981
983240925.619821 12160019905167.7 3895670749340.44 12735.8438859576 4138.54796458424 79268959.2728981
984544958.677672 12176627207989.2 3901067341694.47 12734.8342102443 4138.22449451031 79268959.2728981
985848991.735524 12193233195958.3 3906463512804.77 12733.8272902804 4137.90190100738 79268959.2728981
987153024.793375 12209837872661.1 3911859263812.04 12732.8231145833 4137.58018044808 79268959.2728981
988457057.851226 12226441241668.6 3917254595852.28 12731.8216717347 4137.25932922531 79268959.2728981
989761090.909077 12243043306537.3 3922649510056.79 12730.8229503806 4136.93934375206 79268959.2728981
991065123.966928 12259644070808.6 3928044007552.21 12729.8269392306 4136.62022046133 79268959.2728981
992369157.02478 12276243538009.4 3933438089460.53 12728.8336270575 4136.30195580593 79268959.2728981
993673190.082631 12292841711652.1 3938831756899.15 12727.8430026969 4135.98454625839 79268959.2728981
994977223.140482 12309438595234.2 3944225010980.87 12726.8550550466 4135.66798831078 79268959.272898
996281256.198333 12326034192239.3 3949617852813.92 12725.8697730664 4135.35227847458 79268959.272898
997585289.256184 12342628506136.2 3955010283502 12724.8871457775 4135.0374132806 79268959.272898
998889322.314036 12359221540379.5 3960402304144.3 12723.9071622621 4134.72338927876 79268959.272898
1000193355.37189 12375813298409.9 3965793915835.53 12722.9298116629 4134.41020303802 79268959.272898
1001497388.42974 12392403783653.6 3971185119665.93 12721.9550831829 4134.09785114622 79268959.272898
1002801421.48759 12408992999522.9 3976575916721.31 12720.9829660847 4133.78633020995 79268959.272898
1004105454.54544 12425580949416.3 3981966308083.04 12720.0134496905 4133.47563685443 79268959.272898
1005409487.60329 12442167636718.2 3987356294828.14 12719.046523381 4133.16576772338 79268959.272898
1006713520.66114 12458753064799.2 3992745878029.24 12718.0821765957 4132.85671947889 79268959.272898
1008017553.71899 12475337237016.4 3998135058754.64 12717.120398832 4132.54848880128 79268959.272898
1009321586.77685 12491920156712.9 4003523838068.32 12716.1611796453 4132.241072389 79268959.272898
1010625619.8347 12508501827218.5 4008912217029.97 12715.2045086478 4131.93446695848 79268959.272898
1011929652.89255 12525082251849.3 4014300196695 12714.2503755091 4131.62866924402 79268959.272898
1013233685.9504 12541661433908.1 4019687778114.57 12713.298769955 4131.32367599766 79268959.272898
1014537719.00825 12558239376684.2 4025074962335.65 12712.3496817674 4131.01948398909 79268959.272898
1015841752.0661 12574816083453.9 4030461750400.96 12711.4031007841 4130.71609000548 79268959.272898
1017145785.12395 12591391557479.9 4035848143349.07 12710.4590168981 4130.41349085137 79268959.272898
1018449818.1818 12607965802011.9 4041234142214.4 12709.5174200575 4130.1116833486 79268959.272898
1019753851.23965 12624538820286.8 4046619748027.22 12708.5783002648 4129.81066433613 79268959.272898
1021057884.29751 12641110615528 4052004961813.69 12707.6416475768 4129.51043066996 79268959.272898
1022361917.35536 12657681190946.4 4057389784595.9 12706.7074521042 4129.210979223 79268959.272898
1023665950.41321 12674250549739.8 4062774217391.85 12705.7757040111 4128.91230688498 79268959.272898
1024969983.47106 12690818695093.3 4068158261215.51 12704.8463935148 4128.61441056229 79268959.272898
1026274016.52891 12707385630179.3 4073541917076.82 12703.9195108852 4128.31728717791 79268959.272898
1027578049.58676 12723951358157.4 4078925185981.72 12702.9950464447 4128.02093367126 79268959.272898
1028882082.64461 12740515882174.8 4084308068932.16 12702.0729905678 4127.72534699815 79268959.272898
1030186115.70246 12757079205366.1 4089690566926.16 12701.1533336804 4127.43052413059 79268959.272898
1031490148.76032 12773641330853.3 4095072680957.76 12700.23606626 4127.13646205674 79268959.272898
1032794181.81817 12790202261746.4 4100454412017.12 12699.321178835 4126.84315778079 79268959.272898
1034098214.87602 12806762001142.7 4105835761090.49 12698.4086619844 4126.55060832282 79268959.272898
1035402247.93387 12823320552127.4 4111216729160.24 12697.4985063377 4126.25881071875 79268959.272898
1036706280.99172 12839877917773.6 4116597317204.88 12696.590702574 4125.96776202018 79268959.272898
1038010314.04957 12856434101142.1 4121977526199.1 12695.6852414223 4125.67745929431 79268959.272898
1039314347.10742 12872989105281.6 4127357357113.77 12694.7821136609 4125.38789962386 79268959.272898
1040618380.16527 12889542933229.2 4132736810915.97 12693.8813101168 4125.0990801069 79268959.272898
1041922413.22312 12906095588009.6 4138115888568.99 12692.982821666 4124.81099785681 79268959.272898
1043226446.28098 12922647072636 4143494591032.38 12692.0866392325 4124.52365000217 79268959.272898
1044530479.33883 12939197390109.4 4148872919261.95 12691.1927537884 4124.23703368662 79268959.272898
1045834512.39668 12955746543419.5 4154250874209.81 12690.3011563536 4123.9511460688 79268959.272898
1047138545.45453 12972294535544 4159628456824.35 12689.4118379951 4123.66598432225 79268959.272898
1048442578.51238 12988841369449.2 4165005668050.29 12688.5247898271 4123.38154563526 79268959.272898
1049746611.57023 13005387048089.6 4170382508828.71 12687.6400030104 4123.09782721085 79268959.272898
1051050644.62808 13021931574408.4 4175758980097.04 12686.7574687524 4122.81482626663 79268959.272898
1052354677.68593 13038474951337.3 4181135082789.09 12685.8771783065 4122.53254003468 79268959.272898
1053658710.74379 13055017181796.7 4186510817835.06 12684.9991229719 4122.25096576151 79268959.272898
1054962743.80164 13071558268695.4 4191886186161.59 12684.1232940932 4121.97010070793 79268959.272898
1056266776.85949 13088098214931.4 4197261188691.75 12683.2496830604 4121.68994214897 79268959.272898
1057570809.91734 13104637023391.1 4202635826345.06 12682.3782813083 4121.41048737378 79268959.2728979
1058874842.97519 13121174696950 4208010100037.52 12681.5090803162 4121.13173368553 79268959.272898
1060178876.03304 13137711238472.4 4213384010681.61 12680.642071608 4120.85367840134 79268959.272898
1061482909.09089 13154246650811.6 4218757559186.34 12679.7772467512 4120.57631885218 79268959.2728979
1062786942.14874 13170780936810 4224130746457.24 12678.9145973575 4120.29965238276 79268959.2728979
1064090975.2066 13187314099298.9 4229503573396.38 12678.0541150817 4120.02367635147 79268959.2728979
1065395008.26445 13203846141098.9 4234876040902.4 12677.1957916219 4119.74838813029 79268959.2728979
1066699041.3223 13220377065019.9 4240248149870.52 12676.3396187192 4119.47378510468 79268959.2728979
1068003074.38015 13236906873860.9 4245619901192.57 12675.485588157 4119.19986467349 79268959.2728979
1069307107.438 13253435570410.1 4250991295756.97 12674.6336917614 4118.92662424891 79268959.2728979
1070611140.49585 13269963157445.4 4256362334448.8 12673.7839214002 4118.65406125636 79268959.2728979
1071915173.5537 13286489637733.9 4261733018149.78 12672.9362689833 4118.38217313439 79268959.2728979
1073219206.61155 13303015014032.2 4267103347738.31 12672.0907264618 4118.11095733462 79268959.2728979
1074523239.6694 13319539289086.3 4272473324089.45 12671.2472858282 4117.84041132165 79268959.2728979
1075827272.72726 13336062465632.2 4277842948074.99 12670.4059391161 4117.57053257298 79268959.2728979
1077131305.78511 13352584546395.1 4283212220563.42 12669.5666783996 4117.3013185789 79268959.2728979
1078435338.84296 13369105534090.1 4288581142419.98 12668.7294957934 4117.03276684246 79268959.2728979
1079739371.90081 13385625431422 4293949714506.65 12667.8943834523 4116.76487487934 79268959.2728979
1081043404.95866 13402144241085.4 4299317937682.18 12667.0613335709 4116.49764021778 79268959.2728979
1082347438.01651 13418661965764.7 4304685812802.12 12666.2303383839 4116.23106039853 79268959.2728979
1083651471.07436 13435178608134.3 4310053340718.79 12665.4013901649 4115.96513297473 79268959.2728979
1084955504.13222 13451694170858.6 4315420522281.36 12664.574481227 4115.69985551185 79268959.2728979
1086259537.19007 13468208656591.7 4320787358335.82 12663.7496039222 4115.43522558762 79268959.2728979
1087563570.24792 13484722067978.1 4326153849725.01 12662.9267506411 4115.17124079194 79268959.2728979
1088867603.30577 13501234407652.2 4331519997288.63 12662.1059138126 4114.90789872681 79268959.2728979
1090171636.36362 13517745678238.6 4336885801863.26 12661.287085904 4114.64519700622 79268959.2728979
1091475669.42147 13534255882352.1 4342251264282.39 12660.4702594205 4114.38313325616 79268959.2728979
1092779702.47932 13550765022597.8 4347616385376.41 12659.6554269048 4114.12170511443 79268959.2728979
1094083735.53717 13567273101571 4352981165972.64 12658.8425809373 4113.86091023066 79268959.2728979
1095387768.59503 13583780121857.4 4358345606895.34 12658.0317141355 4113.60074626618 79268959.2728979
1096691801.65288 13600286086033.2 4363709708965.74 12657.2228191538 4113.34121089398 79268959.2728979
1097995834.71073 13616790996664.9 4369073473002.02 12656.4158886836 4113.08230179862 79268959.2728979
1099299867.76858 13633294856309.5 4374436899819.38 12655.6109154526 4112.82401667614 79268959.2728979
1100603900.82643 13649797667514.6 4379799990229.99 12654.8078922249 4112.56635323404 79268959.2728979
1101907933.88428 13666299432818.4 4385162745043.07 12654.0068118005 4112.30930919116 79268959.2728979
1103211966.94213 13682800154749.7 4390525165064.84 12653.2076670155 4112.05288227761 79268959.2728979
1104515999.99999 13699299835828 4395887251098.58 12652.4104507414 4111.79707023475 79268959.2728979
1105820033.05784 13715798478563.5 4401249003944.65 12651.6151558852 4111.54187081505 79268959.2728979
1107124066.11569 13732296085457.1 4406610424400.47 12650.821775389 4111.28728178208 79268959.2728979
1108428099.17354 13748792659000.7 4411971513260.54 12650.0303022298 4111.03330091041 79268959.2728979
1109732132.23139 13765288201677 4417332271316.49 12649.2407294194 4110.77992598555 79268959.2728979
1111036165.28924 13781782715959.5 4422692699357.05 12648.4530500042 4110.52715480388 79268959.2728979
1112340198.34709 13798276204312.8 4428052798168.09 12647.6672570648 4110.27498517258 79268959.2728979
1113644231.40494 13814768669192.4 4433412568532.63 12646.8833437158 4110.02341490958 79268959.2728979
1114948264.4628 13831260113044.8 4438772011230.85 12646.1013031058 4109.77244184346 79268959.2728979
1116252297.52065 13847750538307.8 4444131127040.1 12645.321128417 4109.52206381343 79268959.2728979
1117556330.5785 13864239947410.1 4449489916734.92 12644.5428128652 4109.27227866922 79268959.2728979
1118860363.63635 13880728342771.8 4454848381087.07 12643.7663496991 4109.02308427104 79268959.2728979
1120164396.6942 13897215726803.9 4460206520865.51 12642.9917322008 4108.77447848953 79268959.2728979
1121468429.75205 13913702101909 4465564336836.42 12642.2189536852 4108.52645920564 79268959.2728979
1122772462.8099 13930187470480.8 4470921829763.25 12641.4480074995 4108.27902431064 79268959.2728979
1124076495.86775 13946671834904.4 4476279000406.69 12640.6788870238 4108.032171706 79268959.2728979
1125380528.92561 13963155197556.2 4481635849524.69 12639.9115856701 4107.78589930336 79268959.2728979
1126684561.98346 13979637560804.3 4486992377872.52 12639.1460968826 4107.54020502444 79268959.2728979
1127988595.04131 13996118927008 4492348586202.7 12638.3824141372 4107.29508680101 79268959.2728978
1129292628.09916 14012599298518.1 4497704475265.1 12637.6205309416 4107.05054257481 79268959.2728978
1130596661.15701 14029078677677.2 4503060045806.88 12636.8604408349 4106.80657029749 79268959.2728978
1131900694.21486 14045557066819.4 4508415298572.56 12636.1021373874 4106.56316793056 79268959.2728978
1133204727.27271 14062034468270.2 4513770234304 12635.3456142006 4106.32033344532 79268959.2728978
1134508760.33057 14078510884347 4519124853740.41 12634.5908649068 4106.07806482279 79268959.2728978
1135812793.38842 14094986317359 4524479157618.39 12633.837883169 4105.8363600537 79268959.2728978
1137116826.44627 14111460769607 4529833146671.91 12633.0866626807 4105.59521713836 79268959.2728978
1138420859.50412 14127934243383.5 4535186821632.36 12632.3371971657 4105.35463408666 79268959.2728978
1139724892.56197 14144406740973.2 4540540183228.51 12631.5894803779 4105.11460891798 79268959.2728978
1141028925.61982 14160878264652.2 4545893232186.59 12630.8435061015 4104.87513966116 79268959.2728978
1142332958.67767 14177348816688.9 4551245969230.24 12630.0992681499 4104.63622435441 79268959.2728978
1143636991.73552 14193818399343.5 4556598395080.56 12629.3567603666 4104.39786104527 79268959.2728978
1144941024.79338 14210287014868.1 4561950510456.09 12628.6159766242 4104.16004779058 79268959.2728978
1146245057.85123 14226754665507.1 4567302316072.88 12627.8769108248 4103.92278265638 79268959.2728978
1147549090.90908 14243221353496.6 4572653812644.42 12627.1395568993 4103.68606371786 79268959.2728979
1148853123.96693 14259687081065.2 4578005000881.73 12626.4039088076 4103.44988905936 79268959.2728978
1150157157.02478 14276151850433.2 4583355881493.31 12625.6699605384 4103.21425677424 79268959.2728978
1151461190.08263 14292615663813.6 4588706455185.22 12624.937706109 4102.97916496488 79268959.2728978
1152765223.14048 14309078523411.1 4594056722661 12624.2071395647 4102.74461174259 79268959.2728978
1154069256.19834 14325540431423 4599406684621.78 12623.4782549794 4102.5105952276 79268959.2728978
1155373289.25619 14342001390038.7 4604756341766.21 12622.7510464549 4102.27711354897 79268959.2728978
1156677322.31404 14358461401440.2 4610105694790.52 12622.0255081208 4102.04416484455 79268959.2728979
1157981355.37189 14374920467801.5 4615454744388.52 12621.3016341346 4101.81174726091 79268959.2728979
1159285388.42974 14391378591289.2 4620803491251.61 12620.5794186811 4101.57985895334 79268959.2728979
1160589421.48759 14407835774062.3 4626151936068.77 12619.8588559725 4101.34849808574 79268959.2728979
1161893454.54544 14424292018272.3 4631500079526.62 12619.1399402485 4101.11766283061 79268959.2728979
1163197487.60329 14440747326063.1 4636847922309.39 12618.4226657756 4100.88735136896 79268959.2728979
1164501520.66115 14457201699571.4 4642195465098.93 12617.7070268471 4100.65756189031 79268959.2728978
1165805553.719 14473655140926.2 4647542708574.77 12616.9930177833 4100.42829259259 79268959.2728978
1167109586.77685 14490107652249.2 4652889653414.04 12616.280632931 4100.19954168213 79268959.2728978
1168413619.8347 14506559235654.7 4658236300291.6 12615.5698666632 4099.97130737359 79268959.2728978
1169717652.89255 14523009893249.8 4663582649879.94 12614.8607133795 4099.74358788992 79268959.2728979
1171021685.9504 14539459627134.3 4668928702849.26 12614.1531675053 4099.51638146229 79268959.2728979
1172325719.00825 14555908439400.6 4674274459867.45 12613.4472234922 4099.28968633008 79268959.2728978
1173629752.0661 14572356332134 4679619921600.11 12612.7428758174 4099.0635007408 79268959.2728978
1174933785.12396 14588803307412.5 4684965088710.57 12612.040118984 4098.83782295006 79268959.2728978
1176237818.18181 14605249367307.3 4690309961859.88 12611.3389475204 4098.61265122151 79268959.2728978
1177541851.23966 14621694513882 4695654541706.83 12610.6393559803 4098.38798382681 79268959.2728978
1178845884.29751 14638138749193.4 4700998828907.98 12609.9413389429 4098.16381904556 79268959.2728978
1180149917.35536 14654582075291.1 4706342824117.62 12609.2448910121 4097.94015516528 79268959.2728978
1181453950.41321 14671024494217.9 4711686527987.83 12608.550006817 4097.71699048135 79268959.2728978
1182757983.47106 14687466008009.4 4717029941168.48 12607.8566810113 4097.49432329696 79268959.2728978
1184062016.52892 14703906618694.4 4722373064307.22 12607.1649082734 4097.27215192308 79268959.2728978
1185366049.58677 14720346328294.6 4727715898049.51 12606.4746833062 4097.0504746784 79268959.2728978
1186670082.64462 14736785138824.9 4733058443038.61 12605.7860008368 4096.82928988929 79268959.2728978
1187974115.70247 14753223052293.3 4738400699915.62 12605.0988556167 4096.60859588976 79268959.2728978
1189278148.76032 14769660070701.2 4743742669319.46 12604.4132424212 4096.38839102143 79268959.2728978
1190582181.81817 14786096196042.9 4749084351886.9 12603.7291560499 4096.16867363343 79268959.2728978
1191886214.87602 14802531430306 4754425748252.55 12603.0465913257 4095.94944208245 79268959.2728978
1193190247.93387 14818965775471.5 4759766859048.9 12602.3655430956 4095.7306947326 79268959.2728978
1194494280.99173 14835399233513.6 4765107684906.29 12601.6860062299 4095.51242995543 79268959.2728978
1195798314.04958 14851831806399.8 4770448226452.96 12601.0079756221 4095.29464612987 79268959.2728978
1197102347.10743 14868263496091.1 4775788484315.04 12600.3314461894 4095.07734164217 79268959.2728978
1198406380.16528 14884694304541.6 4781128459116.54 12599.6564128715 4094.86051488591 79268959.2728978
1199710413.22313 14901124233699.1 4786468151479.4 12598.9828706317 4094.64416426188 79268959.2728978
1201014446.28098 14917553285504.8 4791807562023.48 12598.3108144557 4094.42828817812 79268959.2728978
1202318479.33883 14933981461893.2 4797146691366.55 12597.640239352 4094.21288504981 79268959.2728978
1203622512.39669 14950408764792.5 4802485540124.35 12596.9711403519 4093.99795329929 79268959.2728978
1204926545.45454 14966835196124.3 4807824108910.52 12596.3035125089 4093.78349135596 79268959.2728978
1206230578.51239 14983260757803.9 4813162398336.71 12595.6373508989 4093.56949765629 79268959.2728978
1207534611.57024 14999685451740 4818500409012.49 12594.9726506201 4093.35597064375 79268959.2728978
1208838644.62809 15016109279835.2 4823838141545.44 12594.3094067926 4093.1429087688 79268959.2728978
1210142677.68594 15032532243985.6 4829175596541.09 12593.6476145586 4092.9303104888 79268959.2728978
1211446710.74379 15048954346080.7 4834512774603 12592.9872690821 4092.71817426803 79268959.2728978
1212750743.80164 15065375588004.3 4839849676332.71 12592.3283655486 4092.50649857761 79268959.2728978
1214054776.8595 15081795971633.4 4845186302329.76 12591.6708991656 4092.29528189546 79268959.2728978
1215358809.91735 15098215498839.1 4850522653191.73 12591.0148651616 4092.08452270632 79268959.2728978
1216662842.9752 15114634171486.1 4855858729514.22 12590.3602587866 4091.87421950162 79268959.2728978
1217966876.03305 15131051991433 4861194531890.88 12589.707075312 4091.66437077952 79268959.2728978
1219270909.0909 15147468960532.3 4866530060913.38 12589.0553100301 4091.45497504484 79268959.2728978
1220574942.14875 15163885080630.3 4871865317171.47 12588.4049582543 4091.24603080902 79268959.2728978
1221878975.2066 15180300353567.1 4877200301252.95 12587.7560153185 4091.03753659008 79268959.2728978
1223183008.26445 15196714781176.9 4882535013743.69 12587.1084765779 4090.82949091261 79268959.2728978
1224487041.32231 15213128365287.9 4887869455227.65 12586.462337408 4090.62189230771 79268959.2728978
1225791074.38016 15229541107722 4893203626286.87 12585.8175932048 4090.41473931296 79268959.2728978
1227095107.43801 15245953010295.5 4898537527501.48 12585.1742393847 4090.20803047238 79268959.2728978
1228399140.49586 15262364074818.4 4903871159449.75 12584.5322713845 4090.0017643364 79268959.2728978
1229703173.55371 15278774303094.9 4909204522708.02 12583.8916846612 4089.79593946182 79268959.2728978
1231007206.61156 15295183696923.2 4914537617850.78 12583.2524746917 4089.59055441179 79268959.2728978
1232311239.66941 15311592258095.9 4919870445450.64 12582.6146369728 4089.38560775574 79268959.2728978
1233615272.72727 15327999988399.4 4925203006078.35 12581.9781670214 4089.18109806937 79268959.2728978
1234919305.78512 15344406889614.4 4930535300302.81 12581.343060374 4088.97702393465 79268959.2728978
1236223338.84297 15360812963515.9 4935867328691.07 12580.7093125865 4088.77338393969 79268959.2728978
1237527371.90082 15377218211872.8 4941199091808.35 12580.0769192346 4088.57017667881 79268959.2728978
1238831404.95867 15393622636448.7 4946530590218.03 12579.4458759134 4088.36740075245 79268959.2728978
1240135438.01652 15410026239001 4951861824481.68 12578.816178237 4088.16505476712 79268959.2728978
1241439471.07437 15426429021281.8 4957192795159.05 12578.1878218389 4087.96313733543 79268959.2728978
1242743504.13222 15442830985037.3 4962523502808.08 12577.5608023718 4087.761647076 79268959.2728978
1244047537.19008 15459232132007.9 4967853947984.94 12576.9351155071 4087.56058261345 79268959.2728978
1245351570.24793 15475632463928.8 4973184131243.97 12576.3107569353 4087.35994257836 79268959.2728978
1246655603.30578 15492031982529.1 4978514053137.75 12575.6877223654 4087.15972560725 79268959.2728978
1247959636.36363 15508430689532.8 4983843714217.09 12575.0660075254 4086.95993034254 79268959.2728978
1249263669.42148 15524828586657.9 4989173115031.03 12574.4456081617 4086.76055543251 79268959.2728978
1250567702.47933 15541225675617.1 4994502256126.84 12573.826520039 4086.56159953128 79268959.2728978
1251871735.53718 15557621958117.7 4999831138050.05 12573.2087389406 4086.36306129877 79268959.2728978
1253175768.59504 15574017435861.1 5005159761344.44 12572.592260668 4086.16493940067 79268959.2728978
1254479801.65289 15590412110543.8 5010488126552.07 12571.9770810408 4085.96723250842 79268959.2728978
1255783834.71074 15606805983856.3 5015816234213.24 12571.3631958968 4085.76993929915 79268959.2728978
1257087867.76859 15623199057484 5021144084866.55 12570.7506010914 4085.5730584557 79268959.2728977
1258391900.82644 15639591333107 5026471679048.9 12570.1392924984 4085.37658866653 79268959.2728977
1259695933.88429 15655982812399.8 5031799017295.45 12569.529266009 4085.18052862574 79268959.2728978
1260999966.94214 15672373497031.5 5037126100139.68 12568.9205175321 4084.98487703298 79268959.2728977
1262303999.99999 15688763388666.3 5042452928113.38 12568.3130429943 4084.78963259351 79268959.2728978
1263608033.05785 15705152488962.5 5047779501746.64 12567.7068383396 4084.59479401807 79268959.2728978
1264912066.1157 15721540799573.6 5053105821567.89 12567.1018995295 4084.40036002292 79268959.2728978
1266216099.17355 15737928322147.7 5058431888103.88 12566.4982225426 4084.20632932979 79268959.2728977
1267520132.2314 15754315058327.6 5063757701879.71 12565.8958033748 4084.01270066584 79268959.2728977
1268824165.28925 15770701009751 5069083263418.79 12565.2946380391 4083.81947276364 79268959.2728978
1270128198.3471 15787086178050.2 5074408573242.92 12564.6947225656 4083.62664436114 79268959.2728977
1271432231.40495 15803470564852.6 5079733631872.24 12564.0960530012 4083.43421420166 79268959.2728977
1272736264.4628 15819854171780.3 5085058439825.24 12563.4986254098 4083.24218103381 79268959.2728978
1274040297.52066 15836237000450.4 5090382997618.82 12562.9024358717 4083.05054361152 79268959.2728978
1275344330.57851 15852619052474.7 5095707305768.22 12562.3074804843 4082.85930069398 79268959.2728978
1276648363.63636 15869000329460 5101031364787.08 12561.7137553611 4082.66845104561 79268959.2728978
1277952396.69421 15885380833008.3 5106355175187.45 12561.1212566326 4082.47799343606 79268959.2728978
1279256429.75206 15901760564716.1 5111678737479.74 12560.5299804452 4082.28792664015 79268959.2728978
1280560462.80991 15918139526175.3 5117002052172.81 12559.9399229619 4082.09824943785 79268959.2728978
1281864495.86776 15934517718972.5 5122325119773.89 12559.3510803617 4081.90896061426 79268959.2728978
1283168528.92562 15950895144689.6 5127647940788.66 12558.76344884 4081.72005895961 79268959.2728978
1284472561.98347 15967271804903.3 5132970515721.22 12558.1770246081 4081.53154326915 79268959.2728978
1285776595.04132 15983647701185.6 5138292845074.08 12557.5918038931 4081.34341234323 79268959.2728978
1287080628.09917 16000022835103.4 5143614929348.22 12557.0077829381 4081.15566498719 79268959.2728978
1288384661.15702 16016397208218.8 5148936769043.05 12556.4249580022 4080.96830001138 79268959.2728978
1289688694.21487 16032770822089 5154258364656.43 12555.8433253598 4080.7813162311 79268959.2728978
1290992727.27272 16049143678266.4 5159579716684.69 12555.2628813013 4080.5947124666 79268959.2728978
1292296760.33057 16065515778298.5 5164900825622.61 12554.6836221323 4080.40848754307 79268959.2728978
1293600793.38843 16081887123728.1 5170221691963.44 12554.1055441742 4080.22264029054 79268959.2728978
1294904826.44628 16098257716093.1 5175542316198.93 12553.5286437635 4080.03716954395 79268959.2728978
1296208859.50413 16114627556926.6 5180862698819.29 12552.952917252 4079.85207414307 79268959.2728978
1297512892.56198 16130996647757.2 5186182840313.23 12552.378361007 4079.66735293245 79268959.2728978
1298816925.61983 16147364990108.6 5191502741167.96 12551.8049714107 4079.48300476148 79268959.2728978
1300120958.67768 16163732585499.6 5196822401869.19 12551.2327448602 4079.29902848427 79268959.2728978
1301424991.73553 16180099435444.7 5202141822901.13 12550.6616777681 4079.11542295969 79268959.2728978
1302729024.79339 16196465541453.5 5207461004746.51 12550.0917665613 4078.93218705133 79268959.2728978
1304033057.85124 16212830905030.9 5212779947886.6 12549.5230076819 4078.74931962745 79268959.2728978
1305337090.90909 16229195527677.4 5218098652801.16 12548.9553975866 4078.56681956099 79268959.2728978
1306641123.96694 16245559410888.7 5223417119968.52 12548.3889327468 4078.38468572953 79268959.2728978
1307945157.02479 16261922556155.9 5228735349865.52 12547.8236096486 4078.20291701525 79268959.2728978
1309249190.08264 16278284964965.6 5234053342967.57 12547.2594247923 4078.02151230495 79268959.2728978
1310553223.14049 16294646638799.8 5239371099748.61 12546.696374693 4077.84047048998 79268959.2728978
1311857256.19834 16311007579136.2 5244688620681.16 12546.1344558799 4077.65979046624 79268959.2728978
1313161289.2562 16327367787447.5 5250005906236.27 12545.5736648967 4077.47947113416 79268959.2728978
1314465322.31405 16343727265202.4 5255322956883.6 12545.0139983011 4077.29951139865 79268959.2728978
1315769355.3719 16360086013864.8 5260639773091.36 12544.4554526651 4077.11991016912 79268959.2728978
1317073388.42975 16376444034894.2 5265956355326.33 12543.8980245748 4076.94066635941 79268959.2728978
1318377421.4876 16392801329745.8 5271272704053.91 12543.34171063 4076.76177888782 79268959.2728978
1319681454.54545 16409157899870.2 5276588819738.07 12542.7865074447 4076.58324667701 79268959.2728978
1320985487.6033 16425513746713.7 5281904702841.37 12542.2324116468 4076.40506865407 79268959.2728978
1322289520.66115 16441868871718.2 5287220353824.99 12541.6794198777 4076.22724375043 79268959.2728978
1323593553.71901 16458223276321.1 5292535773148.73 12541.1275287928 4076.04977090186 79268959.2728978
1324897586.77686 16474576961955.7 5297850961270.97 12540.5767350609 4075.87264904846 79268959.2728978
1326201619.83471 16490929930050.7 5303165918648.74 12540.0270353646 4075.6958771346 79268959.2728978
1327505652.89256 16507282182030.7 5308480645737.68 12539.4784263997 4075.51945410896 79268959.2728978
1328809685.95041 16523633719315.9 5313795142992.08 12538.9309048758 4075.34337892444 79268959.2728978
1330113719.00826 16539984543322.1 5319109410864.86 12538.3844675155 4075.16765053818 79268959.2728978
1331417752.06611 16556334655461.1 5324423449807.55 12537.839111055 4074.99226791153 79268959.2728978
1332721785.12397 16572684057140.2 5329737260270.39 12537.2948322435 4074.81723001004 79268959.2728978
1334025818.18182 16589032749762.7 5335050842702.22 12536.7516278434 4074.6425358034 79268959.2728978
1335329851.23967 16605380734727.4 5340364197550.57 12536.2094946303 4074.46818426546 79268959.2728978
1336633884.29752 16621728013429.2 5345677325261.62 12535.6684293927 4074.29417437419 79268959.2728978
1337937917.35537 16638074587258.6 5350990226280.22 12535.1284289322 4074.12050511168 79268959.2728978
1339241950.41322 16654420457602.1 5356302901049.91 12534.5894900631 4073.94717546407 79268959.2728978
1340545983.47107 16670765625842 5361615350012.9 12534.0516096127 4073.77418442159 79268959.2728978
1341850016.52892 16687110093356.3 5366927573610.07 12533.514784421 4073.60153097849 79268959.2728978
1343154049.58678 16703453861519.2 5372239572281.03 12532.9790113406 4073.42921413306 79268959.2728978
1344458082.64463 16719796931700.6 5377551346464.04 12532.4442872369 4073.25723288757 79268959.2728978
1345762115.70248 16736139305266.3 5382862896596.11 12531.9106089878 4073.0855862483 79268959.2728978
1347066148.76033 16752480983578.2 5388174223112.91 12531.3779734836 4072.91427322545 79268959.2728978
1348370181.81818 16768821967993.9 5393485326448.85 12530.8463776272 4072.7432928332 79268959.2728978
1349674214.87603 16785162259867.3 5398796207037.06 12530.3158183338 4072.57264408963 79268959.2728978
1350978247.93388 16801501860548 5404106865309.38 12529.7862925309 4072.40232601672 79268959.2728978
1352282280.99173 16817840771381.7 5409417301696.37 12529.2577971584 4072.23233764034 79268959.2728978
1353586314.04959 16834178993710.2 5414727516627.33 12528.7303291681 4072.06267799022 79268959.2728978
1354890347.10744 16850516528871.3 5420037510530.32 12528.2038855243 4071.89334609993 79268959.2728978
1356194380.16529 16866853378198.6 5425347283832.1 12527.6784632031 4071.72434100686 79268959.2728978
1357498413.22314 16883189543022.2 5430656836958.21 12527.1540591927 4071.55566175222 79268959.2728978
1358802446.28099 16899525024667.9 5435966170332.94 12526.6306704933 4071.387307381 79268959.2728978
1360106479.33884 16915859824457.9 5441275284379.3 12526.1082941168 4071.21927694194 79268959.2728978
1361410512.39669 16932193943710.2 5446584179519.12 12525.5869270872 4071.05156948755 79268959.2728978
1362714545.45455 16948527383739.1 5451892856172.95 12525.0665664401 4070.88418407406 79268959.2728978
1364018578.5124 16964860145855.2 5457201314760.13 12524.5472092229 4070.71711976142 79268959.2728978
1365322611.57025 16981192231364.9 5462509555698.77 12524.0288524946 4070.55037561325 79268959.2728978
1366626644.6281 16997523641571.1 5467817579405.79 12523.5114933258 4070.38395069688 79268959.2728978
1367930677.68595 17013854377772.6 5473125386296.84 12522.9951287987 4070.21784408326 79268959.2728978
1369234710.7438 17030184441264.7 5478432976786.42 12522.4797560069 4070.05205484701 79268959.2728978
1370538743.80165 17046513833338.7 5483740351287.79 12521.9653720555 4069.88658206634 79268959.2728978
1371842776.8595 17062842555282.1 5489047510213.02 12521.4519740609 4069.7214248231 79268959.2728978
1373146809.91736 17079170608378.9 5494354453972.98 12520.9395591509 4069.55658220269 79268959.2728978
1374450842.97521 17095497993909.2 5499661182977.36 12520.4281244644 4069.3920532941 79268959.2728978
1375754876.03306 17111824713149.3 5504967697634.65 12519.9176671518 4069.22783718985 79268959.2728978
1377058909.09091 17128150767371.9 5510273998352.18 12519.4081843743 4069.06393298601 79268959.2728978
1378362942.14876 17144476157846 5515580085536.09 12518.8996733045 4068.90033978216 79268959.2728978
1379666975.20661 17160800885836.9 5520885959591.33 12518.3921311258 4068.73705668138 79268959.2728978
1380971008.26446 17177124952606.2 5526191620921.73 12517.8855550326 4068.57408279023 79268959.2728978
1382275041.32232 17193448359411.9 5531497069929.9 12517.3799422305 4068.41141721871 79268959.2728978
1383579074.38017 17209771107508.4 5536802307017.35 12516.8752899357 4068.24905908032 79268959.2728978
1384883107.43802 17226093198146.4 5542107332584.38 12516.3715953753 4068.08700749193 79268959.2728978
1386187140.49587 17242414632572.9 5547412147030.18 12515.8688557871 4067.92526157388 79268959.2728978
1387491173.55372 17258735412031.6 5552716750752.79 12515.3670684199 4067.76382044985 79268959.2728978
1388795206.61157 17275055537762.4 5558021144149.09 12514.8662305327 4067.60268324696 79268959.2728978
1390099239.66942 17291375011001.6 5563325327614.83 12514.3663393956 4067.44184909564 79268959.2728978
1391403272.72727 17307693832982 5568629301544.66 12513.8673922889 4067.28131712969 79268959.2728978
1392707305.78513 17324012004933 5573933066332.05 12513.3693865036 4067.12108648626 79268959.2728978
1394011338.84298 17340329528080.2 5579236622369.38 12512.8723193412 4066.96115630579 79268959.2728978
1395315371.90083 17356646403646 5584539970047.92 12512.3761881133 4066.80152573203 79268959.2728978
1396619404.95868 17372962632849 5589843109757.79 12511.8809901422 4066.642193912 79268959.2728978
1397923438.01653 17389278216904.6 5595146041888.04 12511.3867227604 4066.483159996 79268959.2728978
1399227471.07438 17405593157024.4 5600448766826.58 12510.8933833106 4066.32442313759 79268959.2728978
1400531504.13223 17421907454416.9 5605751284960.24 12510.4009691458 4066.16598249355 79268959.2728978
1401835537.19008 17438221110287 5611053596674.73 12509.909477629 4066.00783722388 79268959.2728978
1403139570.24794 17454534125836 5616355702354.71 12509.4189061335 4065.84998649179 79268959.2728978
1404443603.30579 17470846502262 5621657602383.7 12508.9292520425 4065.6924294637 79268959.2728978
1405747636.36364 17487158240759.6 5626959297144.17 12508.4405127494 4065.53516530916 79268959.2728978
1407051669.42149 17503469342520.1 5632260787017.49 12507.9526856573 4065.37819320092 79268959.2728978
1408355702.47934 17519779808731.2 5637562072383.96 12507.4657681795 4065.22151231485 79268959.2728978
1409659735.53719 17536089640577.6 5642863153622.81 12506.979757739 4065.06512182996 79268959.2728978
1410963768.59504 17552398839240.3 5648164031112.2 12506.4946517686 4064.90902092837 79268959.2728978
1412267801.6529 17568707405897.2 5653464705229.23 12506.010447711 4064.75320879531 79268959.2728978
1413571834.71075 17585015341722.6 5658765176349.92 12505.5271430185 4064.59768461907 79268959.2728978
1414875867.7686 17601322647887.7 5664065444849.26 12505.0447351533 4064.44244759102 79268959.2728978
1416179900.82645 17617629325560.4 5669365511101.17 12504.5632215868 4064.28749690561 79268959.2728978
1417483933.8843 17633935375905.2 5674665375478.53 12504.0825998005 4064.13283176029 79268959.2728978
1418787966.94215 17650240800083.4 5679965038353.17 12503.6028672851 4063.97845135557 79268959.2728978
1420092000 17666545599253 5685264500095.88 12503.1240215409 4063.82435489494 79268959.2728978
1421396033.05785 17682849774568.8 5690563761076.42 12502.6460600776 4063.67054158493 79268959.2728978
1422700066.11571 17699153327182.2 5695862821663.5 12502.1689804145 4063.517010635 79268959.2728978
1424004099.17356 17715456258241.6 5701161682224.83 12501.6927800801 4063.36376125763 79268959.2728978
1425308132.23141 17731758568892 5706460343127.07 12501.2174566122 4063.21079266822 79268959.2728978
1426612165.28926 17748060260275.3 5711758804735.86 12500.7430075578 4063.05810408513 79268959.2728978
1427916198.34711 17764361333530.2 5717057067415.83 12500.2694304735 4062.90569472964 79268959.2728978
1429220231.40496 17780661789792.1 5722355131530.61 12499.7967229246 4062.75356382593 79268959.2728978
1430524264.46281 17796961630193.3 5727652997442.8 12499.3248824859 4062.60171060112 79268959.2728978
1431828297.52067 17813260855863.1 5732950665513.99 12498.8539067411 4062.45013428517 79268959.2728978
1433132330.57852 17829559467927.4 5738248136104.79 12498.3837932831 4062.29883411094 79268959.2728978
1434436363.63637 17845857467509.2 5743545409574.8 12497.9145397137 4062.14780931414 79268959.2728978
1435740396.69422 17862154855728.1 5748842486282.61 12497.4461436437 4061.99705913333 79268959.2728978
1437044429.75207 17878451633700.9 5754139366585.84 12496.9786026929 4061.8465828099 79268959.2728978
1438348462.80992 17894747802541.2 5759436050841.13 12496.5119144898 4061.69637958805 79268959.2728978
1439652495.86777 17911043363359.2 5764732539404.1 12496.0460766721 4061.54644871481 79268959.2728978
1440956528.92562 17927338317262.6 5770028832629.43 12495.5810868859 4061.39678943998 79268959.2728978
1442260561.98348 17943632665355.6 5775324930870.8 12495.1169427862 4061.24740101615 79268959.2728978
1443564595.04133 17959926408739.4 5780620834480.92 12494.653642037 4061.09828269867 79268959.2728978
1444868628.09918 17976219548512.4 5785916543811.53 12494.1911823105 4060.94943374565 79268959.2728978
1446172661.15703 17992512085769.7 5791212059213.41 12493.7295612879 4060.80085341793 79268959.2728978
1447476694.21488 18008804021603.5 5796507381036.39 12493.2687766589 4060.65254097911 79268959.2728978
1448780727.27273 18025095357103 5801802509629.31 12492.8088261217 4060.50449569547 79268959.2728978
1450084760.33058 18041386093354.4 5807097445340.08 12492.349707383 4060.356716836 79268959.2728978
1451388793.38843 18057676231440.9 5812392188515.65 12491.8914181582 4060.2092036724 79268959.2728979
1452692826.44629 18073965772442.7 5817686739502.02 12491.4339561709 4060.06195547903 79268959.2728979
1453996859.50414 18090254717437.1 5822981098644.25 12490.9773191531 4059.91497153292 79268959.2728979
1455300892.56199 18106543067498.4 5828275266286.45 12490.5215048454 4059.76825111375 79268959.2728978
1456604925.61984 18122830823698 5833569242771.82 12490.0665109965 4059.62179350386 79268959.2728978
1457908958.67769 18139117987104.3 5838863028442.58 12489.6123353635 4059.47559798818 79268959.2728978
1459212991.73554 18155404558782.8 5844156623640.07 12489.1589757116 4059.32966385431 79268959.2728979
1460517024.79339 18171690539796.2 5849450028704.66 12488.7064298143 4059.1839903924 79268959.2728978
1461821057.85125 18187975931204.1 5854743243975.81 12488.2546954535 4059.03857689524 79268959.2728978
1463125090.9091 18204260734063.4 5860036269792.08 12487.8037704188 4058.89342265817 79268959.2728978
1464429123.96695 18220544949428.1 5865329106491.09 12487.3536525081 4058.7485269791 79268959.2728978
1465733157.0248 18236828578349.2 5870621754409.54 12486.9043395275 4058.60388915852 79268959.2728979
1467037190.08265 18253111621875 5875914213883.24 12486.455829291 4058.45950849945 79268959.2728978
1468341223.1405 18269394081050.8 5881206485247.09 12486.0081196205 4058.31538430744 79268959.2728979
1469645256.19835 18285675956919.2 5886498568835.07 12485.5612083458 4058.17151589057 79268959.2728979
1470949289.2562 18301957250519.9 5891790464980.27 12485.115093305 4058.02790255943 79268959.2728978
1472253322.31406 18318237962889.9 5897082174014.89 12484.6697723436 4057.8845436271 79268959.2728979
1473557355.37191 18334518095063.1 5902373696270.22 12484.2252433152 4057.74143840917 79268959.2728979
1474861388.42976 18350797648071.1 5907665032076.67 12483.7815040812 4057.59858622368 79268959.2728978
1476165421.48761 18367076622942.1 5912956181763.76 12483.3385525106 4057.45598639115 79268959.2728978
1477469454.54546 18383355020702.2 5918247145660.13 12482.8963864803 4057.31363823456 79268959.2728978
1478773487.60331 18399632842374.1 5923537924093.52 12482.4550038749 4057.17154107931 79268959.2728979
1480077520.66116 18415910088978.2 5928828517390.82 12482.0144025866 4057.02969425326 79268959.2728978
1481381553.71902 18432186761531.9 5934118925878.03 12481.5745805151 4056.88809708667 79268959.2728979
1482685586.77687 18448462861050 5939409149880.26 12481.135535568 4056.74674891221 79268959.2728979
1483989619.83472 18464738388544.6 5944699189721.79 12480.6972656601 4056.60564906498 79268959.2728979
1485293652.89257 18481013345024.9 5949989045726.01 12480.2597687141 4056.46479688242 79268959.2728979
1486597685.95042 18497287731497.6 5955278718215.45 12479.8230426597 4056.32419170438 79268959.2728979
1487901719.00827 18513561548966.6 5960568207511.78 12479.3870854347 4056.18383287308 79268959.2728979
1489205752.06612 18529834798433.2 5965857513935.82 12478.9518949836 4056.04371973306 79268959.2728979
1490509785.12397 18546107480895.8 5971146637807.54 12478.517469259 4055.90385163125 79268959.2728979
1491813818.18183 18562379597350.5 5976435579446.04 12478.0838062202 4055.76422791688 79268959.2728979
1493117851.23968 18578651148790.4 5981724339169.59 12477.6509038343 4055.62484794152 79268959.2728979
1494421884.29753 18594922136206.1 5987012917295.62 12477.2187600755 4055.48571105906 79268959.2728979
1495725917.35538 18611192560585.6 5992301314140.71 12476.7873729253 4055.34681662568 79268959.2728979
1497029950.41323 18627462422914.2 5997589530020.59 12476.3567403722 4055.20816399986 79268959.2728979
1498333983.47108 18643731724174.7 6002877565250.19 12475.9268604123 4055.06975254236 79268959.2728979
1499638016.52893 18660000465347.1 6008165420143.56 12475.4977310485 4054.93158161622 79268959.2728979
1500942049.58678 18676268647409 6013453095013.97 12475.0693502911 4054.79365058672 79268959.2728979
1502246082.64464 18692536271335.2 6018740590173.83 12474.6417161572 4054.65595882143 79268959.2728979
1503550115.70249 18708803338098.1 6024027905934.73 12474.2148266711 4054.51850569012 79268959.2728979
1504854148.76034 18725069848667.5 6029315042607.46 12473.7886798643 4054.38129056482 79268959.2728979
1506158181.81819 18741335804010.5 6034602000501.98 12473.3632737751 4054.24431281979 79268959.2728979
1507462214.87604 18757601205091.8 6039888779927.42 12472.9386064488 4054.10757183147 79268959.2728979
1508766247.93389 18773866052873.5 6045175381192.12 12472.5146759375 4053.97106697852 79268959.2728978
1510070280.99174 18790130348315.1 6050461804603.62 12472.0914803006 4053.8347976418 79268959.2728978
1511374314.0496 18806394092373.8 6055748050468.62 12471.6690176039 4053.69876320434 79268959.2728978
1512678347.10745 18822657286003.9 6061034119093.03 12471.2472859205 4053.56296305136 79268959.2728978
1513982380.1653 18838919930157.7 6066320010781.99 12470.8262833298 4053.42739657023 79268959.2728978
1515286413.22315 18855182025784.4 6071605725839.8 12470.4060079185 4053.29206315047 79268959.2728978
1516590446.281 18871443573831.2 6076891264569.98 12469.9864577797 4053.15696218375 79268959.2728978
1517894479.33885 18887704575242.6 6082176627275.27 12469.5676310134 4053.02209306389 79268959.2728978
1519198512.3967 18903965030960.7 6087461814257.61 12469.1495257262 4052.88745518681 79268959.2728978
1520502545.45455 18920224941925.1 6092746825818.15 12468.7321400314 4052.75304795057 79268959.2728978
1521806578.51241 18936484309072.9 6098031662257.27 12468.3154720489 4052.61887075532 79268959.2728978
1523110611.57026 18952743133338.8 6103316323874.56 12467.8995199053 4052.48492300331 79268959.2728978
1524414644.62811 18969001415655.1 6108600810968.83 12467.4842817336 4052.35120409889 79268959.2728978
1525718677.68596 18985259156951.6 6113885123838.11 12467.0697556736 4052.21771344848 79268959.2728978
1527022710.74381 19001516358155.7 6119169262779.68 12466.6559398714 4052.08445046056 79268959.2728978
1528326743.80166 19017773020192.4 6124453228090.03 12466.2428324796 4051.9514145457 79268959.2728978
1529630776.85951 19034029143984.3 6129737020064.88 12465.8304316573 4051.8186051165 79268959.2728978
1530934809.91737 19050284730451.6 6135020638999.2 12465.4187355702 4051.68602158761 79268959.2728978
1532238842.97522 19066539780512.2 6140304085187.19 12465.0077423902 4051.5536633757 79268959.2728979
1533542876.03307 19082794295081.3 6145587358922.29 12464.5974502956 4051.42152989949 79268959.2728978
1534846909.09092 19099048275072.1 6150870460497.18 12464.187857471 4051.2896205797 79268959.2728978
1536150942.14877 19115301721395.3 6156153390203.8 12463.7789621075 4051.15793483906 79268959.2728978
1537454975.20662 19131554634959.2 6161436148333.33 12463.3707624024 4051.02647210231 79268959.2728978
1538759008.26447 19147807016669.7 6166718735176.19 12462.9632565592 4050.89523179616 79268959.2728978
1540063041.32232 19164058867430.7 6172001151022.07 12462.5564427877 4050.76421334931 79268959.2728978
1541367074.38018 19180310188143.3 6177283396159.92 12462.150319304 4050.63341619244 79268959.2728979
1542671107.43803 19196560979706.5 6182565470877.92 12461.74488433 4050.5028397582 79268959.2728978
1543975140.49588 19212811243017.1 6187847375463.54 12461.3401360944 4050.37248348117 79268959.2728979
1545279173.55373 19229060978969.4 6193129110203.51 12460.9360728313 4050.24234679789 79268959.2728978
1546583206.61158 19245310188455.6 6198410675383.82 12460.5326927816 4050.11242914686 79268959.2728978
1547887239.66943 19261558872365.3 6203692071289.72 12460.1299941917 4049.98272996847 79268959.2728978
1549191272.72728 19277807031586.1 6208973298205.75 12459.7279753144 4049.85324870507 79268959.2728978
1550495305.78513 19294054667003.3 6214254356415.72 12459.3266344084 4049.72398480091 79268959.2728978
1551799338.84299 19310301779499.8 6219535246202.7 12458.9259697384 4049.59493770212 79268959.2728978
1553103371.90084 19326548369956.2 6224815967849.06 12458.5259795751 4049.46610685678 79268959.2728978
1554407404.95869 19342794439251.1 6230096521636.44 12458.1266621952 4049.33749171481 79268959.2728978
1555711438.01654 19359039988260.7 6235376907845.77 12457.728015881 4049.20909172804 79268959.2728978
1557015471.07439 19375285017858.9 6240657126757.26 12457.3300389212 4049.08090635017 79268959.2728978
1558319504.13224 19391529528917.5 6245937178650.41 12456.93272961 4048.95293503674 79268959.2728978
1559623537.19009 19407773522306.1 6251217063804.01 12456.5360862475 4048.82517724518 79268959.2728978
1560927570.24795 19424016998891.9 6256496782496.16 12456.1401071398 4048.69763243475 79268959.2728978
1562231603.3058 19440259959540 6261776335004.24 12455.7447905986 4048.57030006656 79268959.2728978
1563535636.36365 19456502405113.3 6267055721604.92 12455.3501349414 4048.44317960354 79268959.2728979
1564839669.4215 19472744336472.7 6272334942574.18 12454.9561384914 4048.31627051047 79268959.2728979
1566143702.47935 19488985754476.5 6277613998187.33 12454.5627995778 4048.18957225392 79268959.2728978
1567447735.5372 19505226659981.2 6282892888718.93 12454.1701165351 4048.06308430228 79268959.2728978
1568751768.59505 19521467053841 6288171614442.91 12453.7780877038 4047.93680612574 79268959.2728978
1570055801.6529 19537706936907.9 6293450175632.45 12453.3867114297 4047.8107371963 79268959.2728979
1571359834.71076 19553946310031.8 6298728572560.09 12452.9959860646 4047.68487698773 79268959.2728979
1572663867.76861 19570185174060.3 6304006805497.66 12452.6059099657 4047.55922497559 79268959.2728979
1573967900.82646 19586423529839.2 6309284874716.32 12452.2164814957 4047.43378063719 79268959.2728979
1575271933.88431 19602661378211.9 6314562780486.54 12451.827699023 4047.30854345162 79268959.2728979
1576575966.94216 19618898720019.7 6319840523078.11 12451.4395609215 4047.18351289974 79268959.2728979
1577880000.00001 19635135556101.9 6325118102760.15 12451.0520655705 4047.05868846414 79268959.2728979
1579184033.05786 19651371887295.5 6330395519801.12 12450.6652113548 4046.93406962914 79268959.2728979
1580488066.11572 19667607714435.5 6335672774468.78 12450.2789966649 4046.80965588083 79268959.2728979
1581792099.17357 19683843038355 6340949867030.24 12449.8934198963 4046.685446707 79268959.2728979
1583096132.23142 19700077859884.7 6346226797751.95 12449.5084794503 4046.56144159717 79268959.2728979
1584400165.28927 19716312179853.3 6351503566899.66 12449.1241737333 4046.43764004257 79268959.2728979
1585704198.34712 19732545999087.6 6356780174738.5 12448.7405011574 4046.31404153612 79268959.2728979
1587008231.40497 19748779318412.1 6362056621532.92 12448.3574601396 4046.19064557247 79268959.2728979
1588312264.46282 19765012138649.4 6367332907546.72 12447.9750491026 4046.06745164794 79268959.2728979
1589616297.52067 19781244460619.9 6372609033043.02 12447.5932664742 4045.94445926053 79268959.2728979
1590920330.57853 19797476285142.2 6377884998284.31 12447.2121106875 4045.82166790992 79268959.2728979
1592224363.63638 19813707613032.5 6383160803532.44 12446.831580181 4045.69907709748 79268959.2728979
1593528396.69423 19829938445105.4 6388436449048.57 12446.4516733981 4045.57668632622 79268959.2728979
1594832429.75208 19846168782173.1 6393711935093.26 12446.0723887878 4045.4544951008 79268959.2728979
1596136462.80993 19862398625046 6398987261926.39 12445.693724804 4045.33250292755 79268959.2728979
1597440495.86778 19878627974532.3 6404262429807.21 12445.3156799058 4045.21070931442 79268959.2728979
1598744528.92563 19894856831438.4 6409537438994.32 12444.9382525576 4045.08911377103 79268959.2728979
1600048561.98348 19911085196568.6 6414812289745.71 12444.5614412288 4044.96771580858 79268959.2728979
1601352595.04134 19927313070725.1 6420086982318.71 12444.1852443938 4044.84651493993 79268959.2728979
1602656628.09919 19943540454708.4 6425361516970 12443.8096605324 4044.72551067954 79268959.2728979
1603960661.15704 19959767349316.8 6430635893955.68 12443.4346881291 4044.60470254347 79268959.2728979
1605264694.21489 19975993755346.6 6435910113531.16 12443.0603256737 4044.4840900494 79268959.2728979
1606568727.27274 19992219673592.3 6441184175951.26 12442.6865716608 4044.36367271659 79268959.2728979
1607872760.33059 20008445104846.3 6446458081470.17 12442.3134245901 4044.24345006588 79268959.2728979
1609176793.38844 20024670049899.1 6451731830341.45 12441.9408829662 4044.12342161972 79268959.2728979
1610480826.4463 20040894509539.3 6457005422818.03 12441.5689452989 4044.00358690211 79268959.2728979
1611784859.50415 20057118484553.4 6462278859152.23 12441.1976101027 4043.88394543862 79268959.2728979
1613088892.562 20073341975726.2 6467552139595.76 12440.8268758969 4043.7644967564 79268959.2728979
1614392925.61985 20089564983840.3 6472825264399.69 12440.456741206 4043.64524038413 79268959.2728979
1615696958.6777 20105787509676.7 6478098233814.51 12440.0872045591 4043.52617585205 79268959.2728979
1617000991.73555 20122009554014.3 6483371048090.08 12439.7182644904 4043.40730269196 79268959.272898
1618305024.7934 20138231117629.9 6488643707475.63 12439.3499195387 4043.28862043716 79268959.272898
1619609057.85125 20154452201298.8 6493916212219.82 12438.9821682478 4043.17012862251 79268959.272898
1620913090.90911 20170672805794.2 6499188562570.69 12438.615009166 4043.05182678437 79268959.272898
1622217123.96696 20186892931887.3 6504460758775.67 12438.2484408468 4042.93371446065 79268959.2728979
1623521157.02481 20203112580347.6 6509732801081.58 12437.882461848 4042.81579119073 79268959.272898
1624825190.08266 20219331751942.7 6515004689734.67 12437.5170707325 4042.69805651552 79268959.272898
1626129223.14051 20235550447438.2 6520276424980.58 12437.1522660676 4042.58050997743 79268959.272898
1627433256.19836 20251768667597.9 6525548007064.33 12436.7880464256 4042.46315112035 79268959.2728979
1628737289.25621 20267986413183.9 6530819436230.37 12436.4244103833 4042.34597948966 79268959.2728979
1630041322.31406 20284203684956.2 6536090712722.57 12436.061356522 4042.22899463222 79268959.272898
1631345355.37192 20300420483673.1 6541361836784.17 12435.698883428 4042.11219609637 79268959.2728979
1632649388.42977 20316636810091 6546632808657.87 12435.3369896919 4041.99558343191 79268959.2728979
1633953421.48762 20332852664964.5 6551903628585.74 12434.9756739091 4041.8791561901 79268959.2728979
1635257454.54547 20349068049046.3 6557174296809.29 12434.6149346794 4041.76291392368 79268959.2728979
1636561487.60332 20365282963087.4 6562444813569.46 12434.2547706072 4041.6468561868 79268959.2728979
1637865520.66117 20381497407836.9 6567715179106.57 12433.8951803017 4041.53098253509 79268959.2728979
1639169553.71902 20397711384042.2 6572985393660.39 12433.5361623762 4041.41529252559 79268959.2728979
1640473586.77688 20413924892448.6 6578255457470.12 12433.1777154488 4041.2997857168 79268959.2728979
1641777619.83473 20430137933799.9 6583525370774.36 12432.819838142 4041.18446166862 79268959.2728979
1643081652.89258 20446350508838.1 6588795133811.15 12432.4625290828 4041.0693199424 79268959.2728979
1644385685.95043 20462562618303.2 6594064746817.97 12432.1057869025 4040.95436010087 79268959.2728979
1645689719.00828 20478774262933.6 6599334210031.7 12431.7496102369 4040.83958170819 79268959.2728979
1646993752.06613 20494985443465.8 6604603523688.69 12431.3939977264 4040.72498432994 79268959.2728979
1648297785.12398 20511196160634.6 6609872688024.7 12431.0389480156 4040.61056753305 79268959.2728979
1649601818.18183 20527406415173.1 6615141703274.93 12430.6844597534 4040.4963308859 79268959.2728979
1650905851.23969 20543616207812.5 6620410569674.02 12430.3305315933 4040.38227395821 79268959.272898
1652209884.29754 20559825539282.4 6625679287456.06 12429.977162193 4040.2683963211 79268959.272898
1653513917.35539 20576034410310.5 6630947856854.56 12429.6243502145 4040.15469754707 79268959.272898
1654817950.41324 20592242821622.9 6636216278102.49 12429.2720943241 4040.04117720998 79268959.2728979
1656121983.47109 20608450773943.7 6641484551432.26 12428.9203931926 4039.92783488506 79268959.272898
1657426016.52894 20624658267995.7 6646752677075.73 12428.5692454946 4039.8146701489 79268959.2728979
1658730049.58679 20640865304499.5 6652020655264.21 12428.2186499096 4039.70168257944 79268959.2728979
1660034082.64465 20657071884174.5 6657288486228.44 12427.8686051207 4039.58887175597 79268959.2728979
1661338115.7025 20673278007737.8 6662556170198.65 12427.5191098157 4039.47623725911 79268959.2728979
1662642148.76035 20689483675905.3 6667823707404.49 12427.1701626863 4039.36377867084 79268959.2728979
1663946181.8182 20705688889390.9 6673091098075.08 12426.8217624285 4039.25149557446 79268959.2728979
1665250214.87605 20721893648906.9 6678358342439 12426.4739077426 4039.13938755459 79268959.272898
1666554247.9339 20738097955163.9 6683625440724.28 12426.1265973327 4039.02745419719 79268959.272898
1667858280.99175 20754301808870.9 6688892393158.42 12425.7798299074 4038.91569508951 79268959.272898
1669162314.0496 20770505210734.9 6694159199968.38 12425.4336041792 4038.80410982012 79268959.272898
1670466347.10746 20786708161461.7 6699425861380.59 12425.0879188648 4038.69269797892 79268959.272898
1671770380.16531 20802910661755.1 6704692377620.93 12424.7427726849 4038.58145915708 79268959.272898
1673074413.22316 20819112712317.3 6709958748914.75 12424.3981643644 4038.47039294707 79268959.272898
1674378446.28101 20835314313848.8 6715224975486.89 12424.0540926321 4038.35949894266 79268959.272898
1675682479.33886 20851515467048.6 6720491057561.65 12423.7105562209 4038.24877673889 79268959.272898
1676986512.39671 20867716172613.9 6725756995362.78 12423.3675538679 4038.13822593211 79268959.272898
1678290545.45456 20883916431240.4 6731022789113.55 12423.0250843138 4038.0278461199 79268959.272898
1679594578.51241 20900116243621.9 6736288439036.67 12422.6831463037 4037.91763690114 79268959.272898
1680898611.57027 20916315610450.9 6741553945354.33 12422.3417385863 4037.80759787598 79268959.272898
1682202644.62812 20932514532418 6746819308288.22 12422.0008599147 4037.69772864581 79268959.272898
1683506677.68597 20948713010212.3 6752084528059.49 12421.6605090455 4037.58802881327 79268959.272898
1684810710.74382 20964911044521.3 6757349604888.79 12421.3206847395 4037.47849798227 79268959.2728979
1686114743.80167 20981108636030.8 6762614538996.25 12420.9813857613 4037.36913575795 79268959.272898
1687418776.85952 20997305785425 6767879330601.46 12420.6426108794 4037.25994174671 79268959.272898
1688722809.91737 21013502493386.7 6773143979923.55 12420.3043588663 4037.15091555615 79268959.272898
1690026842.97523 21029698760596.9 6778408487181.08 12419.9666284982 4037.04205679513 79268959.272898
1691330876.03308 21045894587734.9 6783672852592.15 12419.6294185551 4036.93336507372 79268959.272898
1692634909.09093 21062089975478.7 6788937076374.32 12419.2927278211 4036.82484000321 79268959.272898
1693938942.14878 21078284924504.5 6794201158744.66 12418.9565550839 4036.71648119613 79268959.272898
1695242975.20663 21094479435487 6799465099919.73 12418.6208991351 4036.60828826617 79268959.272898
1696547008.26448 21110673509099.4 6804728900115.58 12418.28575877 4036.50026082828 79268959.272898
1697851041.32233 21126867146013.1 6809992559547.79 12417.9511327878 4036.39239849858 79268959.272898
1699155074.38018 21143060346898.3 6815256078431.39 12417.6170199912 4036.28470089439 79268959.272898
1700459107.43804 21159253112423.3 6820519456980.95 12417.2834191871 4036.17716763423 79268959.272898
1701763140.49589 21175445443255 6825782695410.54 12416.9503291856 4036.0697983378 79268959.272898
1703067173.55374 21191637340058.7 6831045793933.72 12416.6177488009 4035.96259262599 79268959.2728979
1704371206.61159 21207828803498.3 6836308752763.55 12416.2856768507 4035.85555012086 79268959.2728979
1705675239.66944 21224019834235.9 6841571572112.63 12415.9541121565 4035.74867044563 79268959.272898
1706979272.72729 21240210432932.3 6846834252193.05 12415.6230535435 4035.64195322473 79268959.272898
1708283305.78514 21256400600246.7 6852096793216.4 12415.2924998403 4035.53539808371 79268959.272898
1709587338.843 21272590336836.6 6857359195393.8 12414.9624498794 4035.42900464931 79268959.2728979
1710891371.90085 21288779643358.4 6862621458935.88 12414.6329024968 4035.3227725494 79268959.2728979
1712195404.9587 21304968520466.5 6867883584052.78 12414.3038565323 4035.21670141303 79268959.2728979
1713499438.01655 21321156968814.1 6873145570954.16 12413.975310829 4035.11079087036 79268959.2728979
1714803471.0744 21337344989052.8 6878407419849.2 12413.6472642338 4035.00504055273 79268959.272898
1716107504.13225 21353532581832.7 6883669130946.6 12413.3197155971 4034.89945009258 79268959.272898
1717411537.1901 21369719747802.4 6888930704454.58 12412.9926637729 4034.79401912351 79268959.272898
1718715570.24795 21385906487609 6894192140580.88 12412.6661076187 4034.68874728024 79268959.272898
1720019603.30581 21402092801898.1 6899453439532.78 12412.3400459955 4034.58363419862 79268959.272898
1721323636.36366 21418278691314 6904714601517.05 12412.0144777679 4034.47867951559 79268959.272898
1722627669.42151 21434464156499.2 6909975626740.04 12411.689401804 4034.37388286926 79268959.272898
1723931702.47936 21450649198094.9 6915236515407.58 12411.3648169753 4034.26924389879 79268959.272898
1725235735.53721 21466833816740.9 6920497267725.05 12411.0407221568 4034.16476224449 79268959.272898
1726539768.59506 21483018013075.5 6925757883897.38 12410.717116227 4034.06043754775 79268959.272898
1727843801.65291 21499201787735.4 6931018364128.99 12410.3939980679 4033.95626945108 79268959.272898
1729147834.71076 21515385141355.9 6936278708623.87 12410.0713665648 4033.85225759806 79268959.272898
1730451867.76862 21531568074571 6941538917585.54 12409.7492206065 4033.74840163337 79268959.272898
1731755900.82647 21547750588013.1 6946798991217.05 12409.4275590852 4033.64470120278 79268959.272898
1733059933.88432 21563932682313.2 6952058929720.98 12409.1063808965 4033.54115595313 79268959.272898
1734363966.94217 21580114358100.9 6957318733299.48 12408.7856849394 4033.43776553236 79268959.272898
1735668000.00002 21596295616004.3 6962578402154.21 12408.4654701162 4033.33452958945 79268959.272898
1736972033.05787 21612476456650 6967837936486.39 12408.1457353326 4033.23144777447 79268959.272898
1738276066.11572 21628656880663.5 6973097336496.78 12407.8264794977 4033.12851973856 79268959.272898
1739580099.17358 21644836888668.4 6978356602385.69 12407.5077015238 4033.02574513391 79268959.272898
1740884132.23143 21661016481287.4 6983615734352.96 12407.1894003266 4032.92312361376 79268959.272898
1742188165.28928 21677195659141.3 6988874732598.01 12406.8715748252 4032.82065483241 79268959.272898
1743492198.34713 21693374422849.9 6994133597319.78 12406.5542239418 4032.71833844523 79268959.272898
1744796231.40498 21709552773031.2 6999392328716.78 12406.237346602 4032.6161741086 79268959.272898
1746100264.46283 21725730710302.3 7004650926987.05 12405.9209417347 4032.51416147996 79268959.272898
1747404297.52068 21741908235278.4 7009909392328.22 12405.6050082718 4032.41230021778 79268959.272898
1748708330.57853 21758085348573.6 7015167724937.44 12405.2895451488 4032.31058998156 79268959.272898
1750012363.63639 21774262050800.5 7020425925011.44 12404.9745513042 4032.20903043185 79268959.272898
1751316396.69424 21790438342570.5 7025683992746.49 12404.6600256799 4032.1076212302 79268959.272898
1752620429.75209 21806614224493.4 7030941928338.44 12404.3459672207 4032.00636203919 79268959.272898
1753924462.80994 21822789697177.7 7036199731982.68 12404.0323748748 4031.90525252242 79268959.272898
1755228495.86779 21838964761230.5 7041457403874.18 12403.7192475937 4031.8042923445 79268959.272898
1756532528.92564 21855139417257.7 7046714944207.46 12403.4065843319 4031.70348117105 79268959.272898
1757836561.98349 21871313665863.6 7051972353176.61 12403.094384047 4031.6028186687 79268959.272898
1759140595.04135 21887487507651.4 7057229630975.28 12402.7826456998 4031.50230450508 79268959.272898
1760444628.0992 21903660943222.7 7062486777796.7 12402.4713682544 4031.40193834881 79268959.272898
1761748661.15705 21919833973177.8 7067743793833.65 12402.1605506778 4031.30171986951 79268959.272898
1763052694.2149 21936006598115.8 7073000679278.51 12401.8501919403 4031.2016487378 79268959.272898
1764356727.27275 21952178818634.4 7078257434323.2 12401.540291015 4031.10172462528 79268959.272898
1765660760.3306 21968350635329.9 7083514059159.22 12401.2308468784 4031.00194720452 79268959.272898
1766964793.38845 21984522048797.3 7088770553977.65 12400.92185851 4030.90231614908 79268959.2728979
1768268826.4463 22000693059630.2 7094026918969.15 12400.6133248922 4030.80283113351 79268959.2728979
1769572859.50416 22016863668421.1 7099283154323.95 12400.3052450106 4030.70349183331 79268959.2728979
1770876892.56201 22033033875760.9 7104539260231.85 12399.9976178539 4030.60429792496 79268959.272898
1772180925.61986 22049203682239.3 7109795236882.23 12399.6904424135 4030.50524908591 79268959.272898
1773484958.67771 22065373088444.9 7115051084464.07 12399.3837176843 4030.40634499455 79268959.2728979
1774788991.73556 22081542094964.5 7120306803165.9 12399.0774426639 4030.30758533025 79268959.2728979
1776093024.79341 22097710702384.1 7125562393175.87 12398.7716163528 4030.20896977332 79268959.2728979
1777397057.85126 22113878911288.1 7130817854681.67 12398.4662377548 4030.11049800503 79268959.2728979
1778701090.90911 22130046722259.6 7136073187870.61 12398.1613058764 4030.01216970759 79268959.2728979
1780005123.96697 22146214135880.7 7141328392929.58 12397.8568197273 4029.91398456415 79268959.2728979
1781309157.02482 22162381152731.8 7146583470045.04 12397.5527783198 4029.81594225882 79268959.2728979
1782613190.08267 22178547773392.3 7151838419403.05 12397.2491806695 4029.71804247663 79268959.2728979
1783917223.14052 22194713998440.3 7157093241189.27 12396.9460257947 4029.62028490354 79268959.2728979
1785221256.19837 22210879828452.5 7162347935588.94 12396.6433127168 4029.52266922644 79268959.2728979
1786525289.25622 22227045264004.3 7167602502786.88 12396.3410404599 4029.42519513315 79268959.2728979
1787829322.31407 22243210305670 7172856942967.53 12396.0392080511 4029.32786231243 79268959.2728979
1789133355.37193 22259374954022.5 7178111256314.91 12395.7378145204 4029.23067045392 79268959.2728979
1790437388.42978 22275539209633.5 7183365443012.63 12395.4368589007 4029.13361924822 79268959.2728979
1791741421.48763 22291703073073.4 7188619503243.91 12395.1363402276 4029.0367083868 79268959.2728979
1793045454.54548 22307866544911.5 7193873437191.56 12394.8362575398 4028.93993756207 79268959.2728979
1794349487.60333 22324029625715.5 7199127245038 12394.5366098786 4028.84330646733 79268959.2728979
1795653520.66118 22340192316052.2 7204380926965.24 12394.2373962883 4028.74681479679 79268959.2728979
1796957553.71903 22356354616487 7209634483154.89 12393.938615816 4028.65046224555 79268959.2728979
1798261586.77688 22372516527584.1 7214887913788.17 12393.6402675114 4028.55424850962 79268959.2728979
1799565619.83474 22388678049906.3 7220141219045.91 12393.3423504273 4028.45817328589 79268959.2728979
1800869652.89259 22404839184015.6 7225394399108.52 12393.0448636191 4028.36223627213 79268959.2728979
1802173685.95044 22420999930472.2 7230647454156.05 12392.7478061451 4028.26643716702 79268959.2728979
1803477719.00829 22437160289835.4 7235900384368.13 12392.4511770662 4028.17077567011 79268959.2728979
1804781752.06614 22453320262663.4 7241153189924.02 12392.1549754463 4028.07525148183 79268959.2728979
1806085785.12399 22469479849512.8 7246405871002.58 12391.8592003518 4027.97986430348 79268959.2728979
1807389818.18184 22485639050939.4 7251658427782.27 12391.5638508519 4027.88461383724 79268959.2728979
1808693851.2397 22501797867497.4 7256910860441.18 12391.2689260187 4027.78949978616 79268959.2728979
1809997884.29755 22517956299740.1 7262163169157.01 12390.9744249268 4027.69452185414 79268959.2728979
1811301917.3554 22534114348219.4 7267415354107.07 12390.6803466536 4027.59967974598 79268959.2728979
1812605950.41325 22550272013486.1 7272667415468.29 12390.3866902793 4027.50497316729 79268959.2728979
1813909983.4711 22566429296089.7 7277919353417.2 12390.0934548866 4027.41040182459 79268959.2728979
1815214016.52895 22582586196578.7 7283171168129.97 12389.8006395609 4027.31596542521 79268959.2728979
1816518049.5868 22598742715500.3 7288422859782.38 12389.5082433905 4027.22166367735 79268959.2728979
1817822082.64465 22614898853400.3 7293674428549.83 12389.216265466 4027.12749629006 79268959.2728979
1819126115.70251 22631054610823.7 7298925874607.35 12388.9247048809 4027.03346297322 79268959.2728979
1820430148.76036 22647209988314.1 7304177198129.56 12388.6335607314 4026.93956343758 79268959.2728979
1821734181.81821 22663364986414 7309428399290.75 12388.342832116 4026.84579739469 79268959.2728979
1823038214.87606 22679519605664.5 7314679478264.81 12388.0525181362 4026.75216455695 79268959.2728979
1824342247.93391 22695673846605.9 7319930435225.24 12387.7626178958 4026.65866463762 79268959.2728979
1825646280.99176 22711827709777.1 7325181270345.2 12387.4731305014 4026.56529735075 79268959.2728979
1826950314.04961 22727981195715.8 7330431983797.46 12387.1840550621 4026.47206241123 79268959.2728979
1828254347.10746 22744134304958.7 7335682575754.41 12386.8953906897 4026.37895953478 79268959.2728979
1829558380.16532 22760287038041.3 7340933046388.08 12386.6071364983 4026.28598843792 79268959.2728979
1830862413.22317 22776439395497.9 7346183395870.14 12386.3192916049 4026.19314883803 79268959.2728979
1832166446.28102 22792591377861.5 7351433624371.87 12386.0318551288 4026.10044045325 79268959.2728979
1833470479.33887 22808742985664.4 7356683732064.21 12385.744826192 4026.00786300257 79268959.2728979
1834774512.39672 22824894219437.2 7361933719117.71 12385.458203919 4025.91541620577 79268959.2728979
1836078545.45457 22841045079709.9 7367183585702.57 12385.1719874367 4025.82309978344 79268959.2728979
1837382578.51242 22857195567010.8 7372433331988.62 12384.8861758746 4025.73091345697 79268959.2728979
1838686611.57028 22873345681867.6 7377682958145.33 12384.6007683648 4025.63885694856 79268959.2728979
1839990644.62813 22889495424806.6 7382932464341.79 12384.3157640419 4025.5469299812 79268959.2728979
1841294677.68598 22905644796352.9 7388181850746.77 12384.0311620428 4025.45513227867 79268959.2728979
1842598710.74383 22921793797030.6 7393431117528.64 12383.7469615069 4025.36346356554 79268959.2728979
1843902743.80168 22937942427362.7 7398680264855.43 12383.4631615764 4025.27192356718 79268959.2728979
1845206776.85953 22954090687871.1 7403929292894.81 12383.1797613955 4025.18051200973 79268959.2728979
1846510809.91738 22970238579076.5 7409178201814.1 12382.8967601113 4025.08922862012 79268959.2728979
1847814842.97523 22986386101498.4 7414426991780.25 12382.6141568729 4024.99807312606 79268959.2728979
1849118876.03309 23002533255655.5 7419675662959.86 12382.3319508322 4024.90704525604 79268959.2728979
1850422909.09094 23018680042065.1 7424924215519.19 12382.0501411433 4024.81614473932 79268959.2728979
1851726942.14879 23034826461243.4 7430172649624.13 12381.7687269629 4024.72537130592 79268959.2728979
1853030975.20664 23050972513705.9 7435420965440.23 12381.48770745 4024.63472468666 79268959.2728979
1854335008.26449 23067118199966.4 7440669163132.67 12381.207081766 4024.54420461309 79268959.2728979
1855639041.32234 23083263520538.1 7445917242866.32 12380.9268490746 4024.45381081754 79268959.2728979
1856943074.38019 23099408475932.9 7451165204805.65 12380.6470085422 4024.36354303311 79268959.2728979
1858247107.43805 23115553066661.7 7456413049114.83 12380.3675593371 4024.27340099363 79268959.2728979
1859551140.4959 23131697293234.1 7461660775957.65 12380.0885006305 4024.18338443372 79268959.2728979
1860855173.55375 23147841156159 7466908385497.57 12379.8098315956 4024.09349308872 79268959.2728979
1862159206.6116 23163984655943.8 7472155877897.7 12379.531551408 4024.00372669473 79268959.2728979
1863463239.66945 23180127793095.1 7477403253320.82 12379.2536592457 4023.91408498862 79268959.2728979
1864767272.7273 23196270568118.5 7482650511929.35 12378.976154289 4023.82456770796 79268959.2728979
1866071305.78515 23212412981518.2 7487897653885.36 12378.6990357206 4023.7351745911 79268959.2728979
1867375338.843 23228555033797.6 7493144679350.61 12378.4223027255 4023.64590537711 79268959.2728979
1868679371.90086 23244696725459 7498391588486.51 12378.1459544908 4023.5567598058 79268959.2728979
1869983404.95871 23260838057003.6 7503638381454.1 12377.8699902062 4023.46773761772 79268959.2728979
1871287438.01656 23276979028931.6 7508885058414.13 12377.5944090636 4023.37883855415 79268959.2728979
1872591471.07441 23293119641742 7514131619526.98 12377.319210257 4023.29006235707 79268959.2728979
1873895504.13226 23309259895932.9 7519378064952.7 12377.0443929829 4023.20140876924 79268959.2728979
1875199537.19011 23325399792001.4 7524624394851.02 12376.76995644 4023.11287753409 79268959.2728979
1876503570.24796 23341539330443.3 7529870609381.32 12376.4958998292 4023.02446839581 79268959.2728979
1877807603.30581 23357678511753.7 7535116708702.64 12376.2222223538 4022.93618109928 79268959.2728979
1879111636.36367 23373817336426.3 7540362692973.73 12375.9489232191 4022.84801539012 79268959.2728979
1880415669.42152 23389955804954.1 7545608562352.95 12375.6760016329 4022.75997101464 79268959.2728979
1881719702.47937 23406093917828.8 7550854316998.36 12375.403456805 4022.67204771988 79268959.2728979
1883023735.53722 23422231675541.4 7556099957067.71 12375.1312879476 4022.58424525358 79268959.2728979
1884327768.59507 23438369078581.4 7561345482718.38 12374.859494275 4022.49656336418 79268959.2728979
1885631801.65292 23454506127437.7 7566590894107.45 12374.5880750038 4022.40900180083 79268959.2728979
1886935834.71077 23470642822598 7571836191391.67 12374.3170293526 4022.32156031338 79268959.2728979
1888239867.76863 23486779164549 7577081374727.45 12374.0463565425 4022.23423865239 79268959.2728979
1889543900.82648 23502915153776.4 7582326444270.89 12373.7760557965 4022.14703656908 79268959.2728979
1890847933.88433 23519050790764.8 7587571400177.77 12373.50612634 4022.05995381541 79268959.2728979
1892151966.94218 23535186075997.9 7592816242603.53 12373.2365674003 4021.97299014399 79268959.2728979
1893456000.00003 23551321009958.5 7598060971703.29 12372.967378207 4021.88614530815 79268959.2728979
1894760033.05788 23567455593128.1 7603305587631.87 12372.698557992 4021.79941906189 79268959.2728979
1896064066.11573 23583589825987.5 7608550090543.74 12372.4301059891 4021.71281115988 79268959.2728979
1897368099.17358 23599723709016.2 7613794480593.08 12372.1620214344 4021.62632135752 79268959.2728979
1898672132.23144 23615857242692.9 7619038757933.72 12371.894303566 4021.53994941083 79268959.2728979
1899976165.28929 23631990427495.4 7624282922719.2 12371.6269516242 4021.45369507654 79268959.2728979
1901280198.34714 23648123263900.3 7629526975102.73 12371.3599648514 4021.36755811205 79268959.2728979
1902584231.40499 23664255752383.3 7634770915237.21 12371.0933424921 4021.28153827543 79268959.2728979
1903888264.46284 23680387893419.1 7640014743275.22 12370.8270837929 4021.19563532542 79268959.2728979
1905192297.52069 23696519687481.5 7645258459369.02 12370.5611880024 4021.10984902142 79268959.2728979
1906496330.57854 23712651135043.2 7650502063670.57 12370.2956543716 4021.0241791235 79268959.2728979
1907800363.63639 23728782236576 7655745556331.5 12370.0304821532 4020.93862539241 79268959.2728979
1909104396.69425 23744912992550.7 7660988937503.16 12369.7656706021 4020.85318758953 79268959.2728979
1910408429.7521 23761043403437.1 7666232207336.56 12369.5012189754 4020.76786547691 79268959.2728979
1911712462.80995 23777173469704.2 7671475365982.4 12369.237126532 4020.68265881726 79268959.2728979
1913016495.8678 23793303191819.7 7676718413591.09 12368.9733925331 4020.59756737395 79268959.2728979
1914320528.92565 23809432570250.8 7681961350312.73 12368.7100162418 4020.51259091098 79268959.2728979
1915624561.9835 23825561605463.2 7687204176297.08 12368.4469969232 4020.42772919302 79268959.2728979
1916928595.04135 23841690297922.1 7692446891693.64 12368.1843338445 4020.34298198538 79268959.2728979
1918232628.09921 23857818648091.6 7697689496651.57 12367.922026275 4020.258349054 79268959.2728979
1919536661.15706 23873946656434.7 7702931991319.75 12367.6600734858 4020.17383016549 79268959.2728979
1920840694.21491 23890074323413.7 7708174375846.73 12367.3984747502 4020.08942508707 79268959.2728979
1922144727.27276 23906201649489.7 7713416650380.78 12367.1372293434 4020.00513358662 79268959.2728979
1923448760.33061 23922328635123.1 7718658815069.86 12366.8763365426 4019.92095543265 79268959.2728979
1924752793.38846 23938455280773.1 7723900870061.62 12366.6157956271 4019.8368903943 79268959.2728979
1926056826.44631 23954581586898.2 7729142815503.42 12366.3556058779 4019.75293824134 79268959.2728979
1927360859.50416 23970707553955.8 7734384651542.31 12366.0957665783 4019.66909874417 79268959.2728979
1928664892.56202 23986833182402.5 7739626378325.06 12365.8362770134 4019.58537167383 79268959.2728979
1929968925.61987 24002958472693.9 7744867995998.12 12365.5771364702 4019.50175680196 79268959.2728979
1931272958.67772 24019083425284.7 7750109504707.65 12365.3183442377 4019.41825390085 79268959.2728979
1932576991.73557 24035208040628.5 7755350904599.53 12365.059899607 4019.33486274338 79268959.2728979
1933881024.79342 24051332319178.3 7760592195819.31 12364.8018018709 4019.25158310308 79268959.2728979
1935185057.85127 24067456261385.8 7765833378512.28 12364.5440503242 4019.16841475408 79268959.2728979
1936489090.90912 24083579867702.2 7771074452823.41 12364.2866442638 4019.08535747111 79268959.2728979
1937793123.96698 24099703138577.4 7776315418897.39 12364.0295829883 4019.00241102955 79268959.2728979
1939097157.02483 24115826074460.7 7781556276878.62 12363.7728657982 4018.91957520535 79268959.2728979
1940401190.08268 24131948675800.2 7786797026911.21 12363.5164919962 4018.8368497751 79268959.2728979
1941705223.14053 24148070943043.4 7792037669138.95 12363.2604608865 4018.75423451597 79268959.2728979
1943009256.19838 24164192876636.5 7797278203705.38 12363.0047717754 4018.67172920575 79268959.2728979
1944313289.25623 24180314477025.3 7802518630753.72 12362.7494239712 4018.58933362282 79268959.2728979
1945617322.31408 24196435744654.2 7807758950426.92 12362.4944167839 4018.50704754618 79268959.2728979
1946921355.37193 24212556679967 7812999162867.64 12362.2397495253 4018.4248707554 79268959.2728979
1948225388.42979 24228677283406.6 7818239268218.24 12361.9854215093 4018.34280303067 79268959.2728979
1949529421.48764 24244797555414.8 7823479266620.81 12361.7314320515 4018.26084415276 79268959.2728979
1950833454.54549 24260917496432.8 7828719158217.15 12361.4777804694 4018.17899390303 79268959.2728979
1952137487.60334 24277037106900.6 7833958943148.76 12361.2244660824 4018.09725206344 79268959.2728979
1953441520.66119 24293156387257.6 7839198621556.88 12360.9714882116 4018.01561841653 79268959.2728979
1954745553.71904 24309275337942.2 7844438193582.45 12360.7188461801 4017.93409274542 79268959.2728979
1956049586.77689 24325393959391.8 7849677659366.14 12360.4665393126 4017.85267483384 79268959.2728979
1957353619.83474 24341512252043 7854917019048.32 12360.214566936 4017.77136446606 79268959.2728979
1958657652.8926 24357630216331.7 7860156272769.09 12359.9629283785 4017.69016142697 79268959.2728979
1959961685.95045 24373747852692.7 7865395420668.29 12359.7116229707 4017.60906550201 79268959.2728979
1961265719.0083 24389865161560 7870634462885.44 12359.4606500444 4017.5280764772 79268959.2728979
1962569752.06615 24405982143366.7 7875873399559.8 12359.2100089338 4017.44719413916 79268959.2728979
1963873785.124 24422098798545.1 7881112230830.38 12358.9596989743 4017.36641827504 79268959.2728979
1965177818.18185 24438215127526.5 7886350956835.86 12358.7097195035 4017.2857486726 79268959.2728979
1966481851.2397 24454331130741.7 7891589577714.68 12358.4600698607 4017.20518512013 79268959.2728979
1967785884.29756 24470446808620.1 7896828093605 12358.2107493869 4017.12472740652 79268959.2728979
1969089917.35541 24486562161590.6 7902066504644.7 12357.9617574248 4017.0443753212 79268959.2728979
1970393950.41326 24502677190081.3 7907304810971.37 12357.713093319 4016.96412865417 79268959.2728979
1971697983.47111 24518791894519.1 7912543012722.36 12357.4647564159 4016.88398719601 79268959.2728979
1973002016.52896 24534906275330.4 7917781110034.73 12357.2167460634 4016.80395073782 79268959.2728979
1974306049.58681 24551020332940.6 7923019103045.25 12356.9690616114 4016.72401907129 79268959.2728979
1975610082.64466 24567134067774.2 7928256991890.46 12356.7217024114 4016.64419198865 79268959.2728979
1976914115.70251 24583247480254.9 7933494776706.58 12356.4746678167 4016.56446928268 79268959.272898
1978218148.76037 24599360570805.7 7938732457629.61 12356.2279571822 4016.48485074672 79268959.272898
1979522181.81822 24615473339848.5 7943970034795.24 12355.9815698648 4016.40533617465 79268959.272898
1980826214.87607 24631585787804.5 7949207508338.91 12355.7355052228 4016.32592536092 79268959.272898
1982130247.93392 24647697915094.2 7954444878395.8 12355.4897626164 4016.24661810049 79268959.272898
1983434280.99177 24663809722137 7959682145100.81 12355.2443414073 4016.16741418889 79268959.2728979
1984738314.04962 24679921209351.7 7964919308588.57 12354.9992409592 4016.08831342218 79268959.272898
1986042347.10747 24696032377156.1 7970156368993.46 12354.7544606373 4016.00931559697 79268959.272898
1987346380.16533 24712143225967.2 7975393326449.58 12354.5099998085 4015.9304205104 79268959.272898
1988650413.22318 24728253756201.3 7980630181090.78 12354.2658578414 4015.85162796015 79268959.272898
1989954446.28103 24744363968273.7 7985866933050.64 12354.0220341063 4015.77293774444 79268959.272898
1991258479.33888 24760473862599.1 7991103582462.46 12353.778527975 4015.694349662 79268959.272898
1992562512.39673 24776583439591.2 7996340129459.32 12353.5353388213 4015.61586351213 79268959.272898
1993866545.45458 24792692699662.9 8001576574173.99 12353.2924660203 4015.53747909462 79268959.272898
1995170578.51243 24808801643226.4 8006812916739.01 12353.049908949 4015.45919620982 79268959.272898
1996474611.57028 24824910270693 8012049157286.66 12352.807666986 4015.38101465858 79268959.272898
1997778644.62814 24841018582473.2 8017285295948.94 12352.5657395115 4015.3029342423 79268959.272898
1999082677.68599 24857126578976.7 8022521332857.61 12352.3241259072 4015.22495476287 79268959.272898
2000386710.74384 24873234260612.3 8027757268144.17 12352.0828255568 4015.14707602273 79268959.272898
2001690743.80169 24889341627788.2 8032993101939.85 12351.8418378451 4015.06929782483 79268959.272898
2002994776.85954 24905448680911.7 8038228834375.64 12351.6011621591 4014.99161997263 79268959.272898
2004298809.91739 24921555420389.3 8043464465582.26 12351.360797887 4014.91404227012 79268959.272898
2005602842.97524 24937661846626.6 8048699995690.19 12351.1207444188 4014.83656452178 79268959.272898
2006906876.03309 24953767960028.6 8053935424829.64 12350.8810011459 4014.75918653263 79268959.272898
2008210909.09095 24969873760999.4 8059170753130.57 12350.6415674616 4014.68190810819 79268959.272898
2009514942.1488 24985979249942.2 8064405980722.69 12350.4024427606 4014.60472905448 79268959.272898
2010818975.20665 25002084427259.7 8069641107735.47 12350.1636264392 4014.52764917803 79268959.272898
2012123008.2645 25018189293353.5 8074876134298.09 12349.9251178954 4014.45066828589 79268959.272898
2013427041.32235 25034293848624.6 8080111060539.52 12349.6869165285 4014.37378618559 79268959.272898
2014731074.3802 25050398093473.3 8085345886588.47 12349.4490217397 4014.29700268519 79268959.272898
2016035107.43805 25066502028298.8 8090580612573.37 12349.2114329315 4014.22031759323 79268959.2728979
2017339140.49591 25082605653499.9 8095815238622.44 12348.9741495083 4014.14373071876 79268959.272898
2018643173.55376 25098708969474.3 8101049764863.63 12348.7371708756 4014.06724187132 79268959.2728979
2019947206.61161 25114811976619.2 8106284191424.64 12348.5004964409 4013.99085086094 79268959.272898
2021251239.66946 25130914675330.8 8111518518432.94 12348.2641256129 4013.91455749816 79268959.2728979
2022555272.72731 25147017066004.7 8116752746015.74 12348.0280578021 4013.83836159401 79268959.2728979
2023859305.78516 25163119149035.6 8121986874300 12347.7922924204 4013.76226296 79268959.272898
2025163338.84301 25179220924817.5 8127220903412.45 12347.5568288811 4013.68626140813 79268959.272898
2026467371.90086 25195322393743.6 8132454833479.56 12347.3216665994 4013.6103567509 79268959.272898
2027771404.95872 25211423556206.5 8137688664627.56 12347.0868049917 4013.53454880128 79268959.272898
2029075438.01657 25227524412597.8 8142922396982.45 12346.852243476 4013.45883737275 79268959.272898
2030379471.07442 25243624963308.5 8148156030669.96 12346.6179814718 4013.38322227924 79268959.2728979
2031683504.13227 25259725208728.7 8153389565815.6 12346.3840184002 4013.30770333518 79268959.2728979
2032987537.19012 25275825149248 8158623002544.63 12346.1503536838 4013.23228035548 79268959.2728979
2034291570.24797 25291924785255 8163856340982.07 12345.9169867465 4013.15695315552 79268959.272898
2035595603.30582 25308024117137.6 8169089581252.7 12345.6839170139 4013.08172155118 79268959.272898
2036899636.36368 25324123145283.1 8174322723481.06 12345.451143913 4013.00658535877 79268959.2728979
2038203669.42153 25340221870077.8 8179555767791.46 12345.2186668723 4012.93154439512 79268959.272898
2039507702.47938 25356320291907.5 8184788714307.95 12344.9864853218 4012.85659847751 79268959.272898
2040811735.53723 25372418411157.2 8190021563154.36 12344.754598693 4012.78174742369 79268959.272898
2042115768.59508 25388516228211 8195254314454.27 12344.5230064186 4012.70699105188 79268959.272898
2043419801.65293 25404613743452.4 8200486968331.04 12344.2917079332 4012.63232918077 79268959.272898
2044723834.71078 25420710957264.2 8205719524907.78 12344.0607026726 4012.55776162952 79268959.272898
2046027867.76863 25436807870028.5 8210951984307.36 12343.829990074 4012.48328821775 79268959.272898
2047331900.82649 25452904482126.3 8216184346652.44 12343.5995695762 4012.40890876553 79268959.272898
2048635933.88434 25469000793938.4 8221416612065.42 12343.3694406194 4012.33462309343 79268959.272898
2049939966.94219 25485096805844.5 8226648780668.48 12343.1396026452 4012.26043102243 79268959.272898
2051244000.00004 25501192518223.7 8231880852583.55 12342.9100550967 4012.186332374 79268959.272898
2052548033.05789 25517287931454.3 8237112827932.36 12342.6807974183 4012.11232697007 79268959.272898
2053852066.11574 25533383045914.1 8242344706836.37 12342.451829056 4012.038414633 79268959.272898
2055156099.17359 25549477861979.9 8247576489416.83 12342.2231494571 4011.96459518564 79268959.272898
2056460132.23144 25565572380027.9 8252808175794.77 12341.9947580704 4011.89086845125 79268959.272898
2057764165.2893 25581666600433.7 8258039766090.96 12341.766654346 4011.81723425357 79268959.272898
2059068198.34715 25597760523571.8 8263271260425.97 12341.5388377355 4011.74369241679 79268959.272898
2060372231.405 25613854149816.5 8268502658920.11 12341.3113076919 4011.67024276554 79268959.272898
2061676264.46285 25629947479541.1 8273733961693.49 12341.0840636696 4011.59688512489 79268959.272898
2062980297.5207 25646040513118.1 8278965168865.98 12340.8571051243 4011.52361932038 79268959.272898
2064284330.57855 25662133250919.6 8284196280557.22 12340.6304315132 4011.45044517796 79268959.272898
2065588363.6364 25678225693316.6 8289427296886.64 12340.4040422949 4011.37736252404 79268959.272898
2066892396.69426 25694317840679.7 8294658217973.41 12340.1779369292 4011.30437118549 79268959.272898
2068196429.75211 25710409693378.8 8299889043936.51 12339.9521148775 4011.23147098958 79268959.272898
2069500462.80996 25726501251782.8 8305119774894.68 12339.7265756024 4011.15866176406 79268959.272898
2070804495.86781 25742592516260.3 8310350410966.43 12339.501318568 4011.08594333708 79268959.272898
2072108528.92566 25758683487178.9 8315580952270.06 12339.2763432396 4011.01331553725 79268959.272898
2073412561.98351 25774774164905.6 8320811398923.64 12339.0516490842 4010.9407781936 79268959.272898
2074716595.04136 25790864549806.8 8326041751045 12338.8272355696 4010.86833113561 79268959.272898
2076020628.09921 25806954642248 8331272008751.79 12338.6031021656 4010.79597419317 79268959.272898
2077324661.15707 25823044442594.2 8336502172161.39 12338.3792483427 4010.72370719661 79268959.272898
2078628694.21492 25839133951209.6 8341732241391 12338.1556735733 4010.6515299767 79268959.272898
2079932727.27277 25855223168457.8 8346962216557.56 12337.9323773307 4010.57944236461 79268959.272898
2081236760.33062 25871312094701.6 8352192097777.84 12337.7093590899 4010.50744419197 79268959.272898
2082540793.38847 25887400730303.2 8357421885168.34 12337.486618327 4010.43553529081 79268959.272898
2083844826.44632 25903489075624.1 8362651578845.37 12337.2641545193 4010.36371549359 79268959.272898
2085148859.50417 25919577131025.2 8367881178925.02 12337.0419671459 4010.29198463319 79268959.272898
2086452892.56203 25935664896866.6 8373110685523.15 12336.8200556867 4010.22034254291 79268959.272898
2087756925.61988 25951752373507.7 8378340098755.42 12336.5984196232 4010.14878905648 79268959.272898
2089060958.67773 25967839561307.3 8383569418737.26 12336.3770584381 4010.07732400804 79268959.272898
2090364991.73558 25983926460623.6 8388798645583.88 12336.1559716155 4010.00594723214 79268959.272898
2091669024.79343 26000013071814 8394027779410.3 12335.9351586406 4009.93465856376 79268959.272898
2092973057.85128 26016099395235.2 8399256820331.29 12335.7146190002 4009.86345783828 79268959.272898
2094277090.90913 26032185431243.3 8404485768461.44 12335.4943521822 4009.7923448915 79268959.272898
2095581123.96698 26048271180193.9 8409714623915.09 12335.2743576757 4009.72131955963 79268959.272898
2096885157.02484 26064356642441.6 8414943386806.4 12335.0546349713 4009.65038167929 79268959.272898
2098189190.08269 26080441818340.6 8420172057249.3 12334.8351835607 4009.57953108751 79268959.272898
2099493223.14054 26096526708244.4 8425400635357.52 12334.616002937 4009.50876762173 79268959.272898
2100797256.19839 26112611312505.6 8430629121244.55 12334.3970925945 4009.43809111978 79268959.272898
2102101289.25624 26128695631476.4 8435857515023.71 12334.1784520288 4009.36750141993 79268959.272898
2103405322.31409 26144779665508.4 8441085816808.06 12333.9600807367 4009.29699836081 79268959.272898
2104709355.37194 26160863414952.3 8446314026710.51 12333.7419782164 4009.22658178148 79268959.272898
2106013388.42979 26176946880158.2 8451542144843.7 12333.5241439672 4009.1562515214 79268959.272898
2107317421.48765 26193030061475.7 8456770171320.11 12333.3065774897 4009.08600742043 79268959.272898
2108621454.5455 26209112959253.7 8461998106251.98 12333.0892782858 4009.01584931881 79268959.272898
2109925487.60335 26225195573840.3 8467225949751.34 12332.8722458586 4008.94577705719 79268959.272898
2111229520.6612 26241277905583.2 8472453701930.05 12332.6554797125 4008.87579047663 79268959.272898
2112533553.71905 26257359954829.1 8477681362899.72 12332.4389793529 4008.80588941857 79268959.272898
2113837586.7769 26273441721924.5 8482908932771.78 12332.2227442868 4008.73607372484 79268959.272898
2115141619.83475 26289523207214.9 8488136411657.44 12332.0067740222 4008.66634323767 79268959.272898
2116445652.89261 26305604411045.3 8493363799667.7 12331.7910680683 4008.59669779968 79268959.272898
2117749685.95046 26321685333760.1 8498591096913.38 12331.5756259357 4008.52713725389 79268959.272898
2119053719.00831 26337765975703 8503818303505.08 12331.360447136 4008.45766144368 79268959.272898
2120357752.06616 26353846337217.1 8509045419553.19 12331.1455311821 4008.38827021284 79268959.272898
2121661785.12401 26369926418644.7 8514272445167.9 12330.9308775881 4008.31896340555 79268959.272898
2122965818.18186 26386006220327.8 8519499380459.2 12330.7164858695 4008.24974086637 79268959.272898
2124269851.23971 26402085742607.5 8524726225536.89 12330.5023555427 4008.18060244024 79268959.272898
2125573884.29756 26418164985824.3 8529952980510.54 12330.2884861254 4008.11154797248 79268959.272898
2126877917.35542 26434243950318.2 8535179645489.54 12330.0748771366 4008.04257730879 79268959.272898
2128181950.41327 26450322636428.4 8540406220583.07 12329.8615280964 4007.97369029527 79268959.272898
2129485983.47112 26466401044493.7 8545632705900.12 12329.6484385261 4007.90488677838 79268959.272898
2130790016.52897 26482479174852.1 8550859101549.46 12329.4356079481 4007.83616660497 79268959.272898
2132094049.58682 26498557027840.9 8556085407639.69 12329.2230358861 4007.76752962225 79268959.272898
2133398082.64467 26514634603797 8561311624279.18 12329.010721865 4007.69897567782 79268959.272898
2134702115.70252 26530711903056.7 8566537751576.12 12328.7986654107 4007.63050461966 79268959.272898
2136006148.76038 26546788925955.4 8571763789638.5 12328.5868660504 4007.5621162961 79268959.272898
2137310181.81823 26562865672828.1 8576989738574.1 12328.3753233125 4007.49381055587 79268959.272898
2138614214.87608 26578942144009.1 8582215598490.53 12328.1640367265 4007.42558724806 79268959.272898
2139918247.93393 26595018339832.2 8587441369495.17 12327.953005823 4007.35744622212 79268959.272898
2141222280.99178 26611094260630.5 8592667051695.23 12327.7422301338 4007.28938732788 79268959.272898
2142526314.04963 26627169906736.5 8597892645197.71 12327.5317091919 4007.22141041553 79268959.272898
2143830347.10748 26643245278482 8603118150109.42 12327.3214425314 4007.15351533564 79268959.272898
2145134380.16533 26659320376198.4 8608343566536.98 12327.1114296875 4007.08570193913 79268959.272898
2146438413.22319 26675395200216.4 8613568894586.8 12326.9016701967 4007.01797007729 79268959.272898
2147742446.28104 26691469750866 8618794134365.12 12326.6921635965 4006.95031960179 79268959.272898
2149046479.33889 26707544028476.7 8624019285977.97 12326.4829094255 4006.88275036463 79268959.272898
2150350512.39674 26723618033377.4 8629244349531.19 12326.2739072235 4006.81526221819 79268959.272898
2151654545.45459 26739691765896.3 8634469325130.43 12326.0651565314 4006.74785501522 79268959.272898
2152958578.51244 26755765226361.2 8639694212881.14 12325.8566568912 4006.6805286088 79268959.272898
2154262611.57029 26771838415099.1 8644919012888.59 12325.6484078462 4006.61328285239 79268959.272898
2155566644.62814 26787911332436.5 8650143725257.86 12325.4404089406 4006.5461175998 79268959.272898
2156870677.686 26803983978699.3 8655368350093.83 12325.2326597197 4006.47903270521 79268959.272898
2158174710.74385 26820056354212.8 8660592887501.2 12325.0251597301 4006.41202802312 79268959.272898
2159478743.8017 26836128459301.7 8665817337584.47 12324.8179085193 4006.34510340841 79268959.272898
2160782776.85955 26852200294290.2 8671041700447.95 12324.6109056361 4006.27825871631 79268959.272898
2162086809.9174 26868271859501.7 8676265976195.78 12324.4041506302 4006.2114938024 79268959.272898
2163390842.97525 26884343155259.2 8681490164931.89 12324.1976430526 4006.14480852261 79268959.272898
2164694876.0331 26900414181885.1 8686714266760.04 12323.9913824552 4006.0782027332 79268959.272898
2165998909.09096 26916484939701.1 8691938281783.78 12323.785368391 4006.01167629081 79268959.272898
2167302942.14881 26932555429028.6 8697162210106.51 12323.5796004143 4005.94522905241 79268959.272898
2168606975.20666 26948625650187.9 8702386051831.4 12323.3740780802 4005.87886087531 79268959.272898
2169911008.26451 26964695603499.3 8707609807061.47 12323.1688009452 4005.81257161718 79268959.272898
2171215041.32236 26980765289282.1 8712833475899.53 12322.9637685665 4005.74636113603 79268959.272898
2172519074.38021 26996834707855.3 8718057058448.23 12322.7589805026 4005.68022929019 79268959.272898
2173823107.43806 27012903859537.2 8723280554810 12322.5544363132 4005.61417593837 79268959.272898
2175127140.49591 27028972744645.4 8728503965087.13 12322.3501355586 4005.54820093959 79268959.272898
2176431173.55377 27045041363497.2 8733727289381.69 12322.1460778008 4005.48230415323 79268959.272898
2177735206.61162 27061109716409.1 8738950527795.57 12321.9422626022 4005.41648543899 79268959.272898
2179039239.66947 27077177803697.2 8744173680430.51 12321.7386895268 4005.35074465692 79268959.272898
2180343272.72732 27093245625676.8 8749396747388.03 12321.5353581393 4005.28508166741 79268959.272898
2181647305.78517 27109313182663 8754619728769.49 12321.3322680055 4005.21949633117 79268959.272898
2182951338.84302 27125380474970 8759842624676.06 12321.1294186926 4005.15398850926 79268959.272898
2184255371.90087 27141447502911.6 8765065435208.72 12320.9268097683 4005.08855806307 79268959.272898
2185559404.95872 27157514266800.9 8770288160468.3 12320.7244408017 4005.02320485431 79268959.272898
2186863438.01658 27173580766950.7 8775510800555.42 12320.5223113629 4004.95792874504 79268959.272898
2188167471.07443 27189647003672.9 8780733355570.53 12320.3204210228 4004.89272959764 79268959.272898
2189471504.13228 27205712977279.1 8785955825613.9 12320.1187693537 4004.82760727482 79268959.272898
2190775537.19013 27221778688080.2 8791178210785.63 12319.9173559286 4004.76256163962 79268959.272898
2192079570.24798 27237844136386.7 8796400511185.62 12319.7161803216 4004.6975925554 79268959.272898
2193383603.30583 27253909322508.4 8801622726913.62 12319.5152421081 4004.63269988587 79268959.272898
2194687636.36368 27269974246754.5 8806844858069.19 12319.3145408641 4004.56788349504 79268959.272898
2195991669.42154 27286038909433.9 8812066904751.69 12319.1140761669 4004.50314324726 79268959.272898
2197295702.47939 27302103310854.7 8817288867060.35 12318.9138475947 4004.43847900719 79268959.272898
2198599735.53724 27318167451324.5 8822510745094.19 12318.7138547267 4004.37389063983 79268959.272898
2199903768.59509 27334231331150.5 8827732538952.05 12318.5140971431 4004.30937801048 79268959.272898
2201207801.65294 27350294950639.2 8832954248732.63 12318.3145744252 4004.24494098478 79268959.272898
2202511834.71079 27366358310096.5 8838175874534.41 12318.1152861553 4004.18057942869 79268959.272898
2203815867.76864 27382421409828 8843397416455.74 12317.9162319165 4004.11629320847 79268959.272898
2205119900.82649 27398484250138.6 8848618874594.75 12317.7174112931 4004.05208219071 79268959.272898
2206423933.88435 27414546831332.6 8853840249049.44 12317.5188238704 4003.98794624233 79268959.272898
2207727966.9422 27430609153713.9 8859061539917.6 12317.3204692344 4003.92388523054 79268959.272898
2209032000.00005 27446671217585.7 8864282747296.88 12317.1223469724 4003.85989902288 79268959.272898
2210336033.0579 27462733023250.8 8869503871284.72 12316.9244566727 4003.7959874872 79268959.272898
2211640066.11575 27478794571011.4 8874724911978.43 12316.7267979242 4003.73215049167 79268959.272898
2212944099.1736 27494855861169.3 8879945869475.11 12316.5293703172 4003.66838790477 79268959.272898
2214248132.23145 27510916894025.5 8885166743871.72 12316.3321734428 4003.60469959527 79268959.272898
2215552165.28931 27526977669880.7 8890387535265.03 12316.135206893 4003.54108543229 79268959.272898
2216856198.34716 27543038189034.9 8895608243751.63 12315.9384702609 4003.47754528523 79268959.272898
2218160231.40501 27559098451787.8 8900828869427.98 12315.7419631405 4003.41407902381 79268959.272898
2219464264.46286 27575158458438.3 8906049412390.32 12315.5456851267 4003.35068651804 79268959.272898
2220768297.52071 27591218209285 8911269872734.76 12315.3496358155 4003.28736763827 79268959.2728979
2222072330.57856 27607277704625.8 8916490250557.22 12315.1538148037 4003.22412225513 79268959.272898
2223376363.63641 27623336944758.1 8921710545953.47 12314.9582216892 4003.16095023955 79268959.272898
2224680396.69426 27639395929978.9 8926930759019.08 12314.7628560708 4003.0978514628 79268959.272898
2225984429.75212 27655454660584.7 8932150889849.49 12314.5677175482 4003.03482579641 79268959.272898
2227288462.80997 27671513136871.1 8937370938539.94 12314.372805722 4002.97187311223 79268959.272898
2228592495.86782 27687571359133.8 8942590905185.53 12314.178120194 4002.90899328242 79268959.272898
2229896528.92567 27703629327667.3 8947810789881.18 12313.9836605666 4002.84618617944 79268959.2728979
2231200561.98352 27719687042766.2 8953030592721.63 12313.7894264433 4002.78345167602 79268959.2728979
2232504595.04137 27735744504724.2 8958250313801.49 12313.5954174286 4002.72078964524 79268959.272898
2233808628.09922 27751801713834.6 8963469953215.17 12313.4016331278 4002.65819996042 79268959.2728979
2235112661.15707 27767858670390.1 8968689511056.94 12313.2080731472 4002.59568249523 79268959.272898
2236416694.21493 27783915374683.1 8973908987420.88 12313.0147370941 4002.53323712359 79268959.2728979
2237720727.27278 27799971827005.2 8979128382400.94 12312.8216245765 4002.47086371975 79268959.2728979
2239024760.33063 27816028027647.8 8984347696090.87 12312.6287352035 4002.40856215824 79268959.2728979
2240328793.38848 27832083976901.5 8989566928584.27 12312.436068585 4002.34633231389 79268959.272898
2241632826.44633 27848139675056.7 8994786079974.6 12312.2436243321 4002.2841740618 79268959.272898
2242936859.50418 27864195122402.9 9000005150355.12 12312.0514020563 4002.22208727739 79268959.272898
2244240892.56203 27880250319229.5 9005224139818.96 12311.8594013706 4002.16007183636 79268959.272898
2245544925.61989 27896305265825.1 9010443048459.05 12311.6676218884 4002.0981276147 79268959.272898
2246848958.67774 27912359962477.9 9015661876368.21 12311.4760632243 4002.03625448869 79268959.272898
2248152991.73559 27928414409475.7 9020880623639.05 12311.2847249937 4001.97445233488 79268959.2728979
2249457024.79344 27944468607105.6 9026099290364.04 12311.0936068129 4001.91272103015 79268959.2728979
2250761057.85129 27960522555654.3 9031317876635.51 12310.9027082992 4001.85106045162 79268959.2728979
2252065090.90914 27976576255408.1 9036536382545.59 12310.7120290706 4001.78947047673 79268959.272898
2253369123.96699 27992629706652.7 9041754808186.27 12310.5215687461 4001.72795098319 79268959.2728979
2254673157.02484 28008682909673.2 9046973153649.39 12310.3313269456 4001.66650184899 79268959.2728979
2255977190.0827 28024735864754.4 9052191419026.62 12310.1413032898 4001.60512295241 79268959.2728979
2257281223.14055 28040788572180.5 9057409604409.46 12309.9514974005 4001.54381417202 79268959.2728979
2258585256.1984 28056841032235.2 9062627709889.28 12309.7619089002 4001.48257538665 79268959.2728979
2259889289.25625 28072893245201.8 9067845735557.27 12309.5725374122 4001.42140647544 79268959.272898
2261193322.3141 28088945211363 9073063681504.48 12309.3833825608 4001.36030731778 79268959.2728979
2262497355.37195 28104996931001 9078281547821.77 12309.1944439713 4001.29927779335 79268959.2728979
2263801388.4298 28121048404397.7 9083499334599.89 12309.0057212696 4001.23831778213 79268959.2728979
2265105421.48766 28137099631834.3 9088717041929.4 12308.8172140825 4001.17742716435 79268959.2728979
2266409454.54551 28153150613591.7 9093934669900.7 12308.628922038 4001.11660582052 79268959.2728979
2267713487.60336 28169201349950 9099152218604.07 12308.4408447645 4001.05585363143 79268959.2728979
2269017520.66121 28185251841189.2 9104369688129.6 12308.2529818916 4000.99517047816 79268959.2728979
2270321553.71906 28201302087588.6 9109587078567.24 12308.0653330496 4000.93455624204 79268959.272898
2271625586.77691 28217352089427.1 9114804390006.78 12307.8778978697 4000.87401080469 79268959.272898
2272929619.83476 28233401846983 9120021622537.87 12307.690675984 4000.813534048 79268959.272898
2274233652.89261 28249451360534.2 9125238776249.98 12307.5036670252 4000.75312585413 79268959.272898
2275537685.95047 28265500630358.2 9130455851232.45 12307.3168706273 4000.6927861055 79268959.272898
2276841719.00832 28281549656731.9 9135672847574.46 12307.1302864247 4000.63251468482 79268959.2728979
2278145752.06617 28297598439931.8 9140889765365.03 12306.9439140529 4000.57231147506 79268959.2728979
2279449785.12402 28313646980233.9 9146106604693.04 12306.7577531481 4000.51217635945 79268959.2728979
2280753818.18187 28329695277913.8 9151323365647.2 12306.5718033475 4000.45210922151 79268959.2728979
2282057851.23972 28345743333246.3 9156540048316.08 12306.386064289 4000.39210994501 79268959.272898
2283361884.29757 28361791146506.2 9161756652788.12 12306.2005356114 4000.332178414 79268959.272898
2284665917.35542 28377838717967.6 9166973179151.56 12306.0152169542 4000.27231451277 79268959.272898
2285969950.41328 28393886047904 9172189627494.53 12305.830107958 4000.21251812591 79268959.272898
2287273983.47113 28409933136588.7 9177405997904.99 12305.645208264 4000.15278913824 79268959.272898
2288578016.52898 28425979984294.4 9182622290470.76 12305.4605175141 4000.09312743487 79268959.272898
2289882049.58683 28442026591293.2 9187838505279.5 12305.2760353515 4000.03353290116 79268959.272898
2291186082.64468 28458072957857 9193054642418.74 12305.0917614197 3999.97400542274 79268959.272898
2292490115.70253 28474119084257.1 9198270701975.83 12304.9076953633 3999.91454488548 79268959.272898
2293794148.76038 28490164970764.4 9203486684038.01 12304.7238368277 3999.85515117555 79268959.272898
2295098181.81824 28506210617649.1 9208702588692.33 12304.5401854591 3999.79582417933 79268959.272898
2296402214.87609 28522256025181.3 9213918416025.73 12304.3567409043 3999.73656378351 79268959.272898
2297706247.93394 28538301193630.3 9219134166124.97 12304.1735028112 3999.67736987499 79268959.272898
2299010280.99179 28554346123265.3 9224349839076.69 12303.9904708283 3999.61824234097 79268959.272898
2300314314.04964 28570390814354.6 9229565434967.37 12303.8076446051 3999.55918106888 79268959.272898
2301618347.10749 28586435267166.6 9234780953883.34 12303.6250237917 3999.5001859464 79268959.272898
2302922380.16534 28602479481968.6 9239996395910.79 12303.4426080391 3999.4412568615 79268959.272898
2304226413.22319 28618523459028.1 9245211761135.76 12303.260396999 3999.38239370238 79268959.272898
2305530446.28105 28634567198611.6 9250427049644.15 12303.0783903242 3999.32359635748 79268959.2728979
2306834479.3389 28650610700985.4 9255642261521.71 12302.8965876678 3999.26486471553 79268959.2728979
2308138512.39675 28666653966415.4 9260857396854.04 12302.7149886842 3999.20619866547 79268959.272898
2309442545.4546 28682696995166.9 9266072455726.62 12302.5335930281 3999.14759809654 79268959.2728979
2310746578.51245 28698739787504.9 9271287438224.74 12302.3524003553 3999.08906289819 79268959.2728979
2312050611.5703 28714782343693.8 9276502344433.6 12302.1714103223 3999.03059296014 79268959.2728979
2313354644.62815 28730824663997.6 9281717174438.22 12301.9906225865 3998.97218817236 79268959.2728979
2314658677.68601 28746866748680 9286931928323.48 12301.8100368058 3998.91384842505 79268959.2728979
2315962710.74386 28762908598004.1 9292146606174.14 12301.6296526391 3998.85557360868 79268959.2728979
2317266743.80171 28778950212232.5 9297361208074.78 12301.449469746 3998.79736361396 79268959.2728979
2318570776.85956 28794991591627.5 9302575734109.87 12301.2694877869 3998.73921833185 79268959.2728979
2319874809.91741 28811032736450.9 9307790184363.72 12301.0897064229 3998.68113765354 79268959.2728979
2321178842.97526 28827073646964.1 9313004558920.51 12300.910125316 3998.62312147048 79268959.2728979
2322482876.03311 28843114323427.9 9318218857864.28 12300.7307441287 3998.56516967437 79268959.2728979
2323786909.09096 28859154766103 9323433081278.91 12300.5515625246 3998.50728215715 79268959.2728979
2325090942.14882 28875194975249.2 9328647229248.16 12300.3725801679 3998.44945881098 79268959.2728979
2326394975.20667 28891234951126.3 9333861301855.63 12300.1937967234 3998.3916995283 79268959.2728979
2327699008.26452 28907274693993.3 9339075299184.8 12300.015211857 3998.33400420176 79268959.2728979
2329003041.32237 28923314204109.1 9344289221319 12299.836825235 3998.27637272427 79268959.2728979
2330307074.38022 28939353481731.9 9349503068341.43 12299.6586365247 3998.21880498898 79268959.2728979
2331611107.43807 28955392527119.6 9354716840335.12 12299.4806453941 3998.16130088928 79268959.2728979
2332915140.49592 28971431340529.7 9359930537383 12299.3028515119 3998.10386031877 79268959.2728979
2334219173.55377 28987469922219 9365144159567.85 12299.1252545475 3998.04648317133 79268959.2728979
2335523206.61163 29003508272444.3 9370357706972.29 12298.9478541711 3997.98916934107 79268959.2728979
2336827239.66948 29019546391461.6 9375571179678.83 12298.7706500537 3997.9319187223 79268959.2728979
2338131272.72733 29035584279526.6 9380784577769.82 12298.5936418669 3997.87473120962 79268959.2728979
2339435305.78518 29051621936894.8 9385997901327.5 12298.4168292832 3997.81760669783 79268959.272898
2340739338.84303 29067659363820.8 9391211150433.95 12298.2402119757 3997.76054508197 79268959.2728979
2342043371.90088 29083696560559.1 9396424325171.12 12298.0637896183 3997.70354625733 79268959.2728979
2343347404.95873 29099733527363.8 9401637425620.81 12297.8875618856 3997.64661011941 79268959.2728979
2344651438.01659 29115770264488.4 9406850451864.72 12297.7115284529 3997.58973656397 79268959.2728979
2345955471.07444 29131806772186.2 9412063403984.39 12297.5356889964 3997.53292548697 79268959.2728979
2347259504.13229 29147843050709.7 9417276282061.21 12297.3600431927 3997.47617678465 79268959.2728979
2348563537.19014 29163879100311.5 9422489086176.45 12297.1845907195 3997.41949035343 79268959.2728979
2349867570.24799 29179914921243.2 9427701816411.27 12297.009331255 3997.36286608998 79268959.2728979
2351171603.30584 29195950513756.5 9432914472846.65 12296.834264478 3997.30630389122 79268959.2728979
2352475636.36369 29211985878102.4 9438127055563.46 12296.6593900683 3997.24980365427 79268959.272898
2353779669.42154 29228021014531.6 9443339564642.45 12296.4847077063 3997.19336527649 79268959.2728979
2355083702.4794 29244055923294.2 9448552000164.2 12296.310217073 3997.13698865547 79268959.2728979
2356387735.53725 29260090604640.1 9453764362209.18 12296.1359178503 3997.08067368903 79268959.272898
2357691768.5951 29276125058818.7 9458976650857.73 12295.9618097206 3997.02442027521 79268959.272898
2358995801.65295 29292159286078.9 9464188866190.04 12295.7878923672 3996.96822831228 79268959.2728979
2360299834.7108 29308193286669.4 9469401008286.2 12295.614165474 3996.91209769873 79268959.2728979
2361603867.76865 29324227060838.3 9474613077226.12 12295.4406287257 3996.85602833328 79268959.2728979
2362907900.8265 29340260608833.4 9479825073089.61 12295.2672818075 3996.80002011487 79268959.2728979
2364211933.88436 29356293930901.9 9485036995956.35 12295.0941244055 3996.74407294268 79268959.2728979
2365515966.94221 29372327027290.8 9490248845905.88 12294.9211562063 3996.68818671609 79268959.2728979
2366820000.00006 29388359898246.7 9495460623017.6 12294.7483768975 3996.63236133471 79268959.2728979
2368124033.05791 29404392544015.7 9500672327370.8 12294.5757861671 3996.57659669837 79268959.2728979
2369428066.11576 29420424964843.4 9505883959044.62 12294.403383704 3996.52089270714 79268959.2728979
2370732099.17361 29436457160975.2 9511095518118.09 12294.2311691975 3996.46524926128 79268959.2728979
2372036132.23146 29452489132656 9516307004670.08 12294.0591423379 3996.4096662613 79268959.2728979
2373340165.28931 29468520880130.2 9521518418779.36 12293.887302816 3996.35414360791 79268959.2728979
2374644198.34717 29484552403642 9526729760524.56 12293.7156503234 3996.29868120203 79268959.2728979
2375948231.40502 29500583703435.1 9531941029984.18 12293.5441845523 3996.24327894483 79268959.2728979
2377252264.46287 29516614779752.7 9537152227236.58 12293.3729051956 3996.18793673766 79268959.2728979
2378556297.52072 29532645632837.7 9542363352360.02 12293.2018119469 3996.13265448213 79268959.2728979
2379860330.57857 29548676262932.7 9547574405432.61 12293.0309045004 3996.07743208002 79268959.2728979
2381164363.63642 29564706670279.6 9552785386532.33 12292.860182551 3996.02226943335 79268959.2728979
2382468396.69427 29580736855120.3 9557996295737.04 12292.6896457944 3995.96716644437 79268959.2728979
2383772429.75212 29596766817696 9563207133124.48 12292.5192939268 3995.91212301551 79268959.2728979
2385076462.80998 29612796558247.7 9568417898772.25 12292.3491266451 3995.85713904944 79268959.2728979
2386380495.86783 29628826077015.7 9573628592757.83 12292.179143647 3995.80221444903 79268959.2728979
2387684528.92568 29644855374240.3 9578839215158.56 12292.0093446308 3995.74734911737 79268959.2728979
2388988561.98353 29660884450161.2 9584049766051.69 12291.8397292953 3995.69254295776 79268959.2728979
2390292595.04138 29676913305017.7 9589260245514.3 12291.6702973401 3995.63779587371 79268959.2728979
2391596628.09923 29692941939048.7 9594470653623.36 12291.5010484655 3995.58310776894 79268959.2728979
2392900661.15708 29708970352492.7 9599680990455.74 12291.3319823724 3995.52847854738 79268959.2728979
2394204694.21494 29724998545588.1 9604891256088.14 12291.1630987623 3995.47390811318 79268959.2728979
2395508727.27279 29741026518572.4 9610101450597.17 12290.9943973375 3995.41939637069 79268959.2728979
2396812760.33064 29757054271683.1 9615311574059.3 12290.8258778009 3995.36494322446 79268959.2728979
2398116793.38849 29773081805157.2 9620521626550.89 12290.6575398559 3995.31054857927 79268959.2728979
2399420826.44634 29789109119231.3 9625731608148.15 12290.4893832067 3995.25621234008 79268959.2728979
2400724859.50419 29805136214141.6 9630941518927.19 12290.3214075581 3995.2019344121 79268959.2728979
2402028892.56204 29821163090124 9636151358963.98 12290.1536126156 3995.14771470069 79268959.2728979
2403332925.61989 29837189747413.9 9641361128334.39 12289.9859980852 3995.09355311146 79268959.2728979
2404636958.67775 29853216186246.4 9646570827114.14 12289.8185636738 3995.03944955021 79268959.2728979
2405940991.7356 29869242406856.1 9651780455378.84 12289.6513090886 3994.98540392295 79268959.272898
2407245024.79345 29885268409477.4 9656990013203.98 12289.4842340378 3994.93141613587 79268959.2728979
2408549057.8513 29901294194344.3 9662199500664.92 12289.3173382298 3994.8774860954 79268959.2728979
2409853090.90915 29917319761690.2 9667408917836.91 12289.1506213741 3994.82361370815 79268959.2728979
2411157123.967 29933345111748.3 9672618264795.06 12288.9840831806 3994.76979888093 79268959.2728979
2412461157.02485 29949370244751.5 9677827541614.38 12288.8177233597 3994.71604152078 79268959.2728979
2413765190.08271 29965395160932.1 9683036748369.74 12288.6515416227 3994.6623415349 79268959.2728979
2415069223.14056 29981419860522.1 9688245885135.91 12288.4855376814 3994.60869883072 79268959.2728979
2416373256.19841 29997444343753.3 9693454951987.51 12288.3197112482 3994.55511331587 79268959.2728979
2417677289.25626 30013468610857 9698663948999.07 12288.1540620361 3994.50158489817 79268959.2728979
2418981322.31411 30029492662064 9703872876244.98 12287.9885897588 3994.44811348563 79268959.2728979
2420285355.37196 30045516497604.9 9709081733799.53 12287.8232941306 3994.39469898648 79268959.2728979
2421589388.42981 30061540117709.8 9714290521736.85 12287.6581748665 3994.34134130914 79268959.2728979
2422893421.48766 30077563522608.6 9719499240131 12287.4932316819 3994.28804036223 79268959.2728979
2424197454.54552 30093586712530.7 9724707889055.89 12287.328464293 3994.23479605454 79268959.2728979
2425501487.60337 30109609687705.1 9729916468585.33 12287.1638724165 3994.18160829511 79268959.2728979
2426805520.66122 30125632448360.6 9735124978792.99 12286.9994557699 3994.12847699312 79268959.2728979
2428109553.71907 30141654994725.4 9740333419752.44 12286.835214071 3994.07540205798 79268959.2728979
2429413586.77692 30157677327027.6 9745541791537.12 12286.6711470386 3994.0223833993 79268959.2728979
2430717619.83477 30173699445494.6 9750750094220.36 12286.5072543917 3993.96942092685 79268959.2728979
2432021652.89262 30189721350353.8 9755958327875.38 12286.3435358502 3993.91651455062 79268959.2728979
2433325685.95047 30205743041831.9 9761166492575.25 12286.1799911345 3993.86366418079 79268959.2728979
2434629719.00833 30221764520155.5 9766374588392.97 12286.0166199655 3993.81086972774 79268959.2728979
2435933752.06618 30237785785550.7 9771582615401.38 12285.853422065 3993.75813110201 79268959.2728979
2437237785.12403 30253806838243.3 9776790573673.23 12285.6903971551 3993.70544821438 79268959.2728979
2438541818.18188 30269827678458.6 9781998463281.15 12285.5275449585 3993.65282097577 79268959.2728979
2439845851.23973 30285848306421.7 9787206284297.65 12285.3648651988 3993.60024929734 79268959.2728979
2441149884.29758 30301868722357.4 9792414036795.12 12285.2023575999 3993.5477330904 79268959.2728979
2442453917.35543 30317888926489.9 9797621720845.84 12285.0400218863 3993.49527226648 79268959.2728979
2443757950.41329 30333908919043.1 9802829336521.97 12284.8778577833 3993.44286673728 79268959.2728979
2445061983.47114 30349928700240.8 9808036883895.57 12284.7158650165 3993.39051641469 79268959.2728979
2446366016.52899 30365948270306.1 9813244363038.56 12284.5540433125 3993.33822121079 79268959.2728979
2447670049.58684 30381967629461.9 9818451774022.77 12284.392392398 3993.28598103786 79268959.2728979
2448974082.64469 30397986777930.8 9823659116919.9 12284.2309120007 3993.23379580836 79268959.2728979
2450278115.70254 30414005715934.9 9828866391801.54 12284.0696018486 3993.18166543493 79268959.2728979
2451582148.76039 30430024443696.2 9834073598739.17 12283.9084616704 3993.12958983039 79268959.2728979
2452886181.81824 30446042961436 9839280737804.15 12283.7474911953 3993.07756890777 79268959.2728979
2454190214.8761 30462061269375.5 9844487809067.74 12283.5866901533 3993.02560258027 79268959.2728979
2455494247.93395 30478079367735.4 9849694812601.07 12283.4260582747 3992.97369076127 79268959.2728979
2456798280.9918 30494097256736.2 9854901748475.16 12283.2655952906 3992.92183336435 79268959.2728979
2458102314.04965 30510114936597.9 9860108616760.94 12283.1053009324 3992.87003030326 79268959.2728979
2459406347.1075 30526132407540.3 9865315417529.18 12282.9451749324 3992.81828149193 79268959.2728979
2460710380.16535 30542149669782.8 9870522150850.6 12282.7852170232 3992.76658684448 79268959.2728979
2462014413.2232 30558166723544.3 9875728816795.75 12282.6254269382 3992.71494627523 79268959.2728979
2463318446.28105 30574183569043.5 9880935415435.1 12282.4658044111 3992.66335969865 79268959.2728979
2464622479.33891 30590200206498.7 9886141946839.02 12282.3063491764 3992.61182702941 79268959.2728979
2465926512.39676 30606216636128 9891348411077.73 12282.1470609691 3992.56034818235 79268959.2728979
2467230545.45461 30622232858149 9896554808221.37 12281.9879395247 3992.50892307251 79268959.2728979
2468534578.51246 30638248872779 9901761138339.95 12281.8289845793 3992.45755161508 79268959.2728979
2469838611.57031 30654264680234.8 9906967401503.4 12281.6701958696 3992.40623372546 79268959.2728979
2471142644.62816 30670280280733.2 9912173597781.5 12281.5115731327 3992.3549693192 79268959.2728979
2472446677.68601 30686295674490.3 9917379727243.95 12281.3531161065 3992.30375831206 79268959.2728979
2473750710.74387 30702310861722.2 9922585789960.32 12281.1948245293 3992.25260061996 79268959.2728979
2475054743.80172 30718325842644.3 9927791786000.09 12281.03669814 3992.20149615898 79268959.2728979
2476358776.85957 30734340617472 9932997715432.61 12280.878736678 3992.15044484542 79268959.2728979
2477662809.91742 30750355186420.1 9938203578327.14 12280.7209398833 3992.09944659571 79268959.2728979
2478966842.97527 30766369549703.2 9943409374752.82 12280.5633074964 3992.0485013265 79268959.2728979
2480270876.03312 30782383707535.5 9948615104778.69 12280.4058392585 3991.99760895457 79268959.2728979
2481574909.09097 30798397660130.9 9953820768473.66 12280.2485349112 3991.94676939692 79268959.2728979
2482878942.14882 30814411407702.9 9959026365906.56 12280.0913941966 3991.8959825707 79268959.2728979
2484182975.20668 30830424950464.8 9964231897146.1 12279.9344168574 3991.84524839323 79268959.2728979
2485487008.26453 30846438288629.5 9969437362260.87 12279.777602637 3991.79456678202 79268959.2728979
2486791041.32238 30862451422409.4 9974642761319.38 12279.6209512792 3991.74393765474 79268959.2728979
2488095074.38023 30878464352016.8 9979848094390.01 12279.4644625282 3991.69336092923 79268959.2728979
2489399107.43808 30894477077663.7 9985053361541.04 12279.308136129 3991.64283652353 79268959.2728979
2490703140.49593 30910489599561.4 9990258562840.64 12279.1519718269 3991.59236435582 79268959.2728979
2492007173.55378 30926501917921.3 9995463698356.88 12278.995969368 3991.54194434446 79268959.2728979
2493311206.61164 30942514032954.2 10000668768157.7 12278.8401284987 3991.491576408 79268959.2728979
2494615239.66949 30958525944870.7 10005873772311 12278.6844489661 3991.44126046513 79268959.2728979
2495919272.72734 30974537653881 10011078710884.5 12278.5289305177 3991.39099643474 79268959.2728979
2497223305.78519 30990549160195 10016283583945.9 12278.3735729015 3991.34078423586 79268959.2728979
2498527338.84304 31006560464022.2 10021488391562.6 12278.2183758663 3991.29062378771 79268959.2728979
2499831371.90089 31022571565571.9 10026693133802.2 12278.063339161 3991.24051500967 79268959.2728979
2501135404.95874 31038582465053.1 10031897810731.8 12277.9084625355 3991.19045782131 79268959.2728979
2502439438.01659 31054593162674.2 10037102422418.9 12277.7537457398 3991.14045214233 79268959.2728979
2503743471.07445 31070603658643.7 10042306968930.4 12277.5991885247 3991.09049789262 79268959.2728979
2505047504.1323 31086613953169.3 10047511450333.5 12277.4447906414 3991.04059499224 79268959.2728979
2506351537.19015 31102624046458.7 10052715866694.9 12277.2905518417 3990.9907433614 79268959.2728979
2507655570.248 31118633938719.2 10057920218081.6 12277.1364718778 3990.9409429205 79268959.2728979
2508959603.30585 31134643630157.8 10063124504560.1 12276.9825505025 3990.89119359009 79268959.2728979
2510263636.3637 31150653120981.1 10068328726197.2 12276.8287874691 3990.84149529089 79268959.2728979
2511567669.42155 31166662411395.4 10073532883059.3 12276.6751825314 3990.79184794377 79268959.2728979
2512871702.4794 31182671501606.7 10078736975212.8 12276.5217354438 3990.74225146978 79268959.2728979
2514175735.53726 31198680391820.8 10083941002723.9 12276.3684459611 3990.69270579015 79268959.2728979
2515479768.59511 31214689082242.9 10089144965659 12276.2153138386 3990.64321082623 79268959.2728979
2516783801.65296 31230697573078.2 10094348864084 12276.0623388322 3990.59376649957 79268959.2728979
2518087834.71081 31246705864531.3 10099552698064.9 12275.9095206983 3990.54437273187 79268959.2728979
2519391867.76866 31262713956806.6 10104756467667.6 12275.7568591938 3990.495029445 79268959.2728979
2520695900.82651 31278721850108.3 10109960172958 12275.6043540759 3990.44573656097 79268959.2728979
2521999933.88436 31294729544640.1 10115163814001.6 12275.4520051027 3990.39649400198 79268959.2728979
2523303966.94222 31310737040605.5 10120367390864 12275.2998120325 3990.34730169036 79268959.2728979
2524608000.00007 31326744338207.6 10125570903610.8 12275.1477746241 3990.29815954864 79268959.2728979
2525912033.05792 31342751437649.3 10130774352307.3 12274.995892637 3990.24906749947 79268959.2728979
2527216066.11577 31358758339133.1 10135977737018.7 12274.844165831 3990.20002546569 79268959.2728979
2528520099.17362 31374765042861.1 10141181057810.3 12274.6925939666 3990.15103337028 79268959.2728979
2529824132.23147 31390771549035.3 10146384314747 12274.5411768045 3990.10209113639 79268959.2728979
2531128165.28932 31406777857857.3 10151587507894 12274.3899141063 3990.05319868732 79268959.2728979
2532432198.34717 31422783969528.2 10156790637316 12274.2388056337 3990.00435594654 79268959.2728979
2533736231.40503 31438789884249.2 10161993703077.8 12274.087851149 3989.95556283766 79268959.2728979
2535040264.46288 31454795602220.8 10167196705244.1 12273.9370504153 3989.90681928447 79268959.2728979
2536344297.52073 31470801123643.4 10172399643879.5 12273.7864031957 3989.85812521091 79268959.2728979
2537648330.57858 31486806448717 10177602519048.4 12273.6359092541 3989.80948054105 79268959.2728979
2538952363.63643 31502811577641.3 10182805330815.3 12273.4855683549 3989.76088519915 79268959.2728979
2540256396.69428 31518816510615.8 10188008079244.3 12273.3353802628 3989.71233910962 79268959.2728979
2541560429.75213 31534821247839.5 10193210764399.7 12273.1853447431 3989.663842197 79268959.2728979
2542864462.80999 31550825789511.4 10198413386345.5 12273.0354615615 3989.61539438602 79268959.2728979
2544168495.86784 31566830135829.8 10203615945145.8 12272.8857304844 3989.56699560155 79268959.2728979
2545472528.92569 31582834286992.9 10208818440864.3 12272.7361512785 3989.5186457686 79268959.2728979
2546776561.98354 31598838243198.8 10214020873565 12272.5867237109 3989.47034481235 79268959.2728979
2548080595.04139 31614842004644.9 10219223243311.5 12272.4374475494 3989.42209265812 79268959.2728979
2549384628.09924 31630845571528.5 10224425550167.3 12272.2883225621 3989.37388923141 79268959.2728979
2550688661.15709 31646848944046.7 10229627794196 12272.1393485176 3989.32573445785 79268959.2728979
2551992694.21494 31662852122396.1 10234829975460.9 12271.9905251851 3989.27762826322 79268959.2728979
2553296727.2728 31678855106773.1 10240032094025.5 12271.8418523342 3989.22957057346 79268959.2728979
2554600760.33065 31694857897373.7 10245234149952.8 12271.6933297349 3989.18156131466 79268959.2728979
2555904793.3885 31710860494393.9 10250436143305.9 12271.5449571578 3989.13360041307 79268959.2728979
2557208826.44635 31726862898028.9 10255638074148 12271.3967343738 3989.08568779506 79268959.2728979
2558512859.5042 31742865108474.1 10260839942541.9 12271.2486611545 3989.03782338719 79268959.2728979
2559816892.56205 31758867125924.4 10266041748550.4 12271.1007372717 3988.99000711615 79268959.2728979
2561120925.6199 31774868950574.2 10271243492236.2 12270.9529624978 3988.94223890878 79268959.2728979
2562424958.67775 31790870582617.9 10276445173662 12270.8053366059 3988.89451869206 79268959.2728979
2563728991.73561 31806872022249.6 10281646792890.3 12270.657859369 3988.84684639313 79268959.2728979
2565033024.79346 31822873269662.9 10286848349983.6 12270.5105305612 3988.79922193929 79268959.2728979
2566337057.85131 31838874325051.1 10292049845004.2 12270.3633499566 3988.75164525797 79268959.2728979
2567641090.90916 31854875188607.6 10297251278014.3 12270.2163173299 3988.70411627674 79268959.2728979
2568945123.96701 31870875860524.9 10302452649076.1 12270.0694324563 3988.65663492334 79268959.2728979
2570249157.02486 31886876340995.8 10307653958251.7 12269.9226951114 3988.60920112564 79268959.2728979
2571553190.08271 31902876630212.4 10312855205603 12269.7761050714 3988.56181481168 79268959.2728979
2572857223.14057 31918876728366.6 10318056391191.9 12269.6296621128 3988.5144759096 79268959.2728979
2574161256.19842 31934876635650.2 10323257515080.2 12269.4833660125 3988.46718434774 79268959.2728979
2575465289.25627 31950876352254.4 10328458577329.5 12269.3372165481 3988.41994005454 79268959.2728979
2576769322.31412 31966875878370.4 10333659578001.5 12269.1912134974 3988.37274295862 79268959.2728979
2578073355.37197 31982875214189 10338860517157.7 12269.0453566388 3988.32559298872 79268959.2728979
2579377388.42982 31998874359900.6 10344061394859.4 12268.8996457511 3988.27849007373 79268959.2728979
2580681421.48767 32014873315695.4 10349262211168.1 12268.7540806136 3988.2314341427 79268959.2728979
2581985454.54552 32030872081763.4 10354462966144.8 12268.6086610059 3988.18442512479 79268959.2728979
2583289487.60338 32046870658294.1 10359663659850.8 12268.4633867082 3988.13746294935 79268959.2728979
2584593520.66123 32062869045477 10364864292347 12268.3182575011 3988.09054754582 79268959.2728979
2585897553.71908 32078867243501.1 10370064863694.5 12268.1732731657 3988.04367884383 79268959.2728979
2587201586.77693 32094865252555.2 10375265373954 12268.0284334833 3987.99685677311 79268959.2728979
2588505619.83478 32110863072827.8 10380465823186.4 12267.883738236 3987.95008126357 79268959.2728979
2589809652.89263 32126860704507 10385666211452.3 12267.7391872061 3987.90335224524 79268959.2728979
2591113685.95048 32142858147780.8 10390866538812.3 12267.5947801763 3987.85666964828 79268959.2728979
2592417719.00834 32158855402836.8 10396066805326.8 12267.45051693 3987.81003340302 79268959.2728979
2593721752.06619 32174852469862.5 10401267011056.4 12267.3063972509 3987.76344343992 79268959.2728979
2595025785.12404 32190849349044.7 10406467156061.2 12267.1624209229 3987.71689968955 79268959.2728979
2596329818.18189 32206846040570.5 10411667240401.5 12267.0185877307 3987.67040208267 79268959.2728979
2597633851.23974 32222842544626.2 10416867264137.5 12266.8748974593 3987.62395055014 79268959.2728979
2598937884.29759 32238838861398.2 10422067227329.1 12266.7313498941 3987.57754502298 79268959.2728979
2600241917.35544 32254834991072.2 10427267130036.4 12266.5879448209 3987.53118543234 79268959.2728979
2601545950.41329 32270830933834.2 10432466972319.1 12266.4446820259 3987.4848717095 79268959.2728979
2602849983.47115 32286826689869.3 10437666754237 12266.301561296 3987.43860378589 79268959.2728979
2604154016.529 32302822259362.8 10442866475849.9 12266.1585824183 3987.39238159309 79268959.2728979
2605458049.58685 32318817642499.5 10448066137217.3 12266.0157451802 3987.34620506278 79268959.2728979
2606762082.6447 32334812839464 10453265738398.7 12265.8730493699 3987.3000741268 79268959.2728979
2608066115.70255 32350807850440.5 10458465279453.6 12265.7304947757 3987.25398871714 79268959.2728979
2609370148.7604 32366802675613 10463664760441.2 12265.5880811864 3987.2079487659 79268959.2728979
2610674181.81825 32382797315165.4 10468864181420.8 12265.4458083914 3987.16195420532 79268959.2728978
2611978214.8761 32398791769281 10474063542451.5 12265.3036761802 3987.11600496779 79268959.2728979
2613282247.93396 32414786038143.1 10479262843592.4 12265.1616843431 3987.07010098583 79268959.2728979
2614586280.99181 32430780121934.5 10484462084902.4 12265.0198326705 3987.02424219208 79268959.2728979
2615890314.04966 32446774020837.9 10489661266440.5 12264.8781209534 3986.97842851934 79268959.2728979
2617194347.10751 32462767735035.7 10494860388265.5 12264.7365489831 3986.93265990051 79268959.2728979
2618498380.16536 32478761264710 10500059450435.9 12264.5951165515 3986.88693626866 79268959.2728979
2619802413.22321 32494754610042.6 10505258453010.6 12264.4538234507 3986.84125755697 79268959.2728979
2621106446.28106 32510747771215 10510457396048 12264.3126694733 3986.79562369876 79268959.2728979
2622410479.33892 32526740748408.6 10515656279606.5 12264.1716544124 3986.75003462748 79268959.2728979
2623714512.39677 32542733541804.3 10520855103744.5 12264.0307780613 3986.70449027672 79268959.2728979
2625018545.45462 32558726151583 10526053868520.3 12263.890040214 3986.65899058019 79268959.2728979
2626322578.51247 32574718577925 10531252573992.1 12263.7494406648 3986.61353547174 79268959.2728979
2627626611.57032 32590710821010.7 10536451220217.9 12263.6089792082 3986.56812488535 79268959.2728979
2628930644.62817 32606702881019.8 10541649807255.8 12263.4686556393 3986.52275875513 79268959.2728979
2630234677.68602 32622694758132.3 10546848335163.8 12263.3284697537 3986.47743701532 79268959.2728979
2631538710.74387 32638686452527.3 10552046803999.6 12263.1884213472 3986.4321596003 79268959.2728979
2632842743.80173 32654677964384.1 10557245213821 12263.0485102161 3986.38692644456 79268959.2728979
2634146776.85958 32670669293881.6 10562443564685.8 12262.9087361571 3986.34173748273 79268959.2728979
2635450809.91743 32686660441198.3 10567641856651.4 12262.7690989674 3986.29659264958 79268959.2728979
2636754842.97528 32702651406512.7 10572840089775.3 12262.6295984444 3986.25149188 79268959.2728979
2638058876.03313 32718642190002.8 10578038264115.1 12262.4902343861 3986.20643510901 79268959.2728979
2639362909.09098 32734632791846.4 10583236379728 12262.3510065907 3986.16142227174 79268959.2728979
2640666942.14883 32750623212221.1 10588434436671.3 12262.211914857 3986.11645330349 79268959.2728979
2641970975.20669 32766613451304.1 10593632435002.2 12262.0729589841 3986.07152813964 79268959.2728979
2643275008.26454 32782603509272.6 10598830374777.7 12261.9341387714 3986.02664671573 79268959.2728979
2644579041.32239 32798593386303.3 10604028256054.8 12261.7954540189 3985.98180896742 79268959.2728979
2645883074.38024 32814583082572.7 10609226078890.4 12261.6569045269 3985.93701483049 79268959.2728979
2647187107.43809 32830572598257.1 10614423843341.4 12261.5184900961 3985.89226424086 79268959.2728979
2648491140.49594 32846561933532.4 10619621549464.5 12261.3802105275 3985.84755713455 79268959.2728979
2649795173.55379 32862551088574.4 10624819197316.4 12261.2420656226 3985.80289344774 79268959.2728979
2651099206.61164 32878540063558.6 10630016786953.6 12261.1040551834 3985.75827311671 79268959.2728979
2652403239.6695 32894528858660.2 10635214318432.7 12260.966179012 3985.71369607788 79268959.2728979
2653707272.72735 32910517474054.2 10640411791810 12260.8284369111 3985.66916226778 79268959.2728979
2655011305.7852 32926505909915.2 10645609207142 12260.6908286838 3985.62467162307 79268959.2728979
2656315338.84305 32942494166417.7 10650806564484.7 12260.5533541334 3985.58022408056 79268959.2728979
2657619371.9009 32958482243735.9 10656003863894.5 12260.4160130638 3985.53581957714 79268959.2728979
2658923404.95875 32974470142043.7 10661201105427.4 12260.2788052793 3985.49145804985 79268959.2728979
2660227438.0166 32990457861514.8 10666398289139.3 12260.1417305843 3985.44713943586 79268959.2728979
2661531471.07445 33006445402322.7 10671595415086.3 12260.0047887838 3985.40286367245 79268959.2728979
2662835504.13231 33022432764640.5 10676792483324.1 12259.8679796832 3985.35863069701 79268959.2728979
2664139537.19016 33038419948641.1 10681989493908.5 12259.7313030883 3985.31444044709 79268959.2728979
2665443570.24801 33054406954497.2 10687186446895.2 12259.5947588051 3985.27029286032 79268959.2728979
2666747603.30586 33070393782381.2 10692383342339.7 12259.4583466401 3985.22618787448 79268959.2728979
2668051636.36371 33086380432465.3 10697580180297.7 12259.3220664003 3985.18212542747 79268959.2728979
2669355669.42156 33102366904921.3 10702776960824.4 12259.1859178928 3985.13810545729 79268959.2728979
2670659702.47941 33118353199921 10707973683975.4 12259.0499009253 3985.09412790209 79268959.2728979
2671963735.53727 33134339317635.7 10713170349805.7 12258.9140153058 3985.05019270013 79268959.2728979
2673267768.59512 33150325258236.7 10718366958370.7 12258.7782608427 3985.00629978977 79268959.2728979
2674571801.65297 33166311021894.7 10723563509725.4 12258.6426373447 3984.96244910951 79268959.2728979
2675875834.71082 33182296608780.5 10728760003924.9 12258.5071446209 3984.91864059798 79268959.2728979
2677179867.76867 33198282019064.4 10733956441024.1 12258.371782481 3984.87487419391 79268959.2728979
2678483900.82652 33214267252916.7 10739152821077.9 12258.2365507346 3984.83114983616 79268959.2728979
2679787933.88437 33230252310507.3 10744349144141 12258.1014491922 3984.7874674637 79268959.2728979
2681091966.94222 33246237192005.7 10749545410268.3 12257.9664776642 3984.74382701562 79268959.2728979
2682396000.00008 33262221897581.5 10754741619514.2 12257.8316359618 3984.70022843114 79268959.2728979
2683700033.05793 33278206427403.8 10759937771933.4 12257.6969238962 3984.65667164959 79268959.2728979
2685004066.11578 33294190781641.5 10765133867580.4 12257.5623412791 3984.61315661041 79268959.2728979
2686308099.17363 33310174960463.4 10770329906509.5 12257.4278879227 3984.56968325318 79268959.2728978
2687612132.23148 33326158964037.8 10775525888775 12257.2935636394 3984.52625151756 79268959.2728978
2688916165.28933 33342142792533 10780721814431.3 12257.159368242 3984.48286134338 79268959.2728978
2690220198.34718 33358126446116.8 10785917683532.3 12257.0253015437 3984.43951267053 79268959.2728978
2691524231.40504 33374109924957.1 10791113496132.3 12256.891363358 3984.39620543905 79268959.2728978
2692828264.46289 33390093229221.2 10796309252285.3 12256.7575534989 3984.3529395891 79268959.2728978
2694132297.52074 33406076359076.4 10801504952045 12256.6238717806 3984.30971506094 79268959.2728978
2695436330.57859 33422059314689.7 10806700595465.5 12256.4903180177 3984.26653179494 79268959.2728978
2696740363.63644 33438042096227.8 10811896182600.5 12256.3568920253 3984.22338973161 79268959.2728978
2698044396.69429 33454024703857.2 10817091713503.5 12256.2235936186 3984.18028881155 79268959.2728978
2699348429.75214 33470007137744.2 10822287188228.4 12256.0904226134 3984.13722897549 79268959.2728978
2700652462.80999 33485989398054.8 10827482606828.6 12255.9573788257 3984.09421016427 79268959.2728978
2701956495.86785 33501971484954.6 10832677969357.5 12255.824462072 3984.05123231884 79268959.2728978
2703260528.9257 33517953398609.4 10837873275868.6 12255.691672169 3984.00829538028 79268959.2728978
2704564561.98355 33533935139184.4 10843068526415.1 12255.5590089338 3983.96539928976 79268959.2728978
2705868595.0414 33549916706844.6 10848263721050.3 12255.4264721839 3983.92254398858 79268959.2728978
2707172628.09925 33565898101754.9 10853458859827.4 12255.2940617372 3983.87972941814 79268959.2728978
2708476661.1571 33581879324079.8 10858653942799.3 12255.1617774119 3983.83695551998 79268959.2728978
2709780694.21495 33597860373983.7 10863848970019.2 12255.0296190263 3983.79422223571 79268959.2728978
2711084727.2728 33613841251630.8 10869043941539.9 12254.8975863996 3983.75152950708 79268959.2728978
2712388760.33066 33629821957184.8 10874238857414.3 12254.7656793507 3983.70887727596 79268959.2728978
2713692793.38851 33645802490809.5 10879433717695.1 12254.6338976995 3983.66626548432 79268959.2728978
2714996826.44636 33661782852668.2 10884628522435.1 12254.5022412657 3983.62369407422 79268959.2728978
2716300859.50421 33677763042924.1 10889823271686.9 12254.3707098697 3983.58116298788 79268959.2728978
2717604892.56206 33693743061740.1 10895017965503 12254.2393033321 3983.53867216757 79268959.2728978
2718908925.61991 33709722909279 10900212603935.8 12254.1080214737 3983.49622155573 79268959.2728978
2720212958.67776 33725702585703.2 10905407187037.9 12253.9768641161 3983.45381109488 79268959.2728978
2721516991.73562 33741682091174.9 10910601714861.5 12253.8458310807 3983.41144072764 79268959.2728978
2722821024.79347 33757661425856.2 10915796187458.8 12253.7149221896 3983.36911039676 79268959.2728978
2724125057.85132 33773640589908.9 10920990604882 12253.5841372651 3983.3268200451 79268959.2728978
2725429090.90917 33789619583494.4 10926184967183.2 12253.45347613 3983.28456961562 79268959.2728978
2726733123.96702 33805598406774 10931379274414.5 12253.3229386071 3983.24235905138 79268959.2728978
2728037157.02487 33821577059909 10936573526627.8 12253.1925245199 3983.20018829558 79268959.2728978
2729341190.08272 33837555543060 10941767723875 12253.0622336921 3983.15805729149 79268959.2728978
2730645223.14057 33853533856387.7 10946961866207.8 12252.9320659477 3983.11596598252 79268959.2728978
2731949256.19843 33869512000052.6 10952155953678 12252.802021111 3983.07391431217 79268959.2728978
2733253289.25628 33885489974214.8 10957349986337.2 12252.6720990068 3983.03190222406 79268959.2728978
2734557322.31413 33901467779034.1 10962543964237.1 12252.54229946 3982.98992966189 79268959.2728978
2735861355.37198 33917445414670.4 10967737887429.1 12252.4126222962 3982.94799656951 79268959.2728978
2737165388.42983 33933422881283.1 10972931755964.7 12252.2830673409 3982.90610289085 79268959.2728978
2738469421.48768 33949400179031.4 10978125569895.2 12252.1536344202 3982.86424856994 79268959.2728978
2739773454.54553 33965377308074.3 10983319329271.9 12252.0243233606 3982.82243355093 79268959.2728978
2741077487.60338 33981354268570.8 10988513034146.1 12251.8951339886 3982.78065777809 79268959.2728978
2742381520.66124 33997331060679.3 10993706684568.8 12251.7660661313 3982.73892119576 79268959.2728978
2743685553.71909 34013307684558.1 10998900280591.2 12251.6371196161 3982.69722374842 79268959.2728978
2744989586.77694 34029284140365.5 11004093822264.1 12251.5082942706 3982.65556538063 79268959.2728978
2746293619.83479 34045260428259.2 11009287309638.7 12251.3795899229 3982.61394603708 79268959.2728978
2747597652.89264 34061236548397.1 11014480742765.7 12251.2510064014 3982.57236566254 79268959.2728978
2748901685.95049 34077212500936.5 11019674121695.8 12251.1225435346 3982.53082420189 79268959.2728978
2750205719.00834 34093188286034.6 11024867446479.9 12250.9942011517 3982.48932160014 79268959.2728978
2751509752.0662 34109163903848.4 11030060717168.5 12250.8659790818 3982.44785780237 79268959.2728978
2752813785.12405 34125139354534.8 11035253933812.2 12250.7378771547 3982.40643275378 79268959.2728978
2754117818.1819 34141114638250.4 11040447096461.6 12250.6098952004 3982.36504639967 79268959.2728978
2755421851.23975 34157089755151.3 11045640205166.9 12250.482033049 3982.32369868546 79268959.2728978
2756725884.2976 34173064705393.8 11050833259978.6 12250.3542905313 3982.28238955664 79268959.2728978
2758029917.35545 34189039489133.7 11056026260947 12250.2266674781 3982.24111895884 79268959.2728978
2759333950.4133 34205014106526.8 11061219208122.3 12250.0991637208 3982.19988683776 79268959.2728978
2760637983.47115 34220988557728.4 11066412101554.5 12249.9717790908 3982.15869313922 79268959.2728978
2761942016.52901 34236962842893.8 11071604941293.9 12249.8445134201 3982.11753780915 79268959.2728978
2763246049.58686 34252936962178.1 11076797727390.3 12249.7173665409 3982.07642079355 79268959.2728978
2764550082.64471 34268910915736 11081990459893.7 12249.5903382856 3982.03534203857 79268959.2728978
2765854115.70256 34284884703722.1 11087183138854 12249.4634284873 3981.99430149041 79268959.2728978
2767158148.76041 34300858326290.8 11092375764320.9 12249.3366369789 3981.95329909541 79268959.2728978
2768462181.81826 34316831783596.2 11097568336344.2 12249.2099635941 3981.9123348 79268959.2728978
2769766214.87611 34332805075792.2 11102760854973.6 12249.0834081665 3981.87140855069 79268959.2728978
2771070247.93397 34348778203032.6 11107953320258.5 12248.9569705302 3981.83052029413 79268959.2728978
2772374280.99182 34364751165470.9 11113145732248.5 12248.8306505198 3981.78966997703 79268959.2728978
2773678314.04967 34380723963260.3 11118338090993.1 12248.7044479699 3981.74885754623 79268959.2728978
2774982347.10752 34396696596553.9 11123530396541.5 12248.5783627155 3981.70808294865 79268959.2728978
2776286380.16537 34412669065504.5 11128722648943.2 12248.452394592 3981.66734613133 79268959.2728978
2777590413.22322 34428641370264.9 11133914848247.4 12248.326543435 3981.62664704139 79268959.2728978
2778894446.28107 34444613510987.3 11139106994503.1 12248.2008090806 3981.58598562605 79268959.2728978
2780198479.33892 34460585487824 11144299087759.6 12248.0751913649 3981.54536183265 79268959.2728978
2781502512.39678 34476557300927.1 11149491128065.8 12247.9496901246 3981.5047756086 79268959.2728978
2782806545.45463 34492528950448.2 11154683115470.7 12247.8243051966 3981.46422690144 79268959.2728978
2784110578.51248 34508500436539 11159875050023.2 12247.699036418 3981.42371565878 79268959.2728978
2785414611.57033 34524471759350.9 11165066931772 12247.5738836263 3981.38324182833 79268959.2728978
2786718644.62818 34540442919034.8 11170258760766 12247.4488466594 3981.34280535792 79268959.2728978
2788022677.68603 34556413915741.9 11175450537053.9 12247.3239253554 3981.30240619547 79268959.2728978
2789326710.74388 34572384749622.8 11180642260684.2 12247.1991195526 3981.26204428897 79268959.2728978
2790630743.80173 34588355420828 11185833931705.5 12247.0744290898 3981.22171958654 79268959.2728978
2791934776.85959 34604325929507.9 11191025550166.3 12246.949853806 3981.1814320364 79268959.2728978
2793238809.91744 34620296275812.4 11196217116115 12246.8253935405 3981.14118158682 79268959.2728978
2794542842.97529 34636266459891.6 11201408629599.9 12246.7010481329 3981.10096818623 79268959.2728978
2795846876.03314 34652236481895.1 11206600090669.4 12246.5768174232 3981.06079178311 79268959.2728978
2797150909.09099 34668206341972.3 11211791499371.6 12246.4527012515 3981.02065232604 79268959.2728978
2798454942.14884 34684176040272.5 11216982855754.7 12246.3286994584 3980.98054976373 79268959.2728978
2799758975.20669 34700145576944.7 11222174159866.7 12246.2048118847 3980.94048404494 79268959.2728978
2801063008.26455 34716114952137.9 11227365411755.7 12246.0810383715 3980.90045511856 79268959.2728978
2802367041.3224 34732084166000.6 11232556611469.7 12245.9573787602 3980.86046293356 79268959.2728978
2803671074.38025 34748053218681.2 11237747759056.4 12245.8338328924 3980.82050743901 79268959.2728978
2804975107.4381 34764022110328 11242938854563.7 12245.7104006103 3980.78058858406 79268959.2728978
2806279140.49595 34779990841089 11248129898039.4 12245.587081756 3980.74070631797 79268959.2728978
2807583173.5538 34795959411112.1 11253320889531.2 12245.4638761722 3980.7008605901 79268959.2728978
2808887206.61165 34811927820544.7 11258511829086.5 12245.3407837017 3980.66105134988 79268959.2728978
2810191239.6695 34827896069534.4 11263702716753.1 12245.2178041877 3980.62127854686 79268959.2728978
2811495272.72736 34843864158228.2 11268893552578.4 12245.0949374737 3980.58154213066 79268959.2728978
2812799305.78521 34859832086773.3 11274084336609.7 12244.9721834033 3980.54184205101 79268959.2728978
2814103338.84306 34875799855316.4 11279275068894.5 12244.8495418207 3980.50217825773 79268959.2728978
2815407371.90091 34891767464004 11284465749480.1 12244.7270125702 3980.46255070073 79268959.2728978
2816711404.95876 34907734912982.7 11289656378413.6 12244.6045954964 3980.42295933001 79268959.2728978
2818015438.01661 34923702202398.4 11294846955742.2 12244.4822904441 3980.38340409566 79268959.2728978
2819319471.07446 34939669332397.3 11300037481513 12244.3600972586 3980.34388494788 79268959.2728978
2820623504.13232 34955636303125.1 11305227955773 12244.2380157854 3980.30440183694 79268959.2728978
2821927537.19017 34971603114727.4 11310418378569.2 12244.1160458702 3980.26495471322 79268959.2728978
2823231570.24802 34987569767349.5 11315608749948.5 12243.9941873591 3980.22554352718 79268959.2728978
2824535603.30587 35003536261136.6 11320799069957.8 12243.8724400983 3980.18616822936 79268959.2728978
2825839636.36372 35019502596233.8 11325989338643.7 12243.7508039346 3980.14682877043 79268959.2728978
2827143669.42157 35035468772785.7 11331179556053 12243.6292787149 3980.10752510111 79268959.2728978
2828447702.47942 35051434790937 11336369722232.3 12243.5078642862 3980.06825717224 79268959.2728978
2829751735.53727 35067400650832 11341559837228.2 12243.3865604961 3980.02902493472 79268959.2728978
2831055768.59513 35083366352614.9 11346749901087.2 12243.2653671923 3979.98982833957 79268959.2728978
2832359801.65298 35099331896429.7 11351939913855.8 12243.1442842229 3979.95066733789 79268959.2728978
2833663834.71083 35115297282420.1 11357129875580.3 12243.0233114361 3979.91154188086 79268959.2728978
2834967867.76868 35131262510729.8 11362319786307.1 12242.9024486806 3979.87245191976 79268959.2728978
2836271900.82653 35147227581502.1 11367509646082.4 12242.7816958051 3979.83339740596 79268959.2728978
2837575933.88438 35163192494880.3 11372699454952.4 12242.661052659 3979.79437829092 79268959.2728978
2838879966.94223 35179157251007.2 11377889212963.2 12242.5405190915 3979.75539452618 79268959.2728978
2840184000.00008 35195121850025.8 11383078920161 12242.4200949524 3979.71644606337 79268959.2728978
2841488033.05794 35211086292078.6 11388268576591.6 12242.2997800916 3979.67753285422 79268959.2728978
2842792066.11579 35227050577308 11393458182301.1 12242.1795743594 3979.63865485054 79268959.2728978
2844096099.17364 35243014705856.2 11398647737335.4 12242.0594776064 3979.59981200423 79268959.2728978
2845400132.23149 35258978677865.2 11403837241740.2 12241.9394896833 3979.56100426728 79268959.2728978
2846704165.28934 35274942493476.9 11409026695561.2 12241.8196104412 3979.52223159176 79268959.2728978
2848008198.34719 35290906152832.9 11414216098844.3 12241.6998397314 3979.48349392984 79268959.2728978
2849312231.40504 35306869656074.7 11419405451634.9 12241.5801774056 3979.44479123377 79268959.2728978
2850616264.4629 35322833003343.3 11424594753978.8 12241.4606233156 3979.40612345588 79268959.2728978
2851920297.52075 35338796194780 11429784005921.3 12241.3411773137 3979.3674905486 79268959.2728978
2853224330.5786 35354759230525.6 11434973207507.9 12241.2218392522 3979.32889246445 79268959.2728978
2854528363.63645 35370722110720.6 11440162358784.1 12241.1026089839 3979.29032915601 79268959.2728978
2855832396.6943 35386684835505.7 11445351459795 12240.9834863617 3979.25180057598 79268959.2728978
2857136429.75215 35402647405021 11450540510586.1 12240.8644712388 3979.21330667713 79268959.2728978
2858440462.81 35418609819406.7 11455729511202.4 12240.7455634688 3979.17484741232 79268959.2728978
2859744495.86785 35434572078802.6 11460918461689.1 12240.6267629055 3979.13642273448 79268959.2728978
2861048528.92571 35450534183348.5 11466107362091.3 12240.5080694028 3979.09803259664 79268959.2728978
2862352561.98356 35466496133183.9 11471296212454 12240.3894828152 3979.05967695193 79268959.2728978
2863656595.04141 35482457928448.1 11476485012822.1 12240.2710029971 3979.02135575354 79268959.2728978
2864960628.09926 35498419569280.2 11481673763240.5 12240.1526298034 3978.98306895475 79268959.2728978
2866264661.15711 35514381055819.2 11486862463754.1 12240.0343630892 3978.94481650894 79268959.2728978
2867568694.21496 35530342388203.8 11492051114407.6 12239.91620271 3978.90659836955 79268959.2728978
2868872727.27281 35546303566572.6 11497239715245.8 12239.7981485212 3978.86841449013 79268959.2728978
2870176760.33067 35562264591064.1 11502428266313.2 12239.6802003788 3978.8302648243 79268959.2728978
2871480793.38852 35578225461816.3 11507616767654.4 12239.562358139 3978.79214932577 79268959.2728978
2872784826.44637 35594186178967.4 11512805219314.1 12239.4446216582 3978.75406794833 79268959.2728978
2874088859.50422 35610146742655 11517993621336.6 12239.326990793 3978.71602064585 79268959.2728978
2875392892.56207 35626107153016.9 11523181973766.3 12239.2094654004 3978.67800737229 79268959.2728978
2876696925.61992 35642067410190.5 11528370276647.7 12239.0920453377 3978.64002808169 79268959.2728978
2878000958.67777 35658027514313 11533558530024.9 12238.9747304621 3978.60208272819 79268959.2728978
2879304991.73562 35673987465521.6 11538746733942.2 12238.8575206315 3978.56417126597 79268959.2728978
2880609024.79348 35689947263953.1 11543934888443.8 12238.7404157039 3978.52629364934 79268959.2728978
2881913057.85133 35705906909744.2 11549122993573.8 12238.6234155374 3978.48844983267 79268959.2728978
2883217090.90918 35721866403031.5 11554311049376.2 12238.5065199905 3978.45063977042 79268959.2728978
2884521123.96703 35737825743951.2 11559499055895 12238.3897289221 3978.41286341711 79268959.2728978
2885825157.02488 35753784932639.6 11564687013174.2 12238.273042191 3978.37512072738 79268959.2728978
2887129190.08273 35769743969232.6 11569874921257.6 12238.1564596566 3978.33741165592 79268959.2728978
2888433223.14058 35785702853865.9 11575062780189 12238.0399811783 3978.29973615752 79268959.2728978
2889737256.19843 35801661586675.2 11580250590012.1 12237.923606616 3978.26209418704 79268959.2728977
2891041289.25629 35817620167796 11585438350770.8 12237.8073358295 3978.22448569942 79268959.2728978
2892345322.31414 35833578597363.4 11590626062508.5 12237.6911686793 3978.1869106497 79268959.2728978
2893649355.37199 35849536875512.4 11595813725268.9 12237.5751050257 3978.14936899299 79268959.2728978
2894953388.42984 35865495002378.1 11601001339095.5 12237.4591447297 3978.11186068446 79268959.2728978
2896257421.48769 35881452978095 11606188904031.7 12237.3432876521 3978.07438567939 79268959.2728978
2897561454.54554 35897410802797.6 11611376420120.9 12237.2275336544 3978.03694393314 79268959.2728978
2898865487.60339 35913368476620.4 11616563887406.6 12237.1118825979 3977.99953540112 79268959.2728978
2900169520.66125 35929325999697.4 11621751305931.9 12236.9963343445 3977.96216003886 79268959.2728978
2901473553.7191 35945283372162.6 11626938675740.1 12236.8808887562 3977.92481780193 79268959.2728977
2902777586.77695 35961240594149.8 11632125996874.4 12236.7655456952 3977.88750864602 79268959.2728978
2904081619.8348 35977197665792.6 11637313269377.9 12236.6503050241 3977.85023252686 79268959.2728977
2905385652.89265 35993154587224.5 11642500493293.6 12236.5351666056 3977.81298940029 79268959.2728977
2906689685.9505 36009111358578.6 11647687668664.5 12236.4201303028 3977.77577922221 79268959.2728977
2907993719.00835 36025067979988.1 11652874795533.5 12236.3051959788 3977.73860194861 79268959.2728977
2909297752.0662 36041024451585.9 11658061873943.6 12236.1903634973 3977.70145753556 79268959.2728977
2910601785.12406 36056980773504.7 11663248903937.6 12236.0756327219 3977.6643459392 79268959.2728978
2911905818.18191 36072936945877 11668435885558.1 12235.9610035166 3977.62726711575 79268959.2728978
2913209851.23976 36088892968835.1 11673622818848 12235.8464757457 3977.5902210215 79268959.2728978
2914513884.29761 36104848842511.3 11678809703849.9 12235.7320492736 3977.55320761285 79268959.2728978
2915817917.35546 36120804567037.6 11683996540606.4 12235.617723965 3977.51622684625 79268959.2728978
2917121950.41331 36136760142545.8 11689183329160 12235.503499685 3977.47927867822 79268959.2728978
2918425983.47116 36152715569167.5 11694370069553.2 12235.3893762987 3977.44236306538 79268959.2728978
2919730016.52902 36168670847034.3 11699556761828.4 12235.2753536715 3977.40547996443 79268959.2728978
2921034049.58687 36184625976277.5 11704743406028 12235.1614316692 3977.36862933212 79268959.2728978
2922338082.64472 36200580957028.1 11709930002194.3 12235.0476101576 3977.3318111253 79268959.2728978
2923642115.70257 36216535789417.2 11715116550369.6 12234.9338890029 3977.29502530089 79268959.2728978
2924946148.76042 36232490473575.4 11720303050596 12234.8202680716 3977.25827181588 79268959.2728978
2926250181.81827 36248445009633.5 11725489502915.7 12234.7067472302 3977.22155062735 79268959.2728978
2927554214.87612 36264399397721.9 11730675907370.9 12234.5933263457 3977.18486169245 79268959.2728978
2928858247.93397 36280353637970.8 11735862264003.4 12234.4800052851 3977.14820496841 79268959.2728978
2930162280.99183 36296307730510.3 11741048572855.3 12234.3667839159 3977.11158041252 79268959.2728978
2931466314.04968 36312261675470.3 11746234833968.6 12234.2536621055 3977.07498798216 79268959.2728978
2932770347.10753 36328215472980.5 11751421047385.1 12234.1406397218 3977.03842763479 79268959.2728978
2934074380.16538 36344169123170.6 11756607213146.5 12234.0277166329 3977.00189932793 79268959.2728978
2935378413.22323 36360122626169.9 11761793331294.7 12233.9148927071 3976.96540301919 79268959.2728978
2936682446.28108 36376075982107.7 11766979401871.3 12233.8021678128 3976.92893866624 79268959.2728978
2937986479.33893 36392029191113 11772165424918.1 12233.6895418189 3976.89250622685 79268959.2728978
2939290512.39678 36407982253314.7 11777351400476.5 12233.5770145943 3976.85610565884 79268959.2728978
2940594545.45464 36423935168841.5 11782537328588.1 12233.4645860083 3976.81973692011 79268959.2728978
2941898578.51249 36439887937821.9 11787723209294.4 12233.3522559303 3976.78339996864 79268959.2728978
2943202611.57034 36455840560384.4 11792909042636.8 12233.24002423 3976.74709476248 79268959.2728978
2944506644.62819 36471793036657.1 11798094828656.7 12233.1278907773 3976.71082125977 79268959.2728978
2945810677.68604 36487745366768 11803280567395.5 12233.0158554424 3976.67457941869 79268959.2728978
2947114710.74389 36503697550845.1 11808466258894.2 12232.9039180957 3976.63836919753 79268959.2728978
2948418743.80174 36519649589016 11813651903194.3 12232.7920786077 3976.60219055463 79268959.2728978
2949722776.8596 36535601481408.2 11818837500336.8 12232.6803368493 3976.56604344842 79268959.2728978
2951026809.91745 36551553228149.2 11824023050362.8 12232.5686926916 3976.52992783738 79268959.2728978
2952330842.9753 36567504829366 11829208553313.3 12232.4571460059 3976.49384368009 79268959.2728978
2953634876.03315 36583456285185.8 11834394009229.4 12232.3456966636 3976.45779093518 79268959.2728978
2954938909.091 36599407595735.3 11839579418152 12232.2343445366 3976.42176956138 79268959.2728978
2956242942.14885 36615358761141.3 11844764780122 12232.1230894968 3976.38577951747 79268959.2728978
2957546975.2067 36631309781530.3 11849950095180.1 12232.0119314163 3976.3498207623 79268959.2728978
2958851008.26455 36647260657028.6 11855135363367.3 12231.9008701678 3976.3138932548 79268959.2728978
2960155041.32241 36663211387762.4 11860320584724.1 12231.7899056236 3976.27799695399 79268959.2728978
2961459074.38026 36679161973857.8 11865505759291.3 12231.6790376569 3976.24213181894 79268959.2728978
2962763107.43811 36695112415440.6 11870690887109.4 12231.5682661406 3976.20629780879 79268959.2728978
2964067140.49596 36711062712636.5 11875875968219.1 12231.457590948 3976.17049488276 79268959.2728978
2965371173.55381 36727012865571 11881061002660.9 12231.3470119528 3976.13472300015 79268959.2728978
2966675206.61166 36742962874369.6 11886245990475.1 12231.2365290287 3976.09898212032 79268959.2728978
2967979239.66951 36758912739157.2 11891430931702.3 12231.1261420497 3976.06327220269 79268959.2728978
2969283272.72737 36774862460059.2 11896615826382.7 12231.0158508899 3976.02759320678 79268959.2728978
2970587305.78522 36790812037200.2 11901800674556.7 12230.9056554239 3975.99194509216 79268959.2728978
2971891338.84307 36806761470705 11906985476264.4 12230.7955555262 3975.95632781848 79268959.2728978
2973195371.90092 36822710760698.1 11912170231546.2 12230.6855510718 3975.92074134545 79268959.2728978
2974499404.95877 36838659907304 11917354940442 12230.5756419357 3975.88518563286 79268959.2728978
2975803438.01662 36854608910646.8 11922539602992.1 12230.4658279933 3975.84966064056 79268959.2728978
2977107471.07447 36870557770850.5 11927724219236.4 12230.35610912 3975.8141663285 79268959.2728977
2978411504.13232 36886506488039.2 11932908789214.9 12230.2464851916 3975.77870265666 79268959.2728977
2979715537.19018 36902455062336.5 11938093312967.6 12230.1369560842 3975.74326958511 79268959.2728977
2981019570.24803 36918403493865.9 11943277790534.3 12230.0275216738 3975.70786707399 79268959.2728977
2982323603.30588 36934351782751 11948462221954.9 12229.9181818368 3975.67249508351 79268959.2728977
2983627636.36373 36950299929114.8 11953646607269.2 12229.80893645 3975.63715357394 79268959.2728977
2984931669.42158 36966247933080.6 11958830946516.7 12229.69978539 3975.60184250564 79268959.2728977
2986235702.47943 36982195794771.3 11964015239737.3 12229.590728534 3975.566561839 79268959.2728977
2987539735.53728 36998143514309.5 11969199486970.6 12229.4817657592 3975.53131153452 79268959.2728978
2988843768.59513 37014091091818 11974383688256 12229.3728969431 3975.49609155276 79268959.2728978
2990147801.65299 37030038527419.1 11979567843633.2 12229.2641219633 3975.46090185432 79268959.2728978
2991451834.71084 37045985821235.2 11984751953141.6 12229.1554406979 3975.42574239991 79268959.2728977
2992755867.76869 37061932973388.4 11989936016820.6 12229.0468530248 3975.39061315028 79268959.2728978
2994059900.82654 37077879984000.5 11995120034709.6 12228.9383588224 3975.35551406625 79268959.2728977
2995363933.88439 37093826853193.6 12000304006847.8 12228.8299579692 3975.32044510872 79268959.2728978
2996667966.94224 37109773581089.1 12005487933274.6 12228.7216503441 3975.28540623866 79268959.2728978
2997972000.00009 37125720167808.7 12010671814029.1 12228.6134358259 3975.25039741708 79268959.2728978
2999276033.05795 37141666613473.6 12015855649150.6 12228.5053142939 3975.2154186051 79268959.2728977
3000580066.1158 37157612918205 12021039438678 12228.3972856273 3975.18046976388 79268959.2728977
3001884099.17365 37173559082123.9 12026223182650.6 12228.2893497059 3975.14555085464 79268959.2728977
3003188132.2315 37189505105351.2 12031406881107.2 12228.1815064093 3975.11066183869 79268959.2728977
3004492165.28935 37205450988007.6 12036590534086.9 12228.0737556177 3975.07580267739 79268959.2728978
3005796198.3472 37221396730213.7 12041774141628.5 12227.9660972112 3975.04097333218 79268959.2728978
3007100231.40505 37237342332089.8 12046957703770.9 12227.8585310702 3975.00617376456 79268959.2728978
3008404264.4629 37253287793756.2 12052141220552.9 12227.7510570754 3974.97140393609 79268959.2728978
3009708297.52076 37269233115333 12057324692013.3 12227.6436751076 3974.93666380841 79268959.2728978
3011012330.57861 37285178296940.1 12062508118190.7 12227.5363850479 3974.90195334321 79268959.2728978
3012316363.63646 37301123338697.3 12067691499123.9 12227.4291867775 3974.86727250227 79268959.2728978
3013620396.69431 37317068240724.1 12072874834851.4 12227.3220801778 3974.83262124742 79268959.2728978
3014924429.75216 37333013003140.2 12078058125411.8 12227.2150651306 3974.79799954054 79268959.2728978
3016228462.81001 37348957626064.7 12083241370843.6 12227.1081415176 3974.76340734362 79268959.2728977
3017532495.86786 37364902109616.8 12088424571185.3 12227.001309221 3974.72884461866 79268959.2728977
3018836528.92571 37380846453915.5 12093607726475.2 12226.8945681231 3974.69431132778 79268959.2728977
3020140561.98357 37396790659079.8 12098790836751.7 12226.7879181063 3974.65980743312 79268959.2728978
3021444595.04142 37412734725228.2 12103973902053.1 12226.6813590532 3974.62533289692 79268959.2728978
3022748628.09927 37428678652479.3 12109156922417.8 12226.5748908468 3974.59088768146 79268959.2728978
3024052661.15712 37444622440951.5 12114339897883.8 12226.4685133702 3974.5564717491 79268959.2728978
3025356694.21497 37460566090763.1 12119522828489.4 12226.3622265066 3974.52208506226 79268959.2728977
3026660727.27282 37476509602032.1 12124705714272.7 12226.2560301396 3974.48772758342 79268959.2728977
3027964760.33067 37492452974876.5 12129888555271.7 12226.1499241528 3974.45339927512 79268959.2728977
3029268793.38853 37508396209414 12135071351524.4 12226.04390843 3974.41910009999 79268959.2728977
3030572826.44638 37524339305762.4 12140254103068.9 12225.9379828555 3974.3848300207 79268959.2728977
3031876859.50423 37540282264038.9 12145436809943 12225.8321473134 3974.350589 79268959.2728977
3033180892.56208 37556225084361.1 12150619472184.6 12225.7264016883 3974.31637700067 79268959.2728978
3034484925.61993 37572167766846.1 12155802089831.5 12225.6207458648 3974.2821939856 79268959.2728978
3035788958.67778 37588110311610.8 12160984662921.6 12225.5151797279 3974.24803991772 79268959.2728978
3037092991.73563 37604052718772.3 12166167191492.4 12225.4097031626 3974.21391476002 79268959.2728978
3038397024.79348 37619994988447.1 12171349675581.7 12225.3043160542 3974.17981847557 79268959.2728978
3039701057.85134 37635937120751.9 12176532115227.2 12225.1990182881 3974.14575102747 79268959.2728978
3041005090.90919 37651879115803.2 12181714510466.4 12225.09380975 3974.11171237893 79268959.2728978
3042309123.96704 37667820973717.2 12186896861336.8 12224.9886903259 3974.07770249319 79268959.2728978
3043613157.02489 37683762694610 12192079167875.9 12224.8836599017 3974.04372133355 79268959.2728977
3044917190.08274 37699704278597.6 12197261430121.2 12224.7787183637 3974.0097688634 79268959.2728978
3046221223.14059 37715645725795.9 12202443648110 12224.6738655984 3973.97584504617 79268959.2728978
3047525256.19844 37731587036320.5 12207625821879.7 12224.5691014924 3973.94194984536 79268959.2728978
3048829289.2563 37747528210287.1 12212807951467.6 12224.4644259325 3973.90808322453 79268959.2728978
3050133322.31415 37763469247810.9 12217990036910.9 12224.3598388058 3973.87424514731 79268959.2728978
3051437355.372 37779410149007.2 12223172078246.8 12224.2553399996 3973.84043557737 79268959.2728978
3052741388.42985 37795350913991.1 12228354075512.5 12224.1509294011 3973.80665447847 79268959.2728978
3054045421.4877 37811291542877.7 12233536028745.1 12224.0466068981 3973.77290181441 79268959.2728978
3055349454.54555 37827232035781.6 12238717937981.6 12223.9423723784 3973.73917754908 79268959.2728978
3056653487.6034 37843172392817.6 12243899803259 12223.8382257299 3973.70548164639 79268959.2728978
3057957520.66125 37859112614100.1 12249081624614.3 12223.7341668408 3973.67181407034 79268959.2728978
3059261553.71911 37875052699743.6 12254263402084.5 12223.6301955995 3973.63817478498 79268959.2728978
3060565586.77696 37890992649862.2 12259445135706.3 12223.5263118945 3973.60456375444 79268959.2728978
3061869619.83481 37906932464570 12264626825516.7 12223.4225156147 3973.57098094289 79268959.2728978
3063173652.89266 37922872143981 12269808471552.3 12223.318806649 3973.53742631457 79268959.2728978
3064477685.95051 37938811688209 12274990073850 12223.2151848864 3973.50389983377 79268959.2728978
3065781719.00836 37954751097367.5 12280171632446.3 12223.1116502163 3973.47040146485 79268959.2728978
3067085752.06621 37970690371570.2 12285353147378 12223.0082025283 3973.43693117224 79268959.2728978
3068389785.12406 37986629510930.2 12290534618681.6 12222.9048417121 3973.40348892041 79268959.2728978
3069693818.18192 38002568515561 12295716046393.6 12222.8015676574 3973.3700746739 79268959.2728978
3070997851.23977 38018507385575.5 12300897430550.6 12222.6983802544 3973.33668839732 79268959.2728978
3072301884.29762 38034446121086.6 12306078771189.1 12222.5952793934 3973.30333005531 79268959.2728978
3073605917.35547 38050384722207.2 12311260068345.3 12222.4922649647 3973.26999961261 79268959.2728978
3074909950.41332 38066323189049.8 12316441322055.7 12222.3893368591 3973.23669703399 79268959.2728978
3076213983.47117 38082261521727 12321622532356.6 12222.2864949673 3973.20342228429 79268959.2728978
3077518016.52902 38098199720351.2 12326803699284.2 12222.1837391804 3973.17017532841 79268959.2728978
3078822049.58688 38114137785034.5 12331984822874.8 12222.0810693894 3973.1369561313 79268959.2728978
3080126082.64473 38130075715889 12337165903164.6 12221.9784854859 3973.10376465799 79268959.2728978
3081430115.70258 38146013513026.6 12342346940189.7 12221.8759873613 3973.07060087355 79268959.2728978
3082734148.76043 38161951176559.1 12347527933986.1 12221.7735749074 3973.0374647431 79268959.2728978
3084038181.81828 38177888706598.3 12352708884589.9 12221.6712480161 3973.00435623186 79268959.2728978
3085342214.87613 38193826103255.5 12357889792037.1 12221.5690065795 3972.97127530506 79268959.2728978
3086646247.93398 38209763366642.2 12363070656363.6 12221.46685049 3972.93822192802 79268959.2728978
3087950280.99183 38225700496869.5 12368251477605.4 12221.3647796398 3972.90519606611 79268959.2728978
3089254314.04969 38241637494048.6 12373432255798.3 12221.2627939218 3972.87219768476 79268959.2728978
3090558347.10754 38257574358290.4 12378612990978.2 12221.1608932287 3972.83922674945 79268959.2728978
3091862380.16539 38273511089705.7 12383793683180.7 12221.0590774536 3972.80628322572 79268959.2728978
3093166413.22324 38289447688405.1 12388974332441.6 12220.9573464896 3972.77336707918 79268959.2728978
3094470446.28109 38305384154499.3 12394154938796.6 12220.8557002301 3972.74047827549 79268959.2728978
3095774479.33894 38321320488098.6 12399335502281.3 12220.7541385687 3972.70761678036 79268959.2728978
3097078512.39679 38337256689313.2 12404516022931.4 12220.652661399 3972.67478255957 79268959.2728978
3098382545.45465 38353192758253.2 12409696500782.3 12220.5512686151 3972.64197557895 79268959.2728978
3099686578.5125 38369128695028.7 12414876935869.5 12220.4499601109 3972.60919580439 79268959.2728978
3100990611.57035 38385064499749.4 12420057328228.6 12220.3487357808 3972.57644320184 79268959.2728978
3102294644.6282 38401000172525.1 12425237677894.9 12220.2475955192 3972.5437177373 79268959.2728978
3103598677.68605 38416935713465.3 12430417984903.7 12220.1465392206 3972.51101937683 79268959.2728978
3104902710.7439 38432871122679.4 12435598249290.5 12220.04556678 3972.47834808655 79268959.2728978
3106206743.80175 38448806400276.8 12440778471090.5 12219.9446780923 3972.44570383263 79268959.2728978
3107510776.8596 38464741546366.5 12445958650338.9 12219.8438730525 3972.4130865813 79268959.2728978
3108814809.91746 38480676561057.6 12451138787070.9 12219.7431515562 3972.38049629886 79268959.2728978
3110118842.97531 38496611444458.9 12456318881321.7 12219.6425134986 3972.34793295164 79268959.2728978
3111422876.03316 38512546196679.2 12461498933126.3 12219.5419587756 3972.31539650605 79268959.2728978
3112726909.09101 38528480817827.2 12466678942519.9 12219.441487283 3972.28288692853 79268959.2728978
3114030942.14886 38544415308011.2 12471858909537.4 12219.3410989168 3972.25040418562 79268959.2728978
3115334975.20671 38560349667339.5 12477038834213.8 12219.2407935731 3972.21794824386 79268959.2728978
3116639008.26456 38576283895920.5 12482218716584 12219.1405711484 3972.18551906989 79268959.2728978
3117943041.32241 38592217993862.2 12487398556683 12219.0404315393 3972.15311663038 79268959.2728978
3119247074.38027 38608151961272.4 12492578354545.5 12218.9403746423 3972.12074089208 79268959.2728978
3120551107.43812 38624085798259 12497758110206.3 12218.8404003545 3972.08839182176 79268959.2728978
3121855140.49597 38640019504929.6 12502937823700.3 12218.7405085729 3972.05606938629 79268959.2728978
3123159173.55382 38655953081391.8 12508117495062.2 12218.6406991947 3972.02377355255 79268959.2728978
3124463206.61167 38671886527752.9 12513297124326.5 12218.5409721173 3971.9915042875 79268959.2728978
3125767239.66952 38687819844120.2 12518476711527.9 12218.4413272383 3971.95926155816 79268959.2728978
3127071272.72737 38703753030600.8 12523656256701 12218.3417644554 3971.92704533159 79268959.2728978
3128375305.78523 38719686087301.8 12528835759880.4 12218.2422836666 3971.89485557491 79268959.2728978
3129679338.84308 38735619014329.9 12534015221100.4 12218.14288477 3971.86269225529 79268959.2728978
3130983371.90093 38751551811791.9 12539194640395.7 12218.0435676638 3971.83055533998 79268959.2728978
3132287404.95878 38767484479794.4 12544374017800.6 12217.9443322464 3971.79844479624 79268959.2728978
3133591438.01663 38783417018443.8 12549553353349.4 12217.8451784164 3971.76636059143 79268959.2728978
3134895471.07448 38799349427846.6 12554732647076.6 12217.7461060726 3971.73430269293 79268959.2728978
3136199504.13233 38815281708108.7 12559911899016.3 12217.647115114 3971.70227106818 79268959.2728978
3137503537.19018 38831213859336.4 12565091109202.8 12217.5482054396 3971.6702656847 79268959.2728978
3138807570.24804 38847145881635.6 12570270277670.4 12217.4493769486 3971.63828651002 79268959.2728978
3140111603.30589 38863077775112 12575449404453.1 12217.3506295406 3971.60633351178 79268959.2728978
3141415636.36374 38879009539871.3 12580628489585.1 12217.2519631152 3971.57440665761 79268959.2728978
3142719669.42159 38894941176019.2 12585807533100.4 12217.153377572 3971.54250591525 79268959.2728978
3144023702.47944 38910872683660.8 12590986535033.2 12217.054872811 3971.51063125245 79268959.2728978
3145327735.53729 38926804062901.7 12596165495417.3 12216.9564487324 3971.47878263704 79268959.2728978
3146631768.59514 38942735313846.8 12601344414286.7 12216.8581052364 3971.4469600369 79268959.2728978
3147935801.653 38958666436601.3 12606523291675.3 12216.7598422235 3971.41516341996 79268959.2728978
3149239834.71085 38974597431269.9 12611702127617.1 12216.6616595941 3971.38339275419 79268959.2728978
3150543867.7687 38990528297957.6 12616880922145.7 12216.5635572491 3971.35164800763 79268959.2728978
3151847900.82655 39006459036768.8 12622059675295 12216.4655350895 3971.31992914836 79268959.2728978
3153151933.8844 39022389647808.1 12627238387098.8 12216.3675930162 3971.28823614453 79268959.2728978
3154455966.94225 39038320131179.9 12632417057590.6 12216.2697309306 3971.25656896433 79268959.2728978
3155760000.0001 39054250486988.3 12637595686804.3 12216.171948734 3971.224927576 79268959.2728978
