0 1556958000000 0 -11000 2000 -22756327.2740819 31557.6
839907.446937838 1556610839129.56 63115199.6314395 -11001.7284249782 1999.99996495916 -22756327.2740819 839907.446937838
1433583.50738124 1550069695115.43 1250464436.4294 -11034.3887668028 1999.98612903565 -22756327.2740804 593676.060443403
2024362.6534453 1543541140238.71 2432004258.33427 -11067.1648743947 1999.94708752653 -22756327.2740789 590779.14606406
2611955.23840279 1537028511041.53 3607140662.53054 -11100.0406680042 1999.88261106995 -22756327.2740774 587592.584957493
3196082.22941233 1530535065012.32 4775301039.48832 -11133.0001043406 1999.79251896752 -22756327.2740759 584126.991009537
3776749.38262117 1524060917657.04 5936482505.53025 -11166.0428562883 1999.67661831576 -22756327.2740743 580667.153208843
4353962.64228746 1517606182865.45 7090682707.02503 -11199.1685899614 1999.53471671849 -22756327.2740728 577213.259666286
4927999.20401085 1511167928196.05 8238441777.1043 -11232.3927201499 1999.36653642738 -22756327.2740712 574036.561723385
5498587.57963286 1504749366846.46 9379202882.57855 -11265.6990177951 1999.17194821787 -22756327.2740696 570588.375622014
6066002.53243048 1498347577259.12 10513501482.2109 -11299.102982543 1998.95065037197 -22756327.274068 567414.952797618
6629976.10989863 1491965752723.84 11640788203.571 -11332.5882782819 1998.70254032983 -22756327.2740664 563973.577468151
7191045.4590133 1485597972760.02 12762123030.0483 -11366.1864151805 1998.42715527627 -22756327.2740647 561069.349114676
7748674.42695453 1479250481285.15 13876420883.3553 -11399.8648794277 1998.12453287276 -22756327.2740631 557628.967941222
8303132.50001992 1472920384266.76 14984206984.953 -11433.639308567 1997.79432306112 -22756327.2740614 554458.073065397
8854159.30200549 1466610828675.9 16084947986.2169 -11467.4931804214 1997.43647829563 -22756327.2740597 551026.801985571
9402280.87783085 1460315953030.39 17179681604.3059 -11501.4583347793 1997.05043403207 -22756327.274058 548121.575825352
9947230.77097208 1454038967425.51 18267862536.3824 -11535.5179608779 1996.63613468697 -22756327.2740563 544949.893141235
10488754.4571015 1447782981336.82 19348969873.3495 -11569.6554070674 1996.19357551437 -22756327.2740546 541523.686129452
11027369.6555462 1441542179253.76 20424024521.4834 -11603.9027510363 1995.72211418553 -22756327.2740529 538615.198444658
11562564.1723232 1435322662280.26 21491991644.9329 -11638.226840322 1995.22198126263 -22756327.2740511 535194.516777022
12094599.2824147 1429121574673.7 22553380438.3483 -11672.6436100698 1994.69273885374 -22756327.2740494 532035.110091529
12623726.3068287 1422936142509.57 23608679869.4162 -11707.1688937828 1994.13389866187 -22756327.2740476 529127.024413967
13149691.0662335 1416769493758.05 24657370740.7613 -11741.7856526708 1993.54549236637 -22756327.2740458 525964.759404809
13672496.3193542 1410621766934.29 25699446665.5774 -11776.4933727647 1992.92730521864 -22756327.2740439 522805.253120676
14192145.502613 1404493093400.33 26734902772.2788 -11811.2915603936 1992.27912309873 -22756327.2740421 519649.183258807
14708885.3167885 1398380723524.82 27764218840.9424 -11846.1962010255 1991.60040566202 -22756327.2740403 516739.814175449
15222710.3914387 1392284869295.48 28787372284.243 -11881.2065810341 1990.89090465258 -22756327.2740384 513825.074650294
15733375.8189889 1386208598964.83 29803863952.915 -11916.3054133688 1990.1507296223 -22756327.2740365 510665.427550183
16241125.9218752 1380149169357.98 30814168859.002 -11951.5088611897 1989.37929956416 -22756327.2740346 507750.10288631
16745718.3933789 1374109637209.16 31817793721.822 -11986.7994650975 1988.57675780841 -22756327.2740327 504592.47150362
17247395.9387192 1368087263790.22 32815210297.0154 -12022.1935096929 1987.74249547067 -22756327.2740307 501677.5453403
17746390.3378613 1362079408939.36 33806867990.987 -12057.7070654293 1986.87585408283 -22756327.2740288 498994.399142179
18242222.8734292 1356091992902.45 34791804501.6133 -12093.3055223788 1985.97742084068 -22756327.2740268 495832.535567845
18735132.8163953 1350122296831.06 35770484664.5273 -12129.0052649094 1985.04654686919 -22756327.2740248 492909.942966163
19225119.2344689 1344170490959.33 36742896021.7542 -12164.8056237985 1984.08299377003 -22756327.2740228 489986.418073583
19712409.0833107 1338233966445.12 37709478209.4692 -12200.7227673568 1983.08605012786 -22756327.2740207 487289.848841772
20196539.4203069 1332318525047.12 38669302684.6523 -12236.7218995991 1982.05642821268 -22756327.2740187 484130.336996203
20677745.3386979 1326421469574.51 39622825808.757 -12272.8195726582 1980.99342340497 -22756327.2740166 481205.918390984
21156250.9604719 1320540205189.73 40570481418.1651 -12309.0320888503 1979.89628190688 -22756327.2740145 478505.621774057
21631825.0326684 1314677727481.63 41511801440.2104 -12345.3413989895 1978.76527817719 -22756327.2740124 475574.072196442
22104690.3170851 1308831445311.47 42447216882.7264 -12381.7639240807 1977.59962949841 -22756327.2740103 472865.284416733
22574840.2735256 1303001583774.49 43376704686.2884 -12418.2987633817 1976.399072651 -22756327.2740081 470149.956440513
23042267.2677401 1297188383658.35 44300239814.8485 -12454.9448840756 1975.16335100758 -22756327.2740059 467426.994214448
23506748.6101731 1291394774398.32 45217372932.1496 -12491.6841172509 1973.89281051358 -22756327.2740037 464481.342432997
23968288.260774 1285620879799.83 46128103113.5612 -12528.5158009124 1972.58723090315 -22756327.2740015 461539.650600962
24427105.0319992 1279864124642.24 47032853154.1454 -12565.4566198601 1971.24575602005 -22756327.2739992 458816.771225149
24883195.4594248 1274124703814.31 47931607004.7295 -12602.5057137419 1969.86813091402 -22756327.273997 456090.42742557
25336553.7619335 1268402843160.24 48824344249.8372 -12639.6619891394 1968.45411164475 -22756327.2739947 453358.302508719
25787179.2079252 1262698706542.39 49711054619.0783 -12676.9247218201 1967.00344261283 -22756327.2739924 450625.4459917
26235277.3628125 1257009836190.57 50592133510.8155 -12714.310439873 1965.51517545439 -22756327.27399 448098.154887339
26680628.0484084 1251339173694.12 51467139101.7012 -12751.8002549401 1963.98975924863 -22756327.2739877 445350.685595865
27123024.3748746 1245689524866.95 52335657168.7093 -12789.3757166847 1962.42769027931 -22756327.2739853 442396.326466239
27563093.4766842 1240053029836 53198910390.637 -12827.0894988018 1960.8264781242 -22756327.2739829 440069.101809609
28000203.2269463 1234437935503.76 54055650457.417 -12864.8867925689 1959.18815098606 -22756327.2739805 437109.75026208
28434973.0660101 1228836436870.53 54907083368.1688 -12902.8204804806 1957.51011934486 -22756327.2739781 434769.839063745
28867181.0629641 1223251524137.05 55752765582.6554 -12940.8709492642 1955.79290793693 -22756327.2739756 432207.996954047
29296620.8756882 1217686020023.62 56592285702.4335 -12979.0192456733 1954.03707982566 -22756327.2739731 429439.812724068
29723494.7494059 1212137461268.49 57426031649.9876 -13017.282506639 1952.241555426 -22756327.2739706 426873.873717769
30147795.9283401 1206606083490.78 58253982457.3086 -13055.6594958925 1950.40607946319 -22756327.2739681 424301.178934156
30569322.4825109 1201094680140.5 59075737091.2349 -13094.1310263903 1948.53128295683 -22756327.2739655 421526.55417079
30988471.3490121 1195598212245.57 59892062022.6758 -13132.7326054464 1946.61512574206 -22756327.2739629 419148.866501262
31405034.3461291 1190119550970.55 60702544112.9828 -13171.4445382365 1944.65825302895 -22756327.2739603 416562.997116919
31819009.0536607 1184658882693.97 61507171765.5211 -13210.265778 1942.66041249857 -22756327.2739577 413974.707531673
32230391.9745429 1179216409636.64 62305931522.6471 -13249.1951278162 1940.62136257181 -22756327.273955 411382.920882135
32639374.0811836 1173789751615.34 63099187156.8013 -13288.2499930149 1938.53986505931 -22756327.2739524 408982.106640706
33045943.5945575 1168379201898.93 63886908426.5796 -13327.4287791681 1936.41565541941 -22756327.2739497 406569.513373928
33449903.2445779 1162987536107.79 64668706582.0096 -13366.7116974088 1934.24948542652 -22756327.273947 403959.650020413
33851439.5390755 1157612417094.55 65444936273.1944 -13406.1160532162 1932.04008198155 -22756327.2739442 401536.294497561
34250544.9331137 1152254088648.55 66215576226.8537 -13445.6404747403 1929.7871798693 -22756327.2739415 399105.39403819
34647213.295523 1146912777824.78 66980608157.7845 -13485.2836681703 1927.49051320052 -22756327.2739387 396668.36240937
35041438.6728867 1141588711397.17 67740014380.4099 -13525.0442973855 1925.14982222421 -22756327.2739358 394225.377363681
35433214.0635294 1136282132469.31 68493775456.4072 -13564.9208578966 1922.76486115943 -22756327.2739329 391775.390642678
35822718.7509941 1130990752041.7 69242229957.5239 -13604.9310017532 1920.33421590725 -22756327.27393 389504.687464699
36209756.3919287 1125717378975.37 69984994499.351 -13645.0539021651 1917.85879656467 -22756327.2739271 387037.640934605
36594327.9384715 1120462154755.75 70722065739.0319 -13685.2886822068 1915.3383316433 -22756327.2739241 384571.54654282
36976607.1097263 1115222850589.59 71453771019.8211 -13725.6527501226 1912.77138032764 -22756327.2739212 382279.171254747
37356406.7013926 1110002179295.92 72179746685.0865 -13766.1255111022 1910.1589053802 -22756327.2739181 379799.591666328
37734076.4430181 1104795471899.42 72900655463.457 -13806.743605686 1907.4981704138 -22756327.2739151 377669.741625478
38109421.8273839 1099605539997.17 73616119889.0561 -13847.4856787507 1904.79017968252 -22756327.273912 375345.38436577
38482264.7539197 1094435000115.35 74325796001.0902 -13888.3313656214 1902.03595088231 -22756327.2739089 372842.926535831
38852781.3386228 1089281565129.54 75030014790.2888 -13929.2988791887 1899.23392197507 -22756327.2739057 370516.584703103
39221049.5228456 1084144291795.4 75728919333.832 -13970.3960995506 1896.38318097923 -22756327.2739026 368268.184222772
39587058.5144607 1079023468486.57 76422484014.8319 -14011.6211478497 1893.48347508347 -22756327.2738994 366008.991615181
39950800.1930346 1073919348935.64 77110688601.6332 -14052.9723654345 1890.53454154991 -22756327.2738962 363741.678573893
40312347.9422273 1068831040602.48 77793667016.5944 -14094.4574134597 1887.53544438655 -22756327.2738929 361547.749192706
40671607.3575536 1063760011747.45 78471236314.3595 -14136.0647035964 1884.48663603736 -22756327.2738896 359259.415326215
41028575.86856 1058706445488.54 79143387699.564 -14177.7929830028 1881.38784051977 -22756327.2738863 356968.511006416
41383328.221477 1053669427139.64 79810257865.8354 -14219.6501064399 1878.23809561934 -22756327.273883 354752.352917067
41735858.6985098 1048649178202.76 80471831919.925 -14261.6345854951 1875.03712357124 -22756327.2738796 352530.47703276
42086240.344082 1043644795691.33 81128242693.8813 -14303.7543749432 1871.78391700016 -22756327.2738762 350381.64557215
42434379.018504 1038657763854.48 81779309905.6493 -14345.9973347748 1868.47901743093 -22756327.2738727 348138.674422077
42780347.1074118 1033687187976.87 82425165340.8312 -14388.371344078 1865.12141719824 -22756327.2738692 345968.088907728
43124141.1405921 1028733256891.39 83065798823.7639 -14430.8751462034 1861.71081320141 -22756327.2738657 343794.033180327
43465750.529565 1023796264189.36 83701187229.1294 -14473.5065310068 1858.24698382989 -22756327.2738622 341609.388972937
43805245.6780799 1018875330719.18 84331458034.9441 -14516.2734429108 1854.72887442619 -22756327.2738586 339495.148514849
44142615.4160219 1013970754064.22 84956586951.2696 -14559.1736929141 1851.1562455779 -22756327.273855 337369.737941985
44477851.2462126 1009082795819.81 85576555014.5039 -14602.20533882 1847.52884422607 -22756327.2738513 335235.830190728
44810944.896955 1004211716883.15 86191344036.3953 -14645.3663803699 1843.84642863705 -22756327.2738476 333093.65074245
45141964.5669465 999356657487.839 86801076908.3303 -14688.6647785979 1840.10789851032 -22756327.2738438 331019.66999151
45470898.9923097 994517917836.638 87405729818.3233 -14732.0982427985 1836.31302018728 -22756327.2738401 328934.425363204
45797739.5797035 989695761756.223 88005284253.4635 -14775.664737728 1832.46154505518 -22756327.2738363 326840.58739376
46122477.9663466 984890452295.682 88599722497.4093 -14819.3621680529 1828.55323668143 -22756327.2738325 324738.386643088
46445182.6422637 980101112843.879 89189167439.705 -14863.198835371 1824.58691960216 -22756327.2738286 322704.675917113
46765916.0533763 975326946010.174 89773730120.2799 -14907.182513289 1820.56143066893 -22756327.2738247 320733.411112595
47084588.0451644 970569426077.755 90353243601.3999 -14951.3000298686 1816.47752224004 -22756327.2738207 318671.991788105
47401192.6499675 965828781936.168 90927695234.7089 -14995.5495136089 1812.33493626127 -22756327.2738167 316604.604803085
47715721.7105576 961105277622.982 91497068770.639 -15039.9286988931 1808.13345841762 -22756327.2738127 314529.060590127
48028387.4632478 956395855282.414 92061745925.0823 -15084.4667664526 1803.86985535613 -22756327.2738086 312665.752690134
48338955.8190914 951704172837.548 92621301833.668 -15129.129512446 1799.54693677635 -22756327.2738045 310568.355843602
48647634.046974 947027234047.576 93176108247.2945 -15173.9457838806 1795.16145257672 -22756327.2738003 308678.227882687
48954336.9178608 942366458120.287 93726009741.8134 -15218.9024486301 1790.7142028442 -22756327.2737961 306702.870886734
49258983.4331467 937723216118.483 94270860207.0689 -15263.9864781827 1786.20603150452 -22756327.2737919 304646.515285931
49561778.7336996 933094514321.543 94811025067.0444 -15309.2272862452 1781.63352424753 -22756327.2737876 302795.300552873
49862565.2328018 928482892524.009 95346221669.0686 -15354.6004322163 1776.99866829509 -22756327.2737833 300786.499102266
50161478.7769479 923886401351.299 95876690594.4119 -15400.1254167907 1772.29899466462 -22756327.2737789 298913.544146098
50458502.4562302 919305427246.042 96402400119.4565 -15445.7988814994 1767.53434484637 -22756327.2737745 297023.679282212
50753554.622397 914741363729.778 96923204971.3415 -15491.6072199082 1762.7056586955 -22756327.27377 295052.166166888
51046765.7679417 910192324283.996 97439334629.4842 -15537.5696971306 1757.81041464062 -22756327.2737655 293211.145544625
51338049.9795795 905659771902.718 97950636945.0565 -15583.6718979571 1752.84964718831 -22756327.273761 291284.211637876
51627469.4306772 901142871965.894 98457220567.6093 -15629.9226086185 1747.82191733099 -22756327.2737564 289419.451097663
51915073.3314699 896640982686.894 98959170569.6311 -15676.3288427582 1742.72594083459 -22756327.2737518 287603.900792667
52200781.862267 892155482949.203 99456347071.2126 -15722.876747008 1737.56272636161 -22756327.2737471 285708.530797108
52484588.6677318 887686609119.848 99948739374.1299 -15769.5640538688 1732.33203761059 -22756327.2737423 283806.805464819
52766549.4732702 883233618016.29 100436444415.146 -15816.3987575836 1727.03247954047 -22756327.2737375 281960.805538353
53046718.9658476 878795773624.18 100919556439.562 -15863.3889783114 1721.66260477217 -22756327.2737327 280169.492577418
53325146.107053 874372421837.53 101398158952.207 -15910.5421642479 1716.22100507264 -22756327.2737278 278427.141205402
53601685.3120807 869966004911.836 101872001823.941 -15957.8326051318 1710.71011894849 -22756327.2737229 276539.205027717
53876457.9336461 865574721371.797 102341293581.448 -16005.2798829982 1705.12714408036 -22756327.2737179 274772.621565384
54149449.5087278 861198928060.16 102806009501.703 -16052.8805404481 1699.47193725112 -22756327.2737129 272991.575081689
54420709.8654419 856837950540.624 103266234349.228 -16100.6423417858 1693.74301621953 -22756327.2737078 271260.356714162
54690160.7521976 852493174237.256 103721835816.387 -16148.5504558478 1687.94160989427 -22756327.2737027 269450.886755701
54957854.024628 848163893391.924 104172902542.329 -16196.6129236482 1682.06620383654 -22756327.2736975 267693.272430327
55223838.2321692 843849447103.73 104619516689.543 -16244.8374879313 1676.11528118781 -22756327.2736923 265984.207541257
55488096.3620258 839550234406.607 105061650037.134 -16293.2201176583 1670.08876009857 -22756327.273687 264258.129856616
55750614.0664453 835266615158.832 105499279479.277 -16341.757098642 1663.98653489056 -22756327.2736817 262517.704419512
56011381.9589361 830998871792.693 105932390768.069 -16390.4454839779 1657.80841694355 -22756327.2736763 260767.892490739
56270447.2186967 826746359792.488 106361063602.467 -16439.2929136444 1651.55286704257 -22756327.2736708 259065.259760581
56527795.5531429 822509440094.508 106785275652.62 -16488.2955535406 1645.21979725583 -22756327.2736654 257348.334446197
56783475.4110298 818287439961.61 107205108060.963 -16537.4615254587 1638.80756885637 -22756327.2736599 255679.857886933
57037469.9646902 814080760943.827 107620534457.449 -16586.7865190377 1632.31614557373 -22756327.2736542 253994.553660421
57289822.0259829 809888816824.082 108031626152.952 -16636.2777888737 1625.74396631253 -22756327.2736486 252352.061292727
57540462.6659324 805712878487.819 108438272694.268 -16685.9206200114 1619.09238946342 -22756327.2736428 250640.639949429
57789495.246928 801551348203.627 108840643558.982 -16735.7343276269 1612.35822040015 -22756327.273637 249032.580995623
58036902.5902501 797404632093.438 109238712191.203 -16785.7145112876 1605.54141780773 -22756327.2736312 247407.343322114
58282670.1551147 793273096366.754 109632456999.542 -16835.8571149127 1598.64191109868 -22756327.2736253 245767.564864636
58526783.7272083 789157105725.124 110021857605.943 -16886.1579696847 1591.65966223384 -22756327.2736193 244113.572093539
58769233.9788739 785056946076.648 110406902078.162 -16936.6137463005 1584.59453265583 -22756327.2736133 242450.251665646
59010172.1856161 780970178135.641 110787832406.976 -16987.2548929534 1577.44160578041 -22756327.2736073 240938.206742158
59249468.2538806 776899126998.693 111164444721.729 -17038.0530355264 1570.20422957483 -22756327.2736012 239296.068264481
59487166.3955984 772843166571.898 111536811634.489 -17089.0161953818 1562.88063586649 -22756327.273595 237698.141717786
59723252.4307025 768802663701.382 111904913945.935 -17140.1399950946 1555.4708188318 -22756327.2735887 236086.035104108
59957822.2965628 764776096164.469 112268903650.047 -17191.4440704463 1547.97126634472 -22756327.2735824 234569.865860324
60190856.388828 760763915384.22 112628752173.419 -17242.9231796002 1540.38204857239 -22756327.273576 233034.092265223
60422335.4814878 756766571321.889 112984432402.417 -17294.5719312218 1532.70328085722 -22756327.2735696 231479.092659756
60652247.4885658 752784395129.731 113335929003.157 -17346.3863137663 1524.93489465045 -22756327.2735631 229912.007077993
60880578.3897413 748817755214.546 113683224397.78 -17398.3616943621 1517.07693285211 -22756327.2735565 228330.901175513
61107422.6690259 744865130558.274 114026465524.435 -17450.518311627 1509.12565139575 -22756327.2735498 226844.279284627
61332760.9494201 740926974388.344 114365625704.243 -17502.8506321606 1501.08117842949 -22756327.2735431 225338.280394245
61556524.2887903 737004615174.594 114700605182.274 -17555.3411908654 1492.94552377502 -22756327.2735363 223763.339370116
61778857.0528711 733095641051.141 115031623482.712 -17608.0225953711 1484.71292637007 -22756327.2735295 222332.764080832
61999638.7048143 729202289191.412 115358504576.414 -17660.8650400895 1476.38732819009 -22756327.2735226 220781.651943215
62219006.8841776 725322250029.355 115681455766.22 -17713.9002185529 1467.96301282242 -22756327.2735156 219368.179363272
62436891.0211375 721456885123.166 116000376147.5 -17767.1099941292 1459.44210851525 -22756327.2735085 217884.136959944
62653274.6725613 717606607537.399 116315246055.973 -17820.4888868263 1450.82478248614 -22756327.2735014 216383.651423734
62868246.232366 713769961080.264 116626197913.756 -17874.0574335881 1442.10697613368 -22756327.2734941 214971.559804764
63081734.4104846 709948334449.701 116933132495.161 -17927.7965929165 1433.29103862599 -22756327.2734868 213488.178118603
63293776.8115383 706141174628.616 117236108520.54 -17981.7143538789 1424.374927793 -22756327.2734794 212042.401053696
63504403.724368 702348053515.237 117535173345.251 -18035.8171283069 1415.35681977886 -22756327.273472 210626.912829658
63713551.9739126 698570228276.357 117830242116.885 -18090.0871959351 1406.23892348127 -22756327.2734645 209148.24954459
63921304.4494581 694806320617.533 118121436685.083 -18144.5445745189 1397.01712269771 -22756327.2734568 207752.47554556
64127642.1708561 691056789194.584 118408734807.279 -18199.182975832 1387.69169813559 -22756327.2734492 206337.721397988
64332643.88087 687320314033.04 118692249962.465 -18254.0221074738 1378.25847113522 -22756327.2734414 205001.710013873
64536193.4021471 683599127700.492 118971826170.613 -18309.0295212897 1368.72222992426 -22756327.2734335 203549.521277079
64738373.0972547 679891843375.048 119247582057.237 -18364.2258909894 1359.07861691596 -22756327.2734256 202179.695107668
64939208.4963165 676198103949.018 119519556723.387 -18419.6169732287 1349.32579523163 -22756327.2734176 200835.399061775
65138682.6545356 672518332416.218 119787731696.638 -18475.1968441405 1339.46397290774 -22756327.2734095 199474.158219094
65336733.2031073 668853798324.182 120052029106.411 -18530.9464602322 1329.49574094496 -22756327.2734014 198050.54857168
65533483.2419185 665202338940.422 120312618641.58 -18586.8989893837 1319.41434775882 -22756327.273393 196750.03881118
65728863.9742281 661565342555.223 120569414120.06 -18643.0335388304 1309.2227072495 -22756327.2733847 195380.732309666
65922908.4209756 657942310030.559 120822464755.482 -18699.358033303 1298.9185526485 -22756327.2733764 194044.446747441
66115640.4133403 654332908208.399 121071806904.744 -18755.8780000706 1288.5000125624 -22756327.2733679 192731.992364756
66307083.2368314 650736809843.064 121317475567.984 -18812.5990124219 1277.9651717271 -22756327.2733592 191442.823491054
66497176.1679768 647155268629.363 121559398622.436 -18869.5015745697 1267.31678786641 -22756327.2733505 190092.93114546
66685990.3895255 643587056608.65 121797672632.505 -18926.6054578993 1256.55029275388 -22756327.2733417 188814.22154863
66873507.0152173 640032640461.765 122032279242.476 -18983.9035749208 1245.66612299308 -22756327.2733329 187516.625691875
67059746.2222572 636491748406.809 122263249489.407 -19041.4006420537 1234.66248327633 -22756327.2733239 186239.207039817
67244651.0243708 632965578804.444 122490519451.568 -19099.0773573594 1223.54219468644 -22756327.2733148 184904.802113633
67428292.390368 629452893008.614 122714183233.546 -19156.9541305824 1212.3004423345 -22756327.2733057 183641.365997253
67610691.5909342 625953391943.548 122934272422.056 -19215.0363011952 1200.93524921256 -22756327.2732964 182399.200566193
67791788.2604395 622468346006.221 123150720871.759 -19273.3030061663 1189.44978642076 -22756327.273287 181096.669505279
67971651.4011821 618996539811.654 123363617953.977 -19331.7747635494 1177.83909409089 -22756327.2732776 179863.140742621
68150299.2411717 615537727408.276 123572990983.456 -19390.4561692507 1166.10128457 -22756327.273268 178647.839989596
68327670.2549006 612093210720.076 123778774701.284 -19449.3253790014 1154.23978480252 -22756327.2732584 177371.013728881
68503831.573994 608661797316.09 123981054096.747 -19508.4029814897 1142.24950157292 -22756327.2732486 176161.319093354
68678762.5448039 605243997685.44 124179812089.269 -19567.6805106116 1130.13117649271 -22756327.2732388 174930.97080992
68852449.1406785 601840198171.674 124375040366.811 -19627.1514023446 1117.88520290227 -22756327.2732288 173686.595874623
69024992.0151441 598448531818.992 124566858463.046 -19686.8486834152 1105.5037673143 -22756327.2732187 172542.874465586
69196287.4955458 595071143400.759 124755157937.288 -19746.7349421141 1092.99362061783 -22756327.2732086 171295.480401705
69366397.8157946 591706917479.4 124940015146.545 -19806.830080057 1080.34963071881 -22756327.2731984 170110.320248766
69535304.6836785 588356324515.464 125121417706.663 -19867.125926451 1067.57251032003 -22756327.2731879 168906.867883945
69703028.4796569 585019069758.622 125299395329.234 -19927.6279675944 1054.66009094211 -22756327.2731775 167723.795978376
69869589.130955 581694863615.651 125473976576.543 -19988.3417368795 1041.61015508501 -22756327.273167 166560.651298079
70034968.4207164 578384177427.228 125645150108.744 -20049.2588561218 1028.42346777086 -22756327.2731563 165379.289761377
70199223.3567492 575085975202.568 125812982285.37 -20110.3987185406 1015.09476399057 -22756327.2731455 164254.936032821
70362327.3306016 571800894689.964 125977453033.155 -20171.7498998732 1001.62544289602 -22756327.2731346 163103.973852399
70524264.3222992 568529366927.356 126138554538.847 -20233.3045105878 988.016183800595 -22756327.2731235 161936.991697622
70685087.7640048 565270418393.021 126296347914.755 -20295.0811252306 974.261796354604 -22756327.2731123 160823.44170557
70844775.3231873 562024605710.515 126450818942.114 -20357.0695214875 960.363447191061 -22756327.2731011 159687.559182517
71003343.1098522 558791707076.973 126601991397.732 -20419.2741773868 946.319030059791 -22756327.2730897 158567.786664914
71160773.1426685 555572195937.238 126749856755.454 -20481.6861534507 932.129465309801 -22756327.2730781 157430.03281629
71317085.2435213 552365774607.783 126894442598.123 -20544.3113340899 917.792318067364 -22756327.2730666 156312.100852774
71472298.8101398 549172150201.827 127035775382.682 -20607.1556639454 903.305095891596 -22756327.2730548 155213.566618516
71626426.8992836 545991157029.405 127173875191.12 -20670.2227117496 888.665815254544 -22756327.2730429 154128.089143844
71779463.9362376 542823013393.906 127308745437.216 -20733.5084291924 873.874249364879 -22756327.2730308 153037.036953964
71931424.5350586 539667520141.542 127440407590.171 -20797.0170530743 858.928234137373 -22756327.2730187 151960.59882104
72082304.9431524 536524858542.896 127568867132.342 -20860.7451799159 843.827387776992 -22756327.2730064 150880.408093784
72232103.41896 533395169743.757 127694131829.571 -20924.6901002015 828.571177471045 -22756327.2729941 149798.475807565
72380849.8269627 530277932969.982 127816235655.105 -20988.8626755822 813.155810029813 -22756327.2729816 148746.408002701
72528540.0561883 527173336066.578 127935184032.4 -21053.2593191926 797.580920261422 -22756327.2729688 147690.229225661
72675171.9994022 524081526611.361 128050984598.315 -21117.877153131 781.845985995184 -22756327.272956 146631.94321382
72820758.9891215 521002326670.388 128163657349.473 -21182.7200671019 765.948832014725 -22756327.272943 145586.989719341
72965312.1069913 517935603673.418 128273220147.683 -21247.7910782651 749.887465953449 -22756327.27293 144553.117869791
73108828.9155301 514881511287.167 128379680621.448 -21313.0871270232 733.661382851587 -22756327.2729167 143516.808538754
73251320.129943 511839923620.181 128483056394.371 -21378.6110794489 717.268603139051 -22756327.2729034 142491.214412984
73392783.1972028 508810997491.301 128583355494.683 -21444.359703603 700.708661238915 -22756327.2728898 141463.067259766
73533245.161644 505794254736 128680606774.147 -21510.3435844585 683.977590477109 -22756327.2728761 140461.964441246
73672712.0618487 502789664261.81 128774823663.064 -21576.5637148117 667.073800856022 -22756327.2728623 139466.900204618
73811166.354427 499797704728.895 128866004250.562 -21643.0097259916 649.99861660357 -22756327.2728484 138454.29257832
73948617.8235562 496818267175.121 128954165528.848 -21709.6841038195 632.750088446823 -22756327.2728343 137451.469129246
74085079.7595525 493851164670.981 129039326393.098 -21776.5911504923 615.325767238074 -22756327.2728201 136461.9359963
74220575.5599108 490895986935.648 129121511269.439 -21843.7403694961 597.721797533999 -22756327.2728056 135495.800358292
74355096.1899917 487953028991.644 129200724530.512 -21911.1253185884 579.938471012906 -22756327.2727911 134520.630080846
74488638.3707134 485022462764.5 129276974834.917 -21978.7421792965 561.975416211397 -22756327.2727763 133542.180721746
74621224.6426008 482103892814.373 129350285540.87 -22046.6002307336 543.828765660162 -22756327.2727616 132586.271887415
74752845.8857413 479197618713.712 129420662148.389 -22114.69266588 525.498921821919 -22756327.2727465 131621.243140496
74883514.1089165 476303474795.158 129488121960.151 -22183.0234659874 506.983393508089 -22756327.2727313 130668.22317514
75013235.5082123 473421422425.185 129552678975.938 -22251.5936750911 488.28045575915 -22756327.272716 129721.399295836
75142019.7639103 470551344471.884 129614348791.319 -22320.4062316745 469.387844958141 -22756327.2727005 128784.255697982
75269874.4806949 467693168574.815 129673145758.154 -22389.463051924 450.303550216072 -22756327.2726848 127854.716784607
75396805.2219917 464846867076.53 129729083189.207 -22458.7649906988 431.025833205839 -22756327.2726689 126930.741296822
75522819.1932412 462012374742.892 129782175066.336 -22528.3138264886 411.552680005811 -22756327.2726529 126013.971249502
75647893.9992863 459190294207.212 129832423632.984 -22598.0947863063 391.886733400231 -22756327.2726368 125074.806045042
75772053.2832883 456380191731.533 129879850467.656 -22668.1185346373 372.023495792057 -22756327.2726204 124159.28400205
75895316.5229283 453581722646.055 129924474248.837 -22738.393797996 351.958936089982 -22756327.2726038 123263.239639941
76017688.3388227 450794876630.046 129966307592.037 -22808.9210528245 331.691326493988 -22756327.2725871 122371.815894452
76139158.9541768 448019972411.013 130005358682.492 -22879.6923359543 311.221373834844 -22756327.2725702 121470.615354102
76259750.5971052 445256597906.324 130041646244.509 -22950.7182631313 290.544407824133 -22756327.2725531 120591.642928367
76379463.8130819 442504834843.254 130075181750.919 -23021.9969132984 269.659352481185 -22756327.2725359 119713.21597668
76498290.4939738 439764965578.311 130105974910.772 -23093.5210174301 248.566717362528 -22756327.2725184 118826.680891956
76616250.2554408 437036633514.96 130134042865.739 -23165.2999256197 227.262107715961 -22756327.2725008 117959.761467022
76733346.7850994 434319847498.251 130159398252.194 -23237.3335262916 205.743881489792 -22756327.272483 117096.529658539
76849581.8736961 431614660467.483 130182053480.698 -23309.6204918751 184.010752614208 -22756327.2724648 116235.088596754
76964960.71947 428921046114.174 130202021804.54 -23382.1615663783 162.060804725905 -22756327.2724467 115378.845773891
77079499.9609725 426238709234.488 130219318070.626 -23454.9648152278 139.889867106644 -22756327.2724283 114539.241502519
77193187.5864324 423568024796.972 130233952725.455 -23528.0201241181 117.499283511565 -22756327.2724096 113687.62545984
77306028.4097221 420908975115.355 130245939341.442 -23601.3278975244 94.8872099261105 -22756327.2723908 112840.823289744
77418049.6673469 418261011188.682 130255293134.57 -23674.9033458178 72.0471761693372 -22756327.2723718 112021.257624754
77529239.1602453 415624513472.027 130262025346.664 -23748.7359995195 48.9806270311389 -22756327.2723525 111189.49289846
77639601.1680987 412999474384.819 130266149221.682 -23822.8260222691 25.6857239751296 -22756327.2723331 110362.0078534
77749139.8431005 410385889065.053 130267678068.368 -23897.1734765541 2.16064644505298 -22756327.2723134 109538.675001722
77857870.0920687 407783494548.653 130266625039.513 -23971.7858273994 -21.5988043241208 -22756327.2722935 108730.248968237
77965793.9388185 405192334145.04 130263002918.841 -24046.6618619296 -45.594111122291 -22756327.2722736 107923.846749788
78072932.9866389 402611979191.011 130256823388.986 -24121.814098649 -69.83120305104 -22756327.2722533 107139.047820424
78179262.495404 400043116820.147 130248100856.546 -24197.2225386178 -94.3055387580628 -22756327.2722327 106329.508765067
78284799.8513899 397485420028.691 130236847606.479 -24272.8966399374 -119.022077992003 -22756327.2722119 105537.355985863
78389565.685404 394938478480.37 130223074212.077 -24348.8486280336 -143.98678519714 -22756327.272191 104765.834014149
78493537.1780526 392402937751.572 130206796993.138 -24425.0592227681 -169.195287233989 -22756327.2721699 103971.492648551
78596737.8330129 389878316314.759 130188026030.101 -24501.5427797206 -194.654295989673 -22756327.2721484 103200.654960385
78699177.0978027 387364471847.854 130166772580.975 -24578.303684195 -220.367308544193 -22756327.2721268 102439.264789797
78800832.4291982 384862048773.521 130143055274.02 -24655.322119065 -246.329690449756 -22756327.2721049 101655.331395426
78901741.3032394 382370214955.137 130116879209.473 -24732.6235919455 -272.552077464424 -22756327.2720827 100908.874041273
79001897.5959543 379889209300.341 130088259066.051 -24810.2007729021 -299.03409426989 -22756327.2720604 100156.292714877
79101288.7905041 377419432622.414 130057212721.52 -24888.0409412981 -325.773461292108 -22756327.2720377 99391.1945497831
79199938.0897724 374960398770.576 130023747284.725 -24966.159228756 -352.777463069955 -22756327.2720149 98649.2992682864
79297853.6537585 372511991996.648 129987873560.182 -25044.5593143327 -380.04953548778 -22756327.2719918 97915.5639861044
79395022.8266045 370074617850.298 129949610420.021 -25123.228070069 -407.587261928405 -22756327.2719684 97169.1728460048
79491467.80392 367647808441.872 129908963448.419 -25202.1804452172 -435.398048356636 -22756327.2719447 96444.9773154627
79587183.565488 365231777826.334 129865948858.951 -25281.409386104 -463.481626449488 -22756327.2719208 95715.7615680649
79682188.3479507 362826152733.409 129820572477.864 -25360.9270719274 -491.844564407946 -22756327.2718966 95004.7824626427
79776466.1390786 360431426296.278 129772856368.041 -25440.717058033 -520.483251418445 -22756327.2718723 94277.7911279676
79870030.4567863 358047344027.855 129722808699.62 -25520.7875486236 -549.402877342539 -22756327.2718476 93564.3177076832
79962895.4637769 355673631505.745 129670436206.203 -25601.1476598274 -578.609056729896 -22756327.2718228 92865.0069905331
80055057.1787527 353310476609.869 129615755486.562 -25681.7909296148 -608.101790955956 -22756327.2717975 92161.7149758667
80146511.6590888 350958068394.996 129558784076.935 -25762.7106142928 -637.880937564756 -22756327.271772 91454.4803360992
80237269.9657418 348616210340.417 129499530470.591 -25843.9131456151 -667.951205288228 -22756327.2717463 90758.3066529982
80327339.7350074 346284792013.754 129438004730.182 -25925.4021120303 -698.316318780856 -22756327.2717201 90069.7692655375
80416726.8044958 343963748158.716 129374217804.819 -26007.1795884512 -728.979486668553 -22756327.2716939 89387.0694884032
80505453.6624617 341652578088.012 129308167775.188 -26089.2632115445 -759.949847129639 -22756327.2716673 88726.8579659638
80593499.4403712 339351909307.156 129239884721.427 -26171.6305999083 -791.221485248447 -22756327.2716403 88045.7779094401
80680862.7636423 337061865272.828 129169385796.408 -26254.2768775966 -822.795004066967 -22756327.2716131 87363.3232710956
80767569.8729634 334781843481.606 129096665250.681 -26337.2234981519 -854.681133832164 -22756327.2715856 86707.1093211299
80853604.7121729 332512351097.545 129021752005 -26420.4517203473 -886.875235609554 -22756327.2715578 86034.8392094642
80938991.2621129 330252840371.076 128944640757.109 -26503.9813185001 -919.387549872262 -22756327.2715297 85386.5499400388
81023722.9359339 328003569136.086 128865352701.792 -26587.8025347273 -952.21692869337 -22756327.2715013 84731.6738209833
81107804.1323137 325764505297.323 128783899585.946 -26671.9161966286 -985.366336760424 -22756327.2714726 84081.1963797596
81191246.8589172 323535412563.013 128700285341.46 -26756.3308912018 -1018.84185652784 -22756327.2714435 83442.7266035532
81274036.6365011 321316762384.172 128614540686.033 -26841.0283243724 -1052.63891920944 -22756327.2714142 82789.7775838501
81356197.2800065 319108000884.046 128526657211.794 -26926.0291940847 -1086.76850264523 -22756327.2713845 82160.6435054858
81437735.4483372 316909030359.092 128436643017.749 -27011.3370719082 -1121.23487467092 -22756327.2713546 81538.1683306095
81518644.0596873 314720124011.379 128344521677.397 -27096.94104653 -1156.03645836247 -22756327.2713241 80908.6113501444
81598925.0196704 312541314021.17 128250307567.534 -27182.8393585647 -1191.17534736407 -22756327.2712935 80280.9599830973
81678591.8604648 310372315733.141 128154001070.913 -27269.0428035368 -1226.65882666729 -22756327.2712625 79666.840794411
81757644.5995052 308213210381.926 128055618238.06 -27355.5477777705 -1262.48833539947 -22756327.2712312 79052.739040358
81836084.6345296 306064042167.606 127955173851.786 -27442.3520287851 -1298.6658672156 -22756327.2711995 78440.0350243998
81913921.8098434 303924623129.639 127852671750.64 -27529.4626899529 -1335.19736766095 -22756327.2711675 77837.1753138345
81991148.701545 301795239618.223 127748138559.594 -27616.8675470823 -1372.0806945479 -22756327.271135 77226.8917015427
82067784.6390872 299675440244.204 127641564840.472 -27704.5846074018 -1409.3264773378 -22756327.2711023 76635.9375422734
82143827.4352775 297565365682.165 127532969942.395 -27792.6076357484 -1446.93517420493 -22756327.2710692 76042.796190252
82219284.5370771 295464889605.944 127422359771.349 -27880.9414334668 -1484.91196596743 -22756327.2710357 75457.1017995977
82294153.5210245 293374159965.871 127309754672.239 -27969.5792502655 -1523.25710174687 -22756327.2710019 74868.9839473805
82368444.2907897 291292980530.355 127195156650.758 -28058.5288526237 -1561.97712684624 -22756327.2709677 74290.7697652742
82442155.5909152 289221466483.573 127078584586.792 -28147.7847560402 -1601.07287913767 -22756327.2709331 73711.3001254949
82515295.4640266 287159471740.196 126960042849.337 -28237.3526590026 -1640.5501120473 -22756327.270898 73139.8731113896
82587862.4102948 285107118476.468 126839551118.883 -28327.2266191372 -1680.40949441875 -22756327.2708628 72566.9462681541
82659857.6954717 283064451650.975 126717125109.712 -28417.4038904271 -1720.65309238126 -22756327.2708271 71995.2851769646
82731296.5215104 281031119312.312 126592756350.083 -28507.8993436411 -1761.29090925399 -22756327.2707911 71438.8260386454
82802176.9614965 279007254693.739 126466465318.603 -28598.706446836 -1802.32344699304 -22756327.2707547 70880.439986147
82872509.4133945 276992638951.885 126338250637.805 -28689.8344112223 -1843.75834872216 -22756327.2707177 70332.4518980045
82942288.9100278 274987492497.146 126208138726.915 -28781.2726042978 -1885.59428965935 -22756327.2706804 69779.4966332623
83011522.0475401 272991704509.04 126076135102.47 -28873.0253019045 -1927.83674407413 -22756327.2706428 69233.1375123329
83080210.8273906 271005295652.02 125942253782.856 -28965.0907700313 -1970.48847816034 -22756327.2706047 68688.7798504899
83148360.0822796 269028204403.47 125806503309.257 -29057.4710422474 -2013.55403622558 -22756327.270566 68149.254889005
83215978.7171719 267060249564.16 125668883580.21 -29150.173848132 -2057.04070358776 -22756327.2705271 67618.6348922842
83283064.1415903 265101583603.393 125529417655.557 -29243.1912276913 -2100.94846523224 -22756327.2704878 67085.4244184401
83349620.6170268 263152159751.088 125388114917.752 -29336.5245053047 -2145.28167465007 -22756327.270448 66556.4754364788
83415656.3790917 261211813498.067 125244975863.287 -29430.1807242609 -2190.04748216136 -22756327.2704077 66035.7620648767
83481175.2428409 259280508565.697 125100009961.757 -29524.160861745 -2235.25023582694 -22756327.2703669 65518.8637491698
83546174.0958852 257358413218.881 124953242358.008 -29618.4558183442 -2280.88944440409 -22756327.2703258 64998.8530443428
83610663.2838754 255445297820.573 124804668026.414 -29713.0759244095 -2326.97404047381 -22756327.2702842 64489.1879902057
83674643.4418719 253541219068.971 124654303656.045 -29808.0174828461 -2373.50622869606 -22756327.270242 63980.1579965065
83738117.7084424 251646159352.744 124502160332.827 -29903.2803936411 -2420.4899912371 -22756327.2701995 63474.2665705119
83801087.7565016 249760144627.563 124348252749.99 -29998.862305459 -2467.92823206654 -22756327.2701564 62970.048059168
83863556.4261467 247883165878.915 124192592932.593 -30094.7625534692 -2515.8247152236 -22756327.270113 62468.6696450504
83925532.8566782 246015023619.028 124035176799.817 -30190.9902728746 -2564.18818240326 -22756327.2700692 61976.4305315135
83987016.8975864 244155796994.284 123876023359.951 -30287.5403397561 -2613.02030300769 -22756327.2700247 61484.0409082461
84048015.9045652 242305337922.878 123715132252.81 -30384.4193754977 -2662.32872537824 -22756327.2699799 60999.0069787922
84108529.4075459 240463734794.976 123552523475.772 -30481.621655696 -2712.11488813912 -22756327.2699344 60513.5029806969
84168560.5810662 238630965515.35 123388207641.633 -30579.147140056 -2762.38314418953 -22756327.2698886 60031.1735202878
84228113.6844616 236806974253.468 123222192268.902 -30676.9975746276 -2813.13882529639 -22756327.2698422 59553.1033953931
84287196.441902 234991597659.046 123054474682.915 -30775.1805721003 -2864.39040917654 -22756327.2697952 59082.7574404561
84345805.2652176 233185019371.836 122885084202.553 -30873.6849673001 -2916.13663125358 -22756327.2697479 58608.8233155986
84403947.4772317 231387087278.34 122714019101.469 -30972.5177300206 -2968.38574883876 -22756327.2697001 58142.2120140709
84461628.8791343 229597694420.764 122541281320.847 -31071.6835174175 -3021.14493253149 -22756327.2696517 57681.4019026002
84518846.7299999 227816998570.899 122366898433.398 -31171.1722578501 -3074.41356053305 -22756327.2696028 57217.8508655376
84575608.7336759 226044832739.837 122190866528.022 -31270.9918867119 -3128.20066381224 -22756327.2695532 56762.0036760114
84631916.5902431 224281215970.541 122013199747.655 -31371.1399642433 -3182.50979548201 -22756327.2695033 56307.8565672257
84687774.0651774 222526102383.32 121833905784.564 -31471.6176730322 -3237.34651687322 -22756327.2694527 55857.4749342888
84743184.7175907 220779451858.286 121652992792.044 -31572.4258718128 -3292.71628719143 -22756327.2694016 55410.6524132859
84798149.7560554 219041298045.083 121470476614.306 -31673.5611087541 -3348.62224840245 -22756327.2693501 54965.0384647176
84852673.593752 217311573032.741 121286362527.338 -31775.0257724472 -3405.07081526246 -22756327.2692978 54523.837696661
84906758.034223 215590291058.319 121100664460.779 -31876.8174244675 -3462.06578846372 -22756327.269245 54084.4404709374
84960409.1763956 213877329013.508 120913381433.983 -31978.9417408425 -3519.61558542774 -22756327.2691918 53651.1421725989
85013629.6181726 212172674361.91 120724524203.942 -32081.3978831443 -3577.72506531699 -22756327.2691378 53220.4417770124
85066421.7850026 210476319794.715 120534104166.634 -32184.1846391537 -3636.39892867973 -22756327.2690834 52792.1668300298
85118789.9276094 208788198813.586 120342126023 -32287.3043597038 -3695.64398075656 -22756327.2690284 52368.1426068022
85170732.962406 207108416686.684 120148614119.261 -32390.7488244104 -3755.46099951429 -22756327.2689726 51943.0347965879
85222261.0015724 205436716069.208 119953550969.431 -32494.5321212509 -3815.86373669548 -22756327.2689164 51528.039166388
85273371.4572808 203773250152.487 119756966500.731 -32598.6429736232 -3876.85132356833 -22756327.2688594 51110.4557083805
85324067.7967192 202117975919.13 119558868051.654 -32703.0821391587 -3938.42991321356 -22756327.2688018 50696.3394384674
85374354.4316096 200470818647.17 119359258962.672 -32807.8524003312 -4000.60695153739 -22756327.2687438 50286.6348903981
85424232.5677928 198831808008.21 119158155136.558 -32912.9498842191 -4063.38601654814 -22756327.268685 49878.1361831325
85473706.9149142 197200858203.383 118955558351.236 -33018.378061365 -4126.77513453088 -22756327.2686256 49474.347121459
85522781.2720664 195577912331.834 118751473643.641 -33124.1386003982 -4190.78137301539 -22756327.2685658 49074.357152145
85571458.7477997 193962935550.554 118545908651.562 -33230.2317443011 -4255.41103761562 -22756327.2685053 48677.4757333016
85619740.4876511 192355957852.594 118338879326.106 -33336.653407638 -4320.66785984134 -22756327.2684441 48281.7398514063
85667631.4418315 190756882216.802 118130385271.484 -33443.4078615415 -4386.56076651668 -22756327.2683818 47890.9541804561
85715134.0897837 189165693114.405 117920436430.239 -33550.4939855713 -4453.09548132096 -22756327.2683195 47502.647952152
85762250.1448662 187582400446.786 117709046188.793 -33657.9088662921 -4520.27667489573 -22756327.2682561 47116.0550825003
85808981.1667729 186007019274.475 117496228824.416 -33765.6491181365 -4588.10876341281 -22756327.2681919 46731.0219067147
85855331.2890774 184439477505.576 117281986858.719 -33873.7172565504 -4656.59995221344 -22756327.2681272 46350.1223045376
85901306.0278035 182879654986.004 117066315801.023 -33982.1192107833 -4725.76076974614 -22756327.2680619 45974.7387260431
85946903.1221448 181327694984.977 116849247575.523 -34090.8425508874 -4795.5901130209 -22756327.2679958 45597.0943412835
85992129.8327165 179783416821.952 116630769063.992 -34199.8973920557 -4866.10139138403 -22756327.2679292 45226.7105717415
86036987.286612 178246847779.455 116410896038.277 -34309.2792925524 -4937.29878444991 -22756327.2678617 44857.453895479
86081477.5213236 176717984002.06 116189640044.078 -34418.9858888583 -5009.1878656692 -22756327.2677935 44490.2347116315
86125604.9574394 175196739143.897 115967000592.185 -34529.020711776 -5081.77817509973 -22756327.2677246 44127.4361158348
86169370.1870914 173683158214.094 115742996305.356 -34639.3777703251 -5155.0730796068 -22756327.2676549 43765.2296519267
86212777.2147775 172177168064.823 115517628454.339 -34750.0595797842 -5229.08165712592 -22756327.2675846 43407.0276861809
86255827.721022 170678775473.002 115290910116.7 -34861.0627732992 -5303.80917170505 -22756327.2675135 43050.5062444845
86298525.2853612 169187920735.619 115062844321.753 -34972.3888417 -5379.26424590626 -22756327.2674417 42697.5643391341
86340873.2703165 167704550845.505 114833434872.461 -35084.0388000231 -5455.45532302344 -22756327.267369 42347.9849553807
86382876.1915614 166228571379.395 114602678835.975 -35196.0168323271 -5532.39317230125 -22756327.2672961 42002.9212448832
86424531.5180484 164760135365.715 114370612086.314 -35308.3082397511 -5610.07565975159 -22756327.2672219 41655.3264869313
86465844.3956977 163299125713.684 114137228291.897 -35420.9187394128 -5688.51476950216 -22756327.2671472 41312.877649285
86506819.7072417 161845433033.166 113902521705.018 -35533.8536155824 -5767.72242019669 -22756327.2670715 40975.3115439967
86547456.7572361 160399145233.51 113666518322.047 -35647.1027936388 -5847.69988303587 -22756327.2669952 40637.0499944035
86587758.7453657 158960211905.997 113429221949.759 -35760.6668217903 -5928.45594945189 -22756327.2669182 40301.9881296669
86627731.4016136 157528491072.967 113190620839.27 -35874.5535643555 -6010.00481774761 -22756327.2668401 39972.6562479071
86667372.2707713 156104133372.106 112950751915.558 -35988.7475675613 -6092.34411486251 -22756327.2667613 39640.8691576678
86706685.1984066 154687063736.306 112709614690.529 -36103.2511832807 -6175.48427689723 -22756327.2666816 39312.9276352592
86745674.9870241 153277171329.601 112467202101.542 -36218.0697509169 -6259.43812820627 -22756327.2666013 38989.7886175049
86784343.2368952 151874460102.203 112223526475.453 -36333.1993073448 -6344.2118823489 -22756327.2665199 38668.249871184
86822691.174349 150478947538.426 111978602688.504 -36448.6346272624 -6429.81088911198 -22756327.266438 38347.9374537961
86860722.9162958 149090545504.66 111732427056.416 -36564.3791487466 -6516.24704176907 -22756327.2663552 38031.741946793
86898440.2654628 147709249483.074 111485010446.817 -36680.4293543062 -6603.52722102442 -22756327.2662714 37717.3491669339
86935845.9358519 146335021220.551 111236357694.828 -36796.7844723417 -6691.66048849672 -22756327.266187 37405.6703891607
86972940.5222058 144967900060.748 110986487745.54 -36913.4370498343 -6780.65094662531 -22756327.2661015 37094.5863538525
87009729.1811392 143607756771.789 110735388694.392 -37030.3939439034 -6870.51374566456 -22756327.2660149 36788.6589334203
87046213.1343893 142254606505.718 110483074874.869 -37147.6496565403 -6961.25477236573 -22756327.2659278 36483.9532501344
87082393.3238317 140908474892.39 110229562851.884 -37265.1975908355 -7052.87911735503 -22756327.2658396 36180.1894424157
87118274.2448749 139569254898.138 109974844163.778 -37383.042656821 -7145.40097874432 -22756327.2657506 35880.9210431553
87153856.5016689 138236983913.693 109718937560.154 -37501.1770539692 -7238.8247724032 -22756327.2656606 35582.2567940463
87189144.1973492 136911568028.369 109461836617.365 -37619.6045110163 -7333.16415152533 -22756327.2655698 35287.6956802827
87224138.4380318 135593025100.829 109203556336.228 -37738.3187637857 -7428.42501232344 -22756327.265478 34994.2406825507
87258841.9620159 134281311282.397 108944099727.27 -37857.3189690811 -7524.617711319 -22756327.2653857 34703.5239840713
87293257.7422549 132976373114.835 108683467674.12 -37976.6051346823 -7621.75349490725 -22756327.2652922 34415.7802390852
87327387.6186996 131678199485.747 108421669365.528 -38096.1733483053 -7719.84060255812 -22756327.2651975 34129.8764446663
87361232.7878046 130386803593.028 108158719015.575 -38216.0173089948 -7818.88542340525 -22756327.2651024 33845.1691050122
87394796.472653 129102120964.799 107894615038.21 -38336.1378108273 -7918.90035199154 -22756327.2650062 33563.6848484152
87428080.7342163 127824130864.728 107629364600.623 -38456.5315338141 -8019.89457540778 -22756327.2649089 33284.2615633229
87461087.9332256 126552800590.136 107362972326.074 -38577.1961950515 -8121.87832046255 -22756327.2648108 33007.1990092322
87493819.6915261 125288125479.393 107095448676.892 -38698.1267494886 -8224.85964450967 -22756327.2647117 32731.7583005399
87526278.7616366 124030056778.871 106826794758.851 -38819.3222628678 -8328.85027130819 -22756327.2646117 32459.0701105366
87558467.1948326 122778572288.705 106557017176.429 -38940.7791857723 -8433.85989313341 -22756327.2645105 32188.4331959929
87590386.8245265 121533657900.708 106286124263.688 -39062.4930684595 -8539.89759093471 -22756327.2644088 31919.6296938551
87622040.4974332 120295259483.674 106014115549.139 -39184.4632858071 -8646.97597376011 -22756327.2643062 31653.6729067091
87653430.4580411 119063345760.787 105740995348.272 -39306.6869189963 -8755.10588079664 -22756327.2642024 31389.960607857
87684557.4021184 117837945990.83 105466781467.699 -39429.1548913786 -8864.29285237531 -22756327.2640973 31126.9440773651
87715424.3511829 116618997670.462 105191471278.825 -39551.8671329995 -8974.55060025732 -22756327.2639915 30866.9490644464
87746034.0904422 115406446751.916 104915063709.731 -39674.8227143424 -9085.89235921609 -22756327.2638843 30609.7392592702
87776388.1794427 114200287155.434 104637568461.148 -39798.0157637439 -9198.32712563063 -22756327.2637765 30354.0890005138
87806488.1310708 113000514451.489 104358995708.542 -39921.4400708612 -9311.86373921818 -22756327.2636677 30099.9516281227
87836336.7104812 111807073870.074 104079343882.791 -40045.094483959 -9426.51590041253 -22756327.2635578 29848.5794104001
87865935.6250435 110619952313.725 103798620987.244 -40168.9734578947 -9542.29349520075 -22756327.2634469 29598.9145623118
87895287.1717304 109439112628.958 103516829288.066 -40293.0738295982 -9659.20884879551 -22756327.2633351 29351.5466868902
87924393.7118835 108264514464.128 103233970097.814 -40417.3926896934 -9777.27479404297 -22756327.2632221 29106.5401531505
87953256.2825548 107096170522.742 102950057469.238 -40541.9213753261 -9896.49891615976 -22756327.2631081 28862.5706712892
87981877.5899543 105934025650.265 102665088995.74 -40666.6582926152 -10016.8957637272 -22756327.2629932 28621.3073994569
88010259.3100314 104778065902.129 102379072168.396 -40791.5973386345 -10138.4758217288 -22756327.2628772 28381.7200770839
88038403.4308937 103628264254.704 102092011217.32 -40916.7336732416 -10261.2510283015 -22756327.2627602 28144.1208623482
88066311.9620122 102484592340.321 101803909933.999 -41042.062475017 -10385.2335986067 -22756327.2626423 27908.5311185113
88093987.1948956 101347009697.739 101514768910.08 -41167.5801336928 -10510.4372298296 -22756327.2625231 27675.2328833842
88121430.4075612 100215517086.733 101224599130.935 -41293.2783500564 -10636.8712029298 -22756327.2624028 27443.2126655986
88148644.1868185 99090060933.6619 100933397612.117 -41419.1547009897 -10764.5509563959 -22756327.2622812 27213.7792572661
88175629.355106 97970660178.3188 100641180033.295 -41545.198510631 -10893.4838336795 -22756327.262159 26985.1682875562
88202388.4849733 96857260928.2386 100347943127.939 -41671.4071041524 -11023.6855752072 -22756327.2620353 26759.1298672293
88228923.9881863 95749815221.2385 100053684854.944 -41797.7770622701 -11155.1715411422 -22756327.261911 26535.5032130267
88255237.402513 94648311022.5968 99758412539.3719 -41924.3007387547 -11287.9530229159 -22756327.2617853 26313.4143267388
88281329.6146889 93552763397.4492 99462140896.6915 -42050.9671455194 -11422.0380057629 -22756327.2616587 26092.2121758618
88307203.9027944 92463086598.948 99164857307.6295 -42177.776780975 -11557.4469266161 -22756327.261531 25874.2881054831
88332861.8077566 91379267202.3713 98866568467.4013 -42304.7216626353 -11694.1916199299 -22756327.2614021 25657.9049622609
88358305.1750289 90301278570.5315 98567277400.0142 -42431.7951660899 -11832.2856733643 -22756327.2612723 25443.3672723082
88383534.3559474 89229157204.6865 98267004774.4876 -42558.9829847933 -11971.7345498802 -22756327.2611414 25229.1809184314
88408552.5290291 88162819231.1787 97965737606.27 -42686.2848667763 -12112.5593754545 -22756327.2610095 25018.1730817101
88433361.1761696 87102252278.5234 97663482696.9928 -42813.6919398839 -12254.7722250855 -22756327.2608764 24808.6471405233
88457961.7020313 86047447015.0314 97360247747.4191 -42941.1947413725 -12398.3847934948 -22756327.2607423 24600.525861726
88482357.2200861 84998320271.6315 97056019006.2637 -43068.7925815681 -12543.4190695337 -22756327.260607 24395.518054737
88506548.7809121 83954876871.5374 96750807878.146 -43196.4739515568 -12689.8852335952 -22756327.2604711 24191.5608260104
88530537.7469313 82917108059.3233 96444621934.8951 -43324.2287340532 -12837.7953089622 -22756327.2603339 23988.966019249
88554325.3814341 81885009155.9947 96137470021.6527 -43452.0460569924 -12987.1607287442 -22756327.2601957 23787.6345028355
88577914.8825476 80858490978.5844 95829335606.3496 -43579.9253422199 -13138.0054025573 -22756327.2600563 23589.5011135059
88601307.0053048 79837569948.9534 95520233488.5724 -43707.8527185691 -13290.3380907046 -22756327.2599158 23392.1227572103
88624503.7430967 78822208273.1342 95210162153.8744 -43835.8208328544 -13444.1756055882 -22756327.2597742 23196.7377919028
88647506.8313656 77812378928.8575 94899123166.5818 -43963.820781232 -13599.5333616414 -22756327.2596318 23003.0882688401
88670317.8609238 76808060830.549 94587119800.0254 -44091.8426834081 -13756.4260140671 -22756327.2594883 22811.0295582093
88692938.9258869 75809210266.8722 94274148125.6578 -44219.879327956 -13914.8719548583 -22756327.2593439 22621.0649631215
88715370.3536674 74815861245.109 93960228552.9306 -44347.9132783664 -14074.8773048403 -22756327.2591982 22431.4277804833
88737615.1189234 73827930304.1961 93645344401.9899 -44475.9419583099 -14236.4671196684 -22756327.2590513 22244.7652560464
88759674.6111012 72845403601.1647 93329500701.8324 -44603.9536167407 -14399.6555516558 -22756327.2589033 22059.4921777856
88781549.8829211 71868282075.3432 93012707282.7053 -44731.9342811251 -14564.4542940679 -22756327.2587545 21875.271819881
88803243.0872644 70896517201.9461 92694957884.5915 -44859.8761828913 -14730.8834721213 -22756327.258605 21693.2043432528
88824756.2372792 69930066065.2282 92376247706.0884 -44987.7706131091 -14898.9626426125 -22756327.2584541 21513.1500147977
88846090.2519761 68968934503.5487 92056587886.6119 -45115.6021436513 -15068.7030512411 -22756327.2583027 21334.0146969054
88867246.6077827 68013103083.7369 91735981258.2155 -45243.3583785873 -15240.1203485844 -22756327.2581499 21156.3558066382
88888227.1521738 67062535197.6242 91414424737.7972 -45371.028942218 -15413.2334464958 -22756327.2579963 20980.544391079
88909033.4294353 66117207499.1871 91091919505.3763 -45498.6014107949 -15588.0590893379 -22756327.2578416 20806.2772614863
88929667.3431713 65177079867.6936 90768460813.5654 -45626.0653452906 -15764.6173540908 -22756327.2576864 20633.9137360182
88950129.9358872 64242151014.4385 90444057115.213 -45753.4047457333 -15942.9212108477 -22756327.2575297 20462.5927159634
88970423.1979437 63312376032.3807 90118701657.363 -45880.6092304793 -16122.9920446764 -22756327.2573729 20293.2620564234
88990548.2556306 62387749153.2229 89792401161.9918 -46007.6627650075 -16304.8439048975 -22756327.2572143 20125.0576869373
89010507.1521629 61468222128.4796 89465147235.8321 -46134.5548255993 -16488.4993422031 -22756327.2570553 19958.896532246
89030301.6392162 60553759550.5736 89136935667.5773 -46261.2728333662 -16673.9787577476 -22756327.2568953 19794.4870533758
89049932.0408478 59644391736.2219 88807785837.41 -46387.7947356842 -16861.2892357765 -22756327.2567344 19630.4016315922
89069400.7173648 58740054507.6969 88477682992.4648 -46514.1112417048 -17050.4572648734 -22756327.2565725 19468.6765169195
89088709.726687 57840696978.9393 88146616635.535 -46640.2109294277 -17241.5071858469 -22756327.2564104 19309.0093222529
89107858.5743581 56946386968.9856 87814620017.9017 -46766.0653364207 -17434.4380757797 -22756327.256247 19148.8476711024
89126850.9897936 56056994854.9125 87481653144.5662 -46891.6733812458 -17629.2915569992 -22756327.2560828 18992.4154354802
89145687.0340906 55172561985.0469 87147739333.0004 -47017.009543785 -17826.0725359382 -22756327.2559183 18836.0442970421
89164368.1555597 54293064649.0147 86812877679.2625 -47142.0570591728 -18024.8000247037 -22756327.2557526 18681.1214690726
89182896.5912656 53418441494.1089 86477052590.3196 -47266.8041471864 -18225.5019199684 -22756327.2555866 18528.4357058894
89201273.6843934 52548672775.1552 86140263982.4857 -47391.2327283085 -18428.1970700843 -22756327.2554193 18377.093127801
89219500.5079561 51683751274.7268 85802516548.6518 -47515.3225014744 -18632.901472812 -22756327.2552519 18226.8235626831
89237578.876226 50823634285.1757 85463800973.9687 -47639.0578281506 -18839.6396731462 -22756327.2550833 18078.3682698928
89255509.2197571 49968344643.1192 85124133636.2535 -47762.4131994676 -19048.4205706529 -22756327.2549143 17930.3435311517
89273294.2991974 49117793743.4423 84783486520.7872 -47885.378728649 -19259.280392852 -22756327.2547443 17785.0794403222
89290934.9378748 48271984976.3845 84441867845.2806 -48007.9308162121 -19472.2332211494 -22756327.2545741 17640.6386773659
89308432.1771833 47430911176.6269 84099281670.1847 -48130.046896103 -19687.295638013 -22756327.2544034 17497.2393084645
89325787.7173686 46594533218.9267 83755718889.5997 -48251.708561148 -19904.4925256102 -22756327.2542319 17355.5401853756
89343002.9352557 45762827132.1938 83411176272.4225 -48372.8947227601 -20123.8451869953 -22756327.25406 17215.2178870277
89360079.3926463 44935759641.8213 83065646459.2455 -48493.5851509101 -20345.377645201 -22756327.2538884 17076.4573906316
89377018.263363 44113315911.9728 82719129529.5892 -48613.7564140374 -20569.1092354818 -22756327.2537155 16938.8707167516
89393820.3689055 43295498041.0368 82371632683.3494 -48733.3820704732 -20795.0546376209 -22756327.2535429 16802.1055424478
89410488.1603729 42482228448.7398 82023128969.3119 -48852.4467982158 -21023.2508229691 -22756327.2533698 16667.7914673857
89427022.2143334 41673520508.4976 81673629883.9568 -48970.9214180436 -21253.7097938018 -22756327.2531965 16534.0539605641
89443424.6559369 40869311622.7772 81323113965.8805 -49088.7873090629 -21486.4652697603 -22756327.253022 16402.4416034394
89459695.8432168 40069625463.5933 80971597003.8446 -49206.0126281209 -21721.5263337345 -22756327.2528479 16271.1872798825
89475837.6453415 39274411316.6419 80619062117.5201 -49322.5758390239 -21958.9237992461 -22756327.2526731 16141.802124696
89491851.5310553 38483637704.7681 80265500391.1767 -49438.451975253 -22198.6833186776 -22756327.2524991 16013.8857137984
89507739.0820559 37697267183.8128 79910899813.1993 -49553.6163138495 -22440.832766812 -22756327.2523246 15887.5510006836
89523500.4690617 36915331971.3077 79555279693.4515 -49668.0332911565 -22685.3785563283 -22756327.2521498 15761.3870057743
89539137.8907306 36137763556.8203 79198613524.5767 -49781.6814330823 -22932.3584764532 -22756327.2519751 15637.421668854
89554652.121069 35364563816.013 78840906505.7448 -49894.5282920076 -23181.7885407434 -22756327.2518008 15514.2303383933
89570045.405303 34595661005.3582 78482129441.8169 -50006.551467011 -23433.708783518 -22756327.2516263 15393.2842340488
89585318.0965313 33831077505.5507 78122296543.9086 -50117.7141174127 -23688.128888354 -22756327.2514522 15272.6912282434
89600472.0177501 33070762007.9027 77761387319.8471 -50227.9894046085 -23945.0829164365 -22756327.2512777 15153.9212188245
89615508.5198102 32314686462.3294 77399391684.4177 -50337.346337155 -24204.5976963285 -22756327.2511034 15036.5020601051
89630428.4849989 31562846160.6221 77036310463.8627 -50445.7497801787 -24466.6921898716 -22756327.2509305 14919.9651887134
89645233.26307 30815212672.921 76672132851.9193 -50553.1672435912 -24731.3936488148 -22756327.2507575 14804.7780710826
89659924.6128669 30071736556.0413 76306837241.5765 -50659.5684141582 -24998.7372796629 -22756327.2505844 14691.3497969359
89674503.3521947 29332415681.7944 75940424773.6265 -50764.9153486112 -25268.741695584 -22756327.2504117 14578.7393278268
89688970.6900639 28597227966.9072 75572886565.8262 -50869.1721187757 -25541.4327247031 -22756327.2502398 14467.337869204
89703327.8428082 27866150738.2825 75204213083.3743 -50972.3019994428 -25816.8366227886 -22756327.2500687 14357.1527442909
89717576.8114784 27139121028.6538 74834373830.4679 -51074.2729942418 -26094.9953988111 -22756327.2498977 14248.9686701498
89731718.1717953 26416148285.0899 74463374527.4918 -51175.0419701654 -26375.923891896 -22756327.249728 14141.3603169202
89745752.9164777 25697220628.4627 74091209982.4524 -51274.5678891874 -26659.6448753108 -22756327.2495589 14034.7446824525
89759682.7711214 24982288418.4786 73717854986.6393 -51372.8139417728 -26946.1963267271 -22756327.2493908 13929.8546436395
89773509.2841021 24271310743.7997 73343288034.2542 -51469.7410030426 -27235.6135361796 -22756327.2492235 13826.5129807586
89787233.1219643 23564291853.3102 72967510949.7621 -51565.3027343979 -27527.9136728607 -22756327.2490568 13723.837862144
89800856.3597568 22861163265.1486 72590486441.7262 -51659.4615402596 -27823.1442183351 -22756327.2488916 13623.2377925383
89814379.0059873 22161962954.3599 72212233727.8668 -51752.1644271949 -28121.3083346041 -22756327.2487278 13522.6462304277
89827803.369194 21466609937.8866 71832707498.2589 -51843.3731102435 -28422.4597231084 -22756327.2485647 13424.3632067043
89841130.6208303 20775081733.0641 71451893175.8608 -51933.0402407087 -28726.6279500128 -22756327.2484035 13327.2516363829
89854361.4346174 20087381624.2605 71069790052.5156 -52021.1139636878 -29033.831218348 -22756327.2482438 13230.8137870334
89867497.4956067 19403460253.0625 70686367765.3354 -52107.5479462237 -29344.1113105996 -22756327.2480848 13136.0609893188
89880540.2531064 18723280278.1608 70301601698.7073 -52192.2928853726 -29657.5054114572 -22756327.2479274 13042.7574996834
89893490.4849886 18046839267.4985 69915486386.8332 -52275.2937724353 -29974.0349041981 -22756327.2477722 12950.2318821885
89906349.9490451 17374083526.901 69527986538.2469 -52356.5005064928 -30293.7453702384 -22756327.2476175 12859.464056537
89919119.0627421 16705029378.9679 69139106489.9482 -52435.8530685692 -30616.649488989 -22756327.2474654 12769.1136969721
89931799.8693445 16039607943.5714 68748800579.3948 -52513.3001259991 -30942.8010880519 -22756327.2473145 12680.8066024415
89944393.5014429 15377797911.7338 68357049797.5735 -52588.7830296776 -31272.2317664588 -22756327.2471664 12593.632098406
89956901.2928313 14719567356.1844 67963828119.5443 -52662.2427290693 -31604.9787314417 -22756327.2470202 12507.7913884193
89969324.3515291 14064896188.4476 67569115790.5199 -52733.6171647605 -31941.0735948191 -22756327.2468762 12423.0586977852
89981664.3193273 13413736148.5281 67172875169.6413 -52802.8455658187 -32280.5629244577 -22756327.2467346 12339.9677981516
89993922.2652825 12766069140.5424 66775085899.4635 -52869.8620379188 -32623.478260213 -22756327.2465951 12257.945955229
90006099.390708 12121870126.1985 66375722622.4634 -52934.5996023763 -32969.8549957885 -22756327.2464578 12177.1254254321
90018197.4569885 11481084425.0764 65974740482.5968 -52996.9922049891 -33319.7451494107 -22756327.2463229 12098.06628051
90030217.4629306 10843697740.805 65572118656.3084 -53056.9676824618 -33673.1794952493 -22756327.2461903 12020.0059421559
90042160.9123913 10209669084.0016 65167818538.8808 -53114.4543179813 -34030.2039103659 -22756327.2460606 11943.4494606775
90054029.0102964 9578973396.11325 64761810473.135 -53169.3766624071 -34390.8559678495 -22756327.245934 11868.0979051043
90065823.2723637 8951569206.44282 64354053074.3225 -53221.65836934 -34755.1831672266 -22756327.2458088 11794.2620673268
90077545.0279885 8327425059.71657 63944510100.6302 -53271.2197402696 -35123.2279674904 -22756327.2456872 11721.7556247698
90089195.7357906 7706502767.75372 63533139569.6308 -53317.9790465286 -35495.0374479061 -22756327.2455688 11650.7078020882
90100776.8399773 7088765074.55348 63119898645.1716 -53361.8517534514 -35870.6589261031 -22756327.2454526 11581.1041866852
90112289.756904 6474176410.81776 62704744124.0185 -53402.7503743147 -36250.1394537463 -22756327.2453399 11512.9169267729
90123735.9772511 5862697473.93848 62287628718.6384 -53440.5847097811 -36633.5291671762 -22756327.2452297 11446.2203470408
90135117.1247697 5254282109.52698 61868498711.812 -53475.261798852 -37020.8834739664 -22756327.2451227 11381.1475186159
90146434.6733687 4648892468.29886 61447304250.9803 -53506.6848532697 -37412.2535262448 -22756327.2450192 11317.5485989643
90157690.2275127 4046484062.44546 61023989008.025 -53534.7539749142 -37807.695706108 -22756327.2449188 11255.5541440514
90168885.2353634 3447021157.06902 60598500849.1829 -53559.3652270405 -38207.2616300854 -22756327.2448211 11195.0078506704
90180021.5950906 2850444350.42647 60170768705.3856 -53580.4117626221 -38611.0198192985 -22756327.2447276 11136.3597272258
90191100.841511 2256714176.14285 59740733362.3809 -53597.7817910678 -39019.0267452599 -22756327.2446361 11079.2464204178
90202124.7904193 1665776650.56535 59308322755.2008 -53611.359661903 -39431.3500258724 -22756327.2445478 11023.9489082622
90213095.0663612 1077588635.77919 58873470167.7465 -53621.0248526555 -39848.0511033136 -22756327.244463 10970.2759418734
90224013.591878 492091677.709312 58436094889.2905 -53626.6522585627 -40269.2036343195 -22756327.244381 10918.5255168151
90234882.2192085 -90768180.174112 57996116531.7458 -53628.1114291347 -40694.8797617505 -22756327.2443023 10868.6273305079
90245703.0340207 -671056604.882693 57553442639.97 -53625.2663063522 -41125.1619958216 -22756327.2442265 10820.8148122091
90256477.9390799 -1248828560.89285 57107985440.0211 -53617.974840902 -41560.1268961734 -22756327.244153 10774.9050591905
90267208.9838246 -1824145891.86528 56659648341.0867 -53606.0886442791 -41999.8580242958 -22756327.2440829 10731.0447446943
90277898.4885074 -2397083868.3485 56208320290.8126 -53589.4521393909 -42444.4514784368 -22756327.2440143 10689.5046828092
90288548.7165524 -2967713502.87136 55753889163.7857 -53567.9023268915 -42894.0026747021 -22756327.243948 10650.2280450362
90299162.0039453 -3536108361.46046 55296236211.4135 -53541.2681738665 -43348.6116177295 -22756327.2438827 10613.2873928238
90309740.822912 -4102347832.1129 54835233037.5186 -53509.3698178703 -43808.3857588608 -22756327.2438202 10578.8189667771
90320287.8909608 -4666522791.88936 54370736382.0197 -53472.0173545832 -44273.445092387 -22756327.2437587 10547.0680487565
90330805.8955389 -5228720689.64704 53902599784.502 -53429.0108790666 -44743.9103348948 -22756327.2436976 10518.0045781204
90341297.8171563 -5789042625.71223 53430658951.0445 -53380.1384222044 -45219.9173730121 -22756327.2436366 10491.9216173615
90351766.6513637 -6347588261.63675 52954743662.4435 -53325.1760429288 -45701.6050718344 -22756327.2435746 10468.834207444
90362215.7224483 -6904472311.10863 52474663138.981 -53263.8851813558 -46189.1297792295 -22756327.2435122 10449.0710846133
90372648.4304974 -7459810746.62648 51990216926.0909 -53196.0126225316 -46682.6540216048 -22756327.2434459 10432.7080490933
90383068.5689357 -8013737376.73705 51501179591.3304 -53121.2870480055 -47182.3617174619 -22756327.2433777 10420.1384382682
90393480.0426844 -8566848022.3019 51006899824.9235 -53039.347891801 -47688.8692597299 -22756327.2433038 10411.4737487497
90403887.0885202 -9118607208.92624 50507724323.3187 -52949.9808006233 -48201.7655466859 -22756327.2432251 10407.0458357336
90414294.1800097 -9669161619.05293 50003389063.7766 -52852.8633850217 -48721.2570835232 -22756327.2431374 10407.0914895112
90424706.1843423 -10218665877.3428 49493609724.8049 -52747.6497114042 -49247.5649290714 -22756327.2430396 10412.0043326075
90435128.191027 -10767290246.8858 48978073056.5899 -52633.9663099777 -49780.9328551095 -22756327.2429309 10422.0066847125
90445565.6341063 -11315210919.6134 48456444228.0555 -52511.4112080318 -50321.6188815726 -22756327.2428064 10437.4430793043
90456024.1328974 -11862615729.4688 47928359760.623 -52379.5497807687 -50869.9015267474 -22756327.2426634 10458.4987910943
90466509.4981461 -12409694987.5738 47393434501.3334 -52237.9136794913 -51426.0713243649 -22756327.2424984 10485.3652486975
90477027.5734307 -12956640982.074 46851260491.8979 -52085.9979398804 -51990.4305035571 -22756327.2423053 10518.0752846235
90487583.9123152 -13503638837.5416 46301414451.5076 -51923.2604965825 -52563.2834685034 -22756327.2420802 10556.3388844891
90498183.1204113 -14050848951.4873 45743474516.8203 -51749.1252867303 -53144.9173467567 -22756327.2418146 10599.2080960952
90508828.4537847 -14598372444.515 45177056129.4525 -51562.9934195794 -53735.5623075398 -22756327.2415009 10645.3333733872
90519520.3159271 -15146230549.1656 44601836408.2157 -51364.2539904373 -54335.3637472289 -22756327.2411299 10691.8621424104
90530254.6284952 -15694288288.917 44017640650.8482 -51152.3208038495 -54944.2898285493 -22756327.2406917 10734.3125680549
90541020.8052123 -16242173986.314 43424541631.7968 -50926.6837884967 -55562.0263898974 -22756327.2401752 10766.1767171845
90551799.2152891 -16789181575.1844 42822987730.0917 -50686.9839790232 -56187.8435090054 -22756327.239572 10778.4100767848
90562560.4924097 -17333287168.738 42214941824.6479 -50433.5349126083 -56819.4161941175 -22756327.2388802 10761.2771205328
90573265.5611925 -17871768943.1576 41603297403.1569 -50167.207708568 -57453.447450002 -22756327.2381063 10705.0687827995
90583871.0762406 -18402355316.6615 40990619116.3487 -49888.9407615222 -58086.9901016589 -22756327.2372622 10605.5150481423
90594335.6162002 -18922920397.1533 40379472713.2783 -49599.8727079158 -58717.1150165352 -22756327.2363644 10464.5399595966
90604626.2881051 -19431811831.3956 39772026091.7069 -49301.144322078 -59341.3322275996 -22756327.2354302 10290.6719048976
90614720.9567718 -19927951259.7616 39169886972.9344 -48993.776139646 -59957.7603667244 -22756327.2344737 10094.6686667178
90624609.1812083 -20410865944.0592 38574010681.9005 -48678.5644503317 -60565.2174827425 -22756327.2335076 9888.2244365104
90634288.8735538 -20880510068.368 37984867036.3733 -48356.1114804058 -61163.0429926695 -22756327.232542 9679.69234549891
90643764.2594085 -21337153647.5546 37402540113.5752 -48026.8363881969 -61750.9883101519 -22756327.2315788 9475.38585469262
90653042.7241515 -21781221470.4125 36826905724.6705 -47691.0442972503 -62329.030059124 -22756327.2306232 9278.46474299885
90662133.8721374 -22213242658.4778 36257681424.4746 -47348.9375795965 -62897.3143152568 -22756327.2296753 9091.14798591423
90671047.8423008 -22633766958.1335 35694527365.4937 -47000.6649809142 -63456.0513191959 -22756327.2287374 8913.97016340144
90679795.057384 -23043351310.3561 35137061297.4517 -46646.3263840495 -64005.4977541198 -22756327.2278094 8747.21508317139
90688385.4853631 -23442524366.5419 34584905965.9053 -46286.0007580385 -64545.9077950101 -22756327.2268925 8590.42797910298
90696828.6293428 -23831786082.1826 34037691516.498 -45919.7485376321 -65077.5296241894 -22756327.2259851 8443.143979686
90705133.3356909 -24211599120.8293 33495069808.6637 -45547.6225287864 -65600.5906860105 -22756327.2250867 8304.70634807453
90713307.8994443 -24582394184.4731 32956709619.7416 -45169.6666430928 -66115.3018955854 -22756327.2241993 8174.56375339497
90721359.9969432 -24944567440.5519 32422302967.4557 -44785.9222062822 -66621.8512512275 -22756327.2233195 8052.09749889998
90729296.6708139 -25298480495.3676 31891568062.5504 -44396.4323357216 -67120.4010352121 -22756327.2224517 7936.67387077872
90737124.4608426 -25644466890.574 31364242377.0251 -44001.2390568383 -67611.0944606471 -22756327.2215939 7827.79002862429
90744849.461155 -25982835138.9214 30840080285.8296 -43600.3832557001 -68094.0578824899 -22756327.2207437 7725.00031241687
90752477.3351386 -26313869849.1832 30318853393.8904 -43193.9064922374 -68569.4005440282 -22756327.2199049 7627.87398357281
90760013.3091685 -26637831954.9468 29800352242.2372 -42781.8539128397 -69037.2131985596 -22756327.2190771 7535.97402991064
90767462.1694827 -26954959137.3729 29284387772.3442 -42364.2770748493 -69497.5671414533 -22756327.2182603 7448.86031427136
90774828.4828312 -27265475685.3489 28770777105.0817 -41941.2238173921 -69950.5271811538 -22756327.2174549 7366.31334848876
90782116.5685831 -27569591513.9111 28259346185.1076 -41512.7411298231 -70396.1491899472 -22756327.2166605 7288.08575192481
90789330.3250708 -27867495291.7098 27749942806.9708 -41078.8871466079 -70834.4689913509 -22756327.2158785 7213.7564876352
90796473.4622671 -28159364565.1682 27242421112.6698 -40639.7193027471 -71265.5162444889 -22756327.2151079 7143.13719635032
90803549.5407827 -28445367515.9606 26736639343.2279 -40195.2929231457 -71689.3163244894 -22756327.2143507 7076.07851553013
90810561.8888409 -28725659783.16 26232466277.1566 -39745.667429499 -72105.884951908 -22756327.2136073 7012.34805820809
90817513.6417009 -29000386339.1592 25729778983.3784 -39290.9051231429 -72515.2303327974 -22756327.2128778 6951.75286007411
90824407.7711493 -29269682893.2937 25228461183.7066 -38831.0703332392 -72917.3546962032 -22756327.2121625 6894.12944838653
90831247.0453032 -29533674558.1181 24728406638.9432 -38366.2331233025 -73312.2518114468 -22756327.2114611 6839.27415382557
90838034.2466882 -29792484432.596 24229503581.05 -37896.4552628351 -73699.9194030726 -22756327.2107768 6787.2013850504
90844771.9005721 -30046223255.5564 23731654910.7346 -37421.809385853 -74080.3432959786 -22756327.2101073 6737.65388388349
90851462.486075 -30294997677.866 23234763064.9483 -36942.3652675668 -74453.5094517221 -22756327.209455 6690.58550292762
90858108.3288254 -30538906332.6054 22738738223.8412 -36458.1979522528 -74819.3977795073 -22756327.2088199 6645.84275040631
90864711.7372063 -30778044988.1069 22243488435.0501 -35969.3784760396 -75177.9895943992 -22756327.2082024 6603.4083808839
90871274.8407162 -31012500743.3735 21748931936.9307 -35475.9862039424 -75529.2586701521 -22756327.2076044 6563.10350986563
90877799.6946518 -31242356025.7341 21254989610.4043 -34978.1018049111 -75873.1770290305 -22756327.2070246 6524.85393569505
90884288.2741559 -31467688473.3922 20761585634.6275 -34475.8081311927 -76209.7145835353 -22756327.2064648 6488.57950408289
90890742.6190026 -31688575963.9029 20268636612.0749 -33969.1792227812 -76538.8464626938 -22756327.2059255 6454.34484670497
90897164.5647603 -31905087367.2807 19776072199.634 -33458.301518752 -76860.5390500333 -22756327.2054057 6421.94575761834
90903555.9520814 -32117289879.318 19283819357.2948 -32943.2579885607 -77174.7607977198 -22756327.2049074 6391.38732111317
90909918.5129326 -32325245243.0977 18791811222.7354 -32424.1374775279 -77481.4764938755 -22756327.2044306 6362.5608512064
90916253.9911554 -32529013804.9338 18299977966.8591 -31901.0252724835 -77780.6531598306 -22756327.2039771 6335.47822285458
90922564.0635761 -32728651940.1585 17808253000.1437 -31374.0097149559 -78072.2561393182 -22756327.203546 6310.07242068377
90928850.3564269 -32924212671.3609 17316571848.8041 -30843.1811758678 -78356.2499390004 -22756327.2031364 6286.29285080409
90935114.4742687 -33115746618.7977 16824870015.2785 -30308.6298594114 -78632.5995378781 -22756327.2027512 6264.11784173824
90941357.9303098 -33303299926.8411 16333088568.2675 -29770.4519941223 -78901.2673409098 -22756327.2023897 6243.45604112396
90947582.2993111 -33486918926.0397 15841162220.9477 -29228.7369082954 -79162.2198201244 -22756327.2020531 6224.3690012663
90953789.0137232 -33666644068.4894 15349035500.9216 -28683.5848308436 -79415.4187954734 -22756327.2017417 6206.71441213125
90959979.6212282 -33842517514.6153 14856642473.4357 -28135.0846019833 -79660.8321453551 -22756327.2014542 6190.60750502236
90966155.5643369 -34014576693.1288 14363924269.3837 -27583.3330834351 -79898.4246374847 -22756327.2011938 6175.94310872705
90972318.1957059 -34182854962.3529 13870828044.4056 -27028.4342403268 -80128.1589662138 -22756327.2009583 6162.63136897442
90978468.9635022 -34347386728.4749 13377292243.2801 -26470.482640389 -80350.0027444713 -22756327.2007484 6150.76779632102
90984609.2726391 -34508203547.8637 12883257730.1693 -25909.5759364359 -80563.9230589023 -22756327.2005668 6140.30913689654
90990740.4500978 -34665333334.6515 12388670695.8967 -25345.8182921929 -80769.8854827026 -22756327.2004099 6131.17745870637
90996863.9205009 -34818804899.9047 11893468578.8031 -24779.304399227 -80967.8600350365 -22756327.2002783 6123.47040307288
91002980.9668947 -34968641854.1575 11397599440.7156 -24210.1416191969 -81157.8131989563 -22756327.2001753 6117.04639377358
91009092.9804334 -35114987853.1098 10900592478.2523 -23637.9550678756 -81339.8625320162 -22756327.2000995 6112.01353869746
91015201.2964265 -35257709001.3499 10402906555.8094 -23063.4401382482 -81513.7814903339 -22756327.2000504 6108.31599311248
91021307.2062833 -35396827580.4565 9904484233.60254 -22486.7009884995 -81679.5465079897 -22756327.200027 6105.90985683114
91027412.0643229 -35532363264.7064 9405271034.39148 -21907.8456815499 -81837.1339930895 -22756327.2000308 6104.85803956902
91033517.1801477 -35664335506.5221 8905206778.0289 -21326.976174467 -81986.5231102108 -22756327.2000613 6105.11582483403
91039623.8981078 -35792761103.3869 8404234431.87987 -20744.1986008449 -82127.6928976116 -22756327.2001195 6106.71796006326
91045733.5140479 -35917655914.1421 7902293665.22431 -20159.6158216058 -82260.6242083781 -22756327.2002048 6109.61594013105
91051847.3762318 -36039033114.0575 7399327744.59406 -19573.3354819254 -82385.2978052208 -22756327.2003169 6113.86218385633
91057966.7986454 -36156905241.386 6895275297.06921 -18985.4604520988 -82501.6965259029 -22756327.2004552 6119.42241362135
91064093.1417148 -36271282438.706 6390077501.67642 -18396.0972405581 -82609.8034434664 -22756327.2006187 6126.34306939666
91070227.749872 -36382173983.3167 5883671492.70992 -17805.3483372222 -82709.6033609723 -22756327.200809 6134.60815723297
91076371.9749638 -36489587069.5573 5375995567.73651 -17213.3183264349 -82801.0816129852 -22756327.201025 6144.22509180305
91082527.2004661 -36593527241.2737 4866987317.64086 -16620.1117448471 -82884.2244947246 -22756327.2012649 6155.22550224485
91088694.8042953 -36693998756.1318 4356581677.32853 -16025.8308526542 -82959.0195163497 -22756327.2015305 6167.60382922162
91094876.1851784 -36791003917.9724 3844714065.65 -15430.5793386651 -83025.454847206 -22756327.2018218 6181.38088317954
91101072.7682551 -36884543486.7544 3331318261.46912 -14834.4598928563 -83083.5196309226 -22756327.202137 6196.58307667377
91107285.9975456 -36974616700.6473 2816325997.44383 -14237.5737913543 -83133.203940328 -22756327.202476 6213.22929049515
91113517.3326385 -37061221100.8799 2299667647.14914 -13640.0217559663 -83174.498618657 -22756327.2028375 6231.33509288999
91119768.2574352 -37144352440.6642 1781272565.57456 -13041.9044089784 -83207.3952133126 -22756327.2032228 6250.92479668329
91126040.3124655 -37224004758.2114 1261068428.5044 -12443.3215740407 -83231.8859870465 -22756327.2036309 6272.0550302973
91132335.0200794 -37300170699.7569 738978610.251019 -11844.3693456243 -83247.9639140468 -22756327.2040596 6294.70761395364
91138653.9827586 -37372840524.0482 214928481.019263 -11245.1474058266 -83255.6223695801 -22756327.2045097 6318.96267914945
91144998.820525 -37442003221.1291 -311162702.651574 -10645.7498132146 -83254.8552990883 -22756327.2049823 6344.83776636966
91151371.21711 -37507645663.5939 -839376510.68468 -10046.2711734372 -83245.6569534319 -22756327.2054753 6372.39658505253
91157772.8345999 -37569753012.9182 -1369799101.49943 -9446.80247373545 -83228.0217670015 -22756327.2059879 6401.61748994088
91164205.4924551 -37628307798.7896 -1902514032.54271 -8847.4393264455 -83201.9445097343 -22756327.2065196 6432.65785514528
91170670.9435275 -37683291488.7946 -2437617068.80158 -8248.26541905961 -83167.4195314093 -22756327.2070699 6465.45107240374
91177171.0821262 -37734682334.8371 -2975197449.76417 -7649.37373303873 -83124.4415784168 -22756327.2076383 6500.13859870558
91183707.8124484 -37782457073.8661 -3515355098.30511 -7050.84740707585 -83073.0046551236 -22756327.2082233 6536.73032224895
91190283.1002308 -37826589693.0098 -4058189570.5396 -6452.77227204455 -83013.1026513132 -22756327.208827 6575.28778238201
91196899.1060516 -37867051743.3188 -4603804240.29964 -5855.2323466698 -82944.7289637264 -22756327.209446 6616.00582078109
91203557.8947497 -37903812901.1853 -5152317226.3955 -5258.29818597048 -82867.8747574317 -22756327.2100806 6658.78869814267
91210261.7231965 -37936839080.6214 -5703837155.38111 -4662.05360497159 -82782.531984223 -22756327.2107306 6703.82844678902
91217012.8956499 -37966093941.3035 -6258486888.17362 -4066.57003808483 -82688.6900747855 -22756327.2113948 6751.17245330886
91223813.8503522 -37991537871.1016 -6816391372.37384 -3471.9200670147 -82586.3374269043 -22756327.2120728 6800.95470232562
91230667.1759899 -38013128155.7247 -7377684640.34836 -2878.17022814435 -82475.4600421322 -22756327.2127652 6853.32563773952
91237575.4227507 -38030818684.7503 -7942510965.11526 -2285.38027882502 -82356.0408700685 -22756327.2134681 6908.24676074376
91244541.4477677 -38044559257.546 -8511009099.02546 -1693.62008473276 -82228.0630135146 -22756327.2141852 6966.0250170028
91251568.2346065 -38054296155.0729 -9083340519.13355 -1102.94046620244 -82091.5034427678 -22756327.2149124 7026.78683881694
91258658.7862894 -38059971223.7891 -9659674279.08599 -513.389764548484 -81946.3356807203 -22756327.2156501 7090.55168290659
91265816.3824699 -38061521601.5639 -10240178005.6835 74.9765805220517 -81792.5320762976 -22756327.2163992 7157.59618048481
91273044.6018669 -38058879586.9902 -10825038711.9786 662.116755172179 -81630.0583255954 -22756327.2171578 7228.21939702784
91280347.0026577 -38051971903.6392 -11414464225.316 1248.00289498767 -81458.8721827853 -22756327.217926 7302.40079074585
91287727.4950008 -38040719523.7827 -12008656757.6796 1832.59400165579 -81278.930744838 -22756327.2187023 7380.49234314447
91295190.3361475 -38025036950.9446 -12607842927.2342 2415.86512557051 -81090.1816069433 -22756327.2194872 7462.84114668555
91302739.8392704 -38004831339.7991 -13212272814.9015 2997.80500560841 -80892.562183271 -22756327.2202806 7549.50312292771
91310380.6663108 -37980002672.2165 -13822195885.2389 3578.39181051701 -80686.0071571832 -22756327.2210822 7640.82704037226
91318118.1996491 -37950442532.4439 -14437884237.6193 4157.61470711169 -80470.4408266838 -22756327.2218909 7737.53333826233
91325957.7069641 -37916031503.803 -15059661784.8117 4735.4993313773 -80245.7657358331 -22756327.2227063 7839.50731501809
91333905.3386296 -37876641707.2695 -15687836307.7706 5312.04258742286 -80011.8861870042 -22756327.2235284 7947.63166550103
91341967.3075439 -37832131459.0074 -16322778812.8351 5887.28474040758 -79768.679082844 -22756327.2243581 8061.96891434239
91350150.645864 -37782348246.6718 -16964856872.244 6461.24616718735 -79516.0180077307 -22756327.2251945 8183.33832003898
91358462.7629164 -37727123462.3018 -17614494109.9426 7033.97931888173 -79253.7500428621 -22756327.2260375 8312.11705245927
91366911.9405874 -37666273673.8977 -18272133763.087 7605.5334673698 -78981.7092314484 -22756327.2268872 8449.17767100581
91375506.6574526 -37599595776.322 -18938276655.0322 8175.98536193501 -78699.7005204772 -22756327.2277441 8594.71686522433
91384256.3762997 -37526870717.9144 -19613426412.3843 8745.38926702547 -78407.5222599966 -22756327.2286077 8749.71884704391
91393171.038619 -37447855937.1007 -20298150077.5451 9313.82626540593 -78104.9404158332 -22756327.2294779 8914.6623193147
91402261.16308 -37362287921.3722 -20993036627.8086 9881.36599468472 -77791.7061143773 -22756327.2303557 9090.12446096587
91411537.2462397 -37269880215.4448 -21698703113.1289 10448.0695752765 -77467.5535174814 -22756327.2312407 9276.08315976545
91421009.1962767 -37170328817.8516 -22415746700.8892 11013.9497106803 -77132.2230469871 -22756327.2321339 9471.95003696327
91430686.1168228 -37063319270.2345 -23144700411.3595 11578.9377025708 -76785.4852675615 -22756327.2330332 9676.92054608497
91440574.3395125 -36948531452.4527 -23886016840.051 12142.8755507507 -76427.153099206 -22756327.2339368 9888.2226896959
91450674.9360901 -36825667393.7183 -24639919280.2234 12705.411826169 -76057.1600301333 -22756327.2348413 10100.5965776111
91460981.5354075 -36694492637.1549 -25406218131.3792 13265.8860463503 -75675.6615456775 -22756327.2357397 10306.5993173649
91471476.7824895 -36554881669.9078 -26184156640.0874 13823.2511545929 -75283.127745906 -22756327.2366233 10495.247082001
91482130.638067 -36406889880.1613 -26972161148.3619 14375.9447804244 -74880.4885475054 -22756327.2374811 10653.8555775224
91492902.0360825 -36250809062.5139 -27767738284.0512 14921.8837945919 -74469.2078852817 -22756327.2382956 10771.3980155144
91503743.8810576 -36087175118.4109 -28567626377.1306 15458.6368472745 -74051.2226151836 -22756327.2390494 10841.8449750809
91514611.2313228 -35916714825.8268 -29368189423.5042 15983.7385757556 -73628.7422342167 -22756327.2397308 10867.3502652357
91525467.8711386 -35740221905.81 -30166031423.7982 16495.1044526778 -73203.9148395885 -22756327.2403316 10856.6398158096
91536288.7712189 -35559041095.0451 -30955870526.8704 16989.6916978264 -72779.9519844327 -22756327.2408442 10820.9000803011
91547060.6248077 -35373442608.7471 -31737569689.059 17467.8765863737 -72357.3353554898 -22756327.2412796 10771.8535887815
91557778.0491293 -35183743887.9425 -32510799546.3439 17929.9257812263 -71936.6246271562 -22756327.2416487 10717.4243216035
91568441.4370397 -34990158221.3447 -33275656142.4926 18376.364496515 -71518.1222683788 -22756327.2419629 10663.3879104279
91579054.3708341 -34792830284.2025 -34032464521.5386 18807.8354664865 -71101.9766587453 -22756327.2422295 10612.933794394
91589622.4270659 -34591852726.4705 -34781687294.3076 19225.0331557261 -70688.2319339567 -22756327.2424574 10568.0562317423
91600151.9766444 -34387286409.2966 -35523835975.6245 19628.6475920672 -70276.8783134311 -22756327.2426543 10529.5495784845
91610649.4184467 -34179175132.0759 -36259415663.5303 20019.3330276136 -69867.8851439925 -22756327.242825 10497.4418023809
91621121.4459011 -33967541121.4645 -36988943400.2857 20397.7186834158 -69461.1932517069 -22756327.2429738 10472.0274543931
91631574.2666594 -33752401616.2818 -37712893618.2298 20764.3816656903 -69056.7477150513 -22756327.2431059 10452.8207582965
91642013.6676124 -33533769254.9093 -38431703537.6841 21119.8530975845 -68654.4971873778 -22756327.2432237 10439.4009529379
91652445.2682477 -33311480718.5853 -39146323671.4725 21464.8837562171 -68254.0872954717 -22756327.243329 10431.6006353665
91662874.2345817 -33085813635.7904 -39856244748.2357 21799.4968841621 -67855.9681653708 -22756327.2434268 10428.9663339852
91673305.3536141 -32856766099.6903 -40561846096.4689 22124.1388315805 -67460.0804890703 -22756327.243516 10431.1190323632
91683743.039809 -32624334988.9251 -41263474796.5109 22439.2207115509 -67066.3718496476 -22756327.2435999 10437.6861949329
91694191.5915685 -32388516947.2631 -41961446852.5388 22745.1212986538 -66674.7972742116 -22756327.243679 10448.5517595091
91704654.7449116 -32149303509.7097 -42656064917.1882 23042.1967376567 -66285.3103327549 -22756327.2437549 10463.1533430849
91715136.1993453 -31906692106.9718 -43347589103.638 23330.7697216297 -65897.8804065654 -22756327.2438293 10481.4544337203
91725639.3487179 -31660674829.1554 -44036272523.8781 23611.1464168001 -65512.4735331823 -22756327.2439022 10503.1493725898
91736167.3773136 -31411245230.2713 -44722343827.664 23883.6103636973 -65129.0628712918 -22756327.2439737 10528.0285956344
91746723.3121703 -31158396719.8459 -45406014010.44 24148.4266549414 -64747.6254671925 -22756327.2440457 10555.9348566997
91757309.9999804 -30902121825.3864 -46087480180.5415 24405.8445191935 -64368.1406626694 -22756327.2441182 10586.6878101065
91767929.9509643 -30642413200.3803 -46766924380.1919 24656.0978452947 -63990.5912023038 -22756327.2441916 10619.9509839608
91778585.7607336 -30379267950.6805 -47444503995.5005 24899.402750662 -63614.9689270729 -22756327.244266 10655.8097692589
91789279.8632769 -30112677625.9752 -48120379067.6946 25135.9683763069 -63241.2599487647 -22756327.2443423 10694.1025433359
91800014.6353642 -29842634553.982 -48794696604.9672 25365.9916951882 -62869.4536923164 -22756327.2444205 10734.7720872608
91810792.3540539 -29569129514.5828 -49467597411.3736 25589.6605280482 -62499.5393994434 -22756327.2445006 10777.7186896655
91821614.9498701 -29292153046.6809 -50139213556.3731 25807.1531876044 -62131.5077844715 -22756327.2445827 10822.5958162183
91832484.5177957 -29011702114.0744 -50809653317.9632 26018.6343341113 -61765.3594618551 -22756327.2446671 10869.5679256621
91843403.1472162 -28727767188.2619 -51479033195.3822 26224.2658149536 -61401.0875967875 -22756327.2447538 10918.6294205092
91854372.5758283 -28440336679.7167 -52147467232.6071 26424.2033120978 -61038.684006572 -22756327.2448435 10969.4286120421
91865394.6497817 -28149406263.1233 -52815046034.6734 26618.5905508283 -60678.1506761866 -22756327.2449355 11022.0739533883
91876471.1319003 -27854966977.2467 -53481865161.8435 26807.5682768232 -60319.4844737603 -22756327.2450299 11076.4821186477
91887603.8235631 -27557010381.9741 -54148013439.4428 26991.2709902308 -59962.6836426832 -22756327.2451272 11132.6916627643
91898794.434681 -27255525404.1868 -54813580377.0914 27169.8292669219 -59607.7439547458 -22756327.2452278 11190.6111178635
91910044.4698886 -26950501935.2566 -55478648402.205 27343.3678339486 -59254.66299825 -22756327.2453303 11250.035207639
91921355.6835605 -26641934114.0767 -56143286324.8111 27512.0042868966 -58903.4436925986 -22756327.245436 11311.2136718914
91932729.4379183 -26329807969.9484 -56807576346.4347 27675.8562237383 -58554.0800895997 -22756327.245544 11373.7543578209
91944167.4728143 -26014119146.5467 -57471576268.2149 27835.0319257503 -58206.5774059141 -22756327.2456548 11438.0348959618
91955671.1918415 -25694851724.2267 -58135364718.9638 27989.6416508267 -57860.9283381625 -22756327.2457685 11503.7190272334
91967242.0874169 -25371998070.4586 -58798999448.633 28139.7877033512 -57517.1350042092 -22756327.2458851 11570.8955754319
91978881.5543993 -25045547121.4266 -59462542218.6536 28285.5705822982 -57175.1959790656 -22756327.2460036 11639.4669823186
91990591.0953135 -24715489661.143 -60126048063.5501 28427.086654105 -56835.1119393812 -22756327.2461247 11709.5409142109
92002372.0499724 -24381812572.2135 -60789577058.4511 28564.4308232169 -56496.8796827766 -22756327.2462485 11780.9546589391
92014225.9286996 -24044506563.6515 -61453178960.165 28697.6933938229 -56160.5000522615 -22756327.2463746 11853.878727229
92026153.9343794 -23703556713.4833 -62116912091.1101 28826.9640598893 -55825.968382401 -22756327.2465034 11928.0056797643
92038157.3346962 -23358956235.0051 -62780816539.4236 28952.3267182875 -55493.2880933391 -22756327.2466338 12003.4003168267
92050237.8434048 -23010695881.8643 -63444935211.526 29073.8638432619 -55162.4600416811 -22756327.2467668 12080.508708578
92062396.4463686 -22658752807.7485 -64109334636.971 29191.6600725706 -54833.4723600978 -22756327.2469018 12158.6029637855
92074634.5875265 -22303124744.9286 -64774040257.1456 29305.7906597041 -54506.3326302007 -22756327.2470393 12238.1411578647
92086953.6061219 -21943795564.0411 -65439101881.3144 29416.3333571803 -54181.0354090317 -22756327.2471778 12319.0185954143
92099354.6727079 -21580751660.905 -66104562638.4464 29523.3628762771 -53857.5777020876 -22756327.2473192 12401.0665860783
92111839.1378103 -21213983939.0535 -66770455730.4068 29626.9506107345 -53535.9604815827 -22756327.2474625 12484.4651023591
92124408.2186127 -20843477557.1659 -67436823265.3784 29727.1677137822 -53216.1795776326 -22756327.2476068 12569.0808023457
92137063.3661672 -20469221207.3065 -68103699404.3143 29824.0824959295 -52898.2338761542 -22756327.2477534 12655.1475545969
92149805.4758467 -20091196217.5201 -68771129890.2566 29917.7633508667 -52582.1160240043 -22756327.2479012 12742.1096794104
92162636.3649994 -19709400160.0834 -69439130420.4647 30008.272965222 -52267.8321768759 -22756327.2480502 12830.8891527229
92175556.8613847 -19323802650.9538 -70107764298.762 30095.6790364541 -51955.3654027105 -22756327.2482014 12920.4963852927
92188568.2804938 -18934402661.7365 -70777042283.3405 30180.040789523 -51644.7228040722 -22756327.248354 13011.4191091557
92201671.9179439 -18541184253.4713 -71446999973.4363 30261.4194494047 -51335.8991739226 -22756327.248507 13103.6374501008
92214869.0381942 -18144131792.679 -72117671159.1946 30339.8746376038 -51028.8895854897 -22756327.2486622 13197.1202502334
92228160.793382 -17743230322.5325 -72789087289.7639 30415.4643825243 -50723.6896405437 -22756327.2488184 13291.7551878793
92241548.3208413 -17338468067.9076 -73461273438.1069 30488.2447688928 -50420.2972811438 -22756327.248976 13387.5274592913
92255033.2244245 -16929833512.359 -74134253367.2139 30558.2706131089 -50118.7104576996 -22756327.2491345 13484.9035831408
92268616.2961173 -16517300676.2797 -74808073538.6712 30625.5978599172 -49818.9164958624 -22756327.2492938 13583.071692813
92282298.8093554 -16100868213.1066 -75482739117.9559 30690.2771389635 -49520.9206551905 -22756327.2494543 13682.5132380801
92296082.4922236 -15680519913.529 -76158278855.5936 30752.3604486559 -49224.7171483552 -22756327.2496157 13783.6828682081
92309968.2205431 -15256225391.0738 -76834743068.1942 30811.9005322334 -48930.2904241923 -22756327.2497776 13885.7283195132
92323957.2764763 -14827980310.5149 -77512139417.8077 30868.9452066153 -48637.6431827217 -22756327.2499404 13989.055933195
92338050.9274985 -14395767725.6387 -78190495018.7693 30923.543072559 -48346.7691814668 -22756327.2501037 14093.6510221872
92352250.3469862 -13959571019.064 -78869835619.4386 30975.7416069108 -48057.6623991988 -22756327.250268 14199.4194876968
92366556.7120641 -13519376383.3222 -79550181839.7337 31025.5869382833 -47770.3186199391 -22756327.2504323 14306.3650779421
92380971.5498914 -13075169815.581 -80231553961.4263 31073.1242810683 -47484.7333724557 -22756327.2505975 14414.8378272826
92395495.5634306 -12626926351.0816 -80913988275.8665 31118.3990135292 -47200.8951730035 -22756327.2507629 14524.0135392456
92410130.6965416 -12174646588.3754 -81597481504.8495 31161.4530182283 -46918.8086515271 -22756327.2509291 14635.1331109561
92424877.5927338 -11718292439.1355 -82282088282.8677 31202.3310135452 -46638.4541732436 -22756327.2510958 14746.8961921671
92439737.8313764 -11257866277.9065 -82967801616.4187 31241.0730674287 -46359.8371638913 -22756327.2512622 14860.2386426127
92454712.2475622 -10793341261.6805 -83654657756.693 31277.7210267905 -46082.9450338486 -22756327.2514288 14974.4161858061
92469802.4826403 -10324713774.1543 -84342657947.4278 31312.3140398542 -45807.7790569986 -22756327.2515955 15090.2350780697
92485009.7231629 -9851954961.80463 -85031840059.8347 31344.8923822687 -45534.3255218356 -22756327.2517617 15207.2405227028
92500335.5064116 -9375050177.46408 -85722220420.6358 31375.4944315143 -45262.5791331131 -22756327.251929 15325.7832486695
92515780.9679501 -8893973765.00047 -86413830684.5278 31404.1584751289 -44992.5283469939 -22756327.2520964 15445.4615384609
92531347.0044548 -8408712669.52811 -87106683718.9642 31430.9212381606 -44724.168786712 -22756327.2522633 15566.0365047065
92547035.1166324 -7919261378.76158 -87800781392.5998 31455.8184288589 -44457.4999817194 -22756327.2524304 15688.1121776284
92562846.3399581 -7425595421.87352 -88496152149.3856 31478.8860910081 -44192.5109506236 -22756327.2525971 15811.2233257126
92578782.2845689 -6927704988.04493 -89192803244.3934 31500.1588635449 -43929.1986077577 -22756327.252764 15935.9446108098
92594844.4456933 -6425562206.20351 -89890766774.9738 31519.6714973794 -43667.550262521 -22756327.2529304 16062.1611244086
92611033.9991179 -5919142844.15337 -90590069006.2587 31537.4578093888 -43407.5553723726 -22756327.2530968 16189.5534245704
92627352.206741 -5408432784.09488 -91290721708.6694 31553.5505848293 -43149.2086441913 -22756327.2532632 16318.2076231355
92643800.0496745 -4893415253.24967 -91992739975.6618 31567.9821113821 -42892.5033351643 -22756327.2534292 16447.842933456
92660378.7310058 -4374082409.74411 -92696126477.4707 31580.7838802001 -42637.4370009381 -22756327.2535949 16578.6813312997
92677090.0073118 -3850419480.68653 -93400893134.5065 31591.9870571434 -42384.0035577141 -22756327.2537596 16711.2763060076
92693935.1534681 -3322394276.0525 -94107074809.1257 31601.6225547659 -42132.188571635 -22756327.2539246 16845.1461562949
92710915.1729226 -2789989892.63453 -94814685264.7735 31609.7203346161 -41881.9851188055 -22756327.2540889 16980.0194544445
92728032.1611168 -2253198094.24554 -95523726535.3356 31616.3097281437 -41633.3902070063 -22756327.2542527 17116.9881942802
92745286.7714032 -1711976210.0817 -96234245695.7856 31621.4199168408 -41386.3849596503 -22756327.2544158 17254.6102863193
92762680.9248941 -1166327255.9053 -96946229271.516 31625.079042344 -41140.9715302626 -22756327.2545791 17394.1534909619
92780215.5948653 -616214260.929848 -97659715842.7323 31627.3150725928 -40897.1339012342 -22756327.2547414 17534.6699711344
92797892.0439776 -61630332.9915513 -98374704432.2003 31628.1552743529 -40654.8695625124 -22756327.2549033 17676.4491123148
92815712.1864486 497440461.655399 -99091205665.3596 31627.6265209229 -40414.1718306956 -22756327.2550647 17820.1424710327
92833676.5289659 1061034550.1255 -99809255977.6472 31625.755136549 -40175.0253147744 -22756327.2552254 17964.3425173011
92851786.9679952 1629143725.7068 -100528834613.382 31622.5671128361 -39937.4335800814 -22756327.2553852 18110.4390293315
92870044.9442215 2201803613.48692 -101249976361.508 31618.0878307502 -39701.3815968985 -22756327.2555447 18257.9762262358
92888452.0908276 2779035294.87738 -101972697083.221 31612.3422326526 -39466.8605988936 -22756327.2557034 18407.1466061342
92907009.1736077 3360865802.06264 -102697019694.357 31605.3547253016 -39233.8594987719 -22756327.2558613 18557.0827800887
92925717.3298005 3947294616.1552 -103422932614.281 31597.1496342359 -39002.378184733 -22756327.2560186 18708.1561928172
92944579.0128076 4538332833.33561 -104150438808.414 31587.7508178198 -38772.4116122961 -22756327.256175 18861.6830070439
92963595.070951 5134032980.6423 -104879591776.469 31577.181001987 -38543.938787911 -22756327.2563303 19016.0581434705
92982767.2700094 5734396728.0458 -105610382130.57 31565.463304211 -38316.9585411673 -22756327.2564852 19172.1990583876
93002096.9932193 6339454568.94587 -106342835516.398 31552.6199326045 -38091.458654537 -22756327.2566395 19329.7232098612
93021585.3298457 6949224759.16879 -107076962358.346 31538.6729223155 -37867.4316136756 -22756327.256793 19488.3366264616
93041234.2601375 7563716130.99549 -107812761633.268 31523.644174519 -37644.8732698323 -22756327.2569456 19648.9302917913
93061044.820927 8182965449.46063 -108550265549.033 31507.5545356096 -37423.7693576209 -22756327.2570972 19810.5607894867
93081018.9504461 8806979570.84803 -109289470322.454 31490.4252267118 -37204.1164194015 -22756327.2572482 19974.1295190565
93101157.6898025 9435793580.65566 -110030405457.267 31472.2763497987 -36985.9010213933 -22756327.2573981 20138.739356457
93121463.0113872 10069414139.7308 -110773066639.703 31453.1284495043 -36769.1196952711 -22756327.2575476 20305.3215846699
93141935.3038261 10707877039.6858 -111517483555.181 31433.0008590336 -36553.7589699179 -22756327.2576959 20472.2924389352
93162577.8561583 11351168104.032 -112263627498.323 31411.9141622222 -36339.8221872367 -22756327.2578435 20642.5523322007
93183390.9734339 11999364113.4752 -113011575072.808 31389.8856312026 -36127.2824492105 -22756327.2579901 20813.1172755805
93204376.0798059 12652447905.4326 -113761293777.693 31366.9353026824 -35916.1440751847 -22756327.2581356 20985.1063719729
93225535.5822316 13310437315.0187 -114512791677.139 31343.0817776181 -35706.3996375666 -22756327.25828 21159.5024256962
93246870.8776837 13973380776.7599 -115266111388.158 31318.3421941844 -35498.032135016 -22756327.258424 21335.295452143
93268382.3914251 14641294837.7544 -116021258743.302 31292.7345064886 -35291.0348906643 -22756327.2585669 21511.5137414053
93290073.0318847 15314165478.5727 -116778205192.69 31266.277602616 -35085.410448425 -22756327.2587085 21690.6404595405
93311943.3081554 15992056172.1353 -117537009313.232 31238.987049508 -34881.1375954807 -22756327.2588494 21870.2762707209
93333995.5540213 16674955155.0634 -118297644966.267 31210.8810965739 -34678.2180623869 -22756327.2589896 22052.2458659368
93356231.0663577 17362907475.3777 -119060149372.974 31181.9754108956 -34476.6365319543 -22756327.2591286 22235.512336336
93378651.5700174 18055925583.0704 -119824523196.662 31152.2867078052 -34276.3874608387 -22756327.2592666 22420.5036597306
93401258.4992292 18754035070.5852 -120590781512.475 31121.8308773208 -34077.4614737975 -22756327.2594037 22606.9292117709
93424053.6710225 19457252265.0529 -121358929043.236 31090.6239405431 -33879.8518789437 -22756327.2595398 22795.1717933394
93447039.3071809 20165605188.1195 -122128983138.404 31058.6811362015 -33683.5487181574 -22756327.2596749 22985.6361583567
93470215.9716589 20879134174.531 -122900974142.424 31026.0168563813 -33488.5388237221 -22756327.2598089 23176.6644780553
93493586.2744903 21597827877.0799 -123674876340.61 30992.6476057997 -33294.8231742992 -22756327.2599419 23370.3028313936
93517150.8914743 22321738211.4663 -124450732178.72 30958.5867260013 -33102.3855879929 -22756327.2600739 23564.6169839828
93540912.5313127 23050856920.6155 -125228519305.22 30923.8501237539 -32911.2260263385 -22756327.2602051 23761.6398384084
93564871.4125772 23785238448.3259 -126008282238.642 30888.4504928045 -32721.3279489885 -22756327.2603353 23958.8812644737
93589030.4872109 24524860031.9567 -126789983299.963 30852.4040015415 -32532.6948688169 -22756327.2604643 24159.0746337181
93613390.8624163 25269783117.6005 -127573673923.105 30815.7225085308 -32345.3086718357 -22756327.2605923 24360.375205439
93637954.9717927 26020011951.5756 -128359344873.086 30778.4204222696 -32159.1659215673 -22756327.2607194 24564.1093763889
93662724.121749 26775591403.9673 -129147029370.571 30740.5099120367 -31974.2531009122 -22756327.2608454 24769.149956285
93687700.9842186 27536531386.1381 -129936723874.026 30702.0046631706 -31790.5654137346 -22756327.2609706 24976.8624696258
93712885.5573913 28302883500.0953 -130728467915.46 30662.9160305879 -31608.0880768585 -22756327.2610946 25184.5731726291
93738280.9289615 29074617074.0578 -131522215924.938 30623.2593554995 -31426.825913233 -22756327.2612177 25395.3715702054
93763888.1552272 29851795952.063 -132318019740.488 30583.0449402007 -31246.7613546777 -22756327.2613395 25607.2262657708
93789708.9181536 30634421469.5179 -133115866737.017 30542.286089538 -31067.8915835488 -22756327.2614608 25820.7629263673
93815745.4398535 31422513908.1291 -133915763732.685 30500.9949383851 -30890.2093135977 -22756327.2615806 26036.521699901
93841999.695731 32216109763.7195 -134717733810.244 30459.1825682555 -30713.7036894231 -22756327.2616998 26254.2558775016
93868473.4612163 33015237698.4395 -135521791821.584 30416.8602656983 -30538.3657692933 -22756327.2618181 26473.7654853248
93895168.253913 33819920010.7418 -136327946035.209 30374.0394595683 -30364.1880876746 -22756327.2619351 26694.7926967051
93922085.2789064 34630170922.9974 -137136196573.094 30330.7318243281 -30191.1649235747 -22756327.2620511 26917.024993398
93949228.9549602 35445994981.6279 -137946533998.489 30286.9493775776 -30019.2925202684 -22756327.2621664 27143.6760537909
93976598.3502312 36267493769.3837 -138759044839.543 30242.6987327708 -29848.5469223163 -22756327.2622807 27369.3952709409
94004195.7980967 37094606565.6623 -139573654686.378 30197.9950538486 -29678.9381474895 -22756327.2623937 27597.447865529
94032023.2547939 37927371334.678 -140390386992.975 30152.8480297546 -29510.4554956382 -22756327.2625058 27827.4566972015
94060084.3309614 38765814332.1903 -141209253443.723 30107.267802971 -29343.0907949262 -22756327.262617 28061.0761675176
94088378.7562008 39610011261.1006 -142030313554.516 30061.2616456768 -29176.8262766367 -22756327.2627274 28294.4252393866
94116909.5903298 40459920742.0339 -142853512723.494 30014.8430397777 -29011.6673624136 -22756327.2628365 28530.8341290082
94145679.8154955 41315601322.2434 -143678893469.348 29968.0198591495 -28847.5998094527 -22756327.2629446 28770.2251657061
94174690.2513697 42177108731.7237 -144506494948.211 29920.7999571654 -28684.6103072855 -22756327.263052 29010.4358741562
94203941.496527 43044433617.8177 -145336293573.004 29873.1945949119 -28522.6979755709 -22756327.2631584 29251.2451573477
94233437.6407278 43917559962.531 -146168259833.193 29825.2152548745 -28361.862863489 -22756327.2632637 29496.1442007734
94263178.8839005 44796575680.8396 -147002463161.848 29776.8675552371 -28202.0859108943 -22756327.263368 29741.2431727195
94293168.9728904 45681452351.8146 -147838862170.471 29728.1633577891 -28043.3694482455 -22756327.2634715 29990.0889898821
94323407.5386321 46572266881.8056 -148677515125.139 29679.1085817112 -27885.6968322989 -22756327.2635738 30238.5657417229
94353897.9611709 47468973587.8255 -149518364675.401 29629.7157500665 -27729.073229539 -22756327.2636752 30490.4225387526
94384643.3246711 48371637862.8915 -150361457948.807 29579.9911257996 -27573.4841885962 -22756327.2637757 30745.3635002065
94415646.4883761 49280315797.9394 -151206832728.073 29529.9413428538 -27418.9172536943 -22756327.2638754 31003.1637049956
94446906.1833253 50195056344.5205 -152054519635.234 29479.5732927696 -27265.3614868212 -22756327.2639741 31259.6949491863
94478426.8696149 51115786500.0082 -152904436493.091 29428.9004459282 -27112.8262752374 -22756327.2640721 31520.68628959
94510208.8472302 52042601944.0961 -153756657233.885 29377.9268523258 -26961.2928036034 -22756327.2641691 31781.9776153083
94542256.2550911 52975475564.7341 -154611142426.037 29326.6631870632 -26810.7625982672 -22756327.2642651 32047.4078608848
94574570.9885333 53914492697.3446 -155467955681.037 29275.1138155502 -26661.2190029012 -22756327.2643602 32314.7334422539
94607154.7014895 54859672384.8065 -156327099528.788 29223.2866241457 -26512.6562632351 -22756327.2644542 32583.7129562073
94640008.9041065 55811026363.2844 -157188569889.05 29171.189774158 -26365.0697441916 -22756327.2645478 32854.2026170257
94673134.7647234 56768561969.6152 -158052358813.843 29118.8315413908 -26218.455415822 -22756327.2646405 33125.8606168389
94706537.6428131 57732276425.714 -158918449432.771 29066.220626791 -26072.8106714833 -22756327.2647322 33402.8780897521
94740218.4141678 58702288447.4855 -159786933733.102 29013.3589865235 -25928.1147295795 -22756327.2648228 33680.7713547096
94774175.5764009 59678585910.6687 -160657785871.728 28960.2556083093 -25784.3667176457 -22756327.2649125 33957.1622330975
94808416.0868926 60661087903.7697 -161530919403.297 28906.92308067 -25641.575449643 -22756327.2650015 34240.5104916637
94842940.2006387 61649958080.4163 -162406465327.331 28853.3605969436 -25499.7141330551 -22756327.2650895 34524.1137461055
94877750.1355732 62645165730.3382 -163284381607.092 28799.5777977238 -25358.784396643 -22756327.2651768 34809.9349345151
94912847.9638097 63646736669.563 -164164676442.498 28745.5811430353 -25218.7796498055 -22756327.265263 35097.8282365273
94948240.0678091 64654692210.7703 -165047354007.983 28691.3772275507 -25079.6939681816 -22756327.2653488 35392.1039994266
94983925.9185322 65669176815.4931 -165932525704.772 28636.9659418155 -24941.5047770404 -22756327.2654334 35685.8507230415
95019902.4216047 66690136172.1125 -166820128859.487 28582.357760505 -24804.2169301804 -22756327.2655175 35976.5030724675
95056177.7601145 67717443068.5866 -167710038692.864 28527.5668925109 -24667.8443789636 -22756327.2656004 36275.3385097968
95092753.0945693 68751292244.7174 -168602409636.743 28472.5902547206 -24532.3581634365 -22756327.2656828 36575.3344548349
95129631.6971532 69791677253.0282 -169497221224.652 28417.4354223073 -24397.7563720055 -22756327.2657642 36878.6025839335
95166816.6978413 70838651459.3991 -170394504481.066 28362.1066968845 -24264.0293292547 -22756327.2658452 37185.0006880554
95204306.2863522 71892263660.8747 -171294286127.621 28306.6085443116 -24131.1681528947 -22756327.2659249 37489.5885109664
95242105.6324173 72952422575.964 -172196473543.878 28250.9526950895 -23999.1814737503 -22756327.266004 37799.3460650717
95280217.3596353 74019234317.4371 -173101142534.636 28195.1403940928 -23868.0531139553 -22756327.2660824 38111.7272179764
95318643.9239923 75092732389.4135 -174008306626.046 28139.1766321514 -23737.7761987537 -22756327.2661597 38426.5643569884
95357385.1347957 76172945195.3452 -174917974898.004 28083.0665812897 -23608.3445469278 -22756327.2662364 38741.2108034384
95396445.5930016 77259826606.2941 -175830093893.928 28026.8191778363 -23479.7607925287 -22756327.2663124 39060.4582058736
95435827.2344234 78353464762.0944 -176744723019.507 27970.4363060618 -23352.0115952264 -22756327.2663875 39381.6414218491
95475531.804793 79453872574.3752 -177661858303.485 27913.923669827 -23225.0926472676 -22756327.2664617 39704.5703695562
95515566.0829704 80561057428.8372 -178581491275.237 27857.2871607843 -23099.000229734 -22756327.2665356 40034.27817741
95555926.3635744 81675166449.7299 -179503729084.064 27800.5254676486 -22973.7149430267 -22756327.2666085 40360.2806039878
95596619.0522729 82796054562.8014 -180428436808.652 27743.6520945072 -22849.250350945 -22756327.2666807 40692.6886985065
95637645.2986298 83923857694.6439 -181355712022.22 27686.6661529602 -22725.5884808339 -22756327.266752 41026.2463568623
95679006.0588714 85058565307.2331 -182285531199.694 27629.5741227646 -22602.7277658178 -22756327.2668227 41360.7602416696
95720707.4106522 86200161491.4651 -183217866778.946 27572.3826432963 -22480.6670473628 -22756327.2668927 41701.3517807539
95762749.9898191 87348771262.2264 -184152806109.819 27515.0912269812 -22359.390196274 -22756327.2669619 42042.5791669159
95805136.9238869 88504369050.2882 -185090313449.373 27457.7068593588 -22238.8972467824 -22756327.2670306 42386.9340677712
95847871.1871953 89666997644.0566 -186030408736.448 27400.23303473 -22119.1810034599 -22756327.2670985 42734.2633083766
95890952.948673 90836695159.2742 -186973107915.393 27342.6734190335 -22000.2348650968 -22756327.2671657 43081.7614777514
95934387.6957432 92013422718.5352 -187918365002.095 27285.0353800394 -21882.0600098889 -22756327.2672323 43434.7470702303
95978177.9246822 93197286454.9541 -188866250555.431 27227.3191023757 -21764.6430352168 -22756327.2672981 43790.2289390128
96022323.2660464 94388310210.409 -189816768677.186 27169.5287581791 -21647.978979658 -22756327.2673631 44145.3413641808
96066828.7804776 95586439801.6008 -190769861475.492 27111.6722079347 -21532.0704040192 -22756327.2674274 44505.5144311667
96111699.5582197 96791768285.0627 -191725588391.952 27053.7501111647 -21416.9055385751 -22756327.2674912 44870.7777421402
96156934.7003521 98004388596.8981 -192684008036.418 26995.7631294412 -21302.4729777205 -22756327.2675543 45235.1421323671
96202539.0024084 99224231413.1973 -193645050665.045 26937.7196239399 -21188.7766872634 -22756327.2676169 45604.3020562775
96248511.1578133 100451380942.174 -194608767830.004 26879.6205501681 -21075.8061775769 -22756327.2676785 45972.1554049297
96294861.5295619 101685756871.653 -195575081866.972 26821.4745857434 -20963.5661225517 -22756327.2677399 46350.3717486285
96341585.6782996 102927591774.443 -196544159896.077 26763.2756175944 -20852.0328254791 -22756327.2678003 46724.1487376425
96388690.7847574 104176720780.821 -197515858274.811 26705.0361525096 -20741.2185729075 -22756327.2678602 47105.1064578391
96436178.1418594 105433289963.464 -198490275933.035 26646.7540674715 -20631.1077680198 -22756327.2679194 47487.3571019608
96484051.6939278 106697287446.971 -199467388681.271 26588.4345643711 -20521.6989491614 -22756327.2679781 47873.5520684522
96532312.1926007 107968771672.486 -200447226759.998 26530.0795306128 -20412.9845463093 -22756327.2680361 48260.4986728175
96580963.6798174 109247715923.986 -201429754740.672 26471.6947042116 -20304.9643013471 -22756327.2680937 48651.4872167921
96630006.7632559 110534180499.966 -202415004195.27 26413.2817738785 -20197.6305516836 -22756327.2681506 49043.0834384638
96679448.3204207 111828134530.385 -203402936831.802 26354.846511395 -20090.9832718313 -22756327.268207 49441.5571647412
96729291.7932766 113129712165.297 -204393640265.82 26296.3871853497 -19985.008883878 -22756327.2682626 49843.4728559454
96779534.1368092 114438956096.187 -205387131771.651 26237.9061899236 -19879.7015775889 -22756327.2683178 50242.3435326113
96830181.5905557 115755738677.85 -206383299771.478 26179.4134272319 -19775.0690837483 -22756327.2683723 50647.4537464902
96881237.3555252 117080175795.44 -207382217461.827 26120.9078665585 -19671.0995677684 -22756327.2684263 51055.7649695516
96932704.2172184 118412302982.448 -208383896850.089 26062.3920330151 -19567.7877611991 -22756327.2684796 51466.86169311
96984585.3546127 119752144520.891 -209388341400.673 26003.8688993233 -19465.1293148587 -22756327.2685324 51881.1373943174
97036883.5228603 121099734555.079 -210395561920.363 25945.3409582337 -19363.1191574366 -22756327.2685847 52298.1682476095
97089601.3178799 122455095821.902 -211405560622.314 25886.8111513358 -19261.7531213528 -22756327.2686363 52717.7950196404
97142744.8153375 123818246611.642 -212418336417.887 25828.2825576321 -19161.0273796367 -22756327.2686875 53143.4974575438
97196312.9779044 125189294593.042 -213433954364.383 25769.7543950728 -19060.9316179732 -22756327.2687382 53568.1625669335
97250311.613654 126568163445.489 -214452343085.146 25711.2337000896 -18961.46902399 -22756327.2687882 53998.6357496418
97304739.2930035 127954953013.986 -215473561603.071 25652.7199488525 -18862.6299751175 -22756327.2688377 54427.6793494228
97359604.9689264 129349576864.457 -216497531700.285 25594.2204343229 -18764.418165575 -22756327.2688867 54865.6759228864
97414907.201946 130752214348.601 -217524370387.518 25535.7312416955 -18666.8185536679 -22756327.2689351 55302.2330196075
97470651.62972 132162778280.462 -218553999060.359 25477.2595777487 -18569.8348487245 -22756327.2689832 55744.4277740332
97526843.4350594 133581362033.749 -219586471273.71 25418.8050745991 -18473.458218692 -22756327.2690307 56191.8053393692
97583484.5419403 135008046462.391 -220621830911.898 25360.3678975823 -18377.6809099748 -22756327.2690777 56641.1068808968
97640576.3123807 136442829090.5 -221660061163.356 25301.9516045644 -18282.5008602424 -22756327.2691242 57091.7704404751
97698123.4941897 137885693146.103 -222701135131.486 25243.5602589101 -18187.9168693955 -22756327.26917 57547.1818089288
97756127.9285767 139336707152.738 -223745087528.629 25185.1944188874 -18093.922134365 -22756327.2692155 58004.4343870255
97814594.9288542 140795865836.448 -224791899824.795 25126.8575836973 -18000.5147012722 -22756327.2692605 58467.0002775301
97873525.1956272 142263250881.509 -225841615840.537 25068.5497357341 -17907.6870752793 -22756327.269305 58930.2667729856
97932923.7819664 143738827718.093 -226894196110.007 25010.2754477229 -17815.4391743349 -22756327.2693491 59398.5863391888
97992795.6447777 145222670568.635 -227949678910.811 24952.034936253 -17723.764077694 -22756327.2693928 59871.8628113228
98053140.9744096 146714850439.96 -229008099832.499 24893.828549897 -17632.6552220937 -22756327.2694358 60345.3296318407
98113964.4374852 148215319162.764 -230069409908.551 24835.6612469557 -17542.1133420189 -22756327.2694785 60823.4630755922
98175271.560641 149724139795.405 -231133639084.255 24777.5336036848 -17452.132387761 -22756327.2695208 61307.1231558789
98237062.0059477 151241395933.805 -232200831416.6 24719.4454099341 -17362.7052311406 -22756327.2695625 61790.4453066815
98299341.05093 152767025628.079 -233270928547.155 24661.4019928792 -17273.8333505233 -22756327.2696039 62279.0449822596
98362110.7922774 154301105535.009 -234343969600.793 24603.4033345672 -17185.5100708346 -22756327.2696449 62769.7413473729
98425376.2672061 155843633383.582 -235419938311.065 24545.4523844707 -17097.7333389799 -22756327.2696853 63265.4749287579
98489138.5077534 157394678797.207 -236498868552.16 24487.5493535477 -17010.4970269025 -22756327.2697252 63762.2405473093
98553409.1201414 158954212764.279 -237580725516.244 24429.6981055409 -16923.8005918564 -22756327.2697648 64270.6123879834
98618183.8292086 160522464126.57 -238665652936.426 24371.8929429634 -16837.6292828326 -22756327.2698039 64774.7090671949
98683466.0469531 162099273283.485 -239753525369.481 24314.142505057 -16751.9898573226 -22756327.2698427 65282.2177445465
98749263.0595616 163684668470.394 -240844347818.12 24256.4484089314 -16666.8785960692 -22756327.2698811 65797.0126084926
98815575.1596337 165278771272.959 -241938189217.901 24198.8088755251 -16582.2868809285 -22756327.269919 66312.1000720152
98882410.6138844 166881533153.587 -243035001516.113 24141.2282732369 -16498.2152186605 -22756327.2699567 66835.4542507404
98949769.4356756 168493097946.208 -244134868309.479 24083.7040238752 -16414.6540361978 -22756327.2699938 67358.8217912314
99017650.1687763 170113409681.582 -245237736502.378 24026.2406880932 -16331.6042410211 -22756327.2700305 67880.7331006349
99086064.8805374 171742377561.246 -246343529973.44 23968.8439420768 -16249.0683179198 -22756327.2700669 68414.7117611409
99155013.09841 173380234889.427 -247452392562.015 23911.5080149139 -16167.0323600889 -22756327.2701027 68948.2178726346
99224502.5781449 175026913476.226 -248564263292.28 23854.2377448294 -16085.4977987473 -22756327.2701384 69489.4797348471
99294535.4106026 176682541454.829 -249679213886.889 23797.0310921569 -16004.4563127109 -22756327.2701735 70032.8324576718
99365111.9806052 178347111108.678 -250797224205.505 23739.8907268352 -15923.9063620304 -22756327.2702083 70576.570002591
99436238.2889506 180020574251.036 -251918247262.567 23682.8206336424 -15843.8482719454 -22756327.2702428 71126.3083454772
99507918.7532244 181703015702.264 -253042325331.098 23625.8202098176 -15764.2759679962 -22756327.270277 71680.4642737875
99580151.8654692 183394482015.553 -254169474791.8 23568.890159431 -15685.1852991149 -22756327.2703106 72233.1122447406
99652953.4488255 185094879835.177 -255299619004.008 23512.035838219 -15606.5786048711 -22756327.2703441 72801.5833563549
99726317.3083402 186804523073.259 -256432951769.805 23455.2489852556 -15528.4394834923 -22756327.270377 73363.8595146675
99800250.2566822 188523207281.582 -257569322610.085 23398.5386112997 -15450.7754359848 -22756327.2704095 73932.9483420563
99874757.6768146 190251033466.1 -258708783796.844 23341.9035183904 -15373.5799352079 -22756327.2704419 74507.4201323408
99949837.1979021 191988068226.344 -259851364476.868 23285.3436629495 -15296.8481336498 -22756327.2704738 75079.5210875658
100025498.172929 193734197263.629 -260996974980.995 23228.8648408412 -15220.5831358225 -22756327.2705053 75660.9750272179
100101745.689946 195489578916.905 -262145704760.765 23172.4639697306 -15144.7760785646 -22756327.2705365 76247.5170164532
100178586.023399 197254271261.638 -263297577008.054 23116.1412436994 -15069.4226301453 -22756327.2705676 76840.3334527983
100256017.780099 199028359024.322 -264452632023.722 23059.8960155842 -14994.5174152335 -22756327.2705982 77431.7567004933
100334046.926043 200811749578.148 -265610794684.912 23003.733228158 -14920.0625448748 -22756327.2706285 78029.1459439478
100412671.686864 202604519928.942 -266772100388.237 22947.6524097416 -14846.0529576627 -22756327.2706583 78624.7608212759
100491899.487626 204406569000.374 -267936469267.598 22891.6586210513 -14772.4909300692 -22756327.270688 79227.800761301
100571742.452528 206218006635.986 -269103958043.604 22835.7503042114 -14699.3700560322 -22756327.2707173 79842.9649019808
100652198.389837 208039048513.96 -270274690837.065 22779.9227131222 -14626.6798964815 -22756327.2707462 80455.9373092341
100733269.664489 209869582742.108 -271448580739.137 22724.1811747346 -14554.4232205157 -22756327.270775 81071.2746520795
100814968.167851 211709601666.468 -272625608318.105 22668.5277361556 -14482.5985199132 -22756327.2708033 81698.503362003
100897289.252433 213559312984.712 -273805891592.369 22612.957945582 -14411.1959755747 -22756327.2708315 82321.0845821535
100980241.664025 215418549138.605 -274989308866.761 22557.478634621 -14340.2203378711 -22756327.2708592 82952.4115915878
101063822.271258 217287445440.798 -276175931727.783 22502.0875090633 -14269.6646708998 -22756327.2708867 83580.607233486
101148049.563231 219165869127.407 -277365661487.956 22446.7902045801 -14199.5321888673 -22756327.2709137 84227.2919725169
101232918.098058 221054172709.296 -278558706666.725 22391.5780670637 -14129.8080389408 -22756327.2709407 84868.5348276904
101318424.149436 222952170552.771 -279754934998.018 22336.4582540821 -14060.4974564068 -22756327.2709674 85506.0513775141
101404586.062073 224859716922.874 -280954240575.818 22281.4365867956 -13991.6039130364 -22756327.2709937 86161.9126366995
101491412.167995 226777157937.228 -282156826644.278 22226.504687828 -13923.1131513988 -22756327.2710197 86826.1059226413
101578896.151903 228704614161.798 -283362753537.71 22171.6608041083 -13855.0193557331 -22756327.2710456 87483.9839080847
101667037.929112 230641880864.609 -284571878232.718 22116.9123953739 -13787.3281692827 -22756327.271071 88141.7772089233
101755866.192163 232588892640.796 -285784145744.892 22062.2628248208 -13720.0401032045 -22756327.2710963 88828.2630503071
101845363.622948 234546217905.88 -286999894840.727 22007.697756612 -13653.1339981791 -22756327.2711214 89497.4307854581
101935525.118649 236513409222.975 -288218832341.883 21953.2312766189 -13586.6236727824 -22756327.2711461 90161.495701391
102026381.665845 238490290919.768 -289440835681.516 21898.8696437636 -13520.5132155977 -22756327.2711705 90856.54719566
102117914.978214 240477477277.066 -290666270032.139 21844.5974460161 -13454.7804502297 -22756327.2711945 91533.3123688838
102210134.772296 242474502667.537 -291894833531.083 21790.4288829972 -13389.4392014727 -22756327.2712185 92219.7940823716
102303048.351709 244481514600.677 -293126603051.789 21736.3613086606 -13324.482869127 -22756327.2712421 92913.5794127259
102396676.284993 246498606660.671 -294361621770.821 21682.3935862666 -13259.9067564998 -22756327.2712656 93627.9332840041
102491001.595198 248526158254.207 -295600106848.851 21628.5170411531 -13195.6972714057 -22756327.2712887 94325.3102053965
102586031.232935 250563734828.935 -296841777978.026 21574.7446434577 -13131.8666750925 -22756327.2713116 95029.6377370532
102681785.703251 252611420935.455 -298086672715.815 21521.0754519779 -13068.4106146989 -22756327.2713342 95754.4703158684
102778269.397898 254669591115.499 -299335003957.551 21467.5010276134 -13005.315988269 -22756327.2713565 96483.694646338
102875464.14971 256738270978.701 -300586771722.912 21414.0221513891 -12942.5806889756 -22756327.2713788 97194.7518122159
102973392.987157 258817003840.12 -301841685223.516 21360.6519246893 -12880.2170064583 -22756327.2714007 97928.8374469716
103072048.44999 260906215175.277 -303099987081.094 21307.3806744532 -12818.2105777469 -22756327.2714224 98655.4628331519
103171448.215281 263005678054.996 -304361526107.557 21254.2154549429 -12756.5666144464 -22756327.2714438 99399.7652907497
103271601.401985 265115700593.629 -305626472907.867 21201.1497172546 -12695.2745617888 -22756327.2714652 100153.186704558
103372491.21012 267236406686.664 -306894886464.421 21148.1816760119 -12634.3294921951 -22756327.2714863 100889.808134228
103474146.723818 269367372057.869 -308166498490.723 21095.3231456454 -12573.742107107 -22756327.271507 101655.513698849
103576538.964963 271509142025.626 -309441619767.066 21042.5618131106 -12513.4954431032 -22756327.2715276 102392.241144521
103679702.764239 273661037579.762 -310719831823.434 20989.9155513066 -12453.6070616107 -22756327.271548 103163.799275736
103783620.254769 275823722325.05 -312001514793.933 20937.3692331791 -12394.0569278664 -22756327.2715682 103917.490530791
103888320.558856 277996752491.944 -313286391328.722 20884.9347718894 -12334.8557746958 -22756327.271588 104700.304086487
103993797.228981 280180667495.358 -314574765965.885 20832.6002730043 -12275.9874408505 -22756327.2716078 105476.670125099
104100061.658648 282375262037.595 -315866502648.263 20780.3718279461 -12217.4561189622 -22756327.2716272 106264.429667326
104207119.054354 284580702521.178 -317161684597.079 20728.2466053027 -12159.2559911013 -22756327.2716465 107057.395705725
104314962.292881 286797025591.769 -318460318345.361 20676.2248847062 -12101.384774837 -22756327.2716657 107843.238527107
104423614.784808 289024013066.079 -319762261563.276 20624.3128564357 -12043.8467559702 -22756327.2716846 108652.491926581
104533069.07824 291262076939.929 -321067740380.9 20572.5020005058 -11986.6299381122 -22756327.2717034 109454.293432503
104643317.332634 293510991585.73 -322376608227.763 20520.7986370544 -11929.7387938424 -22756327.2717219 110248.254393408
104754395.378595 295770525513.026 -323688716448.161 20469.2090445354 -11873.1776813949 -22756327.2717402 111078.045960842
104866289.342211 298041341060.065 -325004435027.499 20417.7191282847 -11816.928676111 -22756327.2717583 111893.963616917
104979003.373374 300323081444.511 -326323542153.534 20366.3380473008 -11760.999372088 -22756327.2717762 112714.031162519
105092547.251635 302615759448.458 -327646030926.805 20315.066471352 -11705.3880597945 -22756327.2717939 113543.878260877
105206925.961301 304919501637.721 -328971959930.159 20263.9025301376 -11650.0903093913 -22756327.2718114 114378.709666334
105322143.233636 307234336210.817 -330301330805.822 20212.846563476 -11595.1041254924 -22756327.2718288 115217.272334588
105438209.741734 309560265647.281 -331634130464.956 20161.8994601561 -11540.4281247847 -22756327.271846 116066.508098164
105555136.182449 311897431837.896 -332970425560.209 20111.0590590991 -11486.0576833399 -22756327.271863 116926.440715512
105672899.801422 314245975547.687 -334310281522.934 20060.3232795139 -11431.9883230172 -22756327.2718797 117763.61897245
105791516.619367 316605366595.888 -335653381693.127 20009.7044399255 -11378.2308893709 -22756327.2718965 118616.817945143
105911004.401662 318975853892.976 -336999854228.851 19959.1979745595 -11324.7782359235 -22756327.2719128 119487.782294865
106031366.035661 321357718411.866 -338349844329.099 19908.7987614245 -11271.6227250091 -22756327.2719291 120361.633998626
106152598.436137 323750942663.618 -339703327324.685 19858.5080651038 -11218.7635209284 -22756327.2719452 121232.400476461
106274725.219366 326155390850.205 -341060212070.834 19808.3295724444 -11166.2023284492 -22756327.2719611 122126.783228996
106397748.87892 328571455944.293 -342420705643.844 19758.2559438103 -11113.929334115 -22756327.2719769 123023.659553944
106521679.589057 330999110480.459 -343784777353.277 19708.2886607178 -11061.9440152729 -22756327.2719926 123930.710136753
106646492.090263 333438478074.206 -345152481392.185 19658.4260834236 -11010.2426215562 -22756327.272008 124812.501206283
106772209.820701 335888986095.103 -346523482375.556 19608.680699062 -10958.836023245 -22756327.2720234 125717.730437861
106898848.276541 338351020001.14 -347897982098.241 19559.0453992102 -10907.7147931803 -22756327.2720386 126638.455840112
107026389.396995 340824806237.453 -349276092144.516 19509.516437356 -10856.8730712982 -22756327.2720535 127541.120454331
107154856.658987 343309915752.891 -350657559148.571 19460.1031543236 -10806.3184389518 -22756327.2720684 128467.261991581
107284245.56016 345806729935.426 -352042580984.904 19410.7986817145 -10756.0418722466 -22756327.2720829 129388.901173169
107414579.694474 348315084412.933 -353431052071.902 19361.6069999402 -10706.0454705189 -22756327.2720974 130334.134313997
107545859.954453 350835358905.031 -354823167942.458 19312.5214151041 -10656.3205063854 -22756327.2721117 131280.259979166
107678090.100976 353367491791.492 -356218879469.656 19263.5439189573 -10606.8671184898 -22756327.272126 132230.146523245
107811256.153701 355911476998.213 -357618168461.143 19214.675381333 -10557.6843127976 -22756327.27214 133166.052724556
107945390.490317 358466968295.659 -359020830368.618 19165.9231106999 -10508.77755319 -22756327.2721539 134134.336616109
108080493.288297 361034509019.366 -360427149089.49 19117.2774139087 -10460.1352566173 -22756327.2721677 135102.797980303
108216558.869398 363614022795.739 -361837067777.195 19068.7404777891 -10411.7578073032 -22756327.2721813 136065.581100927
108353596.004683 366205322453.01 -363250469688.317 19020.316488287 -10363.6475640755 -22756327.2721947 137037.135285021
108491637.615179 368808496660.986 -364667389036.485 18972.004409852 -10315.8016894267 -22756327.2722081 138041.610495134
108630658.886218 371424090013.486 -366088107138.038 18923.7948547247 -10268.2091463081 -22756327.2722213 139021.271039057
108770677.789427 374051551579.239 -367512309766.381 18875.6986717029 -10220.8789166934 -22756327.2722344 140018.903209526
108911702.857627 376691141387.856 -368940123507.243 18827.7117162964 -10173.8051812164 -22756327.2722473 141025.06819959
109053727.354355 379342939379.351 -370371576786.318 18779.8331916054 -10126.9854587123 -22756327.27226 142024.496728076
109196759.477205 382006738459.337 -371806543329.196 18732.0674465059 -10080.4223041358 -22756327.2722728 143032.122850675
109340797.396374 384682612476.258 -373245048772.426 18684.4137195225 -10034.1132789477 -22756327.2722853 144037.919168262
109485884.55333 387370447458.199 -374687017881.066 18636.8745741657 -9988.05918780388 -22756327.2722977 145087.156956727
109631988.019104 390070971969.326 -376132826649.417 18589.4377484129 -9942.2465264599 -22756327.2723099 146103.465773635
109779115.464834 392783490898.925 -377582088123.74 18542.1160604757 -9896.68606348942 -22756327.272322 147127.445730057
109927316.290919 395508066894.425 -379034822123.739 18494.9088900036 -9851.37555325334 -22756327.272334 148200.826084775
110076566.923193 398245531591.537 -380491457075.472 18447.8024387666 -9806.30018411154 -22756327.272346 149250.632273861
110226848.452209 400995365172.121 -381951700988.799 18400.8062962776 -9761.46759888214 -22756327.2723577 150281.52901643
110378221.319896 403757138508.499 -383415312248.129 18353.9282525067 -9716.88363556445 -22756327.2723693 151372.867686874
110530666.371143 406531879344.133 -384882820920.401 18307.1514024789 -9672.53067864634 -22756327.2723808 152445.051246844
110684174.682961 409319151280.734 -386353980776.799 18260.4837245362 -9628.41480921191 -22756327.2723922 153508.311818144
110838753.178727 412118708512.665 -387828647859.911 18213.9298169961 -9584.53885143264 -22756327.2724034 154578.495765489
110994436.146785 414930595423.91 -389306831760.791 18167.4893704281 -9540.90098804513 -22756327.2724146 155682.968058152
111151225.46784 417755351635.148 -390788801547.109 18121.1539806058 -9497.49184828564 -22756327.2724257 156789.321055538
111309111.540396 420592925298.552 -392274514753.114 18074.925067825 -9454.31133288387 -22756327.2724367 157886.072555269
111468117.59295 423443057866.217 -393763821345.196 18028.8073416758 -9411.36239955694 -22756327.2724475 159006.052554848
111628221.988951 426306083588.581 -395256881314.266 17982.7958836199 -9368.6390413466 -22756327.2724582 160104.396000379
111789471.08286 429181528358.8 -396753433073.465 17936.8987606734 -9326.14732347723 -22756327.2724688 161249.093909518
111951825.835574 432070139127.618 -398253850724.997 17891.104522941 -9283.8752478583 -22756327.2724793 162354.752713857
112115337.993165 434971131134.421 -399757712154.071 17845.4260594173 -9241.83332223475 -22756327.2724897 163512.157590554
112279967.613083 437885343368.869 -401265437825.811 17799.8505968199 -9200.00841310256 -22756327.2724999 164629.619918618
112445761.735106 440811978177.954 -402776600635.718 17754.3910354486 -9158.41099487183 -22756327.27251 165794.122022449
112612696.749875 443751786202.135 -404291573933.187 17709.036115122 -9117.02940612025 -22756327.2725201 166935.014769047
112780807.8232 446704262282.519 -405810082880.484 17663.7940498407 -9075.86980843826 -22756327.27253 168111.073324722
112950083.122269 449669941735.683 -407332388347.97 17618.6570434454 -9034.92378723282 -22756327.2725399 169275.299069854
113120540.553244 452648528263.577 -408858323534.251 17573.63003151 -8994.19452154858 -22756327.2725496 170457.43097436
113292185.387499 455640249655.63 -410387990636.89 17528.7099678002 -8953.67796244219 -22756327.2725593 171644.834254945
113465035.631077 458645110251.597 -411921377131.668 17483.8972021368 -8913.37315444409 -22756327.2725688 172850.243577894
113639078.549824 461663336204.993 -413458583444.174 17439.1887936848 -8873.27620323397 -22756327.2725782 174042.918747612
113814318.84903 464694616418.824 -414999436381.345 17394.5897519738 -8833.39035599059 -22756327.2725876 175240.299205842
113990805.674822 467738945322.069 -416543918936.061 17350.100495609 -8793.71473235826 -22756327.2725969 176486.825792169
114168462.757515 470797086261.505 -418092403186.363 17305.710300967 -8754.23856444593 -22756327.2726061 177657.082693081
114347375.523685 473867629695.528 -419644161274.296 17261.4399480287 -8714.97910087573 -22756327.2726152 178912.766169941
114527511.850796 476951964227.186 -421199880951.529 17217.2697162145 -8675.91762932716 -22756327.2726241 180136.327111244
114708903.230993 480049445357.907 -422759222140.596 17173.2092274309 -8637.06148343962 -22756327.272633 181391.380196829
114891553.790066 483160524610.632 -424322397537.758 17129.252406083 -8598.40412733929 -22756327.2726418 182650.559072514
115075448.791316 486285181097.791 -425889381514.359 17085.3999394564 -8559.94501774553 -22756327.2726505 183895.0012506
115260624.614998 489423072457.441 -427459987872.654 17041.6569564051 -8521.6874941638 -22756327.2726591 185175.823681333
115447066.08836 492574728482.12 -429034467113.65 16998.0164056606 -8483.6242481821 -22756327.2726677 186441.473361884
115634776.411207 495739799257.841 -430612629595.356 16954.483475869 -8445.75868075145 -22756327.2726761 187710.322847318
115823768.694218 498918248908.751 -432194443245.196 16911.0589345283 -8408.09032355783 -22756327.2726845 188992.283010713
116014065.033263 502110208869.015 -433779959249.068 16867.7412580937 -8370.61673178823 -22756327.2726927 190296.339045287
116205644.733639 505315960167.723 -435369302487.028 16824.5269460377 -8333.33378145008 -22756327.272701 191579.700375598
116398548.932647 508535062632.135 -436962240338.676 16781.4222085534 -8296.24573472437 -22756327.272709 192904.199008924
116592756.526853 511768115324.922 -438559054724.975 16738.4193067499 -8259.34485206406 -22756327.272717 194207.594205184
116788304.509795 515014671798.034 -440159510505.614 16695.5244672572 -8222.63541028609 -22756327.272725 195547.982942537
116985210.674093 518275257401.451 -441763852011.493 16652.7310326176 -8186.11065624355 -22756327.2727329 196906.164297449
117183422.261709 521550072936.29 -443372162480.269 16610.0367314998 -8149.76763514309 -22756327.2727406 198211.587616216
117382976.157216 524838148044.38 -444983950954.928 16567.4544630498 -8113.61628361398 -22756327.2727483 199553.895507295
117583905.591479 528140003398.215 -446599458980.216 16524.9776602062 -8077.64997019654 -22756327.2727559 200929.434263123
117786212.293452 531456093883.776 -448218894181.121 16482.6007589054 -8041.86297715327 -22756327.2727635 202306.701972648
117989857.341218 534786351574.229 -449842208011.725 16440.3249497087 -8006.25532645793 -22756327.2727709 203645.047766512
118194914.534828 538130042377.228 -451469028461.237 16398.1597579556 -7970.83403024446 -22756327.2727783 205057.193609399
118401348.357488 541488283163.672 -453099884315.145 16356.0913401019 -7935.58647094536 -22756327.2727857 206433.822660094
118609171.99778 544860395703.962 -454734431090.598 16314.1284740629 -7900.5190399849 -22756327.2727929 207823.640292471
118818402.660696 548246501000.807 -456372713173.2 16272.2698526395 -7865.62966524097 -22756327.2728001 209230.662916114
119029040.758983 551646783755.646 -458014805335.89 16230.5134155274 -7830.91566872758 -22756327.2728072 210638.098286847
119241103.40658 555061154674.089 -459660649827.543 16188.8604805628 -7796.3771955989 -22756327.2728142 212062.647596573
119454586.862296 558489794797.815 -461310319255.854 16147.3090581881 -7762.01165560418 -22756327.2728211 213483.455716513
119669508.150857 561932547163.606 -462963723495.419 16105.8612594452 -7727.81986146463 -22756327.272828 214921.288560117
119885884.375692 565389589750.755 -464620933479.776 16064.515139892 -7693.79928292487 -22756327.2728348 216376.224835086
120103711.439739 568861099714.823 -466282019208.556 16023.2688081423 -7659.9474570637 -22756327.2728416 217827.064047737
120323006.341362 572346913298.499 -467946887473.453 15982.124425757 -7626.26525771256 -22756327.2728482 219294.901623138
120543764.646579 575847204438.913 -469615606573.15 15941.080143783 -7592.7502772458 -22756327.2728549 220758.305216985
120766024.856292 579361804244.205 -471288081295.674 15900.1381347036 -7559.4034017395 -22756327.2728614 222260.209712707
120989745.919273 582891226202.837 -472964540935.666 15859.2926357093 -7526.21906764982 -22756327.2728679 223721.062980864
121214944.278037 586434719862.226 -474644614370.256 15818.552511123 -7493.20360426634 -22756327.2728744 225198.358764138
121441695.575194 589992449327.035 -476328365591.31 15777.9159752116 -7460.35467730314 -22756327.2728807 226751.297156881
121669935.566288 593565508414.076 -478016296906.765 15737.370764909 -7427.66153624934 -22756327.272887 228239.991093905
121899718.408704 597152783637.094 -479707867053.977 15696.9297314853 -7395.1337108254 -22756327.2728932 229782.842416197
122131000.660854 600755026418.455 -481403415672.845 15656.584566968 -7362.76367869971 -22756327.2728994 231282.25215
122363820.890291 604371456054.454 -483102560720.148 15616.3441638017 -7330.55773934748 -22756327.2729055 232820.229436568
122598173.075784 608002576967.332 -484805525058.186 15576.2030160696 -7298.51064736174 -22756327.2729115 234352.18549331
122834073.477985 611648195393.582 -486512203361.889 15536.1633954477 -7266.62339361683 -22756327.2729175 235900.402200945
123071577.874591 615308464566.106 -488222653047.413 15496.223733178 -7234.89391027401 -22756327.2729235 237504.396606292
123310640.525457 618984146659.147 -489937214886.792 15456.3759130705 -7203.31496559198 -22756327.2729293 239062.650865449
123551317.675244 622674430664.395 -491655495328.738 15416.6289107553 -7171.89289216952 -22756327.2729352 240677.149786797
123793562.483439 626380081823.828 -493377835583.533 15376.9746507415 -7140.6205286467 -22756327.2729409 242244.808195392
124037454.905757 630100276167.129 -495103837730.895 15337.422099847 -7109.504172548 -22756327.2729466 243892.422318554
124282859.456335 633836137617.465 -496834007981.735 15297.9594775575 -7078.53379588429 -22756327.2729523 245404.550577191
124529944.257243 637585490917.841 -498567325065.592 15258.6098122 -7047.72668496641 -22756327.2729579 247084.800908331
124778637.105009 641350803590.844 -500304915574.914 15219.3472768511 -7017.06184704851 -22756327.2729634 248692.847766201
125028930.010885 645130869342.428 -502046207215.88 15180.1846377959 -6986.54852284046 -22756327.2729689 250292.905875461
125280886.004056 648925466244.107 -503791083975.554 15141.1242275988 -6956.18776276138 -22756327.2729743 251955.993171769
125534540.099952 652735446890.691 -505539923423.285 15102.1573564127 -6925.97206881166 -22756327.2729796 253654.095895831
125789817.254927 656561232843.757 -507292903100.655 15063.2799147772 -6895.89755181831 -22756327.272985 255277.154974927
126046756.794526 660401587429.263 -509049441475.395 15024.504580881 -6865.97329814658 -22756327.2729902 256939.539598515
126305418.18954 664257000295.892 -510809748606.659 14985.8264390545 -6836.19477698333 -22756327.2729954 258661.395014371
126565724.31907 668128256886.903 -512574167740.089 14947.2377515848 -6806.55533373519 -22756327.2730006 260306.129529606
126827714.570837 672014097845.108 -514342110168.997 14908.7511582666 -6777.06397132454 -22756327.2730057 261990.251767623
127091494.340192 675915008979.089 -516113783204.289 14870.3618506809 -6747.71628353308 -22756327.2730107 263779.769355152
127357009.779237 679832449842.038 -517889833750.053 14832.0556428746 -6718.50076018298 -22756327.2730158 265515.43904454
127624180.735398 683765508826.696 -519669831955.171 14793.8416672145 -6689.4237192842 -22756327.2730207 267170.956160949
127893117.715502 687712895215.008 -521453179826.576 14755.7324671273 -6660.4940048749 -22756327.2730257 268936.980103872
128163811.001419 691676137337.791 -523240553772.538 14717.7133034693 -6631.69973859249 -22756327.2730305 270693.285916872
128436203.47766 695654982625.705 -525031824383.259 14679.7867233328 -6603.0421971131 -22756327.2730353 272392.476241616
128710382.049764 699648486788.736 -526826552524.818 14641.9617335941 -6574.52750798219 -22756327.27304 274178.572103608
128986384.016919 703657818262.67 -528625249095.64 14604.2272847438 -6546.14667342261 -22756327.2730448 276001.967155608
129264151.015842 707683410556.67 -530428092557.179 14566.5794490839 -6517.89611492066 -22756327.2730494 277766.998922674
129543720.165646 711724302492.487 -532234637121.004 14529.0273112074 -6489.78201605155 -22756327.2730541 279569.149804072
129825132.237424 715780926141.753 -534045061314.23 14491.5668952285 -6461.80075799693 -22756327.2730587 281412.071777321
130108326.895884 719853761592.846 -535859563765.643 14454.19387833 -6433.94849528691 -22756327.2730632 283194.658460582
130393318.128527 723941826007.669 -537677691634.037 14416.9173368377 -6406.23136768651 -22756327.2730678 284991.232642628
130680220.125585 728045215078.155 -539499473599.795 14379.7363706452 -6378.64806510588 -22756327.2730722 286901.997057827
130968894.300855 732165460369.288 -541325573943.249 14342.6372059526 -6351.18776980771 -22756327.2730766 288674.175270297
131259431.329518 736300461197.069 -543155046671.769 14305.638804375 -6323.86390861497 -22756327.2730809 290537.028663038
131551845.391911 740451409445.728 -544988405264.531 14268.7304628254 -6296.66795229093 -22756327.2730853 292414.062392839
131846096.934739 744618395736.6 -546825674488.392 14231.911437118 -6269.59876037423 -22756327.2730895 294251.542827918
132142305.52057 748800746653.363 -548666542900.45 14195.18768234 -6242.66011002981 -22756327.2730938 296208.585831375
132440379.061183 753000048233.874 -550511693101.261 14158.5453439509 -6215.84126073869 -22756327.273098 298073.540612662
132740383.81603 757214880887.2 -552360485711.478 14121.9968863676 -6189.15076507729 -22756327.2731021 300004.754847531
133042280.329694 761446069707.615 -554213267773.926 14085.5351750252 -6162.58283334244 -22756327.2731062 301896.51366395
133346135.558606 765692945733.524 -556069731370.126 14049.1659997668 -6136.14111197611 -22756327.2731103 303855.228911852
133651798.633036 769956337687.14 -557930223662.292 14012.8822934984 -6109.81989744643 -22756327.2731143 305663.07443012
133959501.576433 774234020903.55 -559793760355.87 13976.7029011687 -6083.63227041626 -22756327.2731183 307702.943396628
134269147.799432 778529131090.289 -561661693060.655 13940.60127857 -6057.55844974176 -22756327.2731222 309646.222999064
134580805.720409 782840202050.251 -563533367893.765 13904.5898502066 -6031.60687852132 -22756327.2731261 311657.92097671
134894432.501673 787168070764.419 -565409132767.542 13868.6616674253 -6005.77200931865 -22756327.27313 313626.781264661
135209984.329978 791512026226.811 -567288663977.327 13832.8226775909 -5980.05758468466 -22756327.2731339 315551.828304325
135527644.06473 795871350935.9 -569171637174.152 13797.0787282815 -5954.46724200436 -22756327.2731377 317659.734752518
135847253.907708 800248453787.864 -571059077153.717 13761.4101175206 -5928.98635366038 -22756327.2731414 319609.8429775
136168941.006445 804641042631.024 -572949979748.285 13725.8355750002 -5903.62778313295 -22756327.2731452 321687.098737254
136492544.939187 809050749596.432 -574845032566.31 13690.3418759637 -5878.38157730591 -22756327.2731489 323603.932741798
136818251.249832 813475262857.036 -576743227923.581 13654.9475649971 -5853.26039176857 -22756327.2731525 325706.310645038
137146015.169725 817917006022.003 -578645591342.356 13619.6331924076 -5828.24989258063 -22756327.2731561 327763.919893518
137475907.752344 822375248660.725 -580551793948.537 13584.4046216957 -5803.35373738629 -22756327.2731597 329892.58261888
137807822.991285 826850836795.401 -582462181377.306 13549.2552242442 -5778.56675149545 -22756327.2731633 331915.238940962
138141832.493806 831342214489.881 -584376074214.263 13514.1972177957 -5753.89705096223 -22756327.2731668 334009.502520573
138477948.181015 835850235592.698 -586293821853.983 13479.2238783026 -5729.33939516169 -22756327.2731702 336115.687209153
138816183.334013 840374942320.599 -588215426893.199 13444.3348766686 -5704.8930630141 -22756327.2731737 338235.152998746
139156548.044682 844916394301.823 -590140899241.404 13409.5297519193 -5680.55724634035 -22756327.2731771 340364.710668433
139499055.720899 849474607500.904 -592070230229.586 13374.8083790444 -5656.33137686608 -22756327.2731805 342507.676216718
139843717.86654 854049641558.618 -594003429640.321 13340.1702996219 -5632.21465813604 -22756327.2731839 344662.145641871
140190484.903146 858641529767.898 -595940496038.064 13305.6152572281 -5608.20643952169 -22756327.2731872 346767.036605361
140539428.504904 863249494044.533 -597881086533.331 13271.1490454043 -5584.31026495843 -22756327.2731905 348943.601757932
140890436.779828 867874368958.884 -599825537930.186 13236.7653579917 -5560.52128501403 -22756327.2731938 351008.274924512
141243772.081937 872514556534.668 -601773164574.536 13202.475954634 -5536.8471497224 -22756327.273197 353335.302108494
141599257.39666 877173403121.624 -603725355429.064 13168.2560977933 -5513.27032467214 -22756327.2732002 355485.31472356
141956965.058743 881848449313.919 -605681063449.738 13134.1238961048 -5489.8028483701 -22756327.2732034 357707.662082335
142316908.961382 886540527220.818 -607640622014.309 13100.0732037354 -5466.44003421243 -22756327.2732065 359943.902638883
142679099.603656 891249696338.762 -609604040369.839 13066.1035711772 -5443.18112960953 -22756327.2732096 362190.642274324
143043547.273719 895975970898.38 -611571308825.008 13032.2148766629 -5420.0256108891 -22756327.2732127 364447.670063363
143410198.503906 900719361821.572 -613542416327.583 12998.4070182739 -5396.97297121621 -22756327.2732157 366651.230186708
143779130.540777 905479052921.809 -615517008999.88 12964.6857322904 -5374.02667556124 -22756327.2732188 368932.036870985
144150353.292435 910255926332.731 -617495438068.456 12931.0446868763 -5351.18197277836 -22756327.2732217 371222.751658434
144523945.577878 915049986145.048 -619477689626.241 12897.4838219047 -5328.43839551012 -22756327.2732247 373592.285442644
144899783.378432 919862122448.857 -621464115237.879 12863.996924958 -5305.79132272526 -22756327.2732277 375837.800553591
145277810.233348 924690613131.841 -623453988459.043 12830.5959407874 -5283.24841218512 -22756327.2732306 378026.854916444
145658240.290892 929534618058.852 -625446950167.919 12797.2864783439 -5260.81299534417 -22756327.2732334 380430.057544344
146040946.689305 934396759492.173 -627444064562.868 12764.0504085162 -5238.4724356984 -22756327.2732363 382706.398412369
146426009.109566 939275290725.509 -629444598661.06 12730.899622836 -5216.23431604038 -22756327.273239 385062.420261278
146813502.685376 944171105371.668 -631448904293.939 12697.8279435321 -5194.0940725217 -22756327.2732419 387493.575810222
147203436.641532 949085029764.418 -633457303442.768 12664.8297814927 -5172.04757003219 -22756327.2732446 389933.956155776
147595686.137653 954017048649.589 -635469772788.508 12631.9052743091 -5150.0945203305 -22756327.2732474 392249.496121376
147990399.514443 958965457356.996 -637485601456.632 12599.0657292744 -5128.2420617871 -22756327.2732501 394713.376789401
148387517.924653 963932001344.799 -639505485199.667 12566.2994874404 -5106.48203816623 -22756327.2732528 397118.410210125
148787056.022426 968915810691.091 -641529054090.654 12533.6122588756 -5084.81785766539 -22756327.2732555 399538.097772549
149189089.87097 973916942884.358 -643556316200.922 12501.0035849676 -5063.24882423031 -22756327.2732581 402033.848544395
149593483.223208 978936220044.687 -645587588677.832 12468.4680692708 -5041.77099006789 -22756327.2732607 404393.352237729
150000395.225168 983971814987.373 -647622117007.853 12436.0174576447 -5020.3917203978 -22756327.2732633 406912.001960545
150409756.742829 989025583016.508 -649660635740.015 12403.6396927069 -4999.10268567083 -22756327.2732659 409361.517661033
150821574.361178 994096535571.238 -651702730250.495 12371.3410509646 -4977.90764045969 -22756327.2732684 411817.618348933
151235862.816409 999184628202.643 -653748367833.395 12339.121696233 -4956.80630948063 -22756327.2732709 414288.455230464
151652777.309813 1004289916790.54 -655797556174.063 12306.9811519909 -4935.79800063918 -22756327.2732735 416914.493404873
152072255.128021 1009414180378.66 -657850992802.005 12274.9081918934 -4914.87502060886 -22756327.273276 419477.818207331
152494232.215311 1014556511097.2 -659908296539.915 12242.9085143534 -4894.04074400175 -22756327.2732784 421977.087290607
152918714.242689 1019715993617.95 -661969085657.998 12210.9877270256 -4873.29845931878 -22756327.2732808 424482.027378046
153345716.079979 1024892570876.44 -664033322821.782 12179.146038192 -4852.64793032921 -22756327.2732833 427001.837289063
153775396.442785 1030086297687.25 -666101015382.246 12147.3829622979 -4832.08847316968 -22756327.2732856 429680.362806361
154207689.98818 1035298970627.41 -668172862301.59 12115.6874578507 -4811.61259577572 -22756327.273288 432293.545394908
154642447.420544 1040529659520.32 -670248476783.551 12084.0651674386 -4791.22361022183 -22756327.2732903 434757.432364233
155079911.565829 1045776431517.73 -672327077581.193 12052.5276086589 -4770.92857921484 -22756327.2732926 437464.145285333
155520004.572022 1051042087170.24 -674409759109.114 12021.0578216396 -4750.71623741821 -22756327.2732949 440093.00619289
155962742.236782 1056325552534.35 -676496079887.139 11989.6621837883 -4730.5903511619 -22756327.2732972 442737.664760085
156408055.486567 1061626884237.97 -678586046584.621 11958.3402609569 -4710.55030316701 -22756327.2732994 445313.249784284
156856193.370439 1066945125551.4 -680679267233.349 11927.0975587765 -4690.59926952024 -22756327.2733017 448137.883871908
157306840.668117 1072283113605.53 -682776841939.95 11895.9173538511 -4670.72624691587 -22756327.2733039 450647.297678579
157760247.73599 1077636960445.55 -684877227395.323 11864.8222439059 -4650.94530524765 -22756327.2733061 453407.067872538
158216506.788475 1083009511110.96 -686981525250.736 11833.7955365569 -4631.24548376773 -22756327.2733082 456259.052485161
158675459.556704 1088401713931.02 -689090088852.331 11802.8317702156 -4611.62301474107 -22756327.2733104 458952.76822927
159137109.122688 1093811558082.42 -691202114847.979 11771.9424497422 -4592.08487971832 -22756327.2733125 461649.565984271
159601547.510607 1099238947644.71 -693317550788.29 11741.127974167 -4572.63100194198 -22756327.2733146 464438.387918197
160068535.480489 1104684828744.24 -695436749664.022 11710.3828607782 -4553.2576017538 -22756327.2733167 466987.969882089
160538421.569126 1110146268021.94 -697558556120.479 11679.7234610763 -4533.97464675016 -22756327.2733188 469886.088637709
161011195.912475 1115627209391.62 -699684487591.605 11649.1274708328 -4514.76778525918 -22756327.2733208 472774.343349057
161486615.128225 1121127390898.74 -701814424217.476 11618.5963589877 -4495.637654396 -22756327.2733229 475419.21574911
161964956.609227 1126643846693.75 -703947202296.412 11588.1464398661 -4476.59416145267 -22756327.2733249 478341.481002235
162446130.552033 1132179660439.21 -706083998773.231 11557.7605452703 -4457.62625757744 -22756327.2733269 481173.942805947
162930420.147937 1137733650156.61 -708224340384.856 11527.4451009621 -4438.73766259554 -22756327.2733289 484289.59590423
163417388.975608 1143308934066.9 -710369409995.697 11497.1831085113 -4419.91751383529 -22756327.2733308 486968.827670694
163907131.131238 1148900345298.5 -712517202811.226 11467.0025373973 -4401.18291657642 -22756327.2733328 489742.155630444
164399821.814557 1154508838032.5 -714668072453.108 11436.8979676143 -4382.53017965746 -22756327.2733347 492690.683319216
164895398.602556 1160136281104.39 -716822720108.562 11406.8592231332 -4363.95269993901 -22756327.2733366 495576.787998888
165393959.046066 1165781819800.42 -718980802086.106 11376.8907639131 -4345.45294895098 -22756327.2733385 498560.4435093
165895683.320066 1171446423022.57 -721142672244.23 11346.9873456926 -4327.02740541596 -22756327.2733404 501724.27399999
166400313.451617 1177131983997.78 -723309033984.132 11317.1389947181 -4308.66966719359 -22756327.2733422 504630.13155144
166907668.892586 1182835429889.75 -725478698446.234 11287.3618075283 -4290.38936844435 -22756327.2733441 507355.440968709
167417846.185614 1188554591140.64 -727650827143.074 11257.6668454646 -4272.19298941193 -22756327.2733459 510177.293028159
167931025.529641 1194290431664.31 -729825774127.539 11228.0487851812 -4254.07694969761 -22756327.2733477 513179.344027408
168447307.297517 1200044841594.5 -732004241455.482 11198.4976689834 -4236.03486755691 -22756327.2733495 516281.767875418
168966710.244932 1205818799080.9 -734186582158.884 11169.0083950402 -4218.06336369626 -22756327.2733512 519402.947415458
169489132.187461 1211612362194.29 -736372799991.211 11139.5806279046 -4200.16197959759 -22756327.273353 522421.942528776
170014590.672811 1217424244081.36 -738562392306.124 11110.2208100019 -4182.33437130809 -22756327.2733547 525458.485350553
170543187.633101 1223254497558.61 -740755363099.663 11080.9285261231 -4164.58001504839 -22756327.2733565 528596.960289871
171074609.042707 1229104106890.03 -742952065759.876 11051.6987225667 -4146.89558639938 -22756327.2733582 531421.409605766
171609164.592462 1234969460448.19 -745151129586.017 11022.5492279961 -4129.29159099124 -22756327.2733598 534555.549755317
172146958.072124 1240853840889.45 -747353771209.954 10993.4634948216 -4111.75775372354 -22756327.2733615 537793.479661709
172687796.06764 1246758238145.14 -749560343206.976 10964.4365664948 -4094.29084138097 -22756327.2733632 540837.995515846
173231781.725949 1252680380990.84 -751769979982.973 10935.4794907973 -4076.89724801331 -22756327.2733648 543985.658308723
173778933.366364 1258621255992.41 -753983034016.306 10906.587271984 -4059.57371033456 -22756327.2733664 547151.64041559
174329139.055899 1264580915975.38 -756199508436.328 10877.7595200439 -4042.31974195494 -22756327.273368 550205.689534827
174882721.652498 1270557999473.97 -758418881536.492 10849.0026339624 -4025.13891184386 -22756327.2733696 553582.596599194
175439174.636789 1276555863366.06 -760642382632.353 10820.3003514743 -4008.02126015291 -22756327.2733712 556452.984290692
175999219.476074 1282568878062.27 -762867909654.158 10791.6794112818 -3990.98247407713 -22756327.2733727 560044.839284831
176562567.356547 1288604689800.66 -765098275730.692 10763.1032916593 -3974.00056859408 -22756327.2733743 563347.880473354
177128789.608445 1294660018389.59 -767332247982.106 10734.5875587875 -3957.0845858194 -22756327.2733758 566222.25189823
177698393.082461 1300730120249.4 -769568062775.515 10706.1542811271 -3940.24735040425 -22756327.2733774 569603.474015194
178271397.969715 1306820290685.77 -771807656456.571 10677.778404003 -3923.47376506257 -22756327.2733789 573004.887254931
178847595.619066 1312930585724.23 -774051030784.516 10649.4596133622 -3906.76342435316 -22756327.2733804 576197.649350214
179426863.602677 1319058629498.37 -776297296696.501 10621.2087786052 -3890.12250686135 -22756327.2733819 579267.983611424
180009631.033452 1325202984007.04 -778545913700.74 10593.0322456073 -3873.55448974103 -22756327.2733833 582767.430775352
180595827.940154 1331368052886.56 -780798477364.282 10564.9096436782 -3857.04715697696 -22756327.2733848 586196.906701324
181185330.989697 1337552933677.43 -783054638852.686 10536.8450372762 -3840.60268268292 -22756327.2733862 589503.049542789
181778487.450912 1343756171979.83 -785313850612.672 10508.8448859543 -3824.22462499998 -22756327.2733877 593156.461215486
182374989.306765 1349981260474.13 -787577365879.533 10480.8933541949 -3807.90350982842 -22756327.2733891 596501.855852848
182974708.824944 1356224804309.56 -789843931372.117 10453.0056156667 -3791.64798770352 -22756327.2733905 599719.518178851
183577756.238607 1362485323455.44 -792112995218.644 10425.1880375218 -3775.46152869669 -22756327.2733919 603047.413663516
184184093.709951 1368763827209.08 -794384909055.692 10397.4358741924 -3759.34112886784 -22756327.2733932 606337.471343602
184794322.315844 1375059778062.62 -796659463789.836 10369.7512564756 -3743.28778845598 -22756327.2733946 610228.605892752
185407540.978297 1381379251321.09 -798938834828.325 10342.1074132819 -3727.28578448944 -22756327.273396 613218.662453699
186024388.403602 1387712762841.93 -801219584877.423 10314.5456569263 -3711.35881095108 -22756327.2733973 616847.425304171
186644886.065205 1394066768544.25 -803504024953.425 10287.0376131035 -3695.49023276453 -22756327.2733986 620497.661603889
187268709.528632 1400441322431.71 -805792154982.507 10259.5829864033 -3679.67968475024 -22756327.2734 623823.463426915
187896224.509536 1406832937746.8 -808082706899.115 10232.1966150992 -3663.93549649883 -22756327.2734013 627514.980903371
188527199.045431 1413245207080.54 -810376951578.99 10204.8629284903 -3648.24850311944 -22756327.2734026 630974.535894989
189161845.431484 1419675601076 -812673966521.845 10177.5925647015 -3632.62460472759 -22756327.2734039 634646.386052935
189800185.035409 1426126126005.28 -814974451322.926 10150.3768522491 -3617.05862603664 -22756327.2734051 638339.603925131
190441980.624816 1432596833188.07 -817278405432.245 10123.215476278 -3601.55019386611 -22756327.2734064 641795.58940688
191087348.681711 1439085161749.18 -819584900339.528 10096.1190048468 -3586.10513510652 -22756327.2734077 645368.056894885
191736407.364464 1445592139031.24 -821894285877.714 10069.0829155474 -3570.72065691877 -22756327.2734089 649058.682753571
192389177.778427 1452118797532.63 -824206911335.561 10042.1027507963 -3555.39402170232 -22756327.2734101 652770.413963045
193045416.033725 1458665185952.2 -826522775877.904 10015.1781740218 -3540.12484498583 -22756327.2734113 656238.255297866
193705606.801095 1465228704828.98 -828840944006.713 9988.31965970576 -3524.91885995032 -22756327.2734126 660190.767369704
194369136.644522 1471814039383.35 -831163052789.975 9961.50788195986 -3509.76493180239 -22756327.2734138 663529.8434269
195036593.396869 1478414914425.58 -833486873127.132 9934.76818613679 -3494.67718452666 -22756327.2734149 667456.752347653
195707899.296396 1485037023556.33 -835814393570.615 9908.0772846505 -3479.64227501017 -22756327.2734161 671305.899526646
196382802.895897 1491679421541.76 -838145261955.497 9881.43890766281 -3464.66212989622 -22756327.2734173 674903.599501135
197061802.79763 1498339460786.54 -840478532343.51 9854.86348237675 -3449.74241911859 -22756327.2734184 678999.901732704
197744543.924735 1505021893098 -842815850796.86 9828.33191843412 -3434.87224435566 -22756327.2734196 682741.127104838
198430870.843061 1511723050741.18 -845155914833.685 9801.858679215 -3420.05953839793 -22756327.2734207 686326.91832632
199121289.246092 1518441256155.44 -847498123567.038 9775.45013298078 -3405.30766255471 -22756327.2734219 690418.403031012
199815437.210192 1525181294494.38 -849844127539.392 9749.08730117735 -3390.60583187242 -22756327.273423 694147.964099913
200513154.777398 1531939462929.08 -852192619237.641 9722.78452870959 -3375.96186987488 -22756327.2734241 697717.567206513
201214954.649548 1538714056037.06 -854542991921.047 9696.5481567048 -3361.37910279375 -22756327.2734251 701799.87214962
201920468.053963 1545509890925.74 -856896900078.579 9670.35932244654 -3346.84686032844 -22756327.2734262 705513.404415177
202629924.745186 1552323230827.98 -859253031697.004 9644.23224917088 -3332.37285622008 -22756327.2734273 709456.69122246
203343638.514154 1559156135189.16 -861612082667.019 9618.15881353225 -3317.95240386427 -22756327.2734284 713713.768968799
204060942.537009 1566011446524.34 -863975013917.498 9592.12807968799 -3303.57929543228 -22756327.2734294 717304.02285422
204782362.471879 1572882594996.64 -866339543595.138 9566.16479926729 -3289.2670200633 -22756327.2734305 721419.934870105
205507731.991219 1579774457527.14 -868707334054.25 9540.25030082475 -3275.00509986679 -22756327.2734315 725369.519340425
206237072.717966 1586685273681.8 -871077761913.704 9514.39104585924 -3260.79692300554 -22756327.2734326 729340.72674731
206970514.305912 1593615084584.39 -873450824143.138 9488.5866739573 -3246.64211601128 -22756327.2734336 733441.587945629
207708079.812952 1600564952355.36 -875826866372.531 9462.83305254566 -3232.53824332753 -22756327.2734346 737565.507039868
208449488.483772 1607534920774.89 -878205884533.959 9437.12987032557 -3218.48497246833 -22756327.2734356 741408.670819509
209194978.571684 1614522172908.29 -880586900404.266 9411.48729070369 -3204.48768578771 -22756327.2734366 745490.087912111
209944682.166805 1621528792907.16 -882970608042.813 9385.89742019177 -3190.5418977234 -22756327.2734376 749703.595121067
210698623.083862 1628555847750.42 -885357351632.708 9360.35619976828 -3176.64523603087 -22756327.2734385 753940.917057125
211456825.272183 1635603381174.92 -887747126264.572 9334.86333594169 -3162.79738724901 -22756327.2734395 758202.188321032
212218999.302545 1642671436744 -890139926848.555 9309.4185370642 -3148.99804055703 -22756327.2734405 762174.030362539
212985593.149204 1649757147172.6 -892534765168.562 9284.03191675566 -3135.2525161079 -22756327.2734414 766593.846658177
213756109.494753 1656864502903.91 -894932971423.258 9258.68899724166 -3121.55281661325 -22756327.2734424 770516.34554937
214530568.409792 1663988721716.56 -897332914097.499 9233.4066289087 -3107.90789016397 -22756327.2734433 774458.915039379
215309537.140168 1671129836822.2 -899734590429.079 9208.18437131791 -3094.31731753245 -22756327.2734442 778968.730375659
216092605.003075 1678292905002.94 -902139682881.608 9183.00416959667 -3080.7712134446 -22756327.2734451 783067.86290718
216880347.104074 1685473971161.09 -904546844314.021 9157.87975945312 -3067.27681677583 -22756327.273446 787742.100998892
217671908.159151 1692678125451.62 -906957760857.364 9132.79319074049 -3053.82434198417 -22756327.2734469 791561.055076755
218467979.629819 1699897373716.4 -909369739450.399 9107.77208747504 -3040.42844590216 -22756327.2734478 796071.470668046
219267924.968383 1707137857105.53 -911784815612.767 9082.79490524024 -3027.07743045764 -22756327.2734487 799945.338564523
220072326.548967 1714393619717.99 -914200986284.601 9057.88193499512 -3013.78198051908 -22756327.2734496 804401.580584118
220881209.195884 1721669780535.05 -916619940284.42 9033.01532506983 -3000.53240537756 -22756327.2734505 808882.64691605
221694597.871732 1728966379039.84 -919041670631.063 9008.19478849805 -2987.32841216991 -22756327.2734513 813388.675848697
222512517.678173 1736283454497.9 -921466170148.056 8983.42004008931 -2974.16971047891 -22756327.2734522 817919.806440799
223334312.301687 1743621045953.6 -923893431462.14 8958.69079640682 -2961.05601230447 -22756327.273453 821794.623513899
224161040.329761 1750973103202.42 -926321437782.786 8934.02715520703 -2947.99781342273 -22756327.2734539 826728.028073948
224992147.819281 1758348920426.22 -928753240391.584 8909.39772004413 -2934.97834387634 -22756327.2734547 831107.489520182
225827777.248466 1765743361505.28 -931187124334.853 8884.81951959408 -2922.00647680051 -22756327.2734556 835629.429184886
226667953.220557 1773157516279 -933623430046.866 8860.28871491007 -2909.0800416003 -22756327.2734564 840175.972091154
227512469.537858 1780591420060.01 -936062149874.415 8835.80499774379 -2896.19873709505 -22756327.2734572 844516.317301158
228361348.622573 1788043073065.72 -938502610093.908 8811.37471797139 -2883.36575834998 -22756327.273458 848879.084714566
229214855.155704 1795512505488.91 -940944804476.642 8786.99749580781 -2870.58075333599 -22756327.2734588 853506.533131075
230073014.36261 1803001869090.19 -943389418601.597 8762.66607675086 -2857.83977481231 -22756327.2734596 858159.206905627
230935613.787726 1810511198385.83 -945836443935.536 8738.38016464658 -2845.1425350363 -22756327.2734604 862599.425116897
231802798.660426 1818038455251.26 -948285198119.91 8714.14612224564 -2832.49222100133 -22756327.2734612 867184.872699238
232674593.35625 1825584731376.55 -950736018821.143 8689.96018510281 -2819.88672539899 -22756327.2734619 871794.695824756
233551512.800416 1833150058057.24 -953188897750.875 8665.8220274383 -2807.32574173118 -22756327.2734627 876919.444165642
234433093.815211 1840738704397.26 -955645197042.587 8641.71789430271 -2794.80199313398 -22756327.2734635 881581.014795153
235319115.550024 1848346461955.9 -958103532380.264 8617.66101930276 -2782.32223736274 -22756327.2734643 886021.734812355
236209352.851138 1855971250350.82 -960563214486.439 8593.65771247025 -2769.8896065959 -22756327.273465 890237.30111425
237104826.314626 1863610974450.83 -963023553814.428 8569.71421364532 -2757.50717700834 -22756327.2734657 895473.463488113
238005062.693698 1871274207485.28 -965487292307.321 8545.80343395502 -2745.16080940596 -22756327.2734665 900236.379071989
238910087.321729 1878956695664.93 -967953039754.041 8521.93851573705 -2732.85717693909 -22756327.2734672 905024.628030648
239819671.480263 1886658468389.96 -970420786370.825 8498.11914878819 -2720.59599182316 -22756327.2734679 909584.158533993
240734221.563404 1894377400701.69 -972889833723.84 8474.35164305086 -2708.38036762136 -22756327.2734686 914550.083141604
241653507.134495 1902116757419.89 -975361207568.242 8450.62570690838 -2696.20488552702 -22756327.2734693 919285.57109137
242577681.248182 1909874399240.39 -977834205230.304 8426.94768249818 -2684.07267602138 -22756327.27347 924174.113686863
243506769.900575 1917651432253.57 -980309160553.02 8403.31395645797 -2671.98176078237 -22756327.2734707 929088.652392226
244441058.742041 1925447884337.31 -982786062662.15 8379.72422911162 -2659.93186467723 -22756327.2734714 934288.841466616
245379921.495077 1933265951618.03 -985265587637.842 8356.17168392943 -2647.91939271777 -22756327.2734721 938862.753035628
246323641.587423 1941100205554.11 -987745994746.283 8332.67243914263 -2635.95244215443 -22756327.2734728 943720.092346374
247271845.182251 1948952836356.14 -990227960946.354 8309.21962618744 -2624.02738131803 -22756327.2734735 948203.594827724
248225620.403405 1956820562600.54 -992710433416.279 8285.82272644328 -2612.14889483066 -22756327.2734741 953775.221153635
249184190.445659 1964712218133.19 -995196179213.333 8262.45525780465 -2600.30342171104 -22756327.2734748 958570.042254872
250147985.888686 1972621170745.2 -997683087185.271 8239.13668812374 -2588.50072303579 -22756327.2734754 963795.443026334
251116759.526943 1980550781383.19 -1000172194633.5 8215.85687465889 -2576.73554704774 -22756327.2734761 968773.6382569
252090259.285779 1988498819055.78 -1002662780736.39 8192.62215492452 -2565.01098341212 -22756327.2734767 973499.75883632
253069055.720711 1996463036949.19 -1005154124487.61 8169.43880115389 -2553.33006992186 -22756327.2734774 978796.434932455
254053177.650214 2004447913925.25 -1007647608116.97 8146.29352140417 -2541.68599067554 -22756327.273478 984121.929502774
255042100.576276 2012453476373.16 -1010143217296.02 8123.18606773847 -2530.0785180568 -22756327.2734786 988922.926061733
256035983.537087 2020475267114.78 -1012639543520.95 8100.12905251793 -2518.51387098141 -22756327.2734792 993882.96081108
257035259.627434 2028514399285.55 -1015136916780.99 8077.11896286009 -2506.99016098833 -22756327.2734798 999276.090346594
258039684.604009 2036574179585.7 -1017636344232.34 8054.14610087861 -2495.50242017018 -22756327.2734805 1004424.97657556
259049422.513062 2044652436067.23 -1020137131251.4 8031.21644424549 -2484.05353120152 -22756327.2734811 1009737.90905287
260064639.585714 2052750289886.39 -1022639604608.41 8008.32657844801 -2472.64168017286 -22756327.2734817 1015217.07265177
261084500.356912 2060868865613.56 -1025144089617.76 7985.4731317618 -2461.26508506294 -22756327.2734823 1019860.77119851
262109599.026027 2069001297474.08 -1027648450632.02 7962.67513756609 -2449.93310260133 -22756327.2734828 1025098.66911503
263140101.834257 2077152148197.91 -1030154076879.33 7939.91947200148 -2438.6390850432 -22756327.2734834 1030502.80822995
264176037.271269 2085322539106.89 -1032661292512.08 7917.20277054293 -2427.38125694357 -22756327.273484 1035935.43701171
265217433.976922 2093512489920.81 -1035170082019.6 7894.52476368556 -2416.15938356422 -22756327.2734846 1041396.70565283
266264016.815397 2101722019956.58 -1037680429637.04 7871.88518349157 -2404.97323207583 -22756327.2734851 1046582.83847501
267316401.206097 2109948762515.54 -1040191591796.61 7849.29030238204 -2393.82579512862 -22756327.2734857 1052384.39069991
268373577.153728 2118197346858.16 -1042704959757.88 7826.72718942474 -2382.71059425697 -22756327.2734863 1057175.94763147
269436899.901395 2126459662657.23 -1045218043217.41 7804.21775523591 -2371.63831486426 -22756327.2734868 1063322.74766714
270505206.950663 2134746097122.93 -1047733980569.42 7781.73346444504 -2360.59481978947 -22756327.2734874 1068307.04926761
271579725.520183 2143047380743.67 -1050249935388.55 7759.29925050225 -2349.59225901672 -22756327.2734879 1074518.56951952
272658965.880388 2151372838297.84 -1052768711685.66 7736.88969487452 -2338.61807073327 -22756327.2734885 1079240.36020503
273744163.107095 2159710725664.7 -1055286736124.86 7714.53615201669 -2327.68750779465 -22756327.273489 1085197.22670757
274834884.038666 2168070392657.23 -1057806813896.66 7692.21325967438 -2316.7880604995 -22756327.2734896 1090720.9315707
275930543.639477 2176448284528.35 -1060327850159.6 7669.93030733071 -2305.92417440991 -22756327.2734901 1095659.60081105
277032545.503612 2184839724651.45 -1062848420988 7647.69940054716 -2295.10163857136 -22756327.2734906 1102001.86413524
278140156.609004 2193255253597.65 -1065371670976.1 7625.49237434052 -2284.30664631919 -22756327.2734911 1107611.10539231
279253225.859171 2201689042927.93 -1067895827114.52 7603.32444183771 -2273.54651180918 -22756327.2734916 1113069.25016691
280371928.270755 2210139741915.75 -1070420465416.71 7581.19887442803 -2262.82272235322 -22756327.2734922 1118702.41158327
281496143.48344 2218608479274.33 -1072945903432.51 7559.11243495744 -2252.13360867916 -22756327.2734927 1124215.21268503
282626048.266436 2227094142930.49 -1075471789760.32 7537.06774254707 -2241.48033906379 -22756327.2734932 1129904.78299598
283760998.387561 2235597865311.4 -1077998441585.43 7515.06157485251 -2230.86125796414 -22756327.2734936 1134950.12112537
284902144.649764 2244114612392.16 -1080524346346.48 7493.10662088753 -2220.2823804657 -22756327.2734941 1141146.26220342
286049520.880228 2252652818631.74 -1083051985831.12 7471.18085109224 -2209.73299396545 -22756327.2734946 1147376.23046342
287202020.463678 2261212497868.64 -1085581337436.09 7449.28406848531 -2199.21292965428 -22756327.2734951 1152499.58344982
288360964.784275 2269785191483.6 -1088109881728.09 7427.43762524091 -2188.73234990901 -22756327.2734956 1158944.32059713
289526236.239764 2278380519326.97 -1090640435108.37 7405.61673721349 -2178.27927267712 -22756327.2734961 1165271.4554891
290696864.131166 2286997361696.9 -1093172639874.37 7383.82410096114 -2167.85492097725 -22756327.2734965 1170627.89140176
291873026.811107 2295628329654.08 -1095704303422.41 7362.07813444277 -2157.46801434021 -22756327.273497 1176162.6799414
293055058.908995 2304274554088.49 -1098235741213.52 7340.37563023529 -2147.11691464005 -22756327.2734975 1182032.09788771
294242989.715052 2312938295016.45 -1100767595793.15 7318.71060683405 -2136.79867277062 -22756327.2734979 1187930.80605688
295437159.59429 2321619556299.27 -1103299847178.76 7297.0827784227 -2126.51306321486 -22756327.2734984 1194169.87923847
296637288.753006 2330320603439.56 -1105833133109.39 7275.48625656051 -2116.25720285379 -22756327.2734988 1200129.15871543
297843406.929858 2339039174952.41 -1108366771938.77 7253.92641008073 -2106.03355932408 -22756327.2734993 1206118.17685228
299054502.759555 2347775273123 -1110900742826.3 7232.40295789721 -2095.84191241727 -22756327.2734997 1211095.8296975
300273649.763532 2356521391310.69 -1113432852916.2 7210.93401751071 -2085.69073611281 -22756327.2735002 1219147.00397684
301496779.46433 2365299478794.02 -1115969429356.42 7189.46552939964 -2075.55440156176 -22756327.2735006 1223129.70079746
302726971.444347 2374080028031.62 -1118501924053.54 7168.06937780564 -2065.46676309451 -22756327.273501 1230191.98001694
303962877.692621 2382884965688.42 -1121036645802.12 7146.69174892872 -2055.40234519324 -22756327.2735014 1235906.24827481
305205919.991152 2391704407919.11 -1123570723974.91 7125.35641768152 -2045.37226782586 -22756327.2735019 1243042.29853074
306454736.247947 2400548263648.33 -1126106980209.79 7104.03919029461 -2035.36508466192 -22756327.2735023 1248816.25679503
307709353.283167 2409406604142.14 -1128642541519.82 7082.76377581971 -2025.39185396817 -22756327.2735027 1254617.03521989
308970121.995688 2418279425391.6 -1131177389162.92 7061.52983190067 -2015.45232017891 -22756327.2735031 1260768.7125207
310237397.407383 2427169003596.17 -1133712153819.03 7040.33158970083 -2005.54369429921 -22756327.2735035 1267275.41169527
311510886.563325 2436077615055.65 -1136247461064.24 7019.16335827846 -1995.66323937875 -22756327.273504 1273489.15594165
312790948.067357 2445002972433.57 -1138782636319.46 6998.03030985761 -1985.81329349936 -22756327.2735044 1280061.50403175
314077615.838699 2453947360000.6 -1141318304640.47 6976.92677289175 -1975.99113782021 -22756327.2735048 1286667.77134229
315370923.971626 2462910774282.29 -1143854439236.72 6955.85252099694 -1966.19659769461 -22756327.2735052 1293308.13292694
316670110.981704 2471893211164.55 -1146391012986.86 6934.80732874897 -1956.42949971768 -22756327.2735056 1299187.01007783
317974872.71818 2480889164199.77 -1148926449346.55 6913.80379456306 -1946.69561013009 -22756327.273506 1304761.73647677
319286703.675115 2489896344143.34 -1151460087835.68 6892.84686647765 -1936.99712426083 -22756327.2735063 1311830.95693468
320604497.706774 2498924848183.35 -1153994746822.24 6871.91275033909 -1927.32295171434 -22756327.2735067 1317794.03165927
321930926.848644 2507966832340.08 -1156528200288.93 6851.019360462 -1917.6812982862 -22756327.2735071 1326429.14187017
323263047.611117 2517040351552.28 -1159065474477.97 6830.12482446448 -1908.05279202249 -22756327.2735075 1332120.762473
324601223.677901 2526125001074.89 -1161600832746.63 6809.2759492237 -1898.45894838148 -22756327.2735079 1338176.06678398
325945822.632208 2535223073250.01 -1164134898950.36 6788.46707933463 -1888.89707101436 -22756327.2735082 1344598.95430635
327296875.30218 2544336857353.16 -1166668290856.28 6767.69263927435 -1879.36451523096 -22756327.2735086 1351052.66997244
328654755.232555 2553466340938.57 -1169200983088 6746.95234514313 -1869.86107403912 -22756327.273509 1357879.93037452
330019496.923455 2562613815117.11 -1171733587260.33 6726.24070630379 -1860.38416067652 -22756327.2735093 1364741.69090056
331391135.049345 2571779267532.76 -1174266073895.73 6705.55749105527 -1850.93360398353 -22756327.2735097 1371638.12588968
332768161.186203 2580962685124.93 -1176798413169.44 6684.90246869441 -1841.50923403333 -22756327.2735101 1377026.1368577
334152145.834912 2590153769302.03 -1179327747450.31 6664.29842742745 -1832.12136244497 -22756327.2735104 1383984.64870978
335543474.287819 2599362802123.96 -1181856888365.94 6643.72194347002 -1822.75923138066 -22756327.2735108 1391328.45290645
336940966.153859 2608592087426.97 -1184386439994.54 6623.16763473089 -1813.42033474191 -22756327.2735111 1397491.86604054
338344648.736193 2617833560741.7 -1186914168030.9 6602.65316385184 -1804.11262870075 -22756327.2735115 1403682.58233326
339756133.946977 2627087204613.76 -1189440050290.39 6582.17818503017 -1794.83587112852 -22756327.2735118 1411485.21078406
341173871.862842 2636363397940.06 -1191966893518.59 6561.71946125549 -1785.57947134766 -22756327.2735121 1417737.91586498
342599490.53632 2645651706251.86 -1194491828925.85 6541.29973327588 -1776.35365639714 -22756327.2735125 1425618.6734788
344030532.852379 2654962545897.51 -1197017661477.64 6520.8958281372 -1767.14789524498 -22756327.2735128 1431042.31605861
345468629.18089 2664279645648.82 -1199539955261.03 6500.54306875664 -1757.97805216092 -22756327.2735131 1438096.32851076
346915442.877333 2673613422967.09 -1202061513328.16 6480.21830425741 -1748.83361272343 -22756327.2735135 1446813.69644348
348367402.601441 2682974376676.7 -1204585136993.49 6459.89849514801 -1739.70417098221 -22756327.2735138 1451959.72410739
349826880.721148 2692339162134.95 -1207104508429.21 6439.63400581869 -1730.61228933874 -22756327.2735141 1459478.11970706
351293916.167474 2701722880102.82 -1209623672577.86 6419.39176616459 -1721.54304875562 -22756327.2735144 1467035.44632627
352768183.046575 2711125508053.9 -1212142592856.58 6399.17158442017 -1712.49631294526 -22756327.2735148 1474266.87910084
354248786.142803 2720544694111.81 -1214660610467.55 6378.97825352724 -1703.47417177889 -22756327.2735151 1480603.09622801
355737423.469019 2729974493481.05 -1217176114298.81 6358.8241713068 -1694.48209402239 -22756327.2735154 1488637.32621634
357232458.774771 2739425472074.69 -1219691896881.41 6338.68645433006 -1685.50980936976 -22756327.2735157 1495035.30575195
358734287.092851 2748886992226.01 -1222205100349.79 6318.58746750926 -1676.56722259977 -22756327.273516 1501828.31807973
360244264.815819 2758361342789.75 -1224716313397.81 6298.52196685743 -1667.65192498433 -22756327.2735163 1509977.72296831
361759775.911283 2767856817614.79 -1227227705799.31 6278.47210746791 -1658.75593388902 -22756327.2735166 1515511.09546408
363282544.706356 2777356741539.44 -1229734845673.33 6258.47274055926 -1649.89464307111 -22756327.2735169 1522768.79507232
364814329.724473 2786871726833.94 -1232240517124.29 6238.50111002049 -1641.05788933772 -22756327.2735172 1531785.01811735
366353074.735088 2796412461453.19 -1234747499604.59 6218.53456709475 -1632.23561289451 -22756327.2735175 1538745.01061488
367897832.264569 2805965847896.02 -1237252318244.85 6198.60028348403 -1623.43977708439 -22756327.2735178 1544757.52948129
369451736.211078 2815525804245.5 -1239753361419.49 6178.71053494798 -1614.67571992613 -22756327.2735181 1553903.94650885
371011711.908741 2825111461227.41 -1242255605557.42 6158.82522426795 -1605.92572036967 -22756327.2735184 1559975.69766354
372579539.844636 2834703587194.95 -1244754001786.98 6138.9839515768 -1597.20715107023 -22756327.2735187 1567827.93589432
374155259.543508 2844312904928.73 -1247251321487.42 6119.16416465525 -1588.51003451003 -22756327.2735189 1575719.6988724
375737136.236783 2853939378163.37 -1249747524216.51 6099.36566172939 -1579.83423528078 -22756327.2735192 1581876.69327517
377326975.408362 2863572181481.31 -1252239781053.32 6079.61033509027 -1571.18928029832 -22756327.2735195 1589839.17157912
378923796.089103 2873222080858.47 -1254730855425.62 6059.87573354206 -1562.56527917944 -22756327.2735198 1596820.68074044
380530857.30929 2882882869989.23 -1257219118985.06 6040.17421792722 -1553.96757718305 -22756327.2735201 1607061.22018757
382143172.471925 2892573947613.78 -1259709530111.04 6020.46600870468 -1545.37878299132 -22756327.2735203 1612315.16263442
383762956.445791 2902264976480.68 -1262194264026.14 6000.81248862706 -1536.82559614216 -22756327.2735206 1619783.9738661
385390243.829051 2911969085557.32 -1264676673052.26 5981.18657460184 -1528.2961485223 -22756327.2735209 1627287.3832598
387024677.168944 2921686232781.48 -1267156720822.57 5961.58800554687 -1519.79026980512 -22756327.2735211 1634433.33989329
388668134.114847 2931414044675.55 -1269633777831.86 5942.021203009 -1511.30981854344 -22756327.2735214 1643456.94590261
390318808.023275 2941163413904.18 -1272110586236.22 5922.46396151073 -1502.84512623317 -22756327.2735217 1650673.90842887
391977128.434146 2950923339126.86 -1274584319467.22 5902.93805303559 -1494.40557222042 -22756327.2735219 1658320.4108701
393642057.874801 2960696117462.69 -1277055535470.25 5883.4385148183 -1485.98895273282 -22756327.2735222 1664929.44065581
395316986.516542 2970475410857.17 -1279522610607 5863.97759486249 -1477.60048936201 -22756327.2735224 1674928.6417405
396998191.632939 2980280840294.99 -1281990461736.99 5844.51595390428 -1469.22318432999 -22756327.2735227 1681205.11639682
398687588.82627 2990090330735.61 -1284453501834.12 5825.09709371288 -1460.87571858391 -22756327.2735229 1689397.19333121
400385218.014404 2999914831648.23 -1286914458671.53 5805.69893970208 -1452.54853978751 -22756327.2735232 1697629.18813394
402091526.315752 3009754291375.24 -1289373287790.56 5786.32127930926 -1444.24151319349 -22756327.2735234 1706308.30134863
403804634.896657 3019611004395.65 -1291830528728.54 5766.95929572017 -1435.95253489114 -22756327.2735237 1713108.58090456
405526501.729026 3029473862818.16 -1294283386103.76 5747.63444400608 -1427.69073645425 -22756327.2735239 1721866.83236881
407255639.667505 3039353883296.13 -1296734573276.09 5728.32477333363 -1419.44668050892 -22756327.2735241 1729137.93847879
408992079.416549 3049242263841.59 -1299181877784.18 5709.0471381343 -1411.22751455612 -22756327.2735244 1736439.74904458
410737811.886237 3059138954232.97 -1301625266175.52 5689.80122357699 -1403.03304176037 -22756327.2735246 1745732.46968801
412490916.241943 3069055018121.64 -1304067438653 5670.56518193559 -1394.85391667648 -22756327.2735248 1753104.35570621
414252252.680753 3078979260279.13 -1306505606515.33 5651.360397309 -1386.69918911269 -22756327.2735251 1761336.43880962
416021443.952496 3088916297162.77 -1308940878098.37 5632.1775558135 -1378.56485118249 -22756327.2735253 1769191.27174295
417797367.069525 3098863734244.78 -1311372638416.99 5613.02091567783 -1370.45266003544 -22756327.2735255 1775923.11702904
419583217.675777 3108815035155.59 -1313799269288.57 5593.90263884448 -1362.3677032861 -22756327.2735258 1785850.60625188
421377454.13228 3118787825621.96 -1316225037990.2 5574.78851412305 -1354.29546989062 -22756327.273526 1794236.45650266
423180115.816618 3128773169116.96 -1318647731724.38 5555.69537955057 -1346.24304247203 -22756327.2735262 1802661.68433866
424990057.052647 3138771001265.54 -1321067303703.02 5536.62300636482 -1338.21028196892 -22756327.2735264 1809941.23602872
426808497.261722 3148774716928.43 -1323482130078.45 5517.5835986429 -1330.20227566631 -22756327.2735267 1818440.20907546
428634703.560495 3158790803625.69 -1325893751336.58 5498.56441253232 -1322.21361133041 -22756327.2735269 1826206.29877268
430469132.516386 3168814959129.51 -1328301103704.68 5479.57323572262 -1314.24751225801 -22756327.2735271 1834428.95589114
432313038.123832 3178849432799.53 -1330704701046.26 5460.6054120121 -1306.30197500958 -22756327.2735273 1843905.60744543
434164818.577131 3188900779465.83 -1333106078574.47 5441.64821258973 -1298.37163210884 -22756327.2735275 1851780.45329913
436024507.507722 3198959973605.23 -1335503047043.26 5422.71830541643 -1290.46341754924 -22756327.2735277 1859688.93059089
437892569.853974 3209026949405.02 -1337895565984.32 5403.81540276948 -1282.57715863905 -22756327.2735279 1868062.34625237
439770719.97731 3219103961814.11 -1340284144126.94 5384.93487303466 -1274.71087487744 -22756327.2735281 1878150.12333584
441655216.716281 3229199935939.57 -1342670858917.46 5366.0596645411 -1266.85743216527 -22756327.2735283 1884496.73897127
443550329.923012 3239294496577.74 -1345050865959.24 5347.22747146579 -1259.03246687998 -22756327.2735285 1895113.20673047
445455233.275857 3249410237088.91 -1347429461985.39 5328.39575804496 -1251.21826204102 -22756327.2735287 1904903.35284567
447364882.326297 3259542371582.25 -1349805474193.37 5309.57315251003 -1243.41838358177 -22756327.2735289 1909649.05043963
449285289.542116 3269663860089.1 -1352172544125.12 5290.80941943527 -1235.65339008572 -22756327.2735291 1920407.21581934
451214787.501413 3279806334642.72 -1354538047174.68 5272.04547693183 -1227.89877634009 -22756327.2735293 1929497.95929701
453151690.272711 3289960632127.98 -1356899802094.21 5253.29796507757 -1220.16139948766 -22756327.2735295 1936902.77129785
455097761.873458 3300117618453.05 -1359255657415.71 5234.58333149794 -1212.44800039251 -22756327.2735297 1946071.60074715
457053045.706677 3310286280997.95 -1361607670469.41 5215.88459958481 -1204.75153522873 -22756327.2735299 1955283.83321838
459016279.564989 3320466533592.2 -1363955785081.94 5197.20155979525 -1197.07188538366 -22756327.2735301 1963233.85831228
460987495.772551 3330651526502.8 -1366298391405.68 5178.5463767692 -1189.41400890414 -22756327.2735303 1971216.20756185
462968950.544616 3340841184590.54 -1368635448574.65 5159.91874504752 -1181.77772845005 -22756327.2735305 1981454.77206475
464960241.737932 3351046864679.31 -1370969526352.5 5141.29752009767 -1174.15434186805 -22756327.2735307 1991291.19331632
466959174.886429 3361266138446.29 -1373300025189.25 5122.68679514138 -1166.54550496787 -22756327.2735309 1998933.14849662
468968948.504828 3371487460182.22 -1375624281171.03 5104.10718574101 -1158.959605976 -22756327.273531 2009773.61839938
470985548.682095 3381726874235.91 -1377945906861.97 5085.52913892045 -1151.38454582716 -22756327.2735312 2016600.17726722
473010807.049256 3391963643004.17 -1380260168749.48 5066.98986797523 -1143.83545891667 -22756327.2735314 2025258.36716055
475044760.779892 3402206838317.16 -1382569097289.23 5048.47247309216 -1136.30540808792 -22756327.2735316 2033953.73063596
477089744.901523 3412456370882.73 -1384872642590.48 5029.97669028939 -1128.79424455589 -22756327.2735318 2044984.12163085
479143972.969357 3422723665051.77 -1387173330694.38 5011.48153227187 -1121.29342138341 -22756327.2735319 2054228.0678346
481207486.768826 3432999394797.34 -1389469027683.94 4993.00343572525 -1113.8095843697 -22756327.2735321 2063513.79946862
483280328.274241 3443283461556.63 -1391759676345.95 4974.54216915705 -1106.34260636621 -22756327.2735323 2072841.50541569
485360676.167091 3453575765382.17 -1394045218947.05 4956.09750159681 -1098.892361007 -22756327.2735325 2080347.89284982
487451367.282063 3463867003652.97 -1396323563309.68 4937.68565071507 -1091.46535312221 -22756327.2735326 2090691.11497195
489549629.423316 3474170923322.45 -1398597721451.88 4919.28158849548 -1084.05144823709 -22756327.2735328 2098262.14125306
491657850.844014 3484473574001.73 -1400864582798.09 4900.90979771051 -1076.66047092251 -22756327.273533 2108221.42069798
493776078.815299 3494786405880.81 -1403126637161.06 4882.54941450364 -1069.28398670026 -22756327.2735331 2118227.97128464
495902451.847872 3505109307456.04 -1405383818428.73 4864.20023977764 -1061.92189175494 -22756327.2735333 2126373.03257303
498039396.933641 3515432914933.04 -1407634046722.32 4845.87847930791 -1054.58065150543 -22756327.2735335 2136945.08576951
500185036.045463 3525768704568.26 -1409879788403.88 4827.56333503663 -1047.25189957146 -22756327.2735336 2145639.11182161
502339881.954233 3536107271611.74 -1412118962267.66 4809.27104954778 -1039.9421061896 -22756327.2735338 2154845.9087696
504503974.165713 3546450803743.4 -1414352011362.57 4790.99729948034 -1032.64950498903 -22756327.2735339 2164092.21148051
506677352.355184 3556799193055.14 -1416578878956.34 4772.74183074698 -1025.37395961785 -22756327.2735341 2173378.18947096
508860538.371389 3567152330240.94 -1418799507806.32 4754.50439004112 -1018.11533465098 -22756327.2735343 2183186.01620478
511053092.29585 3577512387488.08 -1421014327400.13 4736.28071193797 -1010.87190163244 -22756327.2735344 2192553.92446118
513257040.010223 3587876961963.34 -1423222787330.7 4718.07458230649 -1003.6451350034 -22756327.2735346 2203947.71437273
515470933.502748 3598255272520.72 -1425426807391.87 4699.86939025767 -996.428421156165 -22756327.2735347 2213893.49252477
517694326.667299 3608640127632.07 -1427624813019.84 4681.67733899981 -989.226581053454 -22756327.2735349 2223393.16455156
519927260.266348 3619029114264.33 -1429816255827.23 4663.50220783511 -982.041081637497 -22756327.273535 2232933.59904905
522167761.683248 3629422114167.59 -1432001075363.84 4645.34374597203 -974.871791808393 -22756327.2735352 2240501.41690021
524418869.092187 3639809690463.35 -1434177262084.38 4627.21795093717 -967.72498330683 -22756327.2735353 2251107.40893909
526678100.240767 3650205645091.39 -1436347676504.61 4609.10026293355 -960.590934967591 -22756327.2735355 2259231.14857952
528948523.780403 3660598216198.95 -1438509829330.6 4591.0107105817 -953.477499467008 -22756327.2735356 2270423.53963636
531227140.767245 3671001206070.17 -1440666555562.22 4572.92480510663 -946.375016732294 -22756327.2735358 2278616.98684206
533516544.176019 3681400558686.1 -1442814904313.39 4554.86651769348 -939.292870678889 -22756327.2735359 2289403.40877414
535815707.704156 3691807804812.76 -1444957223007.83 4536.81535065493 -932.222990020229 -22756327.273536 2299163.5281368
538126261.451185 3702217933941.4 -1447092437780.8 4518.77953841595 -925.168577095295 -22756327.2735362 2310553.74702905
540446665.485096 3712637966074.63 -1449221943130.58 4500.74646615385 -918.124678561779 -22756327.2735363 2320404.03391096
542775951.194523 3723060593961.28 -1451344199974.72 4482.72832461436 -911.096037355457 -22756327.2735365 2329285.70942668
545117287.793183 3733481172780.13 -1453458229543.31 4464.73265334905 -904.085560235559 -22756327.2735366 2341336.59866025
547467586.189719 3743913527851.05 -1455566792615.28 4446.73511010087 -897.08374321027 -22756327.2735367 2350298.39653617
549827904.311394 3754343540590.93 -1457666991269.9 4428.75958254007 -890.099858899398 -22756327.2735369 2360318.1216751
552198284.874015 3764775606816.36 -1459759676702.63 4410.79799861892 -883.130738109799 -22756327.273537 2370380.56262067
554578770.775493 3775209587233.49 -1461844781532.94 4392.85011165851 -876.176258656211 -22756327.2735371 2380485.9014777
556969405.09662 3785645340876.45 -1463922237800.89 4374.91567539208 -869.236299074241 -22756327.2735373 2390634.32112733
559370231.101851 3796082725092.13 -1465991976963.33 4356.99444394423 -862.310738609504 -22756327.2735374 2400826.00523038
561781812.377486 3806521595524.86 -1468053929889.99 4339.08617181016 -855.399457206858 -22756327.2735375 2411581.27563584
564204197.105212 3816964053712.78 -1470108468196.98 4321.1867627854 -848.500852262972 -22756327.2735377 2422384.72772596
566637433.682558 3827409943506.94 -1472155514652.53 4303.29599553692 -841.614820089344 -22756327.2735378 2433236.57734604
569079359.834462 3837859106843.66 -1474194991366.98 4285.41364862862 -834.741257445391 -22756327.2735379 2441926.15190351
571530006.593132 3848301948650.12 -1476224989429.72 4267.55562921651 -827.886248569809 -22756327.273538 2450646.75866996
573989928.942051 3858738349726.37 -1478245460391.93 4249.72160803586 -821.049624998307 -22756327.2735382 2459922.34891933
576464187.312376 3869170406350.92 -1480256781855.59 4231.9074733473 -814.229771952539 -22756327.2735383 2474258.37032452
578948337.658345 3879619162051.29 -1482262954385.31 4214.07680005077 -807.412737386967 -22756327.2735384 2484150.34596907
581441890.404168 3890065416955.83 -1484260231827.06 4196.26186184429 -800.610856129554 -22756327.2735385 2493552.74582353
583945412.263697 3900506812039.28 -1486248128586.78 4178.46615268341 -793.825430642189 -22756327.2735386 2503521.85952885
586461228.556756 3910945418468.41 -1488227004070.33 4160.68561177776 -787.054881502522 -22756327.2735388 2515816.29305869
588987102.972198 3921390553313.13 -1490198574935.97 4142.90385292796 -780.292953770116 -22756327.2735389 2525874.41544219
591525923.067328 3931832551511.32 -1492160966836.44 4125.13681061617 -773.545691942925 -22756327.273539 2538820.09512976
594074893.253026 3942282953120.76 -1494116295262.55 4107.36432901067 -766.805429874809 -22756327.2735391 2548970.18569756
596634054.108904 3952729851724.57 -1496062278758.53 4089.60613267344 -760.07963680149 -22756327.2735392 2559160.855879
599203989.525362 3963173088488.01 -1497998848212.97 4071.861950118 -753.368183699237 -22756327.2735394 2569935.4164571
601784744.865374 3973614704804.88 -1499926339480.97 4054.12777126689 -746.669530933076 -22756327.2735395 2580755.34001244
604374014.749616 3984054527413.58 -1501844674681.85 4036.40334830827 -739.98356529513 -22756327.2735396 2589269.88424225
606974733.505857 3994482933400.27 -1503752051315.47 4018.70446533231 -733.316209435288 -22756327.2735397 2600718.75624044
609586951.757119 4004911427594.23 -1505650536161.84 4001.01104290151 -726.65987114806 -22756327.2735398 2612218.25126207
612210167.950822 4015339820857.52 -1507540041949.3 3983.32285485068 -720.014452745052 -22756327.2735399 2623216.19370355
614844983.115575 4025765731227.55 -1509420086608.09 3965.6433889014 -713.381249498981 -22756327.27354 2634815.16475252
617490891.360131 4036191165635.92 -1511290981068.85 3947.9686855931 -706.758761172448 -22756327.2735401 2645908.24455621
620146083.06439 4046613738462.56 -1513152245778.45 3930.30222940923 -700.148279063567 -22756327.2735403 2655191.70425919
622811144.652542 4057025999251.42 -1515002510786.19 3912.65608143833 -693.554290197312 -22756327.2735404 2665061.58815134
625489111.164079 4067429958284.98 -1516842100213.65 3895.02626299995 -686.975275742737 -22756327.2735405 2677966.51153744
628180045.088008 4077837079069.18 -1518672989097.06 3877.39277870119 -680.40375996771 -22756327.2735406 2690933.9239288
630881540.967884 4088247138152.66 -1520495070125.23 3859.75543517729 -673.839672109909 -22756327.2735407 2701495.87987575
633593078.853625 4098650425962.12 -1522306588030.39 3842.13010449905 -667.288908765066 -22756327.2735408 2711537.88574174
636314696.073397 4109044614066.65 -1524107096839.08 3824.52014856185 -660.752694466622 -22756327.2735409 2721617.21977193
639049492.073676 4119429532506.04 -1525896529083.75 3806.92526999409 -654.230891607609 -22756327.273541 2734796.00027877
641795022.189208 4129816612392.44 -1527676800023.86 3789.32551157462 -647.716090769074 -22756327.2735411 2745530.11553221
644548821.615046 4140196156170.82 -1529446189659.33 3771.73671050744 -641.214145452486 -22756327.2735412 2753799.42583732
647317105.2116 4150558563027.15 -1531203029187.84 3754.17454362465 -634.730818344955 -22756327.2735413 2768283.5965546
650096827.472983 4160926838113.04 -1532951167021.56 3736.5994213815 -628.251479875884 -22756327.2735414 2779722.26138245
652888035.66424 4171289110569.86 -1534688533051.4 3719.03085607355 -621.783324083003 -22756327.2735415 2791208.19125685
655691352.890741 4181645171711.22 -1536415039473.44 3701.46859250494 -615.326243142514 -22756327.2735416 2803317.22650107
658504260.421461 4191996931212.04 -1538130948267.28 3683.9087775221 -608.87880959473 -22756327.2735417 2812907.53072075
661331963.014054 4202334736224.8 -1539834612974.21 3666.36717219895 -602.446790780788 -22756327.2735418 2827702.59259222
664168761.988964 4212677292601.48 -1541529055637.84 3648.81141026352 -596.018311650574 -22756327.2735419 2836798.97491037
667015265.811018 4223003347879.6 -1543210736287.73 3631.27693861484 -589.606342451893 -22756327.273542 2846503.82205442
669874703.331347 4233314842059.04 -1544879939830.87 3613.75985020305 -583.20942147194 -22756327.2735421 2859437.5203289
672747133.316972 4243623096201.58 -1546538447311.63 3596.24028264302 -576.820280073931 -22756327.2735422 2872429.98562478
675629974.239774 4253927860536.55 -1548186149297.52 3578.71801197439 -570.438836279458 -22756327.2735422 2882840.9228024
678525913.966232 4264219478836.7 -1549821445990.55 3561.2088159613 -564.07082434804 -22756327.2735423 2895939.72645759
681429699.851184 4274507149114.65 -1551445742503.53 3543.69639929893 -557.710306300953 -22756327.2735424 2903785.88495171
684350559.514534 4284771881592.43 -1553055997864.12 3526.21245151468 -551.368768946212 -22756327.2735425 2920859.66335066
687282005.645305 4295045861382.32 -1554657196844.63 3508.70148892619 -545.026082814885 -22756327.2735426 2931446.13077091
690224670.461288 4305305763861.92 -1556245625138.03 3491.20258262671 -538.696406919992 -22756327.2735427 2942664.81598257
693178596.896547 4315553449901.64 -1557821523371.93 3473.71190597041 -532.378337978259 -22756327.2735428 2953926.43525894
696144424.065007 4325788699618.02 -1559384806486.76 3456.22917388091 -526.071756969554 -22756327.2735429 2965827.16846047
699121601.49539 4336013340419.65 -1560935698528.47 3438.75059630248 -519.775283691215 -22756327.273543 2977177.43038269
702110773.332224 4346225085317.26 -1562473796940.39 3421.27940962311 -513.490071438815 -22756327.273543 2989171.83683429
705111987.89839 4356425752211.01 -1563999319251.91 3403.81182578125 -507.214745313391 -22756327.2735431 3001214.56616535
708125896.824483 4366615096501.06 -1565512168676.92 3386.34757630331 -500.949199719053 -22756327.2735432 3013908.92609317
711149777.597691 4376794902847.05 -1567012546010.47 3368.88290473746 -494.69208080925 -22756327.2735433 3023880.77320831
714189246.97376 4386955602355.73 -1568498988013.45 3351.433543402 -488.449010076747 -22756327.2735434 3039469.37606898
717238772.766487 4397115619268.71 -1569974121016.47 3333.96713728763 -482.20840875103 -22756327.2735435 3049525.79272672
720304635.906444 4407256010118.98 -1571435124943.34 3316.51553292205 -475.98165299188 -22756327.2735435 3065863.13995697
723374435.995105 4417397189993.07 -1572884867204.76 3299.04286288192 -469.75594587432 -22756327.2735436 3069800.08866098
726461300.133581 4427497830889.48 -1574317399666.33 3281.61965610324 -463.556392816791 -22756327.2735437 3086864.13847646
729558989.079774 4437600796167.49 -1575738757304.84 3264.1712870184 -457.356418628342 -22756327.2735438 3097688.94619227
732667540.79339 4447685156147.94 -1577145912550.54 3246.73313979328 -451.168603468824 -22756327.2735438 3108551.71361632
735793371.964874 4457750687389.78 -1578538785910.37 3229.30489897502 -444.992816707947 -22756327.2735439 3125831.17148431
738930164.591047 4467817651456.56 -1579920096307.03 3211.85070418245 -438.816358863148 -22756327.273544 3136792.62617278
742077957.110801 4477865182381.49 -1581286894970.69 3194.40594774421 -432.651762274567 -22756327.2735441 3147792.51975393
745243878.366944 4487893049286.51 -1582639100270.24 3176.9703127754 -426.498897450636 -22756327.2735441 3165921.25614276
748415097.144815 4497923420890.5 -1583979610302.92 3159.50444487772 -420.343888152367 -22756327.2735442 3171218.77787087
751605212.744858 4507915252548.89 -1585302880702.39 3142.07907114251 -414.211647351196 -22756327.2735443 3190115.60004293
754806515.227903 4517910980428.92 -1586614468054.09 3124.61942508963 -408.075855190038 -22756327.2735444 3201302.4830454
758020304.406805 4527885880062.63 -1587911030470.02 3107.16785226987 -401.951408306458 -22756327.2735444 3213789.17890219
761240711.454294 4537843602725.78 -1589192981672.03 3089.71720211992 -395.835786822243 -22756327.2735445 3220407.04748866
764480948.678398 4547765684840.45 -1590457909987.84 3072.29912872771 -389.740055659188 -22756327.2735446 3240237.22410365
767733824.463504 4557692362115.81 -1591710867405.75 3054.84218859915 -383.639212759865 -22756327.2735447 3252875.78510672
770999388.106383 4567600973398.21 -1592948880608.08 3037.38533021147 -377.546894262462 -22756327.2735447 3265563.64287825
774277689.096083 4577491226521.2 -1594171841616.81 3019.92826176833 -371.462994568539 -22756327.2735448 3278300.98970055
777563369.316989 4587362826355.32 -1595379641601.15 3002.470690699 -365.387408385568 -22756327.2735449 3285680.22090546
780869281.644619 4597199332359.14 -1596570227714.36 2985.04095572653 -359.329974402965 -22756327.2735449 3305912.3276299
784182001.541795 4607038720421.93 -1597748110570.51 2967.5709068306 -353.267013398245 -22756327.273545 3312719.89717624
787508936.103157 4616840547374.05 -1598908365750.09 2950.13149666121 -347.223152635661 -22756327.2735451 3326934.56136224
790850146.322899 4626626399423.85 -1600053501168.73 2932.683556538 -341.184797773185 -22756327.2735451 3341210.21974158
794199515.176704 4636395930045.79 -1601183383960.2 2915.22681206195 -335.151862652603 -22756327.2735452 3349368.85380535
797564552.2803 4646130885708.12 -1602295846729.44 2897.79308531159 -329.135330642742 -22756327.2735453 3365037.10359587
800945330.929302 4655852688917.26 -1603393272566.4 2880.34318834798 -323.12166887531 -22756327.2735453 3380778.64900184
804341924.7622 4665560948473.39 -1604475506026.02 2862.87685814839 -317.110806612193 -22756327.2735454 3396593.83289801
807753751.910982 4675255268649.1 -1605542390341.95 2845.39382919839 -311.102672778039 -22756327.2735455 3411827.14878274
811174558.544525 4684933394459.29 -1606593567315.73 2827.89719061601 -305.098347217761 -22756327.2735455 3420806.63354232
814610707.085458 4694577170745.21 -1607626996537.19 2810.41890869795 -299.108792577254 -22756327.2735456 3436148.54093337
818062266.340397 4704204115805.01 -1608644485756.73 2792.92636985537 -293.122825891103 -22756327.2735457 3451559.25493866
821522909.649824 4713813834999.35 -1609645883458.25 2775.41929442749 -287.140368611298 -22756327.2735457 3460643.30942763
825000406.986057 4723388290297.41 -1610629238589.6 2757.92966539023 -281.172343967608 -22756327.2735458 3477497.33623305
828494171.953384 4732948516955.18 -1611596630840.87 2740.41814271326 -275.205327340168 -22756327.2735459 3493764.96732661
831997793.092411 4742492252108.13 -1612547704830.01 2722.88779903822 -269.24039154351 -22756327.2735459 3503621.13902735
835511958.12845 4752001514546.13 -1613480585827.74 2705.37072985565 -263.288457770864 -22756327.273546 3514165.03603823
839037357.686447 4761477853550.61 -1614395378858 2687.86326566827 -257.348258836114 -22756327.273546 3525399.55799766
842587238.520768 4770922777524.79 -1615292173370.95 2670.36177020842 -251.418545933769 -22756327.2735461 3549880.83432096
846147802.467342 4780371055384.86 -1616174124891.99 2652.8006477627 -245.47712966546 -22756327.2735461 3560563.94657332
849719081.676229 4789785255407.64 -1617037596268.54 2635.2483032044 -239.547186481888 -22756327.2735462 3571279.20888727
853301777.996801 4799165117591.8 -1617882509001.7 2617.7043614911 -233.628573454352 -22756327.2735463 3582696.32057213
856903290.821177 4808512120507.79 -1618708936381.92 2600.16517560802 -227.720046946888 -22756327.2735463 3601512.82437646
860516317.411839 4817844990135.3 -1619518420799.73 2582.59452500769 -221.809420787822 -22756327.2735464 3613026.59066168
864148319.802431 4827144220655.39 -1620309155765.94 2565.02803874846 -215.90869639273 -22756327.2735464 3632002.39059146
867799397.654821 4836428431404.19 -1621082608161.19 2547.42943570262 -210.005703204718 -22756327.2735465 3651077.8523903
871455404.800552 4845697090290.15 -1621838566246.21 2529.79841353331 -204.100382972661 -22756327.2735466 3656007.14573104
875131306.690626 4854913869063.91 -1622573992589.04 2512.20311365624 -198.215552793383 -22756327.2735466 3675901.89007372
878818960.163246 4864116056838.6 -1623291782108.32 2494.57135718486 -192.327068900149 -22756327.2735467 3687653.47262071
882518402.787342 4873282648438.57 -1623990169066.7 2476.942210976 -186.447999330272 -22756327.2735467 3699442.6240954
886230362.690592 4882413331188.04 -1624669056656.33 2459.31530414306 -180.578213149557 -22756327.2735468 3711959.90325
889955571.7729 4891509475263.57 -1625328467905.8 2441.68699186588 -174.716492305228 -22756327.2735468 3725209.0823087
893701755.199502 4900572407998.37 -1625968409495.65 2424.05365435246 -168.861634112358 -22756327.2735469 3746183.426602
897454363.344177 4909620232989.97 -1626590011033.4 2406.37877236319 -163.001543075023 -22756327.2735469 3752608.14467436
901228804.946434 4918617298937.44 -1627190720897.24 2388.73087862379 -157.158948020872 -22756327.273547 3774441.60225732
905016718.745035 4927600014761.65 -1627772860986.59 2371.03740857491 -151.309835179307 -22756327.273547 3787913.79860059
908818853.165764 4936547759575.8 -1628334935324.32 2353.3376130719 -145.467214124629 -22756327.2735471 3802134.42072891
912635961.211056 4945461780293.55 -1628876915502.24 2335.62787346083 -139.629898473077 -22756327.2735471 3817108.0452919
916468800.830828 4954343280601.95 -1629398756373.98 2317.90459014226 -133.796715130272 -22756327.2735472 3832839.61977225
920317436.860142 4963193421298.09 -1629900395998.48 2300.16418017298 -127.966503461448 -22756327.2735473 3848636.02931429
924180521.475563 4972011726450.16 -1630381670256.1 2282.40629252322 -122.139169579465 -22756327.2735473 3863084.61542059
928058819.750545 4980794515340.04 -1630842249355.19 2264.63706228175 -116.316744013697 -22756327.2735473 3878298.27498271
931953101.785339 4989542949452.37 -1631282068495.68 2246.85286902221 -110.498055908196 -22756327.2735474 3894282.03479405
935863433.454346 4998258146051.13 -1631701045720.15 2229.05010782179 -104.681946511653 -22756327.2735474 3910331.66900689
939789164.851992 5006939609260.01 -1632099011663.35 2211.22841618803 -98.8683210214508 -22756327.2735475 3925731.39764596
943730356.625727 5015585267368.83 -1632475728951.96 2193.39067715253 -93.0581417085151 -22756327.2735475 3941191.77373447
947688509.542422 5024194639737.21 -1632831037432.7 2175.53651872945 -87.2513073804028 -22756327.2735476 3958152.91669547
951662975.326523 5032770347540.95 -1633164892945.83 2157.65907233651 -81.4456093923065 -22756327.2735476 3974465.78410052
955646406.983308 5041310304916.91 -1633477054041.7 2139.76120762998 -75.6420078766328 -22756327.2735477 3983431.65678504
959647703.853221 5049798257340.78 -1633766826551.74 2121.87578655909 -69.8511608125691 -22756327.2735477 4001296.86991278
963666220.531794 5058252656980.99 -1634034727308.96 2103.9626553192 -64.060074837596 -22756327.2735478 4018516.67857377
967702031.125455 5066671406539 -1634280510890.16 2086.02466496324 -58.2697063807037 -22756327.2735478 4035810.59366075
971747666.494106 5075053941483.41 -1634503984678.9 2068.06142863717 -52.4799635117348 -22756327.2735479 4045635.36865095
975812175.951776 5083384226090.14 -1634704602193.2 2050.10598771215 -46.7015048517034 -22756327.2735479 4064509.45767043
979894914.246785 5091680327828.84 -1634882665651.34 2032.11800132061 -40.9213622032118 -22756327.273548 4082738.29500903
983988316.823743 5099940135781.07 -1635037927427.15 2014.10030066329 -35.1404872324811 -22756327.273548 4093402.57695795
988100816.337916 5108147772282.4 -1635169951699.86 1996.08608553896 -29.3695473914257 -22756327.2735481 4112499.51417299
992232501.882181 5116319546982.14 -1635278854851.48 1978.0380727973 -23.596617339652 -22756327.2735481 4131685.54426471
996375709.825515 5124454806135.24 -1635364409874.2 1959.95584901034 -17.8216110498007 -22756327.2735481 4143207.94333436
1000538990.78462 5132537832814.97 -1635426294323.39 1941.87278793214 -12.0552092613196 -22756327.2735482 4163280.9591013
1004721694.68431 5140584655614.11 -1635464464550.72 1923.75141438442 -6.28548677251471 -22756327.2735482 4182703.89969651
1008916063.26251 5148593148727.89 -1635478674870.26 1905.59453592698 -0.513388100876482 -22756327.2735483 4194368.578193
1013122129.04952 5156547815154.89 -1635468731971.41 1887.435654491 5.25041257087968 -22756327.2735483 4206065.78701622
1017357326.33072 5164448283005.24 -1635434535623.69 1869.2743146587 11.0060603063757 -22756327.2735483 4235197.28120219
1021604334.68339 5172326388529.04 -1635375692963.18 1851.03521646627 16.7773635406572 -22756327.2735484 4247008.35266198
1025871918.94409 5180148996205.07 -1635292192466.53 1832.7929252908 22.5406718896806 -22756327.2735484 4267584.26070021
1030152901.61049 5187931564906.88 -1635183683668.74 1814.50961491785 28.3079069158806 -22756327.2735485 4280982.66640409
1034455389.30276 5195660274875.29 -1635050157144.38 1796.2158781942 34.0693842028889 -22756327.2735485 4302487.69227364
1038778721.68941 5203349003373.33 -1634891160097.38 1777.87692435107 39.836023396087 -22756327.2735486 4323332.38664217
1043115627.50724 5210995605195.72 -1634706452532.21 1759.49553245901 45.6068893341166 -22756327.2735486 4336905.81783189
1047466149.37108 5218586470540.53 -1634496149259.94 1741.10244666502 51.3722934306905 -22756327.2735486 4350521.86384225
1051839298.49626 5226121122156.66 -1634260114851.83 1722.69719485116 57.1323697839327 -22756327.2735487 4373149.12517961
1056235192.56819 5233614362719.47 -1633997648714.7 1704.24149932378 62.8990549259619 -22756327.2735487 4395894.07192844
1060645652.8922 5241065334766.13 -1633708453038.95 1685.73484178217 68.6724389810198 -22756327.2735488 4410460.32400725
1065079052.22019 5248459336870.53 -1633392844766.53 1667.21150022972 74.4417818133154 -22756327.2735488 4433399.32799175
1069527142.07782 5255809558957.11 -1633050001896.7 1648.63615053273 80.2180380615378 -22756327.2735488 4448089.85763621
1073989971.1437 5263101472933.85 -1632680338247.06 1630.04318778782 85.990463822853 -22756327.2735489 4462829.06587812
1078467588.25772 5270334531964.21 -1632283696636.86 1611.43211544708 91.7591903862534 -22756327.2735489 4477617.11401907
1082970072.11117 5277508183732.44 -1631859918605.74 1592.80243339188 97.5243491380344 -22756327.2735489 4502483.8534509
1087488254.83546 5284637658445.1 -1631407808411.25 1574.11205043819 103.298909950353 -22756327.273549 4518182.72428967
1092031529.58295 5291707493691.43 -1630928036717.49 1555.39887099903 109.071102984452 -22756327.273549 4543274.7474907
1096590645.42744 5298731432191.79 -1630419354081.42 1536.6238316934 114.852917656115 -22756327.273549 4559115.8444868
1101166442.61412 5305694209496.72 -1629882542829.9 1517.82499616559 120.632571423412 -22756327.2735491 4575797.18668222
1105768451.85823 5312596380371.26 -1629317323349.63 1498.99861062207 126.411183525402 -22756327.2735491 4602009.24411293
1110387299.38714 5319451296652.26 -1628722247593.66 1480.10530500064 132.200770670781 -22756327.2735492 4618847.52890456
1115032605.58363 5326243963195.83 -1628098255276.06 1461.18339817836 137.989522046888 -22756327.2735492 4645306.19648793
1119694908.48406 5332987484628.03 -1627443771941.79 1442.19330614637 143.789477883706 -22756327.2735492 4662302.90043434
1124383918.98241 5339667073336.15 -1626759854276.83 1423.17352964499 149.588808690294 -22756327.2735493 4689010.49834564
1129081290.58219 5346295578757.81 -1626044798922.17 1404.08426519761 155.399579220248 -22756327.2735493 4697371.59978567
1133805570.66789 5352846246017.08 -1625301199687.02 1384.99989772959 161.199101374302 -22756327.2735493 4724280.08570051
1138547945.47088 5359344111264.58 -1624525914623.82 1365.84476186691 167.01032260865 -22756327.2735494 4742374.80298431
1143317486.55672 5365775940137.19 -1623720099166.54 1346.65439350999 172.822384865039 -22756327.2735494 4769541.08584658
1148106108.05842 5372152911998.5 -1622881918331.28 1327.39187437618 178.64639079625 -22756327.2735494 4788621.50169249
1152922993.49634 5378463058964.76 -1622012490554.28 1308.08965176606 184.472447833578 -22756327.2735495 4816885.43792621
1157759148.74987 5384717288639.88 -1621109835917.06 1288.71049956337 190.311705996014 -22756327.2735495 4836155.25352974
1162623848.49865 5390902718736.35 -1620175325220.9 1269.29038448175 196.153240689428 -22756327.2735495 4864699.74877828
1167508009.34285 5397029993497.97 -1619206848719.28 1249.79183462587 202.008234753721 -22756327.2735496 4884160.84419637
1172420998.02625 5403086443180.59 -1618205895046.47 1230.25101954947 207.865737405459 -22756327.2735496 4912988.68339954
1177362130.33933 5409082439768.13 -1617170221892.25 1210.6302153058 213.736965364698 -22756327.2735496 4941132.31308236
1182322187.94698 5415015643783.95 -1616099573763.06 1190.93198482274 219.621032547047 -22756327.2735497 4960057.60765534
1187302088.12651 5420873767143.79 -1614995635020.2 1171.19278879064 225.506958996968 -22756327.2735497 4979900.17952342
1192302753.73623 5426656914695.62 -1613857961259.13 1151.40858944712 231.39588534834 -22756327.2735497 5000665.6097181
1197334659.67887 5432365120509.13 -1612686084733.85 1131.57534171514 237.288945789103 -22756327.2735498 5031905.94264217
1202397135.72915 5438008959323.81 -1611477192513.27 1111.65122317832 243.198460633313 -22756327.2735498 5062476.0502858
1207479864.07343 5443585996895.66 -1610230999752.14 1091.63868998497 249.123563333031 -22756327.2735498 5082728.34427191
1212594345.4158 5449083505363.2 -1608949697099.97 1071.57820920312 255.052168592183 -22756327.2735499 5114481.34237862
1217740778.12473 5454512519761.78 -1607630024898.47 1051.42406442343 260.997678522763 -22756327.2735499 5146432.70892458
1222907798.99391 5459871485094.01 -1606271466355.48 1031.17523966663 266.960246168723 -22756327.2735499 5167020.8691777
1228106210.82825 5465147132955.19 -1604876654250.1 1010.87609027196 272.926698237935 -22756327.2735499 5198411.83434441
1233336204.33586 5470349066493.06 -1603442309739.92 990.48380053841 278.909508069455 -22756327.27355 5229993.50760366
1238597971.38341 5475475705471.1 -1601967917999.46 969.997324350689 284.908835278947 -22756327.27355 5261767.04755559
1243881679.20335 5480525444637.14 -1600452958036.14 949.415594515058 290.924842783456 -22756327.27355 5283707.81993812
1249198395.5874 5485487341746.38 -1598899879784.48 928.776657769563 296.946289739517 -22756327.2735501 5316716.38404759
1254559509.01163 5490370237719.57 -1597305036802.56 908.036858101068 302.985788011774 -22756327.2735501 5361113.42422875
1259942977.46759 5495182329730.13 -1595664414958.05 887.151502044391 309.0561542102 -22756327.2735501 5383468.45596901
1265371400.37441 5499901890408.67 -1593984256653.61 866.206084046114 315.132373912799 -22756327.2735501 5428422.90681593
1270843251.57626 5504546758472.06 -1592256998979.46 845.112279995032 321.23990127469 -22756327.2735502 5471851.20184721
1276337919.56962 5509112973846.54 -1590482422956.71 823.875750461336 327.376858806866 -22756327.2735502 5494667.9933634
1281877510.90403 5513581368702.06 -1588666709502.52 802.576034104777 333.520093348169 -22756327.2735502 5539591.33440426
1287451709.36697 5517967891132.23 -1586802034382.05 781.126963869759 339.694282678263 -22756327.2735503 5574198.46294607
1293070502.35388 5522261950020.62 -1584891240113.24 759.568063644789 345.887834902784 -22756327.2735503 5618792.98691136
1298745173.68629 5526468809029.41 -1582930273555.36 737.860251485399 352.111762051437 -22756327.2735503 5674671.3324071
1304452351.88139 5530593773174.84 -1580914365492.77 715.959576178532 358.378377113839 -22756327.2735503 5707178.19510163
1310216287.40422 5534617081825.47 -1578851097009.91 693.95576928727 364.661753928932 -22756327.2735504 5763935.52282922
1316024293.80574 5538553005524.52 -1576730967598.01 671.754831731128 370.988478782359 -22756327.2735504 5808006.40151527
1321887959.07537 5542389648394.71 -1574557797132.01 649.40515185645 377.344464630258 -22756327.2735504 5863665.26963572
1327807816.59918 5546131439226.95 -1572326408976.25 626.861610761713 383.742245914331 -22756327.2735505 5919857.52380746
1333770817.5684 5549775052524.27 -1570035638329.84 604.121646327948 390.182208266759 -22756327.2735505 5963000.96922452
1339814423.3215 5553309184127.83 -1567689688204.44 581.234761419674 396.650030650404 -22756327.2735505 6043605.75309892
1345924378.28941 5556751889188.11 -1565272731414.95 558.056612288626 403.186114276052 -22756327.2735505 6109954.96791171
1352088393.58812 5560090048286.24 -1562789144639.21 534.641351235333 409.774712320622 -22756327.2735506 6164015.29870553
1358333378.46737 5563312823772.29 -1560242850694.23 511.035373448222 416.40238208892 -22756327.2735506 6244984.87924676
1364656775.28158 5566429595111.65 -1557621507680.07 487.134917078434 423.097810863178 -22756327.2735506 6323396.81421818
1371070807.85572 5569433466706.25 -1554924708750.92 462.949076888276 429.857912077348 -22756327.2735506 6414032.57413316
1377572899.84508 5572324198151.16 -1552145647823.2 438.430348738668 436.695381639516 -22756327.2735507 6502091.98935825
1384178476.16968 5575094141644.65 -1549283733444.22 413.587765079506 443.607074674483 -22756327.2735507 6605576.32460097
1390924911.31785 5577742804109.12 -1546330316465.8 388.361504506177 450.608950628072 -22756327.2735507 6746435.14817328
1397794060.19713 5580275981882.93 -1543266246586.03 362.607956207668 457.739973566385 -22756327.2735507 6869148.87928228
1404811025.04813 5582676755953.27 -1540097083615.44 336.39539596274 464.980249656588 -22756327.2735508 7016964.85099971
1412000657.21511 5584943309468.88 -1536808445393.72 309.626878331033 472.355519524497 -22756327.2735508 7189632.16698169
1419387326.70799 5587070837508.15 -1533385281570.1 282.206325020122 479.890993478622 -22756327.2735508 7386669.49287449
1427038370.22378 5589051369700.92 -1529811958937.81 254.039331379962 487.611119051007 -22756327.2735508 7651043.51578708
1435000354.5094 5590883436573.85 -1526050706969.56 224.867432312551 495.584808264579 -22756327.2735508 7961984.28562241
1443380736.78878 5592552979014.52 -1522071914443.92 194.511017182232 503.858658875434 -22756327.2735509 8380382.27938657
1452374054.21467 5594049167556.17 -1517812984439.09 162.557741577965 512.541749854425 -22756327.2735509 8993317.42588616
1462152341.02893 5595356890902.1 -1513161738541.08 128.26218391353 521.831695051832 -22756327.2735509 9778286.81425534
1472174078.27913 5596428723904.34 -1508009864070.88 90.9627903206903 531.900496153434 -22756327.2735509 10021737.2502032
1481311183.34196 5597100578285.92 -1503106961516.88 56.095299340251 541.28002930763 -22756327.2735508 9137105.06283594
1489736754.78312 5597437709507.25 -1498510016127.21 23.9276997898474 549.905199833311 -22756327.2735508 8425571.4411511
1497699402.96872 5597507150459.09 -1494098929823.19 -6.488903974674 558.036100807331 -22756327.2735508 7962648.18560518
1505318755.29098 5597346773102.95 -1489817472856.76 -35.611490717943 565.798538036528 -22756327.2735508 7619352.32226333
1512678789.04618 5596981091618.71 -1485625632490.8 -63.761191345364 573.280703953908 -22756327.2735507 7360033.75519674
1519821728.59008 5596428022326.56 -1481504832736.93 -91.0997285893304 580.527557078193 -22756327.2735507 7142939.5438997
1526783199.69165 5595701035933.17 -1477438962476.06 -117.763696790439 587.576901069047 -22756327.2735507 6961471.10156512
1533595999.0639 5594809788437.58 -1473412454238.54 -143.879014624335 594.463307568303 -22756327.2735506 6812799.37225182
1540270162.12475 5593764081297.91 -1469422428465.16 -169.484453919213 601.198085759065 -22756327.2735506 6674163.0608479
1546830918.04729 5592569506199.3 -1465456426799.58 -194.677121336028 607.807705356867 -22756327.2735506 6560755.92254589
1553291210.40535 5591231643353.51 -1461508815376.64 -219.507094224075 614.306072853955 -22756327.2735506 6460292.35805411
1559662832.74499 5589754946186.46 -1457574295811.86 -244.020096475729 620.705818714057 -22756327.2735505 6371622.33964865
1565946146.04581 5588145683439.92 -1453654402840.67 -268.217881450618 627.008009951074 -22756327.2735505 6283313.30081613
1572141942.90316 5586409877069.96 -1449750358528.95 -292.103781129634 633.214110539765 -22756327.2735505 6195796.8573466
1578273327.46712 5584546345124.38 -1445849071222.23 -315.76720975731 639.347855008191 -22756327.2735504 6131384.56396033
1584328978.61853 5582563338757.3 -1441959079836.84 -339.164818991681 645.398461543899 -22756327.2735504 6055651.1514107
1590325131.73315 5580460128466.27 -1438071227350.67 -362.359650554958 651.382664463913 -22756327.2735504 5996153.11462635
1596257149.05303 5578242476255.72 -1434189671030.6 -385.334093378771 657.296306538459 -22756327.2735504 5932017.31987529
1602136537.17064 5575909939747.59 -1430307956090.53 -408.133035255361 663.151300402023 -22756327.2735503 5879388.11761139
1607952120.96415 5573470763015.33 -1426434517952.74 -430.713414146781 668.936940698374 -22756327.2735503 5815583.79351116
1613726362.70943 5570918920075.1 -1422555342512.89 -453.162755272223 674.67596503608 -22756327.2735503 5774241.74527759
1619448455.55841 5568262160720.3 -1418678525055.3 -475.439398738474 680.357992423345 -22756327.2735502 5722092.84898309
1625122084.57534 5565501962368.48 -1414802455412.73 -497.557950519843 685.987038710864 -22756327.2735502 5673629.01692723
1630746229.01742 5562641895445.93 -1410928684738.52 -519.514671711986 691.56243108323 -22756327.2735502 5624144.44207777
1636332241.86588 5559678896861.5 -1407050151608.15 -541.354174122197 697.09573964051 -22756327.2735501 5586012.84845848
1641870010.91631 5556620979702.64 -1403174616930.09 -563.037187392374 702.577250454226 -22756327.2735501 5537769.05043733
1647378264.80847 5553460153529.33 -1399289635422.01 -584.63735315979 708.02578573599 -22756327.2735501 5508253.89215644
1652846454.73352 5550204542501.47 -1395403235548.64 -606.113659132822 713.431177309116 -22756327.2735501 5468189.92504736
1658274413.56202 5546856648987.45 -1391516205750.4 -627.465678122836 718.79352793207 -22756327.27355 5427958.82850385
1663672983.60093 5543411831527.1 -1387621359301.33 -648.736362664293 724.123798733114 -22756327.27355 5398570.03890427
1669033561.18537 5539877542086.58 -1383725457724.83 -669.89211199524 729.413734978327 -22756327.27355 5360577.5844445
1674364655.95321 5536250124051.25 -1379822866795.18 -690.966784393719 734.671967155471 -22756327.2735499 5331094.76783846
1679656075.74021 5532538507642.57 -1375921606116.67 -711.920322126546 739.888669078737 -22756327.2735499 5291419.78700607
1684917934.57979 5528737584918.55 -1372014773137.54 -732.792985979146 745.074031665169 -22756327.2735499 5261858.83957692
1690142301.80286 5524854990991.41 -1368108788566.73 -753.553525673372 750.220450651949 -22756327.2735498 5224367.22306511
1695337935.35715 5520886087480.67 -1364197626048.11 -774.236939927407 755.336757427959 -22756327.2735498 5195633.55429643
1700504993.27593 5516832337405.12 -1360281615379.67 -794.84412948438 760.423300883262 -22756327.2735498 5167057.91877573
1705636519.58808 5512700983315.28 -1356366525202.51 -815.347530663538 765.473423965733 -22756327.2735497 5131526.31215085
1710739822.85024 5508487906415.59 -1352447269630.09 -835.776507715468 770.494503752407 -22756327.2735497 5103303.26215541
1715824641.32016 5504186301652.63 -1348516727913.96 -856.170381735183 775.496294598864 -22756327.2735497 5084818.4699258
1720872049.27115 5499813688596.83 -1344589953582.41 -876.453462839071 780.460350832376 -22756327.2735496 5047407.95098372
1725910758.19489 5495346398992.62 -1340644958049.47 -896.741446467141 785.415074047095 -22756327.2735496 5038708.92374416
1730912395.84131 5490810776192.19 -1336704298068.03 -916.920400457913 790.332724466395 -22756327.2735496 5001637.64642124
1735886524.81667 5486199901507.31 -1332760918911.67 -937.02897024057 795.222862773392 -22756327.2735495 4974128.97536176
1740834974.37005 5481513480223.28 -1328813762535.58 -957.074738029722 800.087439261292 -22756327.2735495 4948449.55337903
1745758306.26664 5476752303275.6 -1324862752725.46 -977.060181770297 804.927153517803 -22756327.2735495 4923331.89659369
1750656650.58546 5471917541463.09 -1320908149327.83 -996.986026565378 809.742276575045 -22756327.2735494 4898344.31881194
1755530559.03111 5467009921059.39 -1316949863712.73 -1016.85470894626 814.533489907876 -22756327.2735494 4873908.44565081
1760379730.73974 5462031003124.2 -1312988492737.11 -1036.66518463935 819.300632986533 -22756327.2735494 4849171.70863109
1765204711.87762 5456981472620.68 -1309023938585.14 -1056.41985730883 824.044374160842 -22756327.2735493 4824981.13787975
1770006038.99766 5451861976749.76 -1305056098693.48 -1076.12109786086 828.765368779344 -22756327.2735493 4801327.12004591
1774783828.06148 5446673576607.36 -1301085208668.33 -1095.76955273549 833.463855199482 -22756327.2735493 4777789.06381765
1779547685.46181 5441406734151.22 -1297103545399.74 -1115.40502231459 838.1494036048 -22756327.2735492 4763857.40033125
1784286152.49214 5436075063027.5 -1293120958371.08 -1134.98053555521 842.810863490381 -22756327.2735492 4738467.03032525
1789008279.33644 5430669392615.15 -1289130128564.49 -1154.53369689122 847.457254415601 -22756327.2735491 4722126.84430275
1793705238.22593 5425200830880.86 -1285138800711.37 -1174.02816162206 852.080003622068 -22756327.2735491 4696958.88948869
1798377555.4305 5419670006539.21 -1281146867449.77 -1193.46619137968 856.679736384381 -22756327.2735491 4672317.20457362
1803024970.15529 5414078457374.92 -1277154887378.03 -1212.84676971517 861.256299902664 -22756327.273549 4647414.7247888
1807652067.30905 5408421766081.53 -1273159226205.95 -1232.18913787269 865.814311797859 -22756327.273549 4627097.15375555
1812257270.73303 5402702867569.5 -1269161526567.97 -1251.48686313322 870.352320487389 -22756327.273549 4605203.42398387
1816846986.06728 5396914672153.52 -1265156474941.02 -1270.76700903621 874.876739108903 -22756327.2735489 4589715.3342506
1821414977.11252 5391065901825.4 -1261149757631.72 -1290.00359437845 879.381518743497 -22756327.2735489 4567991.04523555
1825961740.34094 5385156941139.55 -1257141221050.4 -1309.19882676527 883.86724169812 -22756327.2735488 4546763.22842539
1830496020.94755 5379177175933.6 -1253123373390.21 -1328.38988165995 888.342631854816 -22756327.2735488 4534280.60660661
1835015433.59107 5373130317792.7 -1249098502653.85 -1347.5670153258 892.805433209541 -22756327.2735488 4519412.64351943
1839503083.36972 5367040089354.14 -1245081957132.5 -1366.65856832271 897.239045135899 -22756327.2735487 4487649.77865189
1843976390.89953 5360883948280.67 -1241058441979.69 -1385.73868157927 901.660758894262 -22756327.2735487 4473307.52980574
1848426598.80315 5354674794621.42 -1237036071814.7 -1404.77016485899 906.062002385661 -22756327.2735486 4450207.9036274
1852862584.11983 5348401085130.91 -1233007058825.83 -1423.79113910702 910.451637284509 -22756327.2735486 4435985.31667898
1857276023.46006 5342075415664.04 -1228979193627.92 -1442.76607360533 914.821507648967 -22756327.2735486 4413439.34022783
1861675357.72338 5335686506837.53 -1224945001668.49 -1461.73141313527 919.180049655468 -22756327.2735485 4399334.26331517
1866055710.1422 5329242156146 -1220909159370.8 -1480.6663432556 923.522511503054 -22756327.2735485 4380352.41881821
1870422422.36275 5322735205136.37 -1216866945611.75 -1499.59416620003 927.85426709078 -22756327.2735484 4366712.22055378
1874762420.71096 5316186052743.43 -1212830712007.91 -1518.4582792614 932.162416218043 -22756327.2735484 4339998.34821214
1879079906.77486 5309589524752.73 -1208796856496.75 -1537.27684172292 936.451187169793 -22756327.2735484 4317486.06389976
1883384297.67656 5302932011499.25 -1204756796790.03 -1556.0910349377 940.730003693541 -22756327.2735483 4304390.90170108
1887675633.13438 5296213961336.57 -1200710650098.24 -1574.90133588839 944.998982932167 -22756327.2735483 4291335.45781775
1891945502.37905 5289449285630.72 -1196666553895.72 -1593.67102011973 949.249824802984 -22756327.2735482 4269869.24467389
1896202420.88584 5282625233170.46 -1192616648613.61 -1612.43765932359 953.491072153329 -22756327.2735482 4256918.50679111
1900442351.89413 5275748887107.39 -1188564950882.3 -1631.18367531526 957.718771884242 -22756327.2735481 4239931.00828508
1904660631.96988 5268828665684.96 -1184516147546.54 -1649.8884941478 961.928330669965 -22756327.2735481 4218280.07574921
1908866117.78041 5261850774764 -1180461940667.53 -1668.59150751166 966.128646885779 -22756327.2735481 4205485.81052777
1913051228.68487 5254828490549.52 -1176409832065.27 -1687.25913930529 970.312209026369 -22756327.273548 4185110.90446758
1917216063.39644 5247762553464.2 -1172359966041.64 -1705.89181192038 974.479164137671 -22756327.273548 4164834.71156816
1921368598.31637 5240640109391.72 -1168304774671.21 -1724.5253468148 978.637549930824 -22756327.2735479 4152534.91993188
1925509196.60628 5233460979471.43 -1164244038783.8 -1743.16167425925 982.787797227689 -22756327.2735479 4140598.2899079
1929629734.35979 5226239908975.57 -1160185908713.21 -1761.76436757388 986.921818279548 -22756327.2735478 4120537.75350597
1933738427.46042 5218963155761.26 -1156122474794.65 -1780.37065373585 991.047909686475 -22756327.2735478 4108693.10063445
1937827531.29904 5211645077483.09 -1152061574363.14 -1798.94560015176 995.158346970218 -22756327.2735478 4089103.838615
1941904880.84284 5204272289982.35 -1147995603242.26 -1817.5249340198 999.261057698158 -22756327.2735477 4077349.54380656
1945962790.56318 5196859322867.55 -1143932400550.22 -1836.07376824592 1003.34835895053 -22756327.2735477 4057909.72033906
1949998032.63424 5189413007425.03 -1139875439426.58 -1854.57724065316 1007.41703149451 -22756327.2735476 4035242.07105974
1954021988.40837 5181913047962.55 -1135813467517.7 -1873.08760176493 1011.47859398855 -22756327.2735476 4023955.77412549
1958023773.19983 5174380423226.11 -1131757658692.51 -1891.55484677379 1015.52210214108 -22756327.2735475 4001784.79145825
1962014365.27208 5166795156461.58 -1127697071528.79 -1910.02969989895 1019.5586895912 -22756327.2735475 3990592.0722538
1965986533.43827 5159171575585.4 -1123639225622.29 -1928.47882307522 1023.58108739369 -22756327.2735474 3972168.16619268
1969947895.61839 5151495631185.16 -1119576497366.64 -1946.93774297392 1027.59705488692 -22756327.2735474 3961362.18011636
1973888031.81825 5143788162037.26 -1115519748194.75 -1965.35798003788 1031.59606730419 -22756327.2735473 3940136.19986214
1977807055.77203 5136049877245.93 -1111469096859 -1983.73989749224 1035.57825943855 -22756327.2735473 3919023.95377745
1981723236.14705 5128239433966.81 -1107402830061.33 -2002.18283902603 1039.56513943675 -22756327.2735472 3916180.37501587
1985621336.16255 5120398871158.78 -1103342764342.24 -2020.58865601216 1043.53547599952 -22756327.2735472 3898100.01549996
1989501727.12405 5112522549088.24 -1099285762746.88 -2038.97242672264 1047.49256514943 -22756327.2735471 3880390.9615022
1993371999.04394 5104595589154.58 -1095224036337.54 -2057.37025940513 1051.4441871064 -22756327.273547 3870271.91989178
1997224688.33277 5096633801289.46 -1091165563115.54 -2075.7468230736 1055.38276062184 -22756327.273547 3852689.28882976
2001060015.53937 5088637451871.12 -1087110298178.23 -2094.10313717259 1059.3085353103 -22756327.2735469 3835327.20659626
2004878197.90027 5080606797134.79 -1083058195917.34 -2112.44021269948 1063.2217570537 -22756327.2735469 3818182.36090369
2008686704.9929 5072526623368.07 -1079001467419.85 -2130.79407906466 1067.13011877406 -22756327.2735468 3808507.09262909
2012478324.11844 5064412722287.81 -1074947931742.69 -2149.13013545105 1071.0262554782 -22756327.2735468 3791619.12554012
2016253130.16278 5056265618478.66 -1070897686298.25 -2167.44871839893 1074.91026536258 -22756327.2735467 3774806.04433832
2020018508.45664 5048069851319.79 -1066842940237.98 -2185.78582700824 1078.7897827902 -22756327.2735467 3765378.29386297
2023767324.43729 5039841421623.01 -1062791507848.1 -2204.10687808204 1082.65749176233 -22756327.2735466 3748815.98065347
2027497573.39669 5031585451788.79 -1058745739617.45 -2222.40199477588 1086.51133843743 -22756327.2735466 3730248.95940067
2031211677.81789 5023297290184.72 -1054703188987.48 -2240.68298262887 1090.35383949698 -22756327.2735465 3714104.4211934
2034907919.11556 5014981461786.43 -1050665902583.24 -2258.94131835401 1094.18323097357 -22756327.2735464 3696241.2976693
2038595326.91969 5006618140569.33 -1046624151082.18 -2277.22173038722 1098.00889663344 -22756327.2735464 3687407.80413061
2042266904.20669 4998223629136.44 -1042585725233.64 -2295.4897058741 1101.82360942414 -22756327.2735463 3671577.28699888
2045922718.939 4989798394314.99 -1038550710859.47 -2313.74556725734 1105.62745579213 -22756327.2735463 3655814.73231828
2049562965.28892 4981342603136.37 -1034519052156 -2331.99026973801 1109.42065297936 -22756327.2735462 3640246.3499125
2053187958.48611 4972856123467.45 -1030490555055.45 -2350.22538706313 1113.20354463808 -22756327.2735462 3624993.19719084
2056797638.9967 4964339687347.29 -1026465438788.29 -2368.45061505884 1116.97608323753 -22756327.2735461 3609680.51059532
2060406028.94228 4955757341784.56 -1022426694600.01 -2386.7436876434 1120.75432196478 -22756327.2735461 3608389.94557438
2063999176.33667 4947148603527.82 -1018392893739.74 -2405.02120450967 1124.52100185509 -22756327.273546 3593147.39439005
2067570377.89849 4938527249461.26 -1014370309302.49 -2423.25539039668 1128.27044145246 -22756327.2735459 3571201.56182609
2071125647.71658 4929879552212.38 -1010352359481.28 -2441.47671944909 1132.00894768487 -22756327.2735459 3555269.81808158
2074666259.65924 4921203004884.02 -1006337755478.42 -2459.69169028532 1135.73786922075 -22756327.2735458 3540611.94266367
2078199145.86407 4912480986699.53 -1002318741626.13 -2477.93617147626 1139.4645354106 -22756327.2735457 3532886.20482656
2081717466.47795 4903730748177.32 -998303202614.885 -2496.1750465995 1143.1817591923 -22756327.2735457 3518320.61388529
2085221281.55277 4894952689364.95 -994291211062.781 -2514.40862872021 1146.88961402083 -22756327.2735456 3503815.07481865
2088703387.03573 4886165602899.46 -990291196219.508 -2532.59920926561 1150.58046684935 -22756327.2735456 3482105.48295599
2092178127.84187 4877333838325.88 -986286819803.227 -2550.82171679137 1154.2695303528 -22756327.2735455 3474740.80614035
2095638772.75044 4868474845278.92 -982285936731.019 -2569.04106820508 1157.9496847248 -22756327.2735454 3460644.90857227
2099085492.02955 4859588707773.85 -978288483783.034 -2587.25817347405 1161.62111963344 -22756327.2735454 3446719.2791095
2102518341.7159 4850675794894.15 -974294527954.092 -2605.47334460282 1165.28390298226 -22756327.2735453 3432849.68635696
2105937024.86846 4841737397610.04 -970304547639.049 -2623.68500951831 1168.93772452442 -22756327.2735452 3418683.15255686
2109341711.88265 4832773593750.73 -966318477188.282 -2641.89407062571 1172.58277162966 -22756327.2735452 3404687.01418735
2112739422.32998 4823766229002.84 -962328191920.686 -2660.13829035142 1176.22658351435 -22756327.2735451 3397710.44733444
2116117154.61423 4814750260971.53 -958349086894.995 -2678.34788047462 1179.85522357972 -22756327.273545 3377732.28424915
2119481727.07253 4805708148961.04 -954373289082.182 -2696.55941962244 1183.47600524582 -22756327.273545 3364572.45830135
2122839514.60048 4796623059169.22 -950393352618.876 -2714.80765868571 1187.09581349488 -22756327.2735449 3357787.52794215
2126184114.00044 4787512615652.04 -946416954182.347 -2733.0580417551 1190.70776938394 -22756327.2735448 3344599.39996155
2129509257.06603 4778394538240.66 -942451701469.022 -2751.2761847908 1194.30509052682 -22756327.2735448 3325143.06559606
2132821549.25077 4769251350039.4 -938489870560.68 -2769.49810257699 1197.89490980747 -22756327.2735447 3312292.18473862
2136127479.51819 4760065417258.68 -934523782197.301 -2787.75975320793 1201.48428374289 -22756327.2735446 3305930.26742087
2139414204.74495 4750872878245.62 -930568960266.293 -2805.9902339559 1205.05927252739 -22756327.2735445 3286725.22675357
2142694617.16082 4741638125779.76 -926610007523.962 -2824.26109520836 1208.63390302213 -22756327.2735445 3280412.4158744
2145962453.31285 4732379061495.91 -922654562796.955 -2842.53771775383 1212.2013728532 -22756327.2735444 3267836.15203159
2149211580.11938 4723113671730.68 -918710195555.368 -2860.78563139532 1215.75497139288 -22756327.2735443 3249126.80652771
2152448350.47316 4713824443086.23 -914769337825.565 -2879.0403483838 1219.30163128862 -22756327.2735442 3236770.35377856
2155672909.95524 4704511382792.65 -910831921687.338 -2897.30274630102 1222.84151530896 -22756327.2735442 3224559.48207919
2158879532.49793 4695191606661.76 -906905077721.243 -2915.54024763679 1226.36832258597 -22756327.2735441 3206622.54268856
2162080393.27838 4685830129970.36 -902974000319.962 -2933.8221780595 1229.89544829815 -22756327.273544 3200860.78045215
2165263119.99553 4676463544785.94 -899053989237.662 -2952.07794012865 1233.40926180068 -22756327.2735439 3182726.71715587
2168434030.94858 4667073829706.99 -895137399153.474 -2970.34361813124 1236.91672160404 -22756327.2735438 3170910.95304336
2171593652.71436 4657659811086.89 -891223679922.211 -2988.62233487882 1240.41841386421 -22756327.2735438 3159621.76577866
2174736171.27507 4648239342418.07 -887320160943.485 -3006.88034432043 1243.90788105404 -22756327.2735437 3142518.56071251
2177873232.51628 4638777883270.78 -883412473069.977 -3025.18541231056 1247.39805875413 -22756327.2735436 3137061.24121364
2180993312.67378 4629310557589.65 -879515066977.948 -3043.47040002677 1250.87612954164 -22756327.2735435 3120080.15749828
2184102084.29756 4619820681609.4 -875620983282.744 -3061.76842917981 1254.34840049307 -22756327.2735434 3108771.62377996
2187194302.03807 4610324784506.8 -871736916208.18 -3080.04851357371 1257.80899698886 -22756327.2735434 3092217.74051412
2190281332.50961 4600788309793.8 -867848680174.942 -3098.37796934019 1261.27064334202 -22756327.2735433 3087030.47154058
2193351408.57235 4591247969257.54 -863971190008.495 -3116.68702916763 1264.72014588488 -22756327.2735432 3070076.06273462
2196410533.21164 4581685627590.88 -860096987267.968 -3135.01136496715 1268.16423088227 -22756327.2735431 3059124.63928941
2199458745.49286 4572101516071.46 -856226114284.526 -3153.35131649168 1271.60294325404 -22756327.273543 3048212.28122011
2202491251.79772 4562511191086.64 -852364774507.469 -3171.67795419741 1275.03085923464 -22756327.2735429 3032506.30485824
2205512940.69611 4552899674551.07 -848506858608.95 -3190.02073248296 1278.45348825736 -22756327.2735428 3021688.89839464
2208524020.48626 4543266646077.98 -844652189601.635 -3208.38102854084 1281.87106646271 -22756327.2735428 3011079.79014663
2211519839.24427 4533627452884.26 -840806834237.412 -3226.73040409316 1285.27829791025 -22756327.2735427 2995818.75801121
2214505139.72374 4523967297517.92 -836964815676.725 -3245.09783484775 1288.68056017866 -22756327.2735426 2985300.47947101
2217480041.42959 4514286122286.58 -833126065917.024 -3263.48417985607 1292.07798928584 -22756327.2735425 2974901.70584876
2220435569.27175 4504613708128.48 -829302296914.13 -3281.83371662328 1295.46030301219 -22756327.2735424 2955527.84216421
2223380963.05665 4494920382795.64 -825481683531.722 -3300.203563556 1298.83804304662 -22756327.2735423 2945393.7848941
2226317485.23544 4485202269016.96 -821662663722.682 -3318.6017871309 1302.21266153244 -22756327.2735422 2936522.17878732
2229239608.07884 4475478055641.18 -817852523415.848 -3336.99376183718 1305.57779439351 -22756327.2735421 2922122.84340973
2232151789.76507 4465733331992.86 -814045551817.987 -3355.4075054725 1308.9385594274 -22756327.273542 2912181.68622384
2235054064.11425 4455968286465.75 -810241784087.705 -3373.84338127873 1312.29499506084 -22756327.2735419 2902274.34917882
2237940949.0377 4446201816712.46 -806448511774.832 -3392.26647248273 1315.64073998819 -22756327.2735419 2886884.92345574
2240819606.50964 4436410099830.36 -802656422281.1 -3410.72246122452 1318.98407866826 -22756327.2735418 2878657.47194128
2243682999.7853 4426617474716.6 -798874882367.841 -3429.16620950789 1322.31682219485 -22756327.2735417 2863393.27565357
2246532809.47369 4416818745895.47 -795101796295.701 -3447.6082735984 1325.64088954346 -22756327.2735416 2849809.68839448
2249373148.45112 4407000163984.93 -791331813297.965 -3466.07525612797 1328.9610618399 -22756327.2735415 2840338.97742301
2252202881.92306 4397165962020.26 -787566519188.712 -3484.55989781095 1332.27600691493 -22756327.2735414 2829733.4719438
2255023284.0876 4387312018416.84 -783804297286.041 -3503.07064545994 1335.58721171639 -22756327.2735413 2820402.16453682
2257831694.93819 4377447972225.91 -780048781401.092 -3521.59009731238 1338.89154164441 -22756327.2735412 2808410.85059772
2260630916.13671 4367564325006.69 -776296309755.072 -3540.13678864518 1342.19228128793 -22756327.2735411 2799221.19851972
2263418236.07498 4357670990924.82 -772550601501.145 -3558.69281425477 1345.48622106164 -22756327.273541 2787319.93826738
2266193775.41696 4347767954094.81 -768811591280.795 -3577.2589116917 1348.77348060795 -22756327.2735409 2775539.34197958
2268957514.18524 4337855695925.54 -765079402129.541 -3595.83488131813 1352.05401292242 -22756327.2735408 2763738.7682818
2271706949.51006 4327943674048.1 -761357522302.403 -3614.40370670141 1355.32481300696 -22756327.2735407 2749435.32481318
2274447525.51206 4318012661340.54 -757638675863.292 -3633.00209950088 1358.59233406051 -22756327.2735406 2740576.00200101
2277176586.60151 4308072603234.29 -753926546225.84 -3651.61211366643 1361.85339694772 -22756327.2735405 2729061.08945764
2279894248.22851 4298123472949.59 -750221068547.449 -3670.23448322317 1365.10811584385 -22756327.2735404 2717661.62699248
2282600624.0344 4288165242340.29 -746522178803.553 -3688.86994023184 1368.35660323144 -22756327.2735403 2706375.80589427
2285295760.88661 4278198122918.47 -742829902931.438 -3707.51876408964 1371.5988916477 -22756327.2735401 2695136.85220465
2287979705.4579 4268222323994.2 -739144266383.102 -3726.18123447069 1374.83501315625 -22756327.27354 2683944.57129408
2290652568.6787 4258237811333.48 -735465205312.798 -3744.85808281984 1378.06507732593 -22756327.2735399 2672863.22080169
2293314396.3012 4248244788295.46 -731792744333.342 -3763.54959237577 1381.28911516721 -22756327.2735398 2661827.62249437
2295965297.06016 4238243217186.02 -728126820132.838 -3782.2564936776 1384.50723400515 -22756327.2735397 2650900.75896545
2298602279.55055 4228244836294.96 -724471669987.666 -3800.95748768067 1387.71576524711 -22756327.2735396 2636982.49039143
2301228560.10302 4218237896931.98 -720822934912.769 -3819.67520032563 1390.9185853597 -22756327.2735395 2626280.55246816
2303844182.15034 4208222589132.49 -717180637941.321 -3838.40992407033 1394.11572314989 -22756327.2735394 2615622.04732298
2306449188.94903 4198199100946.71 -713544801678.944 -3857.16195203435 1397.3072069841 -22756327.2735392 2605006.79868816
2309043683.20097 4188167387369.71 -709915364810.088 -3875.9320104411 1400.49313808686 -22756327.2735391 2594494.25193417
2311627707.3297 4178127631050.21 -706292349208.968 -3894.72039683494 1403.67354386385 -22756327.273539 2584024.12873137
2314198904.25359 4168089402557.73 -702679151837.054 -3913.50983174868 1406.84548793024 -22756327.2735389 2571196.92388807
2316762300.73068 4158033414768.19 -699068788095.025 -3932.33705048052 1410.0151469289 -22756327.2735388 2563396.47709274
2319313029.02238 4147979097525.13 -695468192282.834 -3951.16630650079 1413.17647721211 -22756327.2735387 2550728.291703
2321853384.24651 4137917811410.02 -691874215153.964 -3970.01439931734 1416.33228686087 -22756327.2735385 2540355.22412977
2324381240.5574 4127858379348.19 -688289953836.02 -3988.86541629836 1419.47989847617 -22756327.2735384 2527856.31088529
2326901539.79503 4117781459918.99 -684708477422.311 -4007.75622601003 1422.6254405219 -22756327.2735383 2520299.23763192
2329409235.8814 4107707556859.88 -681137033201.039 -4026.64901054074 1425.76258891657 -22756327.2735382 2507696.08637527
2331909489.586 4097616263580.12 -677568347162.608 -4045.5826594194 1428.89777354016 -22756327.273538 2500253.70459409
2334395129.20222 4087536908966.32 -674012740962.225 -4064.50274903933 1432.02196552344 -22756327.2735379 2485639.61621736
2336873445.12823 4077440310510.94 -670459870582.766 -4083.46466049717 1435.14429205023 -22756327.2735378 2478315.92601627
2339337378.73329 4067355599538.17 -666919938534.909 -4102.41428197802 1438.25582436038 -22756327.2735377 2463933.60505533
2341794104.66422 4057253782622.1 -663382719743.964 -4121.40668985087 1441.36558677478 -22756327.2735375 2456725.93092822
2344238899.76015 4047154583920.28 -659855085858.779 -4140.4054090876 1444.46757480659 -22756327.2735374 2444795.09593547
2346671922.43328 4037057782747.59 -656336900651.307 -4159.41142847022 1447.56194238011 -22756327.2735373 2433022.67313323
2349097878.56615 4026944145863.94 -652821428979.451 -4178.46155798848 1450.65464869206 -22756327.2735371 2425956.13286401
2351512152.99148 4016833207429.36 -649315427854.799 -4197.51960673873 1453.73978401124 -22756327.273537 2414274.42532817
2353914898.46445 4006724749767.8 -645818765156.046 -4216.58654977072 1456.81749640623 -22756327.2735369 2402745.47297014
2356310763.42708 3996599502108.22 -642324743523.144 -4235.69933865996 1459.89371421059 -22756327.2735367 2395864.96263891
2358695187.34859 3986477021526.38 -638840080774.149 -4254.8216575036 1462.96255562643 -22756327.2735366 2384423.92150425
2361070544.66527 3976347574874.55 -635361383791.498 -4273.97247197593 1466.02703971732 -22756327.2735364 2375357.3166814
2363436822.88799 3966211495264.54 -631888736873.398 -4293.15175139335 1469.08712365683 -22756327.2735363 2366278.22271563
2365789604.61735 3956088112857.35 -628428709059.562 -4312.32347040487 1472.1370468532 -22756327.2735362 2352781.72936864
2368133485.90788 3945958055708.32 -624974626657.11 -4331.52486414957 1475.18271929072 -22756327.273536 2343881.29052614
2370466265.44961 3935831173314.78 -621529807902.913 -4350.73783272406 1478.22124303874 -22756327.2735359 2332779.54172822
2372788040.15141 3925707442033.51 -618094193448.882 -4369.96296313301 1481.25269622387 -22756327.2735357 2321774.70180055
2375101076.29594 3915577309820.87 -614664502693.766 -4389.21896090205 1484.28000010089 -22756327.2735356 2313036.14453178
2377405450.53012 3905440703819.08 -611240684178.275 -4408.50655674721 1487.30322758953 -22756327.2735354 2304374.23418135
2379696768.65228 3895317341917.57 -607829348465.697 -4427.78876689307 1490.31656518789 -22756327.2735353 2291318.12215894
2381979548.88771 3885187647611.24 -604423849812.274 -4447.10341170913 1493.32590619781 -22756327.2735351 2282780.2354278
2384251686.41897 3875061277598.81 -601027398260.913 -4466.43263874124 1496.32843792403 -22756327.273535 2272137.53126573
2386515440.26223 3864928476934.02 -597636686247.576 -4485.79562852722 1499.32710765526 -22756327.2735348 2263753.84325219
2388768640.10555 3854799271373.65 -594255033329.879 -4505.17378110285 1502.31900230218 -22756327.2735347 2253199.84332018
2391013526.13676 3844663900102.12 -590879145814.367 -4524.58632729644 1505.30705794117 -22756327.2735345 2244886.03121214
2393250129.032 3834522469166.86 -587509035766.589 -4544.03365389944 1508.29128711536 -22756327.2735344 2236602.89524318
2395474260.70291 3824394335142.56 -584151090541.852 -4563.47916503956 1511.26605272165 -22756327.2735342 2224131.67091112
2397690264.25742 3814260083416.46 -580798828981.216 -4582.9606574113 1514.23711461155 -22756327.2735341 2216003.5545027
2399893949.40217 3804139236456.81 -577458665141.825 -4602.44112099062 1517.19880566093 -22756327.2735339 2203685.14475134
2402087476.88761 3794022290162.23 -574127408047.358 -4621.93932934922 1520.15397017182 -22756327.2735337 2193527.48543813
2404273062.95343 3783899315314.23 -570801756539.806 -4641.47497034201 1523.10555481237 -22756327.2735336 2185586.06582246
2406450736.35065 3773770406209.86 -567481721478.645 -4661.04845179136 1526.05356961844 -22756327.2735334 2177673.39722357
2408616377.17396 3763655073836.13 -564173656638.202 -4680.62258300769 1528.99238774622 -22756327.2735332 2165640.823309
2410772108.82563 3753543807925 -560874399844.552 -4700.21623892915 1531.92483061142 -22756327.2735331 2155731.65166875
2412920071.74999 3743426852322.92 -557580737745.267 -4719.84887383914 1534.85377003029 -22756327.2735329 2147962.92435934
2415058241.74275 3733314021913.01 -554295836182.225 -4739.50198987093 1537.7764058594 -22756327.2735327 2138169.99276204
2417185240.33081 3723212218379.73 -551021889731.886 -4759.16265157316 1540.69079637546 -22756327.2735326 2126998.5880582
2419304625.66479 3713104861492.17 -547753488757.58 -4778.86364619585 1543.60176948957 -22756327.2735324 2119385.33398336
2421414399.55459 3703001754070.82 -544493775074.938 -4798.58641359277 1546.50654028558 -22756327.2735322 2109773.88979984
2423516671.98907 3692893062818.34 -541239548430.569 -4818.35069829376 1549.40797331319 -22756327.273532 2102272.4344719
2425609460.02928 3682788590532.46 -537993937528.686 -4838.13788317385 1552.30329125353 -22756327.2735319 2092788.04021296
2427692822.57369 3672688378644.89 -534756918542.34 -4857.94839097007 1555.19252469206 -22756327.2735317 2083362.54441517
2429766817.96211 3662592467584.33 -531528467767.997 -4877.78264529976 1558.07570349872 -22756327.2735315 2073995.388412
2431831503.98147 3652500896798.08 -528308561627.645 -4897.64107069918 1560.95285682932 -22756327.2735313 2064686.01936138
2433884989.94891 3642423283711.88 -525100222876.546 -4917.50519554301 1563.82128887848 -22756327.2735311 2053485.96743875
2435929304.27826 3632350046982.75 -521900355869.579 -4937.39435783445 1566.68377188713 -22756327.273531 2044314.32935221
2437966458.14359 3622271530352.01 -518705868706.788 -4957.32817171782 1569.54308039467 -22756327.2735308 2037153.8653324
2439992605.28308 3612207072062.92 -515522856684.056 -4977.26888804474 1572.39376434886 -22756327.2735306 2026147.13948734
2442011684.93466 3602137412243.27 -512345194862.15 -4997.25516560318 1575.24131431239 -22756327.2735304 2019079.65158057
2444021790.23538 3592072308443.44 -509175939042.083 -5017.26818689199 1578.08299881974 -22756327.2735302 2010105.30072324
2446021077.07267 3582021355569.22 -506018067460.84 -5037.2893199466 1580.91614895459 -22756327.27353 1999286.83728965
2448011519.44249 3571974987890.92 -502868532252.742 -5057.33806424243 1583.743500066 -22756327.2735298 1990442.36981992
2449993156.4711 3561933306532.1 -499727332949.002 -5077.41471401416 1586.56505525968 -22756327.2735296 1981637.02860429
2451967950.5238 3551886606643.48 -496591411828.3 -5097.53922311869 1589.38356565175 -22756327.2735294 1974794.05270031
2453932156.28775 3541854236254.3 -493466776783.856 -5117.67333230643 1592.19363298499 -22756327.2735293 1964205.76395733
2455887725.71754 3531826574499.61 -490350390617.141 -5137.83679094558 1594.99798717169 -22756327.273529 1955569.42978768
2457834709.61494 3521803650311.21 -487242231820.292 -5158.03003713224 1597.79664791654 -22756327.2735288 1946983.89739425
2459771305.16437 3511795087934.33 -484145245151.647 -5178.23411987137 1600.58696099011 -22756327.2735286 1936595.54943093
2461699423.47767 3501791351732.06 -481056440600.899 -5198.4687264246 1603.3716170242 -22756327.2735284 1928118.31330198
2463620972.13716 3491782770811.9 -477972812472.507 -5218.75397262235 1606.15332682663 -22756327.2735282 1921548.65949005
2465532316.16014 3481788558071.47 -474900251441.679 -5239.05141504493 1608.92677452609 -22756327.273528 1911344.02298008
2467435329.46525 3471799249220.48 -471835809791.498 -5259.38071195095 1611.69461583373 -22756327.2735278 1903013.30511587
2469330060.03301 3461814869096.88 -468779466896.382 -5279.74230896982 1614.45686620621 -22756327.2735276 1894730.56775703
2471216566.74751 3451835381769.77 -465731183931.078 -5300.13677647347 1617.21355699199 -22756327.2735274 1886506.7145025
2473094896.46901 3441860811405.84 -462690940864.574 -5320.56456316523 1619.96470199598 -22756327.2735272 1878329.72149461
2474963295.87258 3431900794087.08 -459661638293.394 -5341.00636961651 1622.70766905249 -22756327.273527 1868399.40357623
2476821838.94706 3421955313299.76 -456643225778.22 -5361.4626003144 1625.44249338322 -22756327.2735268 1858543.07447817
2478674149.48313 3412005242787.94 -453629872277.696 -5381.97309317228 1628.17445213465 -22756327.2735265 1852310.53606215
2480518484.08094 3402060156187.32 -450624460502.951 -5402.51867796654 1630.90092764055 -22756327.2735263 1844334.59781587
2482353120.13992 3392129658374.48 -447629858186.424 -5423.07994630573 1633.61930863015 -22756327.2735261 1834636.05897522
2484178118.62754 3382213787884.17 -444646033212.043 -5443.65718517963 1636.32961150502 -22756327.2735259 1824998.4876275
2485995288.44909 3372303028232.92 -441670087775.611 -5464.27057534001 1639.03445756934 -22756327.2735256 1817169.82154621
2487804663.18706 3362397452313.26 -438702019061.358 -5484.92046475425 1641.73384038224 -22756327.2735254 1809374.73796541
2489605517.99838 3352501306748.1 -435743071041.049 -5505.59847025493 1644.42661789575 -22756327.2735252 1800854.81132461
2491398666.58597 3342610396653.29 -432791961291.747 -5526.31382727598 1647.11394589449 -22756327.2735249 1793148.5875869
2493184160.20638 3332724690027.26 -429848656491.957 -5547.06710513301 1649.79584394241 -22756327.2735247 1785493.620409
2494960329.95636 3322853729113.73 -426915965261.956 -5567.83870408159 1652.46973908763 -22756327.2735245 1776169.74998088
2496730637.46682 3312978523218.52 -423988222267.419 -5588.66909116669 1655.14078475722 -22756327.2735242 1770307.51046036
2498490040.1031 3303127498984.12 -421073823611.082 -5609.49873756506 1657.80130608075 -22756327.273524 1759402.6362826
2500241974.47176 3293281763371.7 -418167139589.346 -5630.36795256227 1660.45642446305 -22756327.2735237 1751934.36865576
2501986472.2739 3283441379628.83 -415268166654.899 -5651.27710825212 1663.1061294047 -22756327.2735235 1744497.80214167
2503723581.11282 3273606319052.48 -412376874416.96 -5672.22677339403 1665.75043433257 -22756327.2735232 1737108.83892104
2505451676.20508 3263786071095.06 -409496022153.812 -5693.19716846989 1668.38679840246 -22756327.273523 1728095.09226562
2507170173.34485 3253984316558.91 -406626647397.206 -5714.18076165956 1671.01425107187 -22756327.2735227 1718497.13976299
2508881414.42309 3244188004812.81 -403764896498.892 -5735.20589495407 1673.63630175568 -22756327.2735225 1711241.07824148
2510587085.81197 3234387662649.61 -400907990017.298 -5756.29348846207 1676.2554826117 -22756327.2735222 1705671.38888575
2512282319.02996 3224611545331.5 -398064135598.783 -5777.38317997594 1678.86424936886 -22756327.273522 1695233.21798432
2513970415.78701 3214840945257.38 -395227853727.732 -5798.51568326483 1681.46760612745 -22756327.2735217 1688096.75705554
2515651406.12566 3205075916927.1 -392399140152.046 -5819.69139393587 1684.06553817444 -22756327.2735215 1680990.33864482
2517323151.98196 3195329176871.07 -389581647145.175 -5840.88314190219 1686.65466901324 -22756327.2735212 1671745.85630499
2518987886.67747 3185587998542.98 -386771664751.504 -5862.11900447452 1689.23838512462 -22756327.2735209 1664734.69550986
2520645639.6164 3175852433260.04 -383969188519.723 -5883.39938728734 1691.81667013345 -22756327.2735207 1657752.9389304
2522294865.11807 3166131831145.48 -381176882489.989 -5904.70428920974 1694.38704990513 -22756327.2735204 1649225.50167044
2523935071.25946 3156429430556.36 -378395638369.9 -5926.02693814767 1696.94867700957 -22756327.2735201 1640206.1413819
2525569990.3675 3146723389806.64 -375619173686.353 -5947.41582701993 1699.50731476339 -22756327.2735198 1634919.10804272
2527196517.10787 3137032361692.32 -372852805888.137 -5968.83037359816 1702.05803990656 -22756327.2735196 1626526.74037447
2528814705.66477 3127356339623.08 -370096498360.121 -5990.27094665568 1704.60085857284 -22756327.2735193 1618188.5568966
2530424101.16188 3117698373909.01 -367351082900.61 -6011.73111258549 1707.1349745875 -22756327.273519 1609395.49710658
2532026792.32956 3108046209019.43 -364613047125.372 -6033.23851405952 1709.66360256301 -22756327.2735187 1602691.16768185
2533622817.23406 3098399827111.35 -361882368610.882 -6054.79371761634 1712.18673767042 -22756327.2735184 1596024.90450352
2535210680.75156 3088768524181.84 -359161653509.133 -6076.37639202049 1714.70194377998 -22756327.2735182 1587863.51750248
2536790429.41603 3079152325405.66 -356450875620.205 -6097.98683365215 1717.20921461015 -22756327.2735179 1579748.66446688
2538363616.78384 3069542030716.81 -353747416569.288 -6119.6461593532 1719.71094266324 -22756327.2735176 1573187.36780701
2539928777.89855 3059946844189.39 -351053840914.175 -6141.33406773541 1722.20472483753 -22756327.2735173 1565161.1147134
2541485953.70935 3050366817120.99 -348370130561.209 -6163.0507953163 1724.69054563876 -22756327.273517 1557175.81080362
2543038178.22694 3040783486921.78 -345691097416.048 -6184.83873059737 1727.1731810926 -22756327.2735167 1552224.51758084
2544581026.83536 3031224420560.78 -343024424082.207 -6206.63564599238 1729.64548002149 -22756327.2735164 1542848.60842397
2546117496.52432 3021671346841.27 -340364981825.311 -6228.48355871684 1732.11216326761 -22756327.2735161 1536469.68895606
2547645723.30746 3012136116679.74 -337716044013.721 -6250.35578524579 1734.57016120167 -22756327.2735158 1528226.78314147
2549167638.87765 3002606937748.29 -335074309117.111 -6272.27979568108 1737.02250319764 -22756327.2735154 1521915.57019197
2550681820.09631 2993092965487.26 -332442292254.616 -6294.23497445414 1739.46682008529 -22756327.2735151 1514181.21865779
2552188309.55537 2983594223543.36 -329819969259.53 -6316.22162076604 1741.90309787646 -22756327.2735148 1506489.45906112
2553687149.48982 2974110735288.79 -327207316111.7 -6338.24003372377 1744.33132188059 -22756327.2735145 1498839.93444656
2555178381.78139 2964642523830.31 -324604308937.169 -6360.29051234665 1746.75147670364 -22756327.2735142 1491232.29157206
2556663471.45561 2955180526737.05 -322008434083.472 -6382.39461249753 1749.16586249288 -22756327.2735138 1485089.67422114
2558142449.36856 2945724738236.13 -319419675785.913 -6404.55289836429 1751.57445750952 -22756327.2735135 1478977.9129518
2559612525.04521 2936293282631.84 -316842966527.042 -6426.72325292647 1753.97263310443 -22756327.2735132 1470075.67664825
2561076555.82428 2926868110682.71 -314273345869.892 -6448.94845893696 1756.36496594053 -22756327.2735128 1464030.7790733
2562533171.26849 2917458279100.62 -311713261601.738 -6471.20761477914 1758.74913751488 -22756327.2735125 1456615.4442067
2563982411.16536 2908063810417.14 -309162690960.284 -6493.50102159266 1761.12512773693 -22756327.2735122 1449239.89687093
2565425698.56361 2898675711713.39 -306619171374.573 -6515.85047666532 1763.49518964757 -22756327.2735118 1443287.39824582
2566861683.90986 2889302991791.15 -304085122790.165 -6538.2349916081 1765.85702667697 -22756327.2735115 1435985.34625331
2568290405.93606 2879945673322.83 -301560523085.877 -6560.65486807986 1768.21061625363 -22756327.2735112 1428722.0262008
2569711903.05844 2870603778791.08 -299045350278.317 -6583.11040773434 1770.55593507972 -22756327.2735108 1421497.12237591
2571126213.38078 2861277330496 -296539582521.32 -6605.60191222456 1772.89295912913 -22756327.2735104 1414310.32234544
2572534388.14971 2851959633262.69 -294041399002.552 -6628.1459623178 1775.22334204994 -22756327.2735101 1408174.76892648
2573935447.5329 2842657406325.65 -291552579423.68 -6650.72673674121 1777.54537845253 -22756327.2735097 1401059.38319583
2575330766.36862 2833361744999.36 -289070721564.662 -6673.36631547751 1779.86126373729 -22756327.2735094 1395318.83572146
2576719036.96345 2824081583448.79 -286598191183.758 -6696.04340497485 1782.16874379616 -22756327.273509 1388270.59483026
2578099966.77683 2814819154980.01 -284135554567.623 -6718.75287889552 1784.46724236625 -22756327.2735086 1380929.81337539
2579475241.35045 2805563385469 -281679846272.277 -6741.52232918175 1786.7594791433 -22756327.2735083 1375274.57361697
2580843571.4299 2796323170820.17 -279233407424.227 -6764.33034072186 1789.04322010628 -22756327.2735079 1368330.07945101
2582203693.66287 2787107349831.23 -276798544493.659 -6787.15534475067 1791.31626235377 -22756327.2735075 1360122.23297651
2583558248.00837 2777898296407.03 -274370574433.04 -6810.04135522785 1793.58292742034 -22756327.2735071 1354554.34549715
2584905645.28602 2768707041489.57 -271952385093.83 -6832.96140155374 1795.84046845587 -22756327.2735067 1347397.27764505
2586246241.07865 2759531429722.91 -269543381777.338 -6855.92118953334 1798.08938908264 -22756327.2735064 1340595.79263094
2587579754.41156 2750373653147.14 -267144112540.146 -6878.9155646558 1800.329125496 -22756327.273506 1333513.33290847
2588907501.84423 2741224904785.1 -264752248239.054 -6901.96705791186 1802.56179900733 -22756327.2735056 1327747.43267566
2590228546.89904 2732091859758.18 -262369514198.102 -6925.05929713057 1804.78574538731 -22756327.2735052 1321045.05481013
2591544184.41544 2722965777166.7 -259993612041.261 -6948.214859611 1807.00305521573 -22756327.2735048 1315637.51640159
2592853180.12212 2713855428644.82 -257626807595.99 -6971.41196735382 1809.21155849364 -22756327.2735044 1308995.7066794
2594155566.88545 2704760838248.95 -255269082253.563 -6994.65092116443 1811.41121686035 -22756327.273504 1302386.76332965
2595451377.51688 2695682028565.63 -252920417162.49 -7017.93202541235 1813.60199151001 -22756327.2735036 1295810.63142885
2596740644.57558 2686619022101.28 -250580793588.659 -7041.25558452346 1815.7838428517 -22756327.2735032 1289267.05870187
2598023399.9696 2677571844123.21 -248250193644.361 -7064.62189564161 1817.95672982596 -22756327.2735027 1282755.39402099
2599299675.25191 2668540520631.02 -245928599757.672 -7088.03125377513 1820.12061039646 -22756327.2735023 1276275.28230788
2600570720.74707 2659516408578.69 -243613773091.541 -7111.50654615323 1822.27751121967 -22756327.2735019 1271045.49515895
2601835343.20478 2650508183468.6 -241307922132.799 -7135.02569042348 1824.42531356047 -22756327.2735015 1264622.45771221
2603092372.77427 2641524466617.69 -239013222845.568 -7158.56641917345 1826.56193110252 -22756327.273501 1257029.56948388
2604343046.37599 2632556705112.41 -236727459857.503 -7182.15138419873 1828.68936655513 -22756327.2735006 1250673.60172498
2605588287.32021 2623598490435.07 -234448981352.954 -7205.79789552429 1830.80909443711 -22756327.2735001 1245240.94421534
2606827228.19271 2614656273795.5 -232179409921.251 -7229.48938133386 1832.91954151674 -22756327.2734997 1238940.87249787
2608059899.2363 2605730078804.37 -229918728217.425 -7253.22614316963 1835.02066050679 -22756327.2734993 1232671.04359472
2609286330.4696 2596819929028.64 -227666919000.586 -7277.00848257468 1837.11240330495 -22756327.2734988 1226431.23330378
2610507721.60629 2587917306609.32 -225421813426.802 -7300.85962729726 1839.19671799524 -22756327.2734983 1221391.13668219
2611722925.41403 2579030771019.72 -223185554005.445 -7324.75713978432 1841.27154803957 -22756327.2734979 1215203.80774086
2612930816.78623 2570168829864.8 -220960251947.963 -7348.6783790011 1843.33487008981 -22756327.2734974 1207891.3722036
2614132584.11285 2561323043224.31 -218743758352.933 -7372.64636283863 1845.3886115292 -22756327.273497 1201767.32662207
2615328253.99598 2552493451885.35 -216536060803.663 -7396.66134496198 1847.43271613598 -22756327.2734965 1195669.88312964
2616518996.36462 2543671610947.95 -214335032064.683 -7420.74679013973 1849.46908278555 -22756327.273496 1190742.36864184
2617702562.3834 2534874416055.8 -212144865187.269 -7444.85693552574 1851.49376284579 -22756327.2734955 1183566.01877136
2618881245.83283 2526085052193.81 -209961351582.589 -7469.03823174441 1853.51057680814 -22756327.273495 1178683.44943699
2620053937.92068 2517311979995.71 -207786577661.493 -7493.267901513 1855.51752419783 -22756327.2734945 1172692.08784611
2621220665.06527 2508555234634.24 -205620530031.649 -7517.54621414862 1857.51454572582 -22756327.2734941 1166727.14459202
2622381453.4051 2499814852023.98 -203463195554.457 -7541.87343631385 1859.50158110917 -22756327.2734936 1160788.33983189
2623536330.27903 2491090857650.78 -201314558593.195 -7566.249863241 1861.47857159906 -22756327.2734931 1154876.87393104
2624685321.32442 2482383288447.34 -199174606409.43 -7590.67575781105 1863.44545500707 -22756327.2734925 1148991.04538446
2625828451.90987 2473692182085.04 -197043326507.857 -7615.1513801332 1865.40216815173 -22756327.273492 1143130.58544819
2626965750.35123 2465017552432.99 -194920700634.247 -7639.67705701358 1867.34865235678 -22756327.2734915 1137298.44136567
2628097239.93138 2456359450353.51 -192806719664.918 -7664.25301037077 1869.2848397859 -22756327.273491 1131489.58015032
2629222946.9795 2447717902194.72 -190701368538.115 -7688.8795307784 1871.21066726539 -22756327.2734905 1125707.04811718
2630342895.91297 2439092947655.5 -188604635512.487 -7713.55687028557 1873.12606779322 -22756327.27349 1119948.93346929
2631457112.68024 2430484613374.47 -186516505730.627 -7738.28531766504 1875.03097642298 -22756327.2734894 1114216.76727378
2632565623.0538 2421892925987.63 -184436964409.164 -7763.06516141745 1876.92532733574 -22756327.2734889 1108510.37355459
2633668450.78922 2413317926481.58 -182366000299.941 -7787.89664811753 1878.80905068982 -22756327.2734884 1102827.73541997
2634765619.40034 2404759656570.33 -180303602371.195 -7812.78002125389 1880.68207565282 -22756327.2734878 1097168.6111191
2635857152.16287 2396218158692.5 -178249759803.533 -7837.71552117449 1882.54433040366 -22756327.2734873 1091532.76253278
2636944115.28656 2387685273870.94 -176202496242.596 -7862.72747655458 1884.39752000851 -22756327.2734867 1086963.12369103
2638024454.24929 2379177353110.73 -174165713863.191 -7887.76832348618 1886.23802886276 -22756327.2734861 1080338.96273136
2639099229.89902 2370686303057.39 -172137447855.46 -7912.86209955221 1888.06755295951 -22756327.2734856 1074775.64972545
2640168094.89936 2362215103349.21 -170118386868.876 -7938.0003076583 1889.88538807195 -22756327.273485 1068865.00033934
2641232464.6137 2353752733100.2 -168105887513.885 -7963.21610937867 1891.69382531801 -22756327.2734844 1064369.71434149
2642290325.10105 2345315424641.86 -166103789495.138 -7988.461498377 1893.48932789867 -22756327.2734839 1057860.48735373
2643343725.70639 2336887052809.38 -164108245858.899 -8013.78508503482 1895.27525845539 -22756327.2734833 1053400.60534083
2644390673.19153 2328483784953.83 -162123063954.634 -8039.13865460321 1897.0481215213 -22756327.2734827 1046947.48513691
2645433193.2664 2320089580909.84 -160144433964.43 -8064.57096267796 1898.81123049374 -22756327.2734821 1042520.07486856
2646470301.42818 2311712548365.66 -158174252843.799 -8090.05795730982 1900.56279962911 -22756327.2734815 1037108.16177871
2647502018.66808 2303352736275.69 -156212511648.74 -8115.59984831872 1902.30274626797 -22756327.2734809 1031717.23990195
2648527967.83218 2295013434033.67 -154259959303.72 -8141.18688033691 1904.03031722721 -22756327.2734803 1025949.16410448
2649548574.45613 2286691415501.96 -152315817531.475 -8166.82924563301 1905.74611145379 -22756327.2734797 1020606.62394911
2650564834.21388 2278378741260.18 -150378217546.438 -8192.55192120003 1907.45167884688 -22756327.273479 1016259.75775064
2651574824.07786 2270091357276.65 -148450855973.852 -8218.30592103466 1909.14367157052 -22756327.2734784 1009989.86397168
2652580497.17416 2261813453502.83 -146530035717.951 -8244.14073300248 1910.82524041779 -22756327.2734778 1005673.09630304
2653580905.90726 2253553008255.35 -144617594117.439 -8270.03197126525 1912.49467448489 -22756327.2734771 1000408.73309818
2654575119.67718 2245317958074.89 -142715342258.92 -8295.95495415422 1914.15030338541 -22756327.2734765 994213.769920424
2655563681.90224 2237104070739.94 -140822273359.672 -8321.92312179777 1915.79291674056 -22756327.2734758 988562.225059292
2656547990.16012 2228899928477.29 -138935739162.684 -8347.9730085616 1917.42471066137 -22756327.2734752 984308.257887972
2657527115.59456 2220713450698.65 -137057546783.701 -8374.07997961811 1919.04401589286 -22756327.2734745 979125.434435335
2658501078.64078 2212544680630.9 -135187686047.558 -8400.24424520633 1920.65074162981 -22756327.2734739 973963.046215951
2659469899.59117 2204393661783.69 -133326146848.955 -8426.46601291614 1922.2447961614 -22756327.2734732 968820.950392396
2660433139.25996 2196264320606.09 -131473802835.025 -8452.73291470533 1923.82533422851 -22756327.2734725 963239.668794803
2661392196.66524 2188145044768.18 -129627991065.437 -8479.08289890053 1925.3945218733 -22756327.2734718 959057.405272843
2662346621.15383 2180039807923.89 -127789604005.222 -8505.5036627087 1926.95148485483 -22756327.2734712 954424.488599308
2663295520.288 2171956401625.88 -125960388874.437 -8531.97015010222 1928.49463959568 -22756327.2734705 948899.134162273
2664239369.93047 2163891002599.54 -124139457459.192 -8558.49513568224 1930.02463515613 -22756327.2734698 943849.642472464
2665178188.06052 2155843669323.44 -122326802963.895 -8585.07876566917 1931.54137187666 -22756327.2734691 938818.130053353
2666111992.5076 2147814460882.06 -120522418694.396 -8611.72118132744 1933.04474921421 -22756327.2734684 933804.447074641
2667040800.95403 2139803436959.43 -118726298053.85 -8638.42251888072 1934.53466575084 -22756327.2734676 928808.446433028
2667965073.75656 2131806820723.89 -116937577236.345 -8665.19578527508 1936.01172549315 -22756327.2734669 924272.802527572
2668884384.67362 2123828493508.14 -115157107420.479 -8692.02840301778 1937.47511208418 -22756327.2734662 919310.91706011
2669799189.2238 2115864695573.04 -113384032542.212 -8718.93343352246 1938.92541462717 -22756327.2734654 914804.550186699
2670708630.69735 2107923095901.64 -111620040033.18 -8745.88529568787 1940.36114257757 -22756327.2734647 909441.473541875
2671613595.17123 2099996167842.99 -109863438034.86 -8772.90985869352 1941.78356184026 -22756327.2734639 904964.473880971
2672513236.81249 2092091530954.37 -108115895007.363 -8799.98146890506 1943.19120956598 -22756327.2734632 899641.641258769
2673408004.81354 2084205466349.84 -106376565788.236 -8827.11309467187 1944.58465936791 -22756327.2734624 894768.001059263
2674298342.2236 2076334262075.66 -104644614565.544 -8854.31791371519 1945.96446204255 -22756327.2734616 890337.41005946
2675183838.45669 2068481740738.34 -102920865327.076 -8881.58311959576 1947.32984140552 -22756327.2734608 885496.233085141
2676064930.18372 2060644222777.29 -101204493192.026 -8908.92189208352 1948.68133013407 -22756327.27346 881091.727028474
2676940794.15907 2052829241041.99 -99497127712.6762 -8936.30826646277 1950.01752938558 -22756327.2734592 875863.975356931
2677811867.46508 2045033122601.24 -97797943410.3255 -8963.7553315742 1951.33897468832 -22756327.2734585 871073.306007749
2678678579.42904 2037252217560.24 -96106127533.0576 -8991.27633351294 1952.64617493293 -22756327.2734576 866711.963957773
2679540528.7078 2029490321612.77 -94422488093.4804 -9018.85824051901 1953.93838177066 -22756327.2734569 861949.278759273
2680398141.70576 2021743787711.9 -92746216670.3875 -9046.51440379789 1955.21609069922 -22756327.273456 857612.99796028
2681251428.01792 2014012705019.83 -91077318070.0405 -9074.24498689691 1956.47916574457 -22756327.2734552 853286.312155015
2682099994.28631 2006300830424.46 -89416585860.8547 -9102.03690106583 1957.7268794934 -22756327.2734544 848566.26839595
2682943856.0322 1998608232731 -87764014509.8349 -9129.89018878709 1958.95911508934 -22756327.2734535 843861.745887656
2683783428.71338 1990931317737.26 -86118814360.8658 -9157.81824477921 1960.17633285669 -22756327.2734527 839572.681177661
2684618325.38461 1983273816718.86 -84481767473.8549 -9185.80787288259 1961.37782487897 -22756327.2734518 834896.671234968
2685448561.27698 1975635799895.66 -82852868381.0936 -9213.85909629942 1962.56347206883 -22756327.2734509 830235.892368583
2686274155.16876 1968017304267.57 -81232104472.3873 -9241.97205566231 1963.7331598534 -22756327.2734501 825593.891777934
2687095511.43709 1960414791435.15 -79618705285.8621 -9270.16017674627 1964.88731256933 -22756327.2734492 821356.268326528
2687912251.67652 1952831957216.66 -78013437381.5285 -9298.41012139031 1966.02524941472 -22756327.2734483 816740.239436039
2688724779.47459 1945265247983.52 -76415530650.8523 -9326.73549085425 1967.14738298006 -22756327.2734474 812527.798070331
2689532718.70807 1937718359854.35 -74825747757.6722 -9355.12280761137 1968.25304361059 -22756327.2734465 807939.233480721
2690336084.0862 1930191365483.93 -73244083247.922 -9383.57205498274 1969.34210810961 -22756327.2734456 803365.378128636
2691135272.47283 1922680740264.45 -71669778487.724 -9412.09690529005 1970.41496332102 -22756327.2734447 799188.386633561
2691930292.30664 1915186582495.57 -70102838820.6728 -9440.69743083401 1971.47146124406 -22756327.2734438 795019.833805268
2692721152.9118 1907708982259.77 -68543267730.4622 -9469.37373005373 1972.5114542159 -22756327.2734428 790860.605158485
2693507489.3159 1900251584821.48 -66991807270.2072 -9498.11216242289 1973.5343095463 -22756327.2734419 786336.404100034
2694290062.93069 1892807347673.72 -65446976789.488 -9526.94030330023 1974.54085620353 -22756327.2734409 782573.614790126
2695068133.73584 1885383489054.33 -63910258628.1579 -9555.83063142148 1975.52998033747 -22756327.2734399 778070.805153394
2695842085.89647 1877976538843.38 -62380916003.1423 -9584.79697708189 1976.50201605801 -22756327.273439 773952.160631731
2696611561.46958 1870590118122.8 -60859678026.5582 -9613.82550071042 1977.45635921989 -22756327.273438 769475.573102305
2697376939.33089 1863220785713.7 -59345817347.5067 -9642.93004248507 1978.39332475201 -22756327.273437 765377.861316123
2698137867.58819 1855872125609.2 -57840051512.4615 -9672.09675937647 1979.312326591 -22756327.273436 760928.257293899
2698894720.84393 1848540716158.51 -56341660631.4304 -9701.33953878825 1980.21366149334 -22756327.273435 756853.255740379
2699647508.91222 1841226642743.35 -54850646041.0182 -9730.65844592484 1981.09717591729 -22756327.273434 752788.06829446
2700395882.88039 1833933491954.88 -53367719933.4584 -9760.03940017855 1981.9623040816 -22756327.2734329 748373.968166346
2701140566.60637 1826654390785.87 -51891468488.4037 -9789.51048576372 1982.80971658232 -22756327.2734319 744683.725980119
2701881210.28113 1819392924427.45 -50422605116.5533 -9819.05768356993 1983.6388389441 -22756327.2734309 740643.674765162
2702617471.80683 1812152644593.39 -48961829001.1815 -9848.66682121729 1984.4491309925 -22756327.2734298 736261.525696849
2703349715.52381 1804930166363.23 -47508437858.5313 -9878.3520154049 1985.24083626321 -22756327.2734288 732243.716979882
2704077603.33678 1797729022604.98 -46063123183.449 -9908.09901378402 1986.01343166352 -22756327.2734277 727887.812969108
2704801839.92377 1790542424712.15 -44624505638.5293 -9937.93622901055 1986.76749692641 -22756327.2734266 724236.586989222
2705522084.25946 1783373924541.21 -43193282007.6221 -9967.84938649879 1987.50249781266 -22756327.2734255 720244.335695688
2706238344.80592 1776223621781.76 -41769455126.4192 -9997.83842808616 1988.21827402547 -22756327.2734244 716260.546454518
2706950292.19624 1769095004028.54 -40353699610.6194 -10027.8889692472 1988.91433822395 -22756327.2734233 711947.39032413
2707658614.3445 1761981367949.77 -38944666883.038 -10058.0296135263 1989.59119350774 -22756327.2734222 708322.148260427
2708363312.76775 1754882852986.67 -37542372505.7899 -10088.2603292577 1990.24864894612 -22756327.273421 704698.42324351
2709063723.77657 1747806330384.86 -36148156312.5702 -10118.552185537 1990.8859154278 -22756327.2734199 700411.008822572
2709760524.96597 1740745140499.59 -34760688526.8032 -10148.9340152254 1991.50343926076 -22756327.2734187 696801.189403732
2710453060.33291 1733706117739.96 -33381294254.9539 -10179.3767307797 1992.10046884041 -22756327.2734175 692535.366938884
2711141999.73227 1726682640813.81 -32008658029.3803 -10209.9092800061 1992.67741119591 -22756327.2734164 688939.399360505
2711827019.23612 1719678184663.91 -30643443569.3051 -10240.5169734341 1993.23381232805 -22756327.2734152 685019.503852544
2712508128.2132 1712692841724.55 -29285650686.8933 -10271.1997036958 1993.76950931755 -22756327.273414 681108.977073752
2713185336.02101 1705726704641.13 -27935279069.8041 -10301.9573531972 1994.28433896833 -22756327.2734128 677207.807814765
2713858971.59637 1698776564008.78 -26591690767.8472 -10332.8044887215 1994.77836786914 -22756327.2734116 673635.575357126
2714528717.93259 1691845865374.3 -25255535896.6282 -10363.7262059623 1995.25117997067 -22756327.2734104 669746.336226196
2715194900.29034 1684931418509.48 -23926183276.9222 -10394.7371184562 1995.70282117791 -22756327.2734091 666182.357742702
2715857206.97755 1678036634764.51 -22604272475.848 -10425.8222987077 1996.1328964036 -22756327.2734079 662306.687214266
2716515647.35728 1671161608197.36 -21289802472.6638 -10456.981570454 1996.54124156991 -22756327.2734066 658440.379723449
2717170231.34279 1664306427200.12 -19982770992.3677 -10488.2147726444 1996.9276928833 -22756327.2734053 654583.98551897
2717821277.31458 1657467935271.98 -18682559503.301 -10519.5366355266 1997.29225446296 -22756327.273404 651045.971788803
2718468787.72658 1650646270527.92 -17389179998.4187 -10550.9469846889 1997.63472958686 -22756327.2734028 647510.411997961
2719112459.80214 1643844801992.71 -16103254198.5434 -10582.4306381939 1997.95477445499 -22756327.2734014 643672.075559085
2719752606.86713 1637060398756.5 -14824172948.1048 -10614.0024106771 1998.2523613004 -22756327.2734002 640147.064993736
2720389231.68958 1630293197632.5 -13551947252.7311 -10645.6620978108 1998.52729309704 -22756327.2733988 636624.8224443
2721022037.73841 1623546531972.61 -12287186234.9062 -10677.3944077311 1998.77925866874 -22756327.2733975 632806.048830634
2721651631.90361 1616814099099.53 -11028693226.7849 -10709.2293992154 1999.00830128728 -22756327.2733961 629594.165199423
2722277121.0939 1610105631691.22 -9778269684.44746 -10741.1213339516 1999.21391352113 -22756327.2733948 625489.190290803
2722899407.10225 1603411641226.49 -8534128951.83916 -10773.115594425 1999.39620947415 -22756327.2733933 622286.008347618
2723517899.62701 1596738647333.93 -7297467118.04439 -10805.1814060335 1999.55481840754 -22756327.273392 618492.524766696
2724133192.39767 1590080414852.21 -6067112812.68435 -10837.3491069058 1999.68969488668 -22756327.2733906 615292.770651657
2724744702.35998 1583443424537.85 -4844247564.09549 -10869.5877524132 1999.8005138173 -22756327.2733892 611509.962315317
2725352728.72032 1576824615257.64 -3628288592.79581 -10901.9124426997 1999.88714917373 -22756327.2733877 608026.360340008
2725957275.52613 1570224115801.33 -2419243171.42425 -10934.3228939544 1999.94940492415 -22756327.2733863 604546.805805399
2726558346.93172 1563642054466.06 -1217118222.22545 -10966.8188104575 1999.98708533136 -22756327.2733848 601071.405596347
2727155947.38011 1557078557044 -21919951.1468136 -10999.399894371 1999.99999500308 -22756327.2733833 597600.448383096
2727750362.70716 1550530645617.19 1166908359.51606 -11032.0813666137 1999.98792722677 -22756327.2733818 594415.327053544
2728341310.05927 1544001598490.6 2348786178.16198 -11064.8472912799 1999.95067533386 -22756327.2733803 590947.352112706
2728929072.35068 1537488453498.32 3524264620.54714 -11097.7129484349 1999.88800949345 -22756327.2733788 587762.291412666
2729513095.03431 1530997533922.11 4692220098.0561 -11130.6467045581 1999.79979587828 -22756327.2733773 584022.683622198
2730093940.52098 1524522768047.29 5853762950.10358 -11163.6796290683 1999.68575720546 -22756327.2733757 580845.48667594
2730671606.09783 1518064338628.41 7008873410.06971 -11196.8112987223 1999.5456646801 -22756327.2733742 577665.576844562
2731245818.43361 1511625468937.07 8156990759.86241 -11230.0255436297 1999.379375059 -22756327.2733727 574212.33578367
2731816853.43546 1505203233522.69 9298652641.0572 -11263.3378070429 1999.18659961285 -22756327.273371 571035.001847343
2732384174.08545 1498803854743.72 10432771608.3627 -11296.7160220033 1998.96733140526 -22756327.2733695 567320.649991983
2732948594.67158 1492418317438.52 11560961754.0459 -11330.207538752 1998.72104833036 -22756327.2733678 564420.586130051
2733509575.61728 1486052883540.38 12682130868.1058 -11363.7799610279 1998.44775934333 -22756327.2733662 560980.945696891
2734067124.38709 1479707653766.78 13796280544.5617 -11397.4329242177 1998.14727616104 -22756327.2733646 557548.769809959
2734621510.12044 1473379737869.39 14903935325.0675 -11431.1820447124 1997.8192494843 -22756327.2733629 554385.733349413
2735172732.46594 1467069300190.19 16005081251.2557 -11465.0268537651 1997.46345539153 -22756327.2733612 551222.34550107
2735720791.14346 1460776505461.84 17099704647.4571 -11498.9668606454 1997.07967099923 -22756327.2733595 548058.677524877
2736265944.1641 1454498540750.98 18188307703.477 -11533.0177502823 1996.66747201261 -22756327.2733578 545153.02063522
2736807672.07736 1448241552086.75 19269840311.5168 -11567.146548403 1996.22703062607 -22756327.2733561 541727.91326149
2737346238.6315 1442002671477.17 20344816519.6184 -11601.3691076185 1995.75793516396 -22756327.2733544 538566.554139467
2737881644.43803 1435782057843.78 21413225023.2111 -11635.6848881899 1995.25996688613 -22756327.2733526 535405.806529599
2738414142.40919 1429576926851.24 22475557946.0776 -11670.109704061 1994.73265100137 -22756327.2733508 532497.971159157
2738943476.00673 1423390423382.91 23531291075.5938 -11704.6265451685 1994.17600343796 -22756327.273349 529333.597541307
2739469895.88201 1417219774892.68 24580912048.1352 -11739.2513006212 1993.58952388419 -22756327.2733472 526419.875278667
2739992903.49469 1411070996212.74 25623414931.7083 -11773.9504831313 1992.97355620823 -22756327.2733454 523007.612684315
2740513000.46581 1404938362009.88 26659787858.855 -11808.7566498578 1992.327299564 -22756327.2733436 520096.971122676
2741029937.95917 1398824966471.46 27689523177.0225 -11843.6526119532 1991.65083071645 -22756327.2733417 516937.493353388
2741543961.41027 1392728068443.45 28713098138.2325 -11878.6543708465 1990.94359776766 -22756327.2733398 514023.45109947
2742055066.75154 1386647866092.75 29730492890.4834 -11913.7612680149 1990.2053526377 -22756327.2733379 511105.341270301
2742563010.53591 1380587419617.99 30741211505.2599 -11948.9559506491 1989.43622028159 -22756327.273336 507943.784370266
2743068035.21822 1374544001552.11 31745725260.925 -11984.2545564397 1988.63560883228 -22756327.2733341 505024.682311422
2743570138.2358 1368517796411.53 32744017777.2398 -12019.6564326731 1987.80327389566 -22756327.2733322 502103.017579465
2744069082.13226 1362511821906.36 33735606116.246 -12055.1441120706 1986.93938873268 -22756327.2733302 498943.896461171
2744565105.78834 1356523371445.67 34720954374.3356 -12090.7338295086 1986.04332152517 -22756327.2733283 496023.656080083
2745058440.17981 1350549801502.87 35700510275.308 -12126.4418124274 1985.11438562888 -22756327.2733263 493334.39147283
2745548613.65976 1344596982114.15 36673326708.1563 -12162.2333199431 1984.1532291417 -22756327.2733243 490173.479944154
2746035861.67297 1338662226886.05 37639860835.4887 -12198.1246836917 1983.15918021115 -22756327.2733222 487248.013217327
2746520185.93245 1332745676365.46 38600105784.8755 -12234.1153639391 1982.1319998357 -22756327.2733202 484324.259477705
2747001810.77652 1326844740394.21 39554495890.2937 -12270.2215560215 1981.0709511555 -22756327.2733181 481624.844068173
2747480504.50331 1320962409760.51 40502561735.2611 -12306.4253768852 1979.97628630899 -22756327.273316 478693.726790467
2747956266.74574 1315098854679.29 41444292864.5361 -12342.726023448 1978.84777914371 -22756327.2733139 475762.242432744
2748429321.57476 1309251468301.01 42380122882.2238 -12379.1400092313 1977.68464494576 -22756327.2733118 473054.829014225
2748899662.43715 1303420475637.52 43310028687.5817 -12415.6664374641 1976.48662006557 -22756327.2733096 470340.862391606
2749367062.55677 1297608846048.08 44233552367.4364 -12452.2870345715 1975.25403527192 -22756327.2733074 467400.119619824
2749831525.73423 1291816703651.04 45150692470.5374 -12489.0011701752 1973.98666675636 -22756327.2733052 464463.17745751
2750293488.93492 1286038747524.45 46062302231.2443 -12525.8428843257 1972.68305036971 -22756327.273303 461963.200694647
2750752506.92111 1280280696382.97 46967493629.5556 -12562.7761270444 1971.34417429943 -22756327.2733008 459017.986191591
2751208797.36786 1274539983340.41 47866687134.169 -12599.8175959311 1969.96917005816 -22756327.2732985 456290.44674876
2751662356.94242 1268816803333.15 48759867140.6016 -12636.9663991413 1968.5577860848 -22756327.2732962 453559.574556463
2752113182.44718 1263111351250.27 49647018508.624 -12674.2216130498 1967.10977423659 -22756327.2732939 450825.504765916
2752561482.00153 1257421137462.95 50528541670.6716 -12711.5999683832 1965.6241792488 -22756327.2732916 448299.554350279
2753007035.30719 1251749104259.86 51403994524.441 -12749.0825839923 1964.10144835982 -22756327.2732892 445553.305661225
2753449840.8402 1246095430721.59 52273365842.019 -12786.6685363516 1962.54134106051 -22756327.2732869 442805.533006239
2753889898.43662 1240460279930.07 53136647271.6802 -12824.3569769413 1960.94361599902 -22756327.2732844 440057.596421148
2754327413.82925 1234841167937.87 53994234081.9016 -12862.1648909719 1959.30725415988 -22756327.273282 437515.392629272
2754762173.9227 1229240983744.86 54845700459.8596 -12900.0731849195 1957.63278479183 -22756327.2732796 434760.093445915
2755194382.08177 1223657261662.31 55691436780.8524 -12938.0988663843 1955.91916127402 -22756327.2732771 432208.159068455
2755624029.98278 1218090253153 56531418538.8623 -12976.2406738292 1954.16612294889 -22756327.2732746 429647.901014695
2756051110.70144 1212540193866.68 57365624194.9952 -13014.4974123366 1952.37340941832 -22756327.2732721 427080.718663354
2756475420.73535 1207009887561.82 58193649008.7525 -13052.849982082 1950.54162674149 -22756327.2732696 424310.033908145
2756897358.42381 1201494291559.63 59016262741.1308 -13091.3337189227 1948.66877525661 -22756327.2732671 421937.688459291
2757316712.78377 1195996303347.32 59833046143.8227 -13129.928905053 1946.75548029832 -22756327.2732645 419354.35995877
2757733480.00659 1190516125910.28 60643984678.6643 -13168.6344144985 1944.80149066186 -22756327.2732619 416767.222816636
2758147852.21685 1185051376233.11 61449444701.8686 -13207.4675153525 1942.80560441273 -22756327.2732593 414372.210265504
2758559624.00565 1179604908463.33 62249019692.6352 -13246.4083301185 1940.76851543722 -22756327.2732566 411771.788800397
2758968985.31051 1174174357552.76 63043071457.6039 -13285.4741390752 1938.68899440595 -22756327.2732539 409361.304862095
2759375734.85123 1168762542752.86 63831202793.1749 -13324.6449987407 1936.5677801466 -22756327.2732512 406749.540710807
2759780062.84054 1163367084163.19 64613775720.7574 -13363.9384403938 1934.40360269793 -22756327.2732485 404327.9893126
2760181773.33388 1157990748949.28 65390404683.8095 -13403.3345866468 1932.19723844593 -22756327.2732457 401710.49334036
2760581054.33326 1152631175036.82 66161447074.4152 -13442.8509899812 1929.94738809239 -22756327.2732429 399280.999380129
2760977898.45878 1147288606050.69 66926882175.2715 -13482.4862382436 1927.65379211367 -22756327.2732402 396844.12552442
2761372298.51678 1141963285417.51 67686689895.9593 -13522.2388733773 1925.31619777413 -22756327.2732373 394400.057995976
2761764066.72528 1136657908027.14 68440503160.7108 -13562.0889181952 1922.93547169454 -22756327.2732344 391768.208497423
2762153753.3676 1131365160750.39 69189374388.9881 -13602.0917621684 1920.50794559725 -22756327.2732315 389686.642328072
2762540974.2679 1126090391563.87 69932558500.0277 -13642.2075794899 1918.03565376071 -22756327.2732286 387220.900299169
2762925727.90613 1120833775535.67 70670047388.5622 -13682.4352405909 1915.51834002281 -22756327.2732256 384753.638230539
2763308190.54328 1115593049540.12 71402173283.4073 -13722.7924112248 1912.95454843529 -22756327.2732226 382462.637144428
2763688172.41082 1110370960899.2 72128567567.4822 -13763.2582424696 1910.34525631921 -22756327.2732196 379981.867540153
2764065850.19159 1105165230409.93 72849562907.4134 -13803.8506655309 1907.68896320953 -22756327.2732166 377677.780771227
2764441213.3928 1099976142710.17 73565133742.4995 -13844.567872237 1904.98541878192 -22756327.2732136 375363.201210134
2764814254.19045 1094803948222.64 74275259908.9775 -13885.408266654 1902.23436390783 -22756327.2732105 373040.797649697
2765185050.96705 1089647699251.94 74980085286.6373 -13926.3797499596 1899.43489077606 -22756327.2732074 370796.776599384
2765553507.30877 1084508877839.71 75679421565.0344 -13967.4709206904 1896.58740654292 -22756327.2732042 368456.341721478
2765919618.46768 1079387698911.69 76373255338.4123 -14008.6803030289 1893.69165900499 -22756327.273201 366111.15891252
2766283466.57641 1074283158692.58 77061737759.6607 -14050.0162720647 1890.74669381791 -22756327.2731978 363848.108728585
2766645125.02013 1069194364249.45 77745002724.7382 -14091.4864981733 1887.75157379345 -22756327.2731946 361658.443718833
2767004496.8763 1064122818558.17 78422862475.9363 -14133.0791223554 1884.70676941454 -22756327.2731913 359371.856173476
2767361659.74344 1059067568066.78 79095459039.0887 -14174.8023080653 1881.61130105407 -22756327.273188 357162.867140429
2767716605.24588 1054028869678.92 79762772200.6742 -14216.6543289175 1878.46490382094 -22756327.2731846 354945.502435075
2768069241.28007 1049008176678.43 80424625059.8876 -14258.6233679533 1875.26809179897 -22756327.2731812 352636.034185499
2768419811.4265 1044002158477.11 81081470544.7206 -14300.7376662594 1872.01831363582 -22756327.2731778 350570.146430932
2768768137.39509 1039013495435.76 81732970268.3466 -14342.9751229547 1868.71686387546 -22756327.2731744 348325.968590973
2769114294.05068 1034041257452.39 82379260648.6876 -14385.3439163342 1865.36271168385 -22756327.2731709 346156.655590046
2769458270.59285 1029085738852.43 83020317826.3575 -14427.8418888755 1861.9556257508 -22756327.2731674 343976.542168925
2769800058.89749 1024147198214.18 83656123294.3567 -14470.4671233129 1858.49536231043 -22756327.2731639 341788.304645035
2770139734.28907 1019224685552.87 84286813692.6478 -14513.2281721139 1854.98081804373 -22756327.2731603 339675.391581874
2770477283.14167 1014318533903.07 84912360146.9684 -14556.1225425923 1851.41177800714 -22756327.2731567 337548.852596654
2770812699.38262 1009428969491.74 85532748162.5126 -14599.1486059936 1847.78796256926 -22756327.273153 335416.240951267
2771145972.29129 1004556288788.78 86147954996.8771 -14642.3040533004 1844.10915549429 -22756327.2731494 333272.908666124
2771477174.95625 999699560482.442 86758112549.4977 -14685.597482067 1840.37420193063 -22756327.2731456 331202.66496357
2771806215.47534 994860271884.795 87363048842.1928 -14729.0159300265 1836.58380331657 -22756327.2731419 329040.519091749
2772133241.62961 990036386697.92 87963032817.4509 -14772.5780058558 1832.7359079432 -22756327.273138 327026.154265148
2772458239.17079 985228244663.925 88558035051.8738 -14816.2811248276 1828.83029040931 -22756327.2731342 324997.541181335
2772781122.28353 980437252605.205 89147895968.2535 -14860.1128245917 1824.86763235659 -22756327.2731303 322883.112740731
2773101959.22099 975662537294.042 89732738135.3165 -14904.0813660463 1820.84675974064 -22756327.2731264 320836.937458377
2773420741.30913 970904364568.049 90312543514.8171 -14948.1846215981 1816.76742866248 -22756327.2731224 318782.088146665
2773737457.70316 966163035481.849 90887290524.0006 -14992.4200638984 1812.6294400409 -22756327.2731184 316716.394027515
2774052174.87095 961437691631.744 91457097831.8087 -15036.7960096487 1808.43157221846 -22756327.2731144 314717.167789164
2774364953.28458 956727554372.456 92022072421.6437 -15081.3202249709 1804.17261962838 -22756327.2731103 312778.413629374
2774675707.16415 952034047582.169 92582057245.1738 -15125.9796396751 1799.85336812384 -22756327.2731062 310753.879573535
2774984496.49346 947356400241.748 93137158699.933 -15170.7819138227 1795.4726192331 -22756327.273102 308789.329302538
2775291312.15368 942694883154.468 93687358617.4493 -15215.7248188233 1791.03012273049 -22756327.2730979 306815.660226826
2775596142.87286 938049802744.233 94232635394.5372 -15260.8057049933 1786.52567834983 -22756327.2730936 304830.719178871
2775899051.79694 933420329563.921 94773100499.7809 -15306.032971205 1781.95797357786 -22756327.2730894 302908.924073536
2776200024.80663 928806809987.136 95308727172.269 -15351.4036237298 1777.32682680965 -22756327.2730851 300973.009689465
2776499050.46006 924209552838.816 95839493909.2517 -15396.9149463297 1772.63203863979 -22756327.2730808 299025.653430232
2776796187.92781 919627779720.198 96365504517.1832 -15442.5750061227 1767.8722895738 -22756327.2730763 297137.467758835
2777091357.88398 915062847620.764 96886617751.9382 -15488.3705773808 1763.04847744908 -22756327.2730719 295169.956161984
2777384686.08455 910512943400.055 97403054736.9105 -15534.3201867671 1758.15815925567 -22756327.2730674 293328.200572027
2777676155.52362 905978456198.091 97914784098.0161 -15580.4203791398 1753.20118436897 -22756327.2730629 291469.439072702
2777965688.1803 901460732835.591 98421668379.2505 -15626.657755222 1748.17850088872 -22756327.2730583 289532.656679674
2778253343.64783 896958978874.812 98923811840.1561 -15673.0406755961 1743.08871427385 -22756327.2730537 287655.467529997
2778539112.86785 892473469134.047 99421198489.3897 -15719.5665840631 1737.93160706808 -22756327.273049 285769.220018378
2778823116.56087 888002435126.746 99914037665.1685 -15766.2542487992 1732.70457183635 -22756327.2730443 284003.693018944
2779105337.30598 883546271339.429 100402297802.692 -15813.100114437 1727.40745180425 -22756327.2730395 282220.745113022
2779385628.01044 879107433184.889 100885724646.837 -15860.0786256529 1722.04262840749 -22756327.2730347 280290.704461562
2779664114.51097 874684063330.404 101364535901.757 -15907.2096257745 1716.60733485126 -22756327.2730298 278486.500525067
2779940784.97086 870276478363.09 101838711243.117 -15954.4900846281 1711.10138934283 -22756327.273025 276670.459892125
2780215752.9624 865882991434.869 102308444766.984 -16001.9385832385 1705.52206810754 -22756327.27302 274967.991535596
2780488933.94347 861505074841.859 102773591512.335 -16049.5397256901 1699.87061369177 -22756327.273015 273180.981071782
2780760254.53865 857144038301.992 103234027606.874 -16097.2794633963 1694.14817415745 -22756327.2730099 271320.595186974
2781029833.48347 852798105038.277 103689955507.627 -16145.1774818982 1688.35185811498 -22756327.2730047 269578.944813719
2781297656.3155 848467633544.998 104141351096.058 -16193.2302158777 1682.48153526336 -22756327.2729996 267822.832034619
2781563708.88437 844152981124.326 104588191389.168 -16241.4339986026 1676.53710188136 -22756327.2729944 266052.568871409
2781828039.59656 839853489885.401 105030558527.534 -16289.7965048103 1670.51705052795 -22756327.2729891 264330.712185164
2782090695.92913 835568508857.09 105468532217.117 -16338.3255250532 1664.41982104919 -22756327.2729838 262656.332571866
2782351599.20336 831299446231.064 105901982070.316 -16387.0054852456 1658.24679080955 -22756327.2729784 260903.27422367
2782610801.28178 827045581068.507 106330995580.288 -16435.8448933324 1651.99631140363 -22756327.2729729 259202.078423558
2782868227.3294 822808271992.356 106755450727.281 -16484.8283534056 1645.66979339018 -22756327.2729675 257426.047623052
2783124046.92657 818584852275.212 107175628353.78 -16533.9870426447 1639.26261985021 -22756327.2729619 255819.597163803
2783378180.29842 814376758047.401 107591398086.358 -16583.3047342117 1632.7762864221 -22756327.2729562 254133.37185107
2783630615.56448 810184312976.004 108002742307.267 -16632.7779053916 1626.21066950734 -22756327.2729506 252435.266067523
2783881454.38805 806005950008.42 108409827899.728 -16682.4254622217 1619.56264302507 -22756327.2729449 250838.823568264
2784130620.74381 801843056090.701 108812532733.956 -16732.2313535269 1612.83373137426 -22756327.2729391 249166.355754996
2784378047.1723 797696890644.105 109210750769.768 -16782.1806043432 1606.02538592128 -22756327.2729333 247426.42849734
2784623842.85295 793565754490.574 109604660600.199 -16832.2938214734 1599.13421338133 -22756327.2729273 245795.680642188
2784868048.49582 789449083622.823 109994329102.581 -16882.5782572617 1592.15857886823 -22756327.2729214 244205.642873626
2785110649.33755 785347246243.559 110379734369.672 -16933.0298422667 1585.09840059956 -22756327.2729154 242600.841730895
2785351682.896 781259726677.368 110760937694.628 -16983.6553594427 1577.95207510281 -22756327.2729093 241033.558445249
2785591129.74854 777186972657.719 111137910142.243 -17034.4497053724 1570.719662408 -22756327.2729032 239446.852538474
2785828977.66765 773129313997.957 111510634875.714 -17085.4091001672 1563.40105367071 -22756327.2728969 237847.919112745
2786065210.19898 769087156524.733 111879089140.419 -17136.5286748274 1555.99631417355 -22756327.2728906 236232.531333501
2786299870.65822 765059883223.198 112243343538.284 -17187.8164778137 1548.50363531769 -22756327.2728842 234660.459237109
2786532997.01335 761046961477.239 112603459441.453 -17239.2796807555 1540.92129530475 -22756327.2728778 233126.355127046
2786764520.3948 757049699235.997 112959333555.647 -17290.9017853482 1533.2510651829 -22756327.2728714 231523.381455923
2786994536.92154 753066558428.406 113311116705.789 -17342.7029520495 1525.48927972983 -22756327.272865 230016.526740934
2787223027.23823 749097990775.57 113658781786.131 -17394.6777420501 1517.63605332634 -22756327.2728584 228490.316688315
2787449976.85933 745144368118.034 114002309947.961 -17446.8215997178 1509.69138936452 -22756327.2728518 226949.621098
2787675422.0228 741205178782.871 114341759284.127 -17499.1415976039 1501.65351730906 -22756327.272845 225445.16346721
2787899295.95728 737281712565.308 114677033183.076 -17551.6208091375 1493.52436020893 -22756327.2728382 223873.934484141
2788121691.13208 733372471072.997 115008274056.733 -17604.2794993466 1485.30009201623 -22756327.2728314 222395.174804294
2788342639.99816 729476997265.881 115335532944.964 -17657.1243154644 1476.97893262946 -22756327.2728244 220948.866070285
2788562071.95837 725596653271.659 115658708767.181 -17710.1371316778 1468.56301287344 -22756327.2728175 219431.96021991
2788780023.87994 721730908342.526 115977860041.986 -17763.3254213391 1460.05044016023 -22756327.2728104 217951.921568186
2788996529.6842 717879277456.353 116293040081.69 -17816.6962171918 1451.43935117037 -22756327.2728031 216505.804258332
2789211574.71938 714042137417.93 116604231263.059 -17870.2446633555 1442.72978380651 -22756327.2727959 215045.035173997
2789425187.75879 710219090881.08 116911479057.573 -17923.9766638487 1433.92002652547 -22756327.2727886 213613.039419212
2789637351.97487 706410555177.256 117214763254.824 -17977.8866988853 1425.01022866878 -22756327.2727813 212164.216077588
2789848099.88955 702616062460.132 117514134444.167 -18031.9817342137 1415.99847675894 -22756327.2727738 210747.914677832
2790057368.29147 698836870356.597 117809507674.571 -18086.2440524123 1406.88697778717 -22756327.2727662 209268.401923967
2790265242.30535 695071560390.734 118101007967.479 -18140.6942446769 1397.67152021983 -22756327.2727587 207874.013875155
2790471702.91916 691320591412.333 118388612955.836 -18195.3260360656 1388.35237982605 -22756327.272751 206460.613813644
2790676776.91289 687583591770.197 118672364449.746 -18250.1451762037 1378.92778672463 -22756327.2727432 205073.993727355
2790880449.73827 683860941510.263 118952246978.692 -18305.1464141808 1369.397849642 -22756327.2727354 203672.825376589
2791082751.90768 680152197608.995 119228307229.183 -18360.3366186921 1359.76057718497 -22756327.2727275 202302.169408212
2791283664.57068 676457820407.338 119500524398.203 -18415.7092479927 1350.01630574572 -22756327.2727195 200912.663002631
2791483217.63031 672777374942.161 119768944090.518 -18471.2711145248 1340.16302596422 -22756327.2727114 199553.059635639
2791681392.33431 669111322094.121 120033546344.065 -18527.0155369842 1330.20110784804 -22756327.2727033 198174.703993638
2791878220.14375 665459194875.155 120294378573.518 -18582.9498813756 1320.12841466709 -22756327.2726951 196827.809438203
2792073727.59431 661820612116.265 120551480812.19 -18639.0803789567 1309.94297165543 -22756327.2726867 195507.450569173
2792267895.75124 658196037808.279 120804833242.858 -18695.4002404802 1299.64515494174 -22756327.2726784 194168.156921416
2792460750.61704 654585098588.263 121054475098.14 -18751.9156095427 1289.23298226818 -22756327.2726698 192854.865802804
2792652231.36204 650989049445.16 121300333829.004 -18808.6070233832 1278.7092039622 -22756327.2726612 191480.745004936
2792842410.05629 647406653024.172 121542508336.287 -18865.4941511865 1268.06932864446 -22756327.2726525 190178.694248278
2793031313.715 643837509180.101 121781038156.045 -18922.5837782337 1257.31118698242 -22756327.2726438 188903.658705698
2793218878.07274 640282945107.625 122015848214.339 -18979.8549331722 1246.43785601508 -22756327.2726349 187564.35774302
2793405175.26439 636741707089.9 122247035106.351 -19037.3280476841 1235.444578333 -22756327.272626 186297.191654421
2793590182.29079 633214342449.79 122474576126.176 -19094.9945814483 1224.33207925331 -22756327.2726169 185007.026400053
2793773925.18259 629700465790.138 122698509415.441 -19152.8611363578 1213.09817766851 -22756327.2726077 183742.891795294
2793956385.36006 626200543727.166 122918818682.856 -19210.9203010733 1201.74340044731 -22756327.2725985 182460.177470973
2794137590.46018 622714157678.503 123135543847.779 -19269.1792698367 1190.2654243009 -22756327.2725892 181205.100117252
2794317519.96693 619241814341.733 123348667159.033 -19327.6297949758 1178.66495533972 -22756327.2725796 179929.506755731
2794496201.03282 615783102146.348 123558227808.572 -19386.2789915618 1166.93966023829 -22756327.27257 178681.065881493
2794673692.68701 612336984348.967 123764300898.607 -19445.1448823164 1155.08495460071 -22756327.2725604 177491.65419237
2794849933.41805 608904762351.066 123966821275.694 -19504.2056172274 1143.10426056833 -22756327.2725508 176240.731043668
2795024945.31493 605486117598.336 124165821643.014 -19563.4668588385 1130.99548178212 -22756327.272541 175011.896874385
2795198752.04286 602080696410.91 124361335765.703 -19622.9350319284 1118.75632585493 -22756327.2725311 173806.727932626
2795371335.20684 598688968355.508 124553350073.06 -19682.6021931302 1106.38744607035 -22756327.272521 172583.163981532
2795542753.15567 595309893309.928 124741936221.673 -19742.4869937059 1093.88396512667 -22756327.2725109 171417.94882984
2795712944.16637 591944795906.967 124927033471.895 -19802.5662408962 1081.24971926235 -22756327.2725007 170191.010703178
2795881969.75178 588592568833.653 125108716252.452 -19862.8599297593 1068.47949903758 -22756327.2724902 169025.585402458
2796049809.39521 585253725262.644 125286969626.24 -19923.3591580516 1055.57415467 -22756327.2724797 167839.643431503
2796216447.09105 581928694198.608 125461784784.343 -19984.0562750581 1042.53431485281 -22756327.2724691 166637.695845729
2796381940.59724 578616430990.091 125633230069.42 -20044.9705812475 1029.35479763561 -22756327.2724584 165493.506186038
2796546304.91977 575316737498.334 125801327709.437 -20106.106190059 1016.03361787194 -22756327.2724476 164364.322535662
2796709480.3928 572030918838.054 125966024619.181 -20167.4391475586 1002.57493947497 -22756327.2724367 163175.473021796
2796871492.39238 568758575484.09 126127355417.045 -20228.9769325647 988.976098028094 -22756327.2724257 162011.999579594
2797032359.77466 565499435002.812 126285347379.4 -20290.7248108905 975.234871230602 -22756327.2724145 160867.382281742
2797192100.97402 562253229912.455 126440026727.225 -20352.6880892369 961.348988798586 -22756327.2724032 159741.199363749
2797350730.01812 559019779134.074 126591414860.971 -20414.8705422544 947.316487927905 -22756327.2723919 158629.044094159
2797508260.57373 555798906485.557 126739532428.801 -20477.2759379267 933.135377127935 -22756327.2723804 157530.555611726
2797664670.49733 552591168899.55 126884366767.894 -20539.8937670484 918.806912709848 -22756327.2723687 156409.923599303
2797819960.64601 549396655986.171 127025927668.216 -20602.7224030663 904.330357393643 -22756327.2723569 155290.148681763
2797974164.78164 546214778160.313 127164254542.657 -20665.7736562934 889.701849675334 -22756327.272345 154204.135634677
2798127279.29796 543045712928.386 127299352518.504 -20729.0442977088 874.920971222177 -22756327.2723329 153114.516318773
2798279300.64005 539889638637.893 127431227364.039 -20792.5309576284 859.987350813187 -22756327.2723208 152021.342090858
2798430245.28027 536746317853.891 127559902375.395 -20856.2385981464 844.898652150655 -22756327.2723086 150944.640218309
2798580129.31938 533615517720.178 127685399939.229 -20920.1722137069 829.652492089843 -22756327.2722962 149884.039106712
2798728946.83996 530497464288.024 127807723917.503 -20984.3274468856 814.24870079779 -22756327.2722837 148817.520585013
2798876693.95676 527392343347.045 127926880551.588 -21048.7006193932 798.686965044983 -22756327.272271 147747.116796557
2799023401.79726 524299603459.497 128042904142.274 -21113.3033740941 782.963247033795 -22756327.2722582 146707.840501464
2799169064.1434 521219477041.656 128155798778.505 -21178.1311233277 767.077415299937 -22756327.2722453 145662.346134825
2799313694.01188 518151790501.297 128265583784.766 -21243.1877556347 751.027263066473 -22756327.2722322 144629.868480668
2799457287.0208 515096738582.358 128372265260.954 -21308.4693516347 734.812495858155 -22756327.272219 143593.008920238
2799599853.89105 512054195356.831 128475860843.721 -21373.9787765226 718.431135543254 -22756327.2722056 142566.870254324
2799741406.97262 509023998150.345 128576389015.032 -21439.719757852 701.880959126603 -22756327.2721921 141553.081574154
2799881941.62388 506006347438.707 128673856197.638 -21505.6881419765 685.16171455561 -22756327.2721784 140534.651259021
2800021469.84197 503001086979.74 128768280651.171 -21571.8875089892 668.271190196457 -22756327.2721646 139528.218084639
2800159999.53813 500008146751.502 128859677572.479 -21638.3196019172 651.207615318309 -22756327.2721507 138529.696159729
2800297542.16706 497027378698.909 128948064271.791 -21704.9879426836 633.968737441198 -22756327.2721365 137542.628930147
2800434090.83695 494059032122.788 129033446361.997 -21771.8871446849 616.554597953833 -22756327.2721224 136548.66988732
2800569656.70176 491102965046.67 129115841157.783 -21839.020548336 598.962972684555 -22756327.272108 135565.864810426
2800704234.71885 488159388288.525 129195256191.156 -21906.3834662218 581.193730296826 -22756327.2720934 134578.017090844
2800837837.60355 485228124798.74 129271709777.922 -21973.9800187978 563.244417162599 -22756327.2720788 133602.884698804
2800970486.0092 482308820105.731 129345224072.175 -22041.8185669746 545.111404841964 -22756327.2720639 132648.405650161
2801102174.50621 479401691790.531 129415806402.284 -22109.8942558805 526.794564411783 -22756327.2720489 131688.497012782
2801232911.34823 476506656411.534 129483471866.724 -22178.2091829188 508.291903060207 -22756327.2720337 130736.842018402
2801362718.02996 473623334670.925 129548241857.198 -22246.7725456407 489.599461723005 -22756327.2720184 129806.681735427
2801491571.76609 470752330463.236 129610115725.075 -22315.5701473897 470.719646797734 -22756327.2720029 128853.736124198
2801619495.4618 467893232160.006 129669115606.18 -22384.6119398922 451.648265118412 -22756327.2719873 127923.695715049
2801746481.56686 465046306617.667 129725249147.583 -22453.8915828494 432.38558659584 -22756327.2719714 126986.105061811
2801872552.32733 462211152640.839 129778537314.322 -22523.4189572782 412.927362992753 -22756327.2719554 126070.7604646
2801997700.01851 459388040941.309 129828987979.733 -22593.1875550785 393.273895673757 -22756327.2719393 125147.691183906
2802121944.43535 456576621666.827 129876620333.097 -22663.2061520172 373.421176144303 -22756327.2719229 124244.416841409
2802245288.57531 453776922240.406 129921446484.047 -22733.47426391 353.367772059315 -22756327.2719064 123344.139957886
2802367726.34414 450989177518.108 129963475699.321 -22803.9860949413 333.113774765606 -22756327.2718897 122437.768831085
2802489251.77894 448213622030.471 130002718218.701 -22874.7356480719 312.659366711476 -22756327.2718728 121525.434794581
2802609899.63606 445449558637.335 130039197113.964 -22945.740738783 291.997813490799 -22756327.2718558 120647.857118973
2802729670.44319 442697069119.309 130072923740.756 -23016.9994693113 271.128027852295 -22756327.2718386 119770.807130522
2802848568.19028 439956156108.011 130103910706.884 -23088.5119252637 250.048339118427 -22756327.2718211 118897.747089256
2802966584.70949 437227103613.662 130132167937.969 -23160.2707377171 228.759283317489 -22756327.2718035 118016.519218091
2803083739.3504 434509559654.685 130157712207.64 -23232.2851972913 207.256451240759 -22756327.2717857 117154.640904613
2803200033.88605 431803577235.109 130180555809.063 -23304.5540002353 185.538544814983 -22756327.2717677 116294.535646647
2803315473.49819 429109130103.014 130200711882.905 -23377.0779138474 163.603635879613 -22756327.2717496 115439.612143096
2803430063.21717 426426194996.548 130218193541.059 -23449.8576189762 141.44980484005 -22756327.2717312 114589.71897808
2803543815.92873 423754563348.939 130233014834.411 -23522.8988747092 119.073554044939 -22756327.2717125 113752.711563388
2803656723.09277 421094529329.876 130245187038.004 -23596.1936851283 96.4755827134796 -22756327.2716936 112907.164043906
2803768789.36647 418446078177.914 130254723626.107 -23669.7423850466 73.6540475367102 -22756327.2716746 112066.273699189
2803880039.9168 415808707733.564 130261639149.479 -23743.5589870584 50.6028053553348 -22756327.2716554 111250.550322776
2803990464.25067 413182758670.088 130265945311.792 -23817.634048265 27.322983291591 -22756327.271636 110424.333877324
2804100066.50328 410568226202.5 130267655304.336 -23891.9676563403 3.81274706780107 -22756327.2716165 109602.252608183
2804208861.57257 407964847307.439 130266782179.678 -23966.5673017561 -19.9321151002449 -22756327.2715966 108795.06929285
2804316838.97363 405372965683.392 130263339147.858 -24041.4230909992 -43.9103028760529 -22756327.2715766 107977.40106011
2804424013.20632 402792326558.556 130257339192.258 -24116.542276558 -68.1259936042588 -22756327.2715563 107174.232682087
2804530407.28797 400222465682.908 130248793573.207 -24191.9384827376 -92.5855111894245 -22756327.2715357 106394.08165013
2804636007.04694 397663815260.3 130237716110.994 -24267.5991219027 -117.286721458868 -22756327.271515 105599.758975208
2804740824.42748 395116176948.091 130224118773.376 -24343.5300412926 -142.233476481634 -22756327.2714941 104817.380540532
2804844850.42801 392579861185.597 130208016309.157 -24419.7218994725 -167.424653811916 -22756327.2714729 104026.000531994
2804948106.85967 390054427290.099 130189418909.778 -24496.1878603382 -192.866579071452 -22756327.2714515 103256.431657728
2805050582.93461 387540229876.216 130168342142.083 -24572.9171103173 -218.557649802742 -22756327.27143 102476.074933651
2805152301.46203 385036799627.085 130144794946.45 -24649.9239054221 -244.504660876191 -22756327.271408 101718.527427766
2805253258.17322 382544330672.294 130118791697.209 -24727.2022749418 -270.707663832964 -22756327.271386 100956.711183251
2805353453.76596 380062896175.733 130090346213.296 -24804.7498208681 -297.167897914559 -22756327.2713636 100195.592746321
2805452910.00886 377592045706.162 130059465899.062 -24882.5805969409 -323.892264204665 -22756327.271341 99456.2428998055
2805551622.23219 375131982872.908 130026165578.737 -24960.6882265508 -350.880720160453 -22756327.2713181 98712.2233232599
2805649589.06231 372682831111.217 129990459807.294 -25039.0686719177 -378.134000403836 -22756327.271295 97966.8301221865
2805746812.36083 370244633934.371 129952362463.399 -25117.7203233705 -405.653673145413 -22756327.2712716 97223.2985191674
2805843301.68198 367817241355.05 129911884381.055 -25196.6478068053 -433.443511460925 -22756327.2712481 96489.3211487861
2805939066.29602 365400508455.548 129869035956.12 -25275.8556999538 -461.507329129676 -22756327.2712243 95764.6140388539
2806034113.58647 362994336118.864 129823827955.161 -25355.3471772725 -489.848496226412 -22756327.2712001 95047.2904563419
2806128438.36895 360598943438.854 129776277307.234 -25435.11484412 -518.46662546998 -22756327.2711756 94324.7824758616
2806222059.94636 358213927265.457 129726388626.079 -25515.172006735 -547.368777938604 -22756327.2711511 93621.577411801
2806314972.84692 355839513275.725 129674179063.395 -25595.5110060847 -576.554513394026 -22756327.2711262 92912.9005628297
2806407176.4151 353475806131.09 129619663981.397 -25676.1280474835 -606.024757970592 -22756327.2711009 92203.5681779487
2806498678.74592 351122686214.51 129562853760.177 -25757.0269248322 -635.783222003243 -22756327.2710755 91502.3308169152
2806589487.68663 348780038587.065 129503758486.116 -25838.211361392 -665.83364346378 -22756327.2710497 90808.9407136449
2806679616.30463 346447611345.715 129442384169.104 -25919.6899730012 -696.181642278788 -22756327.2710236 90128.6180018476
2806769058.65057 344125643666.706 129378749545.353 -26001.4542586605 -726.826503488864 -22756327.2709973 89442.3459398706
2806857821.94998 341814033905.649 129312864596.66 -26083.5075560217 -757.77193182835 -22756327.2709708 88763.2994027063
2806945903.30295 339512943868.284 129244746904.159 -26165.8438144463 -789.018110121679 -22756327.270944 88081.3529787318
2807033317.91478 337222061969.471 129174400068.582 -26248.4738998785 -820.571664610181 -22756327.2709168 87414.6118266208
2807120077.46946 334941165195.18 129101829280.041 -26331.4057651028 -852.438223364834 -22756327.2708893 86759.554677546
2807206164.3474 332670801559.429 129027064654.772 -26414.6192124807 -884.612594737417 -22756327.2708616 86086.8779389509
2807291602.54394 330410423103.385 128950100929.27 -26498.1340135905 -917.105013348605 -22756327.2708335 85438.1965475639
2807376377.52967 328160498784.269 128870966825.265 -26581.9325218727 -949.9112334771 -22756327.2708051 84774.985721974
2807460504.73995 325920704263.87 128789664036.671 -26666.0263907462 -983.03843808195 -22756327.2707764 84127.2102881615
2807543979.0777 323691260138.096 128706213604.823 -26750.4069135138 -1016.48585163281 -22756327.2707474 83474.3377438488
2807626823.15263 321471646083.647 128620608682.266 -26835.0934526498 -1050.26386631437 -22756327.270718 82844.0749349184
2807709027.05295 319262210459.095 128532875144.873 -26920.0724215476 -1084.36982552 -22756327.2706884 82203.9003140501
2807790603.59069 317062692188.752 128443015318.272 -27005.3534833238 -1118.81038001044 -22756327.2706584 81576.5377387068
2807871554.74183 314873120244.211 128351042784.344 -27090.9352006687 -1153.58777760431 -22756327.270628 80951.1511445017
2807951882.36004 312693527099.376 128256971515.507 -27176.8159175216 -1188.70418733849 -22756327.2705973 80327.618207919
2808031594.02403 310523789365.614 128160808741.871 -27263.000107383 -1224.16431690939 -22756327.2705663 79711.6639941522
2808110683.99704 308364146065.815 128062577920.919 -27349.4777861808 -1259.96694183512 -22756327.2705349 79089.9730040435
2808189172.54781 306214125572.596 127962270163.828 -27436.2674157502 -1296.1226481634 -22756327.2705033 78488.550778719
2808267050.76958 304074053076.164 127859913055.292 -27523.3554703403 -1332.6287900239 -22756327.2704713 77878.2217671822
2808344328.31514 301943745274.083 127755510596.868 -27610.7488944156 -1369.49126928776 -22756327.270439 77277.5455609559
2808421011.61958 299823105463.568 127649070429.715 -27698.4512313249 -1406.71464052199 -22756327.2704063 76683.30443578
2808497099.97265 297712234067.478 127540610087.797 -27786.4578547999 -1444.30002457848 -22756327.2703733 76088.353068967
2808572596.91278 295611114170.341 127430141452.185 -27874.7689063241 -1482.25057745393 -22756327.2703398 75496.9401304253
2808647502.98679 293519812106.126 127317680959.671 -27963.3809585339 -1520.56793792143 -22756327.2703061 74906.0740116462
2808721826.74959 291438170215.982 127203233027.815 -28052.3000480715 -1559.2578681275 -22756327.2702717 74323.7628036524
2808795583.06121 289365851203.762 127086791221.496 -28141.5401450275 -1598.32971008629 -22756327.2702373 73756.3116146954
2808868761.07574 287303238997.604 126968389414.738 -28231.0842044512 -1637.77928335812 -22756327.2702023 73178.0145351789
2808941367.27315 285250231558.626 126848034673.897 -28320.9359452309 -1677.61148576124 -22756327.2701672 72606.1974100007
2809013409.28514 283206692632.801 126725731610.401 -28411.1006930334 -1717.83200693336 -22756327.2701313 72042.0119895162
2809084886.76382 281172711472.772 126601498189.72 -28501.5738443117 -1758.44215772557 -22756327.2700953 71477.478681215
2809155811.8016 279148022588.85 126475330603.924 -28592.3665850863 -1799.45038456588 -22756327.2700589 70925.0377755167
2809226174.76455 277132980105.46 126347263604.441 -28683.4623097087 -1840.8526236741 -22756327.2700219 70362.9629533586
2809295991.43373 275127211174.103 126217286255.178 -28774.8771040475 -1882.65965474525 -22756327.2699847 69816.6691830068
2809365265.57736 273130684766.109 126085408662.219 -28866.6117806316 -1924.8754254972 -22756327.2699469 69274.1436282201
2809433995.04091 271143540795.702 125951652498.55 -28958.6591940915 -1967.50023280486 -22756327.2699088 68729.4635486134
2809502186.02312 269165678116.066 125816023571.689 -29051.0232353613 -2010.53948612827 -22756327.2698703 68190.9822034097
2809569841.77872 267197079903.839 125678533233.327 -29143.7039054454 -2053.99684764974 -22756327.2698315 67655.7556078108
2809636966.73498 265237694661.01 125539190374.632 -29236.7028259306 -2097.87678445601 -22756327.2697921 67124.9562612084
2809703560.91826 263287599130.044 125398013103.238 -29330.0154783894 -2142.18089701825 -22756327.2697523 66594.1832766145
2809769633.94721 261346588614.642 125254999118.104 -29423.6507971116 -2186.91721852657 -22756327.269712 66073.0289482751
2809835182.8611 259414826933.355 125110173043.561 -29517.5999828084 -2232.08537663677 -22756327.2696714 65548.9138897741
2809900219.60602 257492038404.997 124963526662.215 -29611.8755527898 -2277.69527863123 -22756327.2696303 65036.7449245841
2809964740.92451 255578395286.039 124815085476.03 -29706.4681716964 -2323.7463533547 -22756327.2695887 64521.318481881
2810028756.9146 253673673851.56 124664844507.332 -29801.3879793864 -2370.24752874296 -22756327.2695466 64015.9900934096
2810092262.70198 251778094959.637 124512833663.869 -29896.6229898774 -2417.19695888754 -22756327.2695041 63505.7873806652
2810155267.94 249891446406.394 124359048547.579 -29992.1828166763 -2464.60344203311 -22756327.2694613 63005.2380175427
2810217774.12052 248013758654.559 124203504017.455 -30088.0649168142 -2512.46985310135 -22756327.2694176 62506.1805207624
2810279783.89171 246145027482.203 124046212267.928 -30184.2684253495 -2560.79992633424 -22756327.269374 62009.7711960388
2810341302.29799 244285175878.394 123887179315.739 -30280.7962118312 -2609.59932516233 -22756327.2693297 61518.4062793739
2810402334.16391 242434132349.342 123726411364.758 -30377.6509198424 -2658.87368151411 -22756327.2692848 61031.8659217749
2810462881.54282 240591908765.799 123563921759.19 -30474.8308331555 -2708.62647059286 -22756327.2692394 60547.3789101754
2810522948.86811 238758444217.215 123399717456.68 -30572.338034605 -2758.86315820539 -22756327.2691936 60067.3252807988
2810582537.83536 236933760809.616 123233812805.538 -30670.1701755741 -2809.58698269478 -22756327.2691472 59588.9672542083
2810641652.50859 235117807890.809 123066215628.252 -30768.3287488292 -2860.80321333077 -22756327.2691005 59114.673226115
2810700295.50337 233310578695.796 122896937729.21 -30866.8128649833 -2912.51593633893 -22756327.2690532 58642.9947816455
2810758472.86547 231511959984.614 122725980800.836 -30965.6274492892 -2964.7323614463 -22756327.2690054 58177.3621045934
2810816183.2596 229722066186.699 122553368140.696 -31064.7648972701 -3017.45313441891 -22756327.2689571 57710.3941298402
2810873432.34767 227940794968.429 122379102446.204 -31164.2294787048 -3070.68522828177 -22756327.2689081 57249.088064273
2810930225.54632 226168050178.749 122203186581.763 -31264.0252258381 -3124.43560181239 -22756327.2688589 56793.1986568352
2810986563.34299 224403888866.958 122025638517.214 -31364.1475436191 -3178.70663543659 -22756327.2688089 56337.7966656154
2811042450.75773 222648226030.159 121846462067.126 -31464.5998178287 -3233.50507209431 -22756327.2687584 55887.4147420864
2811097893.54532 220900952215.547 121665658137.343 -31565.3869328059 -3288.83858695068 -22756327.2687073 55442.7875859935
2811152888.30921 219162246191.594 121483257571.002 -31666.4970741821 -3344.7057290806 -22756327.2686559 54994.7638949944
2811207441.9197 217431962701.038 121299257667.6 -31767.9370856605 -3401.1153509173 -22756327.2686036 54553.6104890707
2811261558.29358 215710048579.149 121113665006.818 -31869.7085432828 -3458.07350788916 -22756327.2685508 54116.3738798789
2811315241.43112 213996447145.65 120926485595.842 -31971.8132567741 -3515.58647493403 -22756327.2684976 53683.1375403395
2811368491.56593 212291221643.033 120737738594.855 -32074.2458334778 -3573.65652333089 -22756327.2684435 53250.1348115242
2811421314.37072 210594260949.044 120547423973.362 -32177.0112786751 -3632.2918647443 -22756327.268389 52822.8047863191
2811473710.91168 208905601048.878 120355557994.607 -32280.1057167551 -3691.49573680154 -22756327.268334 52396.5409634969
2811525684.45901 207225206854.84 120162149024.585 -32383.529510232 -3751.27384718226 -22756327.2682785 51973.5473262946
2811577238.88143 205553023219.492 119967202992.71 -32487.2842570595 -3811.63270127554 -22756327.268222 51554.4224204494
2811628377.82992 203889001221.37 119770726364.259 -32591.3711901729 -3872.57868705662 -22756327.2681652 51138.9484920209
2811679104.74386 202233098068.296 119572726173.12 -32695.7911681855 -3934.11806458701 -22756327.2681078 50726.9139420495
2811729420.98949 200585338259.433 119373217517.772 -32800.5407559769 -3996.25462818194 -22756327.2680497 50316.2456259505
2811779328.49587 198945727928.173 119172213504.319 -32905.6175622026 -4058.99282193566 -22756327.2679911 49907.5063786841
2811828834.25525 197314105983.512 118969706520.814 -33011.0299405268 -4122.34361005681 -22756327.2679319 49505.7593791093
2811877937.97668 195690550302.097 118765718304.79 -33116.7708649707 -4186.30883529965 -22756327.267872 49103.7214367728
2811926641.04057 194075084076.445 118560264200.179 -33222.8366601443 -4250.89235866095 -22756327.2678114 48703.0638868117
2811974949.78505 192467565396.219 118353338442.561 -33329.2344800436 -4316.10472517222 -22756327.2677499 48308.7444848814
2812022866.92182 190867971622.975 118144950146.988 -33435.9636979273 -4381.95186493194 -22756327.2676882 47917.1367680554
2812070396.06805 189276249298.208 117935104326.17 -33543.0257236047 -4448.44105507982 -22756327.2676256 47529.1462301832
2812117537.83867 187692445148.644 117723819227.87 -33650.4151679495 -4515.57542182462 -22756327.2675623 47141.7706211945
2812164296.56912 186116480746.974 117511096529.284 -33758.1350325078 -4583.36339173668 -22756327.2674984 46758.7304425039
2812210672.54598 184548413620.554 117296956214.376 -33866.1789883879 -4651.80760488787 -22756327.2674338 46375.9768649881
2812256670.80943 182988140376.881 117081396402.148 -33974.5517019607 -4720.91772518289 -22756327.2673684 45998.2634503895
2812302292.90825 181435675136.442 116864431198.528 -34083.2497088614 -4790.69835615726 -22756327.2673025 45622.0988211752
2812347543.9401 179890910700.272 116646057681.981 -34192.2780085308 -4861.15962979019 -22756327.2672358 45251.0318495004
2812392425.05376 178353873792.287 116426291625.092 -34301.6321745675 -4932.30571374237 -22756327.2671685 44881.11366218
2812436940.89301 176824471058.214 116205131641.162 -34411.3162625774 -5004.14637716113 -22756327.2671007 44515.8392422205
2812481093.29522 175302704673.525 115982589912.067 -34521.3275045076 -5076.68705302534 -22756327.2670319 44152.4022136507
2812524884.34444 173788568148.177 115758677474.066 -34631.6636560761 -5149.93358361683 -22756327.2669625 43791.0492194581
2812568316.58346 172282038817.605 115533403019.001 -34742.3235738154 -5223.89262077346 -22756327.2668921 43432.2390152547
2812611392.76117 170783086389.577 115306774060.332 -34853.3066256324 -5298.57125473198 -22756327.266821 43076.1777112515
2812654117.87165 169291601528.785 115078785892.818 -34964.6180633552 -5373.98068021256 -22756327.2667491 42725.1104811919
2812696489.36899 167807737823.775 114849474061.655 -35076.2434307009 -5450.11882012247 -22756327.2666768 42371.4973466487
2812738514.24634 166331315014.201 114618822842.021 -35188.1932056432 -5527.00063178652 -22756327.2666036 42024.8773434356
2812780194.42592 164862329383.962 114386843452.543 -35300.4646389501 -5604.63221592957 -22756327.2665293 41680.1795779294
2812821531.34765 163400794100.375 114153549927.082 -35413.0535699917 -5683.01876307276 -22756327.2664546 41336.9217318158
2812862527.90128 161946670841.254 113918948171.466 -35525.9597029051 -5762.16823285295 -22756327.2663791 40996.5536343155
2812903186.75666 160499928479.819 113683045141.756 -35639.1821519178 -5842.08829420487 -22756327.2663027 40658.8553789128
2812943512.38046 159060471098.68 113445836979.884 -35752.7251189802 -5922.79036348971 -22756327.2662257 40325.6237978016
2812983505.99566 157628317747.098 113207338539.427 -35866.5837479572 -6004.27957448059 -22756327.2661479 39993.6151960458
2813023170.63298 156203422526.031 112967553952.898 -35980.7582378427 -6086.56476359983 -22756327.2660693 39664.6373203452
2813062508.12128 154785782184.144 112726494453.284 -36095.2453218071 -6169.65239367696 -22756327.2659897 39337.4883070735
2813101518.91914 153375442899.196 112484179921.203 -36210.0375769607 -6253.54596297196 -22756327.2659091 39010.7978580325
2813140208.6147 151972264953.688 112240598266.638 -36325.1426435596 -6338.26009455467 -22756327.2658279 38689.6955584739
2813178579.59677 150576223285.656 111995756748.901 -36440.5588750192 -6423.80281863361 -22756327.2657459 38370.9820731838
2813216632.91194 149187341435.698 111749671236.21 -36556.2804945465 -6510.17919843956 -22756327.2656631 38053.3151675322
2813254371.51297 147805573192.903 111502345354.123 -36672.3074122454 -6597.39862948911 -22756327.2655793 37738.6010299117
2813291798.13024 146430879792.134 111253783882.198 -36788.6388925162 -6685.47018264771 -22756327.2654949 37426.6172685645
2813328915.2784 145063229790.346 111003992796.908 -36905.2735395394 -6774.40257997954 -22756327.2654096 37117.1481576868
2813365724.31578 143702634008.708 110752985815.765 -37022.2062575173 -6864.20183813973 -22756327.2653234 36809.0373821373
2813402228.38982 142349036813.232 110500764429.122 -37139.4375607848 -6954.87839678369 -22756327.2652364 36504.0740426506
2813438430.33018 141002393556.704 110247331929.701 -37256.9670090125 -7046.44214523856 -22756327.265148 36201.9403604239
2813474331.82685 139662701475.826 109992699413.506 -37374.7904420543 -7138.90022318641 -22756327.2650592 35901.4966681119
2813509937.26792 138329856468.037 109736858545.248 -37492.9125788695 -7232.26691375096 -22756327.2649693 35605.4410694807
2813545245.11595 137003975836.87 109479843467.316 -37611.3184279634 -7326.54105811446 -22756327.2648785 35307.8480281601
2813580259.78696 135684953602.015 109221645431.805 -37730.0126991876 -7421.73721135552 -22756327.2647871 35014.67101412
2813614983.55856 134372763233.47 108962270801.944 -37848.9930113655 -7517.86449707099 -22756327.2646946 34723.7715929335
2813649419.41785 133067350782.884 108701720376.518 -37968.2594195841 -7614.93418671125 -22756327.2646011 34435.8592945804
2813683568.32842 131768738550.765 108440010115.579 -38087.8049295703 -7712.95197192918 -22756327.2645067 34148.9105740523
2813717434.62376 130476820220.545 108177129995.039 -38207.6343043228 -7811.93334739225 -22756327.2644116 33866.2953324235
2813751018.40368 129191650259.621 107913102486.615 -38327.7373649422 -7911.88167571143 -22756327.2643152 33583.7799273191
2813784322.68669 127913171464.465 107647927357.18 -38448.11417439 -8012.80892289469 -22756327.2642179 33304.2830015048
2813817348.91843 126641386430.083 107381616642.434 -38568.7591016247 -8114.72247102513 -22756327.2641196 33026.2317463533
2813850100.49565 125376222156.007 107114166483.522 -38689.6735963077 -8217.63585687695 -22756327.2640207 32751.5772218341
2813882578.90585 124117678681.981 106845588237.584 -38810.852091512 -8321.55686996714 -22756327.2639205 32478.410196812
2813914785.3589 122865766716.359 106575895711.56 -38932.2878138707 -8426.49237077213 -22756327.2638193 32206.4530515182
2813946724.19962 121620374527.941 106305076191.886 -39053.9857976424 -8532.45962976163 -22756327.2637175 31938.8407134096
2813978396.29705 120381525011.052 106033145882.82 -39175.9379256683 -8639.46474406401 -22756327.2636148 31672.0974325541
2814009804.29119 119149171613.51 105760105858.827 -39298.1427521882 -8747.51979735518 -22756327.2635109 31407.9941438979
2814040949.74363 117923309573.068 105485966340.188 -39420.594600259 -8856.63333988187 -22756327.2634059 31145.4524403073
2814071836.03245 116703862098.424 105210721316.367 -39543.2949016343 -8966.82047201781 -22756327.2633001 30886.2888206771
2814102463.43781 115490874185.739 104934392147.764 -39666.2327433939 -9078.08542547308 -22756327.2631932 30627.4053536212
2814132834.54985 114284299339.873 104656979583.594 -39789.4062704209 -9190.44073205654 -22756327.2630852 30371.1120428239
2814162952.38365 113084073387.622 104378480002.682 -39912.8154020621 -9303.90083039748 -22756327.2629761 30117.8337968872
2814192818.88326 111890174099.697 104098899246.244 -40036.4556991738 -9418.476434463 -22756327.2628664 29866.499614244
2814222435.45684 110702600357.662 103818248117.798 -40160.320387715 -9534.17628034917 -22756327.2627555 29616.5735777109
2814251803.61146 109521346907.142 103536536562.993 -40284.4029392142 -9651.00948522295 -22756327.2626439 29368.1546199258
2814280926.54408 108346340004.77 103253758069.017 -40408.7039150583 -9768.99208484862 -22756327.2625313 29122.9326174779
2814309805.59639 107177580058.045 102969923711.204 -40533.2159701939 -9888.13290659851 -22756327.2624173 28879.0523112831
2814338442.40976 106015055159.964 102685041680.253 -40657.9328823975 -10008.4420185592 -22756327.2623024 28636.8133702889
2814366840.81319 104858663901.768 102399097975.356 -40782.8579629864 -10129.9389935285 -22756327.2621863 28398.4034278407
2814395001.20248 103708443936.622 102112112686.897 -40907.9794408923 -10252.6290637665 -22756327.2620692 28160.3892963671
2814422925.87153 102564355363.25 101824086773.319 -41033.2937458741 -10376.5256380412 -22756327.261951 27924.6690475549
2814450616.60571 101426378584.889 101535026157.942 -41158.7949678571 -10501.6400915885 -22756327.261832 27690.7341777033
2814478075.99744 100294460311.542 101244928056.55 -41284.4807938772 -10627.987672679 -22756327.2617116 27459.3917370162
2814505305.87409 99168578150.047 100953797365.757 -41410.345387195 -10755.580416329 -22756327.2615905 27229.8766483869
2814532306.31393 98048781952.2237 100661657849.966 -41536.3745986459 -10884.4220899946 -22756327.2614682 27000.4398348478
2814559081.42731 96934954055.7975 100368489595.51 -41662.5729464841 -11014.5357750698 -22756327.2613448 26775.1133871922
2814585632.56363 95827090611.1267 100074302092.312 -41788.9320521774 -11145.9317348997 -22756327.2612206 26551.1363116607
2814611960.84994 94725196908.8937 99779107396.0622 -41915.4422647428 -11278.6191019029 -22756327.261095 26328.2863163494
2814638069.62291 93629185276.6785 99482892522.0311 -42042.1044613035 -11412.6183664547 -22756327.2609682 26108.7729714349
2814663958.81002 92539110610.858 99185682836.6122 -42168.9029082797 -11547.932786206 -22756327.2608405 25889.1871070452
2814689630.72745 91454927308.0706 98887476613.1074 -42295.8332693122 -11684.5779085502 -22756327.260712 25671.9174257133
2814715088.34757 90376561243.6824 98588263883.7482 -42422.8944724048 -11822.573245267 -22756327.2605826 25457.6201266507
2814740333.29034 89303994817.3559 98288049995.013 -42550.0786967185 -11961.9314278216 -22756327.2604514 25244.9427698615
2814765366.57922 88237235545.826 97986847386.1081 -42677.3749159684 -12102.6618312067 -22756327.2603196 25033.2888774313
2814790190.43122 87176239817.3797 97684654088.6151 -42804.7779848014 -12244.7806079086 -22756327.2601868 24823.8519955777
2814814806.10499 86121004513.4106 97381479530.7731 -42932.2777218423 -12388.2986526692 -22756327.2600527 24615.6737756237
2814839216.18622 85071469208.0393 97077316574.5872 -43059.8706808598 -12533.2347927383 -22756327.259918 24410.0812288441
2814863421.6019 84027644261.9196 96772178400.9513 -43187.5446446158 -12679.5982965764 -22756327.2597818 24205.4156794267
2814887424.57672 82989483821.3301 96466061792.7155 -43315.2940332379 -12827.4063382873 -22756327.2596445 24002.9748159204
2814911226.93775 81956958634.5261 96158968168.97 -43443.1110670177 -12976.674000288 -22756327.2595063 23802.3610296346
2814934830.52814 80930038277.2158 95850898438.5202 -43570.9879205496 -13127.4167250535 -22756327.259367 23603.5903952771
2814958236.93143 79908703186.15 95541856638.7766 -43698.9152107754 -13279.6485242277 -22756327.2592267 23406.403289806
2814981447.36272 78892949589.8251 95231851586.3438 -43826.8813299192 -13433.3811045747 -22756327.2590851 23210.4312906751
2815004463.80799 77882739663.3714 94920881674.8069 -43954.8787177032 -13588.6314011149 -22756327.2589425 23016.4452641389
2815027288.42985 76878027226.4036 94608942436.8282 -44082.9006957349 -13745.4179366508 -22756327.258799 22824.6218604741
2815049921.9171 75878830595.3635 94296049338.7393 -44210.9321309653 -13903.7492968239 -22756327.2586546 22633.4872549709
2815072367.43512 74885058367.1568 93982183385.4832 -44338.9717100102 -14063.6515927024 -22756327.2585094 22445.5180165169
2815094625.25939 73896746459.8256 93667365465.8492 -44467.0015299827 -14225.1307918111 -22756327.258363 22257.8242740431
2815116697.37032 72913855055.2449 93351592565.3792 -44595.0131646358 -14388.2050756866 -22756327.2582154 22072.1109271901
2815138585.48483 71936355535.5784 93034865020.8055 -44722.996510353 -14552.8910364361 -22756327.2580669 21888.1145140721
2815160291.20905 70964223802.2612 92717184477.7039 -44850.9406232113 -14719.2046892859 -22756327.2579172 21705.7242214165
2815181817.07201 69997393848.2525 92398538583.8371 -44978.839855271 -14887.1695435337 -22756327.2577665 21525.8629554163
2815203163.50998 69035893191.1626 92078945603.5184 -45106.6759365315 -15056.7930951234 -22756327.2576151 21346.4379684793
2815224331.98985 68079702924.3301 91758408622.567 -45234.4364041284 -15228.090823704 -22756327.2574627 21168.4798737903
2815245325.58605 67128730884.822 91436905781.9362 -45362.1183619564 -15401.0917397808 -22756327.257309 20993.5962033535
2815266144.01427 66183036539.4995 91114466220.0215 -45489.6982982641 -15575.7975586669 -22756327.2571545 20818.4282103307
2815286789.83732 65242550028.4474 90791075243.5517 -45617.169765627 -15752.2336595021 -22756327.256999 20645.8230592392
2815307264.11746 64307269234.3569 90466741075.7054 -45744.5168879833 -15930.4131109341 -22756327.2568426 20474.280134067
2815327569.4465 63377121734.1939 90141447361.2591 -45871.7330666729 -16110.3625987056 -22756327.2566855 20305.3290394776
2815347706.96287 62452101039.1106 89815200375.3167 -45998.8024292071 -16292.0965071711 -22756327.2565274 20137.5163686983
2815367677.54774 61532212342.2683 89488010621.1128 -46125.707124968 -16475.6268386278 -22756327.2563684 19970.5848727349
2815387482.99136 60617418734.0715 89159873633.8448 -46252.4347529657 -16660.9740058984 -22756327.2562082 19805.443615797
2815407124.79573 59707696152.653 88830789303.9736 -46378.9708166504 -16848.1560932789 -22756327.2560477 19641.804372121
2815426605.33012 58802979828.498 88500742448.7061 -46505.3061727876 -17037.1999347475 -22756327.2558858 19480.5343924849
2815445924.96038 57903297598.925 88169751430.5754 -46631.4184085217 -17228.113273362 -22756327.2557235 19319.6302572897
2815465085.48513 57008610501.3199 87837810200.4795 -46757.2940585566 -17420.9178626001 -22756327.2555604 19160.524754214
2815484088.40399 56118893060.9799 87504917420.9976 -46882.9174141384 -17615.6328619381 -22756327.2553961 19002.9188591722
2815502935.47427 55234107306.6 87171066827.5896 -47008.2741676393 -17812.2804349248 -22756327.2552319 18847.0702790391
2815521627.59499 54354255208.1518 86836267062.0779 -47133.343966349 -18010.874041832 -22756327.2550664 18692.1207245372
2815540166.48622 53479299850.0552 86500511934.4832 -47258.1115707811 -18211.4359511278 -22756327.2549 18538.8912284384
2815558553.54613 52609219071.4479 86163800637.8907 -47382.5592489397 -18413.9853420748 -22756327.2547328 18387.0599065529
2815576790.39871 51743979645.5527 85826127864.3099 -47506.6704436496 -18618.5441959538 -22756327.2545652 18236.852585421
2815594878.86015 50883538741.8332 85487484195.4711 -47630.4295736773 -18825.1371482674 -22756327.2543967 18088.4614310961
2815612819.92467 50027892233.2667 85147875189.6942 -47753.8150643774 -19033.7798061601 -22756327.2542276 17941.0645289399
2815630614.7979 49177025733.0544 84807302344.4709 -47876.8063538374 -19244.4902397263 -22756327.2540581 17794.8732271093
2815648264.85687 48330916378.1277 84465763646.1246 -47999.3836441241 -19457.2887194577 -22756327.2538881 17650.0589663166
2815665772.16846 47489507776.4691 84123243180.9601 -48121.5315453381 -19672.2043283122 -22756327.2537174 17507.3115912901
2815683137.45348 46652807806.3209 83779750869.3951 -48243.2248715615 -19889.2500689072 -22756327.253546 17365.285019894
2815700362.61871 45820766973.1538 83435273000.1229 -48364.4462818977 -20108.453871379 -22756327.2533746 17225.1652284446
2815717448.74452 44993375260.9168 83089811832.117 -48485.1721948139 -20329.8336479858 -22756327.2532024 17086.1258124476
2815734397.52464 44170592651.3508 82743356903.9135 -48605.3828909955 -20553.4155080938 -22756327.2530298 16948.7801241746
2815751209.79702 43352420339.6202 82395914864.0466 -48725.0521053975 -20779.2145851715 -22756327.252857 16812.2723716515
2815767887.02061 42538829111.2825 82047479403.9884 -48844.1574746943 -21007.2543857134 -22756327.2526834 16677.2235965328
2815784430.32497 41729805509.9378 81698050729.3722 -48962.6737793773 -21237.554200035 -22756327.2525101 16543.3043546621
2815800841.90375 40925283635.0127 81347606008.9958 -49080.5829215294 -21470.1486257178 -22756327.252336 16411.5787781505
2815817122.56541 40125265019.0422 80996151281.3866 -49197.8563446511 -21705.0532824877 -22756327.2521617 16280.6616650802
2815833273.30953 39329741706.8176 80643688478.5529 -49314.4662860551 -21942.2864023055 -22756327.2519877 16150.7441240836
2815849296.1 38538657922.3702 80290198046.4244 -49430.3913841297 -22181.8807356233 -22756327.2518132 16022.7904683619
2815865191.98315 37752002750.4736 79935679972.7893 -49545.6030758386 -22423.8559507793 -22756327.2516389 15895.8831464638
2815880962.67592 36969731799.4208 79580118880.2057 -49660.0770575049 -22668.2422362205 -22756327.2514641 15770.692773547
2815896608.93228 36191848130.1518 79223520627.0206 -49773.7814207709 -22915.0552381792 -22756327.2512894 15646.2563586801
2815912131.99938 35418330160.6537 78865879753.8649 -49886.6871957146 -23164.3183056747 -22756327.2511144 15523.0670975554
2815927533.64706 34649129912.4553 78507178173.4672 -49998.7685665091 -23416.0636747818 -22756327.2509396 15401.6476814606
2815942814.84216 33884239152.5329 78147415874.8732 -50109.9932048617 -23670.3109920177 -22756327.2507653 15281.1951022197
2815957976.93912 33123630050.4323 77786583442.2388 -50220.3309107339 -23927.0864841476 -22756327.250591 15162.0969564361
2815973021.31824 32367273171.139 77424670296.401 -50329.7509600619 -24186.4172506744 -22756327.2504165 15044.3791255129
2815987949.37698 31615137906.4862 77061664860.5998 -50438.2220166817 -24448.3311602584 -22756327.2502432 14928.0587320159
2816002762.45309 30867196351.2443 76697556419.8623 -50545.7115493827 -24712.8555072374 -22756327.2500699 14813.0761161084
2816017461.47067 30123441272.3362 76332344028.2543 -50652.183247459 -24980.0104385561 -22756327.249897 14699.0175833614
2816032048.1309 29383825890.2991 75966006985.0121 -50757.6056263444 -25249.8305130266 -22756327.2497249 14586.660220813
2816046523.29876 28648345527.4669 75598544945.5527 -50861.9403212758 -25522.3353368149 -22756327.249553 14475.1678648029
2816060888.21905 27916976078.4874 75229947678.6936 -50965.1508704471 -25797.5516902922 -22756327.2493815 14364.9202870545
2816075144.45265 27189677067.6192 74860196195.8985 -51067.2021935757 -26075.512909714 -22756327.2492108 14256.2336028791
2816089293.11441 26466430493.081 74489282382.1617 -51168.0550934228 -26356.2441857545 -22756327.2490413 14148.6617566755
2816103335.18467 25747225084.7767 74117201305.6485 -51267.6685000102 -26639.7681470156 -22756327.248872 14042.0702670621
2816117272.41649 25032009777.196 73743926973.574 -51366.0058550158 -26926.1234194406 -22756327.2487035 13937.2318169807
2816131106.01241 24320761431.7587 73369447218.8721 -51463.0256699299 -27215.3381164302 -22756327.2485354 13833.5959170795
2816144837.04075 23613463651.5772 72993753024.9071 -51558.6844958211 -27507.4377889773 -22756327.2483687 13731.0283409397
2816158466.87662 22910084071.752 72616826448.8273 -51652.9399647193 -27802.4548053078 -22756327.2482038 13629.8358738491
2816171996.7328 22210598497.3767 72238653337.4673 -51745.7474688683 -28100.4185081454 -22756327.2480397 13529.8561747879
2816185427.74087 21514986780.1815 71859221247.4177 -51837.0607180432 -28401.3567471738 -22756327.2478766 13431.0080696874
2816198761.20379 20823219749.7747 71478512304.9353 -51926.8334218845 -28705.3015281145 -22756327.247715 13333.4629185626
2816211999.0077 20135237724.1733 71096490982.7236 -52015.0219207941 -29012.2989835653 -22756327.2475548 13237.8039089445
2816225141.6492 19451053049.8212 70713161023.075 -52101.5719981047 -29322.3636168905 -22756327.2473958 13142.6415075762
2816238190.95133 18770608976.6196 70328487089.2145 -52186.4369361193 -29635.54123299 -22756327.2472382 13049.3021278311
2816251147.39363 18093918658.6225 69942472642.6231 -52269.5599053715 -29951.845918469 -22756327.2470829 12956.4422946409
2816264012.87221 17420921230.7502 69555078503.8222 -52350.8918464409 -30271.3263632939 -22756327.2469287 12865.4785873277
2816276788.82733 16751579417.9179 69166277860.6753 -52430.3791849778 -30594.0211525092 -22756327.2467771 12775.9551215292
2816289475.77865 16085904137.119 68776071341.8305 -52507.961173105 -30919.9457746854 -22756327.2466259 12686.9513149998
2816302075.5492 15423837919.0408 68384419011.4609 -52583.5835759558 -31249.1492009457 -22756327.2464771 12599.7705468661
2816314589.35445 14765355053.1753 67991298559.6262 -52657.1867399521 -31581.6655453043 -22756327.2463312 12513.8052505699
2816327018.48941 14110425601.4744 67596684354.9262 -52728.7098000156 -31917.5314420055 -22756327.2461865 12429.1349682046
2816339364.10613 13459027135.1259 67200554470.7992 -52798.0893310123 -32256.7800543875 -22756327.2460446 12345.6167116684
2816351627.77162 12811115301.3605 66802872720.1636 -52865.2624006126 -32599.4564597201 -22756327.2459044 12263.6654952478
2816363810.6405 12166667501.3216 66403615183.0083 -52930.1618474763 -32945.5949093373 -22756327.2457664 12182.8688813433
2816375914.03547 11525652280.9125 66002751568.7737 -52992.7194749052 -33295.2347601517 -22756327.2456315 12103.3949649436
2816387939.41871 10888030814.9098 65600245866.4412 -53052.8657027095 -33648.4200169899 -22756327.2454991 12025.3832390767
2816399888.00746 10253777307.0586 65196069147.2443 -53110.5275404816 -34005.1880916911 -22756327.2453692 11948.5887518918
2816411761.27291 9622852560.31519 64790182834.3606 -53165.6309905418 -34365.5844573705 -22756327.2452416 11873.2654481438
2816423560.55613 8995224370.311 64382551560.34 -53218.0990484221 -34729.6513203597 -22756327.2451172 11799.2832250948
2816435287.26282 8370857215.68946 63973136544.8983 -53267.8525389656 -35097.4334359784 -22756327.2449949 11726.706689424
2816446942.88296 7749711220.97005 63561894753.6296 -53314.8100260861 -35468.9788885351 -22756327.2448759 11655.6201333302
2816458528.87638 7131748274.05055 63148782815.4774 -53358.8871868135 -35844.3355560896 -22756327.2447598 11585.9934287973
2816470046.54073 6516939121.39161 62733761835.9885 -53399.9962715151 -36223.5466288172 -22756327.2446468 11517.6643455266
2816481497.30065 5905247976.54387 62316787090.8404 -53438.047110589 -36606.6599066644 -22756327.2445362 11450.7599198819
2816492883.02502 5296615569.30138 61897796024.2158 -53472.9477690905 -36993.7389757629 -22756327.2444291 11385.7243727017
2816504205.04784 4691011499.93561 61476743956.9595 -53504.6012061694 -37384.830302441 -22756327.2443252 11322.0228159606
2816515464.89583 4088395416.99639 61053577608.3041 -53532.9075818429 -37779.9874750575 -22756327.244225 11259.8479937774
2816526664.10659 3488726774.06748 60628241632.1296 -53557.7634639322 -38179.2651573643 -22756327.2441268 11199.2107526757
2816537804.50202 2891950222.47418 60200668011.3859 -53579.0621337848 -38582.7290564263 -22756327.2440324 11140.3954310668
2816548887.69473 2298022094.63906 59770794694.2379 -53596.6922520071 -38990.4383839441 -22756327.2439418 11083.1927088793
2816559915.34768 1706896559.35445 59338555748.2374 -53610.5382871504 -39402.4549862159 -22756327.2438531 11027.6529597107
2816570889.3014 1118518858.86965 58903876156.3098 -53620.4803291581 -39818.8482906624 -22756327.2437682 10973.9537193989
2816581811.37826 532835859.421318 58466679278.7717 -53626.3934860219 -40239.6881635178 -22756327.2436862 10922.0768577637
2816592683.4739 -50208776.4851366 58026883129.3966 -53628.1476765578 -40665.0483896503 -22756327.243607 10872.0956374333
2816603507.52109 -630672575.535331 57584401657.2051 -53625.6072522224 -41095.0053654838 -22756327.2435308 10824.0471933024
2816614285.54875 -1208617332.56086 57139142166.5779 -53618.6306003835 -41529.6405191434 -22756327.2434573 10778.0276608656
2816625019.6337 -1784106430.25071 56691007079.4722 -53607.0697113305 -41969.0385139588 -22756327.2433863 10734.0849439613
2816635712.02219 -2357211250.79511 56239888618.2505 -53590.7695424856 -42413.2923723085 -22756327.2433176 10692.3884932434
2816646364.88547 -2927997955.58697 55785678846.0546 -53569.5678264152 -42862.4934908775 -22756327.2432513 10652.8632790426
2816656980.6754 -3496546418.28076 55328254364.7158 -53543.2939072439 -43316.7465995571 -22756327.2431865 10615.7899257068
2816667561.88997 -4062937511.01856 54867485871.6407 -53511.7683974343 -43776.1602298577 -22756327.2431231 10581.214577395
2816678111.08942 -4627253811.35803 54403237263.8626 -53474.8025403146 -44240.8474023093 -22756327.2430611 10549.1994459584
2816688631.04251 -5189587254.66215 53935358867.5684 -53432.1969212727 -44710.9322151022 -22756327.2429996 10519.9530941682
2816699124.61761 -5750033099.19809 53463691782.31 -53383.7408838302 -45186.5453149159 -22756327.242939 10493.57509953
2816709594.88919 -6308695392.62552 52988062679.3123 -53329.211058777 -45667.8289008848 -22756327.242878 10470.2715828003
2816720045.17968 -6865688932.04105 52508281266.2857 -53268.3698304645 -46154.9390718189 -22756327.2428145 10450.2904906008
2816730478.95362 -7421133319.46407 52024144497.5105 -53200.9645392297 -46648.0412762823 -22756327.2427492 10433.7739386111
2816740899.84715 -7975154214.4085 51535434697.5 -53126.725977524 -47147.3118366767 -22756327.242681 10420.8935300708
2816751311.79418 -8528364239.11149 51041486644.8029 -53045.2927999596 -47653.3816551093 -22756327.2426081 10411.9470279732
2816761718.99598 -9080213134.37908 50542660296.5824 -52956.4532817394 -48165.8265941218 -22756327.2425289 10407.2017944656
2816772125.93263 -9630846003.69404 50038693932.7925 -52859.8867685539 -48684.8512046998 -22756327.2424417 10406.9366549637
2816782537.43152 -10180418154.8841 49529303562.1706 -52755.2488301789 -49210.6766705672 -22756327.2423458 10411.4988929185
2816792958.55915 -10729098127.1951 49014178585.7466 -52642.1681184175 -49743.5445528416 -22756327.2422371 10421.1276285374
2816803394.74806 -11277061327.3897 48492986088.3354 -52520.244828718 -50283.7114831237 -22756327.2421136 10436.1889089916
2816813851.59138 -11824495986.833 47965363495.1079 -52389.0464432816 -50831.4557215922 -22756327.241972 10456.8433191642
2816824334.8902 -12371591572.1362 47430927855.905 -52248.1072111335 -51387.0662924168 -22756327.241807 10483.2988218993
2816834850.49817 -12918540455.5328 46889272643.3155 -52096.9247697414 -51950.8448266537 -22756327.2416167 10515.6079663669
2816845403.89259 -13465528931.5392 46339975017.4965 -51934.9595334758 -52523.0962911846 -22756327.2413931 10553.3944228167
2816855999.88823 -14012714149.3563 45782618127.3889 -51761.6394779479 -53104.1037589877 -22756327.2411304 10595.9956390054
2816866641.98317 -14560208808.0396 45216807264.6298 -51576.3650216162 -53694.1093162494 -22756327.2408199 10642.0949391947
2816877330.70444 -15108047292.7032 44642207077.8672 -51378.5230600575 -54293.2728700818 -22756327.2404542 10688.7212755343
2816888062.27676 -15656101523.1118 44058636194.5457 -51167.5263349854 -54901.5711837371 -22756327.2400212 10731.5723183048
2816898826.80734 -16204015704.3282 43466150237.3935 -50942.8588473874 -55518.7096971101 -22756327.239512 10764.5305759719
2816909605.21625 -16751119045.2251 42865157433.1426 -50704.1445698174 -56144.001959613 -22756327.238914 10778.4089126568
2816920368.90941 -17295536454.5118 42257448389.4518 -50451.6187677944 -56775.3030579363 -22756327.2382278 10763.6931631379
2816931079.26943 -17834482716.4155 41645974558.2949 -50186.1619466116 -57409.2555793276 -22756327.2374597 10710.3600188998
2816941693.2247 -18365696731.7223 41033277026.4488 -49908.6885235668 -58042.9358796564 -22756327.2366199 10613.95526623
2816952168.74116 -18887018460.9007 40421949400.634 -49620.335905097 -58673.384319215 -22756327.2357254 10475.5164571026
2816962472.26755 -19396759724.2219 39814192160.8262 -49322.2485762494 -59298.0752317961 -22756327.2347922 10303.5263936095
2816972581.1297 -19893812981.4145 39211640720.5395 -49015.4515234906 -59915.0965286659 -22756327.2338376 10108.8621462941
2816982483.91007 -20377655794.0353 38615306554.7506 -48700.763842109 -60523.2067540491 -22756327.232872 9902.78037126093
2816992178.08353 -20848220104.9365 38025685496.5872 -48378.7987493853 -61121.717232362 -22756327.2319055 9694.17346270561
2817001667.42452 -21305753733.9159 37442889854.0754 -48049.9901571138 -61710.3495833426 -22756327.2309422 9489.3409861996
2817010959.30696 -21750680961.023 36866797477.605 -47714.6448133711 -62289.0775408918 -22756327.2299852 9291.88244221393
2817020063.09472 -22183519666 36297142460.7746 -47372.9759050562 -62858.0300050073 -22756327.2290378 9103.78776466234
2817028989.10501 -22604828443.7918 35733575477.3876 -47025.1279382022 -63417.4262834945 -22756327.2280989 8926.01028279431
2817037747.68443 -23015161024.958 35175720651.6343 -46671.2061350075 -63967.5164089612 -22756327.22717 8758.57942323656
2817046348.71197 -23415042402.7303 34623208052.0018 -46311.2958443913 -64508.5472339118 -22756327.2262516 8601.02754366437
2817054801.84457 -23804980200.2107 34075659491.4162 -45945.4537480653 -65040.7750764418 -22756327.2253437 8453.13260209279
2817063115.96144 -24185439039.5767 33532726045.2304 -45573.7335244496 -65564.4280953597 -22756327.2244444 8314.11686302653
2817071299.37608 -24556850911.7881 32994076538.0073 -45196.1804542763 -66079.7171711374 -22756327.223556 8183.41464206385
2817079359.75211 -24919611869.5467 32459405026.0939 -44812.838630119 -66586.8284474562 -22756327.2226763 8060.37603095286
2817087304.26751 -25274090022.6409 31928421801.8942 -44423.7466374207 -67085.9317910075 -22756327.2218065 7944.51540105249
2817095139.49867 -25620620876.0971 31400862783.7444 -44028.946244342 -67577.171874182 -22756327.2209468 7835.23115648245
2817102871.48531 -25959510894.1759 30876486881.588 -43628.4826466259 -68060.670907824 -22756327.220099 7731.98663907944
2817110505.97408 -26291048690.1108 30355060872.7008 -43222.3945909895 -68536.5426980132 -22756327.2192597 7634.48877334035
2817118048.14576 -26615493562.4652 29836379173.7108 -42810.7310559111 -69004.8745930778 -22756327.218431 7542.17167771124
2817125502.94515 -26933090299.5678 29320242473.32 -42393.5360974759 -69465.7472094571 -22756327.2176127 7454.7993919465
2817132874.80873 -27244057923.221 28806477524.2428 -41970.8659416182 -69919.2168415873 -22756327.216805 7371.863581407
2817140168.18649 -27548612152.9148 28294901759.8468 -41542.7611793113 -70365.3470032319 -22756327.2160091 7293.37776293827
2817147386.97971 -27846941994.4871 27785363246.1491 -41109.2805671902 -70804.1732927724 -22756327.2152257 7218.79321814478
2817154534.9013 -28139225336.4675 27277716376.098 -40670.4821444623 -71235.7251919475 -22756327.2144561 7147.92159266767
2817161615.55686 -28425632398.4606 26771816610.936 -40226.4191597038 -71660.030453738 -22756327.2136974 7080.65555465395
2817168632.22801 -28706317141.4477 26267536457.9913 -39777.1546341817 -72077.101714407 -22756327.2129526 7016.67115183685
2817175588.08211 -28981426044.5358 25764751075.108 -39322.7495120191 -72486.9488480109 -22756327.2122207 6955.85410139285
2817182486.11539 -29251095975.4163 25263342764.9133 -38863.2671053128 -72889.575281031 -22756327.2115045 6898.0332810519
2817189329.11372 -29515452907.6915 24763204307.1213 -38398.7767825168 -73284.9755737946 -22756327.2108026 6842.99832962962
2817196119.8711 -29774620540.648 24264223381.3145 -37929.3399742389 -73673.1478798612 -22756327.2101169 6790.75737314792
2817202860.9184 -30028709973.5647 23766302738.5446 -37455.0293172332 -74054.0781179704 -22756327.2094469 6741.04729935106
2817209554.71531 -30277827288.0884 23269346514.9217 -36975.9163706041 -74427.7509684738 -22756327.2087936 6693.79691309054
2817216203.61025 -30522072129.5122 22773263450.8561 -36492.0749476308 -74794.1474504458 -22756327.2081566 6648.89494113112
2817222809.86458 -30761538728.3293 22277965361.0369 -36003.5799477661 -75153.2461840071 -22756327.2075386 6606.25432647808
2817229375.69424 -30996317479.6894 21783364228.887 -35510.5047003328 -75505.0255145065 -22756327.2069397 6565.82965886544
2817235903.14327 -31226490520.1303 21289381962.3588 -35012.9309405158 -75849.4566674871 -22756327.2063589 6527.44903485632
2817242394.23984 -31452137440.6538 20795938880.6675 -34510.9376277471 -76186.5121217554 -22756327.2057981 6491.09656630962
2817248850.8926 -31673331711.4299 20302961741.7805 -34004.609224264 -76516.1600918556 -22756327.205256 6456.65276054496
2817255275.05502 -31890146400.6471 19810371385.9603 -33494.023210344 -76838.3729007286 -22756327.2047362 6424.16242758465
2817261668.51481 -32102647032.2519 19318098982.5338 -32979.2669451569 -77153.1161991831 -22756327.2042379 6393.45979001383
2817268033.04729 -32310896914.2612 18826074477.4717 -32460.4259703372 -77460.3567877416 -22756327.2037601 6364.53247813312
2817274370.3703 -32514955657.8461 18334230186.2463 -31937.5878517291 -77760.0603038637 -22756327.2033038 6337.32300637092
2817280682.16584 -32714879939.0442 17842499255.7324 -31410.840686347 -78052.192249774 -22756327.2028699 6311.79553740579
2817286970.06594 -32910723092.3381 17350816887.4125 -30880.2745197537 -78336.7173106433 -22756327.2024608 6287.90010742608
2817293235.65088 -33102535127.2604 16859120614.3838 -30345.9817843965 -78613.5993188797 -22756327.2020745 6265.58493654366
2817299480.51751 -33290364848.189 16367345040.2321 -29808.0516644567 -78882.804240947 -22756327.2017121 6244.86662659038
2817305706.16114 -33474256297.7874 15875431229.2296 -29266.5804149163 -79144.29499908 -22756327.2013741 6225.64363295141
2817311914.06601 -33654251579.3556 15383319717.4432 -28721.66386847 -79398.0355080049 -22756327.2010598 6207.90486831373
2817318105.7324 -33830391605.2345 14890948422.3432 -28173.3951267489 -79643.9916429167 -22756327.2007728 6191.66639485463
2817324282.60192 -34002713942.8841 14398258654.8367 -27621.8712764181 -79882.1281557901 -22756327.2005095 6176.86951274415
2817330446.12019 -34171254633.1171 13905190221.4061 -27067.1880112309 -80112.4111869979 -22756327.2002721 6163.51827445878
2817336597.65624 -34336046000.6695 13411687959.9066 -26509.4470398722 -80334.8052439231 -22756327.2000613 6151.53604898308
2817342738.59993 -34497119361.2369 12917694029.6698 -25948.7474836643 -80549.2768962559 -22756327.1998763 6140.94369017155
2817348870.3687 -34654505100.181 12423147402.4221 -25385.1852685822 -80755.7947654718 -22756327.199717 6131.76877553196
2817354994.30653 -34808230054.3713 11927992074.2829 -24818.8625106689 -80954.3260394749 -22756327.1995859 6123.93782373118
2817361111.77684 -34958319944.7066 11432169654.4212 -24249.879141229 -81144.8396846197 -22756327.1994796 6117.47030874449
2817367224.11529 -35104919687.4403 10935205886.3513 -23677.8563016677 -81327.4547217912 -22756327.1994009 6112.33845792743
2817373332.61911 -35247892800.5841 10437567616.3332 -23103.4983704807 -81501.9408347511 -22756327.1993475 6108.50381789324
2817379438.65538 -35387260831.5215 9939200565.6707 -22526.9131415906 -81668.2733913264 -22756327.1993227 6106.03626928766
2817385543.55861 -35523045305.5922 9440044127.20751 -21948.2015562947 -81826.4308081924 -22756327.1993251 6104.90322405113
2817391648.58973 -35655265314.3238 8940039768.50487 -21367.4674348456 -81976.3915823286 -22756327.1993542 6105.03112488071
2817397755.12787 -35783936740.0458 8439134481.15825 -20784.8215527353 -82118.1335383843 -22756327.1994095 6106.53813833616
2817403864.50925 -35909076327.6182 7937265120.06936 -20200.3634640482 -82251.638352252 -22756327.1994934 6109.38138066838
2817409978.04084 -36030698166.3969 7434371650.43417 -19614.1969204912 -82376.8875296168 -22756327.1996031 6113.53158661821
2817416097.03561 -36148814062.526 6930396113.69105 -19026.4287234136 -82493.8629289026 -22756327.1997385 6118.99477726186
2817422222.86115 -36263434265.6838 6425279789.76882 -18437.1654526477 -82602.5475548976 -22756327.1999002 6125.82553726495
2817428356.84528 -36374568310.4038 5918959236.61155 -17846.5088764397 -82702.926280026 -22756327.2000885 6133.98412490266
2817434500.35818 -36482223221.3086 5411374134.36343 -17254.5651393117 -82794.9841263995 -22756327.2003016 6143.51290524037
2817440654.75603 -36586404994.7252 4902460561.29353 -16661.4369583102 -82878.7076197603 -22756327.2005415 6154.39784936723
2817446821.44636 -36687117565.0464 4392155716.84001 -16067.2291723173 -82954.0838726217 -22756327.2008057 6166.69033005913
2817453001.82545 -36784363858.3672 3880392560.97025 -15472.0425434831 -83021.1013834118 -22756327.2010932 6180.37908762233
2817459197.29796 -36878144709.9453 3367105065.68174 -14875.979924836 -83079.7491775775 -22756327.2014084 6195.47250775943
2817465409.30938 -36968459182.358 2852226651.87921 -14279.1444839438 -83130.0170877015 -22756327.2017465 6212.0114261866
2817471639.33316 -37055304990.7885 2335687554.63352 -13681.636704339 -83171.8959589552 -22756327.202107 6230.02378006972
2817477888.84392 -37138678220.7096 1817415955.85847 -13083.5557745436 -83205.3773860853 -22756327.2024918 6249.51076186042
2817484159.38241 -37218572920.9879 1297340276.0544 -12485.0022992618 -83230.4535223663 -22756327.2028975 6270.53848254635
2817490452.4463 -37294981884.7951 775383841.027166 -11886.0722318239 -83247.1172997801 -22756327.2033253 6293.06389386359
2817496769.68072 -37367895234.7204 251474037.850613 -11286.8674694347 -83255.3620245291 -22756327.2037749 6317.23442257312
2817503112.68163 -37437302605.0118 -274473467.733427 -10687.4778684074 -83255.1816565211 -22756327.2042451 6343.00090674116
2817509483.10141 -37503190736.5923 -802538288.566316 -10088.0001760581 -83246.5703604443 -22756327.2047367 6370.4197798806
2817515882.62373 -37565544648.9203 -1332804026.29175 -9488.52815845864 -83229.5226317604 -22756327.2052474 6399.52231917145
2817522313.07603 -37624347272.4902 -1865356093.52975 -8889.15519736837 -83204.033205945 -22756327.2057786 6430.45230343756
2817528776.16318 -37679580315.7574 -2400290984.10941 -8289.96403682649 -83170.0963671342 -22756327.2063274 6463.08714938974
2817535273.81203 -37731221816.816 -2937694017.80513 -7691.05189696301 -83127.7071379914 -22756327.2068944 6497.64884674742
2817541807.97021 -37779248988.3245 -3477667903.92789 -7092.49863931284 -83076.8593585616 -22756327.2074776 6534.15818216607
2817548380.56879 -37823636283.6633 -4020315890.22399 -6494.385884878 -83017.5464680263 -22756327.2080789 6572.59857919732
2817554993.65977 -37864355155.2846 -4565738557.37376 -5896.80061893972 -82949.7620405456 -22756327.2086968 6613.09098086472
2817561649.38725 -37901374877.2122 -5114045122.66142 -5299.82290906115 -82873.4984858313 -22756327.2093306 6655.72747369045
2817568350.01082 -37934662096.1448 -5665350903.48148 -4703.52901718101 -82788.7469883309 -22756327.2099805 6700.62356975948
2817575097.77081 -37964180705.1705 -6219779106.9227 -4107.98979426696 -82695.4969336338 -22756327.2106442 6747.759999475
2817581895.19757 -37989891082.7932 -6777449528.35085 -3513.28308445302 -82593.7376852174 -22756327.2113218 6797.4267590135
2817588744.81816 -38011751113.8728 -7338503953.09735 -2919.46690276495 -82483.4538670098 -22756327.2120109 6849.6205846209
2817595649.1893 -38029714712.3422 -7903081715.58131 -2326.6060012833 -82364.6293704656 -22756327.2127137 6904.37114557566
2817602611.09694 -38043731959.6642 -8471322273.005 -1734.76921861497 -82237.2471879411 -22756327.2134285 6961.90763334697
2817609633.54961 -38053749321.5982 -9043381432.33146 -1144.01290663691 -82101.2857017872 -22756327.2141547 7022.4526761002
2817616719.61267 -38059709049.9895 -9619430513.03485 -554.38263105017 -81956.7180899503 -22756327.2148933 7086.06306006182
2817623872.49178 -38061548622.0379 -10199642459.6401 34.071952524525 -81803.5153846069 -22756327.2156405 7152.87910118899
2817631095.69284 -38059200618.2855 -10784198448.6285 621.303479309206 -81641.6448454764 -22756327.2163997 7223.20106123862
2817638392.79494 -38052592221.4093 -11373300631.4029 1207.27894327749 -81471.066033877 -22756327.2171655 7297.1021045997
2817645767.68207 -38041644856.1805 -11967153226.8691 1791.95996908996 -81291.7357323351 -22756327.2179422 7374.88713082035
2817653224.55251 -38026273546.7903 -12565981047.4869 2375.32048732129 -81103.6023284857 -22756327.2187271 7456.8704347553
2817660767.87172 -38006386130.9189 -13170029756.8324 2957.34572468848 -80906.6049639891 -22756327.2195201 7543.31921515379
2817668402.23459 -37981882654.6423 -13779561520.1164 3538.02676202973 -80700.6743304922 -22756327.2203212 7634.36286783565
2817676132.8725 -37952655319.1244 -14394843376.818 4117.34852436294 -80485.736430759 -22756327.2211294 7730.63791191854
2817683965.1225 -37918585891.4533 -15016187529.561 4695.32653462935 -80261.6981802562 -22756327.2219443 7832.24999664037
2817691905.09953 -37879546845.6382 -15643907841.3036 5271.96436993072 -80028.4619983962 -22756327.2227659 7939.97703489786
2817699958.99472 -37835397324.5701 -16278373014.7642 5847.30120136772 -79785.9058811196 -22756327.2235942 8053.89518192377
2817708133.7116 -37785985623.6097 -16919949464.1684 6421.35745614002 -79533.9040851014 -22756327.2244291 8174.71688411895
2817716436.84671 -37731144755.51 -17569051252.715 6994.17839611129 -79272.3078154088 -22756327.2252712 8303.13510741586
2817724876.19495 -37670690810.6257 -18226137181.4236 7565.82832247839 -79000.945059983 -22756327.2261205 8439.34824057054
2817733460.4893 -37604425278.474 -18891670411.6641 8136.35301101085 -78719.6368150847 -22756327.2269778 8584.2943548005
2817742199.11586 -37532128343.9547 -19566175653.7288 8705.82694758143 -78428.1731575505 -22756327.2278399 8738.62656237994
2817751101.88316 -37453559187.6988 -20250214938.802 9274.32891676258 -78126.3225574001 -22756327.2287111 8902.76729633204
2817760179.31991 -37368456760.2847 -20944368006.6126 9841.92315026561 -77813.8406490698 -22756327.2295895 9077.43675125147
2817769442.0051 -37276535876.5687 -21649253988.9222 10408.6749522179 -77490.4610727364 -22756327.2304759 9262.68518980529
2817778900.0735 -37177492955.6783 -22365477767.2318 10974.6055247916 -77155.9208564497 -22756327.2313676 9458.06840103947
2817788562.75001 -37071012052.502 -23093591082.1162 11539.6626587002 -76809.9814836489 -22756327.2322659 9662.67650511041
2817798436.15992 -36956772255.5518 -23834056904.8162 12103.6973927724 -76452.4501231548 -22756327.2331686 9873.40991194406
2817808522.29198 -36834478532.7955 -24587083761.4838 12666.3478635973 -76083.2664328023 -22756327.2340722 10086.1320582511
2817818814.84471 -36703884727.8795 -25352552509.2784 13227.0053326905 -75702.5495628335 -22756327.234972 10292.5527352632
2817829297.62216 -36564862935.4228 -26129711405.0201 13784.6231245587 -75310.7643474563 -22756327.235858 10482.7774512662
2817839941.60033 -36417449944.6975 -26917072901.0138 14337.6942829713 -74908.7935012966 -22756327.2367177 10643.9781697086
2817850706.23895 -36261918091.6973 -27712216645.6267 14884.1758319321 -74498.058484412 -22756327.237535 10764.6386118248
2817861544.66595 -36098788887.6944 -28511915523.8436 15421.6456443105 -74080.4726293933 -22756327.2382936 10838.4269997316
2817872411.57126 -35928778468.2978 -29312544548.9217 15947.6298581763 -73658.2344892668 -22756327.2389812 10866.9053132657
2817883269.82229 -35752679649.177 -30110674932.0656 16460.0075205738 -73233.5055682244 -22756327.2395883 10858.2510331948
2817894093.88343 -35571819550.5517 -30901064703.9114 16955.7449853095 -72809.4727744689 -22756327.2401056 10824.0611351551
2817904869.3245 -35386518901.2359 -31683341722.0241 17435.0647320249 -72386.7440393652 -22756327.2405467 10775.4410681035
2817915590.60255 -35197097771.3302 -32457164150.9948 17898.2248762494 -71965.8874613712 -22756327.2409201 10721.2780519106
2817926257.67778 -35003777593.3218 -33222596539.9716 18345.7323204364 -71547.2245876656 -22756327.2412372 10667.0752354579
2817936874.01088 -34806706197.3695 -33979955405.0869 18778.2264270858 -71130.9105027114 -22756327.241508 10616.333093902
2817947445.05407 -34605979657.3382 -34729694916.5289 19196.3989013082 -70716.9959322592 -22756327.2417378 10571.0431904749
2817957977.17325 -34401660084.1021 -35472326776.3807 19600.9420937129 -70305.4727885896 -22756327.2419381 10532.1191785445
2817968476.58544 -34193796002.5323 -36208343927.2115 19992.5060138968 -69896.3187972236 -22756327.2421103 10499.4121889844
2817978950.1665 -33982407162.5509 -36938276880.5803 20371.7293431929 -69489.4687621026 -22756327.2422609 10473.5810605057
2817989404.0142 -33767514033.9007 -37662593036.6754 20739.187601436 -69084.8729673158 -22756327.2423925 10453.8477027464
2817999844.23722 -33549123470.3169 -38381752399.9512 21095.4251621918 -68682.4684612101 -22756327.2425117 10440.2230205173
2818010276.18338 -33327068552.9457 -39096719982.6079 21441.2013801164 -68281.893738535 -22756327.242619 10431.9461608615
2818020705.126 -33101637330.2695 -39806953841.3577 21776.5241999056 -67883.6180798999 -22756327.2427182 10428.9426208511
2818031135.9114 -32872826338.5109 -40512841160.9006 22101.8453113986 -67487.5786063982 -22756327.2428079 10430.7854007758
2818041573.04461 -32640631785.1107 -41214733477.9626 22417.5792311249 -67093.7211382432 -22756327.2428927 10437.1332032819
2818052020.72412 -32405048815.6185 -41912953233.6342 22724.1087374286 -66701.9977506889 -22756327.2429724 10447.6795150561
2818062482.68951 -32166071710.6591 -42607796744.2639 23021.7882566803 -66312.3661619291 -22756327.2430491 10461.965393642
2818072962.83443 -31923698315.7045 -43299524746.7693 23310.941839991 -65924.795934176 -22756327.2431235 10480.1449148854
2818083464.40851 -31677916608.2432 -43988403461.0333 23591.8819768559 -65539.2462474927 -22756327.243196 10501.5740798376
2818093990.59486 -31428723861.6224 -44674652293.2212 23864.8891819163 -65155.6958785831 -22756327.2432685 10526.1863552309
2818104544.51207 -31176113888.6275 -45358482475.8331 24130.2294866938 -64774.122134087 -22756327.2433405 10553.9172084345
2818115128.86749 -30920077338.0335 -46040097321.6144 24388.1552455329 -64394.5012566341 -22756327.2434125 10584.3554216501
2818125746.45473 -30660610559.9818 -46719670153.7391 24638.897770964 -64016.8211701857 -22756327.2434864 10617.5872332375
2818136399.73161 -30397703955.9302 -47397376741.7964 24882.6805174874 -63641.0638109292 -22756327.2435603 10653.2768859036
2818147091.14738 -30131352665.4364 -48073368442.5695 25119.7099099933 -63267.2204096354 -22756327.2436361 10691.4157705827
2818157823.08329 -29861548845.8219 -48747793405.9188 25350.1838135027 -62895.2800255797 -22756327.2437143 10731.9359037603
2818168597.63917 -29588283356.7615 -49420792880.2693 25574.290655029 -62525.2319024257 -22756327.2437935 10774.555882581
2818179416.98653 -29311551488.3223 -50092488076.7147 25792.2057023539 -62157.0729241918 -22756327.243876 10819.3473610917
2818190283.29378 -29031344217.2731 -50763002505.6653 26004.0990445529 -61790.7955489936 -22756327.2439604 10866.3072512895
2818201198.37245 -28747650209.1671 -51432457257.6955 26210.1342126238 -61426.3906629087 -22756327.2440467 10915.0786678864
2818212164.18505 -28460465281.7887 -52100949410.8054 26410.4620433719 -61063.8594960892 -22756327.2441368 10965.8125991837
2818223182.55386 -28169779352.2337 -52768583511.2024 26605.2308313174 -60703.1966299517 -22756327.2442288 11018.3688119476
2818234255.21651 -27875584185.005 -53435453731.4963 26794.581153785 -60344.399863919 -22756327.2443228 11072.6626493008
2818245383.98984 -27577872114.3141 -54101647461.8499 26978.6473639914 -59987.4683752442 -22756327.2444201 11128.7733273707
2818256570.46222 -27276631751.2862 -54767255238.1874 27157.5605812236 -59632.3975346798 -22756327.2445209 11186.4723792458
2818267816.36422 -26971856399.0858 -55432352368.5638 27331.4439360107 -59279.1888455176 -22756327.2446232 11245.9019993255
2818279123.26256 -26663534128.3516 -56097021184.9027 27500.4187928969 -58927.8381783849 -22756327.2447283 11306.8983466567
2818290492.63512 -26351656188.8122 -56761332872.3991 27664.6001566827 -58578.3455378507 -22756327.2448363 11369.3725552614
2818301926.14538 -26036215120.3094 -57425352128.6982 27824.0982481083 -58230.7126220673 -22756327.2449472 11433.5102569528
2818313425.2436 -25717197198.016 -58089153213.2227 27979.0224885836 -57884.9345222379 -22756327.2450609 11499.0982264186
2818324991.33488 -25394593563.0323 -58752796682.8929 28129.4760520246 -57541.0119910098 -22756327.2451766 11566.0912793214
2818336625.94527 -25068395683.6467 -59416339378.3567 28275.5585535508 -57198.9462334516 -22756327.245295 11634.6103842676
2818348330.47994 -24738590711.5539 -60079843954.6127 28417.3682347215 -56858.7340829564 -22756327.2454162 11704.534678046
2818360106.49572 -24405168346.4665 -60743365014.2467 28554.9990045292 -56520.3752296312 -22756327.2455389 11776.0157731316
2818371955.12909 -24068113145.7401 -61406964628.6692 28688.5438247016 -56183.8643485865 -22756327.2456646 11848.6333752201
2818383877.85777 -23727420946.8388 -62070680151.324 28818.0883523107 -55849.207475111 -22756327.2457931 11922.7286810424
2818395876.05445 -23383077134.9561 -62734567203.0541 28943.7197369036 -55516.4002395728 -22756327.2459238 11998.1966783808
2818407951.07199 -23035069430.8559 -63398674486.6706 29065.5215790634 -55185.4407227891 -22756327.2460563 12075.0175393551
2818420104.19938 -22683385505.177 -64063048642.7981 29183.5750287673 -54856.3270273524 -22756327.2461915 12153.1273893835
2818432336.75345 -22328014313.3567 -64727731889.0735 29297.9584882453 -54529.0584727675 -22756327.2463281 12232.5540684501
2818444649.93919 -21968943465.0576 -65392767103.9014 29408.7486083441 -54203.6331118763 -22756327.2464676 12313.1857390508
2818457045.03682 -21606163359.8927 -66058190263.2824 29516.0191097633 -53880.0514667828 -22756327.246608 12395.0976349536
2818469523.60871 -21239661732.4062 -66724040648.4529 29619.8425671106 -53558.3115626496 -22756327.2467506 12478.5718845777
2818482086.8167 -20869417488.5303 -67390371747.002 29720.2919709861 -53238.4038152767 -22756327.2468953 12563.2079945179
2818494735.78659 -20495420947.5067 -68057214687.9506 29817.4351706934 -52920.3286880613 -22756327.247041 12648.969885779
2818507472.17398 -20117663163.0105 -68724598058.4273 29911.3382129361 -52604.0870328444 -22756327.2471893 12736.3873960434
2818520296.72623 -19736118980.1431 -69392577558.5672 30002.0693858809 -52289.6661830633 -22756327.247339 12824.5522495751
2818533210.84929 -19350790093.2244 -70061160430.5742 30089.688876012 -51977.0756389937 -22756327.2474897 12914.1230514597
2818546215.79971 -18961658183.4879 -70730387840.9194 30174.2601608106 -51666.3082168806 -22756327.2476423 13004.9504221716
2818559312.78185 -18568709101.4248 -71400292366.5324 30255.8441606149 -51357.3601657014 -22756327.2477951 13096.9821385127
2818572503.08372 -18171930002.2812 -72070903195.6966 30334.500063324 -51050.2286949173 -22756327.2479503 13190.3018712666
2818585788.19451 -17771305252.0598 -72742253112.7402 30410.2861985382 -50744.9087910241 -22756327.2481062 13285.11079184
2818599168.78605 -17366812831.8449 -73414384306.148 30483.2606028083 -50441.3906962149 -22756327.2482626 13380.5915435512
2818612646.89979 -16958455405.1241 -74087297006.1989 30553.4755973781 -50139.6830389771 -22756327.2484214 13478.1137378224
2818626222.98456 -16546193649.7258 -74761059722.104 30620.9895036846 -49839.7632966742 -22756327.2485802 13576.0847696057
2818639898.72037 -16130036712.4099 -75435660446.2348 30685.8512628732 -49541.6444411178 -22756327.2487407 13675.7358126608
2818653675.3458 -15709955915.0488 -76111148095.1506 30748.1148348003 -49245.3118483222 -22756327.2489016 13776.6254296213
2818667553.85001 -15285935910.8446 -76787548815.8123 30807.8307859503 -48950.7606192341 -22756327.2490642 13878.5042069935
2818681535.62889 -14857968909.1041 -77464875992.294 30865.0475839341 -48657.9909296659 -22756327.2492268 13981.7788784865
2818695621.88668 -14426034469.131 -78143162353.7065 30919.8143866281 -48366.9941265181 -22756327.2493901 14086.2577880996
2818709813.86662 -13990117934.2156 -78822430621.5267 30972.1784926485 -48077.7655146718 -22756327.2495537 14191.9799406276
2818724113.05766 -13550203340.3301 -79502704820.3845 31022.1863548871 -47790.2994573678 -22756327.2497184 14299.1910478565
2818738519.88015 -13106266995.7916 -80184020050.4503 31069.8842422807 -47504.5853369131 -22756327.2498837 14406.822480276
2818753036.42633 -12658318333.3718 -80866360083.8051 31115.3140204913 -47220.6336224454 -22756327.2500491 14516.5461876997
2818767663.41003 -12206314765.5544 -81549787524.3249 31158.5220436417 -46938.4215278472 -22756327.2502146 14626.9836941415
2818782402.4144 -11750256506.313 -82234299131.2796 31199.5494249127 -46657.9533420554 -22756327.2503805 14739.0043716081
2818797254.51064 -11290116648.757 -82919932017.8543 31238.4389837701 -46379.2163899115 -22756327.2505472 14852.0962392421
2818812221.28802 -10825884206.1728 -83606698763.5977 31275.231240658 -46102.2077636872 -22756327.2507141 14966.7773845963
2818827303.78935 -10357531966.2919 -84294635338.9671 31309.9671638033 -45826.9148475771 -22756327.2508812 15082.501323955
2818842502.89275 -9885049778.82781 -84983751907.9754 31342.6855670559 -45553.3351589438 -22756327.2510481 15199.1034038331
2818857820.32816 -9408432675.9278 -85674050875.8122 31373.4242881397 -45281.4688760697 -22756327.251215 15317.4354106057
2818873257.33817 -8927648981.95825 -86365572868.073 31402.2221563837 -45011.3008412018 -22756327.2513821 15437.0100067439
2818888814.8408 -8442682287.65845 -87058335673.8687 31429.1161766458 -44742.8247431387 -22756327.2515492 15557.5026287037
2818904494.33638 -7953526408.25123 -87752342152.5134 31454.1421419066 -44476.0397451858 -22756327.2517161 15679.4955817361
2818920296.9037 -7460156882.70556 -88447620766.0081 31477.3361430108 -44210.9348747836 -22756327.251883 15802.5673216935
2818936224.50611 -6962562532.70922 -89144180698.6253 31498.7329172695 -43947.506339203 -22756327.2520499 15927.6024107308
2818952277.73713 -6460704349.17937 -89842069479.7838 31518.3676607996 -43685.7357144143 -22756327.2522163 16053.2310156892
2818968458.36401 -5954586511.99742 -90541273940.9269 31536.2731434318 -43425.6272407491 -22756327.2523825 16180.6268784107
2818984767.25644 -5444176263.4463 -91241831805.0543 31552.4829245349 -43167.165902361 -22756327.2525487 16308.8924392751
2819001206.33697 -4929469202.66097 -91943741296.9484 31567.028974179 -42910.3511527718 -22756327.2527149 16439.0805241109
2819017776.18243 -4410427764.80584 -92647045499.2899 31579.9436072769 -42655.1658437688 -22756327.2528806 16569.8454644819
2819034478.55136 -3887056932.29136 -93351729320.0097 31591.2574356223 -42401.6138328172 -22756327.2530458 16702.3689248888
2819051314.33284 -3359324449.91342 -94057827732.8089 31601.0014142838 -42149.6806576217 -22756327.2532108 16835.7814828326
2819068285.52283 -2827225604.06449 -94765338356.2113 31609.2053714759 -41899.3650980524 -22756327.2533753 16971.1899898742
2819085392.72316 -2290720782.61096 -95474304864.088 31615.8991249089 -41650.6494892786 -22756327.2535391 17107.2003266562
2819102637.79733 -1749814528.57759 -96184712071.2029 31621.1113425112 -41403.5367543491 -22756327.2537026 17245.0741719935
2819120021.67051 -1204471592.19252 -96896596971.7834 31624.8706376912 -41158.0114087626 -22756327.2538655 17383.8731845509
2819137546.46359 -654686491.261292 -97609957186.3378 31627.2048371447 -40914.0715112441 -22756327.2540281 17524.7930768295
2819155213.29258 -100416031.797985 -98324838911.7256 31628.1414122614 -40671.6984045342 -22756327.25419 17666.8289883668
2819173023.05101 458351091.305263 -99041246512.8206 31627.7071602377 -40430.8876880484 -22756327.2543511 17809.7584346867
2819190976.9429 1021619031.53276 -99759175190.5921 31625.9285026521 -40191.6377785813 -22756327.2545118 17953.8918816135
2819209077.35899 1589401646.42931 -100478632545.232 31622.8314598986 -39953.9426950182 -22756327.2546716 18100.4160988762
2819227325.12122 2161750199.97606 -101199673016.14 31618.4413020482 -39717.7810137855 -22756327.2548316 18247.7622283764
2819245721.89995 2738666213.83574 -101922287695.269 31612.7831085225 -39483.1521601884 -22756327.2549903 18396.778728105
2819264268.5091 3320177906.17113 -102646501059.887 31605.8813220549 -39250.0445179794 -22756327.2551479 18546.6091492419
2819282966.10455 3906286289.07466 -103372303467.669 31597.7602839237 -39018.4573508014 -22756327.2553053 18697.5954461306
2819301817.16736 4497003057.07728 -104099698639.231 31588.4438727325 -38788.3853805856 -22756327.2554619 18851.0628130214
2819320822.54565 5092381621.22656 -104828741180.996 31577.9548295425 -38559.8072686978 -22756327.2556179 19005.3782888017
2819339984.00478 5692423653.21998 -105559421691.613 31566.3162914848 -38332.7218700783 -22756327.2557728 19161.4591285061
2819359302.41292 6297159642.48593 -106291765810.146 31553.5504899385 -38107.1169830309 -22756327.2559268 19318.4081470005
2819378779.5438 6906591608.9069 -107025764452.155 31539.6798641385 -37882.9910400554 -22756327.2560804 19477.1308716097
2819398417.3596 7520749993.12968 -107761442713.117 31524.7258687263 -37660.3318831346 -22756327.2562332 19637.8158015717
2819418216.32476 8139670994.50042 -108498832022.568 31508.7093613967 -37439.1255442462 -22756327.2563848 19798.9651667853
2819438179.62459 8763343445.1865 -109237907188.763 31491.6520664022 -37219.3749671492 -22756327.256536 19963.2998261286
2819458306.97024 9391841712.89997 -109978744143.534 31473.5730054025 -37001.0529850109 -22756327.2566862 20127.3456511513
2819478600.41759 10025130588.5336 -110721289108.795 31454.4939243978 -36784.1707715752 -22756327.2568352 20293.4473539411
2819499061.06043 10663248527.0615 -111465575160.039 31434.4341553739 -36568.7137434142 -22756327.256984 20460.6428384725
2819519690.95366 11306203537.7016 -112211599482.776 31413.4136082196 -36354.6777504538 -22756327.2571313 20629.8932238978
2819540491.74324 11954033654.2223 -112959393921.21 31391.4508814074 -36142.0486481972 -22756327.257278 20800.7895778229
2819561464.84055 12606763849.8244 -113708974739.275 31368.5646271374 -35930.8168370784 -22756327.2574234 20973.0973112841
2819582611.37856 13264411543.2829 -114460349293.893 31344.7734351831 -35720.9752113569 -22756327.2575681 21146.538018023
2819603934.06421 13926985252.2691 -115213514734.041 31320.0959315549 -35512.5194092568 -22756327.2577124 21322.6856464195
2819625433.3124 14594542596.5051 -115968523694.442 31294.5485792395 -35305.429753149 -22756327.2578549 21499.2481854316
2819647111.35097 15267069210.0997 -116725346985.855 31268.1502537026 -35099.709092604 -22756327.2579973 21678.0385719742
2819668969.41292 15944607284.3548 -117484019205.295 31240.9173700724 -34895.34275607 -22756327.2581382 21858.0619559328
2819691008.42146 16627167682.0817 -118244539480.455 31212.8672754177 -34692.3257091956 -22756327.2582784 22039.0085389731
2819713230.49965 17314751436.7023 -119006896118.499 31184.0174836908 -34490.6556368476 -22756327.2584171 22222.0781834164
2819735638.1165 18007396831.7984 -119771118687.345 31154.3836839099 -34290.3192286035 -22756327.2585553 22407.6168557971
2819758231.92798 18705152645.6056 -120537247711.334 31123.9807707078 -34091.3005098242 -22756327.2586926 22593.8114741097
2819781014.50952 19408010960.6362 -121305261167.112 31092.8258198646 -33893.5998046501 -22756327.2588285 22782.5815444805
2819803986.6706 20116023382.6686 -122075202061.904 31060.933026295 -33697.2006108375 -22756327.2589636 22972.161082773
2819827149.79987 20829186378.864 -122847053085.645 31028.3187815598 -33502.1018980629 -22756327.2590976 23163.1292654434
2819850505.69174 21547514252.2219 -123620816456.648 30994.9984562829 -33308.2975065714 -22756327.2592306 23355.8918721223
2819874056.56898 22271033679.1768 -124396507620.011 30960.9866012208 -33115.7779332566 -22756327.2593629 23550.8772384235
2819897803.60875 22999784337.395 -125174155607.734 30926.2968839429 -32924.5303962392 -22756327.2594938 23747.0397701122
2819921748.54384 23733773296.9547 -125953754393.934 30890.9442683665 -32734.5507878465 -22756327.2596239 23944.9350910026
2819945894.29406 24473024609.4289 -126735316010.206 30854.9426814403 -32545.8305183956 -22756327.2597531 24145.7502203415
2819970241.2561 25217598666.9459 -127518890458.171 30818.3040140939 -32358.3519770777 -22756327.2598815 24346.9620407109
2819994791.07188 25967477778.0134 -128304445250.487 30781.043753119 -32172.1173738377 -22756327.2600086 24549.815772684
2820019545.92374 26722682487.696 -129091988306.799 30743.1753096699 -31987.1191069692 -22756327.2601347 24754.8518693645
2820044507.67776 27483249705.6914 -129881544388.104 30704.7110440447 -31803.3456651911 -22756327.2602596 24961.7540151372
2820069678.05051 28249206327.2037 -130673127519.485 30665.6635870152 -31620.7881393585 -22756327.2603838 25170.372748756
2820095058.37605 29020574402.4844 -131466746536.899 30626.045599269 -31439.4388468878 -22756327.2605071 25380.3255412317
2820120650.613 29797364037.0702 -132262397946.413 30585.8701530497 -31259.2928878894 -22756327.2606293 25592.2369477277
2820146456.46113 30579604230.9645 -133060097575.201 30545.149144859 -31080.3409516815 -22756327.2607504 25805.8481351835
2820172478.21376 31367315804.9377 -133859852720.973 30503.8946896029 -30902.5756808805 -22756327.2608706 26021.7526232981
2820198716.99933 32160537417.7309 -134661688580.701 30462.1177632364 -30725.9857914764 -22756327.2609899 26238.7855797119
2820225175.46915 32959271951.9397 -135465594019.004 30419.8310277152 -30550.568034309 -22756327.2611079 26458.469816788
2820251855.10874 33763568403.1904 -136271604238.152 30377.0445152255 -30376.3090399087 -22756327.261225 26679.6395842567
2820278756.25635 34573439999.5923 -137079718257.554 30333.7699597299 -30203.2033776045 -22756327.2613413 26901.1476146513
2820305883.52966 35388865012.4787 -137889900489.241 30290.0207988179 -30031.2528642312 -22756327.2614566 27127.2733119622
2820333235.90585 36209951145.691 -138702243765.076 30245.8033403709 -29860.4321071337 -22756327.2615707 27352.3761861022
2820360817.35102 37036634994.5676 -139516671168.432 30201.1329107011 -29690.7515863569 -22756327.2616838 27581.4451762254
2820388629.85786 37869003847.1893 -140333254631.732 30156.016539875 -29522.1905567455 -22756327.2617961 27812.5068375781
2820416673.46979 38707084920.309 -141152006356.759 30110.4643136436 -29354.7409355566 -22756327.2619073 28043.6119277189
2820444951.61703 39550846531.7717 -141972881194.143 30064.4893607403 -29188.4062519236 -22756327.2620177 28278.1472391879
2820473467.4821 40400358730.1097 -142795933132.015 30018.0991089025 -29023.1698421287 -22756327.262127 28515.8650756623
2820502218.49222 41255683579.5928 -143621207616.716 29971.3012378314 -28859.0170934056 -22756327.2622352 28751.0101129986
2820531212.87289 42116710402.0044 -144448583733.086 29924.1127282745 -28695.9663168001 -22756327.2623427 28994.3806724652
2820560447.60848 42983651706.8436 -145278251229.113 29876.5326962069 -28533.9745273653 -22756327.262449 29234.7355907437
2820589924.93328 43856383213.2315 -146110076460.305 29828.5785663612 -28373.0623427172 -22756327.2625544 29477.3247965149
2820619650.64881 44734937651.969 -146944076716.272 29780.25900626 -28213.2205898499 -22756327.2626588 29725.7155348328
2820649622.66883 45619453477.5134 -147780368801.34 29731.5767077725 -28054.4213786487 -22756327.2627625 29972.0200164531
2820679844.63936 46509833978.3653 -148618846674.814 29682.5471541364 -27896.6793350402 -22756327.2628652 30221.9705354419
2820710319.83943 47406152818.0146 -149459565500.182 29633.1763080508 -27739.978404105 -22756327.2629669 30475.2000712075
2820741047.50266 48308472185.8911 -150302568903.989 29583.4706183376 -27584.3050036026 -22756327.2630674 30727.6632295331
2820772032.49163 49216734249.3856 -151147788388.321 29533.4430052686 -27429.666237101 -22756327.2631671 30984.9889693202
2820803275.52833 50131047398.8416 -151995310337.331 29483.0970953361 -27276.0407703897 -22756327.2632661 31243.0366958775
2820834777.11475 51051397289.6093 -152845106718.086 29432.4431401749 -27123.4282752477 -22756327.263364 31501.5864217854
2820866541.6185 51977763082.4761 -153697144001.892 29381.4916109172 -26971.8291818532 -22756327.2634609 31764.5037495648
2820898571.12693 52910237336.2696 -154551492905.275 29330.2466093301 -26821.225384694 -22756327.2635567 32029.5084277324
2820930865.49046 53848845074.5583 -155408161571.143 29278.71582742 -26671.6100951944 -22756327.2636521 32294.3635310488
2820963428.45946 54793545637.1166 -156267098443.289 29226.9104312129 -26522.9868345106 -22756327.2637464 32562.9689979481
2820996263.59285 55744412305.4326 -157128355787.71 29174.8352073974 -26375.34105592 -22756327.2638398 32835.133389145
2821029370.0879 56701512138.0171 -157991979507.314 29122.4951741101 -26228.6596013827 -22756327.2639323 33106.4950496144
2821062753.26356 57664784789.7958 -158857900533.85 29069.9021945672 -26082.9488367629 -22756327.264024 33383.175662879
2821096414.0038 58634347857.7608 -159726209925.432 29017.0582921166 -25938.1881056544 -22756327.2641149 33660.7402453761
2821130352.97961 59610189501.5027 -160596882142.119 28963.972445454 -25794.3764656756 -22756327.264205 33938.9758098175
2821164574.97167 60592291679.9322 -161469886552.568 28910.6538402283 -25651.5136274152 -22756327.264294 34221.9920556891
2821199080.2465 61580754952.8319 -162345297851.028 28857.1051111603 -25509.5821023118 -22756327.2643821 34505.2748264689
2821233871.0634 62575548984.8215 -163223074378.972 28803.3358854896 -25368.5834380248 -22756327.2644693 34790.8169057124
2821268949.47497 63576700829.8353 -164103225479.084 28749.3525628126 -25228.5108390226 -22756327.2645559 35078.4115722525
2821304319.61284 64584231281.5227 -164985754914.657 28695.1617721483 -25089.3584273652 -22756327.2646418 35370.1378668385
2821339980.92416 65598220396.7458 -165870718053.155 28640.7668590425 -24951.1123107458 -22756327.2647263 35661.3113142697
2821375939.47808 66618613586.8112 -166758052616.543 28586.1782904292 -24813.7770280831 -22756327.2648104 35958.5539206792
2821412196.63278 67645545488.1221 -167647860915.785 28531.3963031385 -24677.3316279443 -22756327.2648937 36257.1547083574
2821448748.86309 68679015426.1191 -168540127213.897 28476.4282880394 -24541.7735797134 -22756327.2649758 36552.230302131
2821485606.48042 69718883809.1271 -169434716731.913 28421.2888764148 -24407.1180857074 -22756327.2650573 36857.6173305172
2821522767.91208 70765404493.3873 -170331833311.84 28365.9717278554 -24273.3293249221 -22756327.2651378 37161.4316612332
2821560233.72732 71818492788.7053 -171231389268.444 28310.4883688773 -24140.4154689461 -22756327.2652177 37465.8152418086
2821598009.09327 72878125058.0634 -172133350056.253 28254.8469553055 -24008.3764552304 -22756327.2652967 37775.3659521312
2821636096.64337 73944407382.9242 -173037791479.411 28199.0487377629 -23877.1960976238 -22756327.265375 38087.5500957748
2821674498.84461 75017373576.709 -173944727335.655 28143.0986958604 -23746.8674801329 -22756327.2654524 38402.2012377662
2821713218.00575 76097052382.2605 -174854166996.917 28087.0019890632 -23617.3843792567 -22756327.2655292 38719.1611416494
2821752253.75743 77183467749.8991 -175766115718.92 28030.7639390625 -23488.7411910463 -22756327.2656051 39035.7516776574
2821791613.07992 78276568391.2922 -176680515883.629 27974.3936523584 -23360.9410787058 -22756327.2656802 39359.3224920982
2821831292.70906 79376508492.4222 -177597481691.465 27917.8895539537 -23233.9632210021 -22756327.2657546 39679.6291397356
2821871301.87681 80483155444.4214 -178516887949.258 27861.2647337296 -23107.820069033 -22756327.2658284 40009.167752092
2821911639.50699 81596725037.3731 -179438899170.05 27804.5143497617 -22982.484236004 -22756327.2659012 40337.6301799711
2821952306.91488 82717145150.8587 -180363440494.773 27747.6482188742 -22857.9612479174 -22756327.2659734 40667.4078895868
2821993310.40614 83844410345.7417 -181290492847.307 27690.6726328743 -22734.2488429333 -22756327.266045 41003.4912636304
2822034648.35397 84978653004.9467 -182220150208.776 27633.5868559659 -22611.3297840976 -22756327.2661158 41337.9478269112
2822076326.8472 86119785543.8675 -183152325943.871 27576.4011660775 -22489.2108416098 -22756327.2661858 41678.4932314389
2822118346.53602 87267933303.3272 -184087107666.296 27519.1150654381 -22367.8758513691 -22756327.2662551 42019.6888150527
2822160707.86019 88423071101.7827 -185024459914.866 27461.7355288699 -22247.3248219519 -22756327.2663236 42361.3241704436
2822203419.2102 89585168073.4509 -185964343134.363 27404.2696922817 -22127.5581107208 -22756327.2663914 42711.350013795
2822246477.97056 90754410912.6236 -186906893408.106 27346.7138823601 -22008.5538167082 -22756327.2664586 43058.760356709
2822289889.63362 91930684275.3552 -187852002780.687 27289.079264563 -21890.3210582371 -22756327.2665251 43411.6630589795
2822333656.81519 93114094449.2208 -188799741937.329 27231.3660214601 -21772.8464143535 -22756327.2665908 43767.181578709
2822377781.97061 94304668531.3896 -189750117560.593 27173.5781743614 -21656.1246111496 -22756327.266656 44125.1554203777
2822422264.55895 95502428908.5093 -190703132531.632 27115.719904233 -21540.1508642275 -22756327.2667208 44482.5883391235
2822467109.63894 96707316576.4057 -191658725274.332 27057.7992242984 -21424.9281379112 -22756327.2667847 44845.0799883612
2822512319.1587 97919424098.8888 -192616954658.894 26999.8167685506 -21310.4448020534 -22756327.2668477 45209.5197530069
2822557897.7789 99138759316.8449 -193577812172.088 26941.7771907354 -21196.697427857 -22756327.2669101 45578.6202088648
2822603844.35959 100365402801.598 -194541346474.333 26883.6816266777 -21083.6758760993 -22756327.2669721 45946.5806885126
2822650169.4411 101599278696.752 -195507483344.258 26825.5385531786 -20971.3844351959 -22756327.2670333 46325.081508759
2822696865.47927 102840624326.974 -196476393586.262 26767.3416415091 -20859.7989914603 -22756327.2670938 46696.0381643737
2822743945.59355 104089191809.242 -197447868947.203 26709.1072768905 -20748.9392103666 -22756327.2671537 47080.1142886997
2822791405.12469 105345285991.691 -198422131854.198 26650.8259395668 -20638.7754149471 -22756327.2672132 47459.5311317027
2822839251.21348 106608736155.533 -199399034844.567 26592.510212848 -20529.3201051092 -22756327.2672719 47846.0887933734
2822887481.38353 107879686050.809 -200378674330.391 26534.1580298425 -20420.5582268497 -22756327.2673299 48230.1700475974
2822936102.72133 109158023416.504 -201360949138.766 26475.7790405178 -20312.4967582872 -22756327.2673875 48621.3378062785
2822985118.95284 110443889479.294 -202345953249.428 26417.371218836 -20205.1210994303 -22756327.2674444 49016.2315023789
2823034530.54639 111737335514.398 -203333710922.742 26358.9366478439 -20098.4245261159 -22756327.2675006 49411.5935586247
2823084340.66648 113038326538.063 -204324180576.38 26300.4812448672 -19992.4074279606 -22756327.2675563 49810.1200830763
2823134552.80391 114346898499.158 -205317374915.626 26242.0076512893 -19887.0643045653 -22756327.2676114 50212.1374344491
2823185170.31677 115663095445.428 -206313312634.149 26183.5181051534 -19782.3890834036 -22756327.2676657 50617.5128609475
2823236199.6417 116986957436.4 -207312009218.894 26125.0149846299 -19678.3761009493 -22756327.2677199 51029.3249296157
2823287640.39419 118318604292.713 -208313539891.451 26066.4971339579 -19575.0136201502 -22756327.2677732 51440.7524872829
2823339489.24859 119657977226.298 -209317845266.791 26007.9712208391 -19472.3038924691 -22756327.2678261 51848.8544048187
2823391755.7417 121004941523.649 -210324810020.992 25949.4470673365 -19370.2545951905 -22756327.2678785 52266.4931063319
2823444442.2039 122359696577.932 -211334568884.164 25890.9198933065 -19268.8479916797 -22756327.26793 52686.4621945979
2823497554.73011 123722253702.118 -212347115445.999 25832.3930960475 -19168.0808266274 -22756327.2679812 53112.5262120983
2823551092.30657 125092721004.164 -213362515006.086 25773.8658874881 -19067.9427870668 -22756327.2680317 53537.5764650153
2823605060.76164 126471022679.302 -214380696455.506 25715.3452983837 -18968.4370683579 -22756327.2680818 53968.4550678866
2823659462.09742 127857259026.471 -215401719063.326 25656.8307992286 -18869.5540499042 -22756327.2681314 54401.3357805978
2823714298.47427 129251431357.402 -216425568838.049 25598.3260286105 -18771.2913239378 -22756327.2681806 54836.3768470349
2823769575.33948 130653544881.945 -217452234824.777 25539.8343921437 -18673.6461519872 -22756327.2682291 55276.865212851
2823825291.0788 132063688388.189 -218481767149.568 25481.3557734578 -18576.6100333542 -22756327.2682772 55715.7393170827
2823881450.83216 133481770195.49 -219514084193.775 25422.8974902902 -18480.1868938543 -22756327.2683247 56159.7533603568
2823938060.39606 134907870650.588 -220549229992.481 25364.4596718959 -18384.3688129773 -22756327.2683718 56609.5638980177
2823995117.6018 136342085849.54 -221587259476.61 25306.0418176246 -18289.1470306651 -22756327.2684183 57057.2057387438
2824052630.74865 137784309770.634 -222628081312.756 25247.6516105763 -18194.5262119512 -22756327.2684643 57513.1468577853
2824110601.70227 139234700920.869 -223671795320.129 25189.2859491687 -18100.4935868455 -22756327.2685098 57970.9536194602
2824169034.95478 140693254530.667 -224718383207.054 25130.9483300518 -18007.0472151805 -22756327.2685548 58433.2525120839
2824227935.72993 142160031595.294 -225767873899.779 25072.6395719021 -17914.1809454268 -22756327.2685995 58900.7751492686
2824287301.79227 143635110713.162 -226820308559.354 25014.3597931006 -17821.8876567001 -22756327.2686437 59366.062334346
2824347137.16261 145118383465.497 -227875595035.793 24956.1164434478 -17730.171897531 -22756327.2686872 59835.3703383759
2824407447.5652 146609898077.602 -228933753213.088 24897.9107084711 -17639.0283300497 -22756327.2687304 60310.4025921279
2824468239.58613 148109744508.997 -229994832256.089 24839.7421424845 -17548.4491986902 -22756327.2687731 60792.020935047
2824529511.22934 149618033105.762 -231058895162.046 24781.6095394231 -17458.4257411791 -22756327.2688155 61271.6432078943
2824591263.09304 151134660865.469 -232125854363.013 24723.5198818959 -17368.961960252 -22756327.2688574 61751.863696158
2824653507.09206 152659589604.948 -233195668695.497 24665.4775314799 -17280.0577643082 -22756327.2688986 62243.9990229981
2824716243.58239 154193059843.535 -234268492183.411 24607.4762430924 -17191.6969453757 -22756327.2689396 62736.4903311216
2824779472.70787 155735025943.699 -235344277801.585 24549.5206606851 -17103.8800945708 -22756327.26898 63229.1254742947
2824843203.31223 157285437364.271 -236422975655.366 24491.6155061318 -17016.6079035659 -22756327.2690202 63730.6043644091
2824907430.19552 158844456478.733 -237504683942.893 24433.757516547 -16929.86910668 -22756327.2690597 64226.8832892902
2824972165.93068 160411901664.836 -238589262108.522 24375.9561671375 -16843.6716170493 -22756327.2690989 64735.7351585583
2825037410.01654 161988025089.049 -239676870076.945 24318.2048593623 -16757.9993958906 -22756327.2691376 65244.0858633605
2825103166.90994 163572759213.735 -240767446340.07 24260.5087745535 -16672.8540722262 -22756327.269176 65756.8933928727
2825169439.77044 165166157001.973 -241861012663.917 24202.8686275665 -16588.2306967047 -22756327.269214 66272.8605012092
2825236234.02459 166768239456.787 -242957568752.355 24145.28626983 -16504.126072894 -22756327.2692515 66794.2541506987
2825303556.67559 168379081851.986 -244057151327.054 24087.7615832375 -16420.5342103156 -22756327.2692888 67322.651003197
2825371402.22147 169998796495.874 -245159821912.781 24030.293152607 -16337.4473646603 -22756327.2693256 67845.5458750975
2825439778.59121 171627194700.739 -246265437303.967 23972.8901854081 -16254.8731849624 -22756327.2693619 68376.369747891
2825508689.48041 173264410651.424 -247374074180.659 23915.5503897007 -16172.8027448895 -22756327.2693979 68910.8891952177
2825578138.45248 174910476114.325 -248485739349.503 23858.2750930228 -16091.2324328466 -22756327.2694334 69448.9720702689
2825648131.82366 176565419269.446 -249600437150.19 23801.0657206865 -16010.1588420989 -22756327.2694688 69993.3711790605
2825718668.626 178229333251.782 -250718215471.69 23743.9214458811 -15929.5754599631 -22756327.2695037 70536.8023451286
2825789756.26987 179902137624.711 -251839005575.013 23686.8473743945 -15849.4842008194 -22756327.2695381 71087.6438628795
2825861399.20553 181583950563.241 -252962872007.212 23629.8417770013 -15769.8774154096 -22756327.2695722 71642.9356613322
2825933594.49982 183274819190.973 -254089831363.25 23572.9053618192 -15690.7509761712 -22756327.269606 72195.2942910856
2826006350.66716 184974616407.516 -255219784416.056 23516.0446351942 -15612.1088298533 -22756327.2696394 72756.1673368755
2826079674.69751 186683484751.111 -256352811532.313 23459.2570090388 -15533.9423548598 -22756327.2696722 73324.030351728
2826153566.1374 188401529572.551 -257488967701.288 23402.5411931765 -15456.2448618465 -22756327.2697048 73891.4398933181
2826228031.72656 190128681289.718 -258628192124.004 23345.9016562299 -15379.0176159789 -22756327.2697371 74465.5891557799
2826303078.11716 191865038376.335 -259770535065.021 23289.3372994194 -15302.2543159897 -22756327.2697691 75046.3906026528
2826378698.24804 193610696178.601 -260916044238.768 23232.8471602336 -15225.9489565315 -22756327.2698007 75620.1308822791
2826454900.03441 195365431147.892 -262064558429.98 23176.4405253348 -15150.1093866082 -22756327.269832 76201.7863694877
2826531695.95774 197129368018.599 -263216145171.466 23120.1153570663 -15074.7281852397 -22756327.2698629 76795.923329918
2826609084.66436 198902735493.77 -264370938940.339 23063.8663896187 -14999.7937716314 -22756327.2698936 77388.7066171097
2826687069.228 200685441595.452 -265528864835.323 23007.6985727759 -14925.3082868978 -22756327.2699239 77984.5636372391
2826765660.20529 202477496710.17 -266689914965.172 22951.6135378049 -14851.2694574494 -22756327.2699538 78590.9772943202
2826844851.02898 204279082306.051 -267854191955.371 22895.6075769981 -14777.6680450485 -22756327.2699835 79190.8236936629
2826924649.04059 206089986831.955 -269021544382.425 22839.6891821439 -14704.5108963387 -22756327.2700129 79798.011601659
2827005059.67948 207910317550.958 -270192027098.695 22783.8568774731 -14631.7917777566 -22756327.2700419 80410.6388923107
2827086085.30926 209740137306.461 -271365665966.805 22728.1105791065 -14559.5063619433 -22756327.2700706 81025.629787045
2827167739.71721 211579438448.584 -272542441560.32 22672.4523354354 -14487.6531393494 -22756327.270099 81654.407944892
2827250018.30197 213428471625.806 -273722499301.654 22616.8764063578 -14416.2206331178 -22756327.2701272 82278.5847647208
2827332929.84871 215287070011.912 -274905717742.079 22561.3896314265 -14345.2136243808 -22756327.270155 82911.5467389845
2827416469.28163 217155369541.832 -276092168676.396 22505.9897235576 -14274.625202811 -22756327.2701826 83539.4329128176
2827500645.14084 219033193481.988 -277281725380.765 22450.6836384179 -14204.4602728032 -22756327.2702098 84175.8592170701
2827585463.90273 220920671622.776 -278474455850.172 22395.4692110933 -14134.7121531584 -22756327.2702367 84818.7618870638
2827670934.03175 222817886231.346 -279670397505.211 22340.3457133449 -14065.3760748941 -22756327.2702634 85470.129020927
2827757049.61927 224724962924.324 -280869614639.282 22285.3111925786 -13996.4458146873 -22756327.2702898 86115.5875181251
2827843818.84908 226641706412.093 -282071969875.382 22230.3729187446 -13927.9267272941 -22756327.2703159 86769.2298142041
2827931257.96015 228568235686.431 -283277523611.559 22175.5290513617 -13859.8127816579 -22756327.2703417 87439.1110644478
2828019344.21222 230504846607.626 -284486445948.117 22120.772817476 -13792.0919549383 -22756327.2703671 88086.2520767205
2828108116.51769 232450971845.211 -285698368462.28 22066.1217878365 -13724.7823390525 -22756327.2703924 88772.3054646377
2828197557.56934 234407406589.811 -286913771719.166 22011.5551863536 -13657.8547858152 -22756327.2704173 89441.0516559064
2828287675.08099 236373703611.036 -288132362623.426 21957.0871004727 -13591.3231189031 -22756327.2704421 90117.5116432549
2828378479.05421 238349967967.331 -289354191946.24 21902.7160956672 -13525.1820874314 -22756327.2704666 90803.9732248909
2828469964.13662 240336353514.112 -290579340045.064 21848.4394484357 -13459.4249627446 -22756327.2704908 91485.082411817
2828562137.73962 242332677801.466 -291807679839.779 21794.2636061418 -13394.0561635102 -22756327.2705147 92173.6029919765
2828655007.21477 244339037520.887 -293039256613.059 21740.1873440649 -13329.0708311679 -22756327.2705383 92869.4751543992
2828748579.85045 246355526959.494 -294274113757.855 21686.2095350752 -13264.4642969206 -22756327.2705618 93572.6356791075
2828842862.86829 248382237949.307 -295512292768.953 21632.3291482525 -13200.2320761913 -22756327.2705849 94283.0178385359
2828937852.4326 250419259815.392 -296753833233.897 21578.5452475236 -13136.3698632472 -22756327.2706079 94989.5643073425
2829033552.89824 252466442829.428 -297998629191.73 21524.8631704726 -13072.880820728 -22756327.2706306 95700.4656430162
2829129971.05542 254523814455.542 -299246683048.967 21471.2835108561 -13009.7624794473 -22756327.2706531 96418.1571770297
2829227102.42533 256591453891.419 -300498028471.828 21417.8055122864 -12947.0108230604 -22756327.2706752 97131.3699132496
2829324970.07748 258669198637.011 -301752553056.724 21364.434625672 -12884.6291343287 -22756327.2706971 97867.6521537489
2829423577.93764 260757474744.11 -303010499577.78 21311.1611891256 -12822.6030789054 -22756327.2707189 98607.8601548024
2829522921.09349 262856296908.301 -304271861631.981 21257.9861901398 -12760.930866316 -22756327.2707403 99343.1558528871
2829623008.55665 264965492102.658 -305536520457.836 21204.9152970595 -12699.6161264836 -22756327.2707615 100087.46315993
2829723858.04992 267085183381.929 -306804535313.216 21151.9466496577 -12638.6537810784 -22756327.2707825 100849.493268834
2829825449.73016 269215676212.657 -308076073661.814 21099.0739262523 -12578.0337190589 -22756327.2708034 101591.68024006
2829927803.90891 271356482220.496 -309350829282.539 21046.3104763688 -12517.7684034252 -22756327.270824 102354.178751852
2830030914.67921 273507960738.592 -310629001806.894 20993.6486054932 -12457.8462045845 -22756327.2708443 103110.770301567
2830134802.38828 275669918307.157 -311910461765.772 20941.0942193729 -12398.2710512462 -22756327.2708645 103887.70906849
2830239454.91058 277842711652.875 -313195405876.131 20888.6398240444 -12339.0317043009 -22756327.2708845 104652.522299864
2830344877.56927 280026017158.558 -314483628104.168 20836.2943846994 -12280.1355718369 -22756327.2709043 105422.658685171
2830451093.74671 282219876935.593 -315775139350.266 20784.0579413331 -12221.5799614905 -22756327.2709238 106216.177439302
2830558096.65928 284424706919.16 -317070169744.062 20731.9217208347 -12163.352391643 -22756327.2709432 107002.912575273
2830665885.01475 286640294882.833 -318368579636.085 20679.8918893827 -12105.4571523895 -22756327.2709624 107788.35546934
2830774469.95582 288866543832.87 -319670297943.161 20627.9717646501 -12047.8953145376 -22756327.2709813 108584.941072879
2830883856.19991 291103613449.286 -320975403802.016 20576.1586462488 -11990.6612934711 -22756327.2710001 109386.244087002
2830994035.91134 293351529772.215 -322283897942.841 20524.4529682321 -11933.7530247978 -22756327.2710186 110179.71143069
2831105051.54143 295610061417.152 -323595631752.245 20472.8610102207 -11877.1748686374 -22756327.2710369 111015.63009179
2831216888.46372 297880006090.818 -324911053636.146 20421.3656108608 -11820.9055502774 -22756327.2710549 111836.922282662
2831329550.85584 300160990643.153 -326229931775.259 20369.9763649403 -11764.953174739 -22756327.2710729 112662.392123816
2831443024.21643 302453027567.74 -327552258651.993 20318.6940043509 -11709.3161290724 -22756327.2710906 113473.360589223
2831557344.6665 304755750483.111 -328877808964.065 20267.5276278063 -11654.0018481137 -22756327.2711082 114320.450074087
2831672503.25212 307069819934.525 -330206948591.172 20216.4634976119 -11598.9931006979 -22756327.2711255 115158.585614607
2831788517.76973 309394980693.906 -331539515936.689 20165.5082490129 -11544.2947247764 -22756327.2711427 116014.517615768
2831905371.61842 311731518000.071 -332875659553.668 20114.6566107925 -11489.8987724884 -22756327.2711597 116853.848687142
2832023075.198 314079023896.775 -334215131598.006 20063.9183843116 -11435.8134415455 -22756327.2711766 117703.579576996
2832141644.69245 316437634737.123 -335557995957.778 20013.2914555222 -11382.0341765855 -22756327.2711932 118569.494456707
2832261077.33573 318807600801.926 -336904380619.551 19962.7713435391 -11328.5539800869 -22756327.2712096 119432.643281478
2832381390.98188 321188792335.064 -338254197264.059 19912.3617041895 -11275.3745158895 -22756327.2712259 120313.646143252
2832502588.43924 323581490270.138 -339607590390.437 19862.0574847933 -11222.4882813206 -22756327.2712421 121197.457363745
2832624651.0901 325985674445.553 -340964533492.738 19811.8600325849 -11169.8945661607 -22756327.2712581 122062.650862344
2832747610.14632 328400901302.271 -342324762101.747 19761.7794037849 -11117.6017441841 -22756327.2712739 122959.05621115
2832871462.14649 330827713816.478 -343688567840.34 19711.8051290099 -11065.596748554 -22756327.2712895 123852.000177127
2832996217.07295 333265967564.919 -345055854770.85 19661.941030397 -11013.8814818665 -22756327.271305 124754.926460537
2833121876.81107 335715783061.491 -346426675870.489 19612.1854591543 -10962.4521719259 -22756327.2713202 125659.738119017
2833248445.48146 338177121025.048 -347800994536.892 19562.5400193766 -10911.3084386791 -22756327.2713353 126568.670392534
2833375924.58689 340649986006.05 -349178798877.577 19513.0053919289 -10860.4489570758 -22756327.2713503 127479.105427447
2833504337.7542 343134331375.947 -350560048678.564 19463.5832489566 -10809.8734286994 -22756327.2713652 128413.167309994
2833633658.07299 345630540322.134 -351944942277 19414.2667493115 -10759.5728866221 -22756327.2713798 129320.318791296
2833763923.12391 348138013313.442 -353333132851.598 19365.0684498664 -10709.5581657208 -22756327.2713943 130265.050912796
2833895136.82994 350657402412.822 -354724967227.42 19315.9762543012 -10659.815016179 -22756327.2714087 131213.706031959
2834027285.58824 353188704421.448 -356120428449.112 19266.9910286748 -10610.3424405868 -22756327.2714229 132148.758300087
2834160407.3879 355731579165.598 -357519314523.12 19218.1200653748 -10561.1459095364 -22756327.271437 133121.799666437
2834294473.69473 358286678715.865 -358921969287.001 19169.3515787144 -10512.2117073624 -22756327.2714508 134066.306828481
2834429517.01138 360853376373.259 -360328033905.02 19120.6982571243 -10463.5507303027 -22756327.2714647 135043.316647439
2834565522.68727 363432215702.924 -361737791615.814 19072.1504825088 -10415.1515285679 -22756327.2714783 136005.675886217
2834702499.48959 366022837541.355 -363151031348.477 19023.7157138964 -10367.0197386381 -22756327.2714918 136976.802326855
2834840456.13066 368625330536.369 -364567787317.353 18975.3929152313 -10319.1525201218 -22756327.2715051 137956.641068613
2834979410.69592 371239781211.942 -365988092298.643 18927.1811118338 -10271.5471258612 -22756327.2715183 138954.565258265
2835119356.91786 373866451981.943 -367412074050.706 18879.0761396888 -10224.1977058449 -22756327.2715314 139946.221938704
2835260293.67636 376505143809.368 -368839609885.633 18831.082307558 -10177.10678074 -22756327.2715444 140936.758498062
2835402229.23754 379155756165.592 -370270631255.127 18783.2020281447 -10130.274984611 -22756327.2715571 141935.561185793
2835545181.6283 381818365208.659 -371705165269.099 18735.4344833044 -10083.6997950658 -22756327.2715697 142952.390760119
2835689159.13984 384493228541.97 -373143336268.134 18687.7756489617 -10037.375606641 -22756327.2715822 143977.51153562
2835834185.44913 387180419482.617 -374585168791.266 18640.2248546168 -9991.30012474545 -22756327.2715946 145026.309287384
2835980227.641 389880296466.112 -376030839686.668 18592.7764491166 -9945.46627622852 -22756327.2716069 146042.191877573
2836127293.38339 392592164549.508 -377479962042.574 18545.443253389 -9899.88483293777 -22756327.2716191 147065.7423901
2836275416.32996 395316086366.513 -378932555682.205 18498.2246465039 -9854.55354648368 -22756327.2716311 148122.946568092
2836424578.06023 398052603191.899 -380388894731.506 18451.1118049313 -9809.46235431273 -22756327.2716429 149161.730266602
2836574812.42636 400801292218.118 -381848739576.687 18404.1125671799 -9764.61718760409 -22756327.2716547 150234.366135014
2836726095.12235 403562694316.205 -383312362801.876 18357.2182434763 -9720.008203496 -22756327.2716663 151282.695986828
2836878460.16408 406336279749.247 -384779469049.988 18310.4383694804 -9675.64293375246 -22756327.2716778 152365.041735203
2837031887.90835 409122589144.279 -386250329805.777 18263.7643472472 -9631.51169644039 -22756327.2716892 153427.744263075
2837186412.5458 411921179904.064 -387724696897.385 18217.2041078686 -9587.62048109015 -22756327.2717005 154524.637455007
2837342013.79355 414732591933.576 -389202840189.202 18170.7491818961 -9543.95981156791 -22756327.2717117 155601.247743153
2837498709.57103 417556372133.556 -390684506858.713 18124.4075639427 -9500.53572636725 -22756327.2717228 156695.777483536
2837656523.13813 420392762439.513 -392169809698.802 18078.175735649 -9457.34344921051 -22756327.2717336 157813.567096275
2837815428.0862 423242098418.816 -393658909480.092 18032.0487563407 -9414.37693462124 -22756327.2717445 158904.948078308
2837975458.96869 426103818666.662 -395151498317.417 17986.036186102 -9371.64365301146 -22756327.2717552 160030.882482201
2838136617.21151 428978460955.837 -396647842357.107 17940.1298264147 -9329.13456386255 -22756327.2717658 161158.242824175
2838298909.19097 431865964576.623 -398147895023.894 17894.3311537602 -9286.84964943654 -22756327.2717763 162291.979460731
2838462341.13494 434766357577.367 -399651656077.348 17848.6402052198 -9244.78756623075 -22756327.2717866 163431.943969351
2838626889.99305 437679664861.437 -401159123646.084 17803.0570596251 -9202.94702185327 -22756327.2717969 164548.858107597
2838792602.78199 440605390950.045 -402670027395.331 17757.5898468672 -9161.33409400926 -22756327.2718071 165712.788945462
2838959450.92911 443544286253.577 -404184740614.011 17712.2273048144 -9119.93711622759 -22756327.2718171 166848.147121513
2839127486.94589 446495757881.811 -405702943349.258 17666.9789916673 -9078.76347188901 -22756327.271827 168036.016773076
2839296704.12099 449460647628.436 -407225053964.042 17621.8324292396 -9037.80049127319 -22756327.2718369 169217.175105848
2839467090.3589 452438747532.489 -408750950197.746 17576.7912913142 -8997.05023929611 -22756327.2718467 170386.237906442
2839638663.50416 455429757127.363 -410280463478.093 17531.8605321312 -8956.51590815404 -22756327.2718563 171573.145257446
2839811441.55529 458433902354.935 -411813694941.087 17487.0371382529 -8916.19349372014 -22756327.271866 172778.051130428
2839985411.78346 461451409316.897 -413350745007.334 17442.3181677184 -8876.07909865631 -22756327.2718754 173970.228168713
2840160574.1068 464481966992.459 -414891440506.604 17397.7086308118 -8836.1759702507 -22756327.2718848 175162.323347636
2840336933.03522 467525486775.879 -416435722346.113 17353.2101557884 -8796.48430422998 -22756327.271894 176358.928411588
2840514542.55226 470581960226.073 -417983572437.962 17308.8231594021 -8757.0032155206 -22756327.2719032 177609.517041465
2840693352.72031 473652232913.009 -419535404056.345 17264.5357620544 -8717.72093501124 -22756327.2719123 178810.168055961
2840873404.06918 476735351976.957 -421090720911.861 17220.3620759468 -8678.64878022631 -22756327.2719213 180051.348865963
2841054696.08601 479831927957.32 -422649816923.937 17176.2936544942 -8639.77807011286 -22756327.2719302 181292.016830245
2841237246.59196 482941861776.997 -424212627486.724 17132.3322664517 -8601.10919033767 -22756327.271939 182550.505947398
2841421040.8584 486065368438.723 -425779245856.522 17088.4752312305 -8562.63862237648 -22756327.2719477 183794.266439485
2841606096.51297 489202105711.061 -427349485881.161 17044.7276784643 -8524.36970670152 -22756327.2719564 185055.654568445
2841792435.82126 492352284720.282 -428923439034.238 17001.0869535749 -8486.29896339999 -22756327.2719649 186339.308296955
2841980057.74183 495516192854.054 -430501234073.475 16957.549419228 -8448.42209440064 -22756327.2719734 187621.920568001
2842168961.01882 498693720104.588 -432082801153.942 16914.116941699 -8410.73961456115 -22756327.2719817 188903.276991556
2842359167.7377 501884753729.759 -433668069591.502 16870.7913678527 -8373.2520140317 -22756327.2719901 190206.718880226
2842550695.69457 505089574680.591 -435257164250.846 16827.5691963593 -8335.95516657949 -22756327.2719983 191527.956872543
2842743494.13203 508308388799.171 -436850171900.685 16784.4480146267 -8298.84592385964 -22756327.2720065 192798.437458154
2842937634.13562 511540251887.063 -438446611092.43 16741.4407204485 -8261.93429177181 -22756327.2720145 194140.003590431
2843133098.77462 514786263769.359 -440047010823.393 16698.5329326977 -8225.20684830968 -22756327.2720225 195464.638998009
2843329885.93862 518046046804.237 -441651169704.905 16655.7299791248 -8188.66711509613 -22756327.2720304 196787.164000748
2843528013.03111 521319473172.27 -443259010440.583 16613.0337920836 -8152.31568703056 -22756327.2720381 198127.092486503
2843727513.26599 524606739473.875 -444870615199.292 16570.4420558489 -8116.14954810095 -22756327.2720458 199500.234886
2843928352.85622 527908301367.858 -446486192166.891 16527.9491852025 -8080.16294681912 -22756327.2720535 200839.590221987
2844130528.96202 531223505042.766 -448105406573.913 16485.563873361 -8044.36223455599 -22756327.272061 202176.105807976
2844334099.01805 534552212004.313 -449728177122.361 16443.2880539605 -8008.74800677633 -22756327.2720684 203570.056027552
2844539060.40437 537895273507.16 -451354904265.613 16401.1111557198 -7973.31035756792 -22756327.2720759 204961.386317779
2844745397.77655 541252549403.635 -452985504391.583 16359.0352622477 -7938.05007360209 -22756327.2720832 206337.372176697
2844953107.74899 544623693090.017 -454619794498.054 16317.0649575798 -7902.97001845056 -22756327.2720904 207709.972445616
2845162244.58394 548008555890.581 -456257688609.721 16275.2022579963 -7868.07088601711 -22756327.2720976 209136.834945223
2845372767.52134 551407926230.44 -457899553563.128 16233.4376434393 -7833.34378099325 -22756327.2721047 210522.937401361
2845584714.22921 554821045620.496 -459545008390.632 16191.7806541252 -7798.79568505191 -22756327.2721117 211946.707875914
2845798101.89615 558248429715.508 -461194287479.636 16150.2251750977 -7764.42057253196 -22756327.2721187 213387.66693944
2846012947.79429 561690258735.25 -462847462504.385 16108.7692706887 -7730.21592146803 -22756327.2721256 214845.898134286
2846229248.11833 565146712127.713 -464504604223.058 16067.4110580843 -7696.17927714954 -22756327.2721324 216300.324044432
2846446998.77266 568617629437.002 -466165620341.993 16026.152724175 -7662.31154436118 -22756327.2721392 217750.654329435
2846666195.36872 572102846936.202 -467830417663.909 15984.9964304316 -7628.61359592825 -22756327.2721459 219196.596058459
2846886876.20749 575602197638.484 -469498902101.543 15943.9443127022 -7595.08627298441 -22756327.2721525 220680.838772046
2847109000.63051 579116194899.346 -471171303732.337 15902.9905402676 -7561.72392461565 -22756327.2721591 222124.423019228
2847332606.7007 582644094075.793 -472847253858.964 15862.1439445268 -7528.53285408285 -22756327.2721656 223606.070188107
2847557747.97881 586186403379.683 -474526980000.738 15821.398755347 -7495.50747924495 -22756327.272172 225141.278110507
2847784397.88261 589743870119.416 -476210821068.103 15780.7466212017 -7462.64018761381 -22756327.2721784 226649.903800125
2848012513.78506 593315972186.65 -477898514276.445 15740.1937650927 -7429.93518026554 -22756327.2721847 228115.902450365
2848242133.90908 596901940640.729 -479589682423.596 15699.7490166941 -7397.39870892135 -22756327.2721909 229620.124020467
2848473296.90193 600502280228.715 -481284550066.799 15659.4067430915 -7365.02537006049 -22756327.2721971 231162.992851041
2848705997.07902 604117496889.559 -482983340676.926 15619.1614354972 -7332.8099111494 -22756327.2722032 232700.177088893
2848940289.72857 607747400446.238 -484685949869.249 15579.015394121 -7300.75335751529 -22756327.2722092 234292.649554335
2849176146.67127 611392749843.063 -486392717970.784 15538.9604574894 -7268.84839982387 -22756327.2722152 235856.942692422
2849413545.10932 615053002273.475 -488103374994.425 15499.0028330217 -7237.09920184858 -22756327.2722211 237398.438055889
2849652478.26335 618727703396.294 -489817694103.981 15459.1476050543 -7205.50899571914 -22756327.272227 238933.154029899
2849893007.88345 622416650247.797 -491535567024.841 15419.3970191335 -7174.07873842241 -22756327.2722329 240529.620094056
2850135167.75797 626120695646.137 -493257376570.824 15379.7419879744 -7142.8004479409 -22756327.2722386 242159.874527705
2850378869.82377 629840254434.424 -494983299746.604 15340.1782938533 -7111.6700449971 -22756327.2722443 243702.065798238
2850624193.83687 633573872472.563 -496712647358.381 15300.721508545 -7080.69900278105 -22756327.2722499 245324.013096792
2850871150.59206 637322671417.188 -498445924977.792 15261.3598380678 -7049.87727945644 -22756327.2722555 246956.755187054
2851119714.56077 641086711391.307 -500183145053.777 15222.0928212443 -7019.20377021464 -22756327.2722611 248563.968713537
2851369901.42668 644865500101.965 -501924065643.787 15182.9257091195 -6988.6818252459 -22756327.2722666 250186.865909023
2851621769.44515 648659174130.634 -503668735454.13 15143.8571552789 -6958.30963826034 -22756327.272272 251868.018467958
2851875287.06479 652468511408.284 -505417496983.686 15104.8792984968 -6928.08037208131 -22756327.2722774 253517.619639799
2852130470.09187 656292928537.12 -507170066988.971 15065.9982669317 -6897.99806374308 -22756327.2722827 255183.027080838
2852387314.8906 660132559457.261 -508926492056.676 15027.2128025817 -6868.0610160125 -22756327.272288 256844.798736282
2852645836.89162 663987245022.526 -510686684700.48 14988.5246042665 -6838.26982030699 -22756327.2722932 258522.001017452
2852906095.91774 667857112462.363 -512450688447.055 14949.9324732763 -6808.6228376067 -22756327.2722983 260259.026121601
2853168014.24757 671742949348.248 -514218846696.105 14911.4287115376 -6779.11346752246 -22756327.2723035 261918.32982873
2853431651.80453 675643489135.016 -515990568190.679 14873.0259690788 -6749.75071000834 -22756327.2723086 263637.55695376
2853696953.88099 679559519911.547 -517766196606.142 14834.7165316611 -6720.52796335595 -22756327.2723135 265302.076459619
2853964076.53277 683490125222.609 -519545302326.802 14796.5093889216 -6691.45138323828 -22756327.2723185 267122.651781296
2854232914.79782 687437508267.28 -521328867052.561 14758.383259225 -6662.50410979955 -22756327.2723235 268838.265056004
2854503437.01144 691400006980.662 -523116123703.871 14720.3543704187 -6633.69781818777 -22756327.2723283 270522.213617576
2854775729.55763 695377052240.656 -524906802205.149 14682.4281442719 -6605.03591687258 -22756327.2723331 272292.54618765
2855049782.1367 699369809262.928 -526701413183.304 14644.5934749832 -6576.50933433615 -22756327.2723379 274052.579069716
2855325657.27292 703378018726.764 -528499825066.225 14606.8528994551 -6548.11933200479 -22756327.2723427 275875.136218619
2855603296.62982 707402484643.066 -530302383017.656 14569.1989661413 -6519.85967045636 -22756327.2723473 277639.356902216
2855882714.62738 711442246108.605 -532108641324.641 14531.6407609772 -6491.7365349122 -22756327.272352 279417.997564851
2856163974.55052 715497406322.205 -533918631879.715 14494.177334929 -6463.74856431905 -22756327.2723566 281259.923141383
2856446990.0745 719568773536.205 -535732700197.846 14456.8013028405 -6435.88961682946 -22756327.2723611 283015.523979597
2856731900.41173 723654990048.496 -537550226795.449 14419.5251541684 -6408.16836846104 -22756327.2723656 284910.33722094
2857018594.4626 727757955562.182 -539372041558.056 14382.3316223954 -6380.57136173968 -22756327.2723701 286694.050877462
2857307213.24909 731875959100.059 -541197369527.715 14345.2362889048 -6353.1095495036 -22756327.2723744 288618.786490219
2857597667.95701 736010914377.553 -543027043567.103 14308.2219938908 -6325.76962800026 -22756327.2723788 290454.707915074
2857889894.5417 740161434992.604 -544860434268.792 14271.3012629263 -6298.56026442023 -22756327.2723831 292226.584690384
2858184062.80923 744326501050.681 -546697078003.009 14234.4830730824 -6271.4874404579 -22756327.2723874 294168.267530134
2858480133.56649 748508423010.36 -548537979071.611 14197.7470053741 -6244.53554029694 -22756327.2723917 296070.75725862
2858778066.69192 752706527533.464 -550382824742.813 14161.0991071615 -6217.70843864019 -22756327.2723958 297933.125428705
2859077877.16753 756920134737.991 -552231301525.484 14124.5453259363 -6191.00990148911 -22756327.2724 299810.475612109
2859379631.56439 761149347711.511 -554083440640.723 14088.0847251864 -6164.43864883869 -22756327.2724041 301754.396862538
2859683343.75444 765394993064.327 -555939589104.462 14051.7102042359 -6137.98893346684 -22756327.2724082 303712.19005161
2859988972.25717 769657149936.238 -557799765573.314 14015.4211753304 -6111.65977786617 -22756327.2724122 305628.502723299
2860296530.14972 773935122497.833 -559663651176.209 13979.2235956913 -6085.45494482099 -22756327.2724162 307557.892552812
2860606029.61207 778228982442.019 -561531262728.401 13943.1168343849 -6059.37340907883 -22756327.2724201 309499.462349445
2860917483.69983 782538787900.946 -563402611008.81 13907.1003814502 -6033.41424025382 -22756327.2724241 311454.087760269
2861230905.36019 786864608206.021 -565277711534.308 13871.1736392726 -6007.57645191643 -22756327.2724279 313421.660357139
2861546420.4943 791206510122.638 -567156578567.263 13835.3360386304 -5981.85908539383 -22756327.2724318 315515.134117488
2861863815.88838 795566118090.714 -569039898565.798 13799.5742787993 -5956.25208277251 -22756327.2724356 317395.394073905
2862183274.24833 799940371851.022 -570926334681.06 13763.9134533033 -5930.77287471521 -22756327.2724393 319458.35995792
2862504808.87951 804331677678.943 -572816910585.089 13728.3338784599 -5905.40685087608 -22756327.272443 321534.631176735
2862828317.09626 808740097093.387 -574711636058.207 13692.8351676859 -5880.15323908052 -22756327.2724468 323508.21674682
2863153869.03607 813164106438.421 -576609841196.38 13657.4295851619 -5855.02024321501 -22756327.2724504 325551.939809537
2863481476.97975 817604551632.678 -578511874715.101 13622.1102987802 -5830.0024834825 -22756327.272454 327607.943685164
2863811212.57318 822061483411.944 -580417743184.461 13586.8769023505 -5805.09916214853 -22756327.2724576 329735.593423065
2864142969.86038 826535756109.976 -582327795850.598 13551.7226980731 -5780.30505447801 -22756327.2724612 331757.287203986
2864476879.60059 831025814255.919 -584241353423.305 13516.6599053193 -5755.62827868445 -22756327.2724647 333909.74020572
2864812894.8964 835533309382.532 -586159104439.918 13481.6756249762 -5731.05926109173 -22756327.2724682 336015.295816808
2865150967.79221 840057486662.831 -588080711538.019 13446.7757703044 -5706.6016778668 -22756327.2724717 338072.895808925
2865491231.05751 844597584471.812 -590005836696.113 13411.9661569565 -5682.2591047052 -22756327.2724751 340263.265297836
2865833574.43027 849155266284.711 -591935169836.141 13377.2340280421 -5658.02213928432 -22756327.2724786 342343.372763504
2866178008.53299 853728935315.185 -593868019561.405 13342.591547553 -5633.89879293265 -22756327.2724819 344434.102717031
2866524670.21228 858318619624.456 -595804384002.889 13308.0383836781 -5609.88833445412 -22756327.2724852 346661.679294413
2866873510.25485 862926022063.006 -597744966069.305 13273.5617104994 -5585.98138313091 -22756327.2724885 348840.042564916
2867224414.35783 867550364188.304 -599689421450.631 13239.1674033773 -5562.1815629529 -22756327.2724918 350904.102979504
2867577582.89232 872190015688.556 -601637050790.393 13204.8674689786 -5538.49669593226 -22756327.272495 353168.534490047
2867932835.42716 876847507203.139 -603588901661.579 13170.6431346358 -5514.91335048415 -22756327.2724982 355252.534839971
2868290312.06101 881520340383.798 -605543912337.303 13136.5126917734 -5491.44366622255 -22756327.2725014 357476.633846308
2868650086.18584 886210242067.497 -607502791423.865 13102.4634037147 -5468.07841103523 -22756327.2725045 359774.12483762
2869012105.99058 890918049086.143 -609465871952.036 13068.4892341293 -5444.81301187252 -22756327.2725076 362019.804734272
2869376385.49255 895642957201.623 -611432802091.97 13034.5960213462 -5421.65103898347 -22756327.2725107 364279.501976392
2869742871.40479 900385025887.141 -613403590957.492 13000.7833182821 -5398.59175013167 -22756327.2725138 366485.912238914
2870111637.09533 905143440839.036 -615377885315.912 12967.0568565466 -5375.63860888655 -22756327.2725168 368765.690539132
2870482756.63611 909919033862.069 -617356015507.656 12933.4106615248 -5352.78710705966 -22756327.2725198 371119.540776721
2870856106.82931 914712636815.588 -619338309653.166 12899.8388930667 -5330.03286344116 -22756327.2725227 373350.193199843
2871231765.78735 919522534351.038 -621324042917.58 12866.3535236894 -5307.38356770315 -22756327.2725257 375658.95804437
2871609612.7581 924349611873.659 -623313566248.679 12832.9482911209 -5284.83454969312 -22756327.2725286 377846.970745169
2871989861.78791 929192199807.649 -625306177774.665 12799.634598406 -5262.3930642721 -22756327.2725315 380249.029808512
2872372522.87039 934052919657.536 -627302941512.527 12766.3943141083 -5240.04647139834 -22756327.2725343 382661.082481795
2872757468.10868 938931767080 -629303838382.589 12733.227525109 -5217.79444292078 -22756327.2725371 384945.238290861
2873144777.44947 943826986071.956 -631308132766.108 12700.1461132157 -5195.64454180479 -22756327.2725399 387309.340792992
2873534459.42607 948739471191.08 -633316176398.747 12667.1439203749 -5173.59222694109 -22756327.2725427 389681.976603226
2873926528.57313 953669205041.054 -635327946791.309 12634.2209985326 -5151.63712987435 -22756327.2725454 392069.147050492
2874320993.20377 958616245589.963 -637343452225.241 12601.3768929548 -5129.7785473296 -22756327.2725481 394464.630647795
2874717935.62926 963580571565.449 -639362668665.97 12568.6116744408 -5108.0161294683 -22756327.2725509 396942.425488281
2875117364.62986 968563089104.795 -641385948467.987 12535.9193383152 -5086.34550515306 -22756327.2725535 399429.000595004
2875519145.15635 973563775088.675 -643413265191.512 12503.3000576837 -5064.76641998746 -22756327.2725562 401780.526498289
2875923428.05933 978580812487.087 -645443867035.216 12470.7655950173 -5043.28626472502 -22756327.2725588 404282.902974308
2876330076.00879 983615958808.341 -647478450274.283 12438.3044549865 -5021.89706086165 -22756327.2725614 406647.949461135
2876739395.30915 988667377702.899 -649516257937.913 12405.9283696538 -5000.60615167873 -22756327.2725639 409319.300359262
2877151101.10561 993738740823.264 -651558754492.753 12373.6137975319 -4979.39769400228 -22756327.2725665 411705.796462485
2877565277.06804 998826385433.336 -653604448074.803 12341.3840643126 -4958.28663725929 -22756327.272569 414175.962431386
2877981938.01703 1003931222651.1 -655653691110.649 12309.233227126 -4937.26869757046 -22756327.2725715 416660.948983253
2878401160.73194 1009053308411.11 -657706491206.597 12277.1608125125 -4916.34318883521 -22756327.272574 419222.714912813
2878823031.83439 1014193456306 -659763158762.736 12245.1616482004 -4895.5063727811 -22756327.2725765 421871.102454551
2879247336.22537 1019352591191.14 -661824046495.938 12213.2299880907 -4874.75416695523 -22756327.2725789 424304.390975196
2879674149.83081 1024527952403.6 -663888036127.907 12181.382826487 -4854.09725555393 -22756327.2725813 426813.605438338
2880103559.18411 1029720343384.65 -665955434538.448 12149.6150182012 -4833.5319204854 -22756327.2725837 429409.35329845
2880535580.0718 1034930687313.51 -668026594102.517 12117.9208025005 -4813.05407440431 -22756327.272586 432020.887691295
2880970218.22954 1040159042211.04 -670101521765.679 12086.2997614763 -4792.66310283336 -22756327.2725884 434638.1577401
2881407489.51328 1045405343833.49 -672180175957.575 12054.7522138211 -4772.35886887504 -22756327.2725907 437271.283741022
2881847399.3262 1050669649784.79 -674262563470.564 12023.277738465 -4752.14076116176 -22756327.272593 439909.812921551
2882290037.15605 1055951891217.46 -676348641086.711 11991.8766674135 -4732.00865460397 -22756327.2725953 442637.829849903
2882735323.69541 1061253005195.18 -678438762088.026 11960.543390373 -4711.95862549948 -22756327.2725976 445286.539355099
2883183189.21951 1066571904875.37 -680532481349.886 11929.2842793436 -4691.99442482644 -22756327.2725998 447865.524108274
2883633797.4782 1071907628247.05 -682629405589.058 11898.1048285764 -4672.1192151224 -22756327.272602 450608.25868297
2884087078.39348 1077261993500.28 -684730233958.2 11866.9942933141 -4652.32581218152 -22756327.2726042 453280.91528444
2884543122.95139 1082634031768.63 -686834570139.982 11835.9582215291 -4632.61742205465 -22756327.2726063 456044.557910935
2885001784.52596 1088024685139.79 -688942767054.259 11804.9910834112 -4612.99021116712 -22756327.2726085 458661.574569113
2885463229.85607 1093432087670.67 -691054079756.734 11774.1034621902 -4593.45055779911 -22756327.2726106 461445.330109075
2885927462.77433 1098858072340.09 -693169208788.556 11743.2847466391 -4573.99142157175 -22756327.2726127 464232.918255447
2886394396.69661 1104302544420.65 -695288100457.257 11712.5354142164 -4554.61279619661 -22756327.2726148 466933.922287463
2886864228.40224 1109764353392.41 -697410291446.093 11681.8618386306 -4535.31838009443 -22756327.2726169 469831.705624704
2887336716.49777 1115245661784.7 -699536605526.028 11651.2517951445 -4516.10017728869 -22756327.2726189 472488.095536033
2887812108.84181 1120743517078.45 -701665881643.981 11620.7216512721 -4496.96815192753 -22756327.272621 475392.344035801
2888290345.20812 1126260667672.97 -703799168746.487 11590.2560108288 -4477.91234368719 -22756327.272623 478236.366309151
2888771335.21533 1131796271256.46 -705936123887.046 11559.8594764498 -4458.93533991177 -22756327.272625 480990.007209009
2889255173.36738 1137349146087.6 -708076275543.078 11529.5383911342 -4440.04079143006 -22756327.272627 483838.152054261
2889741955.62982 1142920248320.89 -710219977139.808 11499.2873743841 -4421.22503611673 -22756327.2726289 486782.262434286
2890231589.38633 1148510540331.43 -712367582129.848 11469.101125278 -4402.4844877434 -22756327.2726309 489633.756511926
2890724171.0179 1154118816650.97 -714518610806.468 11438.9860631329 -4383.82284204299 -22756327.2726328 492581.631576049
2891219638.11535 1159746040137.91 -716673416117.234 11408.9369130077 -4365.23654015764 -22756327.2726347 495467.097447729
2891717974.8304 1165391356119.88 -718831654357.637 11378.9581356783 -4346.72805400209 -22756327.2726366 498336.715046923
2892219278.49782 1171054446741.92 -720993188692.441 11349.0512607895 -4328.2980319612 -22756327.2726385 501303.667419941
2892723370.35804 1176736278081.3 -723158371965.135 11319.2110537926 -4309.94296008431 -22756327.2726404 504091.860217515
2893230626.67618 1182434688559.49 -725326365686.564 11289.4486796879 -4291.66940934988 -22756327.2726422 507256.318144679
2893740505.74057 1188153788192.9 -727498716987.304 11259.7425661624 -4273.46385707776 -22756327.272644 509879.064392244
2894253668.12254 1193887334258.64 -729673040051.224 11230.1249393532 -4255.34575907827 -22756327.2726458 513162.381969864
2894769648.54619 1199642615320.74 -731852083398.895 11200.5579905792 -4237.29170314472 -22756327.2726476 515980.423647356
2895288831.46738 1205414265866.71 -734033798298.581 11171.0692055836 -4219.31820789908 -22756327.2726494 519182.921188832
2895811032.10479 1211206443584.5 -736219740250.259 11141.6372079723 -4201.41197082632 -22756327.2726512 522200.63741433
2896336062.36745 1217016936325.45 -738409056508.688 11112.2731831794 -4183.5795418205 -22756327.2726529 525030.26266004
2896864312.74 1222843517898.94 -740600894454.101 11082.9881391851 -4165.82731522282 -22756327.2726546 528250.372547254
2897395718.26296 1228690380444.65 -742796815483.953 11053.760842331 -4148.14214705748 -22756327.2726563 531405.522958078
2897930173.00676 1234556650295.28 -744996472872.767 11024.5956294054 -4130.52641815811 -22756327.272658 534454.743801073
2898467865.06986 1240441011834.21 -747199356716.573 10995.4989181208 -4112.98374507581 -22756327.2726597 537692.063101862
2899008515.63908 1246345387141.45 -749406169447.704 10966.4611023584 -4095.50808289563 -22756327.2726613 540650.569216236
2899552398.63773 1252266570558.05 -751615696975.397 10937.4977917765 -4078.1085641047 -22756327.272663 543882.998655891
2900099447.02102 1258207419205.57 -753828989835.957 10908.5948384296 -4060.77642652197 -22756327.2726646 547048.383286301
2900649766.08485 1264167049813.7 -756045701577.158 10879.7564427251 -4043.51394341748 -22756327.2726662 550319.063832543
2901203156.87749 1270146457851.4 -758266184999.008 10850.9776918827 -4026.31793075742 -22756327.2726678 553390.792633211
2901759504.15859 1276143334971.16 -760489566608.619 10822.269546423 -4009.19468595461 -22756327.2726694 556347.281106746
2902319220.56192 1282156300131.07 -762715321416.886 10793.6383239844 -3992.1476991643 -22756327.272671 559716.403326661
2902882103.34855 1288189668934.76 -764945031302.745 10765.0632930128 -3975.16437302752 -22756327.2726725 562882.786632113
2903448258.93754 1294241103779.38 -767177815030.955 10736.5554157609 -3958.25098574319 -22756327.2726741 566155.588988902
2904017706.35813 1300311601610.88 -769414024308.073 10708.1098331476 -3941.40440884144 -22756327.2726756 569447.420592135
2904590554.26009 1306401214895.49 -771653661400.436 10679.7261738732 -3924.62418617343 -22756327.2726771 572847.901951707
2905166594.04942 1312510949464.4 -773897078241.719 10651.3996608245 -3907.90726644367 -22756327.2726786 576039.789330671
2905745933.63273 1318638429680.66 -776143385763.954 10623.1411658895 -3891.25983017679 -22756327.2726801 579339.583317226
2906328682.51974 1324784657715.2 -778392935820.732 10594.9458722768 -3874.67879590181 -22756327.2726816 582748.887010305
2906914536.65002 1330950641426.32 -780646079980.461 10566.8090328044 -3858.16114402246 -22756327.272683 585854.130281408
2907504021.57801 1337133018794.43 -782901574482.779 10538.7457783592 -3841.71551427582 -22756327.2726845 589484.927984198
2908096831.19323 1343337182687.88 -785161369775.155 10510.7314893583 -3825.32725197356 -22756327.2726859 592809.61522244
2908693076.49066 1349559749903 -787424214783.477 10482.7813717829 -3809.00504093603 -22756327.2726873 596245.297433507
2909292390.97266 1355801733210.42 -789690461118.549 10454.8907188803 -3792.74590582074 -22756327.2726888 599314.482000323
2909895458.40085 1362059155093.81 -791958650602.251 10427.0770399947 -3776.55980879003 -22756327.2726902 603067.428182175
2910501872.30236 1368339001658.31 -794231298838.625 10399.3091227017 -3760.42836264527 -22756327.2726916 606413.901509057
2911111745.12522 1374636876571.16 -796506795826.325 10371.6063347138 -3744.362614566 -22756327.272693 609872.822862856
2911724945.24328 1380953797198.97 -798785493127.294 10343.9640098429 -3728.35963298589 -22756327.2726943 613200.118062657
2912341679.65034 1387288251442.9 -801066829687.811 10316.3885556866 -3712.42290041507 -22756327.2726957 616734.407053946
2912961968.71689 1393642226647.87 -803351505232.921 10288.8711262231 -3696.54708209585 -22756327.272697 620289.06655448
2913585832.93086 1400015773292.9 -805639520124.068 10261.4113752255 -3680.73177062424 -22756327.2726983 623864.213973347
2914213292.89826 1406408941781.99 -807930874579.985 10234.0089589209 -3664.97656230147 -22756327.2726996 627459.967396343
2914844115.9847 1412821782441.87 -810225568675.681 10206.6635359602 -3649.28105708808 -22756327.2727009 630823.086441867
2915478513.47217 1419251766480.52 -812522681723.455 10179.3856803501 -3633.65110623452 -22756327.2727022 634397.487465665
2916116345.6024 1425700898110.22 -814822914362.801 10152.16666195 -3618.08148779748 -22756327.2727035 637832.130237095
2916758084.64666 1432167605178.64 -817125690099.805 10125.0129017553 -3602.57565941422 -22756327.2727048 641739.044253044
2917403298.08104 1438656511846.37 -819432637195.649 10097.904865109 -3587.12227086489 -22756327.272706 645213.434383897
2918052201.25705 1445163080008.08 -821742123786.717 10070.8613934679 -3571.73186973679 -22756327.2727073 648903.176012519
2918704551.72971 1451689326478.01 -824054849437.064 10043.8739047541 -3556.39936464539 -22756327.2727085 652350.472654551
2919360732.05037 1458232660045.07 -826369880076.377 10016.9528956561 -3541.13050996699 -22756327.2727097 656180.320662479
2920020764.70348 1464796760283.27 -828688500779.513 9990.08304157518 -3525.91641272397 -22756327.2727109 660032.653111484
2920684135.63295 1471381679170.57 -831010709937.742 9963.2640583611 -3510.75673400369 -22756327.2727121 663370.9294672
2921351602.91361 1477982135938.95 -833334629763.926 9936.51721845084 -3495.66329101823 -22756327.2727133 667467.280663138
2922022546.72096 1484605512303.81 -835662841946.424 9909.81243697908 -3480.61891284854 -22756327.2727145 670943.807347866
2922697562.79673 1491245492000.92 -837993108001.076 9883.17503983735 -3465.63768090214 -22756327.2727157 675016.075768613
2923375921.66267 1497907807090.5 -840327421832.086 9856.58187105316 -3450.70638347277 -22756327.2727168 678358.865942603
2924058120.36806 1504585100287.3 -842663189262.335 9830.06208736081 -3435.8411951554 -22756327.272718 682198.705389866
2924743902.01585 1511282116973.17 -845002056112.48 9803.59655219711 -3421.03117997621 -22756327.2727191 685781.647784836
2925433771.89775 1517996179351.24 -847343071256.804 9777.19561969586 -3406.28193602135 -22756327.2727202 689869.881901476
2926127471.69291 1524732069652.14 -849687884398.818 9750.84031769754 -3391.58268103904 -22756327.2727213 693699.795161738
2926824842.15926 1531487092049.51 -852035537581.946 9724.54108603231 -3376.93906714949 -22756327.2727225 697370.466351878
2927526292.89969 1538259539768.23 -854385421830.233 9698.304332135 -3362.35446888912 -22756327.2727235 701450.740428053
2928231742.8434 1545053225595.76 -856738842493.043 9672.11510714477 -3347.82039587153 -22756327.2727246 705449.943712604
2928941030.70352 1551867187365.25 -859095446234.382 9645.9770222173 -3333.33868799222 -22756327.2727257 709287.860115066
2929654177.35976 1558699700716.85 -861454618912.684 9619.89651564719 -3318.91273507594 -22756327.2727268 713146.656244634
2930371309.96692 1565550806753.35 -863816358349.676 9593.87320558801 -3304.54214108206 -22756327.2727278 717132.607161553
2931092262.523 1572421562168.44 -866181011495.461 9567.90288322198 -3290.22440403755 -22756327.2727288 720952.556077717
2931817459.13724 1579310214108.39 -868547958331.169 9541.9919588014 -3275.96287797844 -22756327.2727299 725196.614243193
2932546518.65493 1586220643434.4 -870918513760.447 9516.12567706225 -3261.74927355907 -22756327.2727309 729059.517690784
2933279677.45267 1593149045923.15 -873291354131.084 9490.3181205809 -3247.59116285994 -22756327.2727319 733158.797736061
2934017066.99758 1600097502323.31 -875667174835.36 9464.56133333838 -3233.484007262 -22756327.272733 737389.544913254
2934758407.34228 1607067079768.5 -878046320861.125 9438.85123803574 -3219.42541655446 -22756327.272734 741340.344701507
2935503719.65445 1614054960158.25 -880427811775.433 9413.1980601359 -3205.42081750973 -22756327.272735 745312.312160328
2936252936.28503 1621061181827.06 -882811644504.691 9387.60141347031 -3191.46982222544 -22756327.2727359 749216.630587642
2937006387.48523 1628084950363.79 -885197533218.727 9362.0639347741 -3177.5736884884 -22756327.2727369 753451.200201964
2937763895.86884 1635129194205.52 -887586455324 9336.57476670123 -3163.72634063282 -22756327.2727378 757508.383610232
2938525685.68703 1642192082407.26 -889977771596.548 9311.14035241405 -3149.93111785276 -22756327.2727388 761789.818181852
2939291577.5904 1649275532540.59 -892372112885.527 9285.75360540259 -3136.18401688263 -22756327.2727398 765891.903373416
2940061817.57023 1656377702880.87 -894768838167.892 9260.42094620501 -3122.48835636212 -22756327.2727407 770239.979825758
2940835998.70544 1663500698923.17 -897168639239.47 9235.13469001813 -3108.8398257881 -22756327.2727416 774181.135210698
2941614366.32942 1670640589017.19 -899570174246.729 9209.90857221824 -3095.24567588217 -22756327.2727426 778367.623987958
2942397266.52987 1677799474287.56 -901974134156.517 9184.73490082861 -3081.70159120442 -22756327.2727435 782900.200448448
2943184400.36862 1684980354954.32 -904381506418.771 9159.60298435149 -3068.20167367928 -22756327.2727444 787133.838745511
2943975577.97223 1692180305467.22 -906791290129.535 9134.5229207263 -3054.75120311004 -22756327.2727453 791177.603615152
2944771263.80649 1699397424780.46 -909202832867.995 9109.50107087827 -3041.35342580394 -22756327.2727462 795685.834251234
2945571152.35038 1706635776132.25 -911617474354.13 9084.52313884634 -3028.00053287303 -22756327.2727471 799888.543897056
2946375265.80209 1713892401575.72 -914034208915.118 9059.59914951573 -3014.69773538131 -22756327.2727479 804113.45171156
2947183742.63277 1721167335443.3 -916453031435.652 9034.72873125499 -3001.44467512147 -22756327.2727488 808476.830678024
2947996723.23171 1728461658402.03 -918874283713.054 9009.90796243821 -2988.23910857413 -22756327.2727497 812980.598936991
2948814232.68797 1735776455565.17 -921298306597.779 8985.13297435147 -2975.07883418452 -22756327.2727505 817509.456261917
2949635955.36815 1743111765992.34 -923725092729.444 8960.40348371713 -2961.96356402451 -22756327.2727514 821722.680180703
2950461805.74737 1750464582667.7 -926153629382.393 8935.72940645904 -2948.89840793359 -22756327.2727522 825850.379218233
2951292613.8787 1757833981192.58 -928583596540.821 8911.11353133626 -2935.88467814943 -22756327.272753 830808.131325849
2952127713.96101 1765227182798.07 -931017355387.494 8886.53156953773 -2922.90939700004 -22756327.2727538 835100.082313518
2952967128.16651 1772638071888.18 -933452871854.892 8862.00371178584 -2909.98309071774 -22756327.2727547 839414.205500261
2953810878.78194 1780066679157.58 -935890140111.291 8837.52957335936 -2897.10540118162 -22756327.2727555 843750.615427558
2954659228.88924 1787513035056.54 -938329154128.734 8813.10877262528 -2884.27597379776 -22756327.2727563 848350.107298183
2955512559.52787 1794979285061.97 -940770598793.164 8788.7340410415 -2871.49084634056 -22756327.2727571 853330.638630122
2956370420.21621 1802468583794.12 -943215483407.721 8764.39496494624 -2858.74443525303 -22756327.2727579 857860.688343724
2957232597.91005 1809976782256.29 -945662432050.666 8740.10488946905 -2846.04360489841 -22756327.2727587 862177.693837482
2958099598.38898 1817501845696.26 -948110765132.364 8715.87012174188 -2833.39150500181 -22756327.2727594 867000.478930495
2958971207.71082 1825048008718.32 -950561842101.587 8691.67679643084 -2820.7807586301 -22756327.2727602 871609.321846732
2959847450.3755 1832613219760.07 -953014976438.212 8667.53131036137 -2808.21457142886 -22756327.272761 876242.664672189
2960728475.11478 1840197509869.5 -955470159663.446 8643.43333949054 -2795.69263915051 -22756327.2727617 881024.739283032
2961614061.89006 1847801979503.33 -957927728491.652 8619.37918603012 -2783.21291011187 -22756327.2727625 885586.7752769
2962504109.56326 1855424546082.44 -960386991110.939 8595.3752149366 -2770.77855361948 -22756327.2727632 890047.673202266
2963399016.50056 1863064168261.52 -962847595274.706 8571.42441692483 -2758.39097518165 -22756327.272764 894906.937296559
2964298809.23136 1870724084820.28 -965310566013.428 8547.51639582579 -2746.04466353415 -22756327.2727647 899792.730809724
2965203387.85142 1878404328009.34 -967775892838.312 8523.65087633899 -2733.73935553847 -22756327.2727654 904578.620056668
2966113032.22645 1886103853891.81 -970243220560.117 8499.83090596363 -2721.47649867158 -22756327.2727662 909644.375029618
2967027386.68795 1893824847990.11 -972713228455.02 8476.04954939912 -2709.2524037732 -22756327.2727669 914354.461503754
2967946090.21392 1901564098495.88 -975184868738.602 8452.31650369435 -2697.07193370495 -22756327.2727676 918703.52596669
2968869807.54369 1909318383221.44 -977657097242.375 8428.64132418605 -2684.93984856177 -22756327.2727683 923717.329771896
2969798566.03999 1917093136578.32 -980131629587.448 8405.00713790882 -2672.8473671969 -22756327.272769 928758.496298465
2970731479.92217 1924888388976.53 -982608453953.478 8381.41368067201 -2660.79424035323 -22756327.2727696 932913.882182894
2971670141.82746 1932696537325.86 -985085139173.792 8357.88364271468 -2648.79191974291 -22756327.2727703 938661.905287374
2972613660.03295 1940530718881.27 -987565832319.388 8334.37722152498 -2636.81998324194 -22756327.272771 943518.205483872
2973562059.66338 1948383274924.18 -990048083765.016 8310.91729050657 -2624.88998115449 -22756327.2727717 948399.630436649
2974515629.25318 1956254229821.56 -992531882866.844 8287.50352097657 -2613.00162116896 -22756327.2727723 953569.589794945
2975473860.93659 1964145783393.76 -995017903587.534 8264.12915586287 -2601.15135589248 -22756327.272773 958231.683417112
2976436909.84465 1972053546512.48 -997504744736.533 8240.80694043065 -2589.3455238929 -22756327.2727737 963048.908056232
2977405475.49487 1979978626557.33 -999992738645.978 8217.53329166063 -2577.58217830759 -22756327.2727743 968565.650223044
2978379043.9794 1987926578236.44 -1002483607753.54 8194.29170558459 -2565.85286792949 -22756327.2727749 973568.484522914
2979357641.13885 1995892977258.56 -1004975943101.46 8171.09494898326 -2554.16393093883 -22756327.2727756 978597.159457361
2980341146.54322 2003877845860.52 -1007469732754.45 8147.94270379247 -2542.51508833981 -22756327.2727762 983505.404365639
2981330138.4553 2011880016421.06 -1009964594009.71 8124.83808138659 -2530.90778411434 -22756327.2727768 988991.912077937
2982324090.74813 2019903994036.08 -1012461910610.95 8101.76786104484 -2519.33526689729 -22756327.2727775 993952.292833053
2983323164.49571 2027945309383.18 -1014960270631.88 8078.74468007042 -2507.80376735054 -22756327.2727781 999073.747576398
2984327097.42935 2036005078496.45 -1017460002526.8 8055.7650696141 -2496.31142955697 -22756327.2727787 1003932.93364488
2985335913.18264 2044081002914.14 -1019960376021.19 8032.83528886769 -2484.86126259693 -22756327.2727793 1008815.75329327
2986350340.98177 2052173099203.77 -1022461380605.78 8009.95495701802 -2473.45294893209 -22756327.2727799 1014427.79912095
2987370273.39334 2060287018302.63 -1024964742483.75 7987.10786289843 -2462.07829725909 -22756327.2727805 1019932.41157615
2988395305.3147 2068421682108.82 -1027470104920.04 7964.29688876116 -2450.73864955018 -22756327.2727811 1025031.92135884
2989425741.02329 2076573659415.3 -1029976390612.46 7941.53142356998 -2439.4385668035 -22756327.2727817 1030435.70859138
2990461168.98728 2084745174315.06 -1032484263703.2 7918.80500244382 -2428.17473076653 -22756327.2727822 1035427.96399064
2991502055.54461 2092932772100.23 -1034992645193.68 7896.12695902176 -2416.95165536959 -22756327.2727828 1040886.55732362
2992548712.0778 2101139948221.52 -1037502587108.13 7873.48733798345 -2405.7643028497 -22756327.2727834 1046656.53319224
2993600580.93764 2109368940324.89 -1040014750175.21 7850.87978998052 -2394.60944307643 -22756327.2727839 1051868.85984055
2994657830.14636 2117615155891.85 -1042527710605.74 7828.31671519619 -2383.4930954989 -22756327.2727845 1057249.20872288
2995720629.89053 2125879718153.89 -1045041791641.72 7805.79476532601 -2372.41350189157 -22756327.2727851 1062799.74417075
2996788865.89547 2134163753004.44 -1047557314809.09 7783.31063465389 -2361.36893510182 -22756327.2727856 1068236.00493862
2997862854.13678 2142466164354.67 -1050073926180.34 7760.8670610416 -2350.3606400572 -22756327.2727862 1073988.24130666
2998942020.92145 2150789196828.96 -1052592284023.55 7738.45775800458 -2339.38543755845 -22756327.2727867 1079166.78467669
3000026536.0328 2159128202981.29 -1055110961862.86 7716.09498094626 -2328.44922790203 -22756327.2727873 1084515.11134187
3001116716.64495 2167484307765.44 -1057630281970.46 7693.77539916505 -2317.55027099456 -22756327.2727878 1090180.61215509
3002212446.32764 2175859752600.22 -1060150899785.52 7671.49276618058 -2306.68541608365 -22756327.2727883 1095729.68268425
3003313429.65734 2184253434863.19 -1062672462107.71 7649.24977416684 -2295.85587952009 -22756327.2727888 1100983.32970844
3004420459.05944 2192662898077.82 -1065194212407.41 7627.05263567719 -2285.06458044427 -22756327.2727894 1107029.40209869
3005532943.73977 2201093985887.62 -1067717881592.53 7604.88568221525 -2274.30380640989 -22756327.2727899 1112484.68032494
3006650910.58113 2209541984071.15 -1070242036107.47 7582.76108206551 -2263.57937339249 -22756327.2727904 1117966.84136069
3007775649.03331 2218006901722.73 -1072766659933.91 7560.67851266645 -2252.89102165913 -22756327.2727909 1124738.45218147
3008904816.94785 2226498264507.64 -1075294567464.59 7538.61297084922 -2242.22657316022 -22756327.2727914 1129167.91454416
3010040975.72247 2234998188177.53 -1077820414588.12 7516.61065024537 -2231.60825531312 -22756327.2727919 1136158.77461074
3011181908.63221 2243525745843.67 -1080349848106.58 7494.62191665035 -2221.01202025544 -22756327.2727924 1140932.90974596
3012328918.94715 2252064081092.36 -1082877845188.22 7472.69000638832 -2210.45861601976 -22756327.2727929 1147010.31494059
3013482191.24453 2260622759689.21 -1085407220946.11 7450.79001111051 -2199.93595061307 -22756327.2727934 1153272.2973811
3014640613.22247 2269202923485.02 -1087938286920.21 7428.91883002436 -2189.44245760869 -22756327.2727939 1158421.97794101
3015804512.27877 2277796093138.92 -1090468521728.96 7407.09779081139 -2178.9882743236 -22756327.2727943 1163899.05629757
3016975073.96653 2286404519940.04 -1092998573159.23 7385.32080055075 -2168.57037067834 -22756327.2727948 1170561.68776334
3018152026.21299 2295036746596.08 -1095530927934.02 7363.56602866885 -2158.17822160764 -22756327.2727953 1176952.24645216
3019334543.14985 2303690512044.98 -1098064893484.93 7341.83904276295 -2147.81442238291 -22756327.2727957 1182516.93686592
3020522961.21439 2312359526081.76 -1100598605523.28 7320.15538254983 -2137.48629938407 -22756327.2727962 1188418.06453255
3021715975.13729 2321046054184.13 -1103132706934.88 7298.50907172402 -2127.19091031439 -22756327.2727967 1193013.92290944
3022914942.5711 2329740387080.97 -1105664351960.48 7276.92389314299 -2116.93945296581 -22756327.2727971 1198967.43380444
3024121248.83103 2338452249454.42 -1108196358835.69 7255.37529367648 -2106.72015372132 -22756327.2727976 1206306.25992626
3025332846.28368 2347191449896.91 -1110731548805.68 7233.8388718574 -2096.52137841886 -22756327.272798 1211597.45265659
3026551123.59213 2355942919223.44 -1113265525038.28 7212.3515506675 -2086.36053773179 -22756327.2727984 1218277.3084513
3027774744.60164 2364716475272.16 -1115801109085.44 7190.8889397453 -2076.22601086452 -22756327.2727989 1223621.00950976
3029005111.75598 2373502282190.18 -1118335437048.32 7169.47481623718 -2066.1289390041 -22756327.2727993 1230367.15433945
3030239814.26595 2382310195248.78 -1120871330291.12 7148.08487541796 -2056.05777665486 -22756327.2727997 1234702.50996801
3031481645.87586 2391122774826.22 -1123403752380.4 7126.76108633385 -2046.03218128921 -22756327.2728002 1241831.60990949
3032730647.74872 2399959768376.52 -1125938360630.91 7105.45531439256 -2036.02942541436 -22756327.2728006 1249001.87285628
3033985451.26219 2408821186461.45 -1128475124323.32 7084.16744099936 -2026.04940588393 -22756327.272801 1254803.51347175
3035246407.36731 2417697080066.57 -1131011169601.67 7062.92114325782 -2016.10315172655 -22756327.2728014 1260956.10511852
3036514972.18034 2426589726201.68 -1133547127473.23 7041.71064810535 -2006.18787143696 -22756327.2728018 1268564.81303608
3037789757.05986 2435509131852.19 -1136085821839.98 7020.5119214835 -1996.29227107858 -22756327.2728023 1274784.87951525
3039069686.59728 2444445270226.72 -1138624368836.48 6999.34862716717 -1986.42733875823 -22756327.2728027 1279929.53742583
3040355891.92506 2453390418912.83 -1141160559200.75 6978.23866336259 -1976.6013178897 -22756327.2728031 1286205.32777538
3041647943.84339 2462352298360.12 -1143696566240.66 6957.16342127368 -1966.8054481534 -22756327.2728035 1292051.91832894
3042946663.91034 2471327711860.6 -1146231465836.94 6936.13008735859 -1957.04298303254 -22756327.2728039 1298720.06694891
3044252420.46388 2480322148848.93 -1148766786787.66 6915.12549524042 -1947.30773083009 -22756327.2728043 1305756.55354237
3045564112.48026 2489337906120.81 -1151303148349.43 6894.14407416375 -1937.59704775376 -22756327.2728046 1311692.01638515
3046882100.26781 2498367151395.13 -1153838323359.97 6873.20377695411 -1927.91916889573 -22756327.272805 1317987.78754289
3048207228.93477 2507412159028.3 -1156372931097.29 6852.29898806151 -1918.27141312323 -22756327.2728054 1325128.6669621
3049538381.12269 2516478486011.57 -1158908502803.34 6831.4166171882 -1908.64767195599 -22756327.2728058 1331152.18791883
3050876745.51496 2525558254260.83 -1161442811031.86 6810.57453548585 -1899.05610973218 -22756327.2728062 1338364.39227489
3052220367.21373 2534659337258.06 -1163978029043.07 6789.75439517584 -1889.48821176343 -22756327.2728065 1343621.69876752
3053570778.62205 2543768231694.65 -1166510375483.46 6768.98674780474 -1879.9579353345 -22756327.2728069 1350411.40832011
3054928014.05029 2552895130684.99 -1169042666868.81 6748.24797692474 -1870.45435366428 -22756327.2728073 1357235.42824135
3056290921.77626 2562040022625.35 -1171574874091.29 6727.537850022 -1860.97729445308 -22756327.2728076 1362907.72597374
3057660716.66967 2571194939492.56 -1174104771401.91 6706.87406280432 -1851.53477288334 -22756327.272808 1369794.89340698
3059037780.07252 2580367832904.78 -1176634536605.29 6686.23831895234 -1842.11834663275 -22756327.2728083 1377063.40284901
3060422150.55353 2589560999117.41 -1179164774685.3 6665.62521957191 -1832.72549354605 -22756327.2728087 1384370.48100653
3061812306.73787 2598774426221.79 -1181695451970.65 6645.03458288103 -1823.35607776053 -22756327.2728091 1390156.18433905
3063209839.47427 2607997766358.05 -1184223704271.01 6624.48921187921 -1814.0204007933 -22756327.2728094 1397532.73640565
3064613563.10802 2617241350610.28 -1186752341405.27 6603.96577083641 -1804.70778516505 -22756327.2728097 1403723.63374904
3066025089.59841 2626497101390.87 -1189279129550.19 6583.48189691809 -1795.42616562602 -22756327.2728101 1411526.4903917
3067441636.60692 2635775399982.4 -1191806876483.54 6563.01434249072 -1786.16494556928 -22756327.2728104 1416547.00850385
3068867667.57667 2645057746674.17 -1194330522569.93 6542.60355857231 -1776.94234955334 -22756327.2728108 1426030.9697541
3070298770.65408 2654373128286.85 -1196857919968.78 6522.18555872072 -1767.72940904928 -22756327.2728111 1431103.07740555
3071737828.78181 2663692462949.07 -1199381149576.88 6501.82383801422 -1758.55471843761 -22756327.2728114 1439058.12773411
3073183621.51754 2673034310236.69 -1201905216337.11 6481.47748695007 -1749.39976760892 -22756327.2728118 1445792.73573172
3074634914.64632 2682390483440.52 -1204427879233.76 6461.16408551647 -1740.27241213381 -22756327.2728121 1451293.1287814
3076094640.52624 2691752807259.78 -1206946918580.48 6440.90096534945 -1731.18035223907 -22756327.2728124 1459725.87991475
3077560280.39925 2701139959326.46 -1209467335305.24 6420.64739183871 -1722.10524518823 -22756327.2728127 1465639.87301623
3079033873.30698 2710535491304.46 -1211984686498.82 6400.43856690788 -1713.06280433025 -22756327.272813 1473592.90772883
3080515096.62914 2719952239308.15 -1214502387612.43 6380.24655809289 -1704.04046489458 -22756327.2728134 1481223.32216059
3082002686.06637 2729387855377.45 -1217019778018.32 6360.07618104906 -1695.04033401732 -22756327.2728137 1487589.43722163
3083496668.97943 2738834048416.13 -1219534621648.1 6339.94483530849 -1686.07011026104 -22756327.272814 1493982.91305965
3084998758.72568 2748290793098.58 -1222046894612.94 6319.8521702514 -1677.12955653931 -22756327.2728143 1502089.74624995
3086507673.53761 2757768684089.4 -1224559385108.97 6299.77537421688 -1668.20846328402 -22756327.2728146 1508914.81193532
3088023073.47921 2767259370891.52 -1227069850991.23 6279.73185644137 -1659.31451227536 -22756327.2728149 1515399.94160238
3089547071.70554 2776760502301.25 -1229577650749 6259.72620135541 -1650.44966362721 -22756327.2728152 1523998.22632699
3091077619.88819 2786285061782.25 -1232086182424.46 6239.73079060521 -1641.6016264428 -22756327.2728155 1530548.18264787
3092616852.30574 2795819981388.47 -1234591975177.68 6219.77277748838 -1632.78236399561 -22756327.2728158 1539232.4175471
3094161350.52303 2805378289111.48 -1237098423505.27 6199.82461034148 -1623.97964978458 -22756327.2728161 1544498.2172966
3095713623.07166 2814938528427.28 -1239599878680.38 6179.93070990374 -1615.21301880507 -22756327.2728164 1552272.54863227
3097273329.36849 2824516026152.05 -1242100333817.88 6160.05876829201 -1606.46815610983 -22756327.2728167 1559706.29682575
3098840886.5475 2834108416366.86 -1244599142635.11 6140.21339879662 -1597.74703945363 -22756327.272817 1567557.17901005
3100416334.12662 2843717998650.64 -1247096875380.63 6120.38954735605 -1589.04739596757 -22756327.2728173 1575447.5791159
3101999711.82267 2853344736779.22 -1249593491632.6 6100.58701196765 -1580.36909006131 -22756327.2728175 1583377.69605931
3103589276.43613 2862988593578.55 -1252088950545.19 6080.80559113111 -1571.71198696468 -22756327.2728178 1589564.61345272
3105185437.23933 2872638723346.51 -1254580423690.58 6061.06715859132 -1563.08559351785 -22756327.2728181 1596160.80320195
3106790021.88417 2882297422656.13 -1257068489246.16 6041.36657128258 -1554.48758116621 -22756327.2728184 1604584.64483958
3108403074.82801 2891975497560.54 -1259555904408.21 6021.68145660105 -1545.90812989265 -22756327.2728187 1613052.94384502
3110022821.43074 2901672908380.19 -1262042622867.59 6002.01165487575 -1537.34713465459 -22756327.2728189 1619746.6027269
3111649680.87604 2911378730434.89 -1264525816420.24 5982.37899182907 -1528.8140399772 -22756327.2728192 1626859.44530124
3113284076.50681 2921095260539.46 -1267006053245.29 5962.77841648882 -1520.30658083827 -22756327.2728195 1634395.63076859
3114927495.5354 2930824788137.49 -1269483894015.76 5943.20494466306 -1511.82253337712 -22756327.2728197 1643419.02858814
3116578527.45927 2940575872362.16 -1271961484943.41 5923.6410806306 -1503.35427381487 -22756327.27282 1651031.92387285
3118236809.6099 2950339848581.48 -1274436590727.53 5904.10393022963 -1494.9091665712 -22756327.2728203 1658282.15063051
3119902773.50703 2960114329404.51 -1276908581918.08 5884.5979027855 -1486.48905871519 -22756327.2728205 1665963.89712707
3121574980.28515 2969901614572.87 -1279378015676.52 5865.11804113001 -1478.09175214132 -22756327.2728208 1672206.77811798
3123255736.20465 2979693037394.83 -1281842686258.56 5845.68117787494 -1469.72443439647 -22756327.272821 1680755.91950121
3124945084.97294 2989501863871.98 -1284305909543.11 5826.26059885803 -1461.37554568875 -22756327.2728213 1689348.76828914
3126641567.52993 2999328043392.68 -1286767637349.51 5806.85612719266 -1453.04497412974 -22756327.2728215 1696482.55698876
3128346723.33799 3009162825688.25 -1289225649585.89 5787.48469745532 -1444.73993943907 -22756327.2728218 1705155.80806253
3130058674.83249 3019014870279.65 -1291682082405.71 5768.12890704115 -1436.45293069778 -22756327.272822 1711951.49449978
3131779787.99644 3028873074614.38 -1294134141368.4 5748.81020461958 -1428.19307758476 -22756327.2728223 1721113.16394569
3133509700.3352 3038750795504.77 -1296585120206.22 5729.5020682028 -1419.94899160781 -22756327.2728225 1729912.33876525
3135246917.75467 3048645627777.95 -1299034383382.99 5710.20893272804 -1411.72253695266 -22756327.2728227 1737217.41947165
3136993432.05656 3058548755339.77 -1301479719731.53 5690.94763845212 -1403.52084628597 -22756327.272823 1746514.30189151
3138745773.96652 3068471249033.36 -1303923831638.37 5671.69631929863 -1395.33456534742 -22756327.2728232 1752341.90995343
3140507911.5457 3078393158696.41 -1306361781452.55 5652.49328521002 -1387.17992718179 -22756327.2728235 1762137.57917975
3142275928.86325 3088336698235.12 -1308799001544.6 5633.29516241721 -1379.03845989764 -22756327.2728237 1768017.31755436
3144052248.29097 3098279516095.14 -1311229987363.62 5614.14472505253 -1370.92825060644 -22756327.2728239 1776319.42771626
3145836908.81321 3108235024391.81 -1313657999938.38 5595.01569842276 -1362.83810547583 -22756327.2728241 1784660.52224355
3147630369.83458 3118203161075.4 -1316082993425.14 5575.90785280656 -1354.7678838634 -22756327.2728244 1793461.02137331
3149432252.44257 3128186198182.64 -1318505487471.77 5556.81649870105 -1346.71556599167 -22756327.2728246 1801882.60798486
3151242596.18256 3138181731181.94 -1320924865284.78 5537.74589883957 -1338.68291108356 -22756327.2728248 1810343.73998949
3153059828.35466 3148189694669.84 -1323341079654.37 5518.69582534695 -1330.66978107872 -22756327.272825 1817232.17210359
3154886021.64287 3158201154269.24 -1325751950182.84 5499.6828728774 -1322.68310030202 -22756327.2728252 1826193.28820933
3155760000 3168227275158.55 -1328160139796.42 5480.6854406427 -1314.71374345063 -22756327.2728255 873978.35712862
