0 1556958000000 0 -11000 2000 -22756327.2740819
3256718.26625387 1520839160325.88 6513017230.89136 -11182.5541030965 1999.60910513622 -22756327.1462558
6513436.53250774 1484111433916.87 13023394944.5822 -11374.0568579014 1998.35881432235 -22756326.9878174
9770154.79876161 1446744349315.28 19528125462.7169 -11575.3416915048 1996.11719687662 -22756326.7897749
13026873.0650155 1408704537353.1 26023733144.7042 -11787.357983732 1992.72797586854 -22756326.539964
16283591.3312693 1369955319124.25 32506186348.5189 -12011.1929729965 1988.00492606143 -22756326.2217233
19540309.5975232 1330456214317.82 38970788687.9253 -12248.0989877398 1981.72468517038 -22756325.8119234
22797027.8637771 1290162350080.19 45412043582.2815 -12499.5276138228 1973.61743426429 -22756325.2779817
26053746.130031 1249023744422.89 51823483983.3246 -12767.173000067 1963.35468027817 -22756324.5732582
29310464.3962848 1206984429720.16 58197456163.0873 -13053.0273560509 1950.53304293501 -22756323.629806
32567182.6625387 1163981369995.25 64524842115.9925 -13359.4529433115 1934.65244881825 -22756322.3466984
35823900.9287926 1119943108866.05 70794698765.3898 -13689.2767205157 1915.08636550414 -22756320.5707594
39080619.1950464 1074788060681.08 76993782634.7433 -14045.9166326292 1891.04049605967 -22756318.0638686
42337337.4613003 1028422321472.31 83105914060.1466 -14433.5529378533 1861.49439715119 -22756314.4457455
45594055.7275542 980736822205.876 89111112163.0123 -14857.3649945836 1825.11723846228 -22756309.0902972
48850773.9938081 931603563116.808 94984394997.3565 -15323.8654694508 1780.1433717819 -22756300.9303099
52107492.2600619 880870534878.348 100694078190.799 -15841.3834857129 1724.1835553031 -22756288.0725182
55364210.5263158 828354714053.292 106199300384.899 -16420.7826124034 1653.9295887688 -22756266.9985055
58620928.7925697 773832148686.502 111446315872.313 -17076.562624451 1564.67523934558 -22756230.8019441
61877647.0588236 717023489834.396 116362742419.737 -17828.6153123369 1449.50539878833 -22756165.0097029
65134365.3250774 657572091827.321 120848253510.427 -18705.1521706332 1297.8516306331 -22756036.7760099
68391083.5913313 595009357518.944 124758722513.277 -19747.8632210227 1092.75218939291 -22755763.78357
71647801.8575852 528696778123.874 127877412951.733 -21021.6562060931 805.226982999512 -22755111.7527434
74904520.1238391 457721865934.814 129858074458.89 -22634.74979793 381.47789191779 -22753290.9324091
78161238.3900929 380692783402.316 130099125462.401 -24785.3697141293 -290.626991138501 -22746925.7566782
81417956.6563468 295275552314.185 127416454460.908 -27890.2797661047 -1489.3471307676 -22715338.0932983
84674674.9226007 196918790510.335 118942010264.339 -33044.8427998388 -4146.55533124808 -22422891.7954286
87931393.1888545 73930060226.4112 94026055113.8456 -44549.3192121689 -14560.746389949 -11449166.7071252
91188111.4551084 -60220276282.4062 -94903767115.8831 -31708.8804182355 -93607.465017377 3702913952.83741
94444829.7213623 -150655849605.119 -377552649298.206 -26732.0457008788 -84413.0536490228 3593538927.06265
97701547.9876162 -236639701669.066 -649688136771.612 -26182.0502216575 -82973.1084624275 3593042074.84562
100958266.25387 -321512355835.159 -918809285500.676 -25966.0024386285 -82368.1200206656 3593007594.87359
104214984.520124 -405870991891.974 -1186467778782.14 -25850.1974107279 -82033.4321246915 3593002004.03487
107471702.786378 -489931881544.556 -1453257632322.14 -25777.9125666936 -81820.5833383387 3593000606.67161
110728421.052632 -573798123876.115 -1719470752077.73 -25728.4620219045 -81673.1532460171 3593000151.62016
113985139.318886 -657527027098.593 -1985272591184.57 -25692.4869453605 -81564.9427060171 3592999974.36837
117241857.585139 -741153776250.818 -2250766131528.04 -25665.1322432609 -81482.1114192523 3592999895.78281
120498575.851393 -824701540632.273 -2516019880145.12 -25643.6269433203 -81416.6532269173 3592999857.35324
123755294.117647 -908186394016.782 -2781081739983.09 -25626.2736940693 -81363.6126704192 3592999837.05969
127012012.383901 -991619947592.926 -3045986532975.69 -25611.9744406168 -81319.7572171872 3592999825.65931
130268730.650155 -1075010864087.96 -3310760372562.77 -25599.9872434795 -81282.8878142521 3592999818.92045
133525448.916409 -1158365779332.41 -3575423348079.93 -25589.7926652177 -81251.456153104 3592999814.76366
136782167.182663 -1241689889548.72 -3839991247745.46 -25581.0161374859 -81224.3403817804 3592999812.10504
140038885.448916 -1324987340123.42 -4104476706153.93 -25573.3807237766 -81200.7076454511 3592999810.35085
143295603.71517 -1408261491339.48 -4368889992674.66 -25566.6772402983 -81179.926601048 3592999809.16164
146552321.981424 -1491515105043.86 -4633239567759.85 -25560.7447208126 -81161.5099126042 3592999808.33607
149809040.247678 -1574750478910.91 -4897532484647.51 -25555.4572743786 -81145.0753840085 3592999807.75077
153065758.513932 -1657969545026.61 -5161774685337.71 -25550.7150208325 -81130.319040686 3592999807.32798
156322476.780186 -1741173943603.37 -5425971222584.97 -25546.4377001031 -81116.9960819443 3592999807.0174
159579195.04644 -1824365078995.98 -5690126429055.18 -25542.5600780702 -81104.907142997 3592999806.78577
162835913.312694 -1907544162886.82 -5954244048059.87 -25539.0285859713 -81093.8882159803 3592999806.61064
166092631.578947 -1990712248014.29 -6218327335891.21 -25535.7988234001 -81083.803140969 3592999806.47656
169349349.845201 -2073870254826.33 -6482379142856.13 -25532.8336765555 -81074.5379333949 3592999806.37273
172606068.111455 -2157018992768.9 -6746401978120.09 -25530.1018818162 -81065.9964442721 3592999806.29148
175862786.377709 -2240159177455.72 -7010398062094.82 -25527.5769163242 -81058.0970015485 3592999806.22729
179119504.643963 -2323291444640.24 -7274369369136.28 -25525.2361318792 -81050.7697831301 3592999806.17611
182376222.910217 -2406416361679.22 -7538317662627.94 -25523.0600720709 -81043.9547420854 3592999806.13497
185632941.176471 -2489534437009.66 -7802244524023.26 -25521.0319289506 -81037.5999531651 3592999806.10164
188889659.442724 -2572646128038.59 -8066151377054.65 -25519.1371070663 -81031.6602840688 3592999806.07445
192146377.708978 -2655751847754.54 -8330039508043.51 -25517.3628708913 -81026.0963193859 3592999806.05212
195403095.975232 -2738851970301.31 -8593910083041.51 -25515.6980576094 -81020.8734828624 3592999806.03367
198659814.241486 -2821946835703.88 -8857764162378.73 -25514.1328415413 -81015.9613166093 3592999806.01832
201916532.50774 -2905036753896.39 -9121602713075.83 -25512.6585396931 -81011.3328854544 3592999806.0055
205173250.773994 -2988122008172.68 -9385426619485.7 -25511.2674502879 -81006.9642817951 3592999805.99472
208429969.040248 -3071202858155.71 -9649236692459.7 -25509.9527179304 -81002.8342117059 3592999805.98562
211686687.306501 -3154279542364.44 -9913033677277.1 -25508.7082204165 -80998.9236471559 3592999805.97789
214943405.572755 -3237352280441.72 -10176818260533 -25507.5284732392 -80995.2155323324 3592999805.97131
218200123.839009 -3320421275095.76 -10440591076144.6 -25506.4085486429 -80991.6945344966 3592999805.96568
221456842.105263 -3403486713798.06 -10704352710608 -25505.3440067063 -80988.3468316871 3592999805.96084
224713560.371517 -3486548770273.79 -10968103707615 -25504.3308364159 -80985.1599310625 3592999805.95667
227970278.637771 -3569607605814.13 -11231844572121.1 -25503.365405082 -80982.1225128472 3592999805.95306
231226996.904025 -3652663370435.67 -11495575773941.5 -25502.44441475 -80979.2242957635 3592999805.94992
234483715.170278 -3735716203907.7 -11759297750939.1 -25501.5648645033 -80976.4559205776 3592999805.94719
237740433.436532 -3818766236665.05 -12023010911858.4 -25500.72401775 -80973.8088489754 3592999805.94481
240997151.702786 -3901813590621.49 -12286715638853.1 -25499.9193737398 -80971.2752754644 3592999805.94271
244253869.96904 -3984858379896.4 -12550412289743.7 -25499.1486426882 -80968.8480503848 3592999805.94088
247510588.235294 -4067900711465.56 -12814101200041.8 -25498.4097239833 -80966.5206124291 3592999805.93925
250767306.501548 -4150940685745.36 -13077782684766.9 -25497.7006870417 -80964.2869293268 3592999805.93782
254024024.767802 -4233978397118.54 -13341457040083.1 -25497.0197544421 -80962.1414455649 3592999805.93655
257280743.034055 -4317013934408.24 -13605124544774.2 -25496.3652870285 -80960.079036189 3592999805.93543
260537461.300309 -4400047381306.35 -13868785461578.9 -25495.7357707196 -80958.0949658754 3592999805.93442
263794179.566563 -4483078816761.42 -14132440038398.4 -25495.1298047992 -80956.1848525856 3592999805.93353
267050897.832817 -4566108315330.57 -14396088509394.1 -25494.5460914995 -80954.3446352152 3592999805.93273
270307616.099071 -4649135947499.33 -14659731095984.2 -25493.9834267113 -80952.5705447352 3592999805.93202
273564334.365325 -4732161779972.94 -14923368007752.6 -25493.4406916831 -80950.8590783919 3592999805.93137
276821052.631579 -4815185875941.95 -15186999443277.7 -25492.9168455876 -80949.2069765955 3592999805.93079
280077770.897833 -4898208295324.99 -15450625590889.8 -25492.410918852 -80947.6112021743 3592999805.93027
283334489.164086 -4981229094990.86 -15714246629364.4 -25491.9220071619 -80946.0689217188 3592999805.9298
286591207.43034 -5064248328962.14 -15977862728558.3 -25491.4492660603 -80944.5774887715 3592999805.92938
289847925.696594 -5147266048602.02 -16241474049993.2 -25490.9919060753 -80943.1344286553 3592999805.92899
293104643.962848 -5230282302786.12 -16505080747392.4 -25490.5491883152 -80941.7374247553 3592999805.92864
296361362.229102 -5313297138060.6 -16768682967174.8 -25490.1204204814 -80940.3843060951 3592999805.92833
299618080.495356 -5396310598787.89 -17032280848911 -25489.7049532514 -80939.0730360669 3592999805.92804
302874798.76161 -5479322727281.26 -17295874525743.6 -25489.3021769948 -80937.8017021921 3592999805.92777
306131517.027864 -5562333563929.14 -17559464124776.2 -25488.9115187856 -80936.5685068049 3592999805.92754
309388235.294118 -5645343147310.12 -17823049767433.2 -25488.5324396801 -80935.3717585619 3592999805.92732
312644953.560371 -5728351514299.53 -18086631569793.4 -25488.1644322337 -80934.2098646951 3592999805.92712
315901671.826625 -5811358700168.32 -18350209642899 -25487.8070182327 -80933.0813239319 3592999805.92693
319158390.092879 -5894364738674.75 -18613784093043.3 -25487.4597466188 -80931.9847200172 3592999805.92676
322415108.359133 -5977369662149.76 -18877355022037.5 -25487.1221915882 -80930.9187157783 3592999805.92661
325671826.625387 -6060373501576.28 -19140922527459.5 -25486.7939508485 -80929.8820476798 3592999805.92647
328928544.891641 -6143376286663.2 -19404486702884.9 -25486.4746440174 -80928.8735208229 3592999805.92633
332185263.157895 -6226378045914.26 -19668047638103.7 -25486.1639111513 -80927.8920043464 3592999805.92621
335441981.424149 -6309378806692.4 -19931605419321.4 -25485.8614113899 -80926.9364271925 3592999805.9261
338698699.690403 -6392378595279.85 -20195160129347.2 -25485.5668217087 -80926.0057742053 3592999805.926
341955417.956656 -6475377436934.29 -20458711847770.5 -25485.2798357664 -80925.099082529 3592999805.9259
345212136.22291 -6558375355941.46 -20722260651125.7 -25485.0001628421 -80924.2154382831 3592999805.92582
348468854.489164 -6641372375664.39 -20985806613046.2 -25484.7275268516 -80923.3539734863 3592999805.92573
351725572.755418 -6724368518589.58 -21249349804409.7 -25484.4616654381 -80922.5138632109 3592999805.92566
354982291.021672 -6807363806370.28 -21512890293473.8 -25484.2023291288 -80921.6943229451 3592999805.92559
358239009.287926 -6890358259867.22 -21776428146003.4 -25483.9492805538 -80920.8946061477 3592999805.92552
361495727.55418 -6973351899186.79 -22039963425391.3 -25483.7022937208 -80920.114001978 3592999805.92546
364752445.820434 -7056344743716.99 -22303496192770.1 -25483.4611533413 -80919.3518331864 3592999805.92541
368009164.086688 -7139336812161.25 -22567026507119.1 -25483.2256542043 -80918.6074541536 3592999805.92535
371265882.352941 -7222328122570.33 -22830554425364 -25482.9956005933 -80917.8802490643 3592999805.9253
374522600.619195 -7305318692372.28 -23094080002470.8 -25482.7708057437 -80917.1696302074 3592999805.92526
377779318.885449 -7388308538400.81 -23357603291535.7 -25482.5510913361 -80916.4750363902 3592999805.92521
381036037.151703 -7471297676922.01 -23621124343867.9 -25482.3362870249 -80915.7959314597 3592999805.92517
384292755.417957 -7554286123659.57 -23884643209069.5 -25482.1262299969 -80915.1318029204 3592999805.92514
387549473.684211 -7637273893818.65 -24148159935110.6 -25481.9207645598 -80914.4821606444 3592999805.9251
390806191.950465 -7720261002108.43 -24411674568399.5 -25481.7197417569 -80913.8465356637 3592999805.92507
394062910.216719 -7803247462763.48 -24675187153850.3 -25481.523019007 -80913.2244790401 3592999805.92504
397319628.482973 -7886233289563.9 -24938697734946.2 -25481.3304597663 -80912.6155608077 3592999805.92501
400576346.749226 -7969218495854.55 -25202206353799.5 -25481.1419332127 -80912.0193689802 3592999805.92498
403833065.01548 -8052203094563.12 -25465713051209 -25480.9573139489 -80911.4355086215 3592999805.92496
407089783.281734 -8135187098217.38 -25729217866713.8 -25480.7764817239 -80910.8636009718 3592999805.92493
410346501.547988 -8218170518961.5 -25992720838644.7 -25480.5993211723 -80910.3032826283 3592999805.92491
413603219.814242 -8301153368571.56 -26256222004172.9 -25480.4257215677 -80909.7542047743 3592999805.92489
416859938.080496 -8384135658470.27 -26519721399356.5 -25480.2555765928 -80909.2160324547 3592999805.92487
420116656.34675 -8467117399740.98 -26783219059184.2 -25480.0887841211 -80908.6884438938 3592999805.92485
423373374.613004 -8550098603140.99 -27046715017617.4 -25479.9252460133 -80908.1711298538 3592999805.92483
426630092.879258 -8633079279114.2 -27310209307630.2 -25479.7648679238 -80907.6637930296 3592999805.92482
429886811.145511 -8716059437803.21 -27573701961246.9 -25479.6075591199 -80907.1661474788 3592999805.9248
433143529.411765 -8799039089060.75 -27837193009578.3 -25479.4532323097 -80906.677918084 3592999805.92478
436400247.678019 -8882018242460.68 -28100682482856.4 -25479.3018034811 -80906.198840045 3592999805.92477
439656965.944273 -8964996907308.37 -28364170410466.7 -25479.1531917488 -80905.7286584 3592999805.92476
442913684.210527 -9047975092650.65 -28627656820979.9 -25479.0073192102 -80905.2671275726 3592999805.92474
446170402.476781 -9130952807285.33 -28891141742181.5 -25478.8641108097 -80904.8140109436 3592999805.92473
449427120.743035 -9213930059770.26 -29154625201100.8 -25478.7234942088 -80904.3690804469 3592999805.92472
452683839.009289 -9296906858431.94 -29418107224037.2 -25478.5853996653 -80903.9321161858 3592999805.92471
455940557.275542 -9379883211373.81 -29681587836587.2 -25478.4497599169 -80903.5029060707 3592999805.9247
459197275.541796 -9462859126484.16 -29945067063668.7 -25478.3165100727 -80903.0812454759 3592999805.92469
462453993.80805 -9545834611443.65 -30208544929544.8 -25478.1855875091 -80902.6669369135 3592999805.92468
465710712.074304 -9628809673732.56 -30472021457846.8 -25478.0569317718 -80902.2597897252 3592999805.92467
468967430.340558 -9711784320637.7 -30735496671595.6 -25477.9304844828 -80901.8596197896 3592999805.92466
472224148.606812 -9794758559259.01 -30998970593223.1 -25477.8061892517 -80901.4662492442 3592999805.92466
475480866.873066 -9877732396515.91 -31262443244591.3 -25477.6839915921 -80901.0795062219 3592999805.92465
478737585.13932 -9960705839153.36 -31525914647012.3 -25477.5638388416 -80900.6992246002 3592999805.92464
481994303.405574 -10043678893747.7 -31789384821266 -25477.4456800865 -80900.3252437634 3592999805.92464
485251021.671827 -10126651566712.1 -32052853787617.9 -25477.3294660895 -80899.957408376 3592999805.92463
488507739.938081 -10209623864302.2 -32316321565836 -25477.2151492214 -80899.5955681677 3592999805.92462
491764458.204335 -10292595792621 -32579788175206.8 -25477.1026833958 -80899.2395777285 3592999805.92462
495021176.470589 -10375567357623.7 -32843253634551 -25476.9920240073 -80898.8892963137 3592999805.92461
498277894.736843 -10458538565122.6 -33106717962238.2 -25476.8831278726 -80898.5445876585 3592999805.92461
501534613.003097 -10541509420791.9 -33370181176201.2 -25476.7759531739 -80898.2053198008 3592999805.9246
504791331.269351 -10624479930171.3 -33633643293949.9 -25476.6704594055 -80897.8713649129 3592999805.9246
508048049.535605 -10707450098670.9 -33897104332584.5 -25476.5666073231 -80897.5425991408 3592999805.92459
511304767.801859 -10790419931575.1 -34160564308807.9 -25476.4643588944 -80897.218902451 3592999805.92459
514561486.068112 -10873389434046.1 -34424023238938.4 -25476.3636772531 -80896.9001584841 3592999805.92458
517818204.334366 -10956358611128 -34687481138920.8 -25476.2645266546 -80896.5862544157 3592999805.92458
521074922.60062 -11039327467750.2 -34950938024338.2 -25476.1668724335 -80896.2770808225 3592999805.92458
524331640.866874 -11122296008731 -35214393910422.8 -25476.070680963 -80895.9725315559 3592999805.92457
527588359.133128 -11205264238780.8 -35477848812066 -25475.9759196167 -80895.6725036196 3592999805.92457
530845077.399382 -11288232162505.3 -35741302743829.2 -25475.8825567313 -80895.376897054 3592999805.92457
534101795.665636 -11371199784408.4 -36004755719952.6 -25475.7905615717 -80895.085614825 3592999805.92456
537358513.93189 -11454167108895.8 -36268207754365.1 -25475.6999042967 -80894.7985627174 3592999805.92456
540615232.198143 -11537134140277.2 -36531658860693.5 -25475.6105559273 -80894.5156492336 3592999805.92456
543871950.464397 -11620100882769.1 -36795109052270.5 -25475.5224883154 -80894.2367854962 3592999805.92456
547128668.730651 -11703067340497.9 -37058558342143.9 -25475.4356741144 -80893.9618851549 3592999805.92455
550385386.996905 -11786033517502.2 -37322006743084 -25475.3500867506 -80893.6908642974 3592999805.92455
553642105.263159 -11868999417735.1 -37585454267591.6 -25475.2657003967 -80893.4236413636 3592999805.92455
556898823.529413 -11951965045067 -37848900927906 -25475.1824899451 -80893.1601370642 3592999805.92455
560155541.795666 -12034930403287.4 -38112346736011.5 -25475.1004309834 -80892.9002743017 3592999805.92454
563412260.06192 -12117895496107.7 -38375791703644.8 -25475.0194997702 -80892.6439780959 3592999805.92454
566668978.328174 -12200860327162.7 -38639235842302 -25474.9396732127 -80892.3911755109 3592999805.92454
569925696.594428 -12283824900013.4 -38902679163244.7 -25474.8609288441 -80892.1417955864 3592999805.92454
573182414.860682 -12366789218148.3 -39166121677506.7 -25474.7832448029 -80891.8957692712 3592999805.92454
576439133.126936 -12449753284985.7 -39429563395899.7 -25474.7065998126 -80891.6530293593 3592999805.92453
579695851.393189 -12532717103875.9 -39693004329019.6 -25474.6309731622 -80891.4135104286 3592999805.92453
582952569.659443 -12615680678102.1 -39956444487252.1 -25474.5563446876 -80891.1771487823 3592999805.92453
586209287.925697 -12698644010883 -40219883880778.1 -25474.4826947536 -80890.9438823925 3592999805.92453
589466006.191951 -12781607105374.3 -40483322519579.1 -25474.4100042366 -80890.7136508453 3592999805.92453
592722724.458205 -12864569964670 -40746760413442.7 -25474.3382545082 -80890.4863952893 3592999805.92453
595979442.724459 -12947532591804.2 -41010197571966.9 -25474.2674274194 -80890.2620583851 3592999805.92452
599236160.990712 -13030494989753 -41273634004565.6 -25474.1975052847 -80890.040584257 3592999805.92452
602492879.256966 -13113457161435.1 -41537069720473 -25474.1284708681 -80889.8219184469 3592999805.92452
605749597.52322 -13196419109714.3 -41800504728748.2 -25474.0603073684 -80889.6060078691 3592999805.92452
609006315.789474 -13279380837400.1 -42063939038279.6 -25473.9929984059 -80889.3928007678 3592999805.92452
612263034.055728 -13362342347249.3 -42327372657789.1 -25473.9265280092 -80889.1822466756 3592999805.92452
615519752.321982 -13445303641967.5 -42590805595836.3 -25473.8608806021 -80888.9742963734 3592999805.92452
618776470.588235 -13528264724209.9 -42854237860822.6 -25473.7960409923 -80888.7689018525 3592999805.92452
622033188.854489 -13611225596583.3 -43117669460994.8 -25473.7319943589 -80888.5660162771 3592999805.92451
625289907.120743 -13694186261646.4 -43381100404449.1 -25473.6687262414 -80888.3655939492 3592999805.92451
628546625.386997 -13777146721911.6 -43644530699134.8 -25473.606222529 -80888.1675902737 3592999805.92451
631803343.653251 -13860106979845.8 -43907960352857.6 -25473.5444694497 -80887.9719617259 3592999805.92451
635060061.919505 -13943067037871.7 -44171389373283 -25473.4834535605 -80887.7786658191 3592999805.92451
638316780.185758 -14026026898368.5 -44434817767940.1 -25473.4231617375 -80887.5876610742 3592999805.92451
641573498.452012 -14108986563673.5 -44698245544224.3 -25473.3635811664 -80887.3989069899 3592999805.92451
644830216.718266 -14191946036082.4 -44961672709400.7 -25473.3046993338 -80887.2123640136 3592999805.92451
648086934.98452 -14274905317851 -45225099270607.1 -25473.2465040178 -80887.0279935147 3592999805.92451
651343653.250774 -14357864411195.6 -45488525234857 -25473.1889832803 -80886.8457577569 3592999805.92451
654600371.517027 -14440823318293.8 -45751950609042.3 -25473.1321254581 -80886.6656198734 3592999805.92451
657857089.783281 -14523782041286.2 -46015375399936.5 -25473.0759191554 -80886.487543841 3592999805.92451
661113808.049535 -14606740582276.2 -46278799614196.7 -25473.0203532365 -80886.3114944572 3592999805.92451
664370526.315789 -14689698943331.6 -46542223258366.9 -25472.9654168175 -80886.137437316 3592999805.9245
667627244.582043 -14772657126485.2 -46805646338880.5 -25472.9110992601 -80885.965338786 3592999805.9245
670883962.848297 -14855615133735.4 -47069068862062.2 -25472.8573901645 -80885.7951659886 3592999805.9245
674140681.11455 -14938572967047.1 -47332490834131.2 -25472.8042793623 -80885.6268867772 3592999805.9245
677397399.380804 -15021530628352.7 -47595912261202.8 -25472.7517569107 -80885.4604697167 3592999805.9245
680654117.647058 -15104488119552.2 -47859333149291.4 -25472.699813086 -80885.295884064 3592999805.9245
683910835.913312 -15187445442514.7 -48122753504312.2 -25472.6484383774 -80885.1330997492 3592999805.9245
687167554.179566 -15270402599078.2 -48386173332083.6 -25472.5976234817 -80884.9720873571 3592999805.9245
690424272.44582 -15353359591051.1 -48649592638329.2 -25472.5473592973 -80884.8128181096 3592999805.9245
693680990.712073 -15436316420212.4 -48913011428679.9 -25472.4976369187 -80884.6552638482 3592999805.9245
696937708.978327 -15519273088312.4 -49176429708675.8 -25472.4484476316 -80884.4993970182 3592999805.9245
700194427.244581 -15602229597073.1 -49439847483768.5 -25472.3997829075 -80884.3451906518 3592999805.9245
703451145.510835 -15685185948189.4 -49703264759322.5 -25472.351634399 -80884.1926183527 3592999805.9245
706707863.777089 -15768142143329 -49966681540617.1 -25472.3039939346 -80884.0416542816 3592999805.9245
709964582.043343 -15851098184133.4 -50230097832848.7 -25472.2568535146 -80883.8922731408 3592999805.9245
713221300.309596 -15934054072218.4 -50493513641131.9 -25472.2102053065 -80883.7444501608 3592999805.9245
716478018.57585 -16017009809174.4 -50756928970501.5 -25472.1640416402 -80883.5981610859 3592999805.92449
719734736.842104 -16099965396567.1 -51020343825914.3 -25472.1183550045 -80883.4533821615 3592999805.92449
722991455.108358 -16182920835938.1 -51283758212250.4 -25472.0731380424 -80883.3100901211 3592999805.92449
726248173.374612 -16265876128805.2 -51547172134314.8 -25472.0283835477 -80883.1682621736 3592999805.92449
729504891.640866 -16348831276663 -51810585596839.3 -25471.9840844605 -80883.0278759913 3592999805.92449
732761609.907119 -16431786280983.2 -52073998604483.5 -25471.9402338643 -80882.8889096984 3592999805.92449
736018328.173373 -16514741143215.6 -52337411161836.6 -25471.8968249816 -80882.7513418594 3592999805.92449
739275046.439627 -16597695864787.6 -52600823273418.6 -25471.853851171 -80882.6151514682 3592999805.92449
742531764.705881 -16680650447105.7 -52864234943681.9 -25471.8113059236 -80882.4803179372 3592999805.92449
745788482.972135 -16763604891555.1 -53127646177012.4 -25471.7691828596 -80882.3468210873 3592999805.92449
749045201.238389 -16846559199500.5 -53391056977730.9 -25471.7274757253 -80882.2146411373 3592999805.92449
752301919.504642 -16929513372286.4 -53654467350094.6 -25471.6861783898 -80882.0837586948 3592999805.92449
755558637.770896 -17012467411237.7 -53917877298298 -25471.6452848423 -80881.954154746 3592999805.92449
758815356.03715 -17095421317659.7 -54181286826474.4 -25471.6047891888 -80881.8258106469 3592999805.92449
762072074.303404 -17178375092838.9 -54444695938696.8 -25471.5646856495 -80881.6987081145 3592999805.92449
765328792.569658 -17261328738042.9 -54708104638979.4 -25471.5249685561 -80881.5728292177 3592999805.92449
768585510.835912 -17344282254521.2 -54971512931278.6 -25471.485632349 -80881.4481563691 3592999805.92449
771842229.102165 -17427235643505.4 -55234920819493.8 -25471.4466715748 -80881.3246723167 3592999805.92449
775098947.368419 -17510188906209.4 -55498328307469 -25471.4080808836 -80881.2023601361 3592999805.92449
778355665.634673 -17593142043829.9 -55761735398993.6 -25471.3698550267 -80881.0812032226 3592999805.92449
781612383.900927 -17676095057546.6 -56025142097803.2 -25471.3319888542 -80880.9611852838 3592999805.92449
784869102.167181 -17759047948522.7 -56288548407581.2 -25471.2944773128 -80880.8422903324 3592999805.92449
788125820.433434 -17842000717905 -56551954331959.1 -25471.2573154433 -80880.7245026785 3592999805.92449
791382538.699688 -17924953366824.3 -56815359874518 -25471.2204983785 -80880.6078069236 3592999805.92449
794639256.965942 -18007905896395.8 -57078765038789.1 -25471.1840213414 -80880.4921879533 3592999805.92449
797895975.232196 -18090858307719.2 -57342169828255 -25471.1478796424 -80880.3776309307 3592999805.92449
801152693.49845 -18173810601879 -57605574246350.4 -25471.1120686781 -80880.2641212905 3592999805.92449
804409411.764704 -18256762779945.1 -57868978296463 -25471.0765839288 -80880.1516447324 3592999805.92449
807666130.030957 -18339714842972.4 -58132381981934.2 -25471.041420957 -80880.0401872154 3592999805.92449
810922848.297211 -18422666792001.9 -58395785306060.3 -25471.006575405 -80879.9297349517 3592999805.92449
814179566.563465 -18505618628060.3 -58659188272093.1 -25470.9720429938 -80879.8202744013 3592999805.92449
817436284.829719 -18588570352160.6 -58922590883240.4 -25470.9378195207 -80879.7117922661 3592999805.92449
820693003.095973 -18671521965302.1 -59185993142667.5 -25470.9039008579 -80879.6042754848 3592999805.92449
823949721.362227 -18754473468470.9 -59449395053497.1 -25470.870282951 -80879.4977112277 3592999805.92449
827206439.62848 -18837424862640 -59712796618811 -25470.8369618171 -80879.3920868912 3592999805.92449
830463157.894734 -18920376148769.5 -59976197841649.8 -25470.8039335431 -80879.2873900933 3592999805.92449
833719876.160988 -19003327327806.8 -60239598725014.5 -25470.7711942849 -80879.1836086685 3592999805.92449
836976594.427242 -19086278400687.1 -60502999271866.6 -25470.7387402648 -80879.0807306631 3592999805.92449
840233312.693496 -19169229368333.3 -60766399485129.2 -25470.7065677712 -80878.9787443307 3592999805.92449
843490030.95975 -19252180231656.1 -61029799367687.3 -25470.6746731561 -80878.8776381276 3592999805.92449
846746749.226003 -19335130991554.8 -61293198922388.7 -25470.6430528348 -80878.7774007085 3592999805.92449
850003467.492257 -19418081648916.8 -61556598152044.7 -25470.6117032835 -80878.6780209225 3592999805.92449
853260185.758511 -19501032204618.4 -61819997059430.3 -25470.5806210389 -80878.5794878084 3592999805.92449
856516904.024765 -19583982659524.6 -62083395647285.3 -25470.5498026963 -80878.4817905914 3592999805.92449
859773622.291019 -19666933014489.2 -62346793918314.8 -25470.5192449085 -80878.3849186783 3592999805.92449
863030340.557273 -19749883270355.6 -62610191875189.5 -25470.488944385 -80878.2888616545 3592999805.92449
866287058.823526 -19832833427956.2 -62873589520546.5 -25470.4588978902 -80878.1936092798 3592999805.92449
869543777.08978 -19915783488113.2 -63136986856990 -25470.4291022426 -80878.0991514849 3592999805.92449
872800495.356034 -19998733451638.3 -63400383887091.4 -25470.3995543136 -80878.0054783679 3592999805.92449
876057213.622288 -20081683319333.4 -63663780613390.4 -25470.3702510265 -80877.9125801905 3592999805.92449
879313931.888542 -20164633091990.1 -63927177038395 -25470.3411893552 -80877.8204473751 3592999805.92449
882570650.154796 -20247582770390.6 -64190573164582.5 -25470.3123663235 -80877.7290705013 3592999805.92449
885827368.421049 -20330532355307.2 -64453968994399.6 -25470.2837790038 -80877.6384403026 3592999805.92449
889084086.687303 -20413481847502.9 -64717364530263.2 -25470.255424516 -80877.5485476633 3592999805.92449
892340804.953557 -20496431247731.2 -64980759774560.6 -25470.2273000271 -80877.4593836156 3592999805.92449
895597523.219811 -20579380556736.8 -65244154729650.2 -25470.1994027495 -80877.3709393366 3592999805.92449
898854241.486065 -20662329775255 -65507549397862 -25470.1717299408 -80877.283206145 3592999805.92449
902110959.752319 -20745278904012.6 -65770943781497.8 -25470.1442789023 -80877.1961754987 3592999805.92449
905367678.018572 -20828227943727.3 -66034337882831.8 -25470.1170469786 -80877.109838992 3592999805.92449
908624396.284826 -20911176895108.6 -66297731704111.2 -25470.0900315564 -80877.0241883527 3592999805.92449
911881114.55108 -20994125758857.4 -66561125247556.4 -25470.0632300638 -80876.9392154394 3592999805.92449
915137832.817334 -21077074535666.1 -66824518515361.5 -25470.0366399696 -80876.8549122393 3592999805.92449
918394551.083588 -21160023226219.2 -67087911509694.6 -25470.0102587821 -80876.7712708651 3592999805.92449
921651269.349841 -21242971831193.1 -67351304232698.5 -25469.984084049 -80876.6882835532 3592999805.92449
924907987.616095 -21325920351256.2 -67614696686490.7 -25469.9581133558 -80876.6059426608 3592999805.92449
928164705.882349 -21408868787069 -67878088873164.2 -25469.932344326 -80876.5242406637 3592999805.92449
931421424.148603 -21491817139284.6 -68141480794787.6 -25469.9067746194 -80876.4431701541 3592999805.92449
934678142.414857 -21574765408548.3 -68404872453405.6 -25469.8814019321 -80876.3627238383 3592999805.92449
937934860.681111 -21657713595498 -68668263851039.2 -25469.8562239956 -80876.2828945344 3592999805.92449
941191578.947364 -21740661700764.4 -68931654989686.4 -25469.831238576 -80876.2036751704 3592999805.92449
944448297.213618 -21823609724970.7 -69195045871322.1 -25469.8064434735 -80876.1250587818 3592999805.92449
947705015.479872 -21906557668733.4 -69458436497899 -25469.7818365216 -80876.04703851 3592999805.92449
950961733.746126 -21989505532661.7 -69721826871347.4 -25469.7574155867 -80875.9696075997 3592999805.92449
954218452.01238 -22072453317357.9 -69985216993575.7 -25469.7331785673 -80875.8927593976 3592999805.92449
957475170.278634 -22155401023417.6 -70248606866471.1 -25469.7091233933 -80875.8164873499 3592999805.92449
960731888.544887 -22238348651429.7 -70511996491899.3 -25469.6852480257 -80875.740785001 3592999805.92449
963988606.811141 -22321296201976.6 -70775385871705.3 -25469.6615504559 -80875.6656459911 3592999805.92449
967245325.077395 -22404243675633.9 -71038775007713.5 -25469.6380287049 -80875.591064055 3592999805.92449
970502043.343649 -22487191072971.2 -71302163901728.1 -25469.6146808232 -80875.5170330198 3592999805.92449
973758761.609903 -22570138394551.6 -71565552555533.2 -25469.5915048899 -80875.4435468038 3592999805.92449
977015479.876157 -22653085640931.8 -71828940970893.5 -25469.5684990124 -80875.3705994141 3592999805.92449
980272198.14241 -22736032812662.8 -72092329149554.1 -25469.5456613255 -80875.2981849456 3592999805.92449
983528916.408664 -22818979910289.3 -72355717093241 -25469.5229899915 -80875.2262975793 3592999805.92449
986785634.674918 -22901926934350 -72619104803661.6 -25469.5004831992 -80875.1549315804 3592999805.92449
990042352.941172 -22984873885377.9 -72882492282504.4 -25469.4781391636 -80875.084081297 3592999805.92449
993299071.207426 -23067820763900.3 -73145879531440.1 -25469.4559561256 -80875.0137411588 3592999805.92449
996555789.47368 -23150767570438.6 -73409266552121 -25469.4339323512 -80874.9439056752 3592999805.92449
999812507.739933 -23233714305508.6 -73672653346181.8 -25469.4120661311 -80874.8745694342 3592999805.92449
1003069226.00619 -23316660969620.8 -73936039915239.7 -25469.3903557807 -80874.8057271011 3592999805.92449
1006325944.27244 -23399607563280 -74199426260894.6 -25469.3687996391 -80874.7373734167 3592999805.92449
1009582662.53869 -23482554086985.9 -74462812384729.5 -25469.3473960689 -80874.6695031962 3592999805.92449
1012839380.80495 -23565500541232.6 -74726198288310.5 -25469.3261434559 -80874.6021113281 3592999805.92449
1016096099.0712 -23648446926509.2 -74989583973187.3 -25469.3050402086 -80874.5351927726 3592999805.92449
1019352817.33746 -23731393243299.5 -75252969440893.1 -25469.2840847577 -80874.4687425603 3592999805.92449
1022609535.60371 -23814339492082.4 -75516354692945.3 -25469.2632755559 -80874.4027557915 3592999805.92449
1025866253.86996 -23897285673331.7 -75779739730845.3 -25469.2426110774 -80874.3372276341 3592999805.92449
1029122972.13622 -23980231787516.2 -76043124556078.8 -25469.2220898175 -80874.2721533235 3592999805.92449
1032379690.40247 -24063177835099.9 -76306509170116.3 -25469.2017102923 -80874.2075281605 3592999805.92449
1035636408.66873 -24146123816542.1 -76569893574412.9 -25469.1814710385 -80874.1433475107 3592999805.92449
1038893126.93498 -24229069732297.2 -76833277770408.8 -25469.1613706126 -80874.0796068031 3592999805.92449
1042149845.20123 -24312015582814.9 -77096661759529.5 -25469.141407591 -80874.0163015294 3592999805.92449
1045406563.46749 -24394961368540.6 -77360045543185.7 -25469.1215805695 -80873.9534272425 3592999805.92449
1048663281.73374 -24477907089914.8 -77623429122773.9 -25469.101888163 -80873.8909795557 3592999805.92449
1051919999.99999 -24560852747373.8 -77886812499676.4 -25469.0823290049 -80873.8289541417 3592999805.92449
1055176718.26625 -24643798341349.2 -78150195675261.4 -25469.0629017474 -80873.7673467315 3592999805.92449
1058433436.5325 -24726743872268.5 -78413578650883.3 -25469.0436050606 -80873.7061531134 3592999805.92449
1061690154.79876 -24809689340554.8 -78676961427883.1 -25469.0244376325 -80873.6453691321 3592999805.92449
1064946873.06501 -24892634746626.8 -78940344007588 -25469.0053981685 -80873.5849906878 3592999805.92449
1068203591.33126 -24975580090899.4 -79203726391312.1 -25468.9864853913 -80873.5250137353 3592999805.92449
1071460309.59752 -25058525373782.9 -79467108580356.6 -25468.9676980407 -80873.4654342829 3592999805.92449
1074717027.86377 -25141470595683.9 -79730490576009.5 -25468.9490348728 -80873.4062483917 3592999805.92449
1077973746.13003 -25224415757004.7 -79993872379546.2 -25468.9304946605 -80873.3474521746 3592999805.92449
1081230464.39628 -25307360858143.8 -80257253992229.6 -25468.9120761926 -80873.2890417956 3592999805.92448
1084487182.66253 -25390305899495.8 -80520635415309.9 -25468.8937782737 -80873.2310134689 3592999805.92448
1087743900.92879 -25473250881451.4 -80784016650025.3 -25468.8755997242 -80873.1733634581 3592999805.92448
1091000619.19504 -25556195804397.3 -81047397697602 -25468.8575393796 -80873.1160880752 3592999805.92448
1094257337.4613 -25639140668716.7 -81310778559253.9 -25468.8395960907 -80873.0591836801 3592999805.92448
1097514055.72755 -25722085474788.9 -81574159236183.4 -25468.821768723 -80873.0026466798 3592999805.92448
1100770773.9938 -25805030222989.6 -81837539729581.3 -25468.8040561568 -80872.9464735274 3592999805.92448
1104027492.26006 -25887974913691 -82100920040626.8 -25468.7864572867 -80872.8906607215 3592999805.92448
1107284210.52631 -25970919547261.4 -82364300170487.8 -25468.7689710212 -80872.8352048056 3592999805.92448
1110540928.79256 -26053864124065.9 -82627680120321 -25468.7515962831 -80872.7801023672 3592999805.92448
1113797647.05882 -26136808644465.9 -82891059891272.1 -25468.7343320087 -80872.7253500372 3592999805.92448
1117054365.32507 -26219753108819.5 -83154439484475.9 -25468.7171771478 -80872.6709444892 3592999805.92448
1120311083.59133 -26302697517481.3 -83417818901056.3 -25468.7001306635 -80872.6168824387 3592999805.92448
1123567801.85758 -26385641870802.6 -83681198142126.8 -25468.683191532 -80872.5631606427 3592999805.92448
1126824520.12383 -26468586169131.3 -83944577208790.3 -25468.6663587422 -80872.5097758988 3592999805.92448
1130081238.39009 -26551530412812.2 -84207956102139.2 -25468.6496312959 -80872.4567250447 3592999805.92448
1133337956.65634 -26634474602186.8 -84471334823255.9 -25468.6330082071 -80872.4040049575 3592999805.92448
1136594674.9226 -26717418737593.2 -84734713373212.5 -25468.6164885022 -80872.3516125531 3592999805.92448
1139851393.18885 -26800362819366.6 -84998091753071.3 -25468.6000712198 -80872.2995447858 3592999805.92448
1143108111.4551 -26883306847839 -85261469963884.6 -25468.58375541 -80872.2477986474 3592999805.92448
1146364829.72136 -26966250823339.4 -85524848006695 -25468.5675401351 -80872.1963711666 3592999805.92448
1149621547.98761 -27049194746193.7 -85788225882535.4 -25468.5514244686 -80872.145259409 3592999805.92448
1152878266.25387 -27132138616724.8 -86051603592429.5 -25468.5354074954 -80872.0944604756 3592999805.92448
1156134984.52012 -27215082435252.5 -86314981137391.2 -25468.5194883115 -80872.0439715033 3592999805.92448
1159391702.78637 -27298026202094 -86578358518425.4 -25468.5036660242 -80871.9937896634 3592999805.92448
1162648421.05263 -27380969917563.3 -86841735736527.9 -25468.4879397514 -80871.9439121618 3592999805.92448
1165905139.31888 -27463913581971.8 -87105112792685.2 -25468.4723086216 -80871.8943362382 3592999805.92448
1169161857.58514 -27546857195627.8 -87368489687875.1 -25468.456771774 -80871.8450591653 3592999805.92448
1172418575.85139 -27629800758837.1 -87631866423066.4 -25468.4413283581 -80871.7960782488 3592999805.92448
1175675294.11764 -27712744271902.5 -87895242999219.3 -25468.4259775336 -80871.7473908267 3592999805.92448
1178932012.3839 -27795687735124.2 -88158619417285.3 -25468.4107184702 -80871.6989942688 3592999805.92448
1182188730.65015 -27878631148799.8 -88421995678207.5 -25468.3955503475 -80871.6508859762 3592999805.92448
1185445448.91641 -27961574513224.1 -88685371782920.4 -25468.3804723549 -80871.6030633809 3592999805.92448
1188702167.18266 -28044517828689.2 -88948747732350.3 -25468.3654836915 -80871.5555239452 3592999805.92448
1191958885.44891 -28127461095484.9 -89212123527415.4 -25468.3505835656 -80871.5082651615 3592999805.92448
1195215603.71517 -28210404313898.2 -89475499169025.6 -25468.3357711951 -80871.4612845518 3592999805.92448
1198472321.98142 -28293347484213.6 -89738874658082.8 -25468.3210458069 -80871.4145796668 3592999805.92448
1201729040.24768 -28376290606713.2 -90002249995481.1 -25468.306406637 -80871.3681480864 3592999805.92448
1204985758.51393 -28459233681676.5 -90265625182106.6 -25468.2918529303 -80871.3219874184 3592999805.92448
1208242476.78018 -28542176709380.6 -90529000218837.7 -25468.2773839406 -80871.2760952986 3592999805.92448
1211499195.04644 -28625119690100.3 -90792375106545.2 -25468.2629989304 -80871.2304693899 3592999805.92448
1214755913.31269 -28708062624107.7 -91055749846092.3 -25468.2486971704 -80871.1851073828 3592999805.92448
1218012631.57895 -28791005511673 -91319124438334.8 -25468.2344779401 -80871.1400069939 3592999805.92448
1221269349.8452 -28873948353063.6 -91582498884121 -25468.2203405271 -80871.0951659665 3592999805.92448
1224526068.11145 -28956891148545 -91845873184291.9 -25468.2062842273 -80871.0505820694 3592999805.92448
1227782786.37771 -29039833898380.1 -92109247339681.2 -25468.1923083444 -80871.0062530972 3592999805.92448
1231039504.64396 -29122776602829.7 -92372621351115.8 -25468.1784121903 -80870.9621768696 3592999805.92448
1234296222.91021 -29205719262152.3 -92635995219415.2 -25468.1645950848 -80870.9183512309 3592999805.92448
1237552941.17647 -29288661876604.3 -92899368945391.9 -25468.150856355 -80870.8747740502 3592999805.92448
1240809659.44272 -29371604446439.8 -93162742529851.8 -25468.1371953361 -80870.8314432203 3592999805.92448
1244066377.70898 -29454546971910.9 -93426115973593.6 -25468.1236113705 -80870.788356658 3592999805.92448
1247323095.97523 -29537489453267.5 -93689489277409.6 -25468.110103808 -80870.7455123035 3592999805.92448
1250579814.24148 -29620431890757.3 -93952862442085.3 -25468.0966720059 -80870.7029081201 3592999805.92448
1253836532.50774 -29703374284625.9 -94216235468399.5 -25468.0833153285 -80870.6605420939 3592999805.92448
1257093250.77399 -29786316635117.1 -94479608357124.6 -25468.0700331472 -80870.6184122332 3592999805.92448
1260349969.04025 -29869258942472.5 -94742981109026.5 -25468.0568248406 -80870.5765165687 3592999805.92448
1263606687.3065 -29952201206931.6 -95006353724864.7 -25468.043689794 -80870.534853153 3592999805.92448
1266863405.57275 -30035143428732 -95269726205392.5 -25468.0306273994 -80870.49342006 3592999805.92448
1270120123.83901 -30118085608109.3 -95533098551356.8 -25468.0176370558 -80870.4522153851 3592999805.92448
1273376842.10526 -30201027745297.3 -95796470763498.5 -25468.0047181686 -80870.4112372442 3592999805.92448
1276633560.37152 -30283969840527.7 -96059842842552.3 -25467.9918701498 -80870.3704837745 3592999805.92448
1279890278.63777 -30366911894030.2 -96323214789246.9 -25467.9790924178 -80870.329953133 3592999805.92448
1283146996.90402 -30449853906033 -96586586604304.9 -25467.9663843974 -80870.2896434971 3592999805.92448
1286403715.17028 -30532795876762.1 -96849958288443.2 -25467.9537455196 -80870.249553064 3592999805.92448
1289660433.43653 -30615737806441.8 -97113329842372.9 -25467.9411752217 -80870.2096800503 3592999805.92449
1292917151.70279 -30698679695294.4 -97376701266799 -25467.9286729468 -80870.1700226922 3592999805.92449
1296173869.96904 -30781621543540.7 -97640072562421 -25467.9162381444 -80870.1305792445 3592999805.92449
1299430588.23529 -30864563351399.4 -97903443729932.8 -25467.9038702697 -80870.0913479812 3592999805.92449
1302687306.50155 -30947505119087.8 -98166814770022.7 -25467.8915687837 -80870.0523271945 3592999805.92448
1305944024.7678 -31030446846821 -98430185683373.3 -25467.8793331532 -80870.0135151951 3592999805.92449
1309200743.03406 -31113388534812.7 -98693556470661.8 -25467.867162851 -80869.9749103116 3592999805.92448
1312457461.30031 -31196330183274.9 -98956927132560.1 -25467.855057355 -80869.9365108905 3592999805.92448
1315714179.56656 -31279271792417.7 -99220297669734.7 -25467.843016149 -80869.8983152958 3592999805.92448
1318970897.83282 -31362213362449.7 -99483668082846.7 -25467.8310387223 -80869.8603219087 3592999805.92448
1322227616.09907 -31445154893577.8 -99747038372552 -25467.8191245693 -80869.8225291277 3592999805.92449
1325484334.36533 -31528096386007.1 -100010408539501 -25467.8072731899 -80869.7849353681 3592999805.92448
1328741052.63158 -31611037839941.4 -100273778584340 -25467.7954840895 -80869.7475390617 3592999805.92448
1331997770.89783 -31693979255582.7 -100537148507710 -25467.7837567781 -80869.710338657 3592999805.92448
1335254489.16409 -31776920633131.4 -100800518310245 -25467.7720907715 -80869.6733326186 3592999805.92448
1338511207.43034 -31859861972786.3 -101063887992576 -25467.7604855899 -80869.6365194269 3592999805.92448
1341767925.6966 -31942803274744.9 -101327257555328 -25467.7489407591 -80869.5998975785 3592999805.92449
1345024643.96285 -32025744539202.8 -101590626999124 -25467.7374558093 -80869.5634655852 3592999805.92448
1348281362.2291 -32108685766354.4 -101853996324578 -25467.726030276 -80869.5272219745 3592999805.92448
1351538080.49536 -32191626956392.3 -102117365532301 -25467.7146636991 -80869.4911652889 3592999805.92448
1354794798.76161 -32274568109507.9 -102380734622900 -25467.7033556235 -80869.4552940858 3592999805.92448
1358051517.02786 -32357509225890.9 -102644103596977 -25467.6921055987 -80869.4196069378 3592999805.92448
1361308235.29412 -32440450305729.7 -102907472455129 -25467.6809131788 -80869.3841024317 3592999805.92448
1364564953.56037 -32523391349211.1 -103170841197948 -25467.6697779224 -80869.3487791689 3592999805.92448
1367821671.82663 -32606332356520.7 -103434209826023 -25467.6586993928 -80869.3136357651 3592999805.92448
1371078390.09288 -32689273327842.3 -103697578339936 -25467.6476771574 -80869.27867085 3592999805.92448
1374335108.35913 -32772214263358.7 -103960946740267 -25467.6367107884 -80869.2438830672 3592999805.92448
1377591826.62539 -32855155163251.2 -104224315027591 -25467.625799862 -80869.2092710739 3592999805.92448
1380848544.89164 -32938096027699.5 -104487683202478 -25467.6149439588 -80869.1748335411 3592999805.92448
1384105263.1579 -33021036856882.3 -104751051265494 -25467.6041426636 -80869.1405691528 3592999805.92448
1387361981.42415 -33103977650976.6 -105014419217200 -25467.5933955653 -80869.1064766066 3592999805.92448
1390618699.6904 -33186918410158.4 -105277787058155 -25467.5827022572 -80869.0725546128 3592999805.92448
1393875417.95666 -33269859134602.1 -105541154788911 -25467.5720623362 -80869.0388018947 3592999805.92448
1397132136.22291 -33352799824481 -105804522410018 -25467.5614754036 -80869.0052171884 3592999805.92448
1400388854.48917 -33435740479967 -106067889922021 -25467.5509410645 -80868.9717992424 3592999805.92448
1403645572.75542 -33518681101230.7 -106331257325461 -25467.540458928 -80868.9385468177 3592999805.92448
1406902291.02167 -33601621688441.6 -106594624620876 -25467.5300286069 -80868.9054586876 3592999805.92448
1410159009.28793 -33684562241767.6 -106857991808797 -25467.519649718 -80868.8725336373 3592999805.92448
1413415727.55418 -33767502761375.8 -107121358889755 -25467.5093218817 -80868.839770464 3592999805.92448
1416672445.82044 -33850443247431.8 -107384725864274 -25467.4990447223 -80868.8071679769 3592999805.92448
1419929164.08669 -33933383700099.9 -107648092732876 -25467.4888178678 -80868.7747249966 3592999805.92448
1423185882.35294 -34016324119543.5 -107911459496079 -25467.4786409495 -80868.7424403554 3592999805.92448
1426442600.6192 -34099264505924.5 -108174826154396 -25467.4685136027 -80868.7103128968 3592999805.92449
1429699318.88545 -34182204859403.9 -108438192708337 -25467.458435466 -80868.6783414757 3592999805.92449
1432956037.15171 -34265145180141.3 -108701559158409 -25467.4484061816 -80868.6465249579 3592999805.92449
1436212755.41796 -34348085468295.1 -108964925505114 -25467.4384253951 -80868.6148622205 3592999805.92449
1439469473.68421 -34431025724022.9 -109228291748951 -25467.4284927556 -80868.583352151 3592999805.92449
1442726191.95047 -34513965947480.8 -109491657890417 -25467.4186079154 -80868.551993648 3592999805.92449
1445982910.21672 -34596906138823.9 -109755023930001 -25467.4087705305 -80868.5207856204 3592999805.92449
1449239628.48298 -34679846298206.2 -110018389868194 -25467.3989802598 -80868.4897269876 3592999805.92449
1452496346.74923 -34762786425780.6 -110281755705479 -25467.3892367656 -80868.4588166794 3592999805.92449
1455753065.01548 -34845726521699 -110545121442338 -25467.3795397136 -80868.4280536358 3592999805.92449
1459009783.28174 -34928666586111.9 -110808487079248 -25467.3698887723 -80868.3974368068 3592999805.92449
1462266501.54799 -35011606619169.1 -111071852616686 -25467.3602836138 -80868.3669651524 3592999805.92449
1465523219.81425 -35094546621019.1 -111335218055120 -25467.3507239129 -80868.3366376424 3592999805.92449
1468779938.0805 -35177486591809.4 -111598583395020 -25467.3412093478 -80868.3064532564 3592999805.92449
1472036656.34675 -35260426531686.5 -111861948636849 -25467.3317395994 -80868.2764109836 3592999805.92449
1475293374.61301 -35343366440795.9 -112125313781069 -25467.3223143519 -80868.2465098226 3592999805.92449
1478550092.87926 -35426306319281.9 -112388678828138 -25467.3129332924 -80868.2167487815 3592999805.92449
1481806811.14551 -35509246167288 -112652043778510 -25467.3035961106 -80868.1871268776 3592999805.92449
1485063529.41177 -35592185984956.6 -112915408632638 -25467.2943024996 -80868.1576431374 3592999805.92449
1488320247.67802 -35675125772429 -113178773390969 -25467.2850521551 -80868.1282965964 3592999805.92449
1491576965.94428 -35758065529845.8 -113442138053948 -25467.2758447755 -80868.0990862993 3592999805.92449
1494833684.21053 -35841005257346.2 -113705502622019 -25467.2666800623 -80868.0700112992 3592999805.92449
1498090402.47678 -35923944955068.8 -113968867095619 -25467.2575577195 -80868.0410706584 3592999805.92449
1501347120.74304 -36006884623151.1 -114232231475186 -25467.2484774539 -80868.0122634477 3592999805.92449
1504603839.00929 -36089824261729.6 -114495595761151 -25467.2394389752 -80867.9835887462 3592999805.92449
1507860557.27555 -36172763870940.1 -114758959953946 -25467.2304419954 -80867.9550456418 3592999805.92449
1511117275.5418 -36255703450917.1 -115022324053996 -25467.2214862295 -80867.9266332307 3592999805.92449
1514373993.80805 -36338643001794.4 -115285688061728 -25467.2125713948 -80867.8983506171 3592999805.92449
1517630712.07431 -36421582523704.9 -115549051977560 -25467.2036972114 -80867.8701969136 3592999805.92449
1520887430.34056 -36504522016780.4 -115812415801913 -25467.1948634019 -80867.8421712409 3592999805.92449
1524144148.60682 -36587461481152.2 -116075779535202 -25467.1860696913 -80867.8142727275 3592999805.92449
1527400866.87307 -36670400916950.2 -116339143177838 -25467.1773158072 -80867.7865005099 3592999805.92449
1530657585.13932 -36753340324303.7 -116602506730233 -25467.1686014796 -80867.7588537325 3592999805.92449
1533914303.40558 -36836279703341.2 -116865870192794 -25467.1599264411 -80867.7313315471 3592999805.92449
1537171021.67183 -36919219054190.2 -117129233565924 -25467.1512904265 -80867.7039331135 3592999805.92449
1540427739.93809 -37002158376977.3 -117392596850025 -25467.142693173 -80867.6766575988 3592999805.92449
1543684458.20434 -37085097671828.3 -117655960045497 -25467.1341344203 -80867.6495041776 3592999805.92449
1546941176.47059 -37168036938868.2 -117919323152735 -25467.1256139104 -80867.622472032 3592999805.92449
1550197894.73685 -37250976178221.1 -118182686172134 -25467.1171313873 -80867.5955603512 3592999805.92449
1553454613.0031 -37333915390010.4 -118446049104084 -25467.1086865978 -80867.5687683316 3592999805.92449
1556711331.26936 -37416854574358.5 -118709411948974 -25467.1002792905 -80867.5420951771 3592999805.92449
1559968049.53561 -37499793731387 -118972774707189 -25467.0919092164 -80867.5155400981 3592999805.92449
1563224767.80186 -37582732861216.8 -119236137379113 -25467.0835761287 -80867.4891023125 3592999805.92449
1566481486.06812 -37665671963968.1 -119499499965127 -25467.0752797828 -80867.4627810447 3592999805.92449
1569738204.33437 -37748611039759.9 -119762862465608 -25467.0670199363 -80867.436575526 3592999805.92449
1572994922.60063 -37831550088710.9 -120026224880933 -25467.0587963487 -80867.4104849947 3592999805.92449
1576251640.86688 -37914489110938.7 -120289587211474 -25467.0506087818 -80867.3845086956 3592999805.92449
1579508359.13313 -37997428106560.2 -120552949457603 -25467.0424569996 -80867.3586458799 3592999805.92449
1582765077.39939 -38080367075691.6 -120816311619688 -25467.0343407677 -80867.3328958056 3592999805.92449
1586021795.66564 -38163306018448.3 -121079673698095 -25467.0262598543 -80867.3072577372 3592999805.92449
1589278513.9319 -38246244934945 -121343035693187 -25467.0182140293 -80867.2817309453 3592999805.92449
1592535232.19815 -38329183825295.5 -121606397605326 -25467.0102030645 -80867.256314707 3592999805.92449
1595791950.4644 -38412122689613 -121869759434870 -25467.002226734 -80867.2310083057 3592999805.92449
1599048668.73066 -38495061528009.9 -122133121182176 -25466.9942848136 -80867.2058110308 3592999805.92449
1602305386.99691 -38578000340597.9 -122396482847599 -25466.986377081 -80867.180722178 3592999805.92449
1605562105.26316 -38660939127488.1 -122659844431490 -25466.9785033161 -80867.1557410489 3592999805.92449
1608818823.52942 -38743877888790.7 -122923205934199 -25466.9706633004 -80867.1308669513 3592999805.92449
1612075541.79567 -38826816624615.2 -123186567356073 -25466.9628568173 -80867.1060991986 3592999805.92449
1615332260.06193 -38909755335070.5 -123449928697458 -25466.9550836522 -80867.0814371104 3592999805.92449
1618588978.32818 -38992694020264.7 -123713289958697 -25466.9473435922 -80867.0568800118 3592999805.92449
1621845696.59443 -39075632680305.4 -123976651140130 -25466.9396364264 -80867.0324272338 3592999805.92449
1625102414.86069 -39158571315299.2 -124240012242097 -25466.9319619453 -80867.008078113 3592999805.92449
1628359133.12694 -39241509925352.4 -124503373264933 -25466.9243199416 -80866.9838319917 3592999805.92449
1631615851.3932 -39324448510570.4 -124766734208973 -25466.9167102094 -80866.9596882177 3592999805.92449
1634872569.65945 -39407387071057.9 -125030095074549 -25466.9091325449 -80866.9356461442 3592999805.92449
1638129287.9257 -39490325606919 -125293455861992 -25466.9015867457 -80866.9117051301 3592999805.92449
1641386006.19196 -39573264118257.1 -125556816571629 -25466.8940726112 -80866.8878645394 3592999805.92449
1644642724.45821 -39656202605175.2 -125820177203787 -25466.8865899425 -80866.8641237415 3592999805.92449
1647899442.72447 -39739141067775.2 -126083537758790 -25466.8791385424 -80866.8404821112 3592999805.92448
1651156160.99072 -39822079506158.9 -126346898236959 -25466.8717182153 -80866.8169390284 3592999805.92448
1654412879.25697 -39905017920426.9 -126610258638615 -25466.8643287672 -80866.7934938782 3592999805.92448
1657669597.52323 -39987956310679.6 -126873618964075 -25466.8569700058 -80866.7701460507 3592999805.92448
1660926315.78948 -40070894677016.6 -127136979213655 -25466.8496417402 -80866.7468949411 3592999805.92448
1664183034.05574 -40153833019536.9 -127400339387669 -25466.8423437814 -80866.7237399498 3592999805.92448
1667439752.32199 -40236771338338.9 -127663699486431 -25466.8350759416 -80866.7006804819 3592999805.92448
1670696470.58824 -40319709633520.3 -127927059510248 -25466.8278380349 -80866.6777159474 3592999805.92448
1673953188.8545 -40402647905178.5 -128190419459431 -25466.8206298765 -80866.6548457613 3592999805.92448
1677209907.12075 -40485586153409.9 -128453779334284 -25466.8134512836 -80866.6320693434 3592999805.92448
1680466625.38701 -40568524378310.5 -128717139135113 -25466.8063020746 -80866.6093861181 3592999805.92449
1683723343.65326 -40651462579975.8 -128980498862220 -25466.7991820694 -80866.5867955146 3592999805.92449
1686980061.91951 -40734400758500.6 -129243858515906 -25466.7920910894 -80866.5642969667 3592999805.92449
1690236780.18577 -40817338913979 -129507218096470 -25466.7850289576 -80866.5418899129 3592999805.92449
1693493498.45202 -40900277046504.8 -129770577604208 -25466.7779954981 -80866.5195737961 3592999805.92449
1696750216.71828 -40983215156171.1 -130033937039417 -25466.7709905368 -80866.4973480639 3592999805.92448
1700006934.98453 -41066153243070.4 -130297296402388 -25466.7640139008 -80866.4752121682 3592999805.92449
1703263653.25078 -41149091307294.6 -130560655693416 -25466.7570654186 -80866.4531655654 3592999805.92449
1706520371.51704 -41232029348935.1 -130824014912788 -25466.7501449201 -80866.4312077163 3592999805.92449
1709777089.78329 -41314967368082.9 -131087374060793 -25466.7432522366 -80866.4093380861 3592999805.92449
1713033808.04955 -41397905364828.3 -131350733137718 -25466.7363872008 -80866.387556144 3592999805.92449
1716290526.3158 -41480843339260.9 -131614092143848 -25466.7295496466 -80866.3658613638 3592999805.92448
1719547244.58205 -41563781291470.1 -131877451079465 -25466.7227394094 -80866.3442532232 3592999805.92449
1722803962.84831 -41646719221544.5 -132140809944851 -25466.7159563257 -80866.3227312043 3592999805.92449
1726060681.11456 -41729657129572.3 -132404168740285 -25466.7092002334 -80866.3012947933 3592999805.92448
1729317399.38082 -41812595015641.2 -132667527466045 -25466.7024709719 -80866.2799434803 3592999805.92448
1732574117.64707 -41895532879838.2 -132930886122409 -25466.6957683815 -80866.2586767595 3592999805.92449
1735830835.91332 -41978470722250 -133194244709649 -25466.6890923039 -80866.2374941294 3592999805.92449
1739087554.17958 -42061408542962.6 -133457603228040 -25466.6824425823 -80866.2163950919 3592999805.92449
1742344272.44583 -42144346342061.7 -133720961677853 -25466.6758190608 -80866.1953791533 3592999805.92449
1745600990.71208 -42227284119632.3 -133984320059357 -25466.6692215848 -80866.1744458236 3592999805.92449
1748857708.97834 -42310221875759 -134247678372822 -25466.6626500011 -80866.1535946167 3592999805.92449
1752114427.24459 -42393159610525.8 -134511036618512 -25466.6561041575 -80866.1328250501 3592999805.92449
1755371145.51085 -42476097324016.4 -134774394796695 -25466.649583903 -80866.1121366454 3592999805.92449
1758627863.7771 -42559035016313.8 -135037752907633 -25466.643089088 -80866.0915289277 3592999805.92449
1761884582.04335 -42641972687500.7 -135301110951588 -25466.6366195637 -80866.0710014259 3592999805.92449
1765141300.30961 -42724910337659.1 -135564468928820 -25466.6301751828 -80866.0505536726 3592999805.92449
1768398018.57586 -42807847966870.7 -135827826839590 -25466.6237557989 -80866.0301852037 3592999805.92449
1771654736.84212 -42890785575216.7 -136091184684153 -25466.617361267 -80866.0098955592 3592999805.92449
1774911455.10837 -42973723162777.8 -136354542462767 -25466.6109914429 -80865.9896842823 3592999805.92449
1778168173.37462 -43056660729634.2 -136617900175685 -25466.6046461836 -80865.9695509198 3592999805.92449
1781424891.64088 -43139598275865.7 -136881257823160 -25466.5983253475 -80865.9494950221 3592999805.92449
1784681609.90713 -43222535801551.6 -137144615405445 -25466.5920287937 -80865.9295161428 3592999805.92449
1787938328.17339 -43305473306770.7 -137407972922789 -25466.5857563826 -80865.9096138392 3592999805.92449
1791195046.43964 -43388410791601.5 -137671330375441 -25466.5795079756 -80865.8897876719 3592999805.92449
1794451764.70589 -43471348256121.9 -137934687763648 -25466.5732834351 -80865.8700372047 3592999805.92449
1797708482.97215 -43554285700409.4 -138198045087656 -25466.5670826246 -80865.850362005 3592999805.92449
1800965201.2384 -43637223124541 -138461402347709 -25466.5609054088 -80865.8307616433 3592999805.92449
1804221919.50466 -43720160528593.5 -138724759544051 -25466.5547516532 -80865.8112356933 3592999805.92449
1807478637.77091 -43803097912642.9 -138988116676923 -25466.5486212243 -80865.7917837321 3592999805.92449
1810735356.03716 -43886035276765 -139251473746565 -25466.5425139899 -80865.7724053399 3592999805.92449
1813992074.30342 -43968972621035.2 -139514830753217 -25466.5364298185 -80865.7531001002 3592999805.92449
1817248792.56967 -44051909945528.3 -139778187697115 -25466.5303685796 -80865.7338675995 3592999805.92449
1820505510.83593 -44134847250318.9 -140041544578497 -25466.524330144 -80865.7147074274 3592999805.92449
1823762229.10218 -44217784535480.9 -140304901397596 -25466.5183143831 -80865.6956191767 3592999805.92449
1827018947.36843 -44300721801088 -140568258154647 -25466.5123211695 -80865.6766024432 3592999805.92449
1830275665.63469 -44383659047213.5 -140831614849882 -25466.5063503765 -80865.6576568256 3592999805.92449
1833532383.90094 -44466596273930.1 -141094971483531 -25466.5004018788 -80865.6387819258 3592999805.92449
1836789102.1672 -44549533481310.3 -141358328055825 -25466.4944755515 -80865.6199773486 3592999805.92449
1840045820.43345 -44632470669426 -141621684566991 -25466.488571271 -80865.6012427016 3592999805.92449
1843302538.6997 -44715407838348.9 -141885041017258 -25466.4826889145 -80865.5825775954 3592999805.92449
1846559256.96596 -44798344988150.1 -142148397406850 -25466.4768283601 -80865.5639816437 3592999805.92449
1849815975.23221 -44881282118900.5 -142411753735992 -25466.4709894867 -80865.5454544627 3592999805.92449
1853072693.49847 -44964219230670.5 -142675110004908 -25466.4651721744 -80865.5269956717 3592999805.92449
1856329411.76472 -45047156323530.1 -142938466213820 -25466.4593763038 -80865.5086048927 3592999805.92449
1859586130.03097 -45130093397548.9 -143201822362949 -25466.4536017567 -80865.4902817504 3592999805.92449
1862842848.29723 -45213030452796.2 -143465178452514 -25466.4478484156 -80865.4720258724 3592999805.92449
1866099566.56348 -45295967489340.9 -143728534482733 -25466.4421161638 -80865.453836889 3592999805.92449
1869356284.82973 -45378904507251.4 -143991890453825 -25466.4364048857 -80865.4357144331 3592999805.92449
1872613003.09599 -45461841506595.9 -144255246366004 -25466.4307144663 -80865.4176581404 3592999805.92449
1875869721.36224 -45544778487442.1 -144518602219487 -25466.4250447916 -80865.3996676493 3592999805.92449
1879126439.6285 -45627715449857.4 -144781958014487 -25466.4193957483 -80865.3817426006 3592999805.92449
1882383157.89475 -45710652393908.8 -145045313751215 -25466.413767224 -80865.3638826379 3592999805.92449
1885639876.161 -45793589319662.9 -145308669429885 -25466.4081591071 -80865.3460874074 3592999805.92449
1888896594.42726 -45876526227186.1 -145572025050705 -25466.4025712868 -80865.3283565577 3592999805.92449
1892153312.69351 -45959463116544.2 -145835380613885 -25466.3970036532 -80865.3106897401 3592999805.92449
1895410030.95977 -46042399987802.9 -146098736119633 -25466.391456097 -80865.2930866084 3592999805.92449
1898666749.22602 -46125336841027.2 -146362091568156 -25466.3859285098 -80865.2755468187 3592999805.92449
1901923467.49227 -46208273676282.1 -146625446959659 -25466.380420784 -80865.2580700298 3592999805.92449
1905180185.75853 -46291210493632.1 -146888802294348 -25466.3749328128 -80865.2406559028 3592999805.92449
1908436904.02478 -46374147293141.4 -147152157572425 -25466.3694644899 -80865.2233041014 3592999805.92449
1911693622.29104 -46457084074873.7 -147415512794094 -25466.3640157102 -80865.2060142914 3592999805.92449
1914950340.55729 -46540020838892.5 -147678867959554 -25466.358586369 -80865.1887861414 3592999805.92449
1918207058.82354 -46622957585261.1 -147942223069008 -25466.3531763625 -80865.171619322 3592999805.92449
1921463777.0898 -46705894314042.1 -148205578122653 -25466.3477855876 -80865.1545135062 3592999805.92449
1924720495.35605 -46788831025298 -148468933120689 -25466.3424139418 -80865.1374683696 3592999805.92449
1927977213.62231 -46871767719091 -148732288063312 -25466.3370613237 -80865.1204835897 3592999805.92449
1931233931.88856 -46954704395483 -148995642950718 -25466.3317276322 -80865.1035588465 3592999805.92449
1934490650.15481 -47037641054535.2 -149258997783102 -25466.3264127671 -80865.0866938224 3592999805.92449
1937747368.42107 -47120577696309 -149522352560658 -25466.3211166289 -80865.0698882016 3592999805.92449
1941004086.68732 -47203514320865.1 -149785707283580 -25466.3158391188 -80865.053141671 3592999805.92449
1944260804.95358 -47286450928264 -150049061952058 -25466.3105801388 -80865.0364539194 3592999805.92449
1947517523.21983 -47369387518565.9 -150312416566285 -25466.3053395913 -80865.0198246378 3592999805.92449
1950774241.48608 -47452324091830.8 -150575771126449 -25466.3001173797 -80865.0032535195 3592999805.92449
1954030959.75234 -47535260648118.1 -150839125632740 -25466.2949134078 -80864.9867402599 3592999805.92449
1957287678.01859 -47618197187487.1 -151102480085346 -25466.2897275803 -80864.9702845565 3592999805.92449
1960544396.28485 -47701133709996.7 -151365834484454 -25466.2845598024 -80864.9538861089 3592999805.92449
1963801114.5511 -47784070215705.6 -151629188830249 -25466.2794099801 -80864.9375446186 3592999805.92449
1967057832.81735 -47867006704672.1 -151892543122918 -25466.2742780199 -80864.9212597896 3592999805.92449
1970314551.08361 -47949943176954.2 -152155897362642 -25466.2691638292 -80864.9050313276 3592999805.92449
1973571269.34986 -48032879632609.7 -152419251549607 -25466.2640673156 -80864.8888589404 3592999805.92449
1976827987.61612 -48115816071695.9 -152682605683994 -25466.2589883878 -80864.8727423378 3592999805.92449
1980084705.88237 -48198752494269.9 -152945959765984 -25466.2539269548 -80864.8566812319 3592999805.92449
1983341424.14862 -48281688900388.7 -153209313795757 -25466.2488829265 -80864.8406753363 3592999805.92449
1986598142.41488 -48364625290108.7 -153472667773494 -25466.2438562132 -80864.8247243669 3592999805.92449
1989854860.68113 -48447561663486.2 -153736021699371 -25466.2388467259 -80864.8088280414 3592999805.92449
1993111578.94738 -48530498020577.2 -153999375573568 -25466.2338543761 -80864.7929860795 3592999805.92449
1996368297.21364 -48613434361437.2 -154262729396259 -25466.2288790762 -80864.7771982028 3592999805.92449
1999625015.47989 -48696370686121.8 -154526083167622 -25466.2239207389 -80864.7614641348 3592999805.92449
2002881733.74615 -48779306994685.9 -154789436887830 -25466.2189792776 -80864.7457836008 3592999805.92449
2006138452.0124 -48862243287184.5 -155052790557058 -25466.2140546063 -80864.7301563281 3592999805.92449
2009395170.27865 -48945179563672 -155316144175479 -25466.2091466395 -80864.7145820458 3592999805.92449
2012651888.54491 -49028115824202.7 -155579497743265 -25466.2042552924 -80864.6990604847 3592999805.92449
2015908606.81116 -49111052068830.6 -155842851260587 -25466.1993804808 -80864.6835913777 3592999805.92449
2019165325.07742 -49193988297609.5 -156106204727616 -25466.1945221208 -80864.6681744592 3592999805.92449
2022422043.34367 -49276924510592.8 -156369558144520 -25466.1896801295 -80864.6528094656 3592999805.92449
2025678761.60992 -49359860707833.5 -156632911511469 -25466.1848544241 -80864.637496135 3592999805.92449
2028935479.87618 -49442796889384.7 -156896264828631 -25466.1800449227 -80864.6222342073 3592999805.92449
2032192198.14243 -49525733055299 -157159618096173 -25466.1752515437 -80864.607023424 3592999805.92449
2035448916.40869 -49608669205628.8 -157422971314260 -25466.1704742063 -80864.5918635285 3592999805.92449
2038705634.67494 -49691605340426.1 -157686324483058 -25466.16571283 -80864.5767542659 3592999805.92449
2041962352.94119 -49774541459742.9 -157949677602732 -25466.160967335 -80864.5616953829 3592999805.92449
2045219071.20745 -49857477563630.6 -158213030673444 -25466.1562376419 -80864.5466866279 3592999805.92449
2048475789.4737 -49940413652140.8 -158476383695359 -25466.151523672 -80864.531727751 3592999805.92449
2051732507.73996 -50023349725324.3 -158739736668638 -25466.146825347 -80864.516818504 3592999805.92449
2054989226.00621 -50106285783232.1 -159003089593442 -25466.1421425891 -80864.5019586403 3592999805.92449
2058245944.27246 -50189221825914.7 -159266442469932 -25466.1374753211 -80864.487147915 3592999805.92449
2061502662.53872 -50272157853422.4 -159529795298267 -25466.1328234662 -80864.4723860847 3592999805.92449
2064759380.80497 -50355093865805.4 -159793148078606 -25466.1281869482 -80864.4576729077 3592999805.92449
2068016099.07123 -50438029863113.4 -160056500811107 -25466.1235656914 -80864.4430081438 3592999805.92449
2071272817.33748 -50520965845396 -160319853495928 -25466.1189596205 -80864.4283915544 3592999805.92449
2074529535.60373 -50603901812702.6 -160583206133225 -25466.1143686609 -80864.4138229026 3592999805.92449
2077786253.86999 -50686837765082.2 -160846558723154 -25466.1097927383 -80864.3993019529 3592999805.92449
2081042972.13624 -50769773702583.7 -161109911265869 -25466.1052317789 -80864.3848284714 3592999805.92449
2084299690.4025 -50852709625255.7 -161373263761526 -25466.1006857095 -80864.3704022258 3592999805.92449
2087556408.66875 -50935645533146.6 -161636616210277 -25466.0961544571 -80864.356022985 3592999805.92449
2090813126.935 -51018581426304.5 -161899968612274 -25466.0916379497 -80864.3416905198 3592999805.92449
2094069845.20126 -51101517304777.3 -162163320967671 -25466.0871361151 -80864.3274046023 3592999805.92448
2097326563.46751 -51184453168612.8 -162426673276619 -25466.0826488822 -80864.3131650061 3592999805.92448
2100583281.73377 -51267389017858.2 -162690025539266 -25466.0781761799 -80864.2989715063 3592999805.92448
2103840000.00002 -51350324852560.9 -162953377755765 -25466.0737179378 -80864.2848238793 3592999805.92448
2107096718.26627 -51433260672767.8 -163216729926263 -25466.0692740858 -80864.2707219032 3592999805.92448
2110353436.53253 -51516196478525.6 -163480082050909 -25466.0648445544 -80864.2566653572 3592999805.92448
2113610154.79878 -51599132269881 -163743434129850 -25466.0604292746 -80864.2426540224 3592999805.92448
2116866873.06503 -51682068046880.1 -164006786163234 -25466.0560281775 -80864.2286876807 3592999805.92448
2120123591.33129 -51765003809569.1 -164270138151206 -25466.0516411951 -80864.214766116 3592999805.92448
2123380309.59754 -51847939557993.9 -164533490093913 -25466.0472682594 -80864.2008891132 3592999805.92448
2126637027.8638 -51930875292200 -164796841991498 -25466.0429093032 -80864.1870564585 3592999805.92448
2129893746.13005 -52013811012232.8 -165060193844106 -25466.0385642595 -80864.1732679399 3592999805.92448
2133150464.3963 -52096746718137.7 -165323545651880 -25466.0342330617 -80864.1595233464 3592999805.92448
2136407182.66256 -52179682409959.5 -165586897414963 -25466.0299156439 -80864.1458224683 3592999805.92448
2139663900.92881 -52262618087743.1 -165850249133497 -25466.0256119404 -80864.1321650976 3592999805.92448
2142920619.19507 -52345553751532.9 -166113600807624 -25466.0213218859 -80864.1185510272 3592999805.92448
2146177337.46132 -52428489401373.4 -166376952437483 -25466.0170454155 -80864.1049800516 3592999805.92448
2149434055.72757 -52511425037308.7 -166640304023216 -25466.012782465 -80864.0914519664 3592999805.92448
2152690773.99383 -52594360659382.6 -166903655564961 -25466.0085329702 -80864.0779665687 3592999805.92448
2155947492.26008 -52677296267639 -167167007062857 -25466.0042968675 -80864.0645236566 3592999805.92448
2159204210.52634 -52760231862121.3 -167430358517042 -25466.0000740938 -80864.0511230298 3592999805.92448
2162460928.79259 -52843167442872.8 -167693709927654 -25465.9958645862 -80864.037764489 3592999805.92448
2165717647.05884 -52926103009936.7 -167957061294829 -25465.9916682822 -80864.0244478363 3592999805.92449
2168974365.3251 -53009038563355.8 -168220412618703 -25465.98748512 -80864.0111728749 3592999805.92449
2172231083.59135 -53091974103172.9 -168483763899413 -25465.9833150378 -80863.9979394094 3592999805.92449
2175487801.85761 -53174909629430.4 -168747115137091 -25465.9791579744 -80863.9847472454 3592999805.92448
2178744520.12386 -53257845142170.6 -169010466331874 -25465.9750138689 -80863.97159619 3592999805.92448
2182001238.39011 -53340780641435.6 -169273817483894 -25465.9708826607 -80863.9584860513 3592999805.92448
2185257956.65637 -53423716127267.4 -169537168593284 -25465.9667642899 -80863.9454166385 3592999805.92449
2188514674.92262 -53506651599707.7 -169800519660178 -25465.9626586967 -80863.9323877623 3592999805.92449
2191771393.18888 -53589587058797.9 -170063870684705 -25465.9585658216 -80863.9193992343 3592999805.92448
2195028111.45513 -53672522504579.4 -170327221666998 -25465.9544856057 -80863.9064508673 3592999805.92449
2198284829.72138 -53755457937093.3 -170590572607187 -25465.9504179903 -80863.8935424754 3592999805.92448
2201541547.98764 -53838393356380.5 -170853923505401 -25465.9463629171 -80863.8806738738 3592999805.92449
2204798266.25389 -53921328762481.9 -171117274361771 -25465.9423203283 -80863.8678448787 3592999805.92448
2208054984.52015 -54004264155438 -171380625176425 -25465.9382901662 -80863.8550553076 3592999805.92448
2211311702.7864 -54087199535289.1 -171643975949491 -25465.9342723736 -80863.842304979 3592999805.92448
2214568421.05265 -54170134902075.5 -171907326681096 -25465.9302668938 -80863.8295937125 3592999805.92448
2217825139.31891 -54253070255837.1 -172170677371367 -25465.9262736701 -80863.816921329 3592999805.92448
2221081857.58516 -54336005596613.8 -172434028020431 -25465.9222926464 -80863.8042876502 3592999805.92448
2224338575.85142 -54418940924445.2 -172697378628414 -25465.9183237668 -80863.7916924991 3592999805.92448
2227595294.11767 -54501876239370.8 -172960729195440 -25465.914366976 -80863.7791356998 3592999805.92448
2230852012.38392 -54584811541429.8 -173224079721634 -25465.9104222187 -80863.7666170774 3592999805.92448
2234108730.65018 -54667746830661.4 -173487430207121 -25465.9064894401 -80863.7541364579 3592999805.92448
2237365448.91643 -54750682107104.5 -173750780652023 -25465.9025685857 -80863.7416936686 3592999805.92448
2240622167.18268 -54833617370797.8 -174014131056464 -25465.8986596014 -80863.7292885378 3592999805.92448
2243878885.44894 -54916552621779.9 -174277481420567 -25465.8947624334 -80863.7169208947 3592999805.92448
2247135603.71519 -54999487860089.2 -174540831744452 -25465.8908770281 -80863.7045905697 3592999805.92448
2250392321.98145 -55082423085763.9 -174804182028241 -25465.8870033325 -80863.6922973941 3592999805.92448
2253649040.2477 -55165358298842.1 -175067532272055 -25465.8831412936 -80863.6800412002 3592999805.92448
2256905758.51395 -55248293499361.6 -175330882476015 -25465.8792908588 -80863.6678218215 3592999805.92449
2260162476.78021 -55331228687360.2 -175594232640238 -25465.875451976 -80863.6556390923 3592999805.92449
2263419195.04646 -55414163862875.3 -175857582764846 -25465.8716245933 -80863.6434928479 3592999805.92448
2266675913.31272 -55497099025944.4 -176120932849956 -25465.8678086591 -80863.6313829247 3592999805.92448
2269932631.57897 -55580034176604.6 -176384282895686 -25465.864004122 -80863.61930916 3592999805.92448
2273189349.84522 -55662969314893 -176647632902154 -25465.8602109311 -80863.6072713921 3592999805.92449
2276446068.11148 -55745904440846.5 -176910982869477 -25465.8564290357 -80863.5952694603 3592999805.92449
2279702786.37773 -55828839554501.7 -177174332797771 -25465.8526583854 -80863.5833032048 3592999805.92449
2282959504.64399 -55911774655895.2 -177437682687152 -25465.8488989301 -80863.5713724666 3592999805.92449
2286216222.91024 -55994709745063.4 -177701032537736 -25465.8451506201 -80863.559477088 3592999805.92449
2289472941.17649 -56077644822042.5 -177964382349637 -25465.8414134058 -80863.547616912 3592999805.92449
2292729659.44275 -56160579886868.5 -178227732122970 -25465.8376872381 -80863.5357917824 3592999805.92449
2295986377.709 -56243514939577.4 -178491081857849 -25465.8339720681 -80863.5240015443 3592999805.92449
2299243095.97526 -56326449980204.8 -178754431554386 -25465.8302678471 -80863.5122460433 3592999805.92449
2302499814.24151 -56409385008786.5 -179017781212696 -25465.8265745268 -80863.5005251262 3592999805.92449
2305756532.50776 -56492320025357.6 -179281130832891 -25465.8228920592 -80863.4888386407 3592999805.92449
2309013250.77402 -56575255029953.7 -179544480415081 -25465.8192203965 -80863.4771864351 3592999805.92448
2312269969.04027 -56658190022609.7 -179807829959379 -25465.8155594911 -80863.4655683589 3592999805.92448
2315526687.30653 -56741125003360.6 -180071179465896 -25465.811909296 -80863.4539842624 3592999805.92448
2318783405.57278 -56824059972241.2 -180334528934742 -25465.8082697641 -80863.4424339966 3592999805.92448
2322040123.83903 -56906994929286.3 -180597878366027 -25465.8046408488 -80863.4309174137 3592999805.92448
2325296842.10529 -56989929874530.1 -180861227759860 -25465.8010225037 -80863.4194343664 3592999805.92449
2328553560.37154 -57072864808007.2 -181124577116350 -25465.7974146828 -80863.4079847085 3592999805.92449
2331810278.6378 -57155799729751.7 -181387926435607 -25465.7938173401 -80863.3965682946 3592999805.92449
2335066996.90405 -57238734639797.7 -181651275717737 -25465.79023043 -80863.3851849801 3592999805.92448
2338323715.1703 -57321669538179.1 -181914624962848 -25465.7866539073 -80863.3738346212 3592999805.92449
2341580433.43656 -57404604424929.6 -182177974171049 -25465.7830877269 -80863.3625170751 3592999805.92449
2344837151.70281 -57487539300082.8 -182441323342444 -25465.779531844 -80863.3512321997 3592999805.92449
2348093869.96907 -57570474163672.2 -182704672477141 -25465.775986214 -80863.3399798536 3592999805.92448
2351350588.23532 -57653409015731.1 -182968021575245 -25465.7724507927 -80863.3287598964 3592999805.92448
2354607306.50157 -57736343856292.8 -183231370636861 -25465.768925536 -80863.3175721886 3592999805.92449
2357864024.76783 -57819278685390.1 -183494719662094 -25465.7654104002 -80863.3064165912 3592999805.92449
2361120743.03408 -57902213503056.1 -183758068651049 -25465.7619053418 -80863.2952929661 3592999805.92449
2364377461.30033 -57985148309323.4 -184021417603829 -25465.7584103174 -80863.2842011762 3592999805.92449
2367634179.56659 -58068083104224.7 -184284766520538 -25465.7549252841 -80863.273141085 3592999805.92449
2370890897.83284 -58151017887792.4 -184548115401278 -25465.751450199 -80863.2621125567 3592999805.92449
2374147616.0991 -58233952660058.9 -184811464246153 -25465.7479850197 -80863.2511154565 3592999805.92449
2377404334.36535 -58316887421056.4 -185074813055265 -25465.7445297037 -80863.2401496501 3592999805.92449
2380661052.6316 -58399822170816.9 -185338161828715 -25465.7410842092 -80863.2292150043 3592999805.92449
2383917770.89786 -58482756909372.3 -185601510566604 -25465.7376484942 -80863.2183113863 3592999805.92449
2387174489.16411 -58565691636754.4 -185864859269034 -25465.7342225172 -80863.2074386643 3592999805.92449
2390431207.43037 -58648626352994.9 -186128207936104 -25465.7308062368 -80863.1965967071 3592999805.92449
2393687925.69662 -58731561058125.2 -186391556567915 -25465.727399612 -80863.1857853844 3592999805.92449
2396944643.96287 -58814495752176.8 -186654905164567 -25465.7240026017 -80863.1750045664 3592999805.92449
2400201362.22913 -58897430435180.9 -186918253726158 -25465.7206151655 -80863.1642541243 3592999805.92449
2403458080.49538 -58980365107168.6 -187181602252787 -25465.7172372629 -80863.1535339299 3592999805.92449
2406714798.76164 -59063299768170.9 -187444950744552 -25465.7138688537 -80863.1428438556 3592999805.92449
2409971517.02789 -59146234418218.7 -187708299201552 -25465.7105098978 -80863.1321837748 3592999805.92449
2413228235.29414 -59229169057342.6 -187971647623883 -25465.7071603557 -80863.1215535612 3592999805.92449
2416484953.5604 -59312103685573.3 -188234996011644 -25465.7038201877 -80863.1109530897 3592999805.92449
2419741671.82665 -59395038302941.2 -188498344364930 -25465.7004893546 -80863.1003822356 3592999805.92449
2422998390.09291 -59477972909476.6 -188761692683837 -25465.6971678173 -80863.0898408748 3592999805.92449
2426255108.35916 -59560907505209.9 -189025040968462 -25465.6938555368 -80863.0793288841 3592999805.92449
2429511826.62541 -59643842090170.9 -189288389218901 -25465.6905524747 -80863.068846141 3592999805.92449
2432768544.89167 -59726776664389.9 -189551737435247 -25465.6872585924 -80863.0583925236 3592999805.92449
2436025263.15792 -59809711227896.4 -189815085617596 -25465.6839738518 -80863.0479679105 3592999805.92449
2439281981.42418 -59892645780720.3 -190078433766043 -25465.6806982147 -80863.0375721814 3592999805.92449
2442538699.69043 -59975580322891.2 -190341781880680 -25465.6774316435 -80863.0272052162 3592999805.92449
2445795417.95668 -60058514854438.4 -190605129961601 -25465.6741741005 -80863.0168668958 3592999805.92449
2449052136.22294 -60141449375391.5 -190868478008900 -25465.6709255484 -80863.0065571016 3592999805.92449
2452308854.48919 -60224383885779.5 -191131826022670 -25465.66768595 -80862.9962757158 3592999805.92449
2455565572.75545 -60307318385631.5 -191395174003001 -25465.6644552683 -80862.986022621 3592999805.92449
2458822291.0217 -60390252874976.6 -191658521949988 -25465.6612334666 -80862.9757977006 3592999805.92449
2462079009.28795 -60473187353843.6 -191921869863720 -25465.6580205083 -80862.9656008387 3592999805.92449
2465335727.55421 -60556121822261.3 -192185217744289 -25465.654816357 -80862.9554319199 3592999805.92449
2468592445.82046 -60639056280258.3 -192448565591787 -25465.6516209766 -80862.9452908294 3592999805.92449
2471849164.08672 -60721990727863 -192711913406303 -25465.6484343311 -80862.9351774534 3592999805.92449
2475105882.35297 -60804925165103.9 -192975261187928 -25465.6452563847 -80862.9250916782 3592999805.92449
2478362600.61922 -60887859592009.2 -193238608936750 -25465.6420871019 -80862.915033391 3592999805.92448
2481619318.88548 -60970794008607.1 -193501956652861 -25465.6389264473 -80862.9050024797 3592999805.92448
2484876037.15173 -61053728414925.7 -193765304336348 -25465.6357743857 -80862.8949988325 3592999805.92448
2488132755.41798 -61136662810992.9 -194028651987300 -25465.6326308821 -80862.8850223385 3592999805.92448
2491389473.68424 -61219597196836.4 -194291999605806 -25465.6294959017 -80862.8750728873 3592999805.92448
2494646191.95049 -61302531572484 -194555347191953 -25465.6263694098 -80862.8651503691 3592999805.92448
2497902910.21675 -61385465937963.3 -194818694745828 -25465.6232513721 -80862.8552546746 3592999805.92448
2501159628.483 -61468400293301.7 -195082042267520 -25465.6201417543 -80862.8453856952 3592999805.92449
2504416346.74925 -61551334638526.6 -195345389757115 -25465.6170405224 -80862.8355433229 3592999805.92449
2507673065.01551 -61634268973665.4 -195608737214699 -25465.6139476424 -80862.8257274503 3592999805.92449
2510929783.28176 -61717203298745 -195872084640359 -25465.6108630807 -80862.8159379703 3592999805.92449
2514186501.54802 -61800137613792.6 -196135432034179 -25465.6077868037 -80862.8061747769 3592999805.92448
2517443219.81427 -61883071918835 -196398779396247 -25465.6047187781 -80862.7964377641 3592999805.92448
2520699938.08052 -61966006213899.2 -196662126726646 -25465.6016589708 -80862.7867268268 3592999805.92448
2523956656.34678 -62048940499011.7 -196925474025462 -25465.5986073488 -80862.7770418605 3592999805.92448
2527213374.61303 -62131874774199.3 -197188821292779 -25465.5955638793 -80862.767382761 3592999805.92448
2530470092.87929 -62214809039488.4 -197452168528681 -25465.5925285296 -80862.7577494249 3592999805.92448
2533726811.14554 -62297743294905.4 -197715515733251 -25465.5895012674 -80862.7481417493 3592999805.92448
2536983529.41179 -62380677540476.5 -197978862906574 -25465.5864820602 -80862.7385596317 3592999805.92448
2540240247.67805 -62463611776228.1 -198242210048732 -25465.5834708761 -80862.7290029702 3592999805.92448
2543496965.9443 -62546546002186 -198505557159808 -25465.5804676831 -80862.7194716637 3592999805.92448
2546753684.21056 -62629480218376.4 -198768904239884 -25465.5774724493 -80862.7099656113 3592999805.92448
2550010402.47681 -62712414424825.1 -199032251289042 -25465.5744851433 -80862.7004847127 3592999805.92448
2553267120.74306 -62795348621557.8 -199295598307365 -25465.5715057336 -80862.6910288683 3592999805.92448
2556523839.00932 -62878282808600.3 -199558945294934 -25465.5685341888 -80862.6815979789 3592999805.92448
2559780557.27557 -62961216985978 -199822292251829 -25465.565570478 -80862.6721919458 3592999805.92448
2563037275.54183 -63044151153716.5 -200085639178132 -25465.5626145701 -80862.6628106709 3592999805.92448
2566293993.80808 -63127085311841 -200348986073923 -25465.5596664344 -80862.6534540565 3592999805.92448
2569550712.07433 -63210019460377 -200612332939282 -25465.5567260403 -80862.6441220055 3592999805.92448
2572807430.34059 -63292953599349.4 -200875679774289 -25465.5537933573 -80862.6348144214 3592999805.92448
2576064148.60684 -63375887728783.5 -201139026579023 -25465.5508683552 -80862.625531208 3592999805.92448
2579320866.8731 -63458821848704.1 -201402373353565 -25465.5479510037 -80862.6162722697 3592999805.92448
2582577585.13935 -63541755959136.2 -201665720097992 -25465.5450412729 -80862.6070375115 3592999805.92448
2585834303.4056 -63624690060104.4 -201929066812383 -25465.5421391331 -80862.5978268387 3592999805.92448
2589091021.67186 -63707624151633.5 -202192413496816 -25465.5392445544 -80862.5886401573 3592999805.92448
2592347739.93811 -63790558233748.1 -202455760151371 -25465.5363575075 -80862.5794773735 3592999805.92448
2595604458.20437 -63873492306472.6 -202719106776123 -25465.5334779629 -80862.5703383944 3592999805.92448
2598861176.47062 -63956426369831.4 -202982453371151 -25465.5306058915 -80862.5612231272 3592999805.92448
2602117894.73687 -64039360423848.8 -203245799936531 -25465.5277412641 -80862.5521314798 3592999805.92448
2605374613.00313 -64122294468549 -203509146472341 -25465.5248840519 -80862.5430633604 3592999805.92448
2608631331.26938 -64205228503956.1 -203772492978657 -25465.5220342262 -80862.5340186779 3592999805.92448
2611888049.53563 -64288162530094.1 -204035839455555 -25465.5191917583 -80862.5249973415 3592999805.92448
2615144767.80189 -64371096546986.9 -204299185903111 -25465.5163566197 -80862.515999261 3592999805.92448
2618401486.06814 -64454030554658.4 -204562532321400 -25465.5135287822 -80862.5070243465 3592999805.92448
2621658204.3344 -64536964553132.2 -204825878710499 -25465.5107082176 -80862.4980725087 3592999805.92448
2624914922.60065 -64619898542432.1 -205089225070481 -25465.5078948978 -80862.4891436586 3592999805.92448
2628171640.8669 -64702832522581.5 -205352571401421 -25465.505088795 -80862.480237708 3592999805.92448
2631428359.13316 -64785766493604 -205615917703395 -25465.5022898815 -80862.4713545686 3592999805.92448
2634685077.39941 -64868700455522.9 -205879263976476 -25465.4994981296 -80862.4624941532 3592999805.92448
2637941795.66567 -64951634408361.4 -206142610220737 -25465.496713512 -80862.4536563744 3592999805.92448
2641198513.93192 -65034568352142.9 -206405956436254 -25465.4939360012 -80862.4448411458 3592999805.92448
2644455232.19817 -65117502286890.2 -206669302623098 -25465.4911655701 -80862.4360483811 3592999805.92448
2647711950.46443 -65200436212626.6 -206932648781343 -25465.4884021917 -80862.4272779945 3592999805.92448
2650968668.73068 -65283370129374.8 -207195994911062 -25465.4856458391 -80862.4185299008 3592999805.92448
2654225386.99694 -65366304037157.8 -207459341012327 -25465.4828964855 -80862.409804015 3592999805.92448
2657482105.26319 -65449237935998.3 -207722687085210 -25465.4801541043 -80862.4011002526 3592999805.92448
2660738823.52944 -65532171825919 -207986033129783 -25465.477418669 -80862.3924185297 3592999805.92448
2663995541.7957 -65615105706942.4 -208249379146119 -25465.4746901532 -80862.3837587626 3592999805.92448
2667252260.06195 -65698039579091 -208512725134287 -25465.4719685308 -80862.3751208682 3592999805.92448
2670508978.32821 -65780973442387.2 -208776071094360 -25465.4692537756 -80862.3665047637 3592999805.92448
2673765696.59446 -65863907296853.4 -209039417026408 -25465.4665458617 -80862.3579103667 3592999805.92448
2677022414.86071 -65946841142511.8 -209302762930502 -25465.4638447633 -80862.3493375952 3592999805.92448
2680279133.12697 -66029774979384.5 -209566108806711 -25465.4611504546 -80862.3407863679 3592999805.92448
2683535851.39322 -66112708807493.6 -209829454655107 -25465.45846291 -80862.3322566035 3592999805.92448
2686792569.65948 -66195642626861.2 -210092800475758 -25465.4557821042 -80862.3237482214 3592999805.92448
2690049287.92573 -66278576437509 -210356146268735 -25465.4531080119 -80862.3152611412 3592999805.92448
2693306006.19198 -66361510239459 -210619492034106 -25465.4504406077 -80862.3067952831 3592999805.92448
2696562724.45824 -66444444032732.9 -210882837771941 -25465.4477798668 -80862.2983505675 3592999805.92448
2699819442.72449 -66527377817352.3 -211146183482308 -25465.4451257641 -80862.2899269153 3592999805.92448
2703076160.99075 -66610311593338.8 -211409529165276 -25465.4424782748 -80862.2815242479 3592999805.92448
2706332879.257 -66693245360713.9 -211672874820913 -25465.4398373742 -80862.2731424869 3592999805.92448
2709589597.52325 -66776179119499 -211936220449287 -25465.4372030378 -80862.2647815544 3592999805.92448
2712846315.78951 -66859112869715.6 -212199566050465 -25465.4345752412 -80862.2564413728 3592999805.92448
2716103034.05576 -66942046611384.7 -212462911624516 -25465.4319539599 -80862.2481218651 3592999805.92448
2719359752.32202 -67024980344527.6 -212726257171505 -25465.4293391699 -80862.2398229543 3592999805.92448
2722616470.58827 -67107914069165.4 -212989602691501 -25465.426730847 -80862.2315445641 3592999805.92448
2725873188.85452 -67190847785319.2 -213252948184570 -25465.4241289672 -80862.2232866185 3592999805.92448
2729129907.12078 -67273781493009.8 -213516293650778 -25465.4215335067 -80862.2150490418 3592999805.92448
2732386625.38703 -67356715192258.2 -213779639090192 -25465.4189444419 -80862.2068317588 3592999805.92448
2735643343.65329 -67439648883085.1 -214042984502877 -25465.416361749 -80862.1986346946 3592999805.92448
2738900061.91954 -67522582565511.2 -214306329888900 -25465.4137854045 -80862.1904577746 3592999805.92448
2742156780.18579 -67605516239557.2 -214569675248325 -25465.4112153852 -80862.1823009247 3592999805.92448
2745413498.45205 -67688449905243.7 -214833020581219 -25465.4086516677 -80862.1741640711 3592999805.92448
2748670216.7183 -67771383562591.1 -215096365887645 -25465.4060942289 -80862.1660471402 3592999805.92448
2751926934.98455 -67854317211619.8 -215359711167669 -25465.4035430458 -80862.1579500591 3592999805.92448
2755183653.25081 -67937250852350.2 -215623056421356 -25465.4009980953 -80862.149872755 3592999805.92448
2758440371.51706 -68020184484802.5 -215886401648769 -25465.3984593548 -80862.1418151556 3592999805.92448
2761697089.78332 -68103118108996.9 -216149746849973 -25465.3959268014 -80862.1337771888 3592999805.92448
2764953808.04957 -68186051724953.6 -216413092025031 -25465.3934004127 -80862.1257587829 3592999805.92448
2768210526.31582 -68268985332692.5 -216676437174007 -25465.3908801661 -80862.1177598667 3592999805.92448
2771467244.58208 -68351918932233.7 -216939782296965 -25465.3883660393 -80862.1097803692 3592999805.92448
2774723962.84833 -68434852523597 -217203127393968 -25465.3858580099 -80862.1018202196 3592999805.92448
2777980681.11459 -68517786106802.2 -217466472465077 -25465.383356056 -80862.0938793479 3592999805.92448
2781237399.38084 -68600719681869.2 -217729817510357 -25465.3808601552 -80862.0859576839 3592999805.92448
2784494117.64709 -68683653248817.5 -217993162529870 -25465.3783702859 -80862.0780551581 3592999805.92448
2787750835.91335 -68766586807666.9 -218256507523677 -25465.375886426 -80862.0701717012 3592999805.92448
2791007554.1796 -68849520358436.7 -218519852491841 -25465.373408554 -80862.0623072443 3592999805.92448
2794264272.44586 -68932453901146.6 -218783197434423 -25465.370936648 -80862.0544617188 3592999805.92448
2797520990.71211 -69015387435815.8 -219046542351486 -25465.3684706868 -80862.0466350564 3592999805.92448
2800777708.97836 -69098320962463.8 -219309887243090 -25465.3660106487 -80862.0388271891 3592999805.92448
2804034427.24462 -69181254481109.7 -219573232109296 -25465.3635565125 -80862.0310380493 3592999805.92448
2807291145.51087 -69264187991772.7 -219836576950166 -25465.361108257 -80862.0232675698 3592999805.92448
2810547863.77713 -69347121494472 -220099921765760 -25465.3586658611 -80862.0155156835 3592999805.92448
2813804582.04338 -69430054989226.7 -220363266556138 -25465.3562293037 -80862.0077823238 3592999805.92448
2817061300.30963 -69512988476055.6 -220626611321361 -25465.353798564 -80862.0000674243 3592999805.92448
2820318018.57589 -69595921954977.8 -220889956061489 -25465.3513736211 -80861.9923709191 3592999805.92448
2823574736.84214 -69678855426012 -221153300776581 -25465.3489544544 -80861.9846927423 3592999805.92448
2826831455.1084 -69761788889177 -221416645466698 -25465.3465410431 -80861.9770328288 3592999805.92448
2830088173.37465 -69844722344491.6 -221679990131898 -25465.3441333669 -80861.9693911132 3592999805.92448
2833344891.6409 -69927655791974.4 -221943334772240 -25465.3417314052 -80861.9617675309 3592999805.92448
2836601609.90716 -70010589231643.9 -222206679387784 -25465.3393351378 -80861.9541620174 3592999805.92448
2839858328.17341 -70093522663518.7 -222470023978588 -25465.3369445444 -80861.9465745085 3592999805.92448
2843115046.43967 -70176456087617.3 -222733368544712 -25465.3345596049 -80861.9390049404 3592999805.92448
2846371764.70592 -70259389503957.9 -222996713086212 -25465.3321802992 -80861.9314532496 3592999805.92448
2849628482.97217 -70342322912559 -223260057603148 -25465.3298066075 -80861.9239193726 3592999805.92448
2852885201.23843 -70425256313438.7 -223523402095576 -25465.3274385099 -80861.9164032467 3592999805.92448
2856141919.50468 -70508189706615.3 -223786746563556 -25465.3250759866 -80861.9089048091 3592999805.92448
2859398637.77094 -70591123092106.9 -224050091007145 -25465.3227190179 -80861.9014239974 3592999805.92448
2862655356.03719 -70674056469931.5 -224313435426398 -25465.3203675844 -80861.8939607497 3592999805.92448
2865912074.30344 -70756989840107.1 -224576779821375 -25465.3180216665 -80861.886515004 3592999805.92448
2869168792.5697 -70839923202651.7 -224840124192132 -25465.3156812448 -80861.879086699 3592999805.92448
2872425510.83595 -70922856557583.1 -225103468538725 -25465.3133463001 -80861.8716757733 3592999805.92448
2875682229.1022 -71005789904919.1 -225366812861210 -25465.3110168131 -80861.8642821661 3592999805.92448
2878938947.36846 -71088723244677.6 -225630157159646 -25465.3086927647 -80861.8569058167 3592999805.92448
2882195665.63471 -71171656576876.1 -225893501434086 -25465.3063741359 -80861.8495466649 3592999805.92448
2885452383.90097 -71254589901532.2 -226156845684588 -25465.3040609078 -80861.8422046504 3592999805.92448
2888709102.16722 -71337523218663.6 -226420189911206 -25465.3017530616 -80861.8348797135 3592999805.92448
2891965820.43347 -71420456528287.8 -226683534113997 -25465.2994505783 -80861.8275717948 3592999805.92448
2895222538.69973 -71503389830422.1 -226946878293016 -25465.2971534395 -80861.8202808348 3592999805.92448
2898479256.96598 -71586323125084 -227210222448318 -25465.2948616265 -80861.8130067748 3592999805.92448
2901735975.23224 -71669256412290.7 -227473566579957 -25465.2925751208 -80861.805749556 3592999805.92448
2904992693.49849 -71752189692059.5 -227736910687990 -25465.2902939039 -80861.79850912 3592999805.92448
2908249411.76474 -71835122964407.6 -228000254772469 -25465.2880179576 -80861.7912854085 3592999805.92448
2911506130.031 -71918056229352.2 -228263598833450 -25465.2857472636 -80861.7840783639 3592999805.92448
2914762848.29725 -72000989486910.3 -228526942870987 -25465.2834818038 -80861.7768879283 3592999805.92448
2918019566.56351 -72083922737098.9 -228790286885134 -25465.2812215601 -80861.7697140445 3592999805.92448
2921276284.82976 -72166855979935 -229053630875944 -25465.2789665144 -80861.7625566554 3592999805.92448
2924533003.09601 -72249789215435.5 -229316974843471 -25465.2767166489 -80861.7554157042 3592999805.92448
2927789721.36227 -72332722443617.2 -229580318787769 -25465.2744719457 -80861.7482911343 3592999805.92448
2931046439.62852 -72415655664497 -229843662708890 -25465.2722323871 -80861.7411828894 3592999805.92448
2934303157.89478 -72498588878091.5 -230107006606889 -25465.2699979554 -80861.7340909134 3592999805.92448
2937559876.16103 -72581522084417.4 -230370350481818 -25465.2677686331 -80861.7270151505 3592999805.92448
2940816594.42728 -72664455283491.3 -230633694333729 -25465.2655444026 -80861.7199555453 3592999805.92448
2944073312.69354 -72747388475329.8 -230897038162675 -25465.2633252465 -80861.7129120425 3592999805.92448
2947330030.95979 -72830321659949.4 -231160381968709 -25465.2611111474 -80861.7058845869 3592999805.92448
2950586749.22605 -72913254837366.5 -231423725751882 -25465.2589020882 -80861.6988731239 3592999805.92448
2953843467.4923 -72996188007597.5 -231687069512247 -25465.2566980516 -80861.6918775988 3592999805.92448
2957100185.75855 -73079121170658.7 -231950413249855 -25465.2544990204 -80861.6848979575 3592999805.92448
2960356904.02481 -73162054326566.4 -232213756964759 -25465.2523049777 -80861.6779341459 3592999805.92448
2963613622.29106 -73244987475336.8 -232477100657008 -25465.2501159066 -80861.6709861101 3592999805.92448
2966870340.55732 -73327920616986.2 -232740444326656 -25465.24793179 -80861.6640537967 3592999805.92448
2970127058.82357 -73410853751530.5 -233003787973753 -25465.2457526113 -80861.6571371523 3592999805.92448
2973383777.08982 -73493786878985.9 -233267131598349 -25465.2435783537 -80861.6502361239 3592999805.92448
2976640495.35608 -73576719999368.3 -233530475200497 -25465.2414090005 -80861.6433506586 3592999805.92448
2979897213.62233 -73659653112693.7 -233793818780245 -25465.2392445352 -80861.6364807038 3592999805.92448
2983153931.88859 -73742586218978 -234057162337645 -25465.2370849412 -80861.6296262073 3592999805.92448
2986410650.15484 -73825519318237 -234320505872747 -25465.2349302023 -80861.6227871168 3592999805.92448
2989667368.42109 -73908452410486.5 -234583849385601 -25465.2327803018 -80861.6159633805 3592999805.92448
2992924086.68735 -73991385495742.2 -234847192876257 -25465.2306352238 -80861.6091549468 3592999805.92448
2996180804.9536 -74074318574019.9 -235110536344765 -25465.2284949518 -80861.6023617641 3592999805.92448
2999437523.21985 -74157251645335.1 -235373879791174 -25465.2263594697 -80861.5955837815 3592999805.92447
3002694241.48611 -74240184709703.5 -235637223215534 -25465.2242287616 -80861.5888209478 3592999805.92447
3005950959.75236 -74323117767140.4 -235900566617893 -25465.2221028114 -80861.5820732123 3592999805.92448
3009207678.01862 -74406050817661.5 -236163909998302 -25465.2199816032 -80861.5753405246 3592999805.92447
3012464396.28487 -74488983861282.1 -236427253356809 -25465.2178651211 -80861.5686228343 3592999805.92447
3015721114.55112 -74571916898017.5 -236690596693462 -25465.2157533494 -80861.5619200915 3592999805.92448
3018977832.81738 -74654849927883.2 -236953940008311 -25465.2136462724 -80861.5552322462 3592999805.92448
3022234551.08363 -74737782950894.3 -237217283301403 -25465.2115438744 -80861.5485592489 3592999805.92448
3025491269.34989 -74820715967066.2 -237480626572788 -25465.2094461398 -80861.5419010501 3592999805.92448
3028747987.61614 -74903648976413.8 -237743969822513 -25465.2073530532 -80861.5352576007 3592999805.92448
3032004705.88239 -74986581978952.5 -238007313050625 -25465.2052645991 -80861.5286288518 3592999805.92448
3035261424.14865 -75069514974697.1 -238270656257174 -25465.2031807622 -80861.5220147545 3592999805.92448
3038518142.4149 -75152447963662.8 -238533999442206 -25465.2011015271 -80861.5154152604 3592999805.92448
3041774860.68116 -75235380945864.4 -238797342605770 -25465.1990268787 -80861.5088303212 3592999805.92448
3045031578.94741 -75318313921317 -239060685747911 -25465.1969568017 -80861.5022598887 3592999805.92448
3048288297.21366 -75401246890035.3 -239324028868678 -25465.1948912812 -80861.4957039151 3592999805.92448
3051545015.47992 -75484179852034.2 -239587371968118 -25465.192830302 -80861.4891623526 3592999805.92448
3054801733.74617 -75567112807328.5 -239850715046277 -25465.1907738491 -80861.482635154 3592999805.92448
3058058452.01243 -75650045755932.8 -240114058103202 -25465.1887219078 -80861.4761222717 3592999805.92448
3061315170.27868 -75732978697861.8 -240377401138940 -25465.1866744632 -80861.4696236589 3592999805.92448
3064571888.54493 -75815911633130.2 -240640744153536 -25465.1846315005 -80861.4631392687 3592999805.92448
3067828606.81119 -75898844561752.6 -240904087147038 -25465.1825930049 -80861.4566690543 3592999805.92448
3071085325.07744 -75981777483743.3 -241167430119492 -25465.180558962 -80861.4502129695 3592999805.92448
3074342043.3437 -76064710399117 -241430773070942 -25465.178529357 -80861.443770968 3592999805.92448
3077598761.60995 -76147643307888.1 -241694116001436 -25465.1765041755 -80861.4373430037 3592999805.92448
3080855479.8762 -76230576210070.9 -241957458911019 -25465.1744834031 -80861.4309290307 3592999805.92448
3084112198.14246 -76313509105679.7 -242220801799735 -25465.1724670253 -80861.4245290035 3592999805.92448
3087368916.40871 -76396441994729 -242484144667632 -25465.1704550278 -80861.4181428767 3592999805.92448
3090625634.67497 -76479374877232.8 -242747487514753 -25465.1684473964 -80861.411770605 3592999805.92448
3093882352.94122 -76562307753205.4 -243010830341143 -25465.1664441169 -80861.4054121433 3592999805.92448
3097139071.20747 -76645240622661 -243274173146849 -25465.1644451752 -80861.3990674467 3592999805.92448
3100395789.47373 -76728173485613.6 -243537515931914 -25465.1624505571 -80861.3927364708 3592999805.92448
3103652507.73998 -76811106342077.4 -243800858696383 -25465.1604602487 -80861.3864191709 3592999805.92448
3106909226.00624 -76894039192066.2 -244064201440301 -25465.158474236 -80861.3801155029 3592999805.92448
3110165944.27249 -76976972035594.2 -244327544163711 -25465.1564925051 -80861.3738254226 3592999805.92448
3113422662.53874 -77059904872675.2 -244590886866659 -25465.1545150422 -80861.3675488862 3592999805.92448
3116679380.805 -77142837703323.1 -244854229549187 -25465.1525418334 -80861.3612858499 3592999805.92448
3119936099.07125 -77225770527551.7 -245117572211341 -25465.1505728652 -80861.3550362703 3592999805.92448
3123192817.3375 -77308703345374.8 -245380914853163 -25465.1486081238 -80861.348800104 3592999805.92448
3126449535.60376 -77391636156806.1 -245644257474698 -25465.1466475957 -80861.3425773079 3592999805.92448
3129706253.87001 -77474568961859.5 -245907600075988 -25465.1446912672 -80861.336367839 3592999805.92448
3132962972.13627 -77557501760548.4 -246170942657078 -25465.142739125 -80861.3301716547 3592999805.92448
3136219690.40252 -77640434552886.5 -246434285218010 -25465.1407911556 -80861.3239887121 3592999805.92448
3139476408.66877 -77723367338887.5 -246697627758827 -25465.1388473456 -80861.3178189691 3592999805.92448
3142733126.93503 -77806300118564.7 -246960970279573 -25465.1369076818 -80861.3116623833 3592999805.92448
3145989845.20128 -77889232891931.8 -247224312780290 -25465.1349721508 -80861.3055189127 3592999805.92448
3149246563.46754 -77972165659002 -247487655261020 -25465.1330407395 -80861.2993885155 3592999805.92448
3152503281.73379 -78055098419788.9 -247750997721807 -25465.1311134347 -80861.2932711499 3592999805.92448
3155760000.00004 -78138031174305.8 -248014340162692 -25465.1291902234 -80861.2871667745 3592999805.92448
