0 1556958000000 0 -11000 2000 -22756327.2740819
520494.804552202 1551225121490.39 1040987946.84033 -11028.6066760629 1999.99040139255 -22756327.2740697
1040989.6091044 1545477298185.04 2081965845.98336 -11057.4258194183 1999.96131986495 -22756327.274057
1561484.41365661 1539714418743.42 3122923443.46625 -11086.4603306524 1999.91231857229 -22756327.274044
2081979.21820881 1533936370300.43 4163850255.0191 -11115.7131674668 1999.84294934744 -22756327.2740304
2602474.02276101 1528143038436.34 5204735560.08063 -11145.1873461508 1999.7527523488 -22756327.2740164
3122968.82731321 1522334307145.86 6245568395.62728 -11174.8859431006 1999.64125569519 -22756327.274002
3643463.63186541 1516510058806.5 7286337549.80867 -11204.812096387 1999.50797508719 -22756327.273987
4163958.43641762 1510670174146 8327031555.38241 -11234.9690073741 1999.35241341433 -22756327.2739715
4684453.24096982 1504814532208.97 9367638682.94064 -11265.3599423903 1999.17406034769 -22756327.2739555
5204948.04552202 1498943010322.65 10408146933.9205 -11295.9882344544 1998.97239191702 -22756327.2739389
5725442.85007422 1493055484061.69 11448544033.3904 -11326.8572850577 1998.74687007196 -22756327.2739217
6245937.65462642 1487151827212.11 12488817422.6036 -11357.970566006 1998.49694222643 -22756327.2739039
6766432.45917863 1481231911734.12 13528954251.3101 -11389.3316213222 1998.22204078561 -22756327.2738854
7286927.26373083 1475295607724.08 14568941369.8176 -11420.9440692131 1997.92158265472 -22756327.2738663
7807422.06828303 1469342783375.36 15608765320.792 -11452.8116041025 1997.59496872861 -22756327.2738464
8327916.87283523 1463373304938.09 16648412330.7867 -11484.9379987331 1997.24158336154 -22756327.2738259
8848411.67738743 1457387036677.87 17687868301.4912 -11517.3271063403 1996.8607938161 -22756327.2738045
9368906.48193964 1451383840833.26 18727118800.6866 -11549.9828629008 1996.4519496903 -22756327.2737824
9889401.28649184 1445363577572.16 19766149052.8972 -11582.9092894592 1996.01438232197 -22756327.2737595
10409896.091044 1439326104946.84 20804943929.7261 -11616.1104945349 1995.54740416925 -22756327.2737356
10930390.8955962 1433271278847.83 21843487939.8622 -11649.5906766143 1995.05030816614 -22756327.2737109
11450885.7001484 1427198952956.39 22881765218.7438 -11683.3541267303 1994.522367052 -22756327.2736852
11971380.5047006 1421108978695.65 23919759517.8677 -11717.4052311339 1993.9628326736 -22756327.2736585
12491875.3092528 1415001205180.37 24957454193.7267 -11751.7484740606 1993.3709352586 -22756327.2736308
13012370.113805 1408875479165.12 25994832196.3614 -11786.3884405974 1992.74588265901 -22756327.273602
13532864.9183572 1402731644991.11 27031876057.5099 -11821.3298196529 1992.08685956315 -22756327.273572
14053359.7229094 1396569544531.31 28068567878.3393 -11856.577407036 1991.39302667464 -22756327.2735409
14573854.5274616 1390389017133.95 29104889316.7406 -11892.136108648 1990.66351985686 -22756327.2735085
15094349.3320138 1384189899564.43 30140821574.169 -11928.0109437925 1989.89744924099 -22756327.2734748
15614844.1365661 1377972025945.38 31176345382.0098 -11964.2070486087 1989.09389829612 -22756327.2734398
16135338.9411183 1371735227694.89 32211440987.4508 -12000.7296796335 1988.25192285925 -22756327.2734033
16655833.7456705 1365479333462.94 33246088138.8381 -12037.5842174983 1987.37055012339 -22756327.2733653
17176328.5502227 1359204169065.79 34280266070.4941 -12074.7761707661 1986.44877758154 -22756327.2733258
17696823.3547749 1352909557418.36 35313953486.9743 -12112.3111799161 1985.48557192432 -22756327.2732846
18217318.1593271 1346595318464.52 36347128546.7371 -12150.195021482 1984.47986788888 -22756327.2732416
18737812.9638793 1340261269105.14 37379768845.2019 -12188.4336123507 1983.43056705662 -22756327.2731969
19258307.7684315 1333907223123.88 38411851397.1669 -12227.0330142302 1982.33653659701 -22756327.2731502
19778802.5729837 1327532991110.63 39443352618.5589 -12265.9994382933 1981.1966079547 -22756327.2731015
20299297.3775359 1321138380382.46 40474248307.4839 -12305.3392500057 1980.00957547699 -22756327.2730508
20819792.1820881 1314723194902 41504513624.5477 -12345.0589741475 1978.77419497841 -22756327.2729978
21340286.9866403 1308287235193.18 42534123072.4118 -12385.1653000382 1977.4891822391 -22756327.2729424
21860781.7911925 1301830298254.17 43563050474.5499 -12425.6650869725 1976.15321143346 -22756327.2728846
22381276.5957447 1295352177467.48 44591268953.1674 -12466.5653698802 1974.7649134852 -22756327.2728243
22901771.4002969 1288852662506.96 45618750906.245 -12507.873365219 1973.32287434482 -22756327.2727612
23422266.2048491 1282331539241.79 46645467983.6642 -12549.5964771128 1971.8256331853 -22756327.2726952
23942761.0094013 1275788589637.11 47671391062.3719 -12591.7423037469 1970.27168051131 -22756327.2726263
24463255.8139535 1269223591651.3 48696490220.537 -12634.318644034 1968.65945617728 -22756327.2725542
24983750.6185057 1262636319129.72 49720734710.6504 -12677.3335045642 1966.98734730912 -22756327.2724786
25504245.4230579 1256026541694.7 50744092931.5176 -12720.7951068522 1965.25368612399 -22756327.2723996
26024740.2276101 1249394024631.78 51766532399.0881 -12764.7118949002 1963.45674764259 -22756327.2723168
26545235.0321623 1242738528771.82 52788019716.0652 -12809.0925430891 1961.59474728742 -22756327.27223
27065729.8367145 1236059810368.97 53808520540.2341 -12853.9459644175 1959.66583836062 -22756327.2721391
27586224.6412667 1229357620974.25 54827999551.4453 -12899.2813191064 1957.66810939423 -22756327.2720438
28106719.4458189 1222631707304.58 55846420417.1827 -12945.1080235887 1955.59958136532 -22756327.2719438
28627214.2503711 1215881811106.94 56863745756.6463 -12991.4357599037 1953.45820476798 -22756327.2718389
29147709.0549233 1209107669017.63 57879937103.2715 -13038.2744855198 1951.24185653354 -22756327.2717288
29668203.8594755 1202309012416.23 58894954865.6037 -13085.6344436071 1948.94833678976 -22756327.2716131
30188698.6640277 1195485567274.14 59908758286.4423 -13133.5261737858 1946.57536544926 -22756327.2714916
30709193.4685799 1188637053997.37 60921305400.162 -13181.9605233766 1944.12057861659 -22756327.2713639
31229688.2731321 1181763187263.3 61932552988.1151 -13230.94865918 1941.58152480261 -22756327.2712295
31750183.0776843 1174863675851.3 62942456532.0094 -13280.5020798162 1938.95566093424 -22756327.2710882
32270677.8822365 1167938222466.56 63950970165.1544 -13330.6326286561 1936.24034814642 -22756327.2709395
32791172.6867887 1160986523557.25 64958046621.4567 -13381.3525073775 1933.43284734253 -22756327.2707828
33311667.4913409 1154008269124.3 65963637182.0417 -13432.6742901833 1930.53031450836 -22756327.2706178
33832162.2958931 1147003142523.67 66967691619.3685 -13484.61093872 1927.52979576338 -22756327.2704439
34352657.1004453 1139970820260.63 67970158138.6964 -13537.1758177378 1924.42822213242 -22756327.2702605
34873151.9049975 1132910971775.71 68970983316.7545 -13590.3827115362 1921.22240401887 -22756327.2700669
35393646.7095497 1125823259221.9 69970112037.4515 -13644.2458412431 1917.90902535979 -22756327.2698627
35914141.5141019 1118707337232.51 70967487424.4563 -13698.7798829776 1914.48463744116 -22756327.269647
36434636.3186541 1111562852679.52 71963050770.4663 -13753.9999869497 1910.94565235037 -22756327.269419
36955131.1232063 1104389444421.58 72956741462.9678 -13809.9217975564 1907.28833604078 -22756327.269178
37475625.9277585 1097186743041.32 73948496906.2793 -13866.5614745359 1903.50880098162 -22756327.268923
37996120.7323107 1089954370571.39 74938252439.6559 -13923.9357152459 1899.60299836396 -22756327.2686532
38516615.5368629 1082691940208.6 75925941251.2137 -13982.0617781383 1895.56670983139 -22756327.2683674
39037110.3414151 1075399056015.43 76911494287.4197 -14040.9575075077 1891.39553870148 -22756327.2680645
39557605.1459673 1068075312608.43 77894840157.8719 -14100.6413595952 1887.08490064101 -22756327.2677433
40078099.9505196 1060720294832.56 78875905035.0749 -14161.1324301384 1882.63001375537 -22756327.2674027
40598594.7550718 1053333577420.84 79854612548.8956 -14222.4504834614 1878.02588804869 -22756327.2670409
41119089.559624 1045914724638.45 80830883675.3593 -14284.6159832099 1873.26731420785 -22756327.2666567
41639584.3641762 1038463289910.35 81804636619.4204 -14347.6501248421 1868.3488516596 -22756327.2662483
42160079.1687284 1030978815431.48 82775786691.3166 -14411.5748699957 1863.2648158452 -22756327.2658139
42680573.9732806 1023460831758.65 83744246176.0822 -14476.4129828609 1858.00926465257 -22756327.2653515
43201068.7778328 1015908857382.85 84709924195.7668 -14542.1880687004 1852.57598394031 -22756327.264859
43721563.582385 1008322398280.99 85672726563.8674 -14608.9246146675 1846.95847208224 -22756327.2643341
44242058.3869372 1000700947445.66 86632555631.4438 -14676.6480330875 1841.14992345443 -22756327.2637742
44762553.1914894 993043984391.819 87589310124.3467 -14745.3847073803 1835.14321077981 -22756327.2631765
45283047.9960416 985350974638.765 88542884970.9378 -14815.1620408185 1828.93086623736 -22756327.2625381
45803542.8005938 977621369165.944 89493171119.635 -14886.0085083295 1822.50506123418 -22756327.2618555
46324037.605146 969854603840.988 90440055345.5563 -14957.9537115711 1815.85758472913 -22756327.2611253
46844532.4096982 962050098818.162 91383420045.4787 -15031.0284375285 1808.97981998609 -22756327.2603434
47365027.2142504 954207257905.345 92323143020.2596 -15105.2647209027 1801.86271962275 -22756327.2595054
47885522.0188026 946325467897.482 93259097243.7959 -15180.6959105851 1794.49677880812 -22756327.2586067
48406016.8233548 938404097874.307 94191150617.5166 -15257.3567405395 1786.87200644675 -22756327.2576419
48926511.627907 930442498459.948 95119165709.314 -15335.283405443 1778.97789417179 -22756327.2566052
49447006.4324592 922440001041.845 96042999475.7239 -15414.5136414687 1770.80338295045 -22756327.2554903
49967501.2370114 914395916946.184 96962502966.0565 -15495.0868126305 1762.33682708546 -22756327.2542902
50487996.0415637 906309536566.853 97877521007.0607 -15577.0440031501 1753.56595537307 -22756327.2529972
51008490.8461159 898180128444.638 98787891866.575 -15660.4281163516 1744.47782915292 -22756327.2516025
51528985.6506681 890006938293.13 99693446894.4712 -15745.2839806364 1735.05879695653 -22756327.2500967
52049480.4552203 881789187967.5 100594010139.039 -15831.6584631493 1725.29444542929 -22756327.2484694
52569975.2597725 873526074371.963 101489397936.776 -15919.6005918065 1715.16954616445 -22756327.2467087
53090470.0643247 865216768301.392 102379418473.359 -16009.1616864241 1704.66799804773 -22756327.2448016
53610964.8688769 856860413212.142 103263871313.337 -16100.3954997652 1693.77276466477 -22756327.2427337
54131459.6734291 848456123916.681 104142546895.859 -16193.3583694055 1682.46580627264 -22756327.2404888
54651954.4779813 840002985196.141 105015225993.449 -16288.1093814188 1670.72800577758 -22756327.2380488
55172449.2825335 831500050324.367 105881679130.575 -16384.7105469853 1658.53908809559 -22756327.2353935
55692944.0870857 822946339496.413 106741665958.355 -16483.2269931546 1645.87753219658 -22756327.2325002
56213438.8916379 814340838153.765 107594934581.429 -16583.727169126 1632.72047504776 -22756327.2293434
56733933.6961901 805682495197.838 108441220832.52 -16686.2830695666 1619.04360657412 -22756327.2258945
57254428.5007423 796970221082.437 109280247489.783 -16790.9704766619 1604.8210546426 -22756327.2221212
57774923.3052945 788202885774.953 110111723431.45 -16897.8692227916 1590.02525894896 -22756327.2179871
58295418.1098467 779379316575.011 110935342721.671 -17007.0634759468 1574.62683254047 -22756327.213451
58815912.9143989 770498295778.143 111750783620.756 -17118.6420502613 1558.59440953941 -22756327.2084661
59336407.7189511 761558558170.712 112557707512.221 -17232.6987443211 1541.89447743899 -22756327.2029796
59856902.5235033 752558788340.885 113355757738.126 -17349.3327102457 1524.49119212044 -22756327.1969308
60377397.3280555 743497617788.769 114144558333.191 -17468.6488569176 1506.34617348152 -22756327.1902509
60897892.1326078 734373621816.965 114923712646.969 -17590.7582911699 1487.41827926748 -22756327.1828613
61418386.93716 725185316180.68 115692801842.043 -17715.7788012421 1467.66335434774 -22756327.1746716
61938881.7417122 715931153474.163 116451383254.653 -17843.8353873909 1447.0339522756 -22756327.1655782
62459376.5462644 706609519227.498 117198988602.405 -17975.0608452083 1425.47902549476 -22756327.1554616
62979871.3508166 697218727684.714 117935122021.684 -18109.5964079665 1402.94358000101 -22756327.1441839
63500366.1553688 687757017230.651 118659257915.027 -18247.592455205 1379.36828961493 -22756327.1315855
64020860.959921 678222545430.009 119370838586.027 -18389.2092958113 1354.68906425242 -22756327.1174809
64541355.7644732 668613383637.399 120069271636.148 -18534.6180350602 1328.83656567096 -22756327.1016544
65061850.5690254 658927511131.921 120753927094.21 -18684.0015364928 1301.73566309116 -22756327.0838535
65582345.3735776 649162808723.735 121424134244.972 -18837.5554911801 1273.30481981055 -22756327.0637827
66102840.1781298 639317051773.04 122079178118.283 -18995.4896088746 1243.45540039502 -22756327.0410946
66623334.982682 629387902553.748 122718295594.336 -19158.0289478624 1212.09088619803 -22756327.015379
67143829.7872342 619372901884.714 123340671073.68 -19325.4154030685 1179.10598475107 -22756326.9861506
67664324.5917864 609269459940.357 123945431652.389 -19497.9093752231 1144.38561590415 -22756326.9528322
68184819.3963386 599074846139.68 124531641733.133 -19675.7916477791 1107.80375436502 -22756326.9147353
68705314.2008908 588786177997.61 125098296991.238 -19859.3655029241 1069.22210435431 -22756326.871035
69225809.005443 578400408804.87 125644317601.041 -20048.9591136184 1028.48857728596 -22756326.8207386
69746303.8099952 567914313981.665 126168540611.178 -20244.9282553451 985.43553747725 -22756326.7626461
70266798.6145474 557324475925.669 126669711337.41 -20447.6593894371 939.877773603849 -22756326.6953003
70787293.4190996 546627267145.286 127146473617.334 -20657.5731798147 891.610144573504 -22756326.6169223
71307788.2236518 535818831433.928 127597358741.749 -20875.1285171546 840.404837215242 -22756326.5253296
71828283.028204 524895062798.745 128020772841.354 -21100.8271395045 786.008159039006 -22756326.4178296
72348777.8327562 513851581806.27 128414982463.04 -21335.2189568736 728.136771480693 -22756326.2910803
72869272.6373084 502683708945.699 128778098015.147 -21578.9082103453 666.473246403362 -22756326.140909
73389767.4418606 491386434535.383 129108054692.816 -21832.5606250027 600.66079969543 -22756325.962071
73910262.2464128 479954384606.164 129402590409.242 -22096.9117520954 530.29701859086 -22756325.7479293
74430757.050965 468381782082.016 129659220151.165 -22372.7767415741 454.926351111848 -22756325.490022
74951251.8555172 456662402438.469 129875206040.746 -22661.0618442973 374.031063061197 -22756325.1774769
75471746.6600694 444789522844.887 130047522212.085 -22962.7780177959 287.020285082719 -22756324.7962079
75992241.4646216 432755863578.078 130172813386.886 -23279.0571057959 193.216662198547 -22756324.3278015
76512736.2691738 420553520218.838 130247345743.465 -23611.1711870446 91.8399706357877 -22756323.7479588
77033231.073726 408173884792.196 130266948293.364 -23960.5558534587 -18.0131330595044 -22756323.0242836
77553725.8782782 395607553562.598 130226942477.871 -24328.8383953194 -137.394339010224 -22756322.1131086
78074220.6828303 382844218614.373 130122057026.776 -24717.872162066 -267.535373810978 -22756320.9548721
78594715.4873825 369872539590.66 129946324217.869 -25129.7787595843 -409.888169832182 -22756319.4672858
79115210.2919347 356679990967.603 129692952441.9 -25567.000279698 -566.176282965573 -22756317.5350724
79635705.0964869 343252678916.415 129354168272.089 -26032.3644946839 -738.461410827141 -22756314.994278
80156199.9010391 329575120026.997 128921018846.888 -26529.1669775257 -929.230447092861 -22756311.6078317
80676694.7055913 315629971749.759 128383121974.061 -27061.275559882 -1141.51086250729 -22756307.0266628
81197189.5101435 301397701088.033 127728346446.788 -27633.2646157477 -1379.02576963898 -22756300.7264177
81717684.3146957 286856173442.126 126942397823.565 -28250.5896695125 -1646.40554002971 -22756291.901823
82238179.1192479 271980136964.687 126008274054.702 -28919.8172561205 -1949.4815508846 -22756279.2853663
82758673.9238001 256740568414.348 124905538658.663 -29648.9315716617 -2295.70174047476 -22756260.826243
83279168.7283523 241103832863.321 123609332925.128 -30447.7494612845 -2694.73112043795 -22756233.1017565
83799663.5329045 225030589490.223 122089006246.279 -31328.4906420126 -3159.34066505189 -22756190.1950763
84320158.3374567 208474345551.295 120306173076.389 -32306.5738284316 -3706.75952735157 -22756121.4582891
84840653.1420089 191379514951.293 118211883221.866 -33401.7462967269 -4360.79765154327 -22756006.8212647
85361147.9465611 173678768237.626 115742373498.89 -34639.7106235092 -5155.30105171316 -22755806.3617295
85881642.7511133 155289355827.317 112812457733.625 -36054.4923589496 -6140.0210716279 -22755435.4900658
86402137.5556655 136107935780.988 109304796745.608 -37691.880222023 -7391.0998960535 -22754701.0502956
86922632.3602177 116003260783.083 105051567349.838 -39614.2407878853 -9030.9718308941 -22753120.8572184
87443127.1647699 94806062578.1256 99801126826.9513 -41906.2087594312 -11269.0166689435 -22749356.8021176
87963621.9693221 72296646883.2667 93152505467.3475 -44675.8610232866 -14492.416688317 -22739218.4598291
88484116.7738743 48198597063.0724 84413613011.0258 -48018.5635294656 -19492.4215394723 -22708057.7472143
89004611.5784265 22234421123.4944 72256603883.6276 -51740.4016412602 -28095.4769531738 -22610463.1941695
89525106.3829787 -5381418070.97665 53796084051.5512 -53390.8774027511 -44881.2532589288 -22765393.6938391
90045601.1875309 -30415220267.5269 22995174384.0381 -36679.5813311519 -74557.9219020278 -29164102.4900937
90566095.9920831 -37625354800.1856 -18612141813.2048 8664.0492506431 -77910.2062131056 -89677764.4737778
91086590.7966353 -26923105651.5883 -54048063438.1459 28025.8405591836 -58456.579373245 -97017826.2530456
91607085.6011875 -10957626034.0409 -80696617937.8385 32151.7527848131 -45068.6237515645 -97516470.1392584
92127580.4057397 5937512587.45755 -101836588766.87 32471.230515215 -36781.9032109761 -97611428.2114422
92648075.2102919 22682220801.5391 -119456997463.546 31789.9260104669 -31265.2507240067 -97636096.6984679
93168570.0148441 38988295646.6844 -134653219328.64 30848.6803671017 -27328.9944235447 -97644019.2595745
93689064.8193963 54790347263.7035 -148073274403.791 29873.4388103615 -24367.3371893731 -97647017.407397
94209559.6239485 70093348468.0064 -160129752453.028 28937.5479893897 -22047.7328661155 -97648306.1777111
94730054.4285007 84924781952.8773 -171101540359.585 28063.0486717184 -20173.9453192508 -97648918.5567467
95250549.2330529 99317985380.2376 -181186311787.382 27253.4787670158 -18622.9549308896 -97649233.8361719
95771044.0376051 113306089401.019 -190529597285.337 26505.6619722265 -17313.7223437179 -97649407.1118968
96291538.8421573 126919883997.195 -199241892537.629 25814.235050507 -16190.6397546127 -97649507.6331769
96812033.6467095 140187217611.554 -207409252994.481 25173.4375190392 -15214.2326734666 -97649568.6559585
97332528.4512617 153133000152.475 -215100141295.624 24577.8046911348 -14355.6668789212 -97649607.1585808
97853023.2558139 165779431128.842 -222370015694.026 24022.4053573599 -13593.3614817102 -97649632.2719583
98373518.060366 178146294682.365 -229264501067.916 23502.8889266686 -12910.822451907 -97649649.1312907
98894012.8649182 190251255976.206 -235821639420.99 23015.4555629935 -12295.212080765 -97649660.7389551
99414507.6694704 202110133536.604 -242073524443.758 22556.7989255289 -11736.3778487344 -97649668.9110716
99935002.4740226 213737139689.842 -248047513024.016 22124.0430899901 -11226.1769213354 -97649674.7796847
100455497.278575 225145088761.164 -253767139423.442 21714.6826413233 -10757.9960509572 -97649679.0695213
100975992.083127 236345575702.979 -259252816167.375 21326.529227649 -10326.4037524902 -97649682.2557572
101496486.887679 247349128778.06 -264522379123.035 20957.665314762 -9926.89394374516 -97649684.6567122
102016981.692231 258165339983.266 -269591516875.379 20606.4047929159 -9555.69405328351 -97649686.4898109
102537476.496784 268802976592.666 -274474112906.526 20271.2596805245 -9209.61935872738 -97649687.9062071
103057971.301336 279270076772.19 -279182521175.571 19950.9120734056 -8885.96100130801 -97649689.0126887
103578466.105888 289574031781.362 -283727790206.085 19644.1905273088 -8582.39888450813 -97649689.8858207
104098960.91044 299721656877.407 -288119846915.103 19350.0501521362 -8296.93320194877 -97649690.5812487
104619455.714992 309719252688.243 -292367648642.62 19067.5557996073 -8027.83008024085 -97649691.1399231
105139950.519545 319572658525.222 -296479309825.221 18795.8678250074 -7773.57803531969 -97649691.5923311
105660445.324097 329287298859.555 -300462208274.851 18534.2299914383 -7532.85279807513 -97649691.9614148
106180940.128649 338868223981.781 -304323074920.044 18281.9591599685 -7304.48867919352 -97649692.264612
106701434.933201 348320145694.878 -308068070036.434 18038.4364717655 -7087.45508848046 -97649692.515301
107221929.737753 357647468752.514 -311702848361.921 17803.0997800755 -6880.83715062348 -97649692.723835
107742424.542306 366854318639.362 -315232615007.303 17575.437132396 -6683.81960157066 -97649692.8982922
108262919.346858 375944566195.815 -318662173698 17354.9811379291 -6495.67333108361 -97649693.0450238
108783414.15141 384921849511.237 -321995968589.578 17141.3040837808 -6315.74407412397 -97649693.1690597
109303908.955962 393789593445.07 -325238120669.366 16934.0136865547 -6143.44285827271 -97649693.2744101
109824403.760514 402551027081.192 -328392459573.766 16732.7493849594 -5978.23789475103 -97649693.3642931
110344898.565067 411209199376.013 -331462551505.208 16537.1790945946 -5819.64766288096 -97649693.4413065
110865393.369619 419766993223.166 -334451723815.566 16346.9963588582 -5667.23498642075 -97649693.5075598
111385888.174171 428227138126.1 -337363086728.354 16161.9178404425 -5520.60193840093 -97649693.5647751
111906382.978723 436592221643.333 -340199552595.073 15981.681106584 -5379.38544129539 -97649693.6143654
112426877.783275 444864699748.655 -342963853018.329 15806.0426684406 -5243.25345340519 -97649693.6574962
112947372.587828 453046906229.565 -345658554122.689 15634.7762409638 -5111.90165158126 -97649693.6951327
113467867.39238 461141061231.051 -348286070211.661 15467.6711946293 -4985.05053590896 -97649693.7280785
113988362.196932 469149279038.062 -350848676013.845 15304.5311745714 -4862.44289451919 -97649693.7570051
114508857.001484 477073575178.198 -353348517691.867 15145.1728661768 -4743.84157689349 -97649693.7824758
115029351.806036 484915872916.051 -355787622763.065 14989.4248891438 -4629.02753236928 -97649693.8049653
115549846.610589 492678009201.938 -358167909060.207 14837.1268045082 -4517.79807739938 -97649693.8248748
116070341.415141 500361740130.252 -360491192843.079 14688.1282212483 -4409.96536076763 -97649693.842545
116590836.219693 507968745956.167 -362759196156.985 14542.2879908744 -4305.35500063992 -97649693.8582657
117111331.024245 515500635713.817 -364973553521.667 14399.4734799333 -4203.80487121993 -97649693.8722845
117631825.828797 522958951474.172 -367135818023.431 14259.5599116663 -4105.16402002623 -97649693.8848137
118152320.63335 530345172276.563 -369247466874.151 14122.4297691705 -4009.29169952802 -97649693.8960356
118672815.437902 537660717764.093 -371309906492.917 13987.9722533762 -3916.05649916476 -97649693.9061075
119193310.242454 544906951549.907 -373324477159.384 13856.0827899758 -3825.33556570552 -97649693.9151652
119713805.047006 552085184338.433 -375292457282.03 13726.6625801518 -3737.01390153777 -97649693.9233265
120234299.851558 559196676823.17 -377215067319.46 13599.6181905676 -3650.9837318632 -97649693.9306937
120754794.656111 566242642380.423 -379093473388.562 13474.8611786185 -3567.14393296032 -97649693.937356
121275289.460663 573224249576.37 -380928790589.459 13352.3077494032 -3485.39951468314 -97649693.9433913
121795784.265215 580142624503.163 -382722086073.913 13231.8784412814 -3405.66115123062 -97649693.9488676
122316279.069767 586998852958.181 -384474381880.909 13113.4978372344 -3327.84475496469 -97649693.9538448
122836773.874319 593793982479.228 -386186657560.613 12997.0942995549 -3251.87108869471 -97649693.9583754
123357268.678872 600529024247.226 -387859852605.653 12882.5997256602 -3177.66541239904 -97649693.9625057
123877763.483424 607204954866.87 -389494868706.698 12769.9493230642 -3105.15716083295 -97649693.9662765
124398258.287976 613822718034.767 -391092571847.591 12659.0814017474 -3034.27964888717 -97649693.969724
124918753.092528 620383226103.677 -392653794253.729 12549.9371823522 -2964.96980192253 -97649693.9728803
125439247.89708 626887361550.739 -394179336206.045 12442.4606187902 -2897.16790862086 -97649693.9757739
125959742.701633 633335978356.83 -395669967731.738 12336.598233995 -2830.81739416728 -97649693.9784299
126480237.506185 639729903303.613 -397126430181.798 12232.2989676769 -2765.86461181972 -97649693.9808709
127000732.310737 646069937194.232 -398549437704.46 12129.5140350545 -2702.25865113237 -97649693.9831171
127521227.115289 652356856003.139 -399939678622.829 12028.1967956335 -2639.95116128565 -97649693.9851865
128041721.919841 658591411960.047 -401297816724.177 11928.3026311956 -2578.89618813838 -97649693.9870951
128562216.724394 664774334572.608 -402624492467.728 11829.78883224 -2519.05002376196 -97649693.9888576
129082711.528946 670906331592.039 -403920324117.131 11732.6144921893 -2460.37106734393 -97649693.9904866
129603206.333498 676988089925.56 -405185908803.268 11636.7404087375 -2402.81969646082 -97649693.9919941
130123701.13805 683020276499.222 -406421823522.572 11542.1289917749 -2346.35814782026 -97649693.9933904
130644195.942602 689003539074.414 -407628626075.547 11448.7441773733 -2290.95040666132 -97649693.9946851
131164690.747154 694938507021.062 -408806855949.824 11356.5513473653 -2236.56210408066 -97649693.9958867
131685185.551707 700825792050.349 -409957035151.69 11265.5172540888 -2183.16042162314 -97649693.997003
132205680.356259 706665988909.506 -411079668989.71 11175.6099499073 -2130.71400253762 -97649693.9980409
132726175.160811 712459676041.097 -412175246813.788 11086.7987211504 -2079.19286915561 -97649693.999007
133246669.965363 718207416208.996 -413244242712.696 10999.0540261483 -2028.56834590017 -97649693.9999069
133767164.769915 723909757093.104 -414287116172.901 10912.3474370619 -1978.81298747783 -97649694.0007458
134287659.574468 729567231854.731 -415304312701.284 10826.6515852351 -1929.90051184661 -97649694.0015287
134808154.37902 735180359674.38 -416296264414.117 10741.9401098191 -1881.80573758975 -97649694.0022597
135328649.183572 740749646263.607 -417263390594.531 10658.187609438 -1834.50452535728 -97649694.0029429
135849143.988124 746275584352.452 -418206098220.479 10575.3695966828 -1787.97372306727 -97649694.0035819
136369638.792676 751758654153.897 -419124782465.113 10493.4624552408 -1742.19111458504 -97649694.0041801
136890133.597229 757199323806.636 -420019827171.278 10412.4433994802 -1697.13537162276 -97649694.0047404
137410628.401781 762598049797.429 -420891605301.773 10332.2904363228 -1652.78600862353 -97649694.0052656
137931123.206333 767955277364.165 -421740479366.847 10252.9823292554 -1609.12334041388 -97649694.0057583
138451618.010885 773271440880.714 -422566801830.336 10174.4985643351 -1566.1284424262 -97649694.0062207
138972112.815437 778546964224.591 -423370915495.727 10096.8193180618 -1523.78311330912 -97649694.0066552
139492607.61999 783782261128.34 -424153153873.337 10019.925426994 -1482.06983975834 -97649694.0070635
140013102.424542 788977735515.543 -424913841529.742 9943.79835899896 -1440.97176341391 -97649694.0074476
140533597.229094 794133781822.265 -425653294420.475 9868.42018603186 -1400.47264968215 -97649694.0078091
141054092.033646 799250785304.707 -426371820206.971 9793.77355834934 -1360.55685835141 -97649694.0081496
141574586.838198 804329122333.792 -427069718558.656 9719.84168006754 -1321.20931588114 -97649694.0084704
142095081.642751 809369160677.358 -427747281441.032 9646.60828598229 -1282.41548925286 -97649694.008773
142615576.447303 814371259770.603 -428404793390.522 9574.05761957469 -1244.16136128015 -97649694.0090583
143136071.251855 819335770975.373 -429042531776.833 9502.17441213046 -1206.43340728253 -97649694.0093278
143656566.056407 824263037828.853 -429660767053.513 9430.94386290651 -1169.21857303509 -97649694.0095822
144177060.860959 829153396282.196 -430259762997.339 9360.3516202829 -1132.50425391236 -97649694.0098227
144697555.665512 834007174929.594 -430839776937.149 9290.38376384235 -1096.27827515073 -97649694.0100501
145218050.470064 838824695228.233 -431401059972.678 9221.02678732343 -1060.52887315929 -97649694.0102652
145738545.274616 843606271709.61 -431943857183.915 9152.2675823972 -1025.24467781396 -97649694.0104688
146259040.079168 848352212182.6 -432468407831.503 9084.09342322029 -990.414695674378 -97649694.0106616
146779534.88372 853062817928.677 -432974945548.614 9016.49195172064 -956.028294067269 -97649694.0108443
147300029.688273 857738383889.657 -433463698524.766 8949.45116357478 -922.075185984042 -97649694.0110175
147820524.492825 862379198848.319 -433934889681.976 8882.9593948383 -888.545415743761 -97649694.0111817
148341019.297377 866985545602.223 -434388736843.641 8817.00530919362 -855.429345376172 -97649694.0113376
148861514.101929 871557701131.047 -434825452896.505 8751.5778857813 -822.717641682449 -97649694.0114855
149382008.906481 876095936757.736 -435245245946.067 8686.6664075834 -790.401263934165 -97649694.011626
149902503.711034 880600518303.739 -435648319465.739 8622.26045032932 -758.471452173648 -97649694.0117595
150422998.515586 885071706238.605 -436034872440.064 8558.34987189629 -726.919716081308 -97649694.0118864
150943493.320138 889509755824.182 -436405099502.279 8494.92480217845 -695.737824377747 -97649694.0120071
151463988.12469 893914917253.659 -436759191066.501 8431.97563340004 -664.917794730595 -97649694.0121219
151984482.929242 898287435785.683 -437097333454.775 8369.49301084974 -634.451884137905 -97649694.0122312
152504977.733795 902627551873.748 -437419709019.241 8307.46782401438 -604.332579761771 -97649694.0123352
153025472.538347 906935501291.078 -437726496259.642 8245.89119809175 -574.552590187468 -97649694.0124343
153545967.342899 911211515251.181 -438017869936.385 8184.75448586331 -545.104837084987 -97649694.0125287
154066462.147451 915455820524.265 -438294001179.364 8124.04925990879 -515.982447251256 -97649694.0126188
154586956.952003 919668639549.688 -438555057592.736 8063.7673051455 -487.178745012693 -97649694.0127046
155107451.756556 923850190544.601 -438801203355.828 8003.90061167655 -458.687244968977 -97649694.0127864
155627946.561108 928000687608.952 -439032599320.361 7944.44136793265 -430.501645060067 -97649694.0128646
156148441.36566 932120340826.99 -439249403104.134 7885.38195409333 -402.615819939617 -97649694.0129392
156668936.170212 936209356365.412 -439451769181.345 7826.71493577397 -375.023814638896 -97649694.0130105
157189430.974764 940267936568.299 -439639848969.682 7768.43305796616 -347.719838506304 -97649694.0130785
157709925.779317 944296280048.951 -439813790914.329 7710.52923921902 -320.698259408427 -97649694.0131436
158230420.583869 948294581778.762 -439973740569.019 7652.99656605039 -293.953598179407 -97649694.0132058
158750915.388421 952263033173.238 -440119840674.259 7595.82828757701 -267.480523306149 -97649694.0132653
159271410.192973 956201822175.277 -440252231232.848 7539.01781035355 -241.273845837639 -97649694.0133221
159791904.997525 960111133335.818 -440371049582.803 7482.55869341079 -215.328514507274 -97649694.0133766
160312399.802078 963991147891.949 -440476430467.798 7426.44464348393 -189.63961105777 -97649694.0134287
160832894.60663 967842043842.588 -440568506105.217 7370.66951042237 -164.202345758769 -97649694.0134786
161353389.411182 971663996021.814 -440647406251.927 7315.22728277266 -139.012053107844 -97649694.0135264
161873884.215734 975457176169.947 -440713258267.857 7260.11208352704 -114.064187706092 -97649694.0135722
162394379.020286 979221753002.453 -440766187177.475 7205.31816603002 -89.3543203000078 -97649694.0136161
162914873.824839 982957892276.758 -440806315729.246 7150.8399100362 -64.8781339817725 -97649694.0136581
163435368.629391 986665756857.053 -440833764453.146 7096.67181791251 -40.6314205405196 -97649694.0136985
163955863.433943 990345506777.15 -440848651716.328 7042.80851097875 -16.610076957547 -97649694.0137372
164476358.238495 993997299301.478 -440851093776.987 6989.2447259803 7.18989796119174 -97649694.0137743
164996853.043047 997621288984.266 -440841204836.511 6935.97531168748 30.7724068216204 -97649694.01381
165517347.8476 1001217627727 -440819097089.982 6882.99522561591 54.1412567530755 -97649694.0138442
166037842.652152 1004786464834.17 -440784880775.087 6830.29953086308 77.300162400507 -97649694.013877
166558337.456704 1008327947067.49 -440738664219.505 6777.88339305589 100.252748802713 -97649694.0139086
167078832.261256 1011842218698.41 -440680553886.812 6725.74207740478 123.002554161705 -97649694.0139389
167599327.065808 1015329421559.26 -440610654420.993 6673.87094585985 145.553032508024 -97649694.0139681
168119821.870361 1018789695092.86 -440529068689.571 6622.26545436487 167.907556266615 -97649694.0139961
168640316.674913 1022223176400.78 -440435897825.441 6570.92115020509 190.069418727591 -97649694.014023
169160811.479465 1025630000290.15 -440331241267.433 6519.8336694451 212.041836426039 -97649694.0140489
169681306.284017 1029010299319.29 -440215196799.665 6468.99873445297 233.827951434787 -97649694.0140738
170201801.088569 1032364203841.98 -440087860589.718 6418.41215150739 255.43083357388 -97649694.0140978
170722295.893122 1035691842050.49 -439949327225.69 6368.06980848424 276.853482540299 -97649694.0141208
171242790.697674 1038993340017.52 -439799689752.153 6317.96767261975 298.098829961321 -97649694.0141431
171763285.502226 1042268821736.94 -439639039705.066 6268.10178834685 319.169741374715 -97649694.0141645
172283780.306778 1045518409163.36 -439467467145.677 6218.46827520219 340.069018138847 -97649694.0141851
172804275.11133 1048742222250.77 -439285060693.439 6169.06332580084 360.799399275595 -97649694.0142049
173324769.915882 1051940378990.01 -439091907557.998 6119.88320387615 381.363563248864 -97649694.014224
173845264.720435 1055112995445.31 -438888093570.257 6070.92424238222 401.764129681317 -97649694.0142424
174365759.524987 1058260185789.84 -438673703212.573 6022.18284165657 422.003661011868 -97649694.0142602
174886254.329539 1061382062340.32 -438448819648.101 5973.65546764083 442.084664096315 -97649694.0142773
175406749.134091 1064478735590.69 -438213524749.318 5925.33865015701 462.00959175342 -97649694.0142938
175927243.938643 1067550314244.95 -437967899125.76 5877.22898123758 481.780844258599 -97649694.0143097
176447738.743196 1070596905249.13 -437712022150.993 5829.32311350703 501.400770787323 -97649694.0143251
176968233.547748 1073618613822.36 -437445971988.843 5781.61775861324 520.871670810209 -97649694.0143399
177488728.3523 1076615543487.26 -437169825618.918 5734.10968570665 540.195795441699 -97649694.0143542
178009223.156852 1079587796099.43 -436883658861.431 5686.79571996558 559.375348744134 -97649694.014368
178529717.961404 1082535471876.29 -436587546401.363 5639.67274116597 578.412488988973 -97649694.0143813
179050212.765957 1085458669425.07 -436281561811.98 5592.73768229388 597.309329876782 -97649694.0143942
179570707.570509 1088357485770.22 -435965777577.717 5545.98752819927 616.067941717599 -97649694.0144066
180091202.375061 1091232016380.03 -435640265116.47 5499.41931428957 634.690352573176 -97649694.0144186
180611697.179613 1094082355192.6 -435305094801.291 5453.03012526155 653.178549362533 -97649694.0144302
181132191.984165 1096908594641.2 -434960335981.528 5406.81709387022 671.534478932226 -97649694.0144414
181652686.788718 1099710825678.96 -434606057003.408 5360.77739973335 689.760049092638 -97649694.0144522
182173181.59327 1102489137802.97 -434242325230.092 5314.90826817041 707.857129621558 -97649694.0144627
182693676.397822 1105243619077.74 -433869207061.22 5269.20696907479 725.827553236261 -97649694.0144728
183214171.202374 1107974356158.14 -433486767951.951 5223.67081581792 743.673116535261 -97649694.0144826
183734666.006926 1110681434311.77 -433095072431.525 5178.29716418449 761.395580910821 -97649694.0144921
184255160.811479 1113364937440.73 -432694184121.355 5133.08341133741 778.99667343331 -97649694.0145012
184775655.616031 1116024948102.88 -432284165752.673 5088.0269948117 796.47808770841 -97649694.0145101
185296150.420583 1118661547532.66 -431865079183.722 5043.12539153616 813.841484708164 -97649694.0145186
185816645.225135 1121274815661.31 -431436985416.536 4998.37611688199 831.088493576782 -97649694.014527
186337140.029687 1123864831136.6 -430999944613.303 4953.77672373744 848.220712412119 -97649694.014535
186857634.83424 1126431671342.19 -430554016112.322 4909.32480160747 865.23970902369 -97649694.0145427
187378129.638792 1128975412416.44 -430099258443.58 4865.01797573783 882.147021668025 -97649694.0145502
187898624.443344 1131496129270.73 -429635729343.942 4820.85390626248 898.94415976218 -97649694.0145575
188419119.247896 1133993895607.51 -429163485771.989 4776.83028737378 915.632604576162 -97649694.0145646
188939614.052448 1136468783937.71 -428682583922.482 4732.94484651458 932.213809904977 -97649694.0145714
189460108.857001 1138920865597.91 -428193079240.502 4689.19534359152 948.689202721036 -97649694.014578
189980603.661553 1141350210767.02 -427695026435.24 4645.57957020887 965.06018380756 -97649694.0145844
190501098.466105 1143756888482.57 -427188479493.466 4602.09534892223 981.328128373657 -97649694.0145906
191021593.270657 1146140966656.62 -426673491692.69 4558.74053251134 997.494386651674 -97649694.0145966
191542088.075209 1148502512091.37 -426150115614.005 4515.51300327163 1013.56028447743 -97649694.0146024
192062582.879762 1150841590494.24 -425618403154.641 4472.41067232357 1029.52712385389 -97649694.0146081
192583077.684314 1153158266492.81 -425078405540.224 4429.43147893959 1045.3961834989 -97649694.0146135
193103572.488866 1155452603649.22 -424530173336.759 4386.57338988769 1061.16871937736 -97649694.0146189
193624067.293418 1157724664474.32 -423973756462.337 4343.83439879153 1076.84596521853 -97649694.014624
194144562.09797 1159974510441.54 -423409204198.576 4301.21252550613 1092.42913301885 -97649694.014629
194665056.902523 1162202202000.33 -422836565201.808 4258.705815509 1107.91941353072 -97649694.0146338
195185551.707075 1164407798589.37 -422255887514.006 4216.31233930603 1123.31797673786 -97649694.0146385
195706046.511627 1166591358649.42 -421667218573.48 4174.03019185169 1138.6259723174 -97649694.014643
196226541.316179 1168752939635.94 -421070605225.325 4131.85749198319 1153.84453008951 -97649694.0146475
196747036.120731 1170892598031.31 -420466093731.643 4089.79238186806 1168.97476045451 -97649694.0146518
197267530.925284 1173010389356.92 -419853729781.541 4047.83302646475 1184.01775481835 -97649694.0146559
197788025.729836 1175106368184.81 -419233558500.907 4005.97761299595 1198.97458600639 -97649694.0146599
198308520.534388 1177180588149.17 -418605624461.976 3964.22435043405 1213.84630866613 -97649694.0146638
198829015.33894 1179233101957.54 -417969971692.693 3922.57146899855 1228.63395965914 -97649694.0146676
199349510.143492 1181263961401.69 -417326643685.865 3881.01721966495 1243.33855844253 -97649694.0146713
199870004.948045 1183273217368.35 -416675683408.126 3839.55987368476 1257.96110744027 -97649694.0146749
200390499.752597 1185260919849.62 -416017133308.709 3798.19772211637 1272.50259240467 -97649694.0146784
200910994.557149 1187227117953.16 -415351035328.029 3756.92907536635 1286.96398276847 -97649694.0146817
201431489.361701 1189171859912.12 -414677430906.089 3715.75226274095 1301.3462319875 -97649694.014685
201951984.166253 1191095193094.92 -413996360990.71 3674.66563200746 1315.65027787457 -97649694.0146882
202472478.970806 1192997164014.69 -413307866045.585 3633.66754896502 1329.8770429246 -97649694.0146913
202992973.775358 1194877818338.57 -412611986058.172 3592.75639702486 1344.02743463134 -97649694.0146943
203513468.57991 1196737200896.79 -411908760547.418 3551.93057679937 1358.10234579595 -97649694.0146972
204033963.384462 1198575355691.46 -411198228571.333 3511.18850569998 1372.10265482765 -97649694.0147
204554458.189014 1200392325905.28 -410480428734.4 3470.52861754343 1386.02922603669 -97649694.0147027
205074952.993567 1202188153909.93 -409755399194.838 3429.94936216627 1399.88290991983 -97649694.0147054
205595447.798119 1203962881274.33 -409023177671.725 3389.44920504731 1413.66454343865 -97649694.014708
206115942.602671 1205716548772.67 -408283801451.966 3349.02662693773 1427.37495029075 -97649694.0147105
206636437.407223 1207449196392.28 -407537307397.13 3308.68012349872 1441.01494117419 -97649694.0147129
207156932.211775 1209160863341.3 -406783731950.151 3268.40820494635 1454.58531404526 -97649694.0147153
207677427.016328 1210851588056.15 -406023111141.89 3228.2093957035 1468.08685436985 -97649694.0147175
208197921.82088 1212521408208.85 -405255480597.575 3188.08223405854 1481.52033536855 -97649694.0147198
208718416.625432 1214170360714.14 -404480875543.113 3148.02527183073 1494.88651825566 -97649694.014722
209238911.429984 1215798481736.42 -403699330811.274 3108.03707404195 1508.18615247232 -97649694.0147241
209759406.234536 1217405806696.59 -402910880847.766 3068.11621859473 1521.41997591391 -97649694.0147261
210279901.039089 1218992370278.62 -402115559717.179 3028.26129595624 1534.58871515186 -97649694.0147281
210800395.843641 1220558206436.03 -401313401108.828 2988.4709088482 1547.69308565003 -97649694.01473
211320890.648193 1222103348398.19 -400504438342.479 2948.74367194243 1560.73379197583 -97649694.0147319
211841385.452745 1223627828676.46 -399688704373.963 2909.07821156195 1573.71152800624 -97649694.0147337
212361880.257297 1225131679070.16 -398866231800.692 2869.47316538737 1586.62697712882 -97649694.0147355
212882375.06185 1226614930672.45 -398037052867.063 2829.92718216844 1599.48081243787 -97649694.0147372
213402869.866402 1228077613875.98 -397201199469.771 2790.43892144074 1612.27369692586 -97649694.0147388
213923364.670954 1229519758378.43 -396358703163.014 2751.00705324707 1625.00628367035 -97649694.0147405
214443859.475506 1230941393187.93 -395509595163.606 2711.63025786369 1637.67921601633 -97649694.014742
214964354.280058 1232342546628.3 -394653906356 2672.30722553102 1650.2931277543 -97649694.0147435
215484849.08461 1233723246344.19 -393791667297.21 2633.03665618889 1662.84864329408 -97649694.014745
216005343.889163 1235083519306.02 -392922908221.655 2593.81725921595 1675.34637783452 -97649694.0147464
216525838.693715 1236423391814.86 -392047659045.906 2554.64775317332 1687.78693752916 -97649694.0147478
217046333.498267 1237742889507.13 -391165949373.353 2515.52686555224 1700.17091964806 -97649694.0147492
217566828.302819 1239042037359.19 -390277808498.788 2476.45333252563 1712.49891273574 -97649694.0147505
218087323.107371 1240320859691.78 -389383265412.907 2437.42589870335 1724.77149676546 -97649694.0147517
218607817.911924 1241579380174.37 -388482348806.729 2398.44331689124 1736.98924328988 -97649694.014753
219128312.716476 1242817621829.36 -387575087075.942 2359.50434785357 1749.1527155882 -97649694.0147541
219648807.521028 1244035607036.13 -386661508325.174 2320.60776007895 1761.2624688099 -97649694.0147553
220169302.32558 1245233357535.05 -385741640372.184 2281.75232954957 1773.31905011503 -97649694.0147564
220689797.130132 1246410894431.28 -384815510751.988 2242.93683951357 1785.32299881138 -97649694.0147575
221210291.934685 1247568238198.52 -383883146720.909 2204.16008026058 1797.27484648841 -97649694.0147585
221730786.739237 1248705408682.6 -382944575260.559 2165.42084890013 1809.175117148 -97649694.0147596
222251281.543789 1249822425104.98 -381999823081.759 2126.71794914301 1821.02432733235 -97649694.0147605
222771776.348341 1250919306066.12 -381048916628.386 2088.05019108541 1832.82298624874 -97649694.0147615
223292271.152893 1251996069548.78 -380091882081.159 2049.41639099569 1844.57159589158 -97649694.0147624
223812765.957446 1253052732921.13 -379128745361.362 2010.81537110375 1856.27065116149 -97649694.0147633
224333260.761998 1254089312939.84 -378159532134.51 1972.24595939288 1867.9206399818 -97649694.0147641
224853755.56655 1255105825752.99 -377184267813.943 1933.70698939402 1879.5220434122 -97649694.0147649
225374250.371102 1256102286902.94 -376202977564.378 1895.1972999823 1891.07533575994 -97649694.0147657
225894745.175654 1257078711329 -375215686305.388 1856.71573517579 1902.58098468836 -97649694.0147665
226415239.980207 1258035113370.14 -374222418714.839 1818.26114393637 1914.03945132299 -97649694.0147672
226935734.784759 1258971506767.42 -373223199232.259 1779.83237997267 1925.45119035514 -97649694.0147679
227456229.589311 1259887904666.49 -372218052062.166 1741.42830154493 1936.81665014323 -97649694.0147686
227976724.393863 1260784319619.86 -371207001177.338 1703.04777127174 1948.13627281163 -97649694.0147693
228497219.198415 1261660763589.11 -370190070322.026 1664.68965593857 1959.4104943474 -97649694.0147699
229017714.002968 1262517247947.07 -369167283015.134 1626.35282630801 1970.63974469464 -97649694.0147705
229538208.80752 1263353783479.77 -368138662553.332 1588.03615693162 1981.82444784681 -97649694.0147711
230058703.612072 1264170380388.41 -367104232014.133 1549.73852596338 1992.96502193677 -97649694.0147716
230579198.416624 1264967048291.18 -366064014258.92 1511.45881497456 2004.06187932489 -97649694.0147722
231099693.221176 1265743796224.96 -365018031935.93 1473.19590877003 2015.11542668504 -97649694.0147727
231620188.025729 1266500632647 -363966307483.187 1434.94869520587 2026.12606508853 -97649694.0147732
232140682.830281 1267237565436.43 -362908863131.402 1396.71606500823 2037.09419008625 -97649694.0147736
232661177.634833 1267954601895.72 -361845720906.823 1358.49691159342 2048.02019178875 -97649694.0147741
233181672.439385 1268651748752.02 -360776902634.044 1320.29013088902 2058.9044549445 -97649694.0147745
233702167.243937 1269329012158.45 -359702429938.781 1282.09462115613 2069.74735901637 -97649694.0147749
234222662.04849 1269986397695.23 -358622324250.599 1243.90928281249 2080.54927825619 -97649694.0147753
234743156.853042 1270623910370.79 -357536606805.609 1205.73301825654 2091.31058177768 -97649694.0147756
235263651.657594 1271241554622.74 -356445298649.121 1167.56473169236 2102.03163362753 -97649694.0147759
235784146.462146 1271839334318.76 -355348420638.263 1129.40332895525 2112.71279285487 -97649694.0147762
236304641.266698 1272417252757.41 -354245993444.567 1091.24771733814 2123.35441357903 -97649694.0147765
236825136.071251 1272975312668.84 -353138037556.516 1053.0968054185 2133.95684505569 -97649694.0147768
237345630.875803 1273513516215.44 -352024573282.059 1014.94950288593 2144.5204317414 -97649694.014777
237866125.680355 1274031864992.32 -350905620751.093 976.804720370128 2155.04551335659 -97649694.0147772
238386620.484907 1274530360027.81 -349781199917.911 938.661369269377 2165.5324249469 -97649694.0147774
238907115.289459 1275009001783.77 -348651330563.619 900.518361579347 2175.98149694319 -97649694.0147776
239427610.094012 1275467790155.9 -347516032298.526 862.374609722206 2186.39305521983 -97649694.0147778
239948104.898564 1275906724473.89 -346375324564.496 824.229026375966 2196.76742115173 -97649694.0147779
240468599.703116 1276325803501.49 -345229226637.28 786.080524303992 2207.10491166978 -97649694.014778
240989094.507668 1276725025436.56 -344077757628.812 747.928016184617 2217.40583931493 -97649694.0147781
241509589.31222 1277104387910.96 -342920936489.481 709.770414440799 2227.67051229088 -97649694.0147782
242030084.116773 1277463887990.35 -341758782010.375 671.606631069744 2237.89923451537 -97649694.0147783
242550578.921325 1277803522173.94 -340591312825.5 633.435577472448 2248.0923056701 -97649694.0147783
243071073.725877 1278123286394.16 -339418547413.97 595.256164283075 2258.25002124937 -97649694.0147783
243591568.530429 1278423176016.18 -338240504102.175 557.067301198128 2268.37267260736 -97649694.0147783
244112063.334981 1278703185837.39 -337057201065.926 518.867896805327 2278.46054700409 -97649694.0147783
244632558.139534 1278963310086.78 -335868656332.571 480.656858412139 2288.51392765018 -97649694.0147783
245153052.944086 1279203542424.24 -334674887783.092 442.433091873901 2298.53309375026 -97649694.0147782
245673547.748638 1279423875939.74 -333475913154.181 404.195501421463 2308.51832054515 -97649694.0147781
246194042.55319 1279624303152.43 -332271750040.291 365.942989488277 2318.4698793529 -97649694.014778
246714537.357742 1279804816009.72 -331062415895.667 327.674456536892 2328.38803760845 -97649694.0147779
247235032.162295 1279965405886.11 -329847928036.36 289.38880088476 2338.27305890221 -97649694.0147777
247755526.966847 1280106063582.14 -328628303642.212 251.084918529307 2348.12520301744 -97649694.0147776
248276021.771399 1280226779323.05 -327403559758.836 212.761702972187 2357.94472596634 -97649694.0147774
248796516.575951 1280327542757.46 -326173713299.563 174.418045042664 2367.73188002514 -97649694.0147772
249317011.380503 1280408342955.95 -324938781047.382 136.052832720045 2377.48691376789 -97649694.014777
249837506.185056 1280469168409.53 -323698779656.856 97.664950955098 2387.21007209919 -97649694.0147767
250358000.989608 1280510007027.97 -322453725656.025 59.2532814903866 2396.90159628572 -97649694.0147765
250878495.79416 1280530846138.16 -321203635448.291 20.8167026794468 2406.56172398671 -97649694.0147762
251398990.598712 1280531672482.24 -319948525314.289 -17.6459106952602 2416.19068928324 -97649694.0147759
251919485.403264 1280512472215.69 -318688411413.739 -56.1356876056942 2425.78872270645 -97649694.0147756
252439980.207817 1280473230905.39 -317423309787.289 -94.6537609629536 2435.35605126461 -97649694.0147752
252960475.012369 1280413933527.44 -316153236358.345 -133.201267803437 2444.89289846915 -97649694.0147748
253480969.816921 1280334564465.04 -314878206934.876 -171.779349476528 2454.39948435956 -97649694.0147744
254001464.621473 1280235107506.13 -313598237211.223 -210.389151833867 2463.87602552718 -97649694.014774
254521959.426025 1280115545841.05 -312313342769.885 -249.031825420308 2473.32273513796 -97649694.0147736
255042454.230577 1279975862060.01 -311023539083.294 -287.708525666614 2482.73982295409 -97649694.0147731
255562949.03513 1279816038150.51 -309728841515.584 -326.420413083991 2492.12749535457 -97649694.0147726
256083443.839682 1279636055494.66 -308429265324.348 -365.168653460526 2501.48595535473 -97649694.0147721
256603938.644234 1279435894866.35 -307124825662.38 -403.954418059624 2510.8154026246 -97649694.0147715
257124433.448786 1279215536428.37 -305815537579.412 -442.778883820514 2520.11603350629 -97649694.014771
257644928.253338 1278974959729.41 -304501416023.847 -481.64323356092 2529.38804103025 -97649694.0147704
258165423.057891 1278714143700.91 -303182475844.473 -520.54865618198 2538.63161493046 -97649694.0147698
258685917.862443 1278433066653.9 -301858731792.178 -559.496346875495 2547.84694165854 -97649694.0147691
259206412.666995 1278131706275.61 -300530198521.654 -598.487507333607 2557.03420439681 -97649694.0147685
259726907.471547 1277810039626.06 -299196890593.096 -637.523345960993 2566.19358307024 -97649694.0147678
260247402.276099 1277468043134.52 -297858822473.894 -676.605078089664 2575.32525435731 -97649694.0147671
260767897.080652 1277105692595.82 -296516008540.321 -715.733926196474 2584.42939169979 -97649694.0147663
261288391.885204 1276722963166.61 -295168463079.214 -754.911120123429 2593.50616531147 -97649694.0147656
261808886.689756 1276319829361.43 -293816200289.653 -794.137897300892 2602.55574218569 -97649694.0147647
262329381.494308 1275896265048.74 -292459234284.638 -833.415502973798 2611.57828610187 -97649694.0147639
262849876.29886 1275452243446.74 -291097579092.755 -872.745190430968 2620.57395763087 -97649694.014763
263370371.103413 1274987737119.2 -289731248659.848 -912.128221237639 2629.54291413921 -97649694.0147621
263890865.907965 1274502717971 -288360256850.688 -951.565865471313 2638.48530979223 -97649694.0147612
264411360.712517 1273997157243.73 -286984617450.633 -991.059401961032 2647.40129555603 -97649694.0147603
264931855.517069 1273471025510.99 -285604344167.3 -1030.61011853021 2656.29101919832 -97649694.0147593
265452350.321621 1272924292673.69 -284219450632.224 -1070.2193122431 2665.15462528806 -97649694.0147582
265972845.126174 1272356927955.19 -282829950402.526 -1109.88828965507 2673.99225519398 -97649694.0147572
266493339.930726 1271768899896.24 -281435856962.577 -1149.61836706678 2682.80404708185 -97649694.0147561
267013834.735278 1271160176349.87 -280037183725.671 -1189.41087078234 2691.5901359106 -97649694.0147549
267534329.53983 1270530724476.14 -278633944035.689 -1229.26713737167 2700.35065342717 -97649694.0147537
268054824.344382 1269880510736.67 -277226151168.777 -1269.18851393714 2709.0857281602 -97649694.0147525
268575319.148935 1269209500889.16 -275813818335.024 -1309.1763583846 2717.79548541241 -97649694.0147513
269095813.953487 1268517659981.63 -274396958680.137 -1349.232039699 2726.48004725169 -97649694.01475
269616308.758039 1267804952346.6 -272975585287.133 -1389.35693822469 2735.139532501 -97649694.0147486
270136803.562591 1267071341595.12 -271549711178.031 -1429.5524459506 2743.77405672689 -97649694.0147473
270657298.367143 1266316790610.64 -270119349315.546 -1469.81996680036 2752.38373222666 -97649694.0147459
271177793.171696 1265541261542.68 -268684512604.796 -1510.16091692759 2760.96866801427 -97649694.0147444
271698287.976248 1264744715800.43 -267245213895.02 -1550.57672501656 2769.52896980478 -97649694.0147429
272218782.7808 1263927114046.1 -265801465981.29 -1591.06883258821 2778.06473999743 -97649694.0147413
272739277.585352 1263088416188.23 -264353281606.249 -1631.63869431189 2786.5760776573 -97649694.0147398
273259772.389904 1262228581374.7 -262900673461.85 -1672.28777832288 2795.06307849553 -97649694.0147381
273780267.194457 1261347567985.64 -261443654191.104 -1713.01756654588 2803.52583484797 -97649694.0147364
274300761.999009 1260445333626.23 -259982236389.847 -1753.82955502471 2811.96443565244 -97649694.0147347
274821256.803561 1259521835119.18 -258516432608.511 -1794.72525425829 2820.37896642437 -97649694.0147329
275341751.608113 1258577028497.17 -257046255353.916 -1835.70618954325 2828.76950923088 -97649694.014731
275862246.412665 1257610868995.05 -255571717091.069 -1876.77390132324 2837.13614266324 -97649694.0147291
276382741.217218 1256623311041.86 -254092830244.98 -1917.92994554516 2845.47894180769 -97649694.0147271
276903236.02177 1255614308252.65 -252609607202.499 -1959.17589402261 2853.79797821461 -97649694.0147251
277423730.826322 1254583813420.16 -251122060314.158 -2000.51333480668 2862.09331986588 -97649694.014723
277944225.630874 1253531778506.22 -249630201896.043 -2041.94387256429 2870.36503114057 -97649694.0147209
278464720.435426 1252458154633.07 -248134044231.678 -2083.46912896451 2878.61317277875 -97649694.0147187
278985215.239979 1251362892074.34 -246633599573.923 -2125.09074307271 2886.83780184346 -97649694.0147164
279505710.044531 1250245940245.92 -245128880146.907 -2166.81037175326 2895.03897168082 -97649694.014714
280026204.849083 1249107247696.62 -243619898147.965 -2208.62969008062 2903.21673187817 -97649694.0147116
280546699.653635 1247946762098.51 -242106665749.614 -2250.55039175932 2911.37112822016 -97649694.0147091
281067194.458187 1246764430237.2 -240589195101.536 -2292.57418955303 2919.50220264283 -97649694.0147066
281587689.26274 1245560198001.71 -239067498332.599 -2334.70281572298 2927.60999318562 -97649694.0147039
282108184.067292 1244334010374.31 -237541587552.898 -2376.93802247601 2935.69453394113 -97649694.0147012
282628678.871844 1243085811419.91 -236011474855.82 -2419.28158242263 2943.75585500273 -97649694.0146984
283149173.676396 1241815544275.43 -234477172320.14 -2461.73528904528 2951.79398240979 -97649694.0146955
283669668.480948 1240523151138.71 -232938692012.149 -2504.30095717716 2959.80893809065 -97649694.0146925
284190163.285501 1239208573257.34 -231396045987.807 -2546.98042349196 2967.80073980312 -97649694.0146894
284710658.090053 1237871750917.13 -229849246294.928 -2589.77554700484 2975.76940107247 -97649694.0146863
285231152.894605 1236512623430.36 -228298304975.404 -2632.68820958492 2983.7149311269 -97649694.014683
285751647.699157 1235131129123.76 -226743234067.456 -2675.7203164798 2991.63733483029 -97649694.0146797
286272142.503709 1233727205326.15 -225184045607.923 -2718.87379685228 2999.53661261231 -97649694.0146762
286792637.308262 1232300788355.94 -223620751634.591 -2762.15060432983 3007.41276039566 -97649694.0146727
287313132.112814 1230851813508.15 -222053364188.558 -2805.55271756717 3015.26576952041 -97649694.014669
287833626.917366 1229380215041.31 -220481895316.638 -2849.08214082225 3023.09562666542 -97649694.0146652
288354121.721918 1227885926163.94 -218906357073.81 -2892.74090454624 3030.90231376657 -97649694.0146613
288874616.52647 1226368879020.8 -217326761525.707 -2936.53106598784 3038.68580793191 -97649694.0146573
289395111.331023 1224829004678.71 -215743120751.154 -2980.45470981242 3046.44608135345 -97649694.0146531
289915606.135575 1223266233112.2 -214155446844.749 -3024.51394873644 3054.18310121558 -97649694.0146489
290436100.940127 1221680493188.68 -212563751919.492 -3068.71092417762 3061.89682960002 -97649694.0146445
290956595.744679 1220071712653.36 -210968048109.472 -3113.04780692143 3069.5872233871 -97649694.01464
291477090.549231 1218439818113.78 -209368347572.594 -3157.52679780437 3077.25423415329 -97649694.0146353
291997585.353784 1216784735023.95 -207764662493.372 -3202.15012841459 3084.89780806493 -97649694.0146305
292518080.158336 1215106387668.24 -206157005085.773 -3246.92006181038 3092.51788576788 -97649694.0146255
293038574.962888 1213404699144.74 -204545387596.117 -3291.83889325725 3100.11440227303 -97649694.0146204
293559069.76744 1211679591348.3 -202929822306.043 -3336.90895098399 3107.68728683762 -97649694.0146151
294079564.571992 1209930984953.23 -201310321535.537 -3382.13259695851 3115.236462842 -97649694.0146096
294600059.376545 1208158799395.47 -199686897646.02 -3427.51222768407 3122.76184766187 -97649694.014604
295120554.181097 1206362952854.43 -198059563043.511 -3473.05027501649 3130.26335253574 -97649694.0145981
295641048.985649 1204543362234.38 -196428330181.856 -3518.74920700316 3137.74088242748 -97649694.0145921
296161543.790201 1202699943145.37 -194793211566.029 -3564.61152874449 3145.19433588375 -97649694.0145859
296682038.594753 1200832609883.73 -193154219755.514 -3610.63978327859 3152.62360488614 -97649694.0145796
297202533.399306 1198941275412.09 -191511367367.758 -3656.83655248995 3160.02857469782 -97649694.014573
297723028.203858 1197025851338.88 -189864667081.711 -3703.20445804296 3167.40912370452 -97649694.0145661
298243523.00841 1195086247897.44 -188214131641.451 -3749.74616234105 3174.76512324956 -97649694.0145591
298764017.812962 1193122373924.52 -186559773859.886 -3796.46436951242 3182.09643746287 -97649694.0145518
299284512.617514 1191134136838.29 -184901606622.562 -3843.36182642313 3189.40292308348 -97649694.0145443
299805007.422067 1189121442615.86 -183239642891.556 -3890.44132371872 3196.68442927559 -97649694.0145365
300325502.226619 1187084195770.21 -181573895709.463 -3937.70569689507 3203.9407974377 -97649694.0145285
300845997.031171 1185022299326.51 -179904378203.498 -3985.15782739976 3211.1718610046 -97649694.0145202
301366491.835723 1182935654797.98 -178231103589.684 -4032.80064376482 3218.37744524208 -97649694.0145117
301886986.640275 1180824162161.04 -176554085177.169 -4080.63712277217 3225.55736703387 -97649694.0145028
302407481.444827 1178687719829.89 -174873336372.638 -4128.67029065262 3232.71143466059 -97649694.0144936
302927976.24938 1176526224630.46 -173188870684.854 -4176.90322431995 3239.83944757052 -97649694.0144842
303448471.053932 1174339571773.71 -171500701729.317 -4225.33905264107 3246.94119614158 -97649694.0144744
303968965.858484 1172127654828.21 -169808843233.049 -4273.98095774371 3254.01646143451 -97649694.0144643
304489460.663036 1169890365692.12 -168113309039.505 -4322.83217636287 3261.06501493655 -97649694.0144539
305009955.467588 1167627594564.38 -166414113113.634 -4371.89600122759 3268.08661829551 -97649694.014443
305530450.272141 1165339229915.19 -164711269547.062 -4421.17578248932 3275.08102304373 -97649694.0144318
306050945.076693 1163025158455.76 -163004792563.437 -4470.67492919366 3282.04797031143 -97649694.0144202
306571439.881245 1160685265107.26 -161294696523.92 -4520.39691079682 3288.98719052917 -97649694.0144082
307091934.685797 1158319432968.96 -159580995932.831 -4570.34525872862 3295.89840311883 -97649694.0143957
307612429.490349 1155927543285.55 -157863705443.465 -4620.52356800372 3302.78131617278 -97649694.0143829
308132924.294902 1153509475413.65 -156142839864.073 -4670.93549888293 3309.63562612049 -97649694.0143695
308653419.099454 1151065106787.38 -154418414164.024 -4721.58477858639 3316.46101738235 -97649694.0143557
309173913.904006 1148594312883.03 -152690443480.147 -4772.47520306067 3323.25716200996 -97649694.0143414
309694408.708558 1146096967182.85 -150958943123.265 -4823.61063880192 3330.02371931228 -97649694.0143265
310214903.51311 1143572941137.86 -149223928584.932 -4874.99502473701 3336.76033546718 -97649694.0143112
310735398.317663 1141022104129.57 -147485415544.365 -4926.63237416513 3343.46664311767 -97649694.0142952
311255893.122215 1138444323430.84 -145743419875.606 -4978.52677676206 3350.14226095208 -97649694.0142787
311776387.926767 1135839464165.54 -143997957654.891 -5030.68240064959 3356.7867932676 -97649694.0142615
312296882.731319 1133207389267.16 -142249045168.26 -5083.10349453272 3363.39982951632 -97649694.0142438
312817377.535871 1130547959436.34 -140496698919.409 -5135.79438990726 3369.98094383311 -97649694.0142253
313337872.340424 1127861033097.14 -138740935637.785 -5188.75950334057 3376.52969454439 -97649694.0142062
313858367.144976 1125146466352.17 -136981772286.948 -5242.00333882855 3383.04562365706 -97649694.0141863
314378861.949528 1122404112936.47 -135219226073.205 -5295.53049023184 3389.52825632654 -97649694.0141657
314899356.75408 1119633824170.05 -133453314454.52 -5349.34564379437 3395.9771003031 -97649694.0141442
315419851.558632 1116835448909.17 -131684055149.727 -5403.45358074788 3402.39164535538 -97649694.014122
315940346.363185 1114008833496.15 -129911466148.04 -5457.85918000561 3408.77136267005 -97649694.0140989
316460841.167737 1111153821707.87 -128135565718.889 -5512.56742094913 3415.11570422656 -97649694.0140748
316981335.972289 1108270254702.68 -126356372422.087 -5567.58338631206 3421.42410214574 -97649694.0140499
317501830.776841 1105357970965.85 -124573905118.337 -5622.91226516477 3427.69596801098 -97649694.0140239
318022325.581393 1102416806253.44 -122788182980.109 -5678.55935600426 3433.93069216078 -97649694.0139969
318542820.385946 1099446593534.48 -120999225502.888 -5734.53006995382 3440.12764295122 -97649694.0139688
319063315.190498 1096447162931.52 -119207052516.811 -5790.82993407706 3446.28616598694 -97649694.0139395
319583809.99505 1093418341659.39 -117411684198.719 -5847.46459481125 3452.40558331896 -97649694.0139091
320104304.799602 1090359953962.15 -115613141084.634 -5904.43982152515 3458.48519260796 -97649694.0138775
320624799.604154 1087271821048.13 -113811444082.677 -5961.76151020686 3464.52426625109 -97649694.0138445
321145294.408707 1084153761023.05 -112006614486.453 -6019.43568728715 3470.52205047054 -97649694.0138102
321665789.213259 1081005588821.11 -110198673988.925 -6077.46851360461 3476.47776436211 -97649694.0137744
322186284.017811 1077827116133.95 -108387644696.783 -6135.86628851863 3482.39059890152 -97649694.0137371
322706778.822363 1074618151337.46 -106573549145.355 -6194.63545417704 3488.25971590648 -97649694.0136983
323227273.626915 1071378499416.31 -104756410314.059 -6253.78259994532 3494.08424695224 -97649694.0136578
323747768.431468 1068107961886.13 -102936251642.44 -6313.31446700477 3499.86329223811 -97649694.0136156
324268263.23602 1064806336713.25 -101113097046.805 -6373.23795312734 3505.59591940262 -97649694.0135715
324788758.040572 1061473418231.93 -99286970937.4934 -6433.56011763535 3511.28116228433 -97649694.0135255
325309252.845124 1058108997058.94 -97457898236.801 -6494.28818655461 3516.91801962579 -97649694.0134776
325829747.649676 1054712860005.39 -95625904397.6002 -6555.42955797015 3522.50545371727 -97649694.0134274
326350242.454229 1051284789985.74 -93791015422.6785 -6616.99180759392 3528.04238897734 -97649694.0133751
326870737.258781 1047824565923.87 -91953257884.835 -6678.98269455476 3533.52771046676 -97649694.0133204
327391232.063333 1044331962656.03 -90112658947.7677 -6741.41016742116 3538.96026233203 -97649694.0132632
327911726.867885 1040806750830.62 -88269246387.7899 -6804.28237046806 3544.33884617487 -97649694.0132035
328432221.672437 1037248696804.65 -86423048616.4162 -6867.60765019968 3549.6622193435 -97649694.013141
328952716.47699 1033657562536.73 -84574094703.8583 -6931.3945621408 3554.92909314131 -97649694.0130756
329473211.281542 1030033105476.44 -82722414403.4764 -6995.65187790979 3560.13813094851 -97649694.0130072
329993706.086094 1026375078449.93 -80868038177.2313 -7060.3885925876 3565.28794625156 -97649694.0129356
330514200.890646 1022683229541.65 -79010997222.1881 -7125.61393239724 3570.37710057546 -97649694.0128606
331034695.695198 1018957301971.99 -77151323498.1217 -7191.33736270983 3575.40410131312 -97649694.0127821
331555190.499751 1015197033970.6 -75289049756.2812 -7257.56859639363 3580.36739944597 -97649694.0126997
332075685.304303 1011402158645.33 -73424209569.3692 -7324.31760252379 3585.2653871495 -97649694.0126134
332596180.108855 1007572403846.56 -71556837362.7996 -7391.59461547157 3590.09639527697 -97649694.0125229
333116674.913407 1003707492026.64 -69686968447.2985 -7459.41014439277 3594.85869071408 -97649694.0124279
333637169.717959 999807140094.304 -67814639052.9164 -7527.77498313653 3599.55047359691 -97649694.0123282
334157664.522512 995871059263.809 -65939886364.5268 -7596.70022059679 3604.16987438508 -97649694.0122236
334678159.327064 991898954898.589 -64062748558.8868 -7666.19725153019 3608.71495078107 -97649694.0121136
335198654.131616 987890526349.124 -62183264843.3439 -7736.27778786556 3613.18368448663 -97649694.0119981
335719148.936168 983845466784.798 -60301475496.2756 -7806.95387053197 3617.57397778607 -97649694.0118766
336239643.74072 979763463019.461 -58417421909.3542 -7878.23788183375 3621.88364994571 -97649694.0117489
336760138.545273 975644195330.4 -56531146631.7367 -7950.14255840282 3626.11043341804 -97649694.0116146
337280633.349825 971487337270.411 -54642693416.2835 -8022.68100476087 3630.25196983825 -97649694.0114731
337801128.154377 967292555472.646 -52752107267.9176 -8095.86670752556 3634.30580579982 -97649694.0113242
338321622.958929 963059509447.889 -50859434494.2435 -8169.71355029773 3638.26938839518 -97649694.0111673
338842117.763481 958787851373.9 -48964722758.5517 -8244.23582926866 3642.14006050593 -97649694.0110018
339362612.568034 954477225876.437 -47068021135.3425 -8319.44826958917 3645.91505582652 -97649694.0108274
339883107.372586 950127269801.552 -45169380168.5142 -8395.36604254531 3649.59149360362 -97649694.0106433
340403602.177138 945737611978.724 -43268851932.3668 -8472.00478358834 3653.16637307233 -97649694.0104491
340924096.98169 941307872974.378 -41366490095.5849 -8549.38061126991 3656.63656756877 -97649694.0102439
341444591.786242 936837664835.296 -39462349988.3742 -8627.5101471371 3659.99881829729 -97649694.0100271
341965086.590795 932326590821.417 -37556488672.937 -8706.41053664575 3663.24972772837 -97649694.009798
342485581.395347 927774245127.468 -35648965017.4856 -8786.09947115463 3666.38575260191 -97649694.0095556
343006076.199899 923180212592.852 -33739839774.0064 -8866.59521106747 3669.40319650825 -97649694.009299
343526571.004451 918544068399.179 -31829175660.0011 -8947.91661019497 3672.29820201726 -97649694.0090274
344047065.809003 913865377754.78 -29917037444.4499 -9030.08314141375 3675.06674232313 -97649694.0087396
344567560.613555 909143695565.512 -28003492038.257 -9113.1149237055 3677.70461237032 -97649694.0084344
345088055.418108 904378566091.11 -26088608589.4578 -9197.03275066513 3680.20741942285 -97649694.0081108
345608550.22266 899569522586.298 -24172458583.4883 -9281.85812057415 3682.57057303602 -97649694.0077673
346129045.027212 894716086925.818 -22255115948.8402 -9367.61326814217 3684.78927438655 -97649694.0074026
346649539.831764 889817769212.476 -20336657168.4451 -9454.32119802792 3686.85850491287 -97649694.0070149
347170034.636316 884874067367.258 -18417161397.1643 -9542.00572025956 3688.77301421344 -97649694.0066027
347690529.440869 879884466700.485 -16496710585.7807 -9630.69148768349 3690.52730714652 -97649694.0061642
348211024.245421 874848439462.912 -14575389611.9278 -9720.4040355814 3692.11563006945 -97649694.0056972
348731519.049973 869765444375.622 -12653286418.4189 -9811.16982360629 3693.53195615045 -97649694.0051997
349252013.854525 864634926137.443 -10730492159.478 -9903.01628020062 3694.76996967963 -97649694.0046692
349772508.659077 859456314908.566 -8807101355.41559 -9995.97184967317 3695.82304929923 -97649694.0041032
350293003.46363 854229025768.929 -6883212056.33192 -10090.0660421259 3696.68425006602 -97649694.0034989
350813498.268182 848952458149.824 -4958926015.48168 -10185.329486438 3697.34628425033 -97649694.0028531
351333993.072734 843625995237.083 -3034348872.98378 -10281.7939865328 3697.8015007675 -97649694.0021625
351854487.877286 838249003344.072 -1109590350.61735 -10379.4925811709 3698.04186312744 -97649694.0014236
352374982.681838 832820831252.587 815235541.49246 -10478.4596075369 3698.05892577705 -97649694.0006321
352895477.486391 827340809519.604 2740010285.42736 -10578.7307689073 3697.843808698 -97649693.9997836
353415972.290943 821808249747.678 4664610622.3205 -10680.3432067162 3697.38717010893 -97649693.9988734
353936467.095495 816222443816.616 6588908304.46373 -10783.3355773612 3696.67917710582 -97649693.9978961
354456961.900047 810582663073.854 8512769831.55748 -10887.7481341264 3695.70947405774 -97649693.9968458
354977456.704599 804888157480.78 10436056169.8833 -10993.62281463 3694.46714855633 -97649693.9957159
355497951.509152 799138154712.002 12358622453.069 -11101.0033342471 3692.94069469638 -97649693.9944995
356018446.313704 793331859204.329 14280317662.9938 -11209.9352859983 3691.11797344176 -97649693.9931886
356538941.118256 787468451151.967 16200984289.248 -11320.4662474416 3688.98616980445 -97649693.9917745
357059435.922808 781547085444.124 18120457965.4093 -11432.6458951604 3686.53174653544 -97649693.9902474
357579930.72736 775566890540.91 20038567080.2372 -11546.526127496 3683.74039399301 -97649693.9885968
358100425.531913 769526967283.058 21955132361.6989 -11662.1611962398 3680.59697581707 -97649693.9868106
358620920.336465 763426387630.594 23869966431.539 -11779.6078480731 3677.08546999652 -97649693.9848758
359141415.141017 757264193325.171 25782873327.8774 -11898.9254766235 3673.18890486942 -97649693.9827774
359661909.945569 751039394470.285 27693647993.067 -12020.1762860967 3668.8892895428 -97649693.9804992
360182404.750121 744750968023.083 29602075723.7602 -12143.4254675466 3664.16753815853 -97649693.9780227
360702899.554674 738397856190.882 31507931579.8165 -12268.741388959 3659.00338736386 -97649693.9753274
361223394.359226 731978964724.877 33410979748.3318 -12396.195800454 3653.37530626742 -97649693.9723902
361743889.163778 725493161102.792 35310972858.672 -12525.8640560557 3647.26039807372 -97649693.9691854
362264383.96833 718939272591.447 37207651243.9469 -12657.8253536428 3640.63429248848 -97649693.9656838
362784878.772882 712316084179.317 39100742143.8614 -12792.1629948758 3633.47102787277 -97649693.9618527
363305373.577435 705622336368.167 40989958843.3138 -12928.9646671078 3625.74292199256 -97649693.9576551
363825868.381987 698856722811.753 42874999740.4725 -13068.3227495212 3617.42043005989 -97649693.9530492
364346363.186539 692017887788.34 44755547337.3399 -13210.3346460013 3608.47198858903 -97649693.9479876
364866857.991091 685104423492.397 46631267144.9952 -13355.1031475653 3598.86384339215 -97649693.9424164
365387352.795643 678114867129.278 48501806494.7733 -13502.7368275141 3588.55985980902 -97649693.9362745
365907847.600196 671047697794.952 50366793245.5818 -13653.3504728733 3577.52131299998 -97649693.9294919
366428342.404748 663901333120.858 52225834376.3478 -13807.0655561471 3565.70665582306 -97649693.9219889
366948837.2093 656674125661.76 54078514451.2055 -13964.0107519368 3553.07126145825 -97649693.913674
367469332.013852 649364359001.91 55924393943.4534 -14124.322503575 3539.56713752472 -97649693.904442
367989826.818404 641970243552.03 57763007402.4922 -14288.1456456313 3525.14260794894 -97649693.894172
368510321.622957 634489912006.298 59593861445.8627 -14455.6340889447 3509.74195827113 -97649693.8827244
369030816.427509 626921414424.902 61416432556.0876 -14626.9515757784 3493.30503940554 -97649693.8699376
369551311.232061 619262712903.416 63230164659.2267 -14802.2725137784 3475.76682408009 -97649693.8556238
370071806.036613 611511675785.48 65034466458.8143 -14981.7828986833 3457.05690924562 -97649693.8395647
370592300.841165 603666071369.672 66828708495.0733 -15165.6813372169 3437.09895663704 -97649693.8215051
371112795.645718 595723561055.083 68612219894.8987 -15354.1801833302 3415.81006235019 -97649693.801146
371633290.45027 587681691862.73 70384284772.9521 -15547.5068030038 3393.10004472447 -97649693.7781363
372153785.254822 579537888261.44 72144138238.156 -15745.9049852313 3368.87063793598 -97649693.7520618
372674280.059374 571289443216.896 73890961952.7522 -15949.6365196569 3343.01457643951 -97649693.722432
373194774.863926 562933508371.071 75623879182.6608 -16158.982964731 3315.4145526615 -97649693.6886645
373715269.668479 554467083245.821 77341949267.8845 -16374.2476342833 3285.94202703071 -97649693.6500645
374235764.473031 545887003348.64 79044161429.8002 -16595.7578352502 3254.45586539883 -97649693.6058
374756259.277583 537189927040.119 80729427817.9566 -16823.8673950943 3220.80077397124 -97649693.5548704
375276754.082135 528372321000.804 82396575681.921 -17058.959524456 3184.80549581305 -97649693.4960666
375797248.886687 519430444109.304 84044338533.1402 -17301.4500690545 3146.28072552412 -97649693.4279212
376317743.69124 510360329512.808 85671346136.8645 -17551.791215169 3105.01668941246 -97649693.3486442
376838238.495792 501157764634.504 87276113143.8742 -17810.4757256332 3060.7803269467 -97649693.2560404
377358733.300344 491818268818.462 88857026134.6987 -18078.0417987538 3013.31199479211 -97649693.1474033
377879228.104896 482337068259.663 90412328803.4955 -18355.0786616645 2962.32159648317 -97649693.0193765
378399722.909448 472709067802.843 91940104952.5079 -18642.2330333299 2907.48401763166 -97649692.8677721
378920217.714001 462928819116.073 93438258898.1392 -18940.2166219889 2848.43371700692 -97649692.6873305
379440712.518553 452990484649.891 94904492802.3043 -19249.8148589442 2784.75828582026 -97649692.4714007
379961207.323105 442887796676.031 96336280332.7978 -19571.8971174864 2715.99073833445 -97649692.2115118
380481702.127657 432614010555.399 97730835917.1608 -19907.4287253255 2641.60023270676 -97649691.896789
381002196.932209 422161851205.423 99085078676.8527 -20257.4851551707 2560.980836505 -97649691.5131581
381522691.736762 411523451512.226 100395589900.077 -20623.2688764188 2473.43783925543 -97649691.0422403
382043186.541314 400690281149.912 101658562615.469 -21006.1294786381 2378.17096428994 -97649690.4598112
382563681.345866 389653063909.857 102869741441.576 -21407.5878448107 2274.25362918425 -97649689.7336139
383084176.150418 378401681183.183 104024350375.936 -21829.3653732518 2160.60712668693 -97649688.8202277
383604670.95497 366925058646.748 105117005506.065 -22273.419541645 2035.96821465779 -97649687.6605138
384125165.759522 355211032431.806 106141608706.345 -22741.9875030131 1898.84806721408 -97649686.1728975
384645660.564075 343246190042.002 107091217132.858 -23237.6399423652 1747.47977916848 -97649684.2432982
385166155.368627 331015679944.986 107957881599.902 -23763.348163458 1579.75052325883 -97649681.7097701
385686650.173179 318502981963.376 108732444503.462 -24322.5684048334 1393.11286501748 -97649678.3386306
386207144.977731 305689628154.089 109404284522.313 -24919.3488332309 1184.46737369197 -97649673.7865852
386727639.782283 292554860524.382 109960990370.44 -25558.4667273707 950.005091574481 -97649667.5392603
387248134.586836 279075207294.991 110387938592.699 -26245.606347131 684.992911567239 -97649658.808939
387768629.391388 265223952895.736 110667739488.598 -26987.592349002 383.476227077181 -97649646.3596655
388289124.19594 250970467570.904 110779498556.29 -27792.7000893465 37.859197319544 -97649628.1988389
388809619.000492 236279349002.843 110697814681.942 -28671.0739057337 -361.700280093752 -97649601.0144256
389330113.805044 221109308594.154 110391394168.245 -29635.2993035254 -828.183533599403 -97649559.1076325
389850608.609597 205411705650.241 109821089783.315 -30701.1977294705 -1379.06491216991 -97649492.2784582
390371103.414149 189128588531.331 108937053965.381 -31888.9474621737 -2038.42835226539 -97649381.4231438
390891598.218701 172190035260.399 107674480981.421 -33224.6863103153 -2840.3963418454 -97649188.8284532
391412093.023253 154510487108.77 105947012537.081 -34742.8237586043 -3834.92084149977 -97648835.3128031
391932587.827805 135983630228.621 103636093583.698 -36489.3623484163 -5098.0555251185 -97648142.0882148
392453082.632358 116475226813.537 100572916773.8 -38526.4717005269 -6751.27952272968 -97646669.066295
392973577.43691 95813318295.9218 96505885893.0067 -40937.7385932519 -9000.52390901655 -97643216.6588819
393494072.241462 73776408961.5445 91037440991.053 -43828.8319143377 -12222.0983099239 -97634113.8983666
394014567.046014 50087674246.7508 83489512862.7844 -47293.2125096978 -17172.4314257829 -97606883.099016
394535061.850566 24465899465.1456 72583644137.888 -51163.710724908 -25558.0516391028 -97523097.7390995
395055556.655119 -2943274638.23709 55606687637.6055 -53336.9328082889 -41564.4983062149 -97577455.3485193
395576051.459671 -28592053300.5702 26852161045.7612 -39816.8675212863 -70548.9947044236 -102869967.49284
396096546.264223 -37936240375.6958 -13966944780.2101 5245.79519978054 -78996.0871093622 -149620933.920697
396617041.068775 -28014315335.641 -50084916038.18 27994.2233285786 -59334.4719992141 -160936884.000878
397137535.873327 -11768995298.0793 -76856990010.8336 33016.3238944662 -44734.3179247123 -161592510.258511
397658030.67788 5620099369.09857 -97607236757.4649 33445.6611283855 -35684.2414313184 -161708086.672815
398178525.482432 22853919249.1929 -114524316139.62 32679.9772432611 -29695.8243729266 -161737235.953366
398699020.286984 39589609754.6865 -128817126816.462 31606.1402103021 -25446.7494355398 -161746407.118171
399219515.091536 55749351389.8246 -141196779455.879 30490.5286243616 -22263.5663351914 -161749823.530737
399740009.896088 71337826613.7227 -152113280974.592 29418.5219688671 -19778.6081234618 -161751274.020279
400260504.700641 86385803702.7457 -161869218565.751 28415.4997240285 -17776.1822221133 -161751956.438
400780999.505193 100930761961.744 -170678137052.059 27485.4680736979 -16121.7801513947 -161752304.944406
401301494.309745 115009923861.005 -178696692055.387 26624.7698079601 -14727.1931879839 -161752495.200226
401821989.114297 128657833870.274 -186043475722.757 25827.2909108808 -13532.1262390148 -161752604.950133
402342483.918849 141905691936.172 -192810622049.219 25086.4962175501 -12493.9176078773 -161752671.254744
402862978.723402 154781370283.936 -199071277825.653 24396.207524291 -11581.4925691728 -161752712.91601
403383473.527954 167309681052.508 -204884591617.492 23750.8646809996 -10771.6498179527 -161752739.990872
403903968.332506 179512715920.22 -210299151208.686 23145.5727162953 -10046.6943109261 -161752758.108694
404424463.137058 191410184546.747 -215355416740.884 22576.063765136 -9392.87901764366 -161752770.547167
404944957.94161 203019723997.217 -220087483804.925 22038.6295258177 -8799.34998244878 -161752779.281691
405465452.746163 214357170930.52 -224524387512.326 21530.0482036876 -8257.41431690665 -161752785.539575
405985947.550715 225436796633.125 -228691084701.685 21047.5157544145 -7760.02108147762 -161752790.104232
406506442.355267 236271508216.26 -232609205742.702 20588.5848958322 -7301.38593250745 -161752793.487957
407026937.159819 246873020269.781 -236297638341.768 20151.1125548779 -6876.71496565071 -161752796.033109
407547431.964371 257252001261.499 -239772986807.867 19733.2152442263 -6481.99833911813 -161752797.97302
408067926.768924 267418198576.861 -243049937607.185 19333.231442086 -6113.85384752058 -161752799.469574
408588421.573476 277380545580.811 -246141553443.113 18949.689966 -5769.40682230983 -161752800.636929
409108916.378028 287147253570.651 -249059512146.098 18581.2833926832 -5446.19683441693 -161752801.556791
409629411.18258 296725891023.755 -251814302464.957 18226.8456894726 -5142.1044343788 -161752802.288447
410149905.987132 306123452142.048 -254415385852.513 17885.3333469489 -4855.29305506439 -161752802.875465
410670400.791685 315346416356.177 -256871331163.493 17555.809418699 -4584.16251677415 -161752803.350232
411190895.596237 324400800170.445 -259189927584.744 17237.4299763835 -4327.31150238745 -161752803.737088
411711390.400789 333292202496.736 -261378279929.986 16929.4325749226 -4083.50703398426 -161752804.054513
412231885.205341 342025844434.177 -263442889538.356 16631.1263946652 -3851.65946309683 -161752804.316664
412752380.009893 350606604293.768 -265389723337.923 16341.8837866697 -3630.80183895843 -161752804.534489
413272874.814446 359039048537.753 -267224273115.525 16061.1329956887 -3420.0727799564 -161752804.716517
413793369.618998 367327459196.777 -268951606632.081 15788.3518749652 -3218.70216861686 -161752804.86945
414313864.42355 375475858239.82 -270576411908.962 15523.0624391516 -3025.99913778406 -161752804.998589
414834359.228102 383488029298.939 -272103035764.358 15264.8261279203 -2841.34192789541 -161752805.108156
415354854.032654 391367537090.315 -273535517483.389 15013.2396742759 -2664.1692814646 -161752805.201537
415875348.837207 399117744822.637 -274877618349.983 14767.9314891293 -2493.97310762331 -161752805.281462
416395843.641759 406741829841.707 -276132847643.619 14528.5584880937 -2330.29220161637 -161752805.350148
416916338.446311 414242797724.781 -277304485603.098 14294.803298311 -2172.70684501368 -161752805.4094
417436833.250863 421623495008.433 -278395603777.581 14066.3717928963 -2020.83414470599 -161752805.460702
417957328.055415 428886620708.599 -279409083118.188 13842.990908686 -1874.32399444489 -161752805.505272
418477822.859968 436034736770.228 -280347630108.461 13624.4067096989 -1732.8555632444 -161752805.544123
418998317.66452 443070277565.873 -281213791186.72 13410.3826643273 -1596.13423150031 -161752805.578095
419518812.469072 449995558547.177 -282009965675.671 13200.6981089528 -1463.88890906243 -161752805.607889
420039307.273624 456812784140.064 -282738417403.392 12995.1468746177 -1335.86968037106 -161752805.634094
420559802.078176 463524054963.122 -283401285173.582 12793.53605668 -1211.8457306548 -161752805.657206
421080296.882729 470131374439.021 -284000592221.035 12595.6849101739 -1091.60351447942 -161752805.677643
421600791.687281 476636654860.398 -284538254769.706 12401.4238559519 -974.945133949608 -161752805.69576
422121286.491833 483041722964.433 -285016089795.103 12210.5935846917 -861.686898842293 -161752805.711859
422641781.296385 489348325064.08 -285435822079.38 12023.0442475537 -751.658045087097 -161752805.726199
423162276.100937 495558131778.43 -285799090636.19 11838.634723729 -644.699591461926 -161752805.738998
423682770.90549 501672742399.985 -286107454572.63 11657.2319563658 -540.663317262694 -161752805.750448
424203265.710042 507693688932.451 -286362398447.285 11478.7103494287 -439.410846136693 -161752805.760712
424723760.514594 513622439829.008 -286565337176.24 11302.9512189667 -340.812823318878 -161752805.769929
425244255.319146 519460403457.883 -286717620532.733 11129.8422930569 -244.748175244982 -161752805.778224
425764750.123698 525208931319.203 -286820537280.77 10959.277255378 -151.103441987937 -161752805.785702
426285244.92825 530869321034.65 -286875318978.411 10791.155327963 -59.7721742179854 -161752805.792455
426805739.732803 536442819129.287 -286883143482.378 10625.3808891943 29.345612542283 -161752805.798563
427326234.537355 541930623622.945 -286845138182.133 10461.863123556 116.343932679536 -161752805.804098
427846729.341907 547333886446.907 -286762382988.481 10300.5157000497 201.311279791897 -161752805.809121
428367224.146459 552653715700.056 -286635913099.093 10141.2564765231 284.331035377423 -161752805.813687
428887718.951011 557891177757.337 -286466721560.933 9984.00722746178 365.481841169039 -161752805.817842
429408213.755564 563047299242.166 -286255761647.525 9828.69339305643 444.837938869414 -161752805.821631
429928708.560116 568123068873.333 -286003949067.151 9675.2438475928 522.469480599657 -161752805.825088
430449203.364668 573119439196.002 -285712164016.438 9523.59068541351 598.44281299356 -161752805.828249
430969698.16922 578037328205.534 -285381253092.361 9373.66902288287 672.820737535994 -161752805.831141
431490192.973772 582877620872.085 -285012031074.422 9225.41681494509 745.662749453233 -161752805.833792
432010687.778325 587641170573.252 -284605282587.615 9078.77468500784 817.025257208377 -161752805.836224
432531182.582877 592328800441.384 -284161763655.796 8933.68576700868 886.961784431804 -161752805.838457
433051677.387429 596941304631.638 -283682203154.159 8790.09555863355 955.523155920451 -161752805.840511
433572172.191981 601479449516.337 -283167304168.722 8647.95178475596 1022.75766916696 -161752805.842402
434092666.996533 605943974810.714 -282617745270.023 8507.20427025405 1088.71125272744 -161752805.844145
434613161.801086 610335594634.744 -282034181707.543 8367.80482144205 1153.42761260209 -161752805.845752
435133656.605638 614654998515.345 -281417246530.835 8229.70711542344 1216.94836768347 -161752805.847236
435654151.41019 618902852332.91 -280767551642.785 8092.86659673644 1279.31317522206 -161752805.848608
436174646.214742 623079799215.823 -280085688789.98 7957.24038071957 1340.55984716449 -161752805.849878
436695141.019294 627186460386.303 -279372230494.733 7822.78716307614 1400.72445813648 -161752805.851053
437215635.823847 631223435960.696 -278627730932.92 7689.46713516226 1459.84144576835 -161752805.852143
437736130.628399 635191305707.062 -277852726761.455 7557.24190456485 1517.94370399428 -161752805.853154
438256625.432951 639090629762.716 -277047737898.908 7426.07442057296 1575.06266989744 -161752805.854092
438777120.237503 642921949314.171 -276213268262.48 7295.92890418002 1631.22840461993 -161752805.854964
439297615.042055 646685787241.754 -275349806464.319 7166.77078228448 1686.46966880879 -161752805.855775
439818109.846608 650382648731.001 -274457826469.879 7038.56662578458 1740.8139930269 -161752805.85653
440338604.65116 654013021852.78 -273537788220.869 6911.28409128746 1794.28774351891 -161752805.857232
440859099.455712 657577378113.962 -272590138225.094 6784.89186617588 1846.91618368805 -161752805.857887
441379594.260264 661076172980.319 -271615310115.346 6659.35961679613 1898.72353160834 -161752805.858498
441900089.064816 664509846373.22 -270613725179.328 6534.65793954973 1949.73301386882 -161752805.859067
442420583.869369 667878823141.581 -269585792862.441 6410.75831468836 1999.96691602103 -161752805.859599
442941078.673921 671183513510.431 -268531911245.157 6287.63306262704 2049.44662987776 -161752805.860097
443461573.478473 674424313507.355 -267452467496.527 6165.2553026049 2098.19269789088 -161752805.860561
443982068.283025 677601605367.999 -266347838305.313 6043.59891353546 2146.22485481656 -161752805.860996
444502563.087577 680715757921.731 -265218390290.1 5922.63849690057 2193.56206685968 -161752805.861403
445023057.89213 683767126958.497 -264064480389.647 5802.34934155268 2240.22256847328 -161752805.861783
445543552.696682 686756055577.822 -262886456234.657 5682.70739029998 2286.22389697514 -161752805.86214
446064047.501234 689682874520.857 -261684656502.07 5563.68920815827 2331.58292513038 -161752805.862474
446584542.305786 692547902486.316 -260459411252.894 5445.27195216139 2376.31589183752 -161752805.862788
447105037.110338 695351446431.075 -259211042254.529 5327.43334262989 2420.43843104455 -161752805.863082
447625531.914891 698093801856.186 -257939863288.476 5210.15163580448 2463.96559901203 -161752805.863357
448146026.719443 700775253078.973 -256646180444.261 5093.4055977573 2506.91190003106 -161752805.863616
448666521.523995 703396073491.869 -255330292400.36 4977.17447949995 2549.29131069591 -161752805.863859
449187016.328547 705956525808.594 -253992490692.835 4861.43799321253 2591.11730282368 -161752805.864087
449707511.133099 708456862298.231 -252633059972.382 4746.17628952314 2632.4028651064 -161752805.864301
450228005.937652 710897325007.74 -251252278250.419 4631.36993577177 2673.16052357476 -161752805.864502
450748500.742204 713278145973.395 -249850417134.821 4516.99989519673 2713.40236094669 -161752805.864691
451268995.546756 715599547421.623 -248427742055.846 4403.04750698579 2753.14003492911 -161752805.864869
451789490.351308 717861741959.668 -246984512482.811 4289.49446713774 2792.38479553574 -161752805.865036
452309985.15586 720064932756.494 -245520982131.986 4176.32281008338 2831.14750147986 -161752805.865192
452830479.960413 722209313714.309 -244037399166.186 4063.51489101818 2869.4386356963 -161752805.865339
453350974.764965 724295069631.069 -242534006386.505 3951.05336890139 2907.26832004353 -161752805.865478
453871469.569517 726322376354.297 -241011041416.592 3838.92119007937 2944.64632923294 -161752805.865607
454391964.374069 728291400926.534 -239468736879.876 3727.10157249308 2981.58210402897 -161752805.865729
454912459.178621 730202301722.711 -237907320570.101 3615.57799043193 3018.08476376133 -161752805.865843
455432953.983174 732055228579.717 -236327015615.511 3504.33415979831 3054.16311818686 -161752805.86595
455953448.787726 733850322918.433 -234728040637.03 3393.35402384905 3089.82567873694 -161752805.86605
456473943.592278 735587717858.45 -233110609900.742 3282.62173938176 3125.08066918305 -161752805.866144
456994438.39683 737267538325.715 -231474933464.957 3172.12166333558 3159.93603575156 -161752805.866231
457514933.201382 738889901153.299 -229821217322.155 3061.83833977749 3194.39945671637 -161752805.866313
458035428.005935 740454915175.486 -228149663536.063 2951.75648724655 3228.47835149607 -161752805.866389
458555922.810487 741962681315.367 -226460470374.128 2841.8609864299 3262.17988928074 -161752805.86646
459076417.615039 743413292666.094 -224753832435.606 2732.13686814524 3295.51099721152 -161752805.866526
459596912.419591 744806834565.959 -223029940775.516 2622.56930160587 3328.47836813479 -161752805.866587
460117407.224143 746143384667.43 -221288983024.657 2513.14358294513 3361.08846795112 -161752805.866643
460637902.028696 747423013000.274 -219531143505.903 2403.84512397798 3393.34754257783 -161752805.866695
461158396.833248 748645782028.898 -217756603346.975 2294.65944117849 3425.26162454287 -161752805.866743
461678891.6378 749811746703.994 -215965540589.866 2185.57214485232 3456.83653922619 -161752805.866786
462199386.442352 750920954508.595 -214158130297.112 2076.56892848442 3488.07791076401 -161752805.866826
462719881.246904 751973445498.64 -212334544655.07 1967.63555824236 3518.99116763003 -161752805.866861
463240376.051457 752969252338.094 -210494953074.376 1858.75786261641 3549.5815479068 -161752805.866893
463760870.856009 753908400328.724 -208639522287.737 1749.92172217801 3579.85410425936 -161752805.866921
464281365.660561 754790907434.556 -206768416445.204 1641.11305943835 3609.81370862256 -161752805.866945
464801860.465113 755616784301.093 -204881797207.084 1532.31782878965 3639.46505661239 -161752805.866966
465322355.269665 756386034269.298 -202979823834.62 1423.52200651142 3668.81267167094 -161752805.866984
465842850.074217 757098653384.399 -201062653278.59 1314.71158082466 3697.86090895392 -161752805.866998
466363344.87877 757754630399.521 -199130440265.935 1205.87254197681 3726.61395896876 -161752805.867008
466883839.683322 758353946774.17 -197183337384.568 1096.9908723407 3755.07585097063 -161752805.867015
467404334.487874 758896576667.55 -195221495166.469 988.052536510456 3783.25045612328 -161752805.867019
467924829.292426 759382486926.73 -193245062169.201 879.043471377576 3811.14149043043 -161752805.86702
468445324.096978 759811637069.637 -191254185055.954 769.94957617034 3838.75251744339 -161752805.867017
468965818.901531 760183979262.847 -189249008674.237 660.756702439426 3866.08695074955 -161752805.867011
469486313.706083 760499458294.149 -187229676133.339 551.450643972705 3893.14805624593 -161752805.867001
470006808.510635 760758011539.834 -185196328880.647 442.017126621807 3919.93895420133 -161752805.866988
470527303.315187 760959568926.668 -183149106776.958 332.441798022891 3946.46262111023 -161752805.866972
471047798.119739 761104052888.475 -181088148170.874 222.710217193688 3972.72189134063 -161752805.866952
471568292.924292 761191378317.278 -179013589972.396 112.807843988553 3998.71945857788 -161752805.866928
472088787.728844 761221452508.906 -176925567725.812 2.72002839280681 4024.45787706565 -161752805.866901
472609282.533396 761194175102.98 -174824215682 -107.568000362824 4049.93956264483 -161752805.86687
473129777.337948 761109438017.187 -172709666870.237 -218.071144887421 4075.16679359048 -161752805.866835
473650272.1425 760967125375.727 -170582053169.632 -328.804450935106 4100.14171124636 -161752805.866797
474170766.947053 760767113431.808 -168441505380.271 -439.783118951359 4124.86632045604 -161752805.866754
474691261.751605 760509270484.077 -166288153294.2 -551.022515882225 4149.34248978898 -161752805.866707
475211756.556157 760193456786.815 -164122125766.342 -662.538187269084 4173.57195155935 -161752805.866656
475732251.360709 759819524453.766 -161943550785.455 -774.345869652541 4197.55630163471 -161752805.8666
476252746.165261 759387317355.427 -159752555545.251 -886.461503310037 4221.296999031 -161752805.866539
476773240.969814 758896671009.609 -157549266515.776 -998.901245352833 4244.79536528978 -161752805.866473
477293735.774366 758347412465.083 -155333809515.176 -1111.68148320926 4268.05258363269 -161752805.866403
477814230.578918 757739360178.107 -153106309781.962 -1224.81884852239 4291.06969788763 -161752805.866327
478334725.38347 757072323881.596 -150866892047.893 -1338.33023149168 4313.84761118019 -161752805.866245
478855220.188022 756346104446.715 -148615680611.607 -1452.23279568974 4336.38708438321 -161752805.866157
479375714.992575 755560493736.622 -146352799413.113 -1566.54399338689 4358.68873431636 -161752805.866063
479896209.797127 754715274452.096 -144078372109.301 -1681.28158141813 4380.75303168689 -161752805.865962
480416704.601679 753810219968.76 -141792522150.586 -1796.46363762894 4402.58029876154 -161752805.865855
480937199.406231 752845094165.585 -139495372858.833 -1912.10857793846 4424.17070675877 -161752805.86574
481457694.210783 751819651244.34 -137187047506.722 -2028.2351740609 4445.52427294935 -161752805.865617
481978189.015336 750733635539.638 -134867669398.697 -2144.86257192844 4466.64085745197 -161752805.865487
482498683.819888 749586781319.208 -132537361953.663 -2262.0103108615 4487.52015970974 -161752805.865347
483019178.62444 748378812573.97 -130196248789.611 -2379.69834353523 4508.16171463161 -161752805.865198
483539673.428992 747109442797.513 -127844453810.33 -2497.94705679388 4528.56488838169 -161752805.86504
484060168.233544 745778374754.498 -125482101294.422 -2616.77729336852 4548.72887379768 -161752805.864871
484580663.038097 744385300237.513 -123109315986.789 -2736.21037455668 4568.65268541814 -161752805.86469
485101157.842649 742929899811.857 -120726223192.82 -2856.26812392674 4588.33515409629 -161752805.864499
485621652.647201 741411842547.709 -118332948875.497 -2976.97289211405 4607.77492117641 -161752805.864294
486142147.451753 739830785739.085 -115929619755.647 -3098.34758278029 4626.97043220642 -161752805.864076
486662642.256305 738186374608.972 -113516363415.596 -3220.4156798126 4645.91993015829 -161752805.863844
487183137.060858 736478241999.957 -111093308406.486 -3343.20127584442 4664.62144812522 -161752805.863596
487703631.86541 734706008049.654 -108660584359.536 -3466.72910218582 4683.07280146182 -161752805.863332
488224126.669962 732869279850.158 -106218322101.547 -3591.02456025742 4701.2715793308 -161752805.863051
488744621.474514 730967651090.738 -103766653774.971 -3716.11375462899 4719.21513561611 -161752805.86275
489265116.279066 729000701682.876 -101305712962.882 -3842.02352777124 4736.90057915936 -161752805.862429
489785611.083619 726967997366.76 -98835634819.2171 -3968.78149663754 4754.32476327205 -161752805.862087
490306105.888171 724869089298.228 -96356556204.6745 -4096.41609120114 4771.48427447249 -161752805.861722
490826600.692723 722703513615.111 -93868615828.6878 -4224.95659508325 4788.37542039107 -161752805.861331
491347095.497275 720470790981.866 -91371954397.9262 -4354.43318841782 4804.99421678312 -161752805.860913
491867590.301827 718170426111.269 -88866714771.8002 -4484.87699311042 4821.3363735824 -161752805.860467
492388085.10638 715801907261.901 -86353042125.4914 -4616.32012066124 4837.3972799228 -161752805.859989
492908579.910932 713364705710.026 -83831084121.0647 -4748.795722736 4853.17198804866 -161752805.859478
493429074.715484 710858275194.402 -81300991087.263 -4882.33804468358 4868.65519602675 -161752805.858929
493949569.520036 708282051332.411 -78762916208.6316 -5016.98248221586 4883.84122916521 -161752805.858342
494470064.324588 705635451005.819 -76217015724.6738 -5152.76564148312 4898.72402003502 -161752805.857712
494990559.129141 702917871714.334 -73663449139.7934 -5289.72540279838 4913.29708698034 -161752805.857036
495511053.933693 700128690894.975 -71102379444.8412 -5427.90098828596 4927.55351099241 -161752805.85631
496031548.738245 697267265205.159 -68533973351.1562 -5567.33303375336 4941.48591080978 -161752805.855529
496552043.542797 694332929767.195 -65958401538.0587 -5708.06366511209 4955.08641609393 -161752805.85469
497072538.347349 691324997371.757 -63375838914.8434 -5850.13657970224 4968.34663851429 -161752805.853786
497593033.151902 688242757637.655 -60786464898.4055 -5993.59713290769 4981.25764055973 -161752805.852813
498113527.956454 685085476125.063 -58190463707.7349 -6138.49243048444 4993.80990187497 -161752805.851764
498634022.761006 681852393399.103 -55588024676.6245 -6284.8714270636 5005.99328289933 -161752805.850632
499154517.565558 678542724040.442 -52979342586.0589 -6432.7850313344 5017.79698556208 -161752805.849409
499675012.37011 675155655599.286 -50364618017.8853 -6582.28621846056 5029.20951076216 -161752805.848088
500195507.174663 671690347488.849 -47744057731.5182 -6733.43015033693 5040.21861233107 -161752805.846659
500716001.979215 668145929814.042 -45117875065.5917 -6886.27430435296 5050.81124714472 -161752805.845111
501236496.783767 664521502130.778 -42486290366.6621 -7040.87861139559 5060.97352101302 -161752805.843433
501756991.588319 660816132130.859 -39849531447.2599 -7197.30560389818 5070.69062993451 -161752805.841613
502277486.392871 657028854247.008 -37207834075.8254 -7355.6205748244 5079.9467962565 -161752805.839636
502797981.197424 653158668172.089 -34561442501.3067 -7515.89174856819 5088.72519922797 -161752805.837486
503318476.001976 649204537286.043 -31910610015.4874 -7678.19046485409 5097.00789937311 -161752805.835146
503838970.806528 645165386983.463 -29255599556.4226 -7842.59137683775 5104.77575604501 -161752805.832595
504359465.61108 641040102894.078 -26596684356.7165 -8009.17266473667 5112.00833744249 -161752805.829812
504879960.415632 636827528987.684 -23934148640.7698 -8178.01626646691 5118.68382228539 -161752805.826772
505400455.220185 632526465554.257 -21268288375.5685 -8349.20812692661 5124.77889224376 -161752805.823447
505920950.024737 628135667049.06 -18599412080.0881 -8522.83846775274 5130.26861410316 -161752805.819805
506441444.829289 623653839791.594 -15927841698.9468 -8699.00207958778 5135.12631051762 -161752805.81581
506961939.633841 619079639506.061 -13253913546.5785 -8877.79863913126 5139.32341805335 -161752805.811423
507482434.438393 614411668689.826 -10577979328.9159 -9059.33305352094 5142.82933105474 -161752805.806598
508002929.242945 609648473794.892 -7900407250.38637 -9243.71583489631 5145.61122966774 -161752805.801282
508523424.047498 604788542205.884 -5221583214.94872 -9431.0635083467 5147.63389012848 -161752805.795417
509043918.85205 599830298996.237 -2541912130.94996 -9621.49905684638 5148.85947516271 -161752805.788936
509564413.656602 594772103442.296 138180669.219713 -9815.15240723669 5149.24730203784 -161752805.781763
510084908.461154 589612245272.814 2818247882.32725 -10012.1609618396 5148.75358545624 -161752805.773808
510605403.265706 584348940628.743 5497818546.43795 -10212.6701808905 5147.3311520678 -161752805.764973
511125898.070259 578980327705.405 8176396196.28465 -10416.834221672 5144.92912289984 -161752805.755139
511646392.874811 573504462045.801 10853456844.0829 -10624.8166410351 5141.49255944149 -161752805.744174
512166887.679363 567919311450.137 13528446765.6246 -10836.7911689193 5136.96206846043 -161752805.731923
512687382.483915 562222750462.399 16200780068.7237 -11052.9425615659 5131.27335985465 -161752805.718205
513207877.288467 556412554389.975 18869836017.8927 -11273.4675443714 5124.35675092621 -161752805.702813
513728372.09302 550486392806.749 21534956085.4079 -11498.5758557933 5116.13660937975 -161752805.685502
514248866.897572 544441822483.749 24195440694.596 -11728.4914054366 5106.53072606013 -161752805.665987
514769361.702124 538276279684.065 26850545616.1031 -11963.4535614623 5095.44960690793 -161752805.643932
515289856.506676 531987071750.283 29499477971.9723 -12203.7185848319 5082.79567177423 -161752805.618943
515810351.311228 525571367902.847 32141391795.3638 -12449.5612307021 5068.46234553045 -161752805.590554
516330846.115781 519026189156.361 34775383085.5033 -12701.2765406095 5052.33302425032 -161752805.55821
516851340.920333 512348397247.525 37400484287.6673 -12959.181853036 5034.27989602468 -161752805.521252
517371835.724885 505534682452.864 40015658116.3939 -13223.6190646663 5014.16259206188 -161752805.47889
517892330.529437 498581550156.138 42619790626.234 -13494.957180307 4991.82663895781 -161752805.430178
518412825.333989 491485306003.871 45211683417.7359 -13773.5951962465 4967.10167717533 -161752805.373973
518933320.138542 484242039462.037 47790044846.3502 -14059.9653700608 4939.79940357538 -161752805.308889
519453814.943094 476847605556.839 50353480077.7669 -14354.5369398585 4909.71118693479 -161752805.23324
519974309.747646 469297604546.683 52900479803.838 -14657.8203681284 4876.60529430634 -161752805.144962
520494804.552198 461587359229.555 55429407397.424 -14970.3722002702 4840.22365221809 -161752805.041514
521015299.35675 453711889538.536 57938484240.5821 -15292.8006462386 4800.27804927797 -161752804.919754
521535794.161303 445665884016.039 60425772906.3699 -15625.7720164505 4756.44566469051 -161752804.775768
522056288.965855 437443667682.011 62889157807.4135 -15970.0181713613 4708.36377910135 -161752804.604654
522576783.770407 429039165719.519 65326322840.672 -16326.3451794792 4655.6234881719 -161752804.400228
523097278.574959 420445862288.634 67734725452.7783 -16695.6434230989 4597.76219278949 -161752804.154636
523617773.379511 411656753640.877 70111566417.6091 -17078.8994474315 4534.25457933718 -161752803.857828
524138268.184064 402664294534.675 72453754448.8897 -17477.2099207239 4464.50172414845 -161752803.496834
524658762.988616 393460336737.883 74757864554.2036 -17891.7981653288 4387.81785142347 -161752803.05478
525179257.793168 384036058134.325 77020088757.144 -18324.0338392037 4303.41413400539 -161752802.509504
525699752.59772 374381880610.911 79236177449.9759 -18775.4565031711 4210.37873801309 -161752801.831615
526220247.402272 364487374468.304 81401369160.0629 -19247.8040142257 4107.65205596534 -161752800.981721
526740742.206825 354341146541.356 83510305877.1945 -19743.0469570426 3993.99572036166 -161752799.906421
527261237.011377 343930708494.522 85556930235.4936 -20263.4306898716 3867.95349879997 -161752798.532433
527781731.815929 333242320815.578 87534359685.6381 -20811.5270732201 3727.80147975444 -161752796.757837
528302226.620481 322260806788.592 89434731202.8891 -21390.2986222718 3571.48396935864 -161752794.438835
528822721.425033 310969329071.975 91249007863.6674 -22003.1787530522 3396.53008559699 -161752791.369308
529343216.229586 299349119278.517 92966735500.2719 -22654.1730907776 3199.94392317154 -161752787.248675
529863711.034138 287379147918.488 94575733166.2159 -23347.9886456572 2978.05799336952 -161752781.630216
530384205.83869 275035717881.817 96061694616.5449 -24090.2002931114 2726.3347992391 -161752773.835978
530904700.643242 262291958792.398 97407668309.3421 -24887.4678153919 2439.09384464358 -161752762.812931
531425195.447794 249117191301.384 98593368726.8839 -25747.8223798121 2109.1292946432 -161752746.882558
531945690.252347 235476118531.754 99594248993.7379 -26681.0496967786 1727.16370027827 -161752723.290488
532466185.056899 221327784654.964 100380228443.554 -27699.2097034016 1281.04979141526 -161752687.366285
532986679.861451 206624215215.491 100913909285.354 -28817.3517396312 754.574138232297 -161752630.889762
533507174.666003 191308616107.645 101148015853.218 -30054.5131724927 125.611335515267 -161752538.761695
534027669.470555 175312951832.769 101021613221.598 -31435.1325166675 -636.820594105278 -161752381.84444
534548164.275108 158554640608.308 100454338420.991 -32991.0678784725 -1577.44362251507 -161752100.582715
535068659.07966 140931987218.567 99337255393.7148 -34764.4761852972 -2763.19653206098 -161751564.744653
535589153.884212 122317837232.736 97517678533.4341 -36811.7963451116 -4298.76874527868 -161750465.878189
536109648.688764 102550895284.949 94772553452.4682 -39208.596285037 -6356.98081613533 -161748001.184433
536630143.493316 81424805503.3778 90758492147.3861 -42052.2574422463 -9243.06906957489 -161741841.534773
537150638.297869 58679369416.1417 84909808693.709 -45445.2467137351 -13544.182317012 -161724442.414026
537671133.102421 34021604539.182 76208304855.0798 -49363.9814176045 -20515.4489079501 -161670830.064549
538191627.906973 7341204704.38641 62606933393.6281 -52824.6114044294 -33136.1074409897 -161572705.699659
538712122.711525 -19808769268.0906 39663137710.695 -48508.8647521588 -57513.2380644004 -163624035.425302
539232617.516077 -37145246576.0637 2319758761.87308 -12153.9556920302 -81483.4597878392 -172968588.931241
539753112.32063 -32980613675.1253 -37120720204.8769 23000.3564685839 -66319.4041739884 -209589043.582234
540273607.125182 -17884616561.5049 -66711822810.8809 32540.4346933138 -48603.4775149803 -211305128.588318
540794101.929734 -399045115.759342 -88886864942.1064 34032.7495005441 -37488.9642277499 -211524574.633235
541314596.734286 17211888747.8089 -106408518833.311 33473.5913394813 -30319.663627434 -211573861.675817
541835091.538838 34357867972.884 -120823855933.149 32368.897728134 -25348.4857882088 -211588181.756354
542355586.343391 50889664131.3352 -133020589679.952 31151.4697409168 -21689.5156679458 -211593203.810212
542876081.147943 66790967114.2546 -143546744219.925 29958.4076783806 -18871.0744366724 -211595238.705467
543396575.952495 82087898944.5783 -152763374493.042 28832.6383740475 -16623.1153692181 -211596161.439753
543917070.757047 96818911626.2624 -160921153948.83 27784.1945690097 -14780.6883206167 -211596618.915431
544437565.561599 111024063492.548 -168201567821.955 26811.2347016196 -13237.465664094 -211596862.671757
544958060.366152 124741197614.553 -174740535755.865 25907.8627958859 -11921.7978994652 -211597000.471528
545478555.170704 138004745207.267 -180642719167.142 25067.1679679989 -10783.5923122292 -211597082.313681
545999049.975256 150845553808.759 -185990594711.514 24282.4051947216 -9786.72870278523 -211597132.992202
546519544.779808 163291104342.547 -190850436571.815 23547.4196945892 -8904.47072378933 -211597165.513473
547040039.58436 175365855556.529 -195276393395.974 22856.7577868276 -8116.57862845691 -211597187.036558
547560534.388913 187091607877.41 -199313346866.385 22205.6501998333 -7407.43001232925 -211597201.669256
548081029.193465 198487844032.468 -202998966010.913 21589.9479646549 -6764.76008160624 -211597211.855613
548601523.998017 209572032041.917 -206365215678.443 21006.0455529932 -6178.7951363331 -211597219.096898
549122018.802569 220359888293.683 -209439485423.405 20450.8058128392 -5641.64280052191 -211597224.341697
549642513.607121 230865603330.573 -212245448654.482 19921.4922421772 -5146.8541574846 -211597228.204678
550163008.411674 241102034676.335 -214803726392.673 19415.7101237879 -4689.10359168396 -211597231.093237
550683503.216226 251080871305.328 -217132407036.266 18931.3563181576 -4263.95086150941 -211597233.282959
551203998.020778 260812774050.799 -219247458352.992 18466.576842606 -3867.66166894181 -211597234.963738
551724492.82533 270307495730.882 -221163057669.531 18019.7311777717 -3497.0705303314 -211597236.268645
552244987.629882 279573984220.888 -222891859173.755 17589.3622663148 -3149.4746962851 -211597237.292377
552765482.434435 288620471187.485 -224445212305.242 17174.1712752013 -2822.55117431016 -211597238.103279
553285977.238987 297454548750.581 -225833341695.871 16772.9963228958 -2514.29115764555 -211597238.751324
553806472.043539 306083235956.535 -227065496586.603 16384.7944999027 -2222.9477199367 -211597239.273494
554326966.848091 314513036627.117 -228150075792.394 16008.6266249182 -1946.99372807934 -211597239.69746
554847461.652643 322749989884.415 -229094732914.527 15643.6442763933 -1685.08770340078 -211597240.044145
555367956.457196 330799714434.278 -229906465472.011 15289.0787209059 -1436.04592218516 -211597240.329518
555888451.261748 338667447511.911 -230591690846.154 14944.2314270909 -1198.81945574214 -211597240.565881
556408946.0663 346358079246.104 -231156311338.356 14608.4659090488 -972.475152081057 -211597240.762791
556929440.870852 353876183077.378 -231605770183.124 14281.2006881886 -756.179786240151 -211597240.927728
557449935.675404 361226042765.38 -231945100002.099 13961.9031991587 -549.186775632053 -211597241.066591
557970430.479957 368411676438.171 -232178964905.689 13650.0844954436 -350.824985334835 -211597241.184069
558490925.284509 375436858067.422 -232311697228.354 13345.2946346201 -160.489246716719 -211597241.283906
559011420.089061 382305136696.485 -232347329708.195 13047.1186432457 22.3677112129718 -211597241.369117
559531914.893613 389019853700.593 -232289623781.063 12755.1729777195 198.242159221195 -211597241.44214
560052409.698165 395584158318.567 -232142094546.214 12469.1024109198 367.585289228799 -211597241.50496
560572904.502717 402001021661.804 -231908032868.852 12188.5772855228 530.808318328016 -211597241.5592
561093399.30727 408273249378.068 -231590525010.099 11913.291084082 688.286905144078 -211597241.606193
561613894.111822 414403493123.635 -231192470113.693 11642.9582735705 840.364985112043 -211597241.647043
562134388.916374 420394260977.042 -230716595828.24 11377.3123884241 987.358112665264 -211597241.682663
562654883.720926 426247926910.384 -230165472302.077 11116.1043214193 1129.5563833361 -211597241.713816
563175378.525478 431966739419.347 -229541524753.116 10859.1007961558 1267.22699660021 -211597241.741138
563695873.330031 437552829400.473 -228847044786.996 10606.0829986381 1400.61651037141 -211597241.765167
564216368.134583 443008217353.324 -228084200612.603 10356.8453485945 1529.95282992231 -211597241.786353
564736862.939135 448334819975.817 -227255046283.532 10111.194393825 1655.44696731305 -211597241.805079
565257357.743687 453534456212.905 -226361530076.766 9868.94781312512 1777.29460187793 -211597241.821669
565777852.548239 458608852811.791 -225405502105.186 9629.93351524424 1895.67746772771 -211597241.8364
566298347.352792 463559649430.75 -224388721248.042 9393.98882297308 2010.76459039881 -211597241.849508
566818842.157344 468388403343.335 -223312861472.846 9160.95973284993 2122.71339157985 -211597241.861196
567339336.961896 473096593775.12 -222179517613.016 8930.70024217324 2231.67067815906 -211597241.871638
567859831.766448 477685625906.071 -220990210657.756 8703.07173603759 2337.77352957235 -211597241.880984
568380326.571 482156834568.091 -219746392603.895 8477.94242799641 2441.15009551853 -211597241.889364
568900821.375553 486511487664.152 -218449450913.538 8255.18684872183 2541.92031448579 -211597241.896891
569421316.180105 490750789332.678 -217100712616.358 8034.68537769471 2640.19656215311 -211597241.903661
569941810.984657 494875882878.412 -215701448090.902 7816.32381353424 2736.08423755303 -211597241.909761
570462305.789209 498887853488.84 -214252874555.496 7599.99297907666 2829.68229387454 -211597241.915265
570982800.593761 502787730753.348 -212756159295.956 7385.58835774962 2921.08371992016 -211597241.920237
571503295.398314 506576491000.59 -211212422654.382 7173.00975816935 3010.37597748777 -211597241.924735
572023790.202866 510255059468.014 -209622740800.755 6962.16100422176 3097.6413993058 -211597241.928809
572544285.007418 513824312316.185 -207988148306.784 6752.94964818065 3182.95755159558 -211597241.932502
573064779.81197 517285078499.289 -206309640539.456 6545.28670467325 3266.39756485369 -211597241.935854
573585274.616522 520638141502.177 -204588175889.986 6339.08640352913 3348.03043602892 -211597241.938899
574105769.421075 523884240953.284 -202824677852.322 6134.2659597476 3427.92130490435 -211597241.941666
574626264.225627 527024074121.932 -201020036963.951 5930.74535899463 3506.13170717724 -211597241.944184
575146759.030179 530058297307.705 -199175112620.562 5728.44715719518 3582.71980645111 -211597241.946475
575667253.834731 532987527128.91 -197290734775.016 5527.2962929247 3657.74060711059 -211597241.948562
576187748.639283 535812341716.445 -195367705530.101 5327.21991142502 3731.24614983524 -211597241.950462
576708243.443836 538533281818.877 -193406800633.701 5128.1471991778 3803.28569131989 -211597241.952192
577228738.248388 541150851823.937 -191408770884.222 4930.00922806465 3873.90586960239 -211597241.953768
577749233.05294 543665520701.215 -189374343453.438 4732.73880822799 3943.1508562524 -211597241.955203
578269727.857492 546077722870.348 -187304223133.299 4536.27034882247 4011.06249654466 -211597241.956508
578790222.662044 548387858998.623 -185199093512.68 4340.53972591372 4077.68043862378 -211597241.957694
579310717.466597 550596296731.536 -183059618089.572 4145.48415684115 4143.04225256513 -211597241.95877
579831212.271149 552703371359.494 -180886441323.756 3951.04208041428 4207.18354014389 -211597241.959746
580351707.075701 554709386423.565 -178680189634.59 3757.15304235927 4270.13803604279 -211597241.960627
580872201.880253 556614614262.832 -176441472348.215 3563.75758547384 4331.93770115486 -211597241.961422
581392696.684805 558419296505.708 -174170882598.119 3370.79714398565 4392.61280857205 -211597241.962135
581913191.489358 560123644507.238 -171868998182.731 3178.21394164146 4452.19202279068 -211597241.962773
582433686.29391 561727839734.249 -169536382383.449 2985.95089308314 4510.70247261124 -211597241.963339
582954181.098462 563232034099.911 -167173584746.278 2793.95150809085 4568.16981816143 -211597241.963837
583474675.903014 564636350249.137 -164781141830.02 2602.15979829572 4624.61831242731 -211597241.964272
583995170.707566 565940881795.968 -162359577923.79 2410.5201859823 4680.07085763697 -211597241.964645
584515665.512119 567145693513.97 -159909405736.467 2218.97741461663 4734.5490568048 -211597241.96496
585036160.316671 568250821480.428 -157431127060.507 2027.47646074865 4788.07326071025 -211597241.965219
585556655.121223 569256273174.965 -154925233412.439 1835.96244694764 4840.66261055417 -211597241.965423
586077149.925775 570162027533.049 -152392206652.241 1644.38055543742 4892.33507650664 -211597241.965574
586597644.730327 570968034954.649 -149832519583.675 1452.67594210335 4943.10749233342 -211597241.965672
587118139.53488 571674217268.172 -147246636537.588 1260.79365054623 4992.99558626274 -211597241.965718
587638634.339432 572280467649.592 -144635013940.097 1068.67852585932 5042.01400823033 -211597241.965712
588159129.143984 572786650496.568 -141998100867.5 876.275127803214 5090.17635361756 -211597241.965655
588679623.948536 573192601257.138 -139336339589.734 683.527643049779 5137.4951835759 -211597241.965545
589200118.753088 573498126212.424 -136650166104.127 490.379796160685 5183.9820420095 -211597241.965381
589720613.557641 573703002212.597 -133940010661.156 296.774758957631 5229.64746926692 -211597241.965163
590241108.362193 573806976365.175 -131206298283.943 102.655057931028 5274.50101257263 -211597241.964889
590761603.166745 573809765674.538 -128449449283.161 -92.0375206793282 5318.55123320813 -211597241.964556
591282097.971297 573711056631.348 -125669879769.046 -287.362028513807 5361.80571043206 -211597241.964163
591802592.775849 573510504750.366 -122868002162.23 -483.378455833562 5404.27104210757 -211597241.963705
592323087.580402 573207734054.93 -120044225705.116 -680.147835794727 5445.95284198333 -211597241.963181
592843582.384954 572802336506.14 -117198956975.546 -877.732352703689 5486.85573355211 -211597241.962585
593364077.189506 572293871374.566 -114332600404.59 -1076.19545472945 5526.9833403872 -211597241.961913
593884571.994058 571681864552.012 -111445558800.298 -1275.60197158158 5566.33827283175 -211597241.96116
594405066.79861 570965807800.625 -108538233879.366 -1476.01823769897 5604.92211088931 -211597241.96032
594925561.603163 570145157936.323 -105611026808.735 -1677.51222153616 5642.73538313513 -211597241.959387
595446056.407715 569219335943.204 -102664338759.243 -1880.15366158056 5679.77754143659 -211597241.958352
595966551.212267 568187726015.265 -99698571473.5846 -2084.01420978672 5716.04693123685 -211597241.957208
596487046.016819 567049674521.37 -96714127850.9482 -2289.16758317237 5751.54075711892 -211597241.955945
597007540.821371 565804488889.016 -93711412550.8751 -2495.6897243879 5786.25504332586 -211597241.954552
597528035.625924 564451436401.996 -90690832619.061 -2703.65897214462 5820.18458886756 -211597241.953018
598048530.430476 562989742906.583 -87652798138.0217 -2913.15624247139 5853.32291679388 -211597241.951329
598569025.235028 561418591420.325 -84597722905.7828 -3124.26522186257 5885.66221715736 -211597241.94947
599089520.03958 559737120636.956 -81526025146.0146 -3337.07257348626 5917.19328312546 -211597241.947425
599610014.844132 557944423320.312 -78438128253.3335 -3551.66815773998 5947.90543963125 -211597241.945173
600130509.648685 556039544579.4 -75334461577.8318 -3768.14526857529 5977.786463871 -211597241.942695
600651004.453237 554021480016.025 -72215461253.2751 -3986.60088716296 6006.82249686658 -211597241.939965
601171499.257789 551889173735.498 -69081571073.8482 -4207.13595464095 6034.99794520766 -211597241.936956
601691994.062341 549641516209.998 -65933243424.8124 -4429.85566587955 6062.29537197145 -211597241.933639
602212488.866893 547277341983.101 -62770940272.9984 -4654.86978641581 6088.69537568467 -211597241.929978
602732983.671445 544795427202.802 -59595134223.6872 -4882.29299495631 6114.17645603956 -211597241.925934
603253478.475998 542194486969.035 -56406309651.1449 -5112.24525412781 6138.7148649012 -211597241.921462
603773973.28055 539473172480.229 -53204963910.891 -5344.85221247413 6162.28444094258 -211597241.916511
604294468.085102 536630067961.77 -49991608642.7055 -5580.24564106145 6184.85642601264 -211597241.911024
604814962.889654 533663687357.4 -46766771174.4311 -5818.56390846962 6206.39926107541 -211597241.904934
605335457.694206 530572470762.486 -43530996037.8333 -6059.95249842216 6226.87835924958 -211597241.898166
605855952.498759 527354780575.731 -40284846609.1566 -6304.56457485305 6246.25585311884 -211597241.890633
606376447.303311 524008897343.277 -37028906888.5952 -6552.56159983479 6264.49031306641 -211597241.882235
606896942.107863 520533015266.101 -33763783434.7069 -6804.11401051414 6281.5364328997 -211597241.872858
607417436.912415 516925237338.215 -30490107471.8911 -7059.40196203544 6297.34467846175 -211597241.86237
607937931.716967 513183570079.312 -27208537191.4565 -7318.61614439641 6311.86089425729 -211597241.850616
608458426.52152 509305917821.062 -23919760269.5953 -7581.95868230109 6325.0258623345 -211597241.837419
608978921.326072 505290076501.219 -20624496628.8098 -7849.64412837784 6336.77480673494 -211597241.822571
609499416.130624 501133726913.922 -17323501473.0981 -8121.90056165107 6347.03683572429 -211597241.805831
610019910.935176 496834427357.947 -14017568631.5887 -8398.97080493473 6355.73431270993 -211597241.786914
610540405.739728 492389605616.974 -10707534250.4409 -8681.11377690456 6362.78214519435 -211597241.765488
611060900.544281 487796550197.191 -7394280878.83919 -8968.6059970654 6368.08697925003 -211597241.741159
611581395.348833 483052400737.25 -4078742001.99288 -9261.74326473461 6371.54628476533 -211597241.713464
612101890.153385 478154137493.802 -761907082.40328 -9560.84253660544 6373.04731401511 -211597241.681851
612622384.957937 473098569791.971 2555172819.43267 -9866.24403154866 6372.46591284932 -211597241.645662
613142879.762489 467882323313.998 5871378761.94094 -10178.3135961978 6369.66515983076 -211597241.604112
613663374.567042 462501826080.338 9185516880.01282 -10497.4453707185 6364.49380381952 -211597241.556256
614183869.371594 456953292955.218 12496310469.3287 -10824.0648012073 6356.78446457771 -211597241.500954
614704364.176146 451232708482.343 15802391063.3492 -11158.6320536696 6346.35155367322 -211597241.436824
615224858.980698 445335807825.231 19102288344.3599 -11501.6458948508 6332.98886393468 -211597241.362184
615745353.78525 439258055549.531 22394418700.204 -11853.6481177654 6316.46676448223 -211597241.274972
616265848.589803 432994621940.279 25677072202.0479 -12215.2286051675 6296.52892431794 -211597241.172654
616786343.394355 426540356493.767 28948397734.0143 -12587.031143147 6272.88846980049 -211597241.052091
617306838.198907 419889758159.43 32206385950.6607 -12969.7601204605 6245.22345898541 -211597240.909375
617827333.003459 413036941829.255 35448849670.2685 -13364.1882783345 6213.17152736344 -211597240.739611
618347827.808011 405975600477.38 38673401227.1041 -13771.1657119056 6176.32352306481 -211597240.536624
618868322.612564 398698962236.347 41877426199.3942 -14191.6303702862 6134.2159025288 -211597240.292571
619388817.417116 391199741553.449 45058052795.347 -14626.6203602627 6086.32159642679 -211597239.997415
619909312.221668 383470083393.397 48212116008.567 -15077.2884325704 6032.03897539468 -211597239.638208
620429807.02622 375501499232.618 51336115435.1071 -15544.919124583 5970.67843907922 -211597239.198104
620950301.830772 367284793313.368 54426165361.3712 -16030.9491559446 5901.44601056799 -211597238.654985
621470796.635325 358809977275.58 57477935363.3945 -16536.9918335409 5823.42312784736 -211597237.979525
621991291.439877 350066170838.539 60486579173.3935 -17064.8664322545 5735.54156492568 -211597237.132434
622511786.244429 341041485632.474 63446648926.245 -17616.6337963342 5636.55205911792 -211597236.06047
623032281.048981 331722888540.083 66351991035.9181 -18194.6397786001 5524.98472552839 -211597234.690603
623552775.853533 322096039942.036 69195618781.9996 -18801.5686377299 5399.09864177011 -211597232.921328
624073270.658086 312145100987.698 71969555080.6562 -19440.5092004192 5256.81698919341 -211597230.609517
624593765.462638 301852502318.332 74664636681.273 -20115.037542526 5095.64269241738 -211597227.550176
625114260.26719 291198664391.493 77270267880.2083 -20829.3212655645 4912.54737201966 -211597223.444622
625634755.071742 280161656455.518 79774107331.1384 -21588.2523129179 4703.8232385019 -211597217.849401
626155249.876294 268716776955.464 82161664958.0966 -22397.617942515 4464.8826894188 -211597210.092299
626675744.680847 256836032202.198 84415776221.3005 -23264.3233455001 4189.98278394409 -211597199.13058
627196239.485399 244487481732.249 86515906206.6038 -24196.6850860485 3871.83966261852 -211597183.304678
627716734.289951 231634406754.379 88437213106.1099 -25204.8229891019 3501.07816375517 -211597159.896139
628237229.094503 218234240622.769 90149264254.0348 -26301.1908031794 3065.4285160157 -211597124.304899
628757723.899055 204237174634.899 91614238353.5243 -27501.3051870578 2548.5239643703 -211597068.454091
629278218.703608 189584314417.476 92784347014.3743 -28824.7616278069 1928.04860939916 -211596977.549801
629798713.50816 174205205551.128 93598032692.9757 -30296.6689550417 1172.78838875641 -211596823.139876
630319208.312712 158014463765.712 93974178696.7923 -31949.6936246925 237.751812582409 -211596547.306446
630839703.117264 140907128318.677 93802950939.8373 -33826.9690236095 -944.275108506189 -211596024.026464
631360197.921816 122752220063.166 92930642363.4789 -35986.1130473109 -2478.1484761617 -211594956.65125
631880692.726369 103383942982.865 91133186514.094 -38504.1248186413 -4536.38465520783 -211592579.073862
632401187.530921 82590602743.2074 88066677593.7455 -41480.2299081319 -7422.29870755947 -211586690.429365
632921682.335473 60105439599.976 83167034635.8457 -45020.1071159867 -11715.6808673592 -211570247.684197
633442177.140025 35625801860.5147 75425390624.6664 -49111.5252132684 -18645.1775178366 -211520169.32934
633962671.944577 9015250179.65726 62831649891.2832 -52844.5751576328 -31097.3770254969 -211423247.969007
634483166.74913 -18324039212.1957 41052848729.1032 -49452.1907588625 -55077.1849811108 -213121292.057441
635003661.553682 -36708779800.2451 4707410621.236 -14910.8927321308 -80681.2401388782 -220773729.36876
635524156.358234 -33539957032.0763 -34826284491.6026 22207.4786319888 -66888.0782822531 -261770540.824417
636044651.162786 -18517330650.8371 -64544461211.2061 32817.3901984493 -48465.5769233352 -263882936.785157
636565145.967338 -812915080.331039 -86476508231.3291 34526.0633365534 -36735.9344516086 -264132586.858824
637085640.771891 17053678773.9507 -103494111121.591 33943.0203474193 -29164.1153194244 -264187148.176362
637606135.576443 34421424669.0538 -117232571920.002 32745.9168505583 -23919.4805881691 -264202782.209759
638126630.380995 51120759439.0404 -128631628862.624 31416.8347010473 -20063.3493168715 -264208213.180953
638647125.185547 67130231816.9118 -138270797937.942 30108.7517528757 -17095.3725971407 -264210398.070236
639167619.990099 82475872093.9323 -146531336532.464 28870.0153542945 -14729.3646588733 -264211383.254383
639688114.794652 97197750794.4757 -153677598617.001 27712.4178027095 -12790.7600583667 -264211869.462745
640208609.599204 111338046583.165 -159900764549.073 26634.5038210586 -11167.1873678652 -264212127.543322
640729104.403756 124936765375.181 -165343887712.241 25630.2386332347 -9783.01787674306 -264212272.967583
641249599.208308 138030370889.042 -170117044504.374 24692.3834491804 -8585.43378012708 -264212359.094063
641770094.01286 150651555520.956 -174306930286.501 23813.8141849615 -7536.38528572407 -264212412.291722
642290588.817412 162829447708.35 -177983179067.806 22988.0024330702 -6607.73028148592 -264212446.352096
642811083.621965 174589965819.459 -181202666097.404 22209.1481067828 -5778.1795412457 -264212468.846725
643331578.426517 185956198312.44 -184012522009.058 21472.1693709459 -5031.31042701717 -264212484.1101
643852073.231069 196948762167.359 -186452297269.79 20772.6386220753 -4354.23662000142 -264212494.715837
644372568.035621 207586122935.842 -188555550456.751 20106.7030650693 -3736.69383442076 -264212502.241847
644893062.840173 217884873261.514 -190351036159.126 19471.0062061899 -3170.39690588275 -264212507.683444
645413557.644726 227859972275.875 -191863608574.651 18862.6165927509 -2648.57843354073 -264212511.68456
645934052.449278 237524950248.233 -193114919291.362 18278.9656555331 -2165.65164494067 -264212514.671363
646454547.25383 246892083257.103 -194123963480.234 17717.7945695512 -1716.95998671884 -264212516.931735
646975042.058382 255972542373.467 -194907512687.827 17177.1092811947 -1298.58837271645 -264212518.663789
647495536.862934 264776521327.947 -195480461595.028 16655.1426198093 -907.218994350751 -264212520.006182
648016031.667487 273313346066.455 -195856108663.57 16150.3224193178 -540.01982353251 -264212521.057466
648536526.472039 281591569064.16 -196046385382.393 15661.2446784388 -194.557430177828 -264212521.888687
649057021.276591 289619050795.982 -196062045122.186 15186.650920132 131.271888599191 -264212522.551737
649577516.081143 297403030359.521 -195912819935.063 14725.4090423443 439.297028562962 -264212523.08497
650098010.885695 304950186909.454 -195607551683.71 14276.4970708725 731.116256368965 -264212523.517059
650618505.690248 312266693283.139 -195154302439.505 13838.9893274307 1008.13303428605 -264212523.869654
651139000.4948 319358262966.732 -194560448007.799 13412.0446118614 1271.58528950426 -264212524.159269
651659495.299352 326230191361.488 -193832757620.696 12994.8960684542 1522.56949495356 -264212524.398606
652179990.103904 332887392153.8 -192977462213.042 12586.8424646199 1762.06061076647 -264212524.597524
652700484.908456 339334429463.908 -192000313215.86 12187.2406577974 1990.92869873917 -264212524.763732
653220979.713009 345575546341.997 -190906633427.151 11795.4990653274 2209.95284401939 -264212524.903303
653741474.517561 351614690092.531 -189701361226.657 11411.0719837295 2419.83288302804 -264212525.021055
654261969.322113 357455534834.684 -188389089169.587 11033.4546297083 2621.19933309631 -264212525.120836
654782464.126665 363101501645.965 -186974097810.113 10662.1787963982 2814.6218394051 -264212525.205736
655302958.931217 368555776585.416 -185460385458.042 10296.8090357267 3000.61639268851 -264212525.278254
655823453.73577 373821326850.166 -183851694453.311 9936.93929206411 3179.65152251197 -264212525.34042
656343948.540322 378900915283.368 -182151534446.699 9582.18992410204 3352.15363257745 -264212525.393892
656864443.344874 383797113421.325 -180363203096.772 9232.20506164986 3518.51161407297 -264212525.440031
657384938.149426 388512313242.046 -178489804528.798 8886.65025211777 3679.08084878787 -264212525.479959
657905432.953978 393048737755.719 -176534265848.523 8545.2103581814 3834.18669420811 -264212525.514605
658425927.758531 397408450559.056 -174499351959.897 8207.58767373562 3984.12752705846 -264212525.544743
658946422.563083 401593364459.61 -172387678899.513 7873.50022994372 4129.17740897821 -264212525.571017
659466917.367635 405605249262.534 -170201725870.174 7542.68026713167 4269.58842759345 -264212525.593969
659987412.172187 409445738800.53 -167943846130.555 7214.87285159667 4405.59275770676 -264212525.614054
660507906.976739 413116337277.576 -165616276876.553 6889.83461920011 4537.40448029175 -264212525.631653
661028401.781292 416618424988.239 -163221148231.88 6567.33262998359 4665.22119116307 -264212525.647092
661548896.585844 419953263466.686 -160760491450.122 6247.14332005409 4789.22542636169 -264212525.660645
662069391.390396 423122000112.831 -158236246417.524 5929.05153868845 4909.58592726503 -264212525.672545
662589886.194948 426125672337.146 -155650268534.686 5612.84966005605 5026.4587650565 -264212525.68299
663110380.9995 428965211260.494 -153004335045.881 5298.33676019097 5139.98834135072 -264212525.692151
663630875.804053 431641445000.74 -150300150876.605 4985.31785089378 5250.30827937325 -264212525.70017
664151370.608605 434155101573.789 -147539354033.046 4673.60316313553 5357.5422180617 -264212525.70717
664671865.413157 436506811433.077 -144723520611.148 4363.00747329399 5461.80451972409 -264212525.713255
665192360.217709 438697109668.183 -141854169457.816 4053.34946619419 5563.20090040998 -264212525.718514
665712855.022261 440726437880.296 -138932766522.41 3744.45112946608 5661.82899087803 -264212525.723021
666233349.826814 442595145749.492 -135960728932.814 3436.13717418477 5757.77883494466 -264212525.726839
666753844.631366 444303492306.286 -132939428827.139 3128.23447713364 5851.13333104435 -264212525.730019
667274339.435918 445851646917.55 -129870196969.27 2820.57154033559 5941.96862199797 -264212525.732603
667794834.24047 447239689994.732 -126754326174.082 2512.9779637398 6030.3544372513 -264212525.734624
668315329.045022 448467613430.173 -123593074566.098 2205.28392713616 6116.35439119444 -264212525.736108
668835823.849575 449535320765.333 -120387668693.633 1897.31967750012 6200.02624058887 -264212525.737072
669356318.654127 450442627092.802 -117139306519.034 1588.91501805107 6281.42210360032 -264212525.737527
669876813.458679 451189258692.007 -113849160304.469 1279.89879533809 6360.58864245059 -264212525.737477
670397308.263231 451774852396.63 -110518379411.761 970.098380649835 6437.5672112502 -264212525.736917
670917803.067783 452198954689.823 -107148093034.08 659.339141979049 6512.39397014719 -264212525.735838
671438297.872336 452461020521.275 -103739412876.827 347.443902656668 6585.09996651659 -264212525.734223
671958792.676888 452560411838.16 -100293435804.756 34.2323826021476 6655.71118351253 -264212525.732046
672479287.48144 452496395819.817 -96811246472.3229 -280.479382086895 6724.24855590169 -264212525.729274
672999782.285992 452268142803.701 -93293919954.4174 -596.879645766649 6790.72795268567 -264212525.725865
673520277.090544 451874723887.717 -89742524394.9599 -915.161591011865 6855.16012559139 -264212525.721768
674040771.895097 451315108191.339 -86158123691.4873 -1235.52400284865 6917.55062205412 -264212525.71692
674561266.699649 450588159755.06 -82541780234.6633 -1558.17198529775 6977.89966082723 -264212525.711245
675081761.504201 449692634054.486 -78894557722.7673 -1883.31772667249 7036.20196781425 -264212525.704656
675602256.308753 448627174101.868 -75217524072.6228 -2211.18132078581 7092.44656911977 -264212525.697048
676122751.113305 447390306103.95 -71511754450.1555 -2541.99165205605 7146.61653764099 -264212525.688295
676643245.917858 445980434640.563 -67778334445.8878 -2875.98735348211 7198.68868875261 -264212525.678253
677163740.72241 444395837323.47 -64018363423.2103 -3213.4178476097 7248.6332197541 -264212525.666751
677684235.526962 442634658889.338 -60232958070.3091 -3554.544481961 7296.41328672299 -264212525.653587
678204730.331514 440694904674.348 -56423256190.2377 -3899.64177198692 7341.9845112207 -264212525.638525
678725225.136066 438574433410.688 -52590420767.9114 -4248.99876646773 7385.29440789 -264212525.621284
679245719.940619 436270949276.816 -48735644357.8852 -4602.92055248692 7426.28172231792 -264212525.601535
679766214.745171 433781993123.879 -44860153842.8108 -4961.72991970142 7464.87566655865 -264212525.578887
680286709.549723 431104932789.538 -40965215619.6212 -5325.76920670672 7500.9950373438 -264212525.552875
680807204.354275 428236952397.753 -37052141279.0083 -5695.40235594839 7534.54719916421 -264212525.522947
681327699.158827 425175040528.132 -33122293853.8903 -6071.01720798141 7565.42691097475 -264212525.48844
681848193.96338 421915977121.178 -29177094724.6797 -6453.02807107786 7593.5149711095 -264212525.44856
682368688.767932 418456318965.387 -25218031283.6612 -6841.87860841863 7618.67664991867 -264212525.402354
682889183.572484 414792383588.337 -21246665478.2267 -7238.04509261041 7640.75987342091 -264212525.348663
683409678.377036 410920231345.686 -17264643373.7352 -7642.04008634141 7659.59311360995 -264212525.286085
683930173.181588 406835645468.638 -13273705902.2401 -8054.41661899941 7674.98293158162 -264212525.212906
684450667.98614 402534109790.708 -9275700994.29153 -8475.77294249919 7686.71110786254 -264212525.127024
684971162.790693 398010783827.159 -5272597328.87647 -8906.75796600638 7694.53127957725 -264212525.025849
685491657.595245 393260474823.507 -1266499983.02106 -9348.07748947983 7698.16498553838 -264212524.906167
686012152.399797 388277606320.806 2740331680.05996 -9800.50138098752 7697.29699685529 -264212524.763973
686532647.204349 383056182702.158 6745463474.20515 -10264.8718738894 7691.56978072957 -264212524.59424
687053142.008901 377589749083.49 10746262706.0183 -10742.1131989323 7680.5769067166 -264212524.390616
687573636.813454 371871345787.447 14739870732.5127 -11233.2428153236 7663.85515513863 -264212524.145023
688094131.618006 365893456486.291 18723171009.0167 -11739.38456693 7640.8750227839 -264212523.847105
688614626.422558 359647948910.202 22692751695.9633 -12261.7841688978 7611.02923633577 -264212523.483484
689135121.22711 353126006781.068 26644861662.6419 -12801.8275316027 7573.61877192193 -264212523.036726
689655616.031662 346318051335.324 30575358427.8821 -13361.0625602703 7527.83572957632 -264212522.483906
690176110.836215 339213650424.544 34479646188.8671 -13941.2252399316 7472.74220976834 -264212521.794581
690696605.640767 331801412705.183 38352601577.6571 -14544.2710405711 7407.24406457622 -264212520.927898
691217100.445319 324068863816.231 42188484105.146 -15172.4129759179 7330.05801806323 -264212519.828409
691737595.249871 316002300650.661 45980827339.2742 -15828.1680489186 7239.67012383386 -264212518.419928
692258090.054423 307586618791.13 49722305624.6381 -16514.4143569616 7134.28278487461 -264212516.596378
692778584.858976 298805106815.552 53404569446.6599 -17234.4618673168 7011.74649836932 -264212514.20792
693299079.663528 289639199360.829 57018040170.3227 -17992.1408912287 6869.47094614034 -264212511.039537
693819574.46808 280068178387.306 60551651530.8465 -18791.9137066397 6704.30777694667 -264212506.777324
694340069.272632 270068808757.768 63992520443.0443 -19639.0167886805 6512.39401299826 -264212500.954247
694860564.077184 259614889659.721 67325522674.8537 -20539.6439824482 6288.9397898078 -264212492.860749
695381058.881737 248676697004.556 70532738489.3554 -21501.1851206745 6027.93597704246 -264212481.393518
695901553.686289 237220282900.26 73592717508.6857 -22532.5407083784 5721.7441760543 -264212464.791982
696422048.490841 225206585353.635 76479487432.2158 -23644.5423904612 5360.51017252522 -264212440.164
696942543.295393 212590282583.145 79161192008.1683 -24850.5225711198 4931.30575568078 -264212402.600239
697463038.099945 199318298757.742 81598179322.4454 -26167.0971746268 4416.84074384543 -264212343.450818
697983532.904498 185327827143.827 83740252498.8674 -27615.2565765943 3793.47299847239 -264212246.810689
698504027.70905 170543676051.304 85522603412.3467 -29221.9053017377 3028.02926346008 -264212081.957089
699024522.513602 154874654404.39 86859598998.2118 -31022.0526220578 2072.52501984523 -264211786.041525
699545017.318154 138208591758.887 87634914141.0694 -33061.9168790056 854.98573269264 -264211221.551429
700065512.122706 120405452115.376 87685128808.122 -35403.1649036786 -737.396104489523 -264210062.788705
700586006.927259 101287997351.217 86770910344.1822 -38127.8939510202 -2891.2374281903 -264207463.121712
701106501.731811 80630300465.4175 84522848207.7488 -41340.6254589297 -5936.76837516071 -264200976.579429
701626996.536363 58149529919.2026 80330859612.9326 -45146.9044323916 -10509.9251432054 -264182778.982721
702147491.340915 33533693327.167 73094982424.1893 -49498.202129751 -17968.0627012853 -264128159.057292
702667986.145467 6695235489.09828 60608076574.7464 -53232.9210778026 -31495.4441223258 -264050072.283904
703188480.95002 -20555008814.6415 38170869690.8932 -48193.0134364957 -57171.1447693853 -266266554.265581
703708975.754572 -37257823655.9123 1100418456.38321 -10366.92749023 -80365.0969567106 -278191694.404881
704229470.559124 -32260762272.4376 -37497784505.7109 24388.4961677664 -64404.9674910937 -312095001.343517
704749965.363676 -16477011383.8814 -65965279906.1372 33807.979311647 -46193.8398377077 -313871435.946715
705270460.168228 1626400695.70872 -86758622942.291 35126.1926320029 -34603.7217764517 -314095762.034165
705790954.972781 19747672925.1479 -102675099351.816 34335.9149264902 -27052.8955513453 -314145769.814582
706311449.777333 37278084109.384 -115309269257.678 32982.9822987469 -21783.1376970275 -314160334.869968
706831944.581885 54064879324.2936 -125586177379.704 31518.1559587575 -17886.570484214 -314165462.16112
707352439.386437 70094179768.3626 -134080913814.756 30085.0395757823 -14874.5633803554 -314167546.532193
707872934.190989 85396527077.0594 -141174209974.393 28728.3965654817 -12465.3720191565 -314168494.116437
708393428.995542 100015199708.713 -147131353998.854 27458.2695251373 -10486.038106326 -314168964.800813
708913923.800094 113994881036.342 -152144955374.95 26272.1480710121 -8824.65619610893 -314169215.930525
709434418.604646 127377624247.21 -156359600254.746 25163.2576573283 -7405.60015828362 -314169358.023052
709954913.409198 140201603665.471 -159886844506.406 24123.7901768194 -6175.87471909181 -314169442.455761
710475408.21375 152500955662.862 -162814752025.612 23146.1589463252 -5097.19417494193 -314169494.746029
710995903.018303 164306032278.676 -165214199528.375 22223.4473134301 -4141.17427554388 -314169528.296262
711516397.822855 175643788516.188 -167143182358.058 21349.5225012962 -3286.29890257142 -314169550.490613
712036892.627407 186538188031.128 -168649838942.599 20519.0133286263 -2515.94140406172 -314169565.569125
712557387.431959 197010581760.408 -169774627696.833 19727.2375728937 -1817.03576208101 -314169576.055862
713077882.236511 207080044294.432 -170551927707.156 18970.1161090023 -1179.16108526478 -314169583.501788
713598377.041064 216763665768.356 -171011238096.208 18244.0894046532 -593.896469756801 -314169588.887084
714118871.845616 226076802306.635 -171178091838.272 17546.0422785766 -54.3571719806012 -314169592.846917
714639366.650168 235033289854.134 -171074762490.851 16873.2385119199 445.144898227727 -314169595.802239
715159861.45472 243645626502.4 -170720818160.209 16223.2650498392 909.353725263879 -314169598.037741
715680356.259272 251925128064.34 -170133561024.341 15593.9848146749 1342.25980576479 -314169599.74953
716200851.063825 259882061075.586 -169328379920.933 14983.4969553608 1747.24593757439 -314169601.074969
716721345.868377 267525756790.929 -168319036055.135 14390.1033877703 2127.20007323508 -314169602.111753
717241840.672929 274864709176.959 -167117896657.963 13812.2805996102 2484.60364569371 -314169602.930346
717762335.477481 281906659405.029 -165736127706.851 13248.6558372148 2821.60139886807 -314169603.582228
718282830.282033 288658668926.202 -164183854133.568 12697.9869317934 3140.05711120976 -314169604.105459
718803325.086586 295127182856.839 -162470293978.839 12159.1451480908 3441.59844468033 -314169604.528489
719323819.891138 301318085111.035 -160603871496.742 11631.1005458455 3727.65332812914 -314169604.872802
719844314.69569 307236746475.034 -158592313120.979 11112.9094342887 3999.4796898803 -314169605.154777
720364809.500242 312888066620.144 -156442729379.229 10603.7035740972 4258.18992048446 -314169605.387008
720885304.304794 318276510887.215 -154161685210.554 10102.6808419629 4504.7711263027 -314169605.57926
721405799.109347 323406142540.759 -151755260653.859 9609.0971225176 4740.1019956942 -314169605.739163
721926293.913899 328280651079.277 -149229103496.734 9122.2592327351 4964.96691966752 -314169605.87272
722446788.718451 332903377095.727 -146588475177.079 8641.51871682508 5180.06787213089 -314169605.984682
722967283.523003 337277334104.992 -143838290995.447 8166.26637644078 5386.03445008103 -314169606.078835
723487778.327555 341405227690.737 -140983155509.666 7695.92742289998 5583.43239309288 -314169606.158212
724008273.132107 345289472269.874 -138027393834.121 7229.95715599393 5772.77083841682 -314169606.22525
724528767.93666 348932205727.106 -134975079446.082 6767.83708858442 5954.50851852405 -314169606.28192
725049262.741212 352335302133.22 -131830059004.37 6309.071448167 6129.05906885789 -314169606.329818
725569757.545764 355500382727.579 -128595974606.702 5853.18399638953 6296.79558245258 -314169606.37024
726090252.350316 358428825316.735 -125276283847.697 5399.71511554602 6458.0545231668 -314169606.404237
726610747.154868 361121772216.294 -121874277986.716 4948.21911762377 6613.13908917711 -314169606.432664
727131241.959421 363580136841.502 -118393098491.458 4498.26173681195 6762.32210203856 -314169606.456209
727651736.763973 365804609032.815 -114835752187.601 4049.41777067691 6905.84848323659 -314169606.475425
728172231.568525 367795659185.533 -111205125215.514 3601.268838627 7043.93736909852 -314169606.490748
728692726.373077 369553541236.977 -107503995971.085 3153.40122894706 7176.78390570913 -314169606.502514
729213221.177629 371078294550.28 -103735047188.082 2705.40380767089 7304.56075769321 -314169606.510971
729733715.982182 372369744720.327 -99900877303.6341 2256.86596394765 7427.41935807234 -314169606.516288
730254210.786734 373427503314.444 -96004011235.7982 1807.37556738948 7545.4909206186 -314169606.518559
730774705.591286 374250966547.77 -92046910692.366 1356.51691319294 7658.88723099997 -314169606.51781
731295200.395838 374839312880.601 -88031984122.836 903.86863061419 7767.70122835978 -314169606.513995
731815695.20039 375191499512.146 -83961596420.5402 449.001529641032 7872.0073846343 -314169606.506999
732336190.004943 375306257731.701 -79838078479.2057 -8.52364058056367 7971.86188474356 -314169606.496629
732856684.809495 375182087074.036 -75663736707.6783 -469.158549885899 8067.30260664803 -314169606.48261
733377179.614047 374817248210.431 -71440862608.1566 -933.369792652429 8158.34889600828 -314169606.464576
733897674.418599 374209754489.88 -67171742527.187 -1401.64157491803 8245.00112566578 -314169606.44205
734418169.223151 373357362026.232 -62858667695.0245 -1874.47862133641 8327.24002521515 -314169606.414436
734938664.027704 372257558205.761 -58503944678.0513 -2352.40934540873 8405.02576037137 -314169606.380984
735459158.832256 370907548465.498 -54109906381.1333 -2835.98933280171 8478.29673542289 -314169606.340768
735979653.636808 369304241164.718 -49678923752.603 -3325.80519539461 8546.96808452625 -314169606.292645
736500148.44136 367444230339.596 -45213418364.6522 -3822.47886331068 8610.92980859494 -314169606.235201
737020643.245912 365323776093.043 -40715876067.1718 -4326.67239398786 8670.04450362854 -314169606.16669
737541138.050465 362938782326.968 -36188861944.6236 -4839.09339185076 8724.14461295546 -314169606.08495
738061632.855017 360284771470.989 -31635036844.8258 -5360.50115002726 8773.02911929827 -314169605.987294
738582127.659569 357356855798.102 -27057175797.4943 -5891.71364767066 8816.4595718589 -314169605.870369
739102622.464121 354149704841.378 -22458188701.4547 -6433.61556391785 8854.15531750195 -314169605.729968
739623117.268673 350657508333.37 -17841143735.8803 -6987.16750379083 8885.78777190434 -314169605.560788
740143612.073226 346873933977.49 -13209294046.9492 -7553.41667434275 8910.97352397156 -314169605.356097
740664106.877778 342792079223.033 -8566108382.59662 -8133.50930358226 8929.26601181973 -314169605.107294
741184601.68233 338404416046.047 -3915306502.06105 -8728.70516353744 8940.14543696711 -314169604.803314
741705096.486882 333702727528.261 739099616.195641 -9340.39464674151 8943.0064892345 -314169604.429801
742225591.291434 328678034764.227 5392757491.17652 -9970.11895851535 8937.14333005888 -314169603.967976
742746086.095987 323320512297.675 10040917174.8523 -10619.5941339729 8921.7311149525 -314169603.393053
743266580.900539 317619389871.51 14678363570.5891 -11290.7397800754 8895.8031102205 -314169602.671981
743787075.705091 311562837744.763 19299335430.8624 -11985.7136951199 8858.22215096638 -314169601.760232
744307570.509643 305137832146.998 23897427673.805 -12706.9538529303 8807.64476198613 -314169600.597116
744828065.314195 298329996555.562 28465472638.5978 -13457.2296881003 8742.47566857732 -314169599.098882
745348560.118748 291123413323.053 32995394510.5245 -14239.7052268376 8660.80958251098 -314169597.148388
745869054.9233 283500398652.892 37478029230.136 -15058.0174402901 8560.35593990829 -314169594.579365
746389549.727852 275441231880.099 41902899521.748 -15916.3743488704 8438.34050635833 -314169591.151999
746910044.532404 266923827261.814 46257930875.7983 -16819.6790180477 8291.37515486112 -314169586.514256
747430539.336956 257923332726.938 50529088841.5822 -17773.6878696715 8115.28318564902 -314169580.139278
747951034.141509 248411634849.572 54699909952.604 -18785.2150084911 7904.86150156393 -314169571.22148
748471528.946061 238356742061.781 58750886595.3416 -19862.399021709 7653.55143503092 -314169558.499441
748992023.750613 227722007853.519 62658647790.4033 -21015.0557072115 7352.97470273428 -314169539.944745
749512518.555165 216465140973.223 66394849179.8447 -22255.150595029 6992.26564411908 -314169512.196706
750033013.359717 204536928231.316 69924639490.6421 -23597.4407457747 6557.08779938202 -314169469.495976
750553508.16427 191879564055.858 73204494662.8303 -25060.3588206791 6028.14704491035 -314169401.58535
751074002.968822 178424434434.698 76179080790.6494 -26667.2474781408 5378.87497475682 -314169289.372502
751594497.773374 164089134285.062 78776576139.5582 -28448.1024210995 4571.69216588093 -314169095.45818
752114992.577926 148773398713.128 80901454267.8541 -30442.0458768129 3551.73250627543 -314168742.090127
752635487.382478 132353499179.08 82422894852.4437 -32700.7964023587 2235.79097667268 -314168055.931335
753155982.187031 114674537919.345 83155260158.6731 -35293.2590236644 491.729429963883 -314166617.46619
753676476.991583 95540211983.2414 82823243061.1967 -38310.2834248092 -1902.58260276934 -314163309.455192
754196971.796135 74701163056.085 80995089229.1085 -41863.1939112144 -5348.04257567738 -314154825.843501
754717466.600687 51851511756.1298 76943126372.5631 -46042.5734075935 -10635.2524726176 -314130504.055035
755237961.405239 26688133741.6691 69322053599.8952 -50654.0851683583 -19493.7988153468 -314060638.127349
755758456.209792 -648137282.38908 55369989250.4514 -53598.8340631949 -35962.6483319398 -314099174.548156
756278951.014344 -26817114333.4522 29499455970.7934 -42030.7530520294 -65242.7349208188 -317986823.382942
756799445.818896 -37798909721.6375 -9610971727.21806 2461.84765987475 -78087.6495712851 -351588640.678339
757319940.623448 -28179471909.3951 -45395530195.4745 29319.856208686 -58064.0800695415 -368804857.066988
757840435.428 -10836606307.7987 -70904669982.724 35542.2393731412 -41210.8969232374 -369815443.353562
758360930.232553 7871955601.73445 -89365784362.8581 35885.3096970233 -30521.6342184159 -369969613.425392
758881425.037105 26267868286.3231 -103287798535.868 34677.9383518252 -23418.7436375254 -370006609.748501
759401919.841657 43906732702.1023 -114096216342.445 33073.0875915389 -18376.8667705022 -370017961.072015
759922414.646209 60688887465.5293 -122634822896.828 31416.4943525543 -14600.8719749763 -370022119.104354
760442909.450761 76621448051.0056 -129438044414.09 29818.015179712 -11653.9194915522 -370023862.114462
760963404.255314 91744887004.0261 -134865017919.338 28309.6713609677 -9279.41647618222 -370024673.758789
761483899.059866 106107966210.157 -139168971462.053 26895.9565514054 -7317.42723762919 -370025084.673816
762004393.864418 119758797555.911 -142535523531.73 25571.5996447826 -5663.18371119481 -370025307.30051
762524888.66897 132741779681.15 -145105110890.326 24328.2665747496 -4245.16349113826 -370025434.845745
763045383.473522 145096785979.013 -146986804976.146 23157.1584347674 -3012.82671975809 -370025511.41268
763565878.278075 156859220549.199 -148267197344.749 22049.9916150298 -1929.4065313918 -370025559.232224
764086373.082627 168060387166.067 -149016326837.062 20999.3173461246 -967.484892070452 -370025590.127512
764606867.887179 178727943566.861 -149291759203.341 19998.5703805014 -106.175359252869 -370025610.682381
765127362.691731 188886348933.567 -149141472080.058 19042.0114177527 670.729438954978 -370025624.7121
765647857.496283 198557270230.519 -148605943792.605 18124.6339802352 1376.01060646557 -370025634.505907
766168352.300835 207759937849.322 -147719697319.828 17242.0658207396 2019.89136107662 -370025641.480166
766688847.105388 216511451366.627 -146512462617.904 16390.4769692906 2610.6522294734 -370025646.535354
767209341.90994 224827040160.864 -145010066032.011 15566.4985284596 3155.07541786723 -370025650.258037
767729836.714492 232720284736.641 -143235120915.367 14767.1528336807 3658.77141400138 -370025653.038721
768250331.519044 240203304495.337 -141207571032.259 13989.794162723 4126.42280633605 -370025655.142541
768770826.323596 247286917111.579 -138945123306.716 13232.0586866908 4561.9688821386 -370025656.752748
769291321.128149 253980773964.281 -136463596273.921 12491.8222817545 4968.74717819658 -370025657.998061
769811815.932701 260293475374.175 -133777203528.358 11767.1649215097 5349.60328061688 -370025658.970235
770332310.737253 266232668774.123 -130898786492.002 11056.3405304766 5706.97688934489 -370025659.73556
770852805.541805 271805132400.145 -127840007274.293 10357.7513483158 6042.96991775395 -370025660.342515
771373300.346357 277016846637.8 -124611509822.6 9669.92601024225 6359.40083650564 -370025660.826951
771893795.15091 281873054781.161 -121223055674.036 8991.50068434742 6657.8483693696 -370025661.215641
772414289.955462 286378314648.959 -117683639218.207 8321.2027200292 6939.68686080335 -370025661.528755
772934784.760014 290536542243.504 -114001586329.469 7657.83635512285 7206.11506426831 -370025661.781601
773455279.564566 294351048422.972 -110184639431.362 7000.27010520816 7458.17968164527 -370025661.985862
773975774.369118 297824569378.144 -106240031448.241 6347.42551963515 7696.79467351739 -370025662.150489
774496269.173671 300959291553.675 -102174550631.858 5698.26703751909 7922.75712697892 -370025662.282343
775016763.978223 303756871525.524 -97994597889.3124 5051.79271540171 8136.76029062987 -370025662.386661
775537258.782775 306218451235.467 -93706237958.3947 4407.02562816904 8339.4042503706 -370025662.467402
776057753.587327 308344668886.552 -89315245558.536 3763.00576751128 8531.20461362223 -370025662.527489
776578248.391879 310135665716.431 -84827147476.8655 3118.78227873581 8712.59948572465 -370025662.568986
777098743.196432 311591088785.779 -80247261419.3987 2473.40588784942 8883.95495461598 -370025662.593216
777619238.000984 312710089843.724 -75580732359.8669 1825.92137700193 9045.56924401903 -370025662.600839
778139732.805536 313491320258.96 -70832567047.9808 1175.35996789177 9197.67564778553 -370025662.591883
778660227.610088 313932921931.529 -66007667291.4182 520.731469607978 9340.44431597847 -370025662.565745
779180722.41464 314032514023.689 -61110862599.3152 -138.983960570894 9473.98292432748 -370025662.521153
779701217.219193 313787175266.246 -56146942768.4521 -804.84460812728 9598.33622071364 -370025662.456088
780221712.023745 313193421506.286 -51120691006.7158 -1477.95672794033 9713.48440321173 -370025662.367665
780742206.828297 312247178059.981 -46036918222.9526 -2159.48501685066 9819.34024168968 -370025662.251944
781262701.632849 310943746316.045 -40900499170.4336 -2850.66427729391 9915.74480646153 -370025662.103685
781783196.437401 309277763896.505 -35716411216.7218 -3552.81256269572 10002.4616098703 -370025661.915987
782303691.241954 307243157515.414 -30489776631.5092 -4267.34615434091 10079.1688959337 -370025661.679807
782824186.046506 304833087475.139 -25225909444.1225 -4995.79679571867 10145.4497240141 -370025661.383292
783344680.851058 302039882493.518 -19930368135.2392 -5739.83170906381 10200.7793776845 -370025661.010843
783865175.65561 298854963250.201 -14609015708.7029 -6501.27704698561 10244.509479589 -370025660.541824
784385670.460162 295268752659.066 -9268089061.12146 -7282.14559933489 10275.8479931313 -370025659.948731
784906165.264715 291270570392.213 -3914280059.89647 -8084.66979510914 10293.8340222285 -370025659.194583
785426660.069267 286848508567.768 1445168602.22704 -8911.34132977141 10297.3059521232 -370025658.229157
785947154.873819 281989284725.361 6802348824.34669 -9764.95913592465 10284.8609646776 -370025656.983484
786467649.678371 276678067190.051 12148548635.7239 -10648.6879368572 10254.803247014 -370025655.361669
786988144.482923 270898266584.985 17474083060.5425 -11566.1303311858 10205.0771963508 -370025653.228558
787508639.287476 264631285478.989 22768085232.3367 -12521.4163297543 10133.1804577881 -370025650.390803
788029134.092028 257856215782.525 28018245470.9988 -13519.3156161962 10036.0494825495 -370025646.567217
788549628.89658 250549470296.949 33210481451.9152 -14565.3796979402 9909.90708917105 -370025641.341416
789070123.701132 242684330432.943 38328515945.7777 -15666.123806632 9750.0566410234 -370025634.084365
789590618.505684 234230386037.541 43353328781.5824 -16829.2622772792 9550.59990430996 -370025623.824474
790111113.310237 225152834751.328 48262434878.0772 -18064.0167662354 9304.04368116672 -370025609.023518
790631608.114789 215411596226.367 53028917379.6805 -19381.5249521623 9000.74085904393 -370025587.177826
791152102.919341 204960179160.698 57620108927.1461 -20795.3896642437 8628.07901909617 -370025554.083242
791672597.723893 193744213861.262 61995755677.7656 -22322.4267345857 8169.27375962246 -370025502.426019
792193092.528445 181699526077.237 66105400948.0745 -23983.6971343021 7601.52404509895 -370025418.958409
792713587.332998 168749573649.301 69884555988.5603 -25805.9484271585 6893.10171917949 -370025278.542749
793234082.13755 154801989251.891 73248919979.0479 -27823.6432554744 5998.58823543395 -370025030.840172
793754576.942102 139743865623.294 76085334669.3768 -30081.8049213405 4850.73877775146 -370024568.501789
794275071.746654 123435299479.16 78237010790.6748 -32639.8844630778 3345.86730602974 -370023645.073766
794795566.551206 105700685811.962 79478130570.3126 -35576.404677842 1315.96928409478 -370021643.722399
795316061.355759 86317841151.9248 79467390858.8538 -38991.7626291608 -1528.40954345141 -370016860.859575
795836556.160311 65008574558.9789 77656352680.4058 -42995.3114681881 -5725.63910244196 -370004097.216307
796357050.964863 41452213614.392 73091553897.9424 -47606.3398119501 -12375.2872802687 -369966928.268238
796877545.769415 15438998899.5817 63945217549.2423 -52175.7341638199 -23951.2034482261 -369882335.631
797398040.573967 -12148772591.249 46405061807.9344 -51935.8273459384 -45781.57102801 -370574989.955571
797918535.37852 -34166768254.759 14444213965.5002 -26030.333303714 -75685.672264546 -375490617.465332
798439030.183072 -35645722249.1621 -25178249064.0283 17640.9098281678 -70135.0999630021 -426560269.28104
798959524.987624 -21281173044.0465 -56078151258.7351 33774.3974618428 -49213.1688485423 -431742302.34219
799480019.792176 -2666875882.85405 -77638687628.0065 36688.9005190107 -34741.3104112048 -432196533.869598
800000514.596728 16334325310.9767 -93120854940.4783 36037.8218300638 -25392.2564604256 -432282976.74456
800521009.401281 34690604567.6285 -104571907936.716 34421.1141940629 -18978.5720417235 -432306110.035607
801041504.205833 52129628736.7842 -113175284486.363 32577.2012732858 -14307.2495162525 -432313784.726842
801561999.010385 68604705267.2707 -119655062131.316 30737.7086781426 -10740.0850146391 -432316767.537467
802082493.814937 84141046161.2812 -124483206170.337 28976.2272252469 -7914.70701149709 -432318076.405
802602988.619489 98785582162.933 -127984282935.093 27311.9132608927 -5612.09179772723 -432318708.157456
803123483.424042 112589247300.202 -130391430825.721 25744.2958176289 -3692.48155306235 -432319037.276312
803643978.228594 125600617318.751 -131878158799.914 24266.0376592601 -2062.55782266505 -432319219.750671
804164473.033146 137863816385.672 -132577423423.347 22867.8603148008 -657.606756771494 -432319326.277376
804684967.837698 149418085161.034 -132593621493.112 21540.4642553899 568.697238959849 -432319391.221107
805205462.64225 160297986399.771 -132010435437.744 20275.2368147026 1650.41981150282 -432319432.299627
805725957.446802 170533829577.865 -130896143569.995 19064.4587443701 2613.19224889627 -432319459.117913
806246452.251355 180152141485.043 -129307321547.574 17901.305187856 3476.68352747529 -432319477.112758
806766947.055907 189176113349.085 -127291489211.147 16779.7678745192 4256.24647813785 -432319489.479307
807287441.860459 197625999745.489 -124889046221.411 15694.5533847688 4964.04321707649 -432319498.158079
807807936.665011 205519463764.821 -122134716030.543 14640.9807175979 5609.83257981916 -432319504.362293
808328431.469563 212871870835.404 -119058642442.818 13614.8872524804 6201.5324381201 -432319508.870216
808848926.274116 219696536465.964 -115687235907.66 12612.5458771401 6745.6285774064 -432319512.192651
809369421.078668 226004933798.672 -112043836421.33 11630.5933033826 7247.47678555236 -432319514.671755
809889915.88322 231806866540.683 -108149240006.564 10665.9684889422 7711.52919274246 -432319516.540888
810410410.687772 237110612166.456 -104022122368.651 9715.8597306178 8141.50592728673 -432319517.961745
810930905.492324 241923039521.973 -99679384175.5229 8777.65897241404 8540.52663692247 -432319519.047867
811451400.296877 246249704229.785 -95136436041.4173 7848.92198335305 8911.21208216852 -432319519.879822
811971895.101429 250094924632.26 -90407436797.4561 6927.33321013107 9255.76305760805 -432319520.515161
812492389.905981 253461840427.642 -85505495419.1152 6010.67425763061 9576.02185498458 -432319520.995029
813012884.710533 256352455642.826 -80442844662.6395 5096.7950774387 9873.52004246905 -432319521.34859
813533379.515085 258767667135.153 -75230992781.6433 4183.5870441836 10149.5152994021 -432319521.595982
814053874.319638 260707279408.23 -69880858477.2059 3268.95716974133 10405.0192844669 -432319521.750253
814574369.12419 262170006148.263 -64402893361.7381 2350.80274585114 10640.8179391393 -432319521.818562
815094863.928742 263153458522.169 -58807195609.3169 1426.98571604253 10857.4851757046 -432319521.802804
815615358.733294 263654119910.756 -53103618070.9908 495.306056650711 11055.3905252531 -432319521.699749
816135853.537846 263667306362.524 -47301873921.1775 -446.526608931294 11234.7009910982 -432319521.500703
816656348.342399 263187111626.876 -41411642855.667 -1400.92403403902 11395.3770375023 -432319521.190654
817176843.146951 262206335136.965 -35442680982.7071 -2370.45402539499 11537.1623142948 -432319520.746771
817697337.951503 260716390734.085 -29404937851.1102 -3357.87999162704 11659.5663443709 -432319520.136048
818217832.756055 258707193221.304 -23308684575.6113 -4366.20686553322 11761.8389459402 -432319519.31174
818738327.560607 256167018956.675 -17164657804.4657 -5398.7352897862 11842.9345752797 -432319518.207996
819258822.36516 253082335582.016 -10984225412.752 -6459.12648614301 11901.4639886871 -432319516.731806
819779317.169712 249437594544.375 -4779581426.63713 -7551.48095558456 11935.6295313515 -432319514.75075
820299811.974264 245214978182.166 1436020015.06929 -8680.43516032843 11943.1388095648 -432319512.074104
820820306.778816 240394090644.465 7647978577.26775 -9851.28173454801 11921.0892477016 -432319508.423219
821340801.583368 234951578544.121 13839991723.0018 -11070.120731094 11865.8126851042 -432319503.384108
821861296.387921 228860662656.808 19993604115.9785 -12344.0521942139 11772.6640991423 -432319496.329857
822381791.192473 222090555646.807 26087627589.2389 -13681.4243421463 11635.7306964846 -432319486.290458
822902285.997025 214605731952.926 32097381494.148 -15092.1574395641 11447.4251942289 -432319471.728272
823422780.801577 206365003448.821 37993679601.7631 -16588.1719380882 11197.9069494081 -432319450.138548
823943275.606129 197320336565.179 43741452416.8501 -18183.9620238709 10874.2409491778 -432319417.313635
824463770.410682 187415320623.929 49297833267.04 -19897.3743355344 10459.1467812986 -432319365.9339
824984265.215234 176583159352.477 54609435397.7639 -21750.6790289265 9929.0866083918 -432319282.747585
825504760.019786 164744002568.011 59608372287.1529 -23772.0594658967 9251.25030316305 -432319142.6361
826025254.824338 151801356526.804 64206258300.8297 -25997.6974241753 8378.62658350918 -432318895.387182
826545749.62889 137637206476.585 68284833155.4346 -28474.675988876 7241.59732145637 -432318434.208241
827066244.433443 122105373536.248 71680674874.9606 -31264.8747319943 5732.87085407729 -432317514.891567
827586739.237995 105022633201.967 74158978050.9472 -34449.5163568478 3678.8315416137 -432315529.808165
828107234.042547 86157803318.0216 75365739053.3549 -38131.4443167398 781.085478900926 -432310815.861526
828627728.847099 65222844482.1703 74733864176.0128 -42420.2974412086 -3513.07863927155 -432298372.443804
829148223.651651 41888831917.9689 71281929659.4618 -47327.260133119 -10324.5708547868 -432262861.22958
829668718.456204 15947537947.1987 63142956075.7646 -52170.3542000468 -22143.218470143 -432186246.91852
830189213.260756 -11693315634.675 46476858593.8933 -52151.429633599 -44204.5263302003 -432833466.704286
830709708.065308 -33957618821.6522 15304021961.501 -26881.168808523 -74363.5544312856 -437530962.639538
831230202.86986 -35865224864.826 -23943295059.6343 17192.5671463142 -69918.8028375667 -486069985.591101
831750697.674412 -21457668449.6419 -54669603624.363 34262.6117099703 -48606.9727925895 -491905539.305968
832271192.478965 -2512720183.93766 -75737390159.5529 37389.4244454915 -33474.8163174576 -492411904.028483
832791687.283517 16836192956.5087 -90423937843.1519 36646.3535415276 -23630.2338498306 -492505824.654434
833312182.088069 35461741370.1033 -100860771074.035 34838.5899595922 -16862.8903354234 -492530700.547775
833832676.892621 53060834352.1047 -108292063447.952 32772.2369125179 -11931.8674206544 -492538907.540483
834353171.697173 69577476892.503 -113481863301.548 30701.9585934542 -8167.26335042884 -492542084.709209
834873666.501726 85034992289.3068 -116929077339.323 28709.3728615173 -5187.30875044187 -492543474.36559
835394161.306278 99480945916.2575 -118977193740.81 26816.1775454462 -2760.8896037816 -492544143.174296
835914656.11083 112967589923.297 -119873194386.909 25022.3089861625 -740.446945809524 -492544490.642379
836435150.915382 125544774430.758 -119801101143.952 23319.9820434161 972.54587772058 -492544682.76735
836955645.719934 137257563221.118 -118902128086.22 21699.1323640933 2446.38287172301 -492544794.617315
837476140.524487 148145689930.912 -117287361346.078 20149.5518528401 3729.90797411282 -492544862.608761
837996635.329039 158243726243.244 -115046060480.352 18661.6849616037 4858.98705454703 -492544905.481701
838517130.133591 167581498688.852 -112251282224.827 17226.8678983021 5860.54873476067 -492544933.376292
839037624.938143 176184561013.259 -108963805087.41 15837.3370480403 6755.19485806471 -492544952.021202
839558119.742695 184074643544.213 -105234940605.576 14486.1469638173 7558.93752557588 -492544964.776003
840078614.547248 191270050550.397 -101108594603.87 13167.05890498 8284.38492582658 -492544973.675972
840599109.3518 197785997996.308 -96622810958.312 11874.4258869351 8941.56893594319 -492544979.9894
841119604.156352 203634892976.222 -91810950890.6695 10603.0844535279 9538.53363737371 -492544984.526002
841640098.960904 208826559328.752 -86702611117.8106 9348.25626315044 10081.7602945158 -492544987.813174
842160593.765456 213368414604.863 -81324352318.5387 8105.4594066429 10576.477820027 -492544990.199578
842681088.570009 217265603115.262 -75700288511.1947 6870.42801773297 11026.8911553445 -492544991.917431
843201583.374561 220521088871.858 -69852574030.963 5639.03819966781 11436.3493286774 -492544993.120576
843722078.179113 223135711150.819 -63801815425.3414 4407.23809956301 11807.4679044651 -492544993.907854
844242572.983665 225108204253.706 -57567429254.7284 3170.97988215649 12142.2157317625 -492544994.337166
844763067.788217 226435181852.421 -51167962563.4306 1926.15126767986 12441.9724869287 -492544994.433228
845283562.59277 227111085050.357 -44621390100.2363 668.504135729911 12707.5609441663 -492544994.190623
845804057.397322 227128091923.257 -37945400876.8874 -606.422591614162 12939.2558234192 -492544993.572702
846324552.201874 226475984740.98 -31157686184.6297 -1903.38903806654 13136.7691766064 -492544992.506121
846845047.006426 225141969208.961 -24276241707.0454 -3227.55338442315 13299.2103307751 -492544990.869829
847365541.810978 223110437761.207 -17319697966.8955 -4584.5887791649 13425.0161449756 -492544988.47616
847886036.61553 220362665985.861 -10307696274.9977 -5980.82459967613 13511.8444202338 -492544985.039651
848406531.420083 216876427389.567 -3261332068.6018 -7423.42062896859 13556.4192460159 -492544980.125897
848927026.224635 212625506507.422 3796305191.96496 -8920.58574748279 13554.3111209386 -492544973.066644
849447521.029187 207579083258.274 10839455280.1663 -10481.8571217713 13499.6256199974 -492544962.815953
849968015.833739 201700951573.185 17838816249.1256 -12118.4622474772 13384.5601020064 -492544947.700122
850488510.638291 194948521413.945 24760395289.9713 -13843.7955485088 13198.7647761572 -492544924.969537
851009005.442844 187271533450.63 31563955083.7753 -15674.054999454 12928.4056765479 -492544889.96721
851529500.247396 178610387072.577 38200860211.5255 -17629.1044940869 12554.7601070724 -492544834.524354
852049995.051948 168893941022.886 44611011922.2849 -19733.6570489623 12052.0552024245 -492544743.723103
852570489.8565 158036586413.388 50718357074.4858 -22018.9144945688 11384.0368859526 -492544589.024029
853090984.661052 145934308808.419 56424090039.2785 -24524.8475788583 10498.3213161919 -492544312.803535
853611479.465605 132459350990.163 61595969719.0866 -27303.3274439971 9316.6883896641 -492543791.170458
854131974.270157 117452998137.092 66050779234.2073 -30422.1942354822 7717.53564560757 -492542737.507961
854652469.074709 100716119634.011 69523986339.9295 -33969.5319433752 5502.19614334763 -492540430.234176
855172963.879261 81998224545.6439 71613875511.3654 -38053.6431561829 2325.50982346098 -492534875.631596
855693458.683813 60991455903.6685 71670646844.8529 -42777.1451070779 -2459.54163109381 -492520094.333482
856213953.488366 37363043373.1347 68556390638.9347 -48079.9060591376 -10179.5360790086 -492478948.846396
856734448.292918 11000017280.3346 60084241972.0096 -52880.379420483 -23771.2147188863 -492419427.378994
857254943.09747 -16568709503.5678 41831820968.7904 -50392.2544132726 -48721.9813604509 -493604031.593105
857775437.902022 -36071413545.7647 8469306408.06601 -18303.7328794662 -76351.1975100315 -500247673.88909
858295932.706574 -33990443055.0078 -29820456609.8615 22406.2912980622 -65464.8740068719 -541763746.672698
858816427.511127 -17934658747.4991 -58196354952.0932 35992.3126422083 -44418.7404257376 -545512355.340989
859336922.315679 1573457526.912 -77275729040.0706 38022.6090346082 -29954.6260612959 -545896591.08898
859857417.120231 21120684358.55 -90223106346.1142 36824.2887856203 -20422.1839637311 -545973047.757026
860377911.924783 39759878945.4334 -99028005508.7515 34727.0080150267 -13779.7066723144 -545994136.766788
860898406.729335 57237289308.0037 -104867574468.16 32420.7979055178 -8889.74301069915 -546001305.654709
861418901.533888 73512530420.2411 -108475985422.093 30127.4176337993 -5128.86852847531 -546004144.936619
861939396.33844 88614300383.3552 -110338918491.516 27917.4747341623 -2136.43777071292 -546005408.812237
862459891.142992 102591848361.576 -110794366300.461 25808.2431507878 308.572267624884 -546006025.448939
862980385.947544 115497480249.966 -110087594853.974 23797.4330634284 2348.64629843656 -546006349.25123
863500880.752096 127380179998.544 -108402853936.926 21875.8183357642 4079.62787789599 -546006529.792613
864021375.556649 138283482006.892 -105882639272.654 20032.1774719957 5568.30812403356 -546006635.581529
864541870.361201 148245016594.992 -102639929391.049 18255.2334539642 6862.61837180573 -546006700.201939
865062365.165753 157296698939.374 -98766267011.747 16534.3640350499 7997.79928944447 -546006741.084923
865582859.970305 165465134222.994 -94337280099.6264 14859.795756122 9000.27747664722 -546006767.727148
866103354.774857 172772059381.061 -89416569183.2706 13222.5820228508 9890.18083929738 -546006785.520762
866623849.57941 179234747466.998 -84058520728.1168 11614.4950465523 10683.0153363892 -546006797.636328
867144344.383962 184866346468.542 -78310396927.4989 10027.8878332712 11390.8074129201 -546006805.992228
867664839.188514 189676143977.738 -72213928470.7942 8455.54954260812 12022.8950606505 -546006811.773729
868185333.993066 193669756843.861 -65806561478.7298 6890.56248548541 12586.4804017265 -546006815.719917
868705828.797618 196849247178.486 -59122462843.4525 5326.16195804492 13087.0147878177 -546006818.285661
869226323.602171 199213165699.349 -52193358548.8256 3755.59662418524 13528.4613807474 -546006819.733045
869746818.406723 200756521663.556 -45049260840.1033 2171.98521362391 13913.4632685971 -546006820.180241
870267313.211275 201470676060.009 -37719128722.1383 568.163883663565 14243.4334694639 -546006819.621708
870787808.015827 201343151422.492 -30231500153.1944 -1063.48285685761 14518.5742710819 -546006817.925104
871308302.820379 200357347469.919 -22615132466.8965 -2731.2166236368 14737.825576289 -546006814.803848
871828797.624932 198492146474.814 -14899689780.4193 -4444.17661700972 14898.7338687258 -546006809.757362
872349292.429484 195721385304.791 -7116522957.48709 -6212.66345311022 14997.2235679369 -546006801.960968
872869787.234036 192013161717.752 700399480.04372 -8048.49631957223 15027.2388586672 -546006790.069667
873390282.038588 187328929594.612 8513329489.30965 -9965.47259182061 14980.2033185747 -546006771.865826
873910776.84314 181622319696.081 16279231299.1337 -11979.9711029474 14844.2112400926 -546006743.61091
874431271.647693 174837596773.217 23947753316.435 -14111.7579966565 14602.8082148013 -546006698.81144
874951766.452245 166907626895.269 31458409251.0294 -16385.0798735263 14233.1197230343 -546006625.772106
875472261.256797 157751175868.958 38736529897.1728 -18830.1650386593 13702.9059040919 -546006502.508875
875992756.061349 147269285233.259 45687247802.2712 -21485.2989905283 12965.7760218998 -546006285.583483
876513250.865901 135340374959.344 52186220045.5346 -24399.6775062693 11953.1053825729 -546005884.022582
877033745.670454 121813622326.759 58064704902.7812 -27637.1873372553 10559.7343666157 -546005093.919747
877554240.475006 106500179325.351 63084351524.2296 -31280.7841566895 8617.22923228516 -546003420.890304
878074735.279558 89162411837.3171 66892068111.5557 -35434.860301738 5840.49825184971 -545999555.992419
878595230.08411 69504669556.4666 68933434751.5995 -40212.9810313208 1712.74514085512 -545989721.385128
879115724.888662 47184603304.9292 68272581723.3766 -45651.9251285201 -4783.70097527139 -545962753.494349
879636219.693215 21939816897.0542 63185300087.0913 -51251.7393799308 -15830.7945722782 -545900966.508208
880156714.497767 -5665937380.12211 50232981068.0441 -53483.1279697312 -36040.381209498 -546169737.02915
880677209.302319 -30425829108.0051 23487943236.0554 -35892.1253384353 -67223.465694948 -549823805.164369
881197704.106871 -37355976169.7665 -14850136807.0078 9788.36715345973 -73016.4020077646 -588444902.594253
881718198.911423 -24829365725.3026 -47391966743.3973 33622.1993625674 -51288.9987675138 -600517809.605417
882238693.715976 -5558619179.62926 -69138760271.7131 38766.0220916974 -33492.5540743673 -601461764.730838
882759188.520528 14597931994.4275 -83313879180.7308 38221.4205216342 -21785.3248702842 -601611564.699157
883279683.32508 33967211798.9148 -92453131665.555 36075.6514750249 -13806.3206709387 -601648238.27119
883800178.129632 52082949045.6934 -98066865092.4039 33506.3222236055 -8054.79820509455 -601659750.081074
884320672.934184 68838776578.7971 -101079096927.499 30883.0950940391 -3708.57582350419 -601664049.06162
884841167.738737 84243642657.4348 -102088881788.172 28325.4222432138 -301.143945220264 -601665877.837152
885361662.543289 98342529418.8933 -101506091401.333 25866.9175829616 2447.47997503286 -601666738.488853
885882157.347841 111188444881.957 -99624202191.1343 23509.94481673 4714.35228430167 -601667177.354591
886402652.152393 122832156364.208 -96661493066.0271 21245.4700375417 6616.52551502764 -601667416.152873
886923146.956945 133318554877.87 -92785636667.8737 19060.705535849 8234.27186934097 -601667553.206994
887443641.761497 142685601780.927 -88129092933.9462 16942.1036107237 9624.29752033901 -601667635.420736
887964136.56605 150964274174.215 -82799158301.0915 14876.4743073729 10827.6037665937 -601667686.569689
888484631.370602 158178858781.487 -76884777747.5208 12851.317751905 11874.3439623007 -601667719.330982
889005126.175154 164347319522.404 -70461326766.6446 10854.8217045332 12786.9182529508 -601667740.748236
889525620.979706 169481621330.165 -63594085042.9954 8875.71575982327 13581.9909700051 -601667754.855908
890046115.784258 173587959703.797 -56340851512.6318 6903.063070139 14271.8217402419 -601667763.997128
890566610.588811 176666873064.895 -48753993177.5414 4926.02104006566 14865.1392451293 -601667769.505036
891087105.393363 178713224558.504 -40882127446.0893 2933.57904256743 15367.6926526678 -601667772.053572
891607600.197915 179716040640.544 -32771583670.8705 914.268942256601 15782.5578899262 -601667771.819459
892128095.002467 179658189449.95 -24467760130.1839 -1144.1636715583 16110.2367961924 -601667768.515608
892648589.807019 178515873883.658 -16016481094.848 -3255.14652651923 16348.5564442986 -601667761.306793
893169084.611572 176257902426.626 -7465462488.86236 -5433.75292230415 16492.3460502503 -601667748.574382
893689579.416124 172844684140.13 1133984603.48365 -7697.29684687436 16532.8325480122 -601667727.434949
894210074.220676 168226870889.689 9724839933.81892 -10066.1038662613 16456.6431268096 -601667692.801669
894730569.025228 162343536994.467 18241598408.3924 -12564.5326238854 16244.217087059 -601667635.529805
895251063.82978 155119739987.621 26606443332.7067 -15222.3523826564 15867.2786799148 -601667538.61822
895771558.634333 146463241471.29 34723732962.2855 -18076.6209356442 15284.7430691176 -601667369.046359
896292053.438885 136260082000.57 42471712367.0449 -21174.2425961269 14435.8814384424 -601667059.19922
896812548.243437 124368611646.695 49689495406.5328 -24575.3614695553 13228.4450060075 -601666461.720815
897333043.047989 110611555043.18 56155610551.3088 -28357.4363298284 11516.9824683832 -601665231.32496
897853537.852541 94766061347.4105 61550646834.4228 -32618.3715215952 9060.82039169473 -601662489.680185
898374032.657094 76553777625.7746 65387897922.6323 -37470.8262122723 5436.7087386982 -601655804.386358
898894527.461646 55642436788.6859 66874557281.1691 -42992.4291553237 -157.501214106161 -601638076.578076
899415022.266198 31713963353.8337 64610514941.4766 -48964.2658965588 -9373.94328103991 -601592598.208875
899935517.07075 4874030032.77027 55902907044.0059 -53517.6396811009 -25762.0450735877 -601599106.413134
900456011.875302 -22185913668.0372 35613178601.034 -46658.291120559 -54251.3613574713 -603513589.711503
900976506.679855 -37505918357.6582 339678168.930794 -7359.71759515537 -76083.6480909629 -617600042.952218
901497001.484407 -30790369107.1471 -35855931272.1433 28371.1497801724 -59310.9821280486 -647253785.053477
902017496.288959 -12632778180.017 -60980817914.3694 38668.161942463 -38317.3814946687 -649777895.312428
902537991.093511 7889102919.51162 -76954547653.1628 39397.9429505007 -24072.6229995357 -650083228.263132
903058485.898063 27933413197.4295 -86844774398.079 37398.4277391249 -14532.3651328559 -650147942.802359
903578980.702616 46695081258.3574 -92561402910.9171 34635.9402428862 -7796.03230505335 -650166523.92746
904099475.507168 63962846285.7665 -95257746713.1115 31711.171851275 -2795.70643309546 -650173036.710812
904619970.31172 79712110393.442 -95667325481.212 28817.9985252131 1065.98665114655 -650175677.942047
905140465.116272 93977871863.4747 -94283600569.9176 26015.0703809864 4140.5293879738 -650176875.486596
905660959.920824 106810943326.132 -91455228512.7396 23312.50371452 6645.96850360505 -650177468.23946
906181454.725377 118261967336.277 -87439033927.2352 20702.4781119899 8723.91848369422 -650177783.049539
906701949.529929 128375559176.547 -82431103790.6736 18170.7921971405 10469.8585633939 -650177960.118578
907222444.334481 137188336295.378 -76585982758.7839 15701.3534306206 11950.0595844878 -650178064.484036
907742939.139033 144728447089.414 -70029079593.5215 13277.8636458928 13211.4717176526 -650178128.310517
908263433.943585 151015629822.92 -62865037748.6681 10884.3347400183 14287.7146436688 -650178168.338026
908783928.748138 156061389922.249 -55183629061.1612 8505.09546071968 15202.8012535102 -650178193.595109
909304423.55269 159869112430.387 -47064098101.3774 6124.56332976402 15973.4749783422 -650178208.995978
909824918.357242 162434020616.235 -38578539640.2492 3726.89197463633 16610.6474910025 -650178217.066282
910345413.161794 163742927388.408 -29794700615.0173 1295.52968657682 17120.2043521246 -650178218.738888
910865907.966346 163773733965.393 -20778495983.0602 -1187.31299104097 17503.3126265053 -650178213.608952
911386402.770899 162494622526.367 -11596483729.7756 -3741.31294545741 17756.2697542099 -650178199.761613
911906897.575451 159862870461.542 -2318545960.06487 -6388.84863011532 17869.8474169 -650178173.083668
912427392.380003 155823183363.036 6978927609.82965 -9156.04944136861 17827.981569082 -650178125.7077
912947887.184555 150305399589.595 16208943081.4182 -12074.181119742 17605.50530994 -650178042.723207
913468381.989107 143221357442.684 25268261399.4263 -15181.5047972835 17164.3531729234 -650177895.090798
913988876.79366 134460635028.566 34029166964.4404 -18525.780667022 16447.1576195097 -650177623.638984
914509371.598212 123884784600.363 42326803592.0738 -22167.5670938573 15366.1307178737 -650177100.644003
915029866.402764 111319655328.94 49938639868.8797 -26184.1962783668 13782.9094926174 -650176030.826771
915550361.207316 96545713074.0492 56549244286.2712 -30673.0369821716 11469.9494782218 -650173675.894654
916070856.011868 79288044888.0784 61685900010.5077 -35747.3679490298 8031.50096750608 -650168032.117054
916591350.816421 59215643817.3108 64592035768.4317 -41495.658469038 2729.32264498091 -650153347.690264
917111845.620973 35994914792.7397 63958021879.223 -47769.9853914234 -5928.00660731746 -650115392.982956
917632340.425525 9614642373.19719 57316551917.2965 -53122.9548256265 -21113.6633961101 -650090223.774006
918152835.230077 -17918590479.6519 39923529600.152 -49641.7010775436 -47955.5179500119 -651339620.996072
918673330.034629 -36439441799.4834 7039299540.43398 -15660.1233794415 -74760.9146772391 -659428583.833272
919193824.839182 -33004189924.396 -30070106307.0468 24952.9315338619 -62691.4751200925 -696577481.509931
919714319.643734 -15582370872.8329 -56665253795.2994 38635.8500203423 -40288.966089025 -700728952.205411
920234814.448286 5202275768.90066 -73223939147.079 40206.3379627022 -24445.5324485341 -701177546.996222
920755309.252838 25688948170.0462 -83013495187.8799 38219.1359201702 -13851.9067142301 -701265302.09046
921275804.05739 44819827148.517 -88185432420.2275 35210.9902309137 -6431.0847898102 -701289351.336553
921796298.861943 62302425585.6133 -90043576732.8194 31953.603338336 -968.863078635766 -701297520.529103
922316793.666495 78083836154.1365 -89413560875.061 28696.0030974583 3215.02652485705 -701300758.874517
922837288.471047 92188115059.8864 -86848351294.7661 25515.0112023487 6518.37182007324 -701302202.147265
923357783.275599 104660611733.344 -82737651914.4506 22425.7445922135 9185.87630428211 -701302907.184103
923878278.080151 115547564071.087 -77368572161.2726 19420.1965771122 11374.8819140784 -701303277.817445
924398772.884704 124888416767.308 -70961119739.057 16481.6857459244 13190.125045744 -701303484.52576
924919267.689256 132712982373.413 -63690092531.0589 13590.4187035472 14702.9898920331 -701303605.257462
925439762.493808 139040446028.092 -55699290676.2276 10725.5288052867 15962.6090482242 -701303677.93551
925960257.29836 143878990557.534 -47111239814.4651 7865.62349186958 17002.4359799699 -701303721.7603
926480752.102912 147225507465.135 -38034246589.4452 4988.64808852149 17844.143652687 -701303746.406808
927001246.907465 149065134604.663 -28567899159.9317 2071.38672513715 18499.8148189232 -701303756.069047
927521741.712017 149370466253.392 -18807760406.6624 -911.289894664578 18972.9062448861 -701303751.001884
928042236.516569 148100308705.545 -8849833869.69911 -3987.42378013466 19258.1674359632 -701303727.463911
928562731.321121 145197840308.949 1204647975.32228 -7189.27298453623 19340.452478603 -701303675.995918
929083226.125673 140587991978.12 11243463793.1495 -10555.0258074899 19192.0899153411 -701303576.938164
929603720.930225 134173797065.561 21135748957.8695 -14131.0754421906 18768.0573140656 -701303390.090336
930124215.734778 125831375900.174 30720954247.9534 -17975.0170574581 17997.4397803397 -701303030.39909
930644710.53933 115403158287.076 39791777866.1172 -22159.4016555098 16768.0865196197 -701302307.500861
931165205.343882 102689065017.013 48066051899.7489 -26775.5948442115 14897.9318699023 -701300764.514434
931685700.148434 87436282560.5244 55137363122.4018 -31934.2330073095 12078.3009375679 -701297216.329061
932206194.952986 69332416602.5333 60382064400.5197 -37747.0989486181 7753.97033872945 -701288368.0438
932726689.757539 48024643931.6833 62770303767.6513 -44224.3282226684 850.986016198301 -701265203.780503
933247184.562091 23268788613.2544 60453929985.8045 -50774.025782431 -10859.0589535041 -701218441.78779
933767679.366643 -4283193289.38214 49884825114.3382 -53729.7275123603 -31820.8157127531 -701461300.701347
934288174.171195 -29430695395.6899 25217989744.7711 -37412.5853596322 -63569.1838639528 -704562907.409798
934808668.975747 -37377234033.2499 -11941984890.387 8230.4820594645 -72288.0148133783 -736256702.169308
935329163.7803 -24828134101.2046 -44146633264.5076 35105.5154851644 -50056.5670403374 -751743397.879672
935849658.584852 -4479699349.22328 -64662603564.9347 41096.3642598023 -30010.8111363901 -753128942.843671
936370153.389404 16804276172.4366 -76534518408.5333 40104.7942243083 -16522.8058859841 -753335856.180322
936890648.193956 36932412782.0889 -82593136113.0685 37069.2688866175 -7308.93600748446 -753384393.08824
937411142.998508 55298502451.0305 -84588590895.0587 33461.4923287011 -700.46150827256 -753399277.911925
937931637.803061 71748133155.6531 -83607200150.8503 29746.2553174517 4247.12519112997 -753404759.685023
938452132.607613 86271400501.8917 -80360012142.9061 26071.5814304592 8074.64745395248 -753407071.519229
938972627.412165 98902072220.3314 -75338732860.5347 22475.6610317146 11106.2949054206 -753408154.092355
939493122.216717 109681491801.345 -68900796381.8869 18955.8817941856 13545.1098664352 -753408704.898226
940013617.021269 118644902375.359 -61318140442.4816 15493.8271328237 15522.541463366 -753409004.232834
940534111.825822 125816065254.563 -52806809516.9128 12064.6958056114 17125.1970086135 -753409174.971143
941054606.630374 131204982442.996 -43546035410.2063 8640.71015292936 18409.7754149284 -753409274.393596
941575101.434926 134806648476.822 -33691400131.0489 5192.00284556176 19411.4834661263 -753409329.652267
942095596.239478 136599921347.868 -23384714317.2128 1686.31815234286 20148.5383365692 -753409352.08647
942616091.04403 136546048229.269 -12762284129.342 -1911.97089321581 20623.9866926491 -753409342.377889
943136585.848583 134586537761.106 -1962824605.42591 -5643.38481177149 20825.2602772531 -753409290.331213
943657080.653135 130640096523.248 8863772996.45032 -9555.42535054347 20721.2454484571 -753409168.995088
944177575.457687 124598310495.719 19545308634.9974 -13705.3299719985 20255.8734880314 -753408918.45858
944698070.262239 116319704758.535 29871445961.0203 -18163.5425479789 19335.9420424514 -753408405.200375
945218565.066791 105621875061.485 39569072165.4294 -23017.5078281881 17808.2487217584 -753407316.3678
945739059.871344 92271964603.7253 48260847277.7028 -28373.5383395903 15415.1962072922 -753404867.09931
946259554.675896 75978407050.4383 55390143176.5946 -34347.173669567 11703.6554198274 -753398947.353383
946780049.480448 56397828185.4972 60074452719.9696 -41002.2132821384 5825.22442780525 -753383752.487086
947300544.285 33218196819.2297 60797210026.6246 -48061.4748521243 -3922.72215113854 -753347855.067986
947821039.089552 6600850787.03006 54740515061.5995 -53533.1339254995 -21033.1341461206 -753370098.163767
948341533.894105 -20698648023.6246 36765222117.7892 -47732.8213485208 -50040.9791931361 -754889018.071676
948862028.698657 -37098362641.8475 3246277799.14583 -10108.4606633005 -74120.8726711095 -766406583.123491
949382523.503209 -31149109535.0943 -32551626048.3568 28650.132230254 -58946.8955394063 -798461513.461799
949903018.307761 -12227889869.0785 -56972417927.7303 40881.1538486751 -35782.0659437077 -802217678.503149
950423513.112313 9477583286.37018 -71031219795.0917 41529.2093045644 -19356.9636156755 -802663385.949743
950944007.916866 30426421311.6441 -78038942474.2878 38673.1870142219 -8270.36960202641 -802753033.958259
951464502.721418 49565134274.3401 -80203013059.2997 34785.3003545201 -474.483613680718 -802778023.893753
951984997.52597 66593903358.5161 -78887393714.6941 30633.2337960282 5252.57065233014 -802786642.360563
952505492.330522 81451447235.3291 -74971296172.1803 26463.2665573141 9605.45939024718 -802790108.591072
953025987.135074 94151056590.9927 -69054513354.3022 22345.7180699707 12992.8514211084 -802791676.300289
953546481.939627 104723130849.242 -61569277903.4904 18286.2469881195 15665.0398696328 -802792454.039642
954066976.744179 113193414469.101 -52843693409.7367 14265.0363695102 17779.705901469 -802792868.755316
954587471.548731 119574113840.35 -43139940244.2778 10251.2489763246 19436.6851585444 -802793100.648218
955107966.353283 123859736381.03 -32679003072.5723 6208.13746880637 20696.6919015917 -802793229.779346
955628461.157835 126024437687.949 -21658190846.4825 2094.24863531351 21591.0885686907 -802793289.805556
956148955.962388 126019454228.975 -10265143213.5058 -2137.2594935026 22125.9614961056 -802793287.089583
956669450.76694 123769863560.064 1309091128.43823 -6540.45444003063 22281.677101761 -802793202.80755
957189945.571492 119170144349.722 12855526735.0532 -11179.3860968334 22007.5685343563 -802792979.536668
957710440.376044 112078091257.192 24128271331.932 -16131.6136308992 21209.6208034325 -802792479.665466
958230935.180596 102306811167.927 34816294354.4937 -21491.8442253004 19725.910216145 -802791373.003205
958751429.985149 89615335640.772 44496883937.6375 -27372.7173439921 17277.8451471273 -802788824.03104
959271924.789701 73701753662.293 52551985496.7477 -33890.7196687991 13369.2063579252 -802782592.729451
959792419.594253 54216368844.3699 58005221299.732 -41088.1458813621 7064.76235509429 -802766709.055822
960312914.398805 30870214005.8122 59180859770.6802 -48575.1848155069 -3511.2034259737 -802732170.819328
960833409.203357 3981791532.16282 52983302718.2253 -53870.5243847403 -22111.7040307962 -802802026.560974
961353904.00791 -23016770064.8737 33990060432.1523 -45726.9145937683 -52603.0814377859 -804619099.705801
961874398.812462 -37426430303.6598 -280893602.332485 -5202.27233294324 -73662.1622094473 -820016580.452077
962394893.617014 -29399089121.9928 -34997346233.7491 31408.0332225138 -55905.7105537863 -848211601.4312
962915388.421566 -9497922543.40372 -57758271465.1617 42101.0622417837 -32558.6288398073 -851469077.644344
963435883.226118 12625479507.056 -70135579499.4378 41977.2892477018 -16109.4912769914 -851883104.382151
963956378.030671 33652974390.7047 -75436377550.5883 38541.7027046102 -4955.64226167706 -851969224.903475
964476872.835223 52582436009.9797 -75857480533.596 34115.4026778959 2905.08108484718 -851993749.895857
964997367.639775 69123089942.2151 -72771678470.0536 29426.4789747971 8669.27577931508 -852002357.978368
965517862.444327 83210036227.8439 -67075688046.2698 24705.9711398625 13021.1447679587 -852005877.553596
966038357.248879 94846731423.8265 -59390803931.4899 20014.1059275537 16363.2981079264 -852007496.472623
966558852.053432 104048693876.801 -50173853848.0672 15346.8203860226 18939.6860644392 -852008313.383872
967079346.857984 110821454640.76 -39781443113.2197 10673.3390110658 20898.9999049623 -852008753.657005
967599841.662536 115150772941.602 -28510029624.2639 5949.67518879948 22327.533380973 -852008993.898271
968120336.467088 116997093331.747 -16623612575.9244 1122.79062994875 23265.4760569671 -852009103.796046
968640831.27164 116290967941.476 -4375801811.78172 -3869.35719389373 23712.8407949961 -852009092.413878
969161326.076192 112927896416.711 7968986486.02049 -9099.90138139943 23626.9378343262 -852008909.908764
969681820.880745 106761740067.824 20110592961.3503 -14656.3121898048 22909.9848764407 -852008405.582027
970202315.685297 97596415892.9653 31678044996.953 -20643.3937943489 21381.0512713767 -852007196.338178
970722810.489849 85176960342.4433 42172998917.3462 -27181.3451579824 18717.9283004804 -852004291.978797
971243305.294401 69186149605.4165 50868406933.9829 -34380.9995405814 14334.4505992053 -851997042.374642
971763800.098953 49272937446.291 56610373883.8336 -42223.9557679018 7109.97308625414 -851978877.209293
972284294.903506 25224101581.8017 57404576141.9489 -50030.0087429274 -5207.13713933928 -851948180.916889
972804789.708058 -2220837272.80618 49588089067.1576 -54059.7666577816 -26862.1020466859 -852167010.77477
973325284.51261 -27930587804.9931 27369062371.7003 -39542.7021004844 -59293.5399999487 -854809229.37094
973845779.317162 -37352001896.3949 -8452642296.43824 5638.53258957476 -71692.9866842401 -880291191.867717
974366274.121714 -25151813832.5515 -40569437981.4491 36293.4375172883 -49439.9361241982 -900103006.697567
974886768.926267 -3746218508.1026 -60066536960.9806 43530.2131166944 -26678.8962848564 -902284417.380585
975407263.730819 18696956190.5388 -69582918904.1367 41949.8346379967 -10937.6918311364 -902600348.113267
975927758.535371 39471618386.1529 -72308830135.2008 37646.143306075 -194.843313549798 -902671514.759437
976448253.339923 57748162301.2709 -70322875022.6709 32515.1494735711 7409.57992541341 -902692884.051801
976968748.144475 73281563657.787 -64945826857.5754 27157.4952040894 12972.9608106957 -902700706.305726
977489242.949028 86011572388.982 -57060974563.7041 21756.7545720798 17125.3875413024 -902704027.462993
978009737.75358 95928723801.7396 -47298191501.8813 16348.3794346216 20235.7885700114 -902705611.593547
978530232.558132 103024638308.265 -36138311166.3536 10909.3597628643 22520.784323295 -902706436.057377
979050727.362684 107271202367.851 -23976368945.5658 5389.76623024425 24099.794727549 -902706879.433956
979571222.167236 108609846615.068 -11164469711.5063 -276.676824461883 25021.0228851274 -902707081.872106
980091716.971789 106943829794.664 1953845726.08403 -6170.4242811943 25269.1898840593 -902707052.686105
980612211.776341 102130598106.46 15009226552.0249 -12387.4351159174 24757.6493285527 -902706665.717431
981132706.580893 93973247007.0197 27563188657.9458 -19040.6602878129 23300.4300090776 -902705536.415132
981653201.385445 82212442579.9297 39042098671.4972 -26254.9578575968 20549.0540606865 -902702636.364027
982173696.189997 66526941952.8299 48621736764.8028 -34132.3147464717 15856.1333307064 -902695240.594419
982694190.99455 46576356449.6497 55004123531.7993 -42596.2641242593 7975.07925820568 -902677224.444269
983214685.799102 22226062266.2567 55958812427.0741 -50722.145593784 -5578.18466274699 -902656416.604237
983735180.603654 -5435275906.81499 47459708691.2184 -53842.8654558814 -29196.6285908541 -902997778.421952
984255675.408206 -30131257555.9084 23709962508.9269 -35456.0404420415 -62085.7946817485 -906188663.997187
984776170.212758 -36785158421.4113 -12368015339.52 10980.3495765611 -69633.9227917347 -935654308.278126
985296665.017311 -22548302545.3205 -42781958866.192 38829.0134579489 -45581.0803921158 -952158634.604244
985817159.821863 -274171553.760536 -60236724369.1999 44517.8856038308 -22743.6932384565 -954066041.767595
986337654.626415 22429589228.2842 -67700723930.6825 42011.7349810306 -6979.04544798821 -954362257.637256
986858149.430967 43030217068.0431 -68355722038.1204 36925.341739183 3801.85704946801 -954431701.720467
987378644.235519 60732773860.8826 -64286776674.1267 31029.7069119447 11408.0503694872 -954453191.697188
987899139.040072 75289920095.4256 -56841740669.4828 24886.6231552981 16908.491685102 -954461288.80262
988419633.844624 86624900572.8609 -46942555374.7517 18659.020263332 20914.6976326218 -954464837.680105
988940128.649176 94701937819.726 -35267435083.5997 12364.0151908967 23775.5131700622 -954466589.912943
989460623.453728 99476329596.0774 -22357994684.6198 5957.99548688449 25678.7155871653 -954467521.937326
989981118.25828 100871873952.08 -8688911359.82817 -633.846197833233 26698.6185429506 -954467986.567189
990501613.062833 98767598015.2701 5277997830.17507 -7508.02814656752 26810.4511815558 -954468039.403394
991022107.867385 92987304097.3218 19039982083.6082 -14779.8959178698 25876.8758272689 -954467461.670946
991542602.671937 83290910105.7797 31983813031.4634 -22577.6795457765 23598.1024403041 -954465521.028194
992063097.476489 69373590224.8009 43275055064.7112 -31012.7173089315 19395.6558933567 -954460232.281939
992583592.281041 50900012975.7688 51655071089.0395 -40052.2362130196 12155.4132312109 -954447082.948544
993104087.085594 27684142398.9049 55036890916.7517 -48992.6599023831 -319.093147522211 -954428657.413041
993624581.890146 479512755.353584 49733959827.3238 -54246.9019273886 -22041.2547691497 -954616015.943246
994145076.694698 -25883930988.652 30015054662.4646 -42233.915149028 -54780.3484820458 -956833484.769819
994665571.49925 -37335603429.4296 -4441865617.2296 1523.46334996691 -71447.3592902891 -976913023.713181
995186066.303802 -26270595760.8537 -36997002629.9549 36191.699330818 -50385.3262236881 -1001128249.67333
995706561.108355 -4320957681.25028 -56401199923.3203 45239.823324971 -25253.0797002504 -1004449025.37901
996227055.912907 18988148736.9141 -64581598106.6378 43357.6105463817 -7356.19371860936 -1004927708.41458
996747550.717459 40221761276.1478 -65042428718.7483 37924.3983240273 4815.08551939522 -1005032434.9637
997268045.522011 58273364831.8841 -60204877915.1174 31338.9775788444 13275.1834040894 -1005063486.46138
997788540.326563 72778853647.7759 -51647416674.4034 24362.9110099057 19264.6679462569 -1005074927.30542
998309035.131116 83605889540.0467 -40454740785.0737 17219.252116613 23488.0317869092 -1005079917.29121
998829529.935668 90679391969.2642 -27434728673.861 9935.32030998427 26331.9250732214 -1005082405.96879
999350024.74022 93914545831.3241 -13250062220.9164 2456.7981152062 27980.5551546712 -1005083744.42042
999870519.544772 93186467258.7666 1491218745.71066 -5312.26176912781 28463.4702164192 -1005084363.84737
1000391014.34932 88313139948.5832 16157117777.2061 -13493.5627071973 27655.1441239513 -1005084183.64148
1000911509.15388 79045593562.6253 30000112622.2385 -22218.8802965811 25222.8769893194 -1005082476.87446
1001432003.95843 65072727339.3514 42018784541.921 -31580.748102348 20489.9146755121 -1005077187.12866
1001952498.76298 46080383672.8405 50709289982.0133 -41440.9582654704 12127.9255968044 -1005064698.93951
1002472993.56753 22025431573.9115 53581166642.8203 -50660.4667142264 -2461.42706485043 -1005064253.60771
1002993488.37209 -5716857070.13391 46324895026.6798 -54017.7767616674 -27547.2700388468 -1005465636.9081
1003513983.17664 -30288071221.282 23194318249.429 -34779.5780500571 -61087.4812190661 -1008881522.07676
1004034477.98119 -36464169953.6921 -12299672748.0819 12108.3191817789 -68393.7492789488 -1037198189.57902
1004554972.78574 -21420277274.2991 -41852319156.8438 40769.592472026 -43303.7670666386 -1054655226.43302
1005075467.59029 1863826704.63506 -57648930970.24 46267.1392316344 -18656.8045917307 -1057002184.39782
1005595962.39485 25211843166.0864 -62582084858.8393 42638.0120629893 -1432.83243177067 -1057384146.12493
1006116457.1994 45742994868.2088 -60087793993.2298 35986.1895925862 10271.878476068 -1057475445.7275
1006636952.00395 62498192697.667 -52513521915.0239 28301.4073246665 18336.0844381609 -1057504465.50935
1007157446.8085 75134834892.8457 -41432323497.0056 20211.4424110332 23887.2311233026 -1057515902.626
1007677941.61306 83495961277.2073 -27973775411.7818 11879.7103573321 27544.3834673287 -1057521272.02205
1008198436.41761 87456996992.047 -13034566828.5791 3293.07879451145 29605.8354932232 -1057524151.43415
1008718931.22216 86864015412.0864 2580681303.47017 -5638.62793880467 30134.5291911451 -1057525712.12594
1009239426.02671 81505679279.3794 18041929401.3888 -15040.4638796037 28964.7833922584 -1057526070.25572
1009759920.83126 71104890957.5197 32359310419.2288 -25030.313733044 25626.6864771909 -1057524362.95769
1010280415.63582 55346789022.3129 44178672216.1329 -35602.0115843359 19139.0025391666 -1057518456.18916
1010800910.44037 34030947084.2278 51412083222.6358 -46192.824650622 7558.41591271786 -1057511833.75609
1011321405.24492 7703184304.39639 50559163173.2953 -53988.8401971236 -12686.3423837045 -1057627781.45657
1011841900.04947 -19921663580.6865 36073282842.077 -48257.7710028058 -44670.0542584956 -1059066405.98603
1012362394.85402 -36555575030.4448 4982731632.09832 -10596.15372685 -70300.353832837 -1070719059.90841
1012882889.65858 -30101442430.9465 -29218241949.1374 31730.3591717518 -55832.7216332943 -1102201313.18727
1013403384.46313 -8752899988.16186 -50857420749.8226 46417.3348075411 -27783.9753078619 -1108975345.39082
1013923879.26768 15546318311.0206 -59349712684.1022 45485.2202664781 -6193.33785366266 -1109955345.60491
1014444374.07223 37668947829.3402 -58497264053.1899 39027.3764795749 8498.50713204502 -1110157125.3143
1014964868.87679 55849568725.5822 -51317617077.7589 30655.1064815877 18441.29928966 -1110214999.53771
1015485363.68134 69452435181.7695 -39861177168.1662 21535.6999177347 25119.7896232858 -1110236406.14471
1016005858.48589 78197524135.1104 -25588886606.8288 12011.1646799605 29357.7966712415 -1110246173.57763
1016526353.29044 81892364803.5695 -9655805880.93663 2122.73127151737 31535.9744581793 -1110251479.30251
1017046848.09499 80330269390.8505 6891723348.93009 -8207.67029637501 31700.1336061634 -1110254625.50918
1017567342.89955 73251861971.9535 22945270046.464 -19092.024102614 29555.0809691719 -1110256035.31249
1018087837.7041 60351688695.5914 37127638197.4157 -30568.9971596531 24325.1894662854 -1110254993.06194
1018608332.50865 41382241334.1429 47463150850.5848 -42285.4650382591 14401.8811730334 -1110253601.09038
1019128827.3132 16597473442.5919 50790140964.5953 -52317.3618413342 -3274.93884365744 -1110313909.50446
1019649322.11776 -11544037119.9239 41987336778.9067 -52999.8272202993 -32641.2114731003 -1111110066.43334
1020169816.92231 -33534179769.3684 15987714456.1168 -25635.6670542863 -65228.1085246638 -1117116033.03482
1020690311.72686 -34257944696.4502 -19189381329.9237 21806.5917478727 -63142.3763339445 -1149280137.24764
1021210806.53141 -15570384836.3162 -44918263845.8672 45241.6087955619 -34822.32378763 -1162465206.03027
1021731301.33596 9107327943.10848 -56128245738.1955 47405.3754960451 -9624.81057992126 -1164466427.67188
1022251796.14052 32365084906.2792 -56289968443.1022 41201.1216444378 7837.65566603726 -1164845418.24808
1022772290.94507 51493737144.4749 -48963963052.9889 32024.0701642967 19512.6365199902 -1164947224.75877
1023292785.74962 65500761236.1268 -36673013306.0215 21675.6836860241 27142.6034671217 -1164983656.03985
1023813280.55417 73950510813.5334 -21236056212.3974 10710.3298975745 31714.60728036 -1165000301.28834
1024333775.35873 76561436213.8665 -4114867510.73899 -761.815452914043 33644.5892026824 -1165009750.82867
1024854270.16328 73060840706.8522 13322420523.4587 -12786.8100827217 32881.8864727324 -1165016081.24841
1025374764.96783 63147037878.2987 29551954283.6481 -25401.0846903692 28854.2155166203 -1165020712.28541
1025895259.77238 46556543703.0192 42564539213.6059 -38346.0334046406 20201.0110568084 -1165026954.61239
1026415754.57693 23408183231.032 49326002250.1071 -50142.8784258317 4238.08228350274 -1165076516.41933
1026936249.38149 -4482512665.99546 45003096045.3536 -54860.7479041007 -23005.0211426942 -1165596546.94955
1027456744.18604 -29536373625.8352 23781581098.8763 -35807.6208636812 -58136.4348177216 -1169483703.46422
1027977238.99059 -36193544986.8177 -10616047071.1891 11677.0669277431 -67160.8724881498 -1195788380.95615
1028497733.79514 -20637943830.8454 -39407766424.0759 43110.5120648317 -40950.5731526041 -1216219934.08404
1029018228.5997 4065491101.82083 -53045751870.4782 48887.4195222395 -12665.891621974 -1219858558.93254
1029538723.40425 28279943134.6212 -54019675215.8117 43074.5884674073 7583.30134428253 -1220523527.43339
1030059218.2088 48181637589.3551 -46326619699.6576 32997.9915982045 21014.6176211769 -1220694599.38093
1030579713.01335 62338781587.4521 -32989303927.9433 21224.5072319905 29531.6985250213 -1220754859.35431
1031100207.8179 70123508850.6901 -16239485751.6424 8575.65885320119 34251.8096536247 -1220782960.98503
1031620702.62246 71149492636.6428 2079644236.50735 -4736.74159333279 35576.4448505948 -1220800080.21703
1032141197.42701 65082921841.6175 20165915903.6844 -18671.899812747 33258.0787451078 -1220813667.86613
1032661692.23156 51635377396.4615 35893229614.3801 -33027.927066743 26252.2507941696 -1220829760.84591
1033182187.03611 30805028289.7644 46298112598.2424 -46702.3917629442 12292.8967098305 -1220878512.0129
1033702681.84066 3853874440.11563 46829954755.7541 -55267.6828476035 -12368.7102415842 -1221220884.8811
1034223176.64522 -23492956312.0078 31356871034.9492 -44977.3193855346 -48013.8137969424 -1223713242.95589
1034743671.44977 -36709217604.2831 -564908218.899532 -1886.29563794524 -68879.4550233058 -1241602926.43088
1035264166.25432 -26092975288.1438 -32367688231.1013 38363.2902811648 -48718.605817364 -1270146669.99799
1035784661.05887 -2096233108.43975 -49461421066.0956 49975.1778127413 -17636.6824686205 -1277025858.81791
1036305155.86343 23146060917.1999 -52065883338.6919 45443.8840743144 6130.33797122196 -1278279155.83069
1036825650.66798 44140267470.836 -44459848436.6584 34633.3772730258 21928.7844967351 -1278587011.71294
1037346145.47253 58766363946.3897 -30278116731.6416 21309.9359598891 31691.911925425 -1278693059.87986
1037866640.27708 66106192246.7234 -12293504107.7268 6741.38994212154 36679.0555906436 -1278743378.96406
1038387135.08163 65636233986.5568 7142523503.1582 -8665.09309754946 37260.6833581607 -1278776442.82638
1038907629.88619 56979548436.136 25641736834.8984 -24663.6920916731 32907.6823900052 -1278808028.98235
1039428124.69074 39979732928.6831 40257035502.4001 -40501.9896587138 21933.3880760569 -1278862399.91024
1039948619.49529 15321035390.0688 46767819750.9524 -53245.6927640954 1103.22431887623 -1279080576.76241
1040469114.29984 -13269986529.6768 39124153797.4396 -53056.0795346003 -32406.0676304757 -1280468086.24381
1040989609.1044 -34163001396.2026 12980906062.1696 -21489.9032870577 -64983.5380326723 -1289804936.22606
1041510103.90895 -32338187285.6938 -21107756173.3698 26854.4229511036 -59232.9691305513 -1322480849.2376
1042030598.7135 -11205123267.4478 -43877105296.3016 49404.2257688777 -27345.041009274 -1336943427.51224
1042551093.51805 14998345156.9373 -50248266718.0887 48798.2657140599 1348.01167369249 -1339792731.22292
1043071588.3226 37855616151.811 -44057295580.4914 38059.2389540602 21000.0279962024 -1340450678.68843
1043592083.12716 53913242607.1918 -29701481961.0156 23233.7475431783 33043.6812295402 -1340665529.32918
1044112577.93171 61709889706.8081 -10725468733.0315 6510.99488996068 38918.0512233954 -1340766030.65325
1044633072.73626 60499954979.0356 9812188667.95617 -11287.5737161606 39018.4811789173 -1340835042.12092
1045153567.54081 49877901771.1153 28752390323.0587 -29515.8126956451 32531.5940373216 -1340910311.09521
1045674062.34537 29978530919.9401 42134329010.6755 -46458.1209883917 17130.6061816558 -1341067899.72127
1046194557.14992 2695065607.27496 44390671565.8955 -56303.5320922997 -10770.4863451832 -1341738180.00845
1046715051.95447 -24675426708.4263 28945224269.6021 -43505.4754993788 -48947.0257645445 -1345638284.97591
1047235546.75902 -36235361730.8445 -3018832876.46706 2410.79028478389 -67525.0786508566 -1367915309.25235
1047756041.56357 -23401992089.8199 -33240886761.3867 42299.8575114977 -44130.775733671 -1396862771.82964
1048276536.36813 2232051270.89301 -47143976590.1918 52100.8360457312 -10028.1790507859 -1404959952.28898
1048797031.17268 27728327254.4577 -45148892807.7648 44065.489543151 15979.3897760788 -1406749949.49945
1049317525.97723 46797765133.7492 -32175507454.0604 28467.5681443859 32398.9121065366 -1407277693.21506
1049838020.78178 56785890212.3541 -12833793876.2237 9569.30809760202 40663.6230118219 -1407506128.22345
1050358515.58634 56477093007.7517 8840629711.93032 -10910.3635901512 41349.4853861643 -1407657885.83406
1050879010.39089 45365499479.5613 28734851892.2086 -31682.7112172617 33530.7080715929 -1407826263.05939
1051399505.19544 23918825282.2911 41797390908.941 -49856.3041635935 14517.5802639444 -1408185090.79125
1051919999.99999 -4623889325.50537 41311852432.0687 -56721.5125562197 -18703.2826142961 -1409623519.62932
1052440494.80454 -29790213692.6611 21167821784.5754 -33927.0103933565 -57258.8852486894 -1417442274.18011
1052960989.6091 -34507504909.0735 -12248803488.374 16686.8523476171 -63828.8464526801 -1448824928.99827
1053481484.41365 -15993007006.0508 -38103153671.3164 49114.4597287044 -32643.0729389987 -1473332988.41709
1054001979.2182 11214645345.1828 -45681219546.0857 51762.5864459183 2200.54770610926 -1479900907.88717
1054522474.02275 35096925690.8019 -37615523611.4269 38390.1835164559 26894.190833111 -1481624380.05403
1055042968.82731 49953922569.1686 -19571187572.6258 18003.8668727269 40738.6248624842 -1482262466.63785
1055563463.63186 53292167928.8563 3036943821.57738 -5455.31465543885 44480.5786864961 -1482631527.03919
1056083958.43641 44140667772.9567 24850308900.5549 -29583.1048714439 37413.9897799878 -1482994970.05838
1056604453.24096 23039427473.0427 39628191598.2825 -50389.215104752 16887.4751346083 -1483672421.06732
1057124948.04551 -5941733866.7269 39591572114.2708 -57302.6379713904 -19380.6487645931 -1486015520.71318
1057645442.85007 -30568550499.0009 18683645752.4655 -31055.5389403622 -58746.7540596078 -1497312865.05135
1058165937.65462 -33168800019.031 -14633050729.6868 21226.4251062966 -61690.194428129 -1533362309.37005
1058686432.45917 -12651539903.5154 -38445485980.0996 51983.0895790936 -27177.8879111395 -1559237431.21
1059206927.26372 15257543582.9247 -42558163531.9772 51394.1036299665 9836.67523355415 -1566997666.34364
1059727422.06827 37787992642.1001 -30301545472.5731 33402.8084662332 35020.1953032276 -1569412628.47358
1060247916.87283 48639691933.751 -8463783442.88884 7554.63763017146 46681.9029345179 -1570519388.97952
1060768411.67738 45144997874.0695 15839820991.9888 -21044.03173167 44310.078805246 -1571374296.51101
1061288906.48193 27137571694.361 34787582594.501 -47081.1726510074 25599.3487060183 -1572604843.47785
1061809401.28648 -1461490318.8647 39149055715.2324 -59077.8105891474 -11597.0843000062 -1575944024.59481
1062329896.09104 -28054721194.1775 21386584746.3516 -36447.0315434896 -54939.4854716419 -1589459966.33692
1062850390.89559 -33294761315.4058 -11390662680.8948 17438.6904613565 -63089.9982909853 -1629954002.44796
1063370885.70014 -13479965282.9432 -36026336969.9585 52841.5607727783 -27948.2840884984 -1664215855.95607
1063891380.50469 15154375637.242 -39371129766.4953 52477.4538566773 13621.3020830426 -1676769525.12389
1064411875.30924 37166750141.4675 -24260755383.3639 29778.4447780104 41614.4767980737 -1681459689.34048
1064932370.1138 44303009866.0395 695981177.955807 -3192.38715497969 51119.4260758759 -1684133270.97974
1065452864.91835 33547499855.0983 25190642305.5336 -37489.5280440689 39356.1842213593 -1686888159.69066
1065973359.7229 7306244154.06379 37333434960.5398 -59840.3504734553 3632.00987718708 -1692318252.98021
1066493854.52745 -22308450057.1159 26228740472.7416 -46703.7279390926 -45928.5993574388 -1709729507.21854
1067014349.33201 -33270619676.9553 -4928424057.68002 7782.29728566632 -65676.6666165834 -1759661969.63263
1067534844.13656 -16070004805.0656 -31909904091.787 52486.9225032789 -32396.0386378183 -1813122021.22095
1068055338.94111 13465060262.3096 -35749444465.3407 54738.5142644175 16584.5072103671 -1839099431.43686
1068575833.74566 35027024624.1552 -17472793123.114 24656.1513787733 49705.3208902615 -1851878184.33957
1069096328.55021 36376044998.4399 10761399323.8943 -20175.1518618064 53547.0888411666 -1862041723.76362
1069616823.35477 15080636812.8667 31601097376.2058 -58226.9867004082 20893.2511767996 -1877499324.76074
1070137318.15932 -16646658380.7492 27326597645.8096 -54800.1041133372 -38193.0228253221 -1917557469.25273
1070657812.96387 -30881950375.8741 -2549686758.61401 5010.16924812087 -67145.4817415994 -2016936384.98685
1071178307.76842 -12599432603.5895 -29060499840.1303 58180.2433265849 -26989.1006952236 -2134125697.28271
1071698802.57298 18160586606.2444 -25862266625.1455 50473.6884617639 37498.5455136188 -2223564134.38851
1072219297.37753 29188986133.6057 3286194037.01537 -13055.7165767413 64958.9615944532 -2324014860.48325
1072739792.18208 4800850569.47873 25122513896.557 -72064.8764412634 6844.68094060988 -2569717734.77309
1073260286.98663 -21148055992.0895 5561963191.04918 -9264.10205556098 -71911.0209166937 -3441785264.95871
1073780781.79118 -1750565168.31113 -14665139368.4219 66562.976087566 27561.2259846384 -6392501306.60497
1074301276.59574 16029956570.6735 32337349650.973 2053.61392310482 92718.9793683863 622719543.413391
1074821771.40029 13994901213.8554 72678511650.4567 -6338.42701810777 68320.4618143192 560471058.362577
1075342266.20484 10291587257.49 105713276148.73 -7592.95119620238 59671.3745870773 559405841.212241
1075862761.00939 6232188848.29901 135428020389.996 -7935.20098883276 54898.7382952191 559300119.08204
1076383255.81395 2072066779.54287 163140852432.392 -8026.76478160915 51781.3741306162 559279527.869612
1076903750.6185 -2108640600.65922 189482627982.794 -8028.5374040617 49548.8358373019 559273743.864669
1077424245.42305 -6279518681.58989 214812784349.108 -7994.33779156677 47853.7140260826 559271696.351797
1077944740.2276 -10428209953.1767 239358861954.341 -7945.55395524446 46513.3603403244 559270846.06284
1078465235.03216 -14549893128.7324 263275523308.812 -7891.59695358504 45421.4095139249 559270449.14785
1078985729.83671 -18643158615.9078 286673447060.029 -7836.85075371841 44511.1997360146 559270246.541959
1079506224.64126 -22708204946.4044 309634991024.683 -7783.39702031443 43738.5696678659 559270135.559481
1080026719.44581 -26745988925.6965 332223349301.678 -7732.1979519596 43072.9647726289 559270071.191614
1080547214.25036 -30757804498.3425 354488228156.316 -7683.64986171542 42492.4920493249 559270032.054886
1081067709.05492 -34745067620.3237 376469532252.391 -7637.85729363055 41981.0062421545 559270007.296398
1081588203.85947 -38709205185.8417 398199851883.789 -7594.77458138354 41526.3099210464 559269991.095484
1082108698.66402 -42651598470.4193 419706195503.463 -7554.28117652364 41118.9970183449 559269980.180845
1082629193.46857 -46573555858.5155 441011229555.43 -7516.22249315245 40751.6846484538 559269972.638555
1083149688.27313 -50476301516.5506 462134186515.262 -7480.43220722666 40418.4880739837 559269967.309048
1083670183.07768 -54360972752.5967 483091543439.473 -7446.74433285746 40114.6528647851 559269963.467952
1084190677.88223 -58228622027.2333 503897538041.535 -7414.99956425413 39836.2915394059 559269960.650343
1084711172.68678 -62080221340.2249 524564567361.765 -7385.04836910383 39580.1913661024 559269958.550532
1085231667.49134 -65916667702.2524 545103500044.028 -7356.75223937864 39343.6716851406 559269956.963141
1085752162.29589 -69738788962.1326 565523924002.253 -7329.98390768911 39124.4763634615 559269955.747473
1086272657.10044 -73547349584.2825 585834345059.505 -7304.62699877464 38920.6916078978 559269954.805421
1086793151.90499 -77343056160.1956 606042347892.159 -7280.57539045562 38730.6823698703 559269954.06747
1087313646.70954 -81126562548.1145 626154727644.557 -7257.73244406033 38553.0425745751 559269953.483635
1087834141.5141 -84898474599.2291 646177598473.512 -7236.01019667063 38386.5557634337 559269953.017486
1088354636.31865 -88659354465.3992 666116483764.571 -7215.32856718306 38230.1636734855 559269952.642137
1088875131.1232 -92409724503.6425 685976391653.366 -7195.61460406063 38082.9409322949 559269952.337523
1089395625.92775 -96150070803.0775 705761878665.223 -7176.80178827051 37944.0745123331 559269952.088504
1089916120.73231 -99880846364.6239 725477103672.274 -7158.82939641908 37812.8469239352 559269951.883544
1090436615.53686 -103602473964.981 745125873902.85 -7141.64192419822 37688.6223702534 559269951.713771
1090957110.34141 -107315348735.681 764711684382.899 -7125.18856754212 37570.8352677718 559269951.572306
1091477605.14596 -111019840486.264 784237751915.399 -7109.42275750448 37458.9806701893 559269951.453768
1091998099.95052 -114716295798.341 803707044490.665 -7094.30174427268 37352.6062344964 559269951.353918
1092518594.75507 -118405039914.912 823122306853.308 -7079.78622561062 37251.3054447993 559269951.269393
1093039089.55962 -122086378446.858 842486082819.554 -7065.84001516537 37154.7118682206 559269951.197505
1093559584.36417 -125760598916.219 861800734833.458 -7052.4297463579 37062.4942626026 559269951.136095
1094080079.16872 -129427972153.759 881068461166.293 -7039.52460793102 36974.3523910598 559269951.083416
1094600573.97328 -133088753566.339 900291311095.463 -7027.0961076018 36890.0134261212 559269951.038046
1095121068.77783 -136743184287.893 919471198344.118 -7015.11786063409 36809.2288480478 559269950.998825
1095641563.58238 -140391492226.214 938609913017.724 -7003.56540049672 36731.7717592624 559269950.964797
1096162058.38693 -144033893016.394 957709132236.916 -6992.41600909409 36657.434550696 559269950.935174
1096682553.19149 -147670590890.497 976770429635.568 -6981.64856434862 36586.0268669951 559269950.909303
1097203047.99604 -151301779471.99 995795283867.813 -6971.24340317564 36517.3738265333 559269950.886637
1097723542.80059 -154927642502.478 1014785086246.81 -6961.18219812464 36451.3144594888 559269950.866722
1098244037.60514 -158548354507.459 1033741147620.46 -6951.44784616606 36387.70033321 559269950.849173
1098764532.4097 -162164081407.05 1052664704574.76 -6942.02436828478 36326.3943389908 559269950.833667
1099285027.21425 -165774981077.019 1071556925042.72 -6932.89681870027 36267.269618406 559269950.819932
1099805522.0188 -169381203864.827 1090418913386.86 -6924.0512026735 36210.2086106932 559269950.807735
1100326016.82335 -172982893064.939 1109251715013.78 -6915.47440198316 36155.1022054381 559269950.796877
1100846511.6279 -176580185357.151 1128056320572.19 -6907.15410726099 36101.848987131 559269950.787189
1101367006.43246 -180173211211.334 1146833669779.15 -6899.07875647016 36050.3545600954 559269950.778527
1101887501.23701 -183762095261.61 1165584654913.61 -6891.23747889289 36000.5309439171 559269950.770764
1102407996.04156 -187346956652.691 1184310124011.86 -6883.62004406591 35952.2960308681 559269950.763795
1102928490.84611 -190927909360.807 1203010883794.97 -6876.21681516557 35905.5730979836 559269950.757524
1103448985.65067 -194505062491.448 1221687702355.15 -6869.01870640018 35860.2903674284 559269950.751873
1103969480.45522 -198078520555.867 1240341311624.69 -6862.01714401592 35816.3806096299 559269950.746769
1104489975.25977 -201648383728.167 1258972409648.28 -6855.20403056592 35773.7807843687 559269950.742152
1105010470.06432 -205214748084.559 1277581662677.59 -6848.57171212979 35732.4317156266 559269950.737968
1105530964.86888 -208777705826.273 1296169707104.54 -6842.11294820447 35692.2777965222 559269950.73417
1106051459.67343 -212337345487.428 1314737151248.1 -6835.8208840168 35653.2667211114 559269950.730718
1106571954.47798 -215893752129.085 1333284577007.89 -6829.68902503415 35615.3492402236 559269950.727575
1107092449.28253 -219447007520.55 1351812541396.41 -6823.71121347286 35578.4789388403 559269950.724709
1107612944.08708 -222997190308.935 1370321577960.46 -6817.88160662436 35542.6120328164 559269950.722091
1108133438.89164 -226544376177.874 1388812198101.46 -6812.19465683737 35507.707182998 559269950.719698
1108653933.69619 -230088637996.222 1407284892303.09 -6806.64509301059 35473.7253250128 559269950.717506
1109174428.50074 -233630045957.481 1425740131274.07 -6801.22790346454 35440.6295132042 559269950.715497
1109694923.30529 -237168667710.648 1444178367013.19 -6795.93832007435 35408.3847773449 559269950.713652
1110215418.10985 -240704568483.104 1462600033802.69 -6790.77180355639 35376.9579909207 559269950.711956
1110735912.9144 -244237811196.13 1481005549135.97 -6785.72402981213 35346.3177499002 559269950.710395
1111256407.71895 -247768456573.566 1499395314584.62 -6780.79087724149 35316.4342610233 559269950.708957
1111776902.5235 -251296563244.103 1517769716609.69 -6775.96841494648 35287.2792387429 559269950.707631
1112297397.32806 -254822187837.652 1536129127321.32 -6771.25289175272 35258.8258100421 559269950.706406
1112817892.13261 -258345385076.198 1554473905190.75 -6766.64072598371 35231.0484264297 559269950.705273
1113338386.93716 -261866207859.51 1572804395718.27 -6762.12849592794 35203.9227824865 559269950.704225
1113858881.74171 -265384707346.065 1591120932060.35 -6757.71293094486 35177.4257403955 559269950.703254
1114379376.54626 -268900933029.488 1609423835618.92 -6753.39090316001 35151.535259949 559269950.702354
1114899871.35082 -272414932810.824 1627713416595.55 -6749.15941970437 35126.2303335683 559269950.701518
1115420366.15537 -275926753066.895 1645989974513.01 -6745.01561545661 35101.4909259223 559269950.700742
1115940860.95992 -279436438715.005 1664253798706.57 -6740.95674625059 35077.2979177658 559269950.70002
1116461355.76447 -282944033274.225 1682505168786.99 -6736.98018251352 35053.6330536558 559269950.699348
1116981850.56903 -286449578923.467 1700744355077.37 -6733.08340330333 35030.4788932358 559269950.698722
1117502345.37358 -289953116556.557 1718971619025.37 -6729.26399071614 35007.8187658038 559269950.698138
1118022840.17813 -293454685834.483 1737187213592.67 -6725.51962463728 34985.6367279094 559269950.697594
1118543334.98268 -296954325235.001 1755391383623.13 -6721.84807781144 34963.9175237432 559269950.697085
1119063829.78724 -300452072099.747 1773584366190.86 -6718.24721120946 34942.6465481074 559269950.69661
1119584324.59179 -303947962679.011 1791766390929.83 -6714.71496967106 34921.8098117704 559269950.696165
1120104819.39634 -307442032174.32 1809937680345.9 -6711.24937780456 34901.3939090279 559269950.695749
1120625314.20089 -310934314778.932 1828098450112.56 -6707.84853612591 34881.3859873082 559269950.695359
1121145809.00545 -314424843716.397 1846248909351.34 -6704.51061742093 34861.7737186705 559269950.694993
1121666303.81 -317913651277.27 1864389260897.83 -6701.23386331579 34842.5452730609 559269950.694651
1122186798.61455 -321400768854.09 1882519701554.23 -6698.0165810419 34823.6892931982 559269950.694329
1122707293.4191 -324886226974.727 1900640422329.24 -6694.85714038239 34805.194870977 559269950.694026
1123227788.22365 -328370055334.183 1918751608665.98 -6691.75397078845 34787.0515252787 559269950.693742
1123748283.02821 -331852282824.928 1936853440658.79 -6688.70555865448 34769.2491810946 559269950.693475
1124268777.83276 -335332937565.871 1954946093259.41 -6685.71044474205 34751.7781498707 559269950.693223
1124789272.63731 -338812046930.007 1973029736473.27 -6682.76722174299 34734.6291109904 559269950.692986
1125309767.44186 -342289637570.85 1991104535546.42 -6679.87453197317 34717.7930943193 559269950.692762
1125830262.24642 -345765735447.683 2009170651143.63 -6677.0310651887 34701.2614637415 559269950.692552
1126350757.05097 -349240365849.711 2027228239518.14 -6674.23555651694 34685.0259016207 559269950.692353
1126871251.85552 -352713553419.157 2045277452673.6 -6671.48678449551 34669.0783941276 559269950.692165
1127391746.66007 -356185322173.373 2063318438518.53 -6668.78356921257 34653.4112173754 559269950.691988
1127912241.46463 -359655695526.001 2081351341013.83 -6666.12477054239 34638.0169243137 559269950.691821
1128432736.26918 -363124696307.243 2099376300313.56 -6663.50928647058 34622.8883323308 559269950.691662
1128953231.07373 -366592346783.279 2117393452899.56 -6660.93605150355 34608.0185115214 559269950.691512
1129473725.87828 -370058668674.881 2135402931710.01 -6658.4040351574 34593.4007735766 559269950.69137
1129994220.68283 -373523683175.258 2153404866262.45 -6655.91224052169 34579.0286612602 559269950.691236
1130514715.48739 -376987410967.172 2171399382771.42 -6653.45970289355 34564.8959384317 559269950.691109
1131035210.29194 -380449872239.36 2189386604261.07 -6651.04548847836 34550.9965805875 559269950.690988
1131555705.09649 -383911086702.298 2207366650672.94 -6648.66869315313 34537.3247658847 559269950.690874
1132076199.90104 -387371073603.338 2225339638969.21 -6646.32844128911 34523.874866622 559269950.690765
1132596694.7056 -390829851741.24 2243305683231.65 -6644.0238846302 34510.6414411487 559269950.690662
1133117189.51015 -394287439480.144 2261264894756.39 -6641.75420122432 34497.6192261783 559269950.690564
1133637684.3147 -397743854762.991 2279217382144.91 -6639.51859440463 34484.8031294816 559269950.690472
1134158179.11925 -401199115124.431 2297163251391.19 -6637.31629181799 34472.1882229387 559269950.690383
1134678673.92381 -404653237703.231 2315102605965.42 -6635.14654449811 34459.7697359292 559269950.690299
1135199168.72836 -408106239254.223 2333035546894.35 -6633.00862598098 34447.5430490409 559269950.690219
1135719663.53291 -411558136159.785 2350962172838.36 -6630.90183146033 34435.5036880794 559269950.690143
1136240158.33746 -415008944440.912 2368882580165.61 -6628.82547698111 34423.6473183629 559269950.69007
1136760653.14201 -418458679767.861 2386796863023.18 -6626.77889866879 34411.969739284 559269950.690001
1137281147.94657 -421907357470.411 2404705113405.54 -6624.76145199292 34400.4668791269 559269950.689935
1137801642.75112 -425354992547.748 2422607421220.32 -6622.77251106288 34389.1347901233 559269950.689873
1138322137.55567 -428801599677.988 2440503874351.57 -6620.81146795444 34377.9696437368 559269950.689812
1138842632.36022 -432247193227.361 2458394558720.67 -6618.8777320654 34366.9677261613 559269950.689755
1139363127.16478 -435691787259.068 2476279558344.9 -6616.97072949888 34356.1254340228 559269950.689701
1139883621.96933 -439135395541.815 2494158955393.84 -6615.08990247298 34345.4392702756 559269950.689649
1140404116.77388 -442578031558.059 2512032830243.7 -6613.23470875531 34334.9058402791 559269950.689599
1140924611.57843 -446019708511.955 2529901261529.65 -6611.4046211214 34324.52184805 559269950.689551
1141445106.38299 -449460439337.033 2547764326196.18 -6609.59912683561 34314.2840926777 559269950.689506
1141965601.18754 -452900236703.61 2565622099545.73 -6607.81772715358 34304.1894648958 559269950.689462
1142486095.99209 -456339113025.946 2583474655285.53 -6606.05993684517 34294.2349438023 559269950.689421
1143006590.79664 -459777080469.159 2601322065572.75 -6604.3252837368 34284.41759372 559269950.689381
1143527085.60119 -463214150955.904 2619164401058.07 -6602.61330827245 34274.7345611908 559269950.689343
1144047580.40575 -466650336172.835 2637001730927.76 -6600.92356309229 34265.1830720969 559269950.689306
1144568075.2103 -470085647576.838 2654834122944.19 -6599.25561262814 34255.7604289025 559269950.689271
1145088570.01485 -473520096401.078 2672661643485.05 -6597.60903271508 34246.4640080114 559269950.689238
1145609064.8194 -476953693660.826 2690484357581.15 -6595.9834102183 34237.2912572326 559269950.689206
1146129559.62396 -480386450159.114 2708302328952.94 -6594.37834267466 34228.239693351 559269950.689175
1146650054.42851 -483818376492.194 2726115620045.84 -6592.79343794811 34219.3068997962 559269950.689146
1147170549.23306 -487249483054.832 2743924292064.28 -6591.22831389853 34210.4905244071 559269950.689117
1147691044.03761 -490679780045.421 2761728405004.73 -6589.68259806325 34201.7882772848 559269950.68909
1148211538.84217 -494109277470.942 2779528017687.51 -6588.15592735072 34193.1979287324 559269950.689064
1148732033.64672 -497537985151.763 2797323187787.64 -6586.64794774581 34184.7173072761 559269950.689039
1149252528.45127 -500965912726.291 2815113971864.64 -6585.15831402622 34176.3442977641 559269950.689015
1149773023.25582 -504393069655.474 2832900425391.37 -6583.68668948949 34168.0768395402 559269950.688992
1150293518.06037 -507819465227.168 2850682602781.91 -6582.23274569018 34159.9129246885 559269950.68897
1150814012.86493 -511245108560.369 2868460557418.6 -6580.79616218678 34151.8505963452 559269950.688949
1151334507.66948 -514670008609.315 2886234341678.19 -6579.37662629784 34143.8879470761 559269950.688928
1151855002.47403 -518094174167.464 2904004006957.11 -6577.97383286713 34136.0231173149 559269950.688909
1152375497.27858 -521517613871.349 2921769603696.06 -6576.58748403719 34128.2542938617 559269950.68889
1152895992.08314 -524940336204.323 2939531181403.71 -6575.21728903113 34120.579708437 559269950.688871
1153416486.88769 -528362349500.188 2957288788679.75 -6573.86296394223 34112.9976362907 559269950.688854
1153936981.69224 -531783661946.719 2975042473237.17 -6572.52423153098 34105.5063948615 559269950.688837
1154457476.49679 -535204281589.078 2992792281923.9 -6571.20082102938 34098.1043424872 559269950.688821
1154977971.30135 -538624216333.141 3010538260743.78 -6569.8924679521 34090.7898771611 559269950.688805
1155498466.1059 -542043473948.714 3028280454876.85 -6568.5989139142 34083.5614353346 559269950.68879
1156018960.91045 -545462062072.665 3046018908699.1 -6567.31990645526 34076.4174907624 559269950.688775
1156539455.715 -548879988211.961 3063753665801.58 -6566.05519886955 34069.3565533897 559269950.688761
1157059950.51955 -552297259746.625 3081484769008.98 -6564.80455004199 34062.3771682795 559269950.688748
1157580445.32411 -555713883932.597 3099212260397.58 -6563.56772428984 34055.4779145771 559269950.688735
1158100940.12866 -559129867904.531 3116936181312.79 -6562.34449120959 34048.6574045119 559269950.688722
1158621434.93321 -562545218678.495 3134656572386.09 -6561.13462552921 34041.9142824343 559269950.68871
1159141929.73776 -565959943154.609 3152373473551.5 -6559.93790696519 34035.2472238859 559269950.688699
1159662424.54232 -569374048119.606 3170086924061.59 -6558.75412008449 34028.654934702 559269950.688687
1160182919.34687 -572787540249.32 3187796962503.04 -6557.58305417095 34022.1361501451 559269950.688676
1160703414.15142 -576200426111.107 3205503626811.68 -6556.4245030962 34015.6896340684 559269950.688666
1161223908.95597 -579612712166.203 3223206954287.23 -6555.27826519476 34009.3141781072 559269950.688656
1161744403.76053 -583024404772.011 3240906981607.51 -6554.14414314325 34003.0086008986 559269950.688646
1162264898.56508 -586435510184.334 3258603744842.3 -6553.02194384346 33996.7717473262 559269950.688636
1162785393.36963 -589846034559.544 3276297279466.84 -6551.91147830926 33990.6024877917 559269950.688627
1163305888.17418 -593255983956.692 3293987620374.89 -6550.81256155713 33984.4997175095 559269950.688618
1163826382.97873 -596665364339.564 3311674801891.49 -6549.72501250009 33978.462355825 559269950.68861
1164346877.78329 -600074181578.684 3329358857785.34 -6548.64865384518 33972.4893455559 559269950.688601
1164867372.58784 -603482441453.262 3347039821280.86 -6547.58331199397 33966.5796523541 559269950.688593
1165387867.39239 -606890149653.091 3364717725069.9 -6546.52881694636 33960.7322640895 559269950.688586
1165908362.19694 -610297311780.396 3382392601323.15 -6545.4850022073 33954.9461902526 559269950.688578
1166428857.0015 -613703933351.634 3400064481701.25 -6544.45170469642 33949.2204613773 559269950.688571
1166949351.80605 -617110019799.251 3417733397365.59 -6543.42876466048 33943.5541284817 559269950.688564
1167469846.6106 -620515576473.387 3435399378988.84 -6542.41602558846 33937.946262527 559269950.688557
1167990341.41515 -623920608643.548 3453062456765.19 -6541.41333412934 33932.3959538929 559269950.688551
1168510836.21971 -627325121500.223 3470722660420.29 -6540.42054001225 33926.9023118705 559269950.688545
1169031331.02426 -630729120156.473 3488380019221.03 -6539.43749596917 33921.4644641703 559269950.688538
1169551825.82881 -634132609649.472 3506034561984.96 -6538.46405765988 33916.0815564461 559269950.688532
1170072320.63336 -637535594942.01 3523686317089.5 -6537.50008359913 33910.752751833 559269950.688527
1170592815.43792 -640938080923.964 3541335312480.96 -6536.54543508612 33905.4772305006 559269950.688521
1171113310.24247 -644340072413.728 3558981575683.26 -6535.59997613587 33900.2541892188 559269950.688516
1171633805.04702 -647741574159.606 3576625133806.47 -6534.66357341283 33895.082840938 559269950.68851
1172154299.85157 -651142590841.18 3594266013555.13 -6533.73609616623 33889.9624143809 559269950.688505
1172674794.65612 -654543127070.635 3611904241236.35 -6532.81741616751 33884.8921536475 559269950.6885
1173195289.46068 -657943187394.056 3629539842767.73 -6531.90740764943 33879.8713178319 559269950.688496
1173715784.26523 -661342776292.696 3647172843685.03 -6531.00594724698 33874.8991806499 559269950.688491
1174236279.06978 -664741898184.209 3664803269149.74 -6530.11291394006 33869.9750300782 559269950.688486
1174756773.87433 -668140557423.857 3682431143956.34 -6529.22818899768 33865.0981680046 559269950.688482
1175277268.67889 -671538758305.686 3700056492539.54 -6528.35165592385 33860.2679098876 559269950.688478
1175797763.48344 -674936505063.679 3717679338981.17 -6527.48320040497 33855.4835844268 559269950.688473
1176318258.28799 -678333801872.875 3735299707017.05 -6526.62271025869 33850.7445332422 559269950.688469
1176838753.09254 -681730652850.465 3752917620043.6 -6525.77007538421 33846.0501105638 559269950.688465
1177359247.8971 -685127062056.866 3770533101124.35 -6524.92518771402 33841.3996829289 559269950.688461
1177879742.70165 -688523033496.766 3788146172996.24 -6524.0879411669 33836.7926288892 559269950.688458
1178400237.5062 -691918571120.144 3805756858075.82 -6523.25823160229 33832.2283387256 559269950.688454
1178920732.31075 -695313678823.27 3823365178465.28 -6522.43595677589 33827.7062141715 559269950.688451
1179441227.1153 -698708360449.68 3840971155958.33 -6521.62101629648 33823.2256681433 559269950.688447
1179961721.91986 -702102619791.131 3858574812045.97 -6520.8133115839 33818.7861244798 559269950.688444
1180482216.72441 -705496460588.532 3876176167922.09 -6520.01274582823 33814.3870176872 559269950.688441
1181002711.52896 -708889886532.855 3893775244488.97 -6519.21922394999 33810.0277926927 559269950.688438
1181523206.33351 -712282901266.024 3911372062362.63 -6518.43265256152 33805.7079046038 559269950.688435
1182043701.13807 -715675508381.789 3928966641878.08 -6517.65293992927 33801.4268184754 559269950.688432
1182564195.94262 -719067711426.575 3946559003094.44 -6516.87999593718 33797.1840090821 559269950.688429
1183084690.74717 -722459513900.315 3964149165799.93 -6516.11373205106 33792.9789606976 559269950.688426
1183605185.55172 -725850919257.266 3981737149516.75 -6515.35406128379 33788.81116688 559269950.688424
1184125680.35628 -729241930906.802 3999322973505.89 -6514.60089816156 33784.6801302622 559269950.688421
1184646175.16083 -732632552214.197 4016906656771.76 -6513.85415869093 33780.5853623493 559269950.688418
1185166669.96538 -736022786501.382 4034488218066.8 -6513.11376032677 33776.52638332 559269950.688416
1185687164.76993 -739412637047.697 4052067675895.91 -6512.37962194103 33772.5027218343 559269950.688414
1186207659.57448 -742802107090.616 4069645048520.82 -6511.65166379231 33768.5139148458 559269950.688411
1186728154.37904 -746191199826.464 4087220353964.37 -6510.92980749623 33764.5595074196 559269950.688409
1187248649.18359 -749579918411.11 4104793610014.69 -6510.21397599653 33760.639052554 559269950.688407
1187769143.98814 -752968265960.661 4122364834229.25 -6509.50409353694 33756.752111008 559269950.688405
1188289638.79269 -756356245552.121 4139934043938.92 -6508.80008563376 33752.8982511324 559269950.688403
1188810133.59725 -759743860224.054 4157501256251.8 -6508.10187904912 33749.077048706 559269950.688401
1189330628.4018 -763131112977.219 4175066488057.1 -6507.4094017649 33745.2880867755 559269950.688399
1189851123.20635 -766518006775.207 4192629756028.88 -6506.72258295735 33741.5309554997 559269950.688397
1190371618.0109 -769904544545.046 4210191076629.67 -6506.04135297233 33737.8052519983 559269950.688395
1190892112.81546 -773290729177.811 4227750466114.09 -6505.36564330109 33734.1105802033 559269950.688393
1191412607.62001 -776676563529.212 4245307940532.38 -6504.69538655678 33730.4465507153 559269950.688391
1191933102.42456 -780062050420.171 4262863515733.75 -6504.03051645147 33726.8127806633 559269950.688389
1192453597.22911 -783447192637.387 4280417207369.85 -6503.37096777368 33723.2088935674 559269950.688388
1192974092.03366 -786831992933.894 4297969030897.98 -6502.71667636658 33719.6345192054 559269950.688386
1193494586.83822 -790216454029.603 4315519001584.34 -6502.06757910663 33716.0892934831 559269950.688385
1194015081.64277 -793600578611.831 4333067134507.2 -6501.42361388277 33712.572858307 559269950.688383
1194535576.44732 -796984369335.829 4350613444559.97 -6500.78471957612 33709.084861461 559269950.688382
1195056071.25187 -800367828825.287 4368157946454.25 -6500.15083604013 33705.6249564851 559269950.68838
1195576566.05643 -803750959672.841 4385700654722.76 -6499.52190408127 33702.1928025587 559269950.688379
1196097060.86098 -807133764440.558 4403241583722.29 -6498.89786544013 33698.7880643849 559269950.688377
1196617555.66553 -810516245660.422 4420780747636.51 -6498.27866277297 33695.410412079 559269950.688376
1197138050.47008 -813898405834.803 4438318160478.77 -6497.66423963374 33692.0595210593 559269950.688375
1197658545.27464 -817280247436.923 4455853836094.85 -6497.0545404565 33688.73507194 559269950.688373
1198179040.07919 -820661772911.305 4473387788165.59 -6496.44951053825 33685.4367504278 559269950.688372
1198699534.88374 -824042984674.223 4490920030209.58 -6495.84909602218 33682.1642472197 559269950.688371
1199220029.68829 -827423885114.133 4508450575585.68 -6495.25324388129 33678.9172579046 559269950.688369
1199740524.49284 -830804476592.104 4525979437495.54 -6494.66190190241 33675.6954828659 559269950.688368
1200261019.2974 -834184761442.238 4543506628986.14 -6494.07501867056 33672.4986271874 559269950.688367
1200781514.10195 -837564741972.079 4561032162952.09 -6493.49254355371 33669.326400561 559269950.688366
1201302008.9065 -840944420463.018 4578556052138.15 -6492.91442668787 33666.1785171965 559269950.688365
1201822503.71105 -844323799170.689 4596078309141.42 -6492.34061896249 33663.0546957339 559269950.688364
1202342998.51561 -847702880325.356 4613598946413.72 -6491.77107200626 33659.9546591575 559269950.688363
1202863493.32016 -851081666132.296 4631117976263.81 -6491.20573817316 33656.8781347116 559269950.688362
1203383988.12471 -854460158772.174 4648635410859.54 -6490.64457052889 33653.8248538192 559269950.68836
1203904482.92926 -857838360401.406 4666151262230.05 -6490.08752283754 33650.7945520014 559269950.688359
1204424977.73382 -861216273152.523 4683665542267.89 -6489.53454954862 33647.7869687993 559269950.688359
1204945472.53837 -864593899134.521 4701178262731.04 -6488.98560578434 33644.8018476979 559269950.688357
1205465967.34292 -867971240433.212 4718689435245 -6488.44064732718 33641.8389360509 559269950.688357
1205986462.14747 -871348299111.56 4736199071304.73 -6487.89963060776 33638.8979850083 559269950.688356
1206506956.95202 -874725077210.018 4753707182276.68 -6487.36251269293 33635.9787494445 559269950.688355
1207027451.75658 -878101576746.857 4771213779400.64 -6486.82925127419 33633.080987889 559269950.688354
1207547946.56113 -881477799718.486 4788718873791.65 -6486.29980465627 33630.2044624577 559269950.688353
1208068441.36568 -884853748099.768 4806222476441.86 -6485.77413174606 33627.3489387872 559269950.688352
1208588936.17023 -888229423844.332 4823724598222.34 -6485.25219204171 33624.5141859686 559269950.688352
1209109430.97479 -891604828884.879 4841225249884.84 -6484.73394562201 33621.6999764844 559269950.688351
1209629925.77934 -894979965133.479 4858724442063.6 -6484.21935313594 33618.9060861463 559269950.68835
1210150420.58389 -898354834481.865 4876222185276.96 -6483.70837579252 33616.1322940337 559269950.688349
1210670915.38844 -901729438801.724 4893718489929.17 -6483.20097535086 33613.3783824347 559269950.688348
1211191410.193 -905103779944.982 4911213366311.96 -6482.69711411033 33610.6441367876 559269950.688348
1211711904.99755 -908477859744.077 4928706824606.17 -6482.19675490108 33607.9293456238 559269950.688347
1212232399.8021 -911851680012.238 4946198874883.4 -6481.69986107468 33605.2338005121 559269950.688346
1212752894.60665 -915225242543.754 4963689527107.52 -6481.20639649495 33602.5572960042 559269950.688346
1213273389.41121 -918598549114.233 4981178791136.23 -6480.71632552904 33599.8996295811 559269950.688345
1213793884.21576 -921971601480.869 4998666676722.58 -6480.22961303861 33597.2606016013 559269950.688344
1214314379.02031 -925344401382.691 5016153193516.44 -6479.74622437131 33594.6400152492 559269950.688343
1214834873.82486 -928716950540.818 5033638351065.97 -6479.26612535232 33592.0376764851 559269950.688343
1215355368.62941 -932089250658.702 5051122158819.02 -6478.78928227615 33589.4533939967 559269950.688342
1215875863.43397 -935461303422.373 5068604626124.6 -6478.31566189858 33586.8869791505 559269950.688342
1216396358.23852 -938833110500.677 5086085762234.2 -6477.84523142873 33584.3382459455 559269950.688341
1216916853.04307 -942204673545.506 5103565576303.17 -6477.37795852137 33581.8070109667 559269950.68834
1217437347.84762 -945575994192.032 5121044077392.07 -6476.91381126933 33579.2930933407 559269950.68834
1217957842.65218 -948947074058.933 5138521274467.97 -6476.45275819607 33576.796314691 559269950.688339
1218478337.45673 -952317914748.614 5155997176405.73 -6475.99476824842 33574.3164990955 559269950.688339
1218998832.26128 -955688517847.423 5173471791989.25 -6475.53981078946 33571.8534730439 559269950.688338
1219519327.06583 -959058884925.872 5190945129912.79 -6475.08785559153 33569.4070653964 559269950.688338
1220039821.87039 -962429017538.841 5208417198782.09 -6474.63887282941 33566.9771073434 559269950.688337
1220560316.67494 -965798917225.794 5225888007115.65 -6474.19283307361 33564.5634323653 559269950.688337
1221080811.47949 -969168585510.974 5243357563345.87 -6473.74970728379 33562.1658761945 559269950.688336
1221601306.28404 -972538023903.612 5260825875820.26 -6473.30946680235 33559.7842767763 559269950.688336
1222121801.08859 -975907233898.12 5278292952802.5 -6472.87208334811 33557.4184742324 559269950.688335
1222642295.89315 -979276216974.284 5295758802473.65 -6472.4375290101 33555.0683108241 559269950.688335
1223162790.6977 -982644974597.461 5313223432933.2 -6472.00577624156 33552.7336309163 559269950.688334
1223683285.50225 -986013508218.763 5330686852200.18 -6471.57679785392 33550.4142809426 559269950.688334
1224203780.3068 -989381819275.24 5348149068214.22 -6471.15056701103 33548.1101093709 559269950.688334
1224724275.11136 -992749909190.067 5365610088836.59 -6470.72705722345 33545.8209666697 559269950.688333
1225244769.91591 -996117779372.72 5383069921851.27 -6470.30624234279 33543.5467052748 559269950.688333
1225765264.72046 -999485431219.15 5400528574965.89 -6469.88809655628 33541.2871795575 559269950.688332
1226285759.52501 -1002852866111.96 5417986055812.84 -6469.47259438136 33539.0422457923 559269950.688332
1226806254.32957 -1006220085420.58 5435442371950.13 -6469.05971066038 33536.811762126 559269950.688331
1227326749.13412 -1009587090501.42 5452897530862.46 -6468.64942055545 33534.5955885472 559269950.688331
1227847243.93867 -1012953882698.05 5470351539962.11 -6468.24169954332 33532.3935868565 559269950.688331
1228367738.74322 -1016320463341.35 5487804406589.9 -6467.83652341044 33530.2056206368 559269950.688331
1228888233.54777 -1019686833749.69 5505256138016.08 -6467.43386824802 33528.031555225 559269950.68833
1229408728.35233 -1023052995229.05 5522706741441.3 -6467.03371044728 33525.8712576836 559269950.68833
1229929223.15688 -1026418949073.23 5540156223997.42 -6466.63602669469 33523.7245967729 559269950.68833
1230449717.96143 -1029784696563.95 5557604592748.46 -6466.24079396741 33521.591442924 559269950.688329
1230970212.76598 -1033150238971.02 5575051854691.4 -6465.8479895287 33519.4716682125 559269950.688329
1231490707.57054 -1036515577552.5 5592498016757.07 -6465.45759092353 33517.3651463318 559269950.688329
1232011202.37509 -1039880713554.84 5609943085810.98 -6465.06957597415 33515.271752568 559269950.688329
1232531697.17964 -1043245648212.99 5627387068654.13 -6464.68392277587 33513.1913637744 559269950.688328
1233052191.98419 -1046610382750.59 5644829972023.83 -6464.3006096928 33511.1238583472 559269950.688328
1233572686.78875 -1049974918380.1 5662271802594.48 -6463.91961535379 33509.0691162013 559269950.688327
1234093181.5933 -1053339256302.9 5679712566978.38 -6463.54091864831 33507.0270187463 559269950.688327
1234613676.39785 -1056703397709.45 5697152271726.48 -6463.16449872251 33504.9974488633 559269950.688327
1235134171.2024 -1060067343779.44 5714590923329.15 -6462.79033497532 33502.9802908825 559269950.688326
1235654666.00695 -1063431095681.89 5732028528216.93 -6462.41840705461 33500.9754305602 559269950.688326
1236175160.81151 -1066794654575.29 5749465092761.26 -6462.04869485341 33498.9827550569 559269950.688326
1236695655.61606 -1070158021607.73 5766900623275.21 -6461.68117850626 33497.0021529163 559269950.688326
1237216150.42061 -1073521197917.03 5784335126014.19 -6461.31583838554 33495.0335140432 559269950.688325
1237736645.22516 -1076884184630.84 5801768607176.66 -6460.95265509792 33493.0767296834 559269950.688325
1238257140.02972 -1080246982866.79 5819201072904.81 -6460.59160948088 33491.131692403 559269950.688325
1238777634.83427 -1083609593732.57 5836632529285.27 -6460.23268259926 33489.1982960683 559269950.688325
1239298129.63882 -1086972018326.12 5854062982349.74 -6459.87585574187 33487.2764358264 559269950.688324
1239818624.44337 -1090334257735.65 5871492438075.68 -6459.52111041821 33485.3660080854 559269950.688324
1240339119.24793 -1093696313039.82 5888920902386.97 -6459.1684283552 33483.466910496 559269950.688324
1240859614.05248 -1097058185307.86 5906348381154.51 -6458.81779149396 33481.5790419323 559269950.688324
1241380108.85703 -1100419875599.61 5923774880196.9 -6458.46918198671 33479.7023024739 559269950.688324
1241900603.66158 -1103781384965.71 5941200405281.03 -6458.12258219367 33477.8365933877 559269950.688323
1242421098.46613 -1107142714447.65 5958624962122.72 -6457.77797467999 33475.9818171106 559269950.688323
1242941593.27069 -1110503865077.92 5976048556387.3 -6457.43534221284 33474.1378772317 559269950.688323
1243462088.07524 -1113864837880.07 5993471193690.21 -6457.09466775843 33472.3046784755 559269950.688323
1243982582.87979 -1117225633868.85 6010892879597.59 -6456.75593447915 33470.4821266852 559269950.688323
1244503077.68434 -1120586254050.28 6028313619626.88 -6456.41912573075 33468.6701288062 559269950.688322
1245023572.4889 -1123946699421.8 6045733419247.35 -6456.08422505956 33466.8685928702 559269950.688322
1245544067.29345 -1127306970972.3 6063152283880.67 -6455.75121619975 33465.077427979 559269950.688322
1246064562.098 -1130667069682.26 6080570218901.51 -6455.42008307067 33463.2965442889 559269950.688322
1246585056.90255 -1134026996523.86 6097987229638.01 -6455.09080977421 33461.5258529959 559269950.688322
1247105551.70711 -1137386752461.01 6115403321372.38 -6454.76338059216 33459.7652663201 559269950.688322
1247626046.51166 -1140746338449.53 6132818499341.4 -6454.43777998374 33458.0146974912 559269950.688321
1248146541.31621 -1144105755437.17 6150232768736.92 -6454.11399258304 33456.274060734 559269950.688321
1248667036.12076 -1147465004363.74 6167646134706.45 -6453.79200319658 33454.5432712539 559269950.688321
1249187530.92531 -1150824086161.17 6185058602353.57 -6453.4717968009 33452.8222452233 559269950.688321
1249708025.72987 -1154183001753.62 6202470176738.5 -6453.15335854015 33451.1108997672 559269950.688321
1250228520.53442 -1157541752057.58 6219880862878.56 -6452.83667372377 33449.4091529502 559269950.688321
1250749015.33897 -1160900337981.92 6237290665748.69 -6452.5217278242 33447.7169237631 559269950.68832
1251269510.14352 -1164258760427.97 6254699590281.86 -6452.2085064746 33446.0341321093 559269950.68832
1251790004.94808 -1167617020289.67 6272107641369.61 -6451.89699546663 33444.3606987928 559269950.68832
1252310499.75263 -1170975118453.57 6289514823862.5 -6451.58718074827 33442.6965455046 559269950.68832
1252830994.55718 -1174333055798.95 6306921142570.54 -6451.27904842166 33441.0415948111 559269950.68832
1253351489.36173 -1177690833197.91 6324326602263.67 -6450.97258474099 33439.3957701414 559269950.68832
1253871984.16629 -1181048451515.43 6341731207672.19 -6450.66777611043 33437.7589957751 559269950.688319
1254392478.97084 -1184405911609.44 6359134963487.22 -6450.36460908207 33436.1311968312 559269950.688319
1254912973.77539 -1187763214330.93 6376537874361.11 -6450.06307035388 33434.5122992558 559269950.688319
1255433468.57994 -1191120360523.97 6393939944907.88 -6449.76314676781 33432.9022298108 559269950.688319
1255953963.3845 -1194477351025.86 6411341179703.64 -6449.46482530775 33431.3009160628 559269950.688319
1256474458.18905 -1197834186667.14 6428741583287.01 -6449.16809309767 33429.7082863722 559269950.688319
1256994952.9936 -1201190868271.67 6446141160159.52 -6448.87293739973 33428.124269882 559269950.688319
1257515447.79815 -1204547396656.74 6463539914786.02 -6448.5793456124 33426.548796507 559269950.688318
1258035942.6027 -1207903772633.11 6480937851595.09 -6448.28730526866 33424.9817969239 559269950.688318
1258556437.40726 -1211259997005.07 6498334974979.41 -6447.99680403421 33423.4232025602 559269950.688318
1259076932.21181 -1214616070570.56 6515731289296.17 -6447.70782970565 33421.8729455847 559269950.688318
1259597427.01636 -1217971994121.16 6533126798867.44 -6447.42037020883 33420.3309588968 559269950.688318
1260117921.82091 -1221327768442.22 6550521507980.57 -6447.13441359704 33418.7971761174 559269950.688318
1260638416.62547 -1224683394312.91 6567915420888.51 -6446.84994804942 33417.2715315784 559269950.688318
1261158911.43002 -1228038872506.26 6585308541810.26 -6446.56696186923 33415.753960314 559269950.688318
1261679406.23457 -1231394203789.27 6602700874931.13 -6446.28544348225 33414.2443980507 559269950.688318
1262199901.03912 -1234749388922.92 6620092424403.21 -6446.0053814352 33412.7427811981 559269950.688317
1262720395.84368 -1238104428662.28 6637483194345.63 -6445.72676439411 33411.2490468403 559269950.688317
1263240890.64823 -1241459323756.54 6654873188844.97 -6445.44958114279 33409.7631327264 559269950.688317
1263761385.45278 -1244814074949.09 6672262411955.55 -6445.1738205813 33408.2849772621 559269950.688317
1264281880.25733 -1248168682977.56 6689650867699.83 -6444.89947172445 33406.8145195008 559269950.688317
1264802375.06188 -1251523148573.92 6707038560068.7 -6444.6265237003 33405.3516991353 559269950.688317
1265322869.86644 -1254877472464.47 6724425493021.82 -6444.35496574869 33403.896456489 559269950.688317
1265843364.67099 -1258231655369.97 6741811670487.97 -6444.08478721986 33402.4487325082 559269950.688317
1266363859.47554 -1261585698005.65 6759197096365.34 -6443.81597757296 33401.0084687537 559269950.688317
1266884354.28009 -1264939601081.29 6776581774521.85 -6443.5485263747 33399.5756073925 559269950.688317
1267404849.08465 -1268293365301.26 6793965708795.5 -6443.28242329797 33398.1500911905 559269950.688317
1267925343.8892 -1271646991364.59 6811348902994.63 -6443.01765812048 33396.7318635045 559269950.688316
1268445838.69375 -1275000479965.01 6828731360898.27 -6442.75422072345 33395.3208682744 559269950.688316
1268966333.4983 -1278353831791.01 6846113086256.4 -6442.49210109026 33393.917050016 559269950.688316
1269486828.30286 -1281707047525.89 6863494082790.29 -6442.23128930521 33392.5203538133 559269950.688316
1270007323.10741 -1285060127847.83 6880874354192.76 -6441.9717755522 33391.1307253114 559269950.688316
1270527817.91196 -1288413073429.9 6898253904128.48 -6441.71355011352 33389.7481107094 559269950.688316
1271048312.71651 -1291765884940.17 6915632736234.28 -6441.45660336859 33388.3724567531 559269950.688316
1271568807.52106 -1295118563041.71 6933010854119.38 -6441.20092579276 33387.0037107283 559269950.688316
1272089302.32562 -1298471108392.64 6950388261365.73 -6440.94650795609 33385.6418204537 559269950.688316
1272609797.13017 -1301823521646.23 6967764961528.25 -6440.69334052221 33384.2867342744 559269950.688316
1273130291.93472 -1305175803450.89 6985140958135.1 -6440.44141424713 33382.9384010551 559269950.688316
1273650786.73927 -1308527954450.25 7002516254687.96 -6440.19071997811 33381.5967701738 559269950.688315
1274171281.54383 -1311879975283.21 7019890854662.31 -6439.94124865252 33380.2617915149 559269950.688315
1274691776.34838 -1315231866583.97 7037264761507.65 -6439.69299129674 33378.9334154634 559269950.688315
1275212271.15293 -1318583628982.06 7054637978647.81 -6439.44593902508 33377.6115928982 559269950.688315
1275732765.95748 -1321935263102.43 7072010509481.16 -6439.20008303867 33376.2962751861 559269950.688315
1276253260.76204 -1325286769565.48 7089382357380.89 -6438.95541462444 33374.9874141761 559269950.688315
1276773755.56659 -1328638148987.09 7106753525695.25 -6438.71192515402 33373.6849621927 559269950.688315
1277294250.37114 -1331989401978.65 7124124017747.82 -6438.46960608277 33372.3888720307 559269950.688315
1277814745.17569 -1335340529147.15 7141493836837.68 -6438.22844894872 33371.099096949 559269950.688315
1278335239.98024 -1338691531095.18 7158862986239.76 -6437.98844537159 33369.8155906651 559269950.688315
1278855734.7848 -1342042408421.01 7176231469204.97 -6437.74958705179 33368.5383073492 559269950.688314
1279376229.58935 -1345393161718.59 7193599288960.51 -6437.51186576947 33367.2672016192 559269950.688314
1279896724.3939 -1348743791577.63 7210966448710.06 -6437.27527338354 33366.0022285345 559269950.688314
1280417219.19845 -1352094298583.59 7228332951634.04 -6437.03980183074 33364.7433435912 559269950.688314
1280937714.00301 -1355444683317.8 7245698800889.81 -6436.8054431247 33363.4905027166 559269950.688314
1281458208.80756 -1358794946357.42 7263063999611.88 -6436.57218935502 33362.2436622639 559269950.688314
1281978703.61211 -1362145088275.51 7280428550912.19 -6436.34003268639 33361.0027790073 559269950.688314
1282499198.41666 -1365495109641.1 7297792457880.27 -6436.10896535767 33359.7678101366 559269950.688314
1283019693.22122 -1368845011019.18 7315155723583.46 -6435.87897968103 33358.5387132524 559269950.688314
1283540188.02577 -1372194792970.75 7332518351067.16 -6435.65006804108 33357.315446361 559269950.688314
1284060682.83032 -1375544456052.88 7349880343355.01 -6435.42222289399 33356.0979678699 559269950.688314
1284581177.63487 -1378894000818.72 7367241703449.11 -6435.19543676672 33354.8862365827 559269950.688314
1285101672.43942 -1382243427817.56 7384602434330.2 -6434.96970225609 33353.6802116942 559269950.688314
1285622167.24398 -1385592737594.85 7401962538957.91 -6434.74501202805 33352.4798527864 559269950.688314
1286142662.04853 -1388941930692.24 7419322020270.91 -6434.52135881683 33351.2851198233 559269950.688314
1286663156.85308 -1392291007647.61 7436680881187.13 -6434.29873542416 33350.0959731467 559269950.688314
1287183651.65763 -1395639968995.12 7454039124603.98 -6434.07713471845 33348.9123734714 559269950.688314
1287704146.46219 -1398988815265.24 7471396753398.49 -6433.85654963408 33347.7342818814 559269950.688314
1288224641.26674 -1402337546984.75 7488753770427.54 -6433.63697317059 33346.561659825 559269950.688313
1288745136.07129 -1405686164676.85 7506110178528.05 -6433.41839839194 33345.3944691108 559269950.688313
1289265630.87584 -1409034668861.1 7523465980517.14 -6433.20081842577 33344.2326719034 559269950.688313
1289786125.6804 -1412383060053.53 7540821179192.32 -6432.98422646267 33343.0762307193 559269950.688313
1290306620.48495 -1415731338766.62 7558175777331.71 -6432.76861575546 33341.9251084229 559269950.688313
1290827115.2895 -1419079505509.39 7575529777694.16 -6432.55397961849 33340.7792682223 559269950.688313
1291347610.09405 -1422427560787.35 7592883183019.48 -6432.34031142689 33339.6386736652 559269950.688313
1291868104.8986 -1425775505102.6 7610235996028.58 -6432.12760461594 33338.5032886354 559269950.688313
1292388599.70316 -1429123338953.85 7627588219423.67 -6431.91585268037 33337.3730773485 559269950.688313
1292909094.50771 -1432471062836.43 7644939855888.42 -6431.70504917364 33336.2480043485 559269950.688313
1293429589.31226 -1435818677242.31 7662290908088.11 -6431.49518770735 33335.1280345036 559269950.688313
1293950084.11681 -1439166182660.18 7679641378669.85 -6431.28626195054 33334.0131330027 559269950.688313
1294470578.92137 -1442513579575.43 7696991270262.68 -6431.07826562904 33332.9032653519 559269950.688313
1294991073.72592 -1445860868470.21 7714340585477.79 -6430.87119252486 33331.7983973704 559269950.688313
1295511568.53047 -1449208049823.45 7731689326908.66 -6430.66503647553 33330.6984951876 559269950.688313
1296032063.33502 -1452555124110.86 7749037497131.21 -6430.45979137352 33329.6035252391 559269950.688313
1296552558.13958 -1455902091805.03 7766385098703.96 -6430.25545116558 33328.5134542633 559269950.688313
1297073052.94413 -1459248953375.37 7783732134168.23 -6430.05200985218 33327.4282492981 559269950.688313
1297593547.74868 -1462595709288.21 7801078606048.23 -6429.84946148689 33326.3478776777 559269950.688313
1298114042.55323 -1465942360006.78 7818424516851.25 -6429.64780017578 33325.2723070288 559269950.688313
1298634537.35778 -1469288905991.28 7835769869067.82 -6429.44702007687 33324.2015052677 559269950.688313
1299155032.16234 -1472635347698.85 7853114665171.81 -6429.24711539955 33323.1354405968 559269950.688312
1299675526.96689 -1475981685583.66 7870458907620.66 -6429.04808040401 33322.0740815018 559269950.688312
1300196021.77144 -1479327920096.89 7887802598855.45 -6428.84990940065 33321.0173967481 559269950.688313
1300716516.57599 -1482674051686.76 7905145741301.08 -6428.65259674962 33319.965355378 559269950.688312
1301237011.38055 -1486020080798.6 7922488337366.41 -6428.45613686016 33318.9179267074 559269950.688312
1301757506.1851 -1489366007874.81 7939830389444.4 -6428.26052419016 33317.8750803231 559269950.688312
1302278000.98965 -1492711833354.93 7957171899912.25 -6428.06575324558 33316.8367860793 559269950.688312
1302798495.7942 -1496057557675.67 7974512871131.54 -6427.87181857996 33315.8030140953 559269950.688312
1303318990.59876 -1499403181270.89 7991853305448.36 -6427.67871479386 33314.773734752 559269950.688312
1303839485.40331 -1502748704571.66 8009193205193.45 -6427.48643653441 33313.7489186894 559269950.688312
1304359980.20786 -1506094128006.29 8026532572682.35 -6427.29497849476 33312.7285368037 559269950.688312
1304880475.01241 -1509439452000.31 8043871410215.5 -6427.10433541361 33311.7125602443 559269950.688312
1305400969.81697 -1512784676976.57 8061209720078.39 -6426.9145020747 33310.7009604113 559269950.688312
1305921464.62152 -1516129803355.17 8078547504541.7 -6426.72547330637 33309.6937089526 559269950.688312
1306441959.42607 -1519474831553.55 8095884765861.42 -6426.53724398102 33308.6907777615 559269950.688312
1306962454.23062 -1522819761986.49 8113221506278.95 -6426.34980901472 33307.6921389737 559269950.688312
1307482949.03517 -1526164595066.15 8130557728021.27 -6426.16316336665 33306.6977649646 559269950.688312
1308003443.83973 -1529509331202.05 8147893433301.03 -6425.97730203873 33305.7076283473 559269950.688312
1308523938.64428 -1532853970801.13 8165228624316.71 -6425.79222007512 33304.7217019695 559269950.688312
1309044433.44883 -1536198514267.77 8182563303252.7 -6425.60791256177 33303.7399589111 559269950.688312
1309564928.25338 -1539542962003.81 8199897472279.42 -6425.42437462602 33302.7623724821 559269950.688312
1310085423.05794 -1542887314408.53 8217231133553.5 -6425.24160143611 33301.7889162194 559269950.688312
1310605917.86249 -1546231571878.74 8234564289217.82 -6425.0595882008 33300.8195638852 559269950.688312
1311126412.66704 -1549575734808.75 8251896941401.67 -6424.8783301689 33299.8542894638 559269950.688312
1311646907.47159 -1552919803590.41 8269229092220.87 -6424.6978226289 33298.8930671602 559269950.688312
1312167402.27615 -1556263778613.14 8286560743777.86 -6424.5180609085 33297.9358713967 559269950.688312
1312687897.0807 -1559607660263.91 8303891898161.82 -6424.33904037425 33296.9826768114 559269950.688312
1313208391.88525 -1562951448927.33 8321222557448.78 -6424.16075643114 33296.0334582557 559269950.688312
1313728886.6898 -1566295144985.58 8338552723701.76 -6423.98320452215 33295.0881907918 559269950.688312
1314249381.49435 -1569638748818.52 8355882398970.83 -6423.80638012793 33294.146849691 559269950.688312
1314769876.29891 -1572982260803.64 8373211585293.25 -6423.63027876637 33293.2094104309 559269950.688312
1315290371.10346 -1576325681316.12 8390540284693.57 -6423.4548959922 33292.2758486937 559269950.688312
1315810865.90801 -1579669010728.83 8407868499183.73 -6423.28022739667 33291.346140364 559269950.688312
1316331360.71256 -1583012249412.35 8425196230763.19 -6423.10626860711 33290.4202615265 559269950.688312
1316851855.51712 -1586355397735.02 8442523481418.99 -6422.9330152866 33289.498188464 559269950.688312
1317372350.32167 -1589698456062.89 8459850253125.89 -6422.76046313359 33288.5798976556 559269950.688312
1317892845.12622 -1593041424759.82 8477176547846.46 -6422.58860788156 33287.6653657742 559269950.688312
1318413339.93077 -1596384304187.42 8494502367531.16 -6422.41744529861 33286.7545696849 559269950.688312
1318933834.73533 -1599727094705.15 8511827714118.48 -6422.24697118718 33285.8474864429 559269950.688311
1319454329.53988 -1603069796670.26 8529152589535.01 -6422.07718138366 33284.9440932914 559269950.688312
1319974824.34443 -1606412410437.85 8546476995695.53 -6421.90807175803 33284.04436766 559269950.688312
1320495319.14898 -1609754936360.88 8563800934503.13 -6421.73963821357 33283.1482871623 559269950.688312
1321015813.95353 -1613097374790.2 8581124407849.31 -6421.57187668649 33282.2558295946 559269950.688312
1321536308.75809 -1616439726074.52 8598447417614.05 -6421.40478314561 33281.3669729336 559269950.688312
1322056803.56264 -1619781990560.5 8615769965665.89 -6421.23835359202 33280.4816953346 559269950.688312
1322577298.36719 -1623124168592.71 8633092053862.08 -6421.07258405878 33279.5999751302 559269950.688312
1323097793.17174 -1626466260513.64 8650413684048.62 -6420.90747061058 33278.7217908276 559269950.688312
1323618287.9763 -1629808266663.79 8667734858060.38 -6420.74300934342 33277.8471211077 559269950.688312
1324138782.78085 -1633150187381.58 8685055577721.16 -6420.57919638434 33276.9759448229 559269950.688312
1324659277.5854 -1636492023003.47 8702375844843.82 -6420.41602789106 33276.1082409954 559269950.688312
1325179772.38995 -1639833773863.89 8719695661230.33 -6420.25350005171 33275.2439888155 559269950.688311
1325700267.19451 -1643175440295.33 8737015028671.87 -6420.0916090845 33274.3831676403 559269950.688312
1326220761.99906 -1646517022628.29 8754333948948.92 -6419.93035123745 33273.5257569912 559269950.688312
1326741256.80361 -1649858521191.34 8771652423831.36 -6419.76972278809 33272.6717365533 559269950.688312
1327261751.60816 -1653199936311.12 8788970455078.51 -6419.60972004317 33271.8210861728 559269950.688311
1327782246.41271 -1656541268312.34 8806288044439.27 -6419.45033933835 33270.973785856 559269950.688312
1328302741.21727 -1659882517517.82 8823605193652.16 -6419.29157703795 33270.1298157676 559269950.688312
1328823236.02182 -1663223684248.51 8840921904445.41 -6419.13342953465 33269.289156229 559269950.688312
1329343730.82637 -1666564768823.47 8858238178537.07 -6418.97589324923 33268.4517877168 559269950.688312
1329864225.63092 -1669905771559.9 8875554017635.04 -6418.81896463027 33267.6176908614 559269950.688312
1330384720.43548 -1673246692773.19 8892869423437.21 -6418.66264015391 33266.7868464452 559269950.688312
1330905215.24003 -1676587532776.86 8910184397631.47 -6418.50691632356 33265.9592354014 559269950.688311
1331425710.04458 -1679928291882.65 8927498941895.85 -6418.35178966963 33265.1348388125 559269950.688311
1331946204.84913 -1683268970400.5 8944813057898.57 -6418.19725674932 33264.3136379086 559269950.688311
1332466699.65369 -1686609568638.53 8962126747298.12 -6418.04331414628 33263.4956140661 559269950.688312
1332987194.45824 -1689950086903.14 8979440011743.31 -6417.88995847043 33262.6807488064 559269950.688312
1333507689.26279 -1693290525498.92 8996752852873.41 -6417.73718635768 33261.8690237942 559269950.688312
1334028184.06734 -1696630884728.76 9014065272318.14 -6417.58499446965 33261.0604208364 559269950.688312
1334548678.87189 -1699971164893.8 9031377271697.83 -6417.43337949349 33260.2549218805 559269950.688312
1335069173.67645 -1703311366293.46 9048688852623.42 -6417.28233814156 33259.4525090135 559269950.688312
1335589668.481 -1706651489225.45 9066000016696.56 -6417.13186715126 33258.6531644602 559269950.688312
1336110163.28555 -1709991533985.81 9083310765509.71 -6416.98196328475 33257.8568705823 559269950.688312
1336630658.0901 -1713331500868.88 9100621100646.17 -6416.83262332871 33257.0636098765 559269950.688311
1337151152.89466 -1716671390167.34 9117931023680.15 -6416.68384409416 33256.2733649739 559269950.688311
1337671647.69921 -1720011202172.23 9135240536176.88 -6416.53562241614 33255.4861186381 559269950.688311
1338192142.50376 -1723350937172.92 9152549639692.64 -6416.38795515359 33254.7018537644 559269950.688311
1338712637.30831 -1726690595457.17 9169858335774.85 -6416.24083918903 33253.9205533782 559269950.688311
1339233132.11287 -1730030177311.14 9187166625962.1 -6416.0942714284 33253.142200634 559269950.688311
1339753626.91742 -1733369683019.34 9204474511784.29 -6415.94824880081 33252.3667788139 559269950.688311
1340274121.72197 -1736709112864.74 9221781994762.61 -6415.80276825834 33251.5942713269 559269950.688311
1340794616.52652 -1740048467128.69 9239089076409.67 -6415.65782677581 33250.824661707 559269950.688311
1341315111.33107 -1743387746090.99 9256395758229.54 -6415.51342135058 33250.0579336127 559269950.688311
1341835606.13563 -1746726950029.87 9273702041717.8 -6415.36954900233 33249.2940708251 559269950.688311
1342356100.94018 -1750066079222.04 9291007928361.65 -6415.22620677286 33248.5330572476 559269950.688311
1342876595.74473 -1753405133942.64 9308313419639.92 -6415.08339172588 33247.774876904 559269950.688311
1343397090.54928 -1756744114465.32 9325618517023.16 -6414.94110094681 33247.0195139379 559269950.688311
1343917585.35384 -1760083021062.2 9342923221973.7 -6414.79933154259 33246.2669526111 559269950.688311
1344438080.15839 -1763421854003.91 9360227535945.71 -6414.65808064145 33245.517177303 559269950.688311
1344958574.96294 -1766760613559.57 9377531460385.25 -6414.51734539275 33244.770172509 559269950.688311
1345479069.76749 -1770099299996.85 9394834996730.36 -6414.37712296675 33244.0259228399 559269950.688311
1345999564.57205 -1773437913581.94 9412138146411.09 -6414.23741055447 33243.2844130205 559269950.688311
1346520059.3766 -1776776454579.57 9429440910849.55 -6414.09820536743 33242.5456278887 559269950.688311
1347040554.18115 -1780114923253.03 9446743291460.01 -6413.95950463752 33241.8095523943 559269950.68831
1347561048.9857 -1783453319864.16 9464045289648.94 -6413.8213056168 33241.0761715982 559269950.68831
1348081543.79026 -1786791644673.4 9481346906815.05 -6413.6836055773 33240.345470671 559269950.688311
1348602038.59481 -1790129897939.75 9498648144349.35 -6413.54640181085 33239.6174348925 559269950.68831
1349122533.39936 -1793468079920.83 9515949003635.24 -6413.4096916289 33238.8920496503 559269950.68831
1349643028.20391 -1796806190872.84 9533249486048.53 -6413.27347236234 33238.169300439 559269950.68831
1350163523.00846 -1800144231050.62 9550549592957.5 -6413.13774136133 33237.449172859 559269950.68831
1350684017.81302 -1803482200707.61 9567849325722.97 -6413.00249599512 33236.731652616 559269950.68831
1351204512.61757 -1806820100095.91 9585148685698.37 -6412.86773365187 33236.0167255193 559269950.68831
1351725007.42212 -1810157929466.26 9602447674229.72 -6412.7334517385 33235.3043774816 559269950.68831
1352245502.22667 -1813495689068.04 9619746292655.78 -6412.59964768051 33234.5945945178 559269950.68831
1352765997.03123 -1816833379149.3 9637044542308.04 -6412.46631892182 33233.8873627438 559269950.68831
1353286491.83578 -1820170999956.79 9654342424510.78 -6412.33346292459 33233.182668376 559269950.68831
1353806986.64033 -1823508551735.91 9671639940581.15 -6412.20107716906 33232.48049773 559269950.68831
1354327481.44488 -1826846034730.76 9688937091829.18 -6412.06915915342 33231.78083722 559269950.68831
1354847976.24944 -1830183449184.17 9706233879557.89 -6411.93770639361 33231.083673358 559269950.68831
1355368471.05399 -1833520795337.64 9723530305063.27 -6411.80671642317 33230.3889927524 559269950.68831
1355888965.85854 -1836858073431.42 9740826369634.38 -6411.67618679311 33229.6967821078 559269950.68831
1356409460.66309 -1840195283704.48 9758122074553.38 -6411.54611507172 33229.0070282236 559269950.68831
1356929955.46764 -1843532426394.53 9775417421095.58 -6411.41649884447 33228.3197179934 559269950.68831
1357450450.2722 -1846869501738.03 9792712410529.52 -6411.28733571378 33227.6348384042 559269950.68831
1357970945.07675 -1850206509970.19 9810007044116.95 -6411.15862329894 33226.9523765355 559269950.68831
1358491439.8813 -1853543451324.99 9827301323112.94 -6411.03035923593 33226.2723195583 559269950.68831
1359011934.68585 -1856880326035.18 9844595248765.91 -6410.90254117728 33225.5946547348 559269950.68831
1359532429.49041 -1860217134332.31 9861888822317.67 -6410.77516679193 33224.9193694168 559269950.68831
1360052924.29496 -1863553876446.69 9879182045003.47 -6410.64823376508 33224.2464510458 559269950.68831
1360573419.09951 -1866890552607.46 9896474918052.03 -6410.52173979804 33223.5758871515 559269950.68831
1361093913.90406 -1870227163042.54 9913767442685.63 -6410.3956826081 33222.9076653513 559269950.68831
1361614408.70862 -1873563707978.69 9931059620120.11 -6410.27005992841 33222.2417733497 559269950.68831
1362134903.51317 -1876900187641.48 9948351451564.94 -6410.14486950781 33221.5781989372 559269950.68831
1362655398.31772 -1880236602255.31 9965642938223.25 -6410.0201091107 33220.9169299897 559269950.68831
1363175893.12227 -1883572952043.43 9982934081291.88 -6409.89577651692 33220.2579544678 559269950.68831
1363696387.92682 -1886909237227.95 10000224881961.4 -6409.77186952161 33219.6012604161 559269950.68831
1364216882.73138 -1890245458029.8 10017515341416.3 -6409.64838593508 33218.9468359622 559269950.68831
1364737377.53593 -1893581614668.8 10034805460834.8 -6409.52532358268 33218.2946693163 559269950.68831
1365257872.34048 -1896917707363.65 10052095241389 -6409.40268030464 33217.6447487704 559269950.68831
1365778367.14503 -1900253736331.9 10069384684244.9 -6409.28045395601 33216.9970626973 559269950.68831
1366298861.94959 -1903589701790.02 10086673790562.6 -6409.15864240647 33216.3515995503 559269950.68831
1366819356.75414 -1906925603953.35 10103962561496 -6409.03724354022 33215.7083478624 559269950.68831
1367339851.55869 -1910261443036.14 10121250998193.4 -6408.91625525589 33215.0672962455 559269950.68831
1367860346.36324 -1913597219251.56 10138539101796.9 -6408.79567546637 33214.4284333895 559269950.68831
1368380841.1678 -1916932932811.69 10155826873442.7 -6408.67550209873 33213.7917480624 559269950.68831
1368901335.97235 -1920268583927.52 10173114314261.4 -6408.55573309406 33213.1572291088 559269950.68831
1369421830.7769 -1923604172809.01 10190401425377.7 -6408.43636640738 33212.5248654496 559269950.68831
1369942325.58145 -1926939699665.01 10207688207910.5 -6408.31740000752 33211.8946460815 559269950.68831
1370462820.386 -1930275164703.36 10224974662973.1 -6408.19883187698 33211.2665600759 559269950.68831
1370983315.19056 -1933610568130.82 10242260791673 -6408.08066001185 33210.6405965788 559269950.68831
1371503809.99511 -1936945910153.14 10259546595112.2 -6407.96288242167 33210.0167448097 559269950.68831
1372024304.79966 -1940281190975.01 10276832074387.1 -6407.84549712933 33209.3949940614 559269950.68831
1372544799.60421 -1943616410800.12 10294117230588.4 -6407.72850217093 33208.775333699 559269950.68831
1373065294.40877 -1946951569831.12 10311402064801.4 -6407.61189559573 33208.1577531595 559269950.68831
1373585789.21332 -1950286668269.65 10328686578105.9 -6407.49567546596 33207.5422419511 559269950.68831
1374106284.01787 -1953621706316.37 10345970771576.4 -6407.37983985679 33206.9287896527 559269950.68831
1374626778.82242 -1956956684170.91 10363254646281.6 -6407.26438685617 33206.3173859133 559269950.68831
1375147273.62698 -1960291602031.93 10380538203285.4 -6407.14931456474 33205.7080204511 559269950.68831
1375667768.43153 -1963626460097.08 10397821443645.8 -6407.03462109571 33205.1006830535 559269950.688311
1376188263.23608 -1966961258563.06 10415104368415.8 -6406.92030457481 33204.4953635759 559269950.688311
1376708758.04063 -1970295997625.58 10432386978643.1 -6406.80636314011 33203.8920519417 559269950.688311
1377229252.84518 -1973630677479.39 10449669275370.3 -6406.69279494196 33203.2907381413 559269950.688311
1377749747.64974 -1976965298318.27 10466951259634.5 -6406.57959814291 33202.6914122318 559269950.688311
1378270242.45429 -1980299860335.07 10484232932467.9 -6406.46677091754 33202.0940643361 559269950.688311
1378790737.25884 -1983634363721.68 10501514294897.5 -6406.35431145245 33201.4986846429 559269950.688311
1379311232.06339 -1986968808669.03 10518795347945.1 -6406.24221794609 33200.9052634057 559269950.688311
1379831726.86795 -1990303195367.15 10536076092627.7 -6406.13048860869 33200.3137909425 559269950.688311
1380352221.6725 -1993637524005.11 10553356529956.9 -6406.01912166216 33199.724257635 559269950.688311
1380872716.47705 -1996971794771.09 10570636660939.8 -6405.90811534002 33199.1366539286 559269950.688311
1381393211.2816 -2000306007852.32 10587916486578 -6405.79746788724 33198.5509703311 559269950.688311
1381913706.08616 -2003640163435.15 10605196007868.7 -6405.68717756024 33197.967197413 559269950.688311
1382434200.89071 -2006974261705 10622475225803.8 -6405.5772426267 33197.3853258063 559269950.688311
1382954695.69526 -2010308302846.4 10639754141370.6 -6405.46766136555 33196.8053462047 559269950.688311
1383475190.49981 -2013642287043 10657032755551.3 -6405.35843206683 33196.2272493622 559269950.688311
1383995685.30436 -2016976214477.54 10674311069323.7 -6405.2495530316 33195.6510260934 559269950.688311
1384516180.10892 -2020310085331.9 10691589083660.4 -6405.14102257189 33195.0766672728 559269950.688311
1385036674.91347 -2023643899787.07 10708866799529.6 -6405.03283901058 33194.5041638339 559269950.688311
1385557169.71802 -2026977658023.18 10726144217894.7 -6404.92500068131 33193.9335067694 559269950.688311
1386077664.52257 -2030311360219.48 10743421339714.3 -6404.8175059284 33193.3646871301 559269950.688311
1386598159.32713 -2033645006554.39 10760698165942.5 -6404.7103531068 33192.7976960247 559269950.688311
1387118654.13168 -2036978597205.43 10777974697528.7 -6404.60354058192 33192.2325246195 559269950.688311
1387639148.93623 -2040312132349.32 10795250935417.8 -6404.49706672965 33191.6691641377 559269950.688311
1388159643.74078 -2043645612161.92 10812526880550 -6404.39092993618 33191.1076058589 559269950.688311
1388680138.54534 -2046979036818.23 10829802533861.3 -6404.28512859801 33190.5478411187 559269950.688311
1389200633.34989 -2050312406492.45 10847077896282.8 -6404.17966112179 33189.9898613086 559269950.688311
1389721128.15444 -2053645721357.95 10864352968741.4 -6404.07452592427 33189.4336578748 559269950.688311
1390241622.95899 -2056978981587.25 10881627752159.4 -6403.96972143223 33188.8792223187 559269950.688311
1390762117.76355 -2060312187352.08 10898902247454.9 -6403.86524608239 33188.3265461956 559269950.688311
1391282612.5681 -2063645338823.36 10916176455541.4 -6403.76109832134 33187.7756211147 559269950.688311
1391803107.37265 -2066978436171.19 10933450377328.1 -6403.65727660544 33187.2264387388 559269950.688311
1392323602.1772 -2070311479564.87 10950724013720 -6403.55377940076 33186.6789907834 559269950.688311
1392844096.98175 -2073644469172.92 10967997365617.7 -6403.45060518302 33186.1332690167 559269950.688311
1393364591.78631 -2076977405163.06 10985270433917.5 -6403.34775243746 33185.5892652592 559269950.688311
1393885086.59086 -2080310287702.21 11002543219511.5 -6403.24521965885 33185.0469713828 559269950.688311
1394405581.39541 -2083643116956.52 11019815723287.6 -6403.14300535131 33184.506379311 559269950.688311
1394926076.19996 -2086975893091.38 11037087946129.5 -6403.04110802834 33183.967481018 559269950.688311
1395446571.00452 -2090308616271.39 11054359888916.7 -6402.93952621269 33183.4302685287 559269950.688311
1395967065.80907 -2093641286660.38 11071631552524.6 -6402.83825843627 33182.8947339181 559269950.688311
1396487560.61362 -2096973904421.43 11088902937824.5 -6402.73730324013 33182.3608693107 559269950.688311
1397008055.41817 -2100306469716.86 11106174045683.5 -6402.63665917438 33181.8286668806 559269950.688311
1397528550.22273 -2103638982708.23 11123444876964.8 -6402.53632479807 33181.2981188507 559269950.688311
1398049045.02728 -2106971443556.37 11140715432527.5 -6402.43629867919 33180.7692174926 559269950.688311
1398569539.83183 -2110303852421.34 11157985713226.7 -6402.33657939455 33180.2419551258 559269950.688311
1399090034.63638 -2113636209462.5 11175255719913.4 -6402.23716552972 33179.716324118 559269950.688311
1399610529.44093 -2116968514838.43 11192525453434.8 -6402.138055679 33179.192316884 559269950.688311
1400131024.24549 -2120300768707.01 11209794914634.2 -6402.03924844529 33178.6699258858 559269950.688311
1400651519.05004 -2123632971225.4 11227064104350.7 -6401.9407424401 33178.1491436321 559269950.688311
1401172013.85459 -2126965122550.02 11244333023419.8 -6401.8425362834 33177.629962678 559269950.688311
1401692508.65914 -2130297222836.58 11261601672673.1 -6401.74462860362 33177.1123756245 559269950.688311
1402213003.4637 -2133629272240.08 11278870052938.2 -6401.64701803756 33176.5963751182 559269950.688311
1402733498.26825 -2136961270914.83 11296138165039 -6401.54970323034 33176.0819538511 559269950.688311
1403253993.0728 -2140293219014.39 11313406009795.7 -6401.4526828353 33175.56910456 559269950.688311
1403774487.87735 -2143625116691.68 11330673588024.5 -6401.35595551399 33175.0578200264 559269950.688311
1404294982.68191 -2146956964098.88 11347940900538 -6401.25951993606 33174.5480930758 559269950.688311
1404815477.48646 -2150288761387.5 11365207948145.1 -6401.16337477923 33174.039916578 559269950.688311
1405335972.29101 -2153620508708.36 11382474731650.9 -6401.06751872922 33173.5332834459 559269950.688311
1405856467.09556 -2156952206211.61 11399741251857 -6400.97195047968 33173.0281866361 559269950.688311
1406376961.90011 -2160283854046.69 11417007509561.1 -6400.87666873215 33172.5246191476 559269950.688311
1406897456.70467 -2163615452362.4 11434273505557.4 -6400.78167219596 33172.0225740225 559269950.688311
1407417951.50922 -2166947001306.85 11451539240636.6 -6400.68695958824 33171.5220443448 559269950.68831
1407938446.31377 -2170278501027.5 11468804715585.5 -6400.59252963379 33171.0230232404 559269950.688311
1408458941.11832 -2173609951671.13 11486069931187.7 -6400.49838106507 33170.5255038771 559269950.68831
1408979435.92288 -2176941353383.88 11503334888222.9 -6400.40451262211 33170.0294794638 559269950.688311
1409499930.72743 -2180272706311.22 11520599587467.7 -6400.31092305249 33169.5349432503 559269950.688311
1410020425.53198 -2183604010597.98 11537864029694.7 -6400.21761111124 33169.0418885273 559269950.688311
1410540920.33653 -2186935266388.35 11555128215673.5 -6400.12457556083 33168.5503086257 559269950.688311
1411061415.14109 -2190266473825.85 11572392146169.8 -6400.03181517108 33168.0601969166 559269950.688311
1411581909.94564 -2193597633053.41 11589655821946.2 -6399.93932871911 33167.5715468107 559269950.688311
1412102404.75019 -2196928744213.27 11606919243761.7 -6399.84711498931 33167.0843517583 559269950.688311
1412622899.55474 -2200259807447.07 11624182412372 -6399.75517277326 33166.5986052488 559269950.688311
1413143394.35929 -2203590822895.83 11641445328529.3 -6399.66350086968 33166.1143008105 559269950.688311
1413663889.16385 -2206921790699.94 11658707992982.6 -6399.5720980844 33165.6314320104 559269950.688311
1414184383.9684 -2210252710999.14 11675970406477.4 -6399.48096323027 33165.1499924535 559269950.688311
1414704878.77295 -2213583583932.6 11693232569756 -6399.39009512714 33164.6699757832 559269950.688311
1415225373.5775 -2216914409638.85 11710494483557.3 -6399.2994926018 33164.1913756802 559269950.688311
1415745868.38206 -2220245188255.82 11727756148617.1 -6399.20915448791 33163.7141858631 559269950.688311
1416266363.18661 -2223575919920.83 11745017565667.7 -6399.11907962599 33163.2384000874 559269950.688311
1416786857.99116 -2226906604770.61 11762278735438.3 -6399.02926686334 33162.7640121455 559269950.688311
1417307352.79571 -2230237242941.27 11779539658655 -6398.93971505397 33162.2910158666 559269950.688311
1417827847.60027 -2233567834568.34 11796800336040.3 -6398.85042305861 33161.819405116 559269950.688311
1418348342.40482 -2236898379786.77 11814060768314 -6398.7613897446 33161.3491737953 559269950.688311
1418868837.20937 -2240228878730.89 11831320956192.4 -6398.6726139859 33160.8803158419 559269950.68831
1419389332.01392 -2243559331534.48 11848580900388.8 -6398.58409466299 33160.4128252286 559269950.68831
1419909826.81847 -2246889738330.71 11865840601613.3 -6398.49583066285 33159.9466959637 559269950.68831
1420430321.62303 -2250220099252.2 11883100060572.9 -6398.40782087889 33159.4819220904 559269950.68831
1420950816.42758 -2253550414430.97 11900359277971.6 -6398.32006421096 33159.0184976868 559269950.68831
1421471311.23213 -2256880683998.49 11917618254510.2 -6398.23255956523 33158.5564168654 559269950.68831
1421991806.03668 -2260210908085.65 11934876990886.6 -6398.14530585418 33158.0956737731 559269950.68831
1422512300.84124 -2263541086822.78 11952135487795.4 -6398.05830199658 33157.6362625907 559269950.68831
1423032795.64579 -2266871220339.64 11969393745928.5 -6397.97154691738 33157.1781775329 559269950.68831
1423553290.45034 -2270201308765.44 11986651765974.5 -6397.88503954773 33156.7214128479 559269950.68831
1424073785.25489 -2273531352228.84 12003909548619.3 -6397.79877882491 33156.2659628171 559269950.68831
1424594280.05945 -2276861350857.95 12021167094545.6 -6397.71276369226 33155.8118217552 559269950.68831
1425114774.864 -2280191304780.31 12038424404433.3 -6397.62699309918 33155.3589840093 559269950.68831
1425635269.66855 -2283521214122.94 12055681478959.2 -6397.54146600106 33154.9074439596 559269950.68831
1426155764.4731 -2286851079012.3 12072938318797.4 -6397.45618135925 33154.4571960182 559269950.68831
1426676259.27765 -2290180899574.32 12090194924619 -6397.37113814102 33154.0082346295 559269950.68831
1427196754.08221 -2293510675934.39 12107451297092.1 -6397.28633531949 33153.5605542698 559269950.68831
1427717248.88676 -2296840408217.38 12124707436882.1 -6397.20177187362 33153.1141494469 559269950.68831
1428237743.69131 -2300170096547.61 12141963344651.5 -6397.11744678817 33152.6690147002 559269950.68831
1428758238.49586 -2303499741048.89 12159219021059.9 -6397.03335905362 33152.2251446002 559269950.68831
1429278733.30042 -2306829341844.49 12176474466764.2 -6396.94950766618 33151.7825337484 559269950.68831
1429799228.10497 -2310158899057.17 12193729682418.4 -6396.8658916277 33151.3411767771 559269950.68831
1430319722.90952 -2313488412809.17 12210984668673.7 -6396.78250994569 33150.901068349 559269950.68831
1430840217.71407 -2316817883222.21 12228239426178.7 -6396.69936163321 33150.4622031572 559269950.68831
1431360712.51863 -2320147310417.51 12245493955579 -6396.61644570888 33150.024575925 559269950.68831
1431881207.32318 -2323476694515.77 12262748257517.6 -6396.53376119685 33149.5881814054 559269950.68831
1432401702.12773 -2326806035637.18 12280002332634.9 -6396.45130712669 33149.1530143813 559269950.68831
1432922196.93228 -2330135333901.45 12297256181568.3 -6396.36908253345 33148.7190696647 559269950.68831
1433442691.73684 -2333464589427.75 12314509804952.7 -6396.28708645755 33148.2863420973 559269950.688311
1433963186.54139 -2336793802334.78 12331763203420.3 -6396.20531794476 33147.8548265496 559269950.688311
1434483681.34594 -2340122972740.74 12349016377600.6 -6396.12377604617 33147.424517921 559269950.688311
1435004176.15049 -2343452100763.34 12366269328120.6 -6396.04245981815 33146.9954111395 559269950.688311
1435524670.95504 -2346781186519.79 12383522055604.3 -6395.96136832233 33146.5675011616 559269950.688311
1436045165.7596 -2350110230126.83 12400774560673.5 -6395.88050062553 33146.140782972 559269950.688311
1436565660.56415 -2353439231700.69 12418026843947.2 -6395.79985579975 33145.7152515836 559269950.688311
1437086155.3687 -2356768191357.13 12435278906041.8 -6395.71943292211 33145.2909020369 559269950.688311
1437606650.17325 -2360097109211.45 12452530747571.2 -6395.63923107484 33144.8677294002 559269950.688311
1438127144.97781 -2363425985378.45 12469782369146.6 -6395.55924934524 33144.4457287693 559269950.688311
1438647639.78236 -2366754819972.47 12487033771376.8 -6395.47948682564 33144.0248952672 559269950.688311
1439168134.58691 -2370083613107.35 12504284954868.1 -6395.39994261334 33143.605224044 559269950.688311
1439688629.39146 -2373412364896.51 12521535920224.1 -6395.32061581064 33143.1867102767 559269950.688311
1440209124.19602 -2376741075452.87 12538786668046.1 -6395.24150552474 33142.769349169 559269950.688311
1440729619.00057 -2380069744888.89 12556037198932.7 -6395.16261086773 33142.3531359511 559269950.688311
1441250113.80512 -2383398373316.57 12573287513480.2 -6395.08393095658 33141.9380658796 559269950.688311
1441770608.60967 -2386726960847.47 12590537612282.4 -6395.00546491306 33141.5241342372 559269950.688311
1442291103.41422 -2390055507592.67 12607787495930.5 -6394.92721186375 33141.1113363325 559269950.688311
1442811598.21878 -2393384013662.8 12625037165013.6 -6394.84917093999 33140.6996675002 559269950.688311
1443332093.02333 -2396712479168.06 12642286620117.9 -6394.77134127783 33140.2891231004 559269950.688311
1443852587.82788 -2400040904218.18 12659535861827.7 -6394.69372201805 33139.8796985185 559269950.688311
1444373082.63243 -2403369288922.44 12676784890724.6 -6394.61631230607 33139.4713891654 559269950.688311
1444893577.43699 -2406697633389.71 12694033707387.8 -6394.53911129192 33139.0641904771 559269950.688311
1445414072.24154 -2410025937728.37 12711282312394.2 -6394.46211813028 33138.6580979144 559269950.688311
1445934567.04609 -2413354202046.41 12728530706318.5 -6394.38533198037 33138.2531069629 559269950.688311
1446455061.85064 -2416682426451.34 12745778889732.8 -6394.30875200594 33137.8492131328 559269950.688311
1446975556.6552 -2420010611050.28 12763026863207 -6394.23237737528 33137.4464119588 559269950.688311
1447496051.45975 -2423338755949.87 12780274627308.7 -6394.15620726112 33137.0446989997 559269950.688311
1448016546.2643 -2426666861256.37 12797522182603.1 -6394.08024084067 33136.6440698385 559269950.688311
1448537041.06885 -2429994927075.57 12814769529653.3 -6394.00447729553 33136.244520082 559269950.688311
1449057535.8734 -2433322953512.85 12832016669019.8 -6393.9289158117 33135.846045361 559269950.688311
1449578030.67796 -2436650940673.19 12849263601261.1 -6393.85355557956 33135.4486413296 559269950.688311
1450098525.48251 -2439978888661.13 12866510326933.4 -6393.77839579377 33135.0523036655 559269950.688311
1450619020.28706 -2443306797580.77 12883756846590.6 -6393.70343565334 33134.6570280698 559269950.688311
1451139515.09161 -2446634667535.84 12901003160784.4 -6393.62867436152 33134.2628102666 559269950.688312
1451660009.89617 -2449962498629.61 12918249270064.2 -6393.55411112582 33133.8696460028 559269950.688311
1452180504.70072 -2453290290964.99 12935495174977.4 -6393.47974515795 33133.4775310485 559269950.688311
1452700999.50527 -2456618044644.43 12952740876068.9 -6393.40557567381 33133.0864611961 559269950.688311
1453221494.30982 -2459945759770.01 12969986373881.6 -6393.33160189348 33132.6964322608 559269950.688311
1453741989.11438 -2463273436443.38 12987231668956.3 -6393.25782304114 33132.30744008 559269950.688311
1454262483.91893 -2466601074765.81 13004476761831.6 -6393.18423834509 33131.9194805133 559269950.688311
1454782978.72348 -2469928674838.14 13021721653043.7 -6393.11084703772 33131.5325494424 559269950.688311
1455303473.52803 -2473256236760.85 13038966343127 -6393.03764835544 33131.1466427711 559269950.688311
1455823968.33258 -2476583760633.98 13056210832613.6 -6392.9646415387 33130.7617564246 559269950.688311
1456344463.13714 -2479911246557.22 13073455122033.4 -6392.89182583195 33130.3778863501 559269950.688311
1456864957.94169 -2483238694629.83 13090699211914.6 -6392.81920048361 33129.995028516 559269950.688311
1457385452.74624 -2486566104950.7 13107943102782.7 -6392.74676474603 33129.6131789122 559269950.688311
1457905947.55079 -2489893477618.33 13125186795161.7 -6392.67451787549 33129.2323335497 559269950.688311
1458426442.35535 -2493220812730.84 13142430289573.1 -6392.60245913217 33128.8524884607 559269950.688311
1458946937.1599 -2496548110385.94 13159673586536.6 -6392.5305877801 33128.4736396982 559269950.688311
1459467431.96445 -2499875370680.98 13176916686569.7 -6392.45890308717 33128.0957833359 559269950.688311
1459987926.769 -2503202593712.94 13194159590188 -6392.38740432506 33127.7189154685 559269950.688311
1460508421.57356 -2506529779578.39 13211402297904.9 -6392.31609076928 33127.3430322109 559269950.688311
1461028916.37811 -2509856928373.55 13228644810231.9 -6392.24496169907 33126.9681296983 559269950.688311
1461549411.18266 -2513184040194.25 13245887127678.5 -6392.17401639743 33126.5942040865 559269950.688311
1462069905.98721 -2516511115135.96 13263129250752.2 -6392.10325415109 33126.221251551 559269950.688311
1462590400.79176 -2519838153293.78 13280371179958.4 -6392.03267425045 33125.8492682876 559269950.688311
1463110895.59632 -2523165154762.43 13297612915800.7 -6391.9622759896 33125.4782505118 559269950.688311
1463631390.40087 -2526492119636.26 13314854458780.7 -6391.89205866627 33125.1081944589 559269950.688311
1464151885.20542 -2529819048009.29 13332095809397.8 -6391.82202158181 33124.7390963837 559269950.688311
1464672380.00997 -2533145939975.13 13349336968149.9 -6391.75216404118 33124.3709525605 559269950.688311
1465192874.81453 -2536472795627.05 13366577935532.5 -6391.6824853529 33124.0037592828 559269950.688311
1465713369.61908 -2539799615057.98 13383818712039.5 -6391.61298482905 33123.6375128636 559269950.688311
1466233864.42363 -2543126398360.47 13401059298162.8 -6391.54366178524 33123.2722096348 559269950.688311
1466754359.22818 -2546453145626.71 13418299694392.3 -6391.47451554061 33122.9078459473 559269950.688311
1467274854.03274 -2549779856948.56 13435539901216.1 -6391.40554541776 33122.5444181708 559269950.688311
1467795348.83729 -2553106532417.51 13452779919120.4 -6391.33675074275 33122.1819226937 559269950.688311
1468315843.64184 -2556433172124.69 13470019748589.6 -6391.26813084511 33121.8203559231 559269950.688311
1468836338.44639 -2559759776160.92 13487259390106.1 -6391.19968505775 33121.4597142845 559269950.688311
1469356833.25094 -2563086344616.64 13504498844150.5 -6391.13141271701 33121.0999942218 559269950.688311
1469877328.0555 -2566412877581.96 13521738111201.5 -6391.0633131626 33120.741192197 559269950.688311
1470397822.86005 -2569739375146.64 13538977191736 -6390.99538573756 33120.3833046906 559269950.688311
1470918317.6646 -2573065837400.1 13556216086229.3 -6390.9276297883 33120.0263282006 559269950.688311
1471438812.46915 -2576392264431.42 13573454795154.4 -6390.86004466451 33119.6702592433 559269950.688311
1471959307.27371 -2579718656329.36 13590693318983 -6390.79262971919 33119.3150943525 559269950.688311
1472479802.07826 -2583045013182.32 13607931658184.5 -6390.7253843086 33118.9608300798 559269950.688311
1473000296.88281 -2586371335078.37 13625169813227.1 -6390.65830779225 33118.6074629944 559269950.688311
1473520791.68736 -2589697622105.26 13642407784576.6 -6390.5913995329 33118.2549896829 559269950.688311
1474041286.49192 -2593023874350.4 13659645572697.5 -6390.52465889648 33117.9034067492 559269950.688311
1474561781.29647 -2596350091900.87 13676883178052.2 -6390.45808525214 33117.5527108143 559269950.688311
1475082276.10102 -2599676274843.42 13694120601101.7 -6390.39167797218 33117.2028985165 559269950.688311
1475602770.90557 -2603002423264.5 13711357842304.9 -6390.32543643206 33116.8539665111 559269950.688311
1476123265.71012 -2606328537250.19 13728594902119.2 -6390.25936001037 33116.5059114702 559269950.688311
1476643760.51468 -2609654616886.29 13745831781000.2 -6390.19344808879 33116.1587300827 559269950.688311
1477164255.31923 -2612980662258.25 13763068479401.7 -6390.12770005211 33115.8124190542 559269950.688311
1477684750.12378 -2616306673451.22 13780304997775.9 -6390.06211528818 33115.4669751069 559269950.688311
1478205244.92833 -2619632650550.02 13797541336573.3 -6389.99669318791 33115.1223949794 559269950.688311
1478725739.73289 -2622958593639.16 13814777496242.6 -6389.93143314523 33114.7786754268 559269950.688311
1479246234.53744 -2626284502802.83 13832013477231 -6389.86633455708 33114.4358132203 559269950.688311
1479766729.34199 -2629610378124.91 13849249279983.7 -6389.80139682343 33114.0938051474 559269950.68831
1480287224.14654 -2632936219688.97 13866484904944.7 -6389.73661934717 33113.7526480116 559269950.688311
1480807718.9511 -2636262027578.26 13883720352555.8 -6389.6720015342 33113.4123386324 559269950.688311
1481328213.75565 -2639587801875.75 13900955623257.7 -6389.60754279332 33113.072873845 559269950.688311
1481848708.5602 -2642913542664.06 13918190717489 -6389.54324253627 33112.7342505007 559269950.688311
1482369203.36475 -2646239250025.55 13935425635686.9 -6389.4791001777 33112.3964654662 559269950.688311
1482889698.16931 -2649564924042.23 13952660378287 -6389.41511513512 33112.0595156238 559269950.688311
1483410192.97386 -2652890564795.85 13969894945723.1 -6389.35128682894 33111.7233978713 559269950.68831
1483930687.77841 -2656216172367.83 13987129338427.6 -6389.28761468238 33111.3881091218 559269950.688311
1484451182.58296 -2659541746839.31 14004363556831 -6389.22409812153 33111.053646304 559269950.688311
1484971677.38751 -2662867288291.11 14021597601362.6 -6389.16073657527 33110.7200063613 559269950.688311
1485492172.19207 -2666192796803.78 14038831472449.9 -6389.09752947529 33110.3871862526 559269950.688311
1486012666.99662 -2669518272457.55 14056065170518.7 -6389.03447625605 33110.0551829516 559269950.68831
1486533161.80117 -2672843715332.37 14073298695993.4 -6388.97157635478 33109.7239934469 559269950.688311
1487053656.60572 -2676169125507.9 14090532049296.8 -6388.90882921145 33109.393614742 559269950.688311
1487574151.41028 -2679494503063.5 14107765230850.2 -6388.84623426878 33109.0640438551 559269950.688311
1488094646.21483 -2682819848078.25 14124998241073.3 -6388.78379097218 33108.735277819 559269950.68831
1488615141.01938 -2686145160630.93 14142231080384.2 -6388.72149876977 33108.4073136809 559269950.68831
1489135635.82393 -2689470440800.05 14159463749199.5 -6388.65935711233 33108.0801485029 559269950.68831
1489656130.62849 -2692795688663.82 14176696247934.3 -6388.59736545332 33107.7537793609 559269950.68831
1490176625.43304 -2696120904300.17 14193928577002.2 -6388.53552324886 33107.4282033456 559269950.68831
1490697120.23759 -2699446087786.75 14211160736815.2 -6388.47382995767 33107.1034175614 559269950.68831
1491217615.04214 -2702771239200.93 14228392727784 -6388.41228504112 33106.7794191273 559269950.688311
1491738109.84669 -2706096358619.8 14245624550317.5 -6388.35088796315 33106.4562051758 559269950.688311
1492258604.65125 -2709421446120.17 14262856204823.5 -6388.2896381903 33106.1337728538 559269950.688311
1492779099.4558 -2712746501778.57 14280087691707.8 -6388.22853519167 33105.8121193218 559269950.688311
1493299594.26035 -2716071525671.27 14297319011375.3 -6388.16757843893 33105.491241754 559269950.688311
1493820089.0649 -2719396517874.23 14314550164228.9 -6388.10676740627 33105.1711373386 559269950.688311
1494340583.86946 -2722721478463.18 14331781150670.5 -6388.04610157041 33104.851803277 559269950.688311
1494861078.67401 -2726046407513.54 14349011971100.3 -6387.98558041057 33104.5332367843 559269950.688311
1495381573.47856 -2729371305100.5 14366242625916.9 -6387.92520340847 33104.2154350892 559269950.688311
1495902068.28311 -2732696171298.95 14383473115517.9 -6387.86497004832 33103.8983954334 559269950.688311
1496422563.08767 -2736021006183.52 14400703440299.2 -6387.80487981676 33103.5821150722 559269950.688311
1496943057.89222 -2739345809828.57 14417933600655.1 -6387.74493220291 33103.2665912739 559269950.688311
1497463552.69677 -2742670582308.21 14435163596978.9 -6387.68512669829 33102.95182132 559269950.688311
1497984047.50132 -2745995323696.26 14452393429662.1 -6387.62546279689 33102.637802505 559269950.688311
1498504542.30587 -2749320034066.31 14469623099095.1 -6387.56593999504 33102.3245321363 559269950.688311
1499025037.11043 -2752644713491.66 14486852605666.7 -6387.50655779152 33102.0120075343 559269950.688311
1499545531.91498 -2755969362045.36 14504081949764.3 -6387.44731568744 33101.7002260321 559269950.688311
1500066026.71953 -2759293979800.21 14521311131774.1 -6387.38821318631 33101.3891849755 559269950.688311
1500586521.52408 -2762618566828.74 14538540152080.8 -6387.32924979395 33101.0788817231 559269950.688311
1501107016.32864 -2765943123203.23 14555769011067.7 -6387.27042501854 33100.769313646 559269950.688311
1501627511.13319 -2769267648995.69 14572997709116.8 -6387.21173837057 33100.4604781278 559269950.688311
1502148005.93774 -2772592144277.9 14590226246608.7 -6387.15318936285 33100.1523725644 559269950.688311
1502668500.74229 -2775916609121.37 14607454623922.6 -6387.09477751047 33099.8449943643 559269950.688311
1503188995.54685 -2779241043597.37 14624682841436.5 -6387.0365023308 33099.538340948 559269950.688311
1503709490.3514 -2782565447776.9 14641910899527 -6386.97836334347 33099.2324097485 559269950.688311
1504229985.15595 -2785889821730.73 14659138798569.2 -6386.92036007039 33098.9271982106 559269950.688311
1504750479.9605 -2789214165529.37 14676366538937.2 -6386.86249203567 33098.6227037914 559269950.688311
1505270974.76505 -2792538479243.1 14693594121003.5 -6386.80475876568 33098.31892396 559269950.688311
1505791469.56961 -2795862762941.93 14710821545139.4 -6386.74715978899 33098.0158561973 559269950.688311
1506311964.37416 -2799187016695.63 14728048811714.9 -6386.68969463637 33097.7134979961 559269950.688311
1506832459.17871 -2802511240573.75 14745275921098.6 -6386.63236284077 33097.411846861 559269950.688311
1507352953.98326 -2805835434645.58 14762502873658 -6386.57516393734 33097.1109003083 559269950.688311
1507873448.78782 -2809159598980.15 14779729669759.1 -6386.51809746336 33096.8106558658 559269950.688311
1508393943.59237 -2812483733646.29 14796956309766.6 -6386.46116295828 33096.5111110731 559269950.688311
1508914438.39692 -2815807838712.56 14814182794044.3 -6386.40435996369 33096.2122634812 559269950.688311
1509434933.20147 -2819131914247.29 14831409122954.2 -6386.3476880233 33095.9141106525 559269950.688311
1509955428.00603 -2822455960318.58 14848635296857.4 -6386.29114668291 33095.6166501609 559269950.688311
1510475922.81058 -2825779976994.28 14865861316113.6 -6386.23473549046 33095.3198795914 559269950.688311
1510996417.61513 -2829103964342.03 14883087181081.3 -6386.17845399595 33095.0237965404 559269950.688311
1511516912.41968 -2832427922429.2 14900312892117.7 -6386.12230175146 33094.7283986156 559269950.688311
1512037407.22423 -2835751851322.97 14917538449578.8 -6386.06627831115 33094.4336834354 559269950.688311
1512557902.02879 -2839075751090.25 14934763853819.4 -6386.01038323121 33094.1396486296 559269950.688311
1513078396.83334 -2842399621797.74 14951989105193 -6385.95461606988 33093.8462918388 559269950.688311
1513598891.63789 -2845723463511.91 14969214204051.7 -6385.89897638744 33093.5536107147 559269950.688311
1514119386.44244 -2849047276298.99 14986439150746.9 -6385.84346374617 33093.2616029197 559269950.688311
1514639881.247 -2852371060225 15003663945628.2 -6385.78807771036 33092.9702661269 559269950.688311
1515160376.05155 -2855694815355.72 15020888589044.3 -6385.73281784629 33092.6795980204 559269950.688311
1515680870.8561 -2859018541756.71 15038113081342.8 -6385.67768372224 33092.3895962948 559269950.688311
1516201365.66065 -2862342239493.3 15055337422869.7 -6385.62267490845 33092.1002586552 559269950.688311
1516721860.46521 -2865665908630.62 15072561613970.3 -6385.56779097711 33091.8115828176 559269950.688311
1517242355.26976 -2868989549233.54 15089785654988.3 -6385.51303150237 33091.523566508 559269950.688311
1517762850.07431 -2872313161366.73 15107009546266.5 -6385.45839606031 33091.2362074633 559269950.688311
1518283344.87886 -2875636745094.65 15124233288146.3 -6385.40388422896 33090.9495034304 559269950.688311
1518803839.68341 -2878960300481.52 15141456880968.2 -6385.34949558823 33090.6634521667 559269950.688311
1519324334.48797 -2882283827591.36 15158680325071.3 -6385.29522971996 33090.3780514398 559269950.688311
1519844829.29252 -2885607326487.95 15175903620793.6 -6385.24108620788 33090.0932990275 559269950.688311
1520365324.09707 -2888930797234.88 15193126768472 -6385.18706463759 33089.8091927176 559269950.688311
1520885818.90162 -2892254239895.51 15210349768442.2 -6385.13316459658 33089.5257303081 559269950.688311
1521406313.70618 -2895577654532.99 15227572621038.7 -6385.07938567419 33089.2429096071 559269950.68831
1521926808.51073 -2898901041210.25 15244795326595.1 -6385.02572746161 33088.9607284325 559269950.688311
1522447303.31528 -2902224399990.02 15262017885443.7 -6384.9721895519 33088.6791846122 559269950.688311
1522967798.11983 -2905547730934.8 15279240297915.5 -6384.9187715399 33088.3982759837 559269950.688311
1523488292.92439 -2908871034106.9 15296462564340.7 -6384.86547302232 33088.1180003947 559269950.688311
1524008787.72894 -2912194309568.4 15313684685048.2 -6384.81229359764 33087.8383557023 559269950.688311
1524529282.53349 -2915517557381.21 15330906660365.8 -6384.75923286617 33087.5593397734 559269950.688311
1525049777.33804 -2918840777606.98 15348128490620.3 -6384.70629043 33087.2809504845 559269950.688311
1525570272.1426 -2922163970307.18 15365350176137.1 -6384.65346589299 33087.0031857217 559269950.68831
1526090766.94715 -2925487135543.09 15382571717241 -6384.60075886078 33086.7260433807 559269950.688311
1526611261.7517 -2928810273375.75 15399793114255.2 -6384.54816894077 33086.4495213664 559269950.688311
1527131756.55625 -2932133383866.03 15417014367502.1 -6384.4956957421 33086.1736175934 559269950.688311
1527652251.3608 -2935456467074.58 15434235477303.1 -6384.44333887568 33085.8983299855 559269950.688311
1528172746.16536 -2938779523061.84 15451456443978.1 -6384.39109795411 33085.6236564757 559269950.68831
1528693240.96991 -2942102551888.06 15468677267846.4 -6384.33897259174 33085.3495950065 559269950.68831
1529213735.77446 -2945425553613.29 15485897949225.9 -6384.28696240461 33085.0761435294 559269950.688311
1529734230.57901 -2948748528297.38 15503118488433.7 -6384.23506701049 33084.8033000053 559269950.68831
1530254725.38357 -2952071475999.97 15520338885785.6 -6384.18328602883 33084.5310624038 559269950.68831
1530775220.18812 -2955394396780.53 15537559141596.5 -6384.13161908074 33084.2594287038 559269950.68831
1531295714.99267 -2958717290698.31 15554779256180.2 -6384.08006578904 33083.9883968933 559269950.68831
1531816209.79722 -2962040157812.37 15571999229849.5 -6384.02862577819 33083.7179649691 559269950.68831
1532336704.60178 -2965362998181.56 15589219062916 -6383.97729867433 33083.4481309367 559269950.68831
1532857199.40633 -2968685811864.57 15606438755690.5 -6383.92608410521 33083.1788928108 559269950.68831
1533377694.21088 -2972008598919.86 15623658308482.6 -6383.87498170026 33082.9102486148 559269950.68831
1533898189.01543 -2975331359405.74 15640877721601 -6383.8239910905 33082.6421963807 559269950.68831
1534418683.81998 -2978654093380.27 15658096995353.2 -6383.77311190859 33082.3747341492 559269950.68831
1534939178.62454 -2981976800901.38 15675316130045.8 -6383.72234378881 33082.10785997 559269950.68831
1535459673.42909 -2985299482026.77 15692535125984.3 -6383.67168636701 33081.8415719009 559269950.688311
1535980168.23364 -2988622136813.97 15709753983473.5 -6383.62113928066 33081.5758680087 559269950.688311
1536500663.03819 -2991944765320.3 15726972702816.8 -6383.57070216881 33081.3107463684 559269950.68831
1537021157.84275 -2995267367602.93 15744191284316.7 -6383.52037467207 33081.0462050636 559269950.68831
1537541652.6473 -2998589943718.8 15761409728274.9 -6383.47015643264 33080.7822421864 559269950.68831
1538062147.45185 -3001912493724.69 15778628034991.9 -6383.42004709426 33080.518855837 559269950.68831
1538582642.2564 -3005235017677.21 15795846204767.3 -6383.37004630223 33080.2560441242 559269950.68831
1539103137.06096 -3008557515632.73 15813064237899.7 -6383.32015370338 33079.9938051648 559269950.68831
1539623631.86551 -3011879987647.51 15830282134686.8 -6383.27036894609 33079.7321370843 559269950.68831
1540144126.67006 -3015202433777.56 15847499895425.1 -6383.22069168025 33079.4710380158 559269950.68831
1540664621.47461 -3018524854078.76 15864717520410.4 -6383.17112155728 33079.210506101 559269950.68831
1541185116.27916 -3021847248606.77 15881935009937.4 -6383.12165823009 33078.9505394895 559269950.68831
1541705611.08372 -3025169617417.09 15899152364299.8 -6383.07230135311 33078.691136339 559269950.68831
1542226105.88827 -3028491960565.05 15916369583790.5 -6383.02305058225 33078.4322948151 559269950.68831
1542746600.69282 -3031814278105.77 15933586668701.3 -6382.9739055749 33078.1740130916 559269950.68831
1543267095.49737 -3035136570094.23 15950803619323.1 -6382.92486598995 33077.91628935 559269950.68831
1543787590.30193 -3038458836585.19 15968020435945.9 -6382.87593148772 33077.6591217798 559269950.68831
1544308085.10648 -3041781077633.28 15985237118858.6 -6382.82710173002 33077.4025085783 559269950.68831
1544828579.91103 -3045103293292.92 16002453668349.3 -6382.77837638011 33077.1464479505 559269950.68831
1545349074.71558 -3048425483618.36 16019670084705.3 -6382.72975510268 33076.8909381095 559269950.688311
1545869569.52014 -3051747648663.7 16036886368212.6 -6382.68123756387 33076.6359772757 559269950.68831
1546390064.32469 -3055069788482.83 16054102519156.7 -6382.63282343124 33076.3815636773 559269950.688311
1546910559.12924 -3058391903129.5 16071318537821.8 -6382.58451237377 33076.1276955503 559269950.688311
1547431053.93379 -3061713992657.27 16088534424491.5 -6382.53630406186 33075.8743711381 559269950.688311
1547951548.73834 -3065036057119.53 16105750179448.3 -6382.48819816733 33075.6215886917 559269950.688311
1548472043.5429 -3068358096569.51 16122965802973.7 -6382.44019436336 33075.3693464697 559269950.688311
1548992538.34745 -3071680111060.25 16140181295348.7 -6382.39229232456 33075.1176427379 559269950.688311
1549513033.152 -3075002100644.65 16157396656852.9 -6382.34449172691 33074.8664757698 559269950.688311
1550033527.95655 -3078324065375.41 16174611887765.3 -6382.29679224777 33074.6158438462 559269950.688311
1550554022.76111 -3081646005305.08 16191826988364 -6382.24919356584 33074.3657452553 559269950.688311
1551074517.56566 -3084967920486.06 16209041958926 -6382.20169536124 33074.1161782924 559269950.688311
1551595012.37021 -3088289810970.54 16226256799727.8 -6382.15429731538 33073.8671412603 559269950.688311
1552115507.17476 -3091611676810.59 16243471511044.6 -6382.10699911107 33073.6186324689 559269950.688311
1552636001.97932 -3094933518058.08 16260686093151.1 -6382.05980043243 33073.3706502354 559269950.688311
1553156496.78387 -3098255334764.73 16277900546320.7 -6382.01270096493 33073.123192884 559269950.688311
1553676991.58842 -3101577126982.11 16295114870826.3 -6381.96570039535 33072.8762587462 559269950.688311
1554197486.39297 -3104898894761.61 16312329066939.7 -6381.9187984118 33072.6298461604 559269950.68831
1554717981.19752 -3108220638154.46 16329543134932.1 -6381.8719947037 33072.3839534722 559269950.68831
1555238476.00208 -3111542357211.73 16346757075073.5 -6381.82528896179 33072.1385790341 559269950.68831
1555758970.80663 -3114864051984.33 16363970887633.3 -6381.77868087807 33071.8937212056 559269950.68831
1556279465.61118 -3118185722523.02 16381184572880 -6381.73217014588 33071.649378353 559269950.68831
1556799960.41573 -3121507368878.38 16398398131081.2 -6381.68575645981 33071.4055488497 559269950.68831
1557320455.22029 -3124828991100.85 16415611562503.6 -6381.63943951574 33071.162231076 559269950.68831
1557840950.02484 -3128150589240.7 16432824867413.3 -6381.59321901082 33070.9194234186 559269950.68831
1558361444.82939 -3131472163348.05 16450038046075.2 -6381.54709464347 33070.6771242715 559269950.68831
1558881939.63394 -3134793713472.86 16467251098753.6 -6381.50106611336 33070.4353320351 559269950.688311
1559402434.4385 -3138115239664.94 16484464025712.1 -6381.45513312142 33070.1940451167 559269950.688311
1559922929.24305 -3141436741973.93 16501676827213.1 -6381.40929536982 33069.9532619302 559269950.688311
1560443424.0476 -3144758220449.33 16518889503518.4 -6381.36355256198 33069.712980896 559269950.68831
1560963918.85215 -3148079675140.48 16536102054889.1 -6381.31790440252 33069.4732004415 559269950.68831
1561484413.6567 -3151401106096.57 16553314481585.2 -6381.27235059733 33069.2339190003 559269950.68831
1562004908.46126 -3154722513366.64 16570526783866.1 -6381.22689085349 33068.9951350126 559269950.68831
1562525403.26581 -3158043896999.56 16587738961990.3 -6381.1815248793 33068.7568469253 559269950.68831
1563045898.07036 -3161365257044.07 16604951016215.5 -6381.13625238427 33068.5190531916 559269950.68831
1563566392.87491 -3164686593548.74 16622162946798.7 -6381.09107307911 33068.2817522712 559269950.68831
1564086887.67947 -3168007906562.01 16639374753995.8 -6381.04598667572 33068.0449426301 559269950.68831
1564607382.48402 -3171329196132.16 16656586438062.3 -6381.0009928872 33067.8086227408 559269950.68831
1565127877.28857 -3174650462307.31 16673797999252.6 -6380.95609142781 33067.5727910822 559269950.68831
1565648372.09312 -3177971705135.45 16691009437820.6 -6380.91128201301 33067.3374461393 559269950.68831
1566168866.89768 -3181292924664.42 16708220754019 -6380.86656435941 33067.1025864034 559269950.68831
1566689361.70223 -3184614120941.9 16725431948100.1 -6380.82193818481 33066.8682103722 559269950.68831
1567209856.50678 -3187935294015.44 16742643020315.3 -6380.77740320815 33066.6343165495 559269950.68831
1567730351.31133 -3191256443932.43 16759853970915.1 -6380.73295914951 33066.4009034452 559269950.68831
1568250846.11589 -3194577570740.11 16777064800149.4 -6380.68860573014 33066.1679695756 559269950.68831
1568771340.92044 -3197898674485.6 16794275508267.2 -6380.64434267242 33065.9355134628 559269950.68831
1569291835.72499 -3201219755215.85 16811486095516.9 -6380.60016969986 33065.7035336352 559269950.68831
1569812330.52954 -3204540812977.69 16828696562145.9 -6380.55608653712 33065.4720286271 559269950.68831
1570332825.33409 -3207861847817.78 16845906908400.9 -6380.51209290994 33065.2409969789 559269950.68831
1570853320.13865 -3211182859782.66 16863117134528.1 -6380.46818854523 33065.0104372371 559269950.68831
1571373814.9432 -3214503848918.72 16880327240772.7 -6380.42437317098 33064.7803479539 559269950.68831
1571894309.74775 -3217824815272.2 16897537227379 -6380.38064651629 33064.5507276875 559269950.68831
1572414804.5523 -3221145758889.22 16914747094591 -6380.33700831135 33064.3215750022 559269950.68831
1572935299.35686 -3224466679815.74 16931956842651.6 -6380.29345828747 33064.092888468 559269950.68831
1573455794.16141 -3227787578097.58 16949166471803 -6380.24999617703 33063.8646666606 559269950.68831
1573976288.96596 -3231108453780.45 16966375982286.8 -6380.2066217135 33063.6369081618 559269950.688311
1574496783.77051 -3234429306909.89 16983585374343.7 -6380.16333463143 33063.4096115589 559269950.688311
1575017278.57507 -3237750137531.31 17000794648213.9 -6380.12013466644 33063.1827754453 559269950.688311
1575537773.37962 -3241070945689.98 17018003804136.5 -6380.07702155522 33062.9563984196 559269950.688311
1576058268.18417 -3244391731431.05 17035212842350.3 -6380.03399503551 33062.7304790866 559269950.688311
1576578762.98872 -3247712494799.52 17052421763093 -6379.99105484612 33062.5050160565 559269950.688311
1577099257.79327 -3251033235840.26 17069630566601.9 -6379.94820072691 33062.2800079451 559269950.688311
1577619752.59783 -3254353954597.99 17086839253113.3 -6379.90543241877 33062.055453374 559269950.688311
1578140247.40238 -3257674651117.32 17104047822863 -6379.86274966366 33061.8313509701 559269950.688311
1578660742.20693 -3260995325442.71 17121256276085.8 -6379.82015220456 33061.607699366 559269950.688311
1579181237.01148 -3264315977618.48 17138464613016.3 -6379.77763978546 33061.3844971999 559269950.688311
1579701731.81604 -3267636607688.83 17155672833887.8 -6379.73521215141 33061.1617431153 559269950.688311
1580222226.62059 -3270957215697.83 17172880938933.3 -6379.69286904845 33060.9394357614 559269950.688311
1580742721.42514 -3274277801689.41 17190088928384.9 -6379.65061022367 33060.7175737925 559269950.688311
1581263216.22969 -3277598365707.37 17207296802474.2 -6379.60843542513 33060.4961558687 559269950.688311
1581783711.03425 -3280918907795.37 17224504561431.8 -6379.56634440191 33060.2751806551 559269950.688311
1582304205.8388 -3284239427996.97 17241712205487.9 -6379.52433690411 33060.0546468224 559269950.688311
1582824700.64335 -3287559926355.57 17258919734871.9 -6379.4824126828 33059.8345530467 559269950.688311
1583345195.4479 -3290880402914.44 17276127149812.5 -6379.44057149004 33059.614898009 559269950.688311
1583865690.25245 -3294200857716.75 17293334450537.6 -6379.3988130789 33059.395680396 559269950.688311
1584386185.05701 -3297521290805.51 17310541637274.7 -6379.35713720339 33059.1768988994 559269950.688311
1584906679.86156 -3300841702223.62 17327748710250.4 -6379.31554361853 33058.9585522163 559269950.688311
1585427174.66611 -3304162092013.85 17344955669690.6 -6379.27403208029 33058.7406390488 559269950.688311
1585947669.47066 -3307482460218.84 17362162515820.7 -6379.23260234562 33058.5231581043 559269950.688311
1586468164.27522 -3310802806881.1 17379369248865.3 -6379.19125417242 33058.3061080952 559269950.688311
1586988659.07977 -3314123132043.03 17396575869048.4 -6379.14998731955 33058.0894877392 559269950.688311
1587509153.88432 -3317443435746.89 17413782376593.2 -6379.10880154682 33057.8732957591 559269950.688311
1588029648.68887 -3320763718034.82 17430988771722.4 -6379.06769661499 33057.6575308825 559269950.688311
1588550143.49343 -3324083978948.82 17448195054658.1 -6379.02667228576 33057.4421918423 559269950.688311
1589070638.29798 -3327404218530.81 17465401225621.4 -6378.98572832175 33057.2272773764 559269950.688311
1589591133.10253 -3330724436822.53 17482607284833.1 -6378.94486448655 33057.0127862275 559269950.688311
1590111627.90708 -3334044633865.65 17499813232513.1 -6378.90408054465 33056.7987171434 559269950.688311
1590632122.71163 -3337364809701.68 17517019068880.9 -6378.86337626146 33056.5850688769 559269950.688311
1591152617.51619 -3340684964372.02 17534224794155.1 -6378.82275140334 33056.3718401857 559269950.688311
1591673112.32074 -3344005097917.95 17551430408553.8 -6378.78220573752 33056.1590298322 559269950.688311
1592193607.12529 -3347325210380.63 17568635912294.4 -6378.74173903218 33055.9466365838 559269950.688311
1592714101.92984 -3350645301801.1 17585841305593.7 -6378.70135105638 33055.7346592129 559269950.688311
1593234596.7344 -3353965372220.28 17603046588667.9 -6378.6610415801 33055.5230964966 559269950.688311
1593755091.53895 -3357285421678.96 17620251761732.4 -6378.62081037419 33055.3119472166 559269950.688311
1594275586.3435 -3360605450217.83 17637456825002.2 -6378.58065721043 33055.1012101597 559269950.688311
1594796081.14805 -3363925457877.45 17654661778691.4 -6378.54058186145 33054.8908841172 559269950.688311
1595316575.95261 -3367245444698.26 17671866623013.7 -6378.50058410079 33054.6809678853 559269950.688311
1595837070.75716 -3370565410720.59 17689071358182.1 -6378.46066370285 33054.4714602647 559269950.688311
1596357565.56171 -3373885355984.64 17706275984409 -6378.42082044293 33054.2623600612 559269950.688311
1596878060.36626 -3377205280530.51 17723480501906 -6378.38105409718 33054.0536660847 559269950.688311
1597398555.17081 -3380525184398.17 17740684910884.4 -6378.34136444262 33053.8453771501 559269950.688311
1597919049.97537 -3383845067627.48 17757889211554.7 -6378.30175125714 33053.6374920769 559269950.688311
1598439544.77992 -3387164930258.19 17775093404126.6 -6378.26221431948 33053.430009689 559269950.688311
1598960039.58447 -3390484772329.92 17792297488809.7 -6378.22275340923 33053.222928815 559269950.688311
1599480534.38902 -3393804593882.2 17809501465812.4 -6378.18336830685 33053.0162482881 559269950.688311
1600001029.19358 -3397124394954.41 17826705335342.9 -6378.14405879363 33052.8099669459 559269950.688311
1600521523.99813 -3400444175585.85 17843909097608.8 -6378.1048246517 33052.6040836306 559269950.688311
1601042018.80268 -3403763935815.69 17861112752816.7 -6378.06566566404 33052.3985971888 559269950.688311
1601562513.60723 -3407083675682.99 17878316301173.1 -6378.02658161446 33052.1935064716 559269950.688311
1602083008.41179 -3410403395226.71 17895519742883.5 -6377.98757228758 33051.9888103345 559269950.688311
1602603503.21634 -3413723094485.67 17912723078153.1 -6377.94863746888 33051.7845076375 559269950.688311
1603123998.02089 -3417042773498.6 17929926307186.4 -6377.90977694463 33051.580597245 559269950.688311
1603644492.82544 -3420362432304.13 17947129430187.2 -6377.87099050194 33051.3770780256 559269950.688311
1604164987.62999 -3423682070940.74 17964332447358.9 -6377.83227792872 33051.1739488524 559269950.688311
1604685482.43455 -3427001689446.84 17981535358904.1 -6377.79363901371 33050.9712086028 559269950.688311
1605205977.2391 -3430321287860.71 17998738165025.1 -6377.75507354643 33050.7688561586 559269950.688311
1605726472.04365 -3433640866220.52 18015940865923.4 -6377.71658131721 33050.5668904057 559269950.688311
1606246966.8482 -3436960424564.34 18033143461799.9 -6377.67816211719 33050.3653102344 559269950.688311
1606767461.65276 -3440279962930.13 18050345952855.2 -6377.6398157383 33050.1641145392 559269950.688311
1607287956.45731 -3443599481355.73 18067548339288.9 -6377.60154197326 33049.9633022189 559269950.688311
1607808451.26186 -3446918979878.9 18084750621300.4 -6377.56334061556 33049.7628721764 559269950.68831
1608328946.06641 -3450238458537.25 18101952799088.3 -6377.52521145951 33049.5628233189 559269950.688311
1608849440.87097 -3453557917368.32 18119154872850.8 -6377.48715430017 33049.3631545577 559269950.688311
1609369935.67552 -3456877356409.53 18136356842785.5 -6377.44916893338 33049.1638648082 559269950.688311
1609890430.48007 -3460196775698.19 18153558709089.3 -6377.41125515577 33048.9649529901 559269950.688311
1610410925.28462 -3463516175271.52 18170760471958.6 -6377.37341276471 33048.766418027 559269950.688311
1610931420.08917 -3466835555166.61 18187962131589.3 -6377.33564155836 33048.5682588467 559269950.688311
1611451914.89373 -3470154915420.46 18205163688176.8 -6377.29794133563 33048.3704743811 559269950.688311
1611972409.69828 -3473474256069.98 18222365141915.8 -6377.26031189619 33048.1730635661 559269950.688311
1612492904.50283 -3476793577151.95 18239566493000.5 -6377.22275304047 33047.9760253417 559269950.688311
1613013399.30738 -3480112878703.05 18256767741624.6 -6377.18526456964 33047.7793586517 559269950.688311
1613533894.11194 -3483432160759.88 18273968887981.2 -6377.14784628562 33047.5830624442 559269950.688311
1614054388.91649 -3486751423358.9 18291169932262.7 -6377.11049799109 33047.387135671 559269950.688311
1614574883.72104 -3490070666536.5 18308370874661.4 -6377.07321948944 33047.191577288 559269950.688311
1615095378.52559 -3493389890328.96 18325571715368.5 -6377.03601058482 33046.9963862551 559269950.688311
1615615873.33015 -3496709094772.45 18342772454575.1 -6376.99887108211 33046.801561536 559269950.688311
1616136368.1347 -3500028279903.04 18359973092471.6 -6376.96180078691 33046.6071020983 559269950.688311
1616656862.93925 -3503347445756.7 18377173629247.7 -6376.92479950556 33046.4130069135 559269950.688311
1617177357.7438 -3506666592369.3 18394374065093 -6376.88786704511 33046.219274957 559269950.688311
1617697852.54836 -3509985719776.62 18411574400196 -6376.85100321333 33046.0259052081 559269950.688311
1618218347.35291 -3513304828014.33 18428774634745.1 -6376.81420781872 33045.8328966497 559269950.688311
1618738842.15746 -3516623917117.99 18445974768928.1 -6376.77748067049 33045.6402482687 559269950.688311
1619259336.96201 -3519942987123.09 18463174802932.1 -6376.74082157855 33045.4479590558 559269950.688311
1619779831.76656 -3523262038064.98 18480374736943.8 -6376.70423035351 33045.2560280055 559269950.688311
1620300326.57112 -3526581069978.96 18497574571149.4 -6376.6677068067 33045.0644541158 559269950.688311
1620820821.37567 -3529900082900.19 18514774305734.5 -6376.63125075016 33044.8732363887 559269950.688311
1621341316.18022 -3533219076863.76 18531973940884.3 -6376.59486199658 33044.6823738299 559269950.688311
1621861810.98477 -3536538051904.64 18549173476783.3 -6376.5585403594 33044.4918654486 559269950.688311
1622382305.78933 -3539857008057.73 18566372913615.6 -6376.52228565271 33044.301710258 559269950.688311
1622902800.59388 -3543175945357.81 18583572251564.9 -6376.4860976913 33044.1119072747 559269950.688311
1623423295.39843 -3546494863839.57 18600771490814.1 -6376.44997629065 33043.9224555191 559269950.688311
1623943790.20298 -3549813763537.62 18617970631545.9 -6376.41392126692 33043.7333540151 559269950.688311
1624464285.00754 -3553132644486.44 18635169673942.3 -6376.37793243693 33043.5446017904 559269950.688311
1624984779.81209 -3556451506720.46 18652368618184.8 -6376.34200961819 33043.3561978761 559269950.68831
1625505274.61664 -3559770350273.97 18669567464454.5 -6376.30615262888 33043.1681413072 559269950.68831
1626025769.42119 -3563089175181.2 18686766212931.9 -6376.27036128785 33042.9804311218 559269950.68831
1626546264.22574 -3566407981476.27 18703964863797 -6376.23463541461 33042.793066362 559269950.68831
1627066759.0303 -3569726769193.21 18721163417229.5 -6376.19897482932 33042.6060460732 559269950.688311
1627587253.83485 -3573045538365.95 18738361873408.3 -6376.16337935283 33042.4193693043 559269950.68831
1628107748.6394 -3576364289028.33 18755560232512.1 -6376.12784880662 33042.2330351078 559269950.68831
1628628243.44395 -3579683021214.11 18772758494718.8 -6376.09238301283 33042.0470425397 559269950.68831
1629148738.24851 -3583001734956.94 18789956660206 -6376.05698179426 33041.8613906595 559269950.68831
1629669233.05306 -3586320430290.39 18807154729150.8 -6376.02164497433 33041.6760785299 559269950.68831
1630189727.85761 -3589639107247.93 18824352701729.9 -6375.98637237714 33041.4911052173 559269950.68831
1630710222.66216 -3592957765862.94 18841550578119.3 -6375.95116382741 33041.3064697915 559269950.68831
1631230717.46672 -3596276406168.71 18858748358494.7 -6375.91601915049 33041.1221713255 559269950.68831
1631751212.27127 -3599595028198.45 18875946043031.1 -6375.88093817239 33040.9382088961 559269950.68831
1632271707.07582 -3602913631985.26 18893143631903.3 -6375.84592071973 33040.754581583 559269950.68831
1632792201.88037 -3606232217562.16 18910341125285.5 -6375.81096661978 33040.5712884695 559269950.68831
1633312696.68492 -3609550784962.08 18927538523351.3 -6375.77607570042 33040.3883286423 559269950.68831
1633833191.48948 -3612869334217.87 18944735826274 -6375.74124779015 33040.2057011914 559269950.68831
1634353686.29403 -3616187865362.27 18961933034226.4 -6375.70648271811 33040.02340521 559269950.68831
1634874181.09858 -3619506378427.95 18979130147380.8 -6375.67178031405 33039.8414397947 559269950.68831
1635394675.90313 -3622824873447.49 18996327165908.9 -6375.63714040832 33039.6598040453 559269950.68831
1635915170.70769 -3626143350453.35 19013524089982.2 -6375.60256283192 33039.4784970649 559269950.68831
1636435665.51224 -3629461809477.96 19030720919771.5 -6375.56804741641 33039.29751796 559269950.68831
1636956160.31679 -3632780250553.61 19047917655447.2 -6375.533593994 33039.1168658402 559269950.68831
1637476655.12134 -3636098673712.53 19065114297179.4 -6375.49920239749 33038.9365398184 559269950.68831
1637997149.9259 -3639417078986.85 19082310845137.5 -6375.46487246027 33038.7565390105 559269950.68831
1638517644.73045 -3642735466408.64 19099507299490.5 -6375.43060401634 33038.5768625358 559269950.68831
1639038139.535 -3646053836009.84 19116703660407.1 -6375.3963969003 33038.3975095168 559269950.68831
1639558634.33955 -3649372187822.35 19133899928055.3 -6375.36225094733 33038.2184790791 559269950.68831
1640079129.1441 -3652690521877.94 19151096102602.9 -6375.32816599322 33038.0397703515 559269950.68831
1640599623.94866 -3656008838208.33 19168292184217.1 -6375.29414187432 33037.8613824657 559269950.68831
1641120118.75321 -3659327136845.14 19185488173064.6 -6375.2601784276 33037.683314557 559269950.68831
1641640613.55776 -3662645417819.91 19202684069311.8 -6375.22627549059 33037.5055657634 559269950.68831
1642161108.36231 -3665963681164.09 19219879873124.5 -6375.1924329014 33037.3281352261 559269950.68831
1642681603.16687 -3669281926909.04 19237075584668.2 -6375.15865049873 33037.1510220894 559269950.68831
1643202097.97142 -3672600155086.06 19254271204107.9 -6375.12492812186 33036.9742255008 559269950.68831
1643722592.77597 -3675918365726.35 19271466731608 -6375.09126561061 33036.7977446107 559269950.68831
1644243087.58052 -3679236558861.01 19288662167332.7 -6375.0576628054 33036.6215785726 559269950.68831
1644763582.38508 -3682554734521.1 19305857511445.7 -6375.02411954722 33036.4457265429 559269950.68831
1645284077.18963 -3685872892737.56 19323052764110.1 -6374.9906356776 33036.2701876812 559269950.68831
1645804571.99418 -3689191033541.25 19340247925488.8 -6374.95721103866 33036.0949611501 559269950.68831
1646325066.79873 -3692509156962.98 19357442995744.1 -6374.92384547306 33035.9200461149 559269950.68831
1646845561.60328 -3695827263033.44 19374637975037.9 -6374.89053882402 33035.7454417444 559269950.68831
1647366056.40784 -3699145351783.27 19391832863531.7 -6374.85729093534 33035.5711472098 559269950.68831
1647886551.21239 -3702463423243 19409027661386.6 -6374.82410165132 33035.3971616855 559269950.68831
1648407046.01694 -3705781477443.1 19426222368763.2 -6374.79097081687 33035.223484349 559269950.68831
1648927540.82149 -3709099514413.95 19443416985821.6 -6374.75789827741 33035.0501143805 559269950.68831
1649448035.62605 -3712417534185.85 19460611512721.7 -6374.72488387892 33034.8770509631 559269950.68831
1649968530.4306 -3715735536789.02 19477805949622.7 -6374.69192746791 33034.7042932829 559269950.68831
1650489025.23515 -3719053522253.62 19495000296683.7 -6374.65902889144 33034.5318405288 559269950.68831
1651009520.0397 -3722371490609.69 19512194554063.1 -6374.62618799712 33034.3596918927 559269950.68831
1651530014.84426 -3725689441887.23 19529388721919 -6374.59340463307 33034.1878465692 559269950.68831
1652050509.64881 -3729007376116.13 19546582800409.1 -6374.56067864797 33034.0163037558 559269950.68831
1652571004.45336 -3732325293326.24 19563776789690.6 -6374.528009891 33033.8450626529 559269950.68831
1653091499.25791 -3735643193547.28 19580970689920.3 -6374.49539821189 33033.6741224637 559269950.68831
1653611994.06246 -3738961076808.94 19598164501254.7 -6374.46284346091 33033.5034823941 559269950.68831
1654132488.86702 -3742278943140.8 19615358223849.7 -6374.43034548881 33033.3331416529 559269950.68831
1654652983.67157 -3745596792572.37 19632551857861 -6374.39790414692 33033.1630994517 559269950.68831
1655173478.47612 -3748914625133.11 19649745403443.7 -6374.36551928703 33032.9933550048 559269950.68831
1655693973.28067 -3752232440852.36 19666938860752.7 -6374.33319076149 33032.8239075292 559269950.68831
1656214468.08523 -3755550239759.41 19684132229942.2 -6374.30091842314 33032.6547562448 559269950.68831
1656734962.88978 -3758868021883.46 19701325511166.3 -6374.26870212536 33032.4859003742 559269950.68831
1657255457.69433 -3762185787253.66 19718518704578.5 -6374.23654172201 33032.3173391427 559269950.68831
1657775952.49888 -3765503535899.04 19735711810332 -6374.20443706748 33032.1490717782 559269950.68831
1658296447.30344 -3768821267848.6 19752904828579.5 -6374.17238801665 33031.9810975114 559269950.68831
1658816942.10799 -3772138983131.23 19770097759473.4 -6374.14039442492 33031.8134155758 559269950.68831
1659337436.91254 -3775456681775.77 19787290603165.6 -6374.10845614819 33031.6460252073 559269950.68831
1659857931.71709 -3778774363810.96 19804483359807.7 -6374.07657304283 33031.4789256448 559269950.68831
1660378426.52165 -3782092029265.49 19821676029550.8 -6374.04474496575 33031.3121161295 559269950.68831
1660898921.3262 -3785409678167.96 19838868612545.8 -6374.01297177434 33031.1455959055 559269950.68831
1661419416.13075 -3788727310546.9 19856061108943.1 -6373.98125332646 33030.9793642195 559269950.68831
1661939910.9353 -3792044926430.77 19873253518892.5 -6373.9495894805 33030.8134203206 559269950.68831
1662460405.73985 -3795362525847.95 19890445842543.7 -6373.9179800953 33030.6477634608 559269950.68831
1662980900.54441 -3798680108826.76 19907638080045.9 -6373.88642503022 33030.4823928946 559269950.68831
1663501395.34896 -3801997675395.42 19924830231547.9 -6373.85492414509 33030.3173078788 559269950.68831
1664021890.15351 -3805315225582.11 19942022297198.2 -6373.82347730022 33030.1525076733 559269950.68831
1664542384.95806 -3808632759414.91 19959214277144.8 -6373.79208435639 33029.9879915401 559269950.68831
1665062879.76262 -3811950276921.84 19976406171535.4 -6373.7607451749 33029.823758744 559269950.68831
1665583374.56717 -3815267778130.85 19993597980517.3 -6373.72945961747 33029.6598085522 559269950.68831
1666103869.37172 -3818585263069.82 20010789704237.3 -6373.69822754634 33029.4961402346 559269950.68831
1666624364.17627 -3821902731766.55 20027981342842 -6373.66704882419 33029.3327530634 559269950.68831
1667144858.98083 -3825220184248.77 20045172896477.5 -6373.6359233142 33029.1696463134 559269950.68831
1667665353.78538 -3828537620544.15 20062364365289.7 -6373.60485088 33029.0068192621 559269950.68831
1668185848.58993 -3831855040680.26 20079555749423.8 -6373.57383138568 33028.8442711891 559269950.68831
1668706343.39448 -3835172444684.64 20096747049025 -6373.54286469582 33028.6820013767 559269950.68831
1669226838.19903 -3838489832584.73 20113938264237.8 -6373.51195067542 33028.5200091098 559269950.68831
1669747333.00359 -3841807204407.91 20131129395206.6 -6373.48108918999 33028.3582936753 559269950.68831
1670267827.80814 -3845124560181.49 20148320442075.2 -6373.45028010547 33028.1968543631 559269950.68831
1670788322.61269 -3848441899932.71 20165511404987.2 -6373.41952328825 33028.0356904651 559269950.68831
1671308817.41724 -3851759223688.74 20182702284085.8 -6373.38881860519 33027.8748012759 559269950.68831
1671829312.2218 -3855076531476.69 20199893079513.7 -6373.3581659236 33027.7141860923 559269950.68831
1672349807.02635 -3858393823323.57 20217083791413.4 -6373.32756511124 33027.5538442136 559269950.68831
1672870301.8309 -3861711099256.36 20234274419927 -6373.29701603631 33027.3937749415 559269950.68831
1673390796.63545 -3865028359301.95 20251464965196.1 -6373.26651856747 33027.2339775801 559269950.68831
1673911291.44001 -3868345603487.17 20268655427362.1 -6373.23607257382 33027.0744514358 559269950.68831
1674431786.24456 -3871662831838.78 20285845806566.1 -6373.20567792489 33026.9151958173 559269950.68831
1674952281.04911 -3874980044383.46 20303036102948.6 -6373.17533449067 33026.756210036 559269950.68831
1675472775.85366 -3878297241147.85 20320226316649.8 -6373.14504214158 33026.5974934051 559269950.68831
1675993270.65821 -3881614422158.49 20337416447809.8 -6373.11480074848 33026.4390452406 559269950.68831
1676513765.46277 -3884931587441.88 20354606496568.1 -6373.08461018267 33026.2808648606 559269950.68831
1677034260.26732 -3888248737024.43 20371796463063.9 -6373.05447031587 33026.1229515855 559269950.68831
1677554755.07187 -3891565870932.51 20388986347435.9 -6373.02438102024 33025.9653047381 559269950.68831
1678075249.87642 -3894882989192.39 20406176149822.9 -6372.99434216838 33025.8079236434 559269950.68831
1678595744.68098 -3898200091830.31 20423365870362.7 -6372.96435363329 33025.6508076287 559269950.68831
1679116239.48553 -3901517178872.43 20440555509193.4 -6372.93441528844 33025.4939560237 559269950.68831
1679636734.29008 -3904834250344.82 20457745066452.2 -6372.90452700768 33025.3373681601 559269950.68831
1680157229.09463 -3908151306273.52 20474934542276.4 -6372.8746886653 33025.1810433721 559269950.68831
1680677723.89919 -3911468346684.49 20492123936802.7 -6372.84490013603 33025.024980996 559269950.688311
1681198218.70374 -3914785371603.62 20509313250167.5 -6372.81516129499 33024.8691803705 559269950.68831
1681718713.50829 -3918102381056.74 20526502482506.8 -6372.78547201774 33024.7136408362 559269950.68831
1682239208.31284 -3921419375069.62 20543691633956.4 -6372.75583218024 33024.5583617363 559269950.68831
1682759703.11739 -3924736353667.95 20560880704651.7 -6372.72624165886 33024.4033424159 559269950.688311
1683280197.92195 -3928053316877.38 20578069694727.7 -6372.69670033041 33024.2485822225 559269950.68831
1683800692.7265 -3931370264723.48 20595258604319.1 -6372.66720807209 33024.0940805057 559269950.688311
1684321187.53105 -3934687197231.76 20612447433560.3 -6372.63776476151 33023.9398366173 559269950.68831
1684841682.3356 -3938004114427.66 20629636182585.4 -6372.60837027668 33023.7858499111 559269950.688311
1685362177.14016 -3941321016336.56 20646824851527.9 -6372.57902449604 33023.6321197435 559269950.688311
1685882671.94471 -3944637902983.78 20664013440521.3 -6372.5497272984 33023.4786454725 559269950.68831
1686403166.74926 -3947954774394.59 20681201949698.6 -6372.52047856302 33023.3254264586 559269950.688311
1686923661.55381 -3951271630594.16 20698390379192.5 -6372.4912781695 33023.1724620644 559269950.688311
1687444156.35837 -3954588471607.64 20715578729135.3 -6372.46212599789 33023.0197516545 559269950.688311
1687964651.16292 -3957905297460.08 20732766999659.2 -6372.43302192861 33022.8672945957 559269950.688311
1688485145.96747 -3961222108176.5 20749955190895.7 -6372.40396584248 33022.7150902569 559269950.68831
1689005640.77202 -3964538903781.84 20767143302976.3 -6372.37495762073 33022.563138009 559269950.68831
1689526135.57657 -3967855684300.99 20784331336032 -6372.34599714495 33022.4114372251 559269950.68831
1690046630.38113 -3971172449758.75 20801519290193.5 -6372.31708429716 33022.2599872805 559269950.688311
1690567125.18568 -3974489200179.9 20818707165591.3 -6372.28821895974 33022.1087875522 559269950.688311
1691087619.99023 -3977805935589.13 20835894962355.4 -6372.25940101546 33021.9578374196 559269950.688311
1691608114.79478 -3981122656011.08 20853082680615.5 -6372.23063034749 33021.807136264 559269950.688311
1692128609.59934 -3984439361470.32 20870270320501.2 -6372.20190683937 33021.6566834688 559269950.688311
1692649104.40389 -3987756051991.38 20887457882141.4 -6372.17323037504 33021.5064784194 559269950.688311
1693169599.20844 -3991072727598.7 20904645365665.1 -6372.1446008388 33021.3565205033 559269950.688311
1693690094.01299 -3994389388316.68 20921832771200.6 -6372.11601811534 33021.20680911 559269950.688311
1694210588.81755 -3997706034169.66 20939020098876.1 -6372.08748208973 33021.0573436308 559269950.688311
1694731083.6221 -4001022665181.92 20956207348819.5 -6372.05899264742 33020.9081234594 559269950.688311
1695251578.42665 -4004339281377.67 20973394521158.3 -6372.03054967422 33020.7591479912 559269950.68831
1695772073.2312 -4007655882781.07 20990581616019.6 -6372.00215305633 33020.6104166236 559269950.688311
1696292568.03575 -4010972469416.22 21007768633530.5 -6371.97380268031 33020.4619287562 559269950.688311
1696813062.84031 -4014289041307.15 21024955573817.4 -6371.9454984331 33020.3136837903 559269950.688311
1697333557.64486 -4017605598477.85 21042142437006.7 -6371.91724020199 33020.1656811292 559269950.688311
1697854052.44941 -4020922140952.24 21059329223224.3 -6371.88902787467 33020.0179201785 559269950.688311
1698374547.25396 -4024238668754.18 21076515932595.9 -6371.86086133916 33019.8704003452 559269950.68831
1698895042.05852 -4027555181907.48 21093702565246.8 -6371.83274048386 33019.7231210388 559269950.68831
1699415536.86307 -4030871680435.88 21110889121302.1 -6371.80466519755 33019.5760816702 559269950.68831
1699936031.66762 -4034188164363.08 21128075600886.4 -6371.77663536934 33019.4292816526 559269950.68831
1700456526.47217 -4037504633712.7 21145262004124.2 -6371.74865088872 33019.282720401 559269950.688311
1700977021.27673 -4040821088508.33 21162448331139.7 -6371.72071164554 33019.1363973323 559269950.688311
1701497516.08128 -4044137528773.47 21179634582056.7 -6371.69281752999 33018.9903118653 559269950.688311
1702018010.88583 -4047453954531.59 21196820756998.6 -6371.66496843262 33018.8444634207 559269950.688311
1702538505.69038 -4050770365806.09 21214006856088.8 -6371.63716424436 33018.6988514209 559269950.688311
1703059000.49494 -4054086762620.32 21231192879450 -6371.60940485646 33018.5534752906 559269950.68831
1703579495.29949 -4057403144997.57 21248378827205 -6371.58169016054 33018.4083344561 559269950.688311
1704099990.10404 -4060719512961.08 21265564699476.1 -6371.55402004855 33018.2634283454 559269950.68831
1704620484.90859 -4064035866534.01 21282750496385.2 -6371.52639441282 33018.1187563886 559269950.68831
1705140979.71314 -4067352205739.49 21299936218054.2 -6371.498813146 33017.9743180177 559269950.68831
1705661474.5177 -4070668530600.59 21317121864604.4 -6371.47127614109 33017.8301126664 559269950.68831
1706181969.32225 -4073984841140.32 21334307436157 -6371.44378329144 33017.6861397701 559269950.688311
1706702464.1268 -4077301137381.64 21351492932832.8 -6371.41633449075 33017.5423987664 559269950.68831
1707222958.93135 -4080617419347.43 21368678354752.4 -6371.38892963305 33017.3988890943 559269950.68831
1707743453.73591 -4083933687060.55 21385863702036 -6371.36156861271 33017.2556101949 559269950.688311
1708263948.54046 -4087249940543.79 21403048974803.7 -6371.33425132445 33017.1125615109 559269950.688311
1708784443.34501 -4090566179819.88 21420234173175 -6371.3069776633 33016.9697424871 559269950.68831
1709304938.14956 -4093882404911.5 21437419297269.5 -6371.27974752467 33016.8271525697 559269950.688311
1709825432.95412 -4097198615841.29 21454604347206.1 -6371.25256080426 33016.6847912069 559269950.688311
1710345927.75867 -4100514812631.8 21471789323103.8 -6371.22541739813 33016.5426578487 559269950.68831
1710866422.56322 -4103830995305.56 21488974225080.9 -6371.19831720267 33016.4007519469 559269950.68831
1711386917.36777 -4107147163885.03 21506159053255.9 -6371.17126011459 33016.2590729547 559269950.68831
1711907412.17232 -4110463318392.62 21523343807746.7 -6371.14424603094 33016.1176203276 559269950.688311
1712427906.97688 -4113779458850.69 21540528488670.8 -6371.11727484909 33015.9763935223 559269950.688311
1712948401.78143 -4117095585281.55 21557713096145.8 -6371.09034646674 33015.8353919977 559269950.688311
1713468896.58598 -4120411697707.44 21574897630288.8 -6371.06346078191 33015.6946152142 559269950.688311
1713989391.39053 -4123727796150.56 21592082091216.5 -6371.03661769296 33015.5540626339 559269950.688311
1714509886.19509 -4127043880633.05 21609266479045.6 -6371.00981709856 33015.4137337206 559269950.68831
1715030380.99964 -4130359951177.02 21626450793892.3 -6370.98305889769 33015.2736279401 559269950.688311
1715550875.80419 -4133676007804.48 21643635035872.7 -6370.95634298968 33015.1337447595 559269950.688311
1716071370.60874 -4136992050537.45 21660819205102.4 -6370.92966927416 33014.9940836478 559269950.68831
1716591865.4133 -4140308079397.84 21678003301696.8 -6370.90303765108 33014.8546440758 559269950.68831
1717112360.21785 -4143624094407.54 21695187325771.3 -6370.87644802071 33014.7154255158 559269950.68831
1717632855.0224 -4146940095588.38 21712371277440.6 -6370.84990028362 33014.5764274417 559269950.68831
1718153349.82695 -4150256082962.15 21729555156819.4 -6370.82339434072 33014.4376493294 559269950.68831
1718673844.6315 -4153572056550.56 21746738964022 -6370.79693009321 33014.2990906561 559269950.68831
1719194339.43606 -4156888016375.31 21763922699162.6 -6370.77050744262 33014.1607509009 559269950.68831
1719714834.24061 -4160203962458 21781106362354.9 -6370.74412629078 33014.0226295445 559269950.68831
1720235329.04516 -4163519894820.22 21798289953712.5 -6370.71778653982 33013.8847260691 559269950.68831
1720755823.84971 -4166835813483.49 21815473473348.6 -6370.6914880922 33013.7470399588 559269950.68831
1721276318.65427 -4170151718469.28 21832656921376.3 -6370.66523085067 33013.6095706992 559269950.68831
1721796813.45882 -4173467609799.02 21849840297908.3 -6370.63901471829 33013.4723177773 559269950.68831
1722317308.26337 -4176783487494.08 21867023603057 -6370.61283959842 33013.3352806821 559269950.68831
1722837803.06792 -4180099351575.77 21884206836934.7 -6370.58670539473 33013.1984589039 559269950.68831
1723358297.87248 -4183415202065.37 21901389999653.3 -6370.5606120112 33013.0618519349 559269950.68831
1723878792.67703 -4186731038984.11 21918573091324.5 -6370.53455935208 33012.9254592687 559269950.68831
1724399287.48158 -4190046862353.15 21935756112059.7 -6370.50854732196 33012.7892804005 559269950.68831
1724919782.28613 -4193362672193.61 21952939061970 -6370.48257582569 33012.653314827 559269950.68831
1725440277.09068 -4196678468526.58 21970121941166.3 -6370.45664476845 33012.5175620468 559269950.68831
1725960771.89524 -4199994251373.07 21987304749759.3 -6370.43075405569 33012.3820215598 559269950.68831
1726481266.69979 -4203310020754.05 22004487487859.3 -6370.40490359317 33012.2466928675 559269950.68831
1727001761.50434 -4206625776690.46 22021670155576.4 -6370.37909328693 33012.111575473 559269950.68831
1727522256.30889 -4209941519203.17 22038852753020.5 -6370.35332304333 33011.976668881 559269950.68831
1728042751.11345 -4213257248313.01 22056035280301.2 -6370.32759276899 33011.8419725977 559269950.68831
1728563245.918 -4216572964040.75 22073217737527.8 -6370.30190237084 33011.7074861308 559269950.68831
1729083740.72255 -4219888666407.14 22090400124809.4 -6370.2762517561 33011.5732089896 559269950.68831
1729604235.5271 -4223204355432.84 22107582442254.8 -6370.25064083225 33011.4391406849 559269950.68831
1730124730.33166 -4226520031138.5 22124764689972.5 -6370.22506950709 33011.3052807291 559269950.68831
1730645225.13621 -4229835693544.71 22141946868071 -6370.19953768869 33011.1716286361 559269950.68831
1731165719.94076 -4233151342672 22159128976658.3 -6370.17404528542 33011.0381839211 559269950.68831
1731686214.74531 -4236466978540.86 22176311015842.1 -6370.1485922059 33010.9049461011 559269950.68831
1732206709.54986 -4239782601171.74 22193492985730.1 -6370.12317835908 33010.7719146945 559269950.68831
1732727204.35442 -4243098210585.04 22210674886429.6 -6370.09780365414 33010.6390892212 559269950.688311
1733247699.15897 -4246413806801.1 22227856718047.6 -6370.07246800058 33010.5064692024 559269950.688311
1733768193.96352 -4249729389840.23 22245038480690.9 -6370.04717130817 33010.3740541611 559269950.688311
1734288688.76807 -4253044959722.68 22262220174466.1 -6370.02191348694 33010.2418436216 559269950.68831
1734809183.57263 -4256360516468.67 22279401799479.5 -6369.99669444722 33010.1098371097 559269950.68831
1735329678.37718 -4259676060098.34 22296583355837.2 -6369.9715140996 33009.9780341526 559269950.68831
1735850173.18173 -4262991590631.83 22313764843645 -6369.94637235496 33009.8464342791 559269950.68831
1736370667.98628 -4266307108089.2 22330946263008.6 -6369.92126912444 33009.7150370194 559269950.68831
1736891162.79084 -4269622612490.47 22348127614033.1 -6369.89620431945 33009.5838419051 559269950.68831
1737411657.59539 -4272938103855.62 22365308896823.9 -6369.87117785169 33009.4528484693 559269950.688311
1737932152.39994 -4276253582204.58 22382490111485.5 -6369.84618963312 33009.3220562465 559269950.68831
1738452647.20449 -4279569047557.24 22399671258122.8 -6369.82123957597 33009.1914647726 559269950.68831
1738973142.00904 -4282884499933.44 22416852336840.1 -6369.79632759274 33009.0610735851 559269950.688311
1739493636.8136 -4286199939352.97 22434033347741.4 -6369.77145359619 33008.9308822228 559269950.688311
1740014131.61815 -4289515365835.58 22451214290930.7 -6369.74661749936 33008.8008902258 559269950.688311
1740534626.4227 -4292830779400.97 22468395166511.6 -6369.72181921554 33008.6710971357 559269950.68831
1741055121.22725 -4296146180068.81 22485575974587.6 -6369.6970586583 33008.5415024957 559269950.688311
1741575616.03181 -4299461567858.71 22502756715261.8 -6369.67233574147 33008.4121058502 559269950.688311
1742096110.83636 -4302776942790.24 22519937388637.1 -6369.64765037914 33008.2829067449 559269950.688311
1742616605.64091 -4306092304882.91 22537117994816.2 -6369.62300248565 33008.1539047271 559269950.68831
1743137100.44546 -4309407654156.22 22554298533901.7 -6369.59839197562 33008.0250993455 559269950.688311
1743657595.25002 -4312722990629.6 22571479005995.8 -6369.57381876392 33007.8964901499 559269950.688311
1744178090.05457 -4316038314322.44 22588659411200.3 -6369.54928276568 33007.7680766918 559269950.688311
1744698584.85912 -4319353625254.08 22605839749617.2 -6369.52478389629 33007.6398585239 559269950.688311
1745219079.66367 -4322668923443.83 22623020021347.9 -6369.50032207139 33007.5118352003 559269950.68831
1745739574.46823 -4325984208910.95 22640200226493.8 -6369.47589720688 33007.3840062763 559269950.688311
1746260069.27278 -4329299481674.66 22657380365155.8 -6369.45150921892 33007.2563713089 559269950.688311
1746780564.07733 -4332614741754.13 22674560437434.9 -6369.42715802391 33007.1289298562 559269950.688311
1747301058.88188 -4335929989168.48 22691740443431.7 -6369.40284353852 33007.0016814776 559269950.68831
1747821553.68643 -4339245223936.81 22708920383246.4 -6369.37856567966 33006.874625734 559269950.688311
1748342048.49099 -4342560446078.15 22726100256979.4 -6369.35432436448 33006.7477621876 559269950.68831
1748862543.29554 -4345875655611.5 22743280064730.5 -6369.33011951042 33006.6210904018 559269950.68831
1749383038.10009 -4349190852555.83 22760459806599.4 -6369.30595103512 33006.4946099415 559269950.68831
1749903532.90464 -4352506036930.03 22777639482685.5 -6369.2818188565 33006.3683203727 559269950.68831
1750424027.7092 -4355821208753 22794819093088.2 -6369.25772289272 33006.242221263 559269950.68831
1750944522.51375 -4359136368043.54 22811998637906.4 -6369.23366306217 33006.116312181 559269950.68831
1751465017.3183 -4362451514820.46 22829178117238.9 -6369.20963928352 33005.9905926969 559269950.68831
1751985512.12285 -4365766649102.48 22846357531184.4 -6369.18565147565 33005.865062382 559269950.68831
1752506006.92741 -4369081770908.33 22863536879841.1 -6369.1616995577 33005.7397208089 559269950.68831
1753026501.73196 -4372396880256.64 22880716163307.3 -6369.13778344905 33005.6145675515 559269950.68831
1753546996.53651 -4375711977166.05 22897895381680.7 -6369.11390306932 33005.4896021851 559269950.68831
1754067491.34106 -4379027061655.13 22915074535059.1 -6369.09005833837 33005.3648242861 559269950.68831
1754587986.14561 -4382342133742.4 22932253623539.9 -6369.06624917631 33005.2402334324 559269950.68831
1755108480.95017 -4385657193446.37 22949432647220.4 -6369.04247550347 33005.115829203 559269950.68831
1755628975.75472 -4388972240785.49 22966611606197.7 -6369.01873724043 33004.9916111781 559269950.68831
1756149470.55927 -4392287275778.16 22983790500568.5 -6368.99503430802 33004.8675789393 559269950.68831
1756669965.36382 -4395602298442.76 23000969330429.4 -6368.97136662727 33004.7437320694 559269950.68831
1757190460.16838 -4398917308797.61 23018148095876.8 -6368.94773411947 33004.6200701525 559269950.68831
1757710954.97293 -4402232306860.99 23035326797006.9 -6368.92413670616 33004.4965927739 559269950.68831
1758231449.77748 -4405547292651.17 23052505433915.6 -6368.90057430907 33004.3732995202 559269950.68831
1758751944.58203 -4408862266186.33 23069684006698.6 -6368.87704685021 33004.250189979 559269950.68831
1759272439.38659 -4412177227484.65 23086862515451.4 -6368.85355425179 33004.1272637395 559269950.68831
1759792934.19114 -4415492176564.25 23104040960269.4 -6368.83009643626 33004.0045203919 559269950.68831
1760313428.99569 -4418807113443.21 23121219341247.6 -6368.8066733263 33003.8819595276 559269950.68831
1760833923.80024 -4422122038139.58 23138397658481 -6368.78328484482 33003.7595807393 559269950.68831
1761354418.60479 -4425436950671.37 23155575912064.1 -6368.75993091496 33003.637383621 559269950.68831
1761874913.40935 -4428751851056.53 23172754102091.4 -6368.73661146009 33003.5153677676 559269950.68831
1762395408.2139 -4432066739312.99 23189932228657.2 -6368.7133264038 33003.3935327755 559269950.68831
1762915903.01845 -4435381615458.64 23207110291855.5 -6368.69007566991 33003.2718782423 559269950.68831
1763436397.823 -4438696479511.31 23224288291780.2 -6368.66685918245 33003.1504037666 559269950.68831
1763956892.62756 -4442011331488.82 23241466228524.7 -6368.64367686571 33003.0291089483 559269950.68831
1764477387.43211 -4445326171408.93 23258644102182.6 -6368.62052864416 33002.9079933884 559269950.68831
1764997882.23666 -4448640999289.37 23275821912847.1 -6368.59741444253 33002.7870566893 559269950.688311
1765518377.04121 -4451955815147.82 23292999660611.1 -6368.57433418575 33002.6662984544 559269950.688311
1766038871.84577 -4455270619001.94 23310177345567.4 -6368.55128779898 33002.5457182882 559269950.688311
1766559366.65032 -4458585410869.33 23327354967808.7 -6368.52827520759 33002.4253157966 559269950.688311
1767079861.45487 -4461900190767.57 23344532527427.2 -6368.50529633718 33002.3050905864 559269950.688311
1767600356.25942 -4465214958714.19 23361710024515.1 -6368.48235111356 33002.1850422659 559269950.688311
1768120851.06397 -4468529714726.67 23378887459164.5 -6368.45943946277 33002.0651704442 559269950.688311
1768641345.86853 -4471844458822.48 23396064831467.1 -6368.43656131106 33001.9454747317 559269950.68831
1769161840.67308 -4475159191019.04 23413242141514.4 -6368.41371658488 33001.8259547401 559269950.688311
1769682335.47763 -4478473911333.71 23430419389397.9 -6368.39090521093 33001.7066100819 559269950.688311
1770202830.28218 -4481788619783.85 23447596575208.6 -6368.3681271161 33001.5874403711 559269950.688311
1770723325.08674 -4485103316386.75 23464773699037.6 -6368.34538222749 33001.4684452226 559269950.688311
1771243819.89129 -4488418001159.68 23481950760975.5 -6368.32267047243 33001.3496242525 559269950.688311
1771764314.69584 -4491732674119.87 23499127761113 -6368.29999177845 33001.230977078 559269950.688311
1772284809.50039 -4495047335284.51 23516304699540.4 -6368.2773460733 33001.1125033176 559269950.688311
1772805304.30495 -4498361984670.74 23533481576347.8 -6368.25473328493 33000.9942025905 559269950.688311
1773325799.1095 -4501676622295.69 23550658391625.3 -6368.23215334152 33000.8760745175 559269950.688311
1773846293.91405 -4504991248176.42 23567835145462.6 -6368.20960617143 33000.7581187202 559269950.688311
1774366788.7186 -4508305862329.99 23585011837949.3 -6368.18709170324 33000.6403348215 559269950.688311
1774887283.52315 -4511620464773.38 23602188469174.7 -6368.16460986576 33000.5227224451 559269950.688311
1775407778.32771 -4514935055523.57 23619365039228.1 -6368.14216058798 33000.4052812161 559269950.688311
1775928273.13226 -4518249634597.49 23636541548198.3 -6368.11974379909 33000.2880107607 559269950.688311
1776448767.93681 -4521564202012.02 23653717996174.3 -6368.09735942852 33000.1709107059 559269950.688311
1776969262.74136 -4524878757784.03 23670894383244.6 -6368.07500740588 33000.0539806801 559269950.688311
1777489757.54592 -4528193301930.33 23688070709497.5 -6368.05268766097 32999.9372203126 559269950.688311
1778010252.35047 -4531507834467.7 23705246975021.4 -6368.03040012384 32999.8206292337 559269950.688311
1778530747.15502 -4534822355412.9 23722423179904.2 -6368.00814472469 32999.7042070751 559269950.688311
1779051241.95957 -4538136864782.62 23739599324233.7 -6367.98592139395 32999.5879534693 559269950.688311
1779571736.76413 -4541451362593.54 23756775408097.6 -6367.96373006225 32999.4718680499 559269950.688311
1780092231.56868 -4544765848862.31 23773951431583.4 -6367.94157066042 32999.3559504516 559269950.688311
1780612726.37323 -4548080323605.51 23791127394778.2 -6367.91944311948 32999.2402003102 559269950.688311
1781133221.17778 -4551394786839.72 23808303297769.2 -6367.89734737065 32999.1246172624 559269950.688311
1781653715.98233 -4554709238581.47 23825479140643.3 -6367.87528334537 32999.0092009462 559269950.688311
1782174210.78689 -4558023678847.25 23842654923487 -6367.85325097523 32998.8939510005 559269950.688311
1782694705.59144 -4561338107653.52 23859830646387 -6367.83125019208 32998.7788670651 559269950.688311
1783215200.39599 -4564652525016.7 23877006309429.5 -6367.80928092791 32998.6639487812 559269950.688311
1783735695.20054 -4567966930953.18 23894181912700.7 -6367.78734311493 32998.5491957906 559269950.688311
1784256190.0051 -4571281325479.31 23911357456286.5 -6367.76543668555 32998.4346077365 559269950.688311
1784776684.80965 -4574595708611.42 23928532940272.6 -6367.74356157236 32998.320184263 559269950.688311
1785297179.6142 -4577910080365.77 23945708364744.7 -6367.72171770815 32998.2059250152 559269950.688311
1785817674.41875 -4581224440758.63 23962883729788.1 -6367.69990502591 32998.0918296391 559269950.688311
1786338169.22331 -4584538789806.2 23980059035488 -6367.6781234588 32997.977897782 559269950.688311
1786858664.02786 -4587853127524.66 23997234281929.4 -6367.65637294019 32997.864129092 559269950.688311
1787379158.83241 -4591167453930.15 24014409469197.3 -6367.63465340363 32997.7505232183 559269950.688311
1787899653.63696 -4594481769038.79 24031584597376.1 -6367.61296478287 32997.6370798111 559269950.688311
1788420148.44151 -4597796072866.64 24048759666550.5 -6367.59130701184 32997.5237985215 559269950.688311
1788940643.24607 -4601110365429.75 24065934676804.6 -6367.56968002467 32997.4106790017 559269950.688311
1789461138.05062 -4604424646744.13 24083109628222.7 -6367.54808375565 32997.2977209049 559269950.688311
1789981632.85517 -4607738916825.73 24100284520888.5 -6367.5265181393 32997.1849238853 559269950.688311
1790502127.65972 -4611053175690.51 24117459354886 -6367.50498311028 32997.0722875981 559269950.688311
1791022622.46428 -4614367423354.37 24134634130298.6 -6367.48347860348 32996.9598116992 559269950.688311
1791543117.26883 -4617681659833.17 24151808847209.8 -6367.46200455394 32996.847495846 559269950.688311
1792063612.07338 -4620995885142.75 24168983505702.7 -6367.4405608969 32996.7353396964 559269950.688311
1792584106.87793 -4624310099298.91 24186158105860.4 -6367.41914756778 32996.6233429096 559269950.688311
1793104601.68249 -4627624302317.43 24203332647765.8 -6367.39776450218 32996.5115051457 559269950.688311
1793625096.48704 -4630938494214.03 24220507131501.5 -6367.3764116359 32996.3998260655 559269950.688311
1794145591.29159 -4634252675004.43 24237681557150.1 -6367.3550889049 32996.2883053311 559269950.688311
1794666086.09614 -4637566844704.28 24254855924793.8 -6367.33379624533 32996.1769426054 559269950.688311
1795186580.9007 -4640881003329.22 24272030234514.8 -6367.31253359352 32996.0657375524 559269950.688311
1795707075.70525 -4644195150894.87 24289204486395.2 -6367.29130088598 32995.9546898368 559269950.688311
1796227570.5098 -4647509287416.77 24306378680516.7 -6367.27009805939 32995.8437991245 559269950.688311
1796748065.31435 -4650823412910.48 24323552816960.9 -6367.24892505064 32995.7330650822 559269950.688311
1797268560.1189 -4654137527391.49 24340726895809.3 -6367.22778179676 32995.6224873776 559269950.688311
1797789054.92346 -4657451630875.28 24357900917143.3 -6367.20666823497 32995.5120656794 559269950.688311
1798309549.72801 -4660765723377.29 24375074881043.8 -6367.18558430268 32995.401799657 559269950.688311
1798830044.53256 -4664079804912.91 24392248787591.9 -6367.16452993746 32995.291688981 559269950.688311
1799350539.33711 -4667393875497.53 24409422636868.3 -6367.14350507706 32995.1817333228 559269950.688311
1799871034.14167 -4670707935146.48 24426596428953.6 -6367.12250965941 32995.0719323549 559269950.688311
1800391528.94622 -4674021983875.08 24443770163928.3 -6367.1015436226 32994.9622857503 559269950.688311
1800912023.75077 -4677336021698.59 24460943841872.6 -6367.08060690492 32994.8527931835 559269950.688311
1801432518.55532 -4680650048632.27 24478117462866.6 -6367.0596994448 32994.7434543294 559269950.688311
1801953013.35988 -4683964064691.33 24495291026990.2 -6367.03882118087 32994.6342688641 559269950.688311
1802473508.16443 -4687278069890.94 24512464534323.3 -6367.01797205192 32994.5252364646 559269950.688311
1802994002.96898 -4690592064246.26 24529637984945.2 -6366.99715199691 32994.4163568087 559269950.688311
1803514497.77353 -4693906047772.4 24546811378935.6 -6366.97636095497 32994.3076295751 559269950.688311
1804034992.57808 -4697220020484.45 24563984716373.6 -6366.9555988654 32994.1990544435 559269950.688311
1804555487.38264 -4700533982397.46 24581157997338.3 -6366.93486566768 32994.0906310945 559269950.688311
1805075982.18719 -4703847933526.46 24598331221908.7 -6366.91416130145 32993.9823592096 559269950.688311
1805596476.99174 -4707161873886.43 24615504390163.5 -6366.89348570652 32993.874238471 559269950.688311
1806116971.79629 -4710475803492.33 24632677502181.2 -6366.87283882286 32993.7662685619 559269950.688311
1806637466.60085 -4713789722359.1 24649850558040.4 -6366.85222059061 32993.6584491666 559269950.688311
1807157961.4054 -4717103630501.63 24667023557819.2 -6366.83163095009 32993.55077997 559269950.688311
1807678456.20995 -4720417527934.79 24684196501595.8 -6366.81106984177 32993.443260658 559269950.688311
1808198951.0145 -4723731414673.41 24701369389448.1 -6366.7905372063 32993.3358909172 559269950.688311
1808719445.81906 -4727045290732.29 24718542221453.8 -6366.77003298447 32993.2286704355 559269950.688311
1809239940.62361 -4730359156126.22 24735714997690.6 -6366.74955711727 32993.1215989012 559269950.688311
1809760435.42816 -4733673010869.93 24752887718236 -6366.72910954582 32993.0146760037 559269950.688311
1810280930.23271 -4736986854978.14 24770060383167.1 -6366.70869021142 32992.9079014333 559269950.688311
1810801425.03726 -4740300688465.52 24787232992561.2 -6366.68829905553 32992.801274881 559269950.688311
1811321919.84182 -4743614511346.74 24804405546495.2 -6366.66793601977 32992.6947960388 559269950.688311
1811842414.64637 -4746928323636.41 24821578045045.8 -6366.64760104592 32992.5884645995 559269950.688311
1812362909.45092 -4750242125349.12 24838750488289.8 -6366.62729407593 32992.4822802567 559269950.688311
1812883404.25547 -4753555916499.43 24855922876303.6 -6366.6070150519 32992.376242705 559269950.688311
1813403899.06003 -4756869697101.88 24873095209163.5 -6366.58676391609 32992.2703516396 559269950.688311
1813924393.86458 -4760183467170.96 24890267486945.8 -6366.56654061093 32992.1646067569 559269950.688311
1814444888.66913 -4763497226721.14 24907439709726.3 -6366.54634507899 32992.0590077538 559269950.688311
1814965383.47368 -4766810975766.87 24924611877581.1 -6366.52617726302 32991.9535543282 559269950.688311
1815485878.27824 -4770124714322.56 24941783990585.6 -6366.50603710591 32991.8482461788 559269950.688311
1816006373.08279 -4773438442402.59 24958956048815.6 -6366.48592455071 32991.7430830051 559269950.688311
1816526867.88734 -4776752160021.31 24976128052346.4 -6366.46583954064 32991.6380645076 559269950.688311
1817047362.69189 -4780065867193.04 24993300001253.2 -6366.44578201906 32991.5331903874 559269950.688311
1817567857.49644 -4783379563932.08 25010471895611 -6366.42575192948 32991.4284603465 559269950.688311
1818088352.301 -4786693250252.68 25027643735494.8 -6366.4057492156 32991.3238740878 559269950.688311
1818608847.10555 -4790006926169.09 25044815520979.4 -6366.38577382122 32991.2194313148 559269950.688311
1819129341.9101 -4793320591695.51 25061987252139.4 -6366.36582569035 32991.1151317322 559269950.688311
1819649836.71465 -4796634246846.12 25079158929049.1 -6366.34590476712 32991.0109750451 559269950.688311
1820170331.51921 -4799947891635.05 25096330551783 -6366.32601099581 32990.9069609597 559269950.688311
1820690826.32376 -4803261526076.43 25113502120415.1 -6366.30614432087 32990.8030891829 559269950.688311
1821211321.12831 -4806575150184.36 25130673635019.5 -6366.28630468689 32990.6993594223 559269950.688311
1821731815.93286 -4809888763972.88 25147845095669.9 -6366.26649203861 32990.5957713865 559269950.688311
1822252310.73742 -4813202367456.03 25165016502440.2 -6366.24670632094 32990.4923247847 559269950.688311
1822772805.54197 -4816515960647.82 25182187855403.8 -6366.22694747891 32990.3890193271 559269950.688311
1823293300.34652 -4819829543562.21 25199359154634.1 -6366.20721545772 32990.2858547246 559269950.688311
1823813795.15107 -4823143116213.16 25216530400204.3 -6366.18751020272 32990.1828306887 559269950.688311
1824334289.95562 -4826456678614.58 25233701592187.6 -6366.1678316594 32990.0799469321 559269950.688311
1824854784.76018 -4829770230780.35 25250872730656.9 -6366.14817977339 32989.9772031679 559269950.688311
1825375279.56473 -4833083772724.35 25268043815684.9 -6366.12855449048 32989.8745991101 559269950.688311
1825895774.36928 -4836397304460.41 25285214847344.4 -6366.10895575662 32989.7721344736 559269950.688311
1826416269.17383 -4839710826002.32 25302385825707.8 -6366.08938351788 32989.669808974 559269950.688311
1826936763.97839 -4843024337363.87 25319556750847.4 -6366.06983772049 32989.5676223277 559269950.688311
1827457258.78294 -4846337838558.8 25336727622835.5 -6366.05031831083 32989.4655742517 559269950.688311
1827977753.58749 -4849651329600.83 25353898441744.1 -6366.03082523541 32989.3636644639 559269950.688311
1828498248.39204 -4852964810503.67 25371069207645.1 -6366.01135844089 32989.2618926831 559269950.688311
1829018743.1966 -4856278281280.96 25388239920610.3 -6365.99191787408 32989.1602586286 559269950.688311
1829539238.00115 -4859591741946.36 25405410580711.3 -6365.97250348194 32989.0587620207 559269950.688311
1830059732.8057 -4862905192513.46 25422581188019.5 -6365.95311521155 32988.9574025803 559269950.688311
1830580227.61025 -4866218632995.86 25439751742606.3 -6365.93375301016 32988.8561800291 559269950.688311
1831100722.4148 -4869532063407.11 25456922244542.9 -6365.91441682514 32988.7550940896 559269950.688311
1831621217.21936 -4872845483760.73 25474092693900.2 -6365.89510660401 32988.654144485 559269950.688311
1832141712.02391 -4876158894070.22 25491263090749.2 -6365.87582229444 32988.5533309392 559269950.688311
1832662206.82846 -4879472294349.07 25508433435160.6 -6365.85656384422 32988.4526531769 559269950.688311
1833182701.63301 -4882785684610.71 25525603727205.1 -6365.8373312013 32988.3521109236 559269950.688311
1833703196.43757 -4886099064868.57 25542773966953.1 -6365.81812431377 32988.2517039055 559269950.688311
1834223691.24212 -4889412435136.03 25559944154474.8 -6365.79894312983 32988.1514318494 559269950.688311
1834744186.04667 -4892725795426.46 25577114289840.5 -6365.77978759786 32988.0512944832 559269950.688311
1835264680.85122 -4896039145753.21 25594284373120.3 -6365.76065766635 32987.9512915351 559269950.688311
1835785175.65578 -4899352486129.57 25611454404384 -6365.74155328395 32987.8514227342 559269950.688311
1836305670.46033 -4902665816568.85 25628624383701.3 -6365.72247439941 32987.7516878105 559269950.688311
1836826165.26488 -4905979137084.28 25645794311141.9 -6365.70342096166 32987.6520864945 559269950.688311
1837346660.06943 -4909292447689.11 25662964186775.2 -6365.68439291975 32987.5526185175 559269950.688311
1837867154.87399 -4912605748396.55 25680134010670.6 -6365.66539022285 32987.4532836115 559269950.688311
1838387649.67854 -4915919039219.76 25697303782897.3 -6365.64641282028 32987.3540815093 559269950.688311
1838908144.48309 -4919232320171.9 25714473503524.3 -6365.62746066151 32987.2550119443 559269950.688311
1839428639.28764 -4922545591266.11 25731643172620.6 -6365.60853369612 32987.1560746507 559269950.688311
1839949134.09219 -4925858852515.47 25748812790254.8 -6365.58963187384 32987.0572693634 559269950.688311
1840469628.89675 -4929172103933.07 25765982356495.7 -6365.57075514451 32986.9585958179 559269950.688311
1840990123.7013 -4932485345531.94 25783151871411.8 -6365.55190345814 32986.8600537506 559269950.688311
1841510618.50585 -4935798577325.12 25800321335071.4 -6365.53307676485 32986.7616428985 559269950.688311
1842031113.3104 -4939111799325.59 25817490747542.8 -6365.51427501489 32986.6633629992 559269950.688311
1842551608.11496 -4942425011546.33 25834660108894 -6365.49549815866 32986.5652137912 559269950.688311
1843072102.91951 -4945738214000.29 25851829419193 -6365.47674614666 32986.4671950136 559269950.688311
1843592597.72406 -4949051406700.37 25868998678507.7 -6365.45801892956 32986.3693064061 559269950.688311
1844113092.52861 -4952364589659.47 25886167886905.6 -6365.43931645814 32986.2715477093 559269950.688311
1844633587.33317 -4955677762890.47 25903337044454.4 -6365.4206386833 32986.1739186643 559269950.688311
1845154082.13772 -4958990926406.2 25920506151221.5 -6365.4019855561 32986.0764190129 559269950.688311
1845674576.94227 -4962304080219.48 25937675207274.2 -6365.3833570277 32985.9790484978 559269950.688311
1846195071.74682 -4965617224343.09 25954844212679.5 -6365.3647530494 32985.8818068622 559269950.688311
1846715566.55137 -4968930358789.81 25972013167504.6 -6365.34617357263 32985.7846938499 559269950.688311
1847236061.35593 -4972243483572.38 25989182071816.2 -6365.32761854896 32985.6877092057 559269950.688311
1847756556.16048 -4975556598703.5 26006350925681.2 -6365.30908793006 32985.5908526746 559269950.688311
1848277050.96503 -4978869704195.87 26023519729166.2 -6365.29058166775 32985.4941240028 559269950.688311
1848797545.76958 -4982182800062.16 26040688482337.6 -6365.27209971396 32985.3975229367 559269950.688311
1849318040.57414 -4985495886315.01 26057857185261.9 -6365.25364202077 32985.3010492238 559269950.688311
1849838535.37869 -4988808962967.02 26075025838005.1 -6365.23520854037 32985.2047026119 559269950.688311
1850359030.18324 -4992122030030.8 26092194440633.5 -6365.21679922507 32985.1084828496 559269950.688311
1850879524.98779 -4995435087518.9 26109362993212.9 -6365.19841402732 32985.0123896863 559269950.688311
1851400019.79235 -4998748135443.86 26126531495809.2 -6365.18005289969 32984.9164228719 559269950.688311
1851920514.5969 -5002061173818.21 26143699948488.2 -6365.16171579486 32984.8205821569 559269950.688311
1852441009.40145 -5005374202654.43 26160868351315.3 -6365.14340266565 32984.7248672927 559269950.688311
1852961504.206 -5008687221965 26178036704356 -6365.12511346501 32984.6292780312 559269950.688311
1853481999.01055 -5012000231762.34 26195205007675.6 -6365.106848146 32984.5338141248 559269950.688311
1854002493.81511 -5015313232058.89 26212373261339.4 -6365.0886066618 32984.4384753269 559269950.688311
1854522988.61966 -5018626222867.03 26229541465412.2 -6365.07038896572 32984.3432613913 559269950.688311
1855043483.42421 -5021939204199.14 26246709619959.2 -6365.0521950112 32984.2481720725 559269950.688311
1855563978.22876 -5025252176067.56 26263877725045.1 -6365.03402475178 32984.1532071257 559269950.688311
1856084473.03332 -5028565138484.61 26281045780734.5 -6365.01587814113 32984.0583663066 559269950.688311
1856604967.83787 -5031878091462.58 26298213787092 -6364.99775513306 32983.9636493717 559269950.688311
1857125462.64242 -5035191035013.76 26315381744182 -6364.97965568148 32983.8690560781 559269950.688311
1857645957.44697 -5038503969150.39 26332549652068.8 -6364.96157974042 32983.7745861834 559269950.688311
1858166452.25153 -5041816893884.69 26349717510816.6 -6364.94352726403 32983.6802394461 559269950.688311
1858686947.05608 -5045129809228.87 26366885320489.4 -6364.92549820659 32983.586015625 559269950.688311
1859207441.86063 -5048442715195.1 26384053081151.2 -6364.90749252249 32983.4919144798 559269950.688311
1859727936.66518 -5051755611795.54 26401220792865.6 -6364.88951016624 32983.3979357707 559269950.688311
1860248431.46973 -5055068499042.32 26418388455696.5 -6364.87155109248 32983.3040792586 559269950.688311
1860768926.27429 -5058381376947.55 26435556069707.2 -6364.85361525594 32983.2103447049 559269950.688311
1861289421.07884 -5061694245523.3 26452723634961.3 -6364.83570261149 32983.1167318718 559269950.688311
1861809915.88339 -5065007104781.64 26469891151522.1 -6364.81781311412 32983.0232405219 559269950.688311
1862330410.68794 -5068319954734.6 26487058619452.6 -6364.79994671891 32982.9298704186 559269950.688311
1862850905.4925 -5071632795394.2 26504226038816 -6364.78210338109 32982.8366213259 559269950.688311
1863371400.29705 -5074945626772.43 26521393409675.2 -6364.76428305598 32982.7434930082 559269950.688311
1863891895.1016 -5078258448881.25 26538560732092.9 -6364.74648569903 32982.6504852308 559269950.688311
1864412389.90615 -5081571261732.6 26555728006131.9 -6364.7287112658 32982.5575977594 559269950.688311
1864932884.71071 -5084884065338.41 26572895231854.7 -6364.71095971196 32982.4648303605 559269950.688311
1865453379.51526 -5088196859710.58 26590062409323.7 -6364.6932309933 32982.3721828011 559269950.688311
1865973874.31981 -5091509644860.97 26607229538601.3 -6364.67552506572 32982.2796548486 559269950.688311
1866494369.12436 -5094822420801.44 26624396619749.7 -6364.65784188525 32982.1872462714 559269950.688311
1867014863.92891 -5098135187543.81 26641563652830.9 -6364.640181408 32982.0949568382 559269950.688311
1867535358.73347 -5101447945099.9 26658730637906.9 -6364.62254359023 32982.0027863185 559269950.688311
1868055853.53802 -5104760693481.49 26675897575039.5 -6364.60492838829 32981.9107344821 559269950.688311
1868576348.34257 -5108073432700.33 26693064464290.5 -6364.58733575864 32981.8188010998 559269950.688311
1869096843.14712 -5111386162768.16 26710231305721.3 -6364.56976565787 32981.7269859426 559269950.688311
1869617337.95168 -5114698883696.7 26727398099393.6 -6364.55221804266 32981.6352887824 559269950.688311
1870137832.75623 -5118011595497.64 26744564845368.7 -6364.53469286982 32981.5437093914 559269950.688311
1870658327.56078 -5121324298182.64 26761731543707.7 -6364.51719009626 32981.4522475427 559269950.688311
1871178822.36533 -5124636991763.37 26778898194471.9 -6364.49970967899 32981.3609030097 559269950.688311
1871699317.16989 -5127949676251.44 26796064797722.2 -6364.48225157517 32981.2696755665 559269950.688311
1872219811.97444 -5131262351658.45 26813231353519.5 -6364.46481574202 32981.1785649879 559269950.688311
1872740306.77899 -5134575017995.99 26830397861924.6 -6364.44740213689 32981.0875710491 559269950.688311
1873260801.58354 -5137887675275.62 26847564322998.1 -6364.43001071726 32980.996693526 559269950.688311
1873781296.38809 -5141200323508.87 26864730736800.6 -6364.41264144068 32980.9059321949 559269950.688311
1874301791.19265 -5144512962707.25 26881897103392.5 -6364.39529426483 32980.8152868328 559269950.688311
1874822285.9972 -5147825592882.25 26899063422834.1 -6364.37796914751 32980.7247572173 559269950.688311
1875342780.80175 -5151138214045.36 26916229695185.5 -6364.3606660466 32980.6343431266 559269950.688311
1875863275.6063 -5154450826208.01 26933395920506.9 -6364.34338492009 32980.5440443392 559269950.688311
1876383770.41086 -5157763429381.64 26950562098858.3 -6364.32612572611 32980.4538606346 559269950.688311
1876904265.21541 -5161076023577.64 26967728230299.3 -6364.30888842286 32980.3637917924 559269950.688311
1877424760.01996 -5164388608807.41 26984894314889.9 -6364.29167296867 32980.2738375932 559269950.688311
1877945254.82451 -5167701185082.3 27002060352689.5 -6364.27447932195 32980.1839978177 559269950.688311
1878465749.62907 -5171013752413.65 27019226343757.8 -6364.25730744123 32980.0942722476 559269950.688311
1878986244.43362 -5174326310812.78 27036392288154 -6364.24015728516 32980.0046606649 559269950.688311
1879506739.23817 -5177638860290.99 27053558185937.5 -6364.22302881248 32979.9151628522 559269950.688311
1880027234.04272 -5180951400859.55 27070724037167.4 -6364.20592198203 32979.8257785927 559269950.688311
1880547728.84728 -5184263932529.72 27087889841902.7 -6364.18883675276 32979.7365076701 559269950.688311
1881068223.65183 -5187576455312.73 27105055600202.5 -6364.17177308372 32979.6473498687 559269950.688311
1881588718.45638 -5190888969219.79 27122221312125.5 -6364.15473093408 32979.5583049732 559269950.688311
1882109213.26093 -5194201474262.09 27139386977730.4 -6364.13771026308 32979.4693727691 559269950.688311
1882629708.06548 -5197513970450.8 27156552597075.8 -6364.1207110301 32979.3805530422 559269950.688311
1883150202.87004 -5200826457797.07 27173718170220.3 -6364.1037331946 32979.291845579 559269950.688311
1883670697.67459 -5204138936312.03 27190883697222.1 -6364.08677671615 32979.2032501666 559269950.688311
1884191192.47914 -5207451406006.77 27208049178139.6 -6364.06984155442 32979.1147665923 559269950.688311
1884711687.28369 -5210763866892.39 27225214613031 -6364.05292766918 32979.0263946444 559269950.688311
1885232182.08825 -5214076318979.95 27242380001954.2 -6364.03603502029 32978.9381341113 559269950.688311
1885752676.8928 -5217388762280.49 27259545344967.2 -6364.01916356775 32978.8499847823 559269950.688311
1886273171.69735 -5220701196805.04 27276710642127.8 -6364.00231327161 32978.7619464469 559269950.688311
1886793666.5019 -5224013622564.59 27293875893493.8 -6363.98548409206 32978.6740188955 559269950.688311
1887314161.30646 -5227326039570.12 27311041099122.7 -6363.96867598937 32978.5862019186 559269950.688311
1887834656.11101 -5230638447832.61 27328206259072.1 -6363.95188892392 32978.4984953077 559269950.688311
1888355150.91556 -5233950847362.98 27345371373399.3 -6363.93512285617 32978.4108988544 559269950.688311
1888875645.72011 -5237263238172.15 27362536442161.6 -6363.9183777467 32978.323412351 559269950.688311
1889396140.52466 -5240575620271.03 27379701465416.3 -6363.90165355618 32978.2360355905 559269950.688311
1889916635.32922 -5243887993670.49 27396866443220.3 -6363.88495024538 32978.1487683661 559269950.688311
1890437130.13377 -5247200358381.39 27414031375630.6 -6363.86826777518 32978.0616104717 559269950.688311
1890957624.93832 -5250512714414.56 27431196262704.1 -6363.85160610653 32977.9745617017 559269950.688311
1891478119.74287 -5253825061780.83 27448361104497.6 -6363.83496520049 32977.887621851 559269950.688311
1891998614.54743 -5257137400490.99 27465525901067.5 -6363.81834501824 32977.8007907151 559269950.688311
1892519109.35198 -5260449730555.81 27482690652470.6 -6363.80174552103 32977.7140680897 559269950.688311
1893039604.15653 -5263762051986.05 27499855358763.2 -6363.7851666702 32977.6274537714 559269950.688311
1893560098.96108 -5267074364792.46 27517020020001.7 -6363.76860842722 32977.5409475572 559269950.688311
1894080593.76564 -5270386668985.74 27534184636242.2 -6363.75207075363 32977.4545492444 559269950.688311
1894601088.57019 -5273698964576.59 27551349207540.8 -6363.73555361106 32977.368258631 559269950.688311
1895121583.37474 -5277011251575.69 27568513733953.7 -6363.71905696127 32977.2820755156 559269950.688311
1895642078.17929 -5280323529993.7 27585678215536.6 -6363.70258076607 32977.1959996971 559269950.688311
1896162572.98384 -5283635799841.25 27602842652345.3 -6363.68612498741 32977.1100309748 559269950.688311
1896683067.7884 -5286948061128.95 27620007044435.7 -6363.66968958729 32977.024169149 559269950.688311
1897203562.59295 -5290260313867.41 27637171391863.1 -6363.65327452784 32976.9384140198 559269950.688311
1897724057.3975 -5293572558067.2 27654335694683.2 -6363.63687977127 32976.8527653885 559269950.688311
1898244552.20205 -5296884793738.88 27671499952951.3 -6363.62050527988 32976.7672230564 559269950.688311
1898765047.00661 -5300197020892.99 27688664166722.7 -6363.60415101606 32976.6817868254 559269950.688311
1899285541.81116 -5303509239540.04 27705828336052.5 -6363.58781694231 32976.596456498 559269950.688311
1899806036.61571 -5306821449690.54 27722992460995.9 -6363.57150302122 32976.5112318772 559269950.688311
1900326531.42026 -5310133651354.97 27740156541607.7 -6363.55520921545 32976.4261127664 559269950.688311
1900847026.22482 -5313445844543.78 27757320577942.9 -6363.53893548778 32976.3410989695 559269950.688311
1901367521.02937 -5316758029267.42 27774484570056.3 -6363.52268180106 32976.2561902908 559269950.688311
1901888015.83392 -5320070205536.31 27791648518002.4 -6363.50644811824 32976.1713865354 559269950.688311
1902408510.63847 -5323382373360.84 27808812421835.9 -6363.49023440238 32976.0866875085 559269950.688311
1902929005.44302 -5326694532751.42 27825976281611.1 -6363.4740406166 32976.002093016 559269950.688311
1903449500.24758 -5330006683718.38 27843140097382.6 -6363.45786672412 32975.9176028642 559269950.688311
1903969995.05213 -5333318826272.09 27860303869204.5 -6363.44171268826 32975.83321686 559269950.688311
1904490489.85668 -5336630960422.87 27877467597130.9 -6363.42557847244 32975.7489348105 559269950.688311
1905010984.66123 -5339943086181.02 27894631281216.1 -6363.40946404013 32975.6647565237 559269950.688311
1905531479.46579 -5343255203556.84 27911794921513.8 -6363.39336935494 32975.5806818077 559269950.688311
1906051974.27034 -5346567312560.59 27928958518077.9 -6363.37729438052 32975.4967104712 559269950.688311
1906572469.07489 -5349879413202.51 27946122070962.3 -6363.36123908065 32975.4128423234 559269950.688311
1907092963.87944 -5353191505492.85 27963285580220.6 -6363.34520341918 32975.3290771739 559269950.688311
1907613458.684 -5356503589441.82 27980449045906.3 -6363.32918736004 32975.245414833 559269950.688311
1908133953.48855 -5359815665059.6 27997612468072.9 -6363.31319086728 32975.1618551111 559269950.688311
1908654448.2931 -5363127732356.38 28014775846773.8 -6363.297213905 32975.0783978193 559269950.688311
1909174943.09765 -5366439791342.3 28031939182062.2 -6363.28125643741 32974.9950427691 559269950.688311
1909695437.9022 -5369751842027.51 28049102473991.3 -6363.2653184288 32974.9117897725 559269950.688311
1910215932.70676 -5373063884422.13 28066265722614.1 -6363.24939984355 32974.828638642 559269950.688311
1910736427.51131 -5376375918536.25 28083428927983.7 -6363.23350064614 32974.7455891904 559269950.688311
1911256922.31586 -5379687944379.97 28100592090153 -6363.21762080111 32974.6626412311 559269950.688311
1911777417.12041 -5382999961963.33 28117755209174.6 -6363.2017602731 32974.5797945778 559269950.688311
1912297911.92497 -5386311971296.39 28134918285101.2 -6363.18591902684 32974.497049045 559269950.688311
1912818406.72952 -5389623972389.17 28152081317985.6 -6363.17009702714 32974.4144044473 559269950.688311
1913338901.53407 -5392935965251.69 28169244307880 -6363.1542942389 32974.3318605998 559269950.688311
1913859396.33862 -5396247949893.93 28186407254837.1 -6363.1385106271 32974.2494173182 559269950.688311
1914379891.14318 -5399559926325.87 28203570158908.9 -6363.12274615682 32974.1670744186 559269950.688311
1914900385.94773 -5402871894557.45 28220733020147.8 -6363.10700079319 32974.0848317175 559269950.688311
1915420880.75228 -5406183854598.62 28237895838605.8 -6363.09127450147 32974.0026890319 559269950.688311
1915941375.55683 -5409495806459.29 28255058614335 -6363.07556724697 32973.9206461792 559269950.688311
1916461870.36138 -5412807750149.37 28272221347387.2 -6363.05987899511 32973.8387029772 559269950.688311
1916982365.16594 -5416119685678.73 28289384037814.3 -6363.04420971136 32973.7568592443 559269950.688311
1917502859.97049 -5419431613057.24 28306546685668 -6363.0285593613 32973.6751147992 559269950.688311
1918023354.77504 -5422743532294.74 28323709291000 -6363.0129279106 32973.5934694611 559269950.688311
1918543849.57959 -5426055443401.06 28340871853861.7 -6362.99731532498 32973.5119230497 559269950.688311
1919064344.38415 -5429367346386.02 28358034374304.7 -6362.98172157028 32973.4304753849 559269950.688311
1919584839.1887 -5432679241259.4 28375196852380.2 -6362.9661466124 32973.3491262874 559269950.688311
1920105333.99325 -5435991128030.98 28392359288139.6 -6362.95059041733 32973.2678755779 559269950.68831
1920625828.7978 -5439303006710.52 28409521681634 -6362.93505295113 32973.186723078 559269950.688311
1921146323.60236 -5442614877307.75 28426684032914.4 -6362.91953417996 32973.1056686095 559269950.688311
1921666818.40691 -5445926739832.4 28443846342031.9 -6362.90403407005 32973.0247119944 559269950.688311
1922187313.21146 -5449238594294.18 28461008609037.3 -6362.88855258772 32972.9438530556 559269950.688311
1922707808.01601 -5452550440702.76 28478170833981.4 -6362.87308969936 32972.8630916161 559269950.688311
1923228302.82056 -5455862279067.83 28495333016915 -6362.85764537146 32972.7824274995 559269950.688311
1923748797.62512 -5459174109399.02 28512495157888.6 -6362.84221957056 32972.7018605296 559269950.688311
1924269292.42967 -5462485931705.98 28529657256952.7 -6362.8268122633 32972.6213905309 559269950.688311
1924789787.23422 -5465797745998.32 28546819314157.8 -6362.8114234164 32972.5410173281 559269950.688311
1925310282.03877 -5469109552285.64 28563981329554.3 -6362.79605299667 32972.4607407465 559269950.688311
1925830776.84333 -5472421350577.53 28581143303192.3 -6362.78070097097 32972.3805606117 559269950.688311
1926351271.64788 -5475733140883.55 28598305235122 -6362.76536730627 32972.3004767498 559269950.688311
1926871766.45243 -5479044923213.25 28615467125393.5 -6362.7500519696 32972.2204889873 559269950.688311
1927392261.25698 -5482356697576.15 28632628974056.8 -6362.73475492807 32972.140597151 559269950.688311
1927912756.06154 -5485668463981.78 28649790781161.7 -6362.71947614888 32972.0608010682 559269950.688311
1928433250.86609 -5488980222439.63 28666952546758 -6362.7042155993 32971.9811005667 559269950.688311
1928953745.67064 -5492291972959.18 28684114270895.5 -6362.68897324668 32971.9014954747 559269950.688311
1929474240.47519 -5495603715549.9 28701275953623.8 -6362.67374905846 32971.8219856206 559269950.688311
1929994735.27975 -5498915450221.22 28718437594992.3 -6362.65854300213 32971.7425708334 559269950.688311
1930515230.0843 -5502227176982.58 28735599195050.5 -6362.64335504527 32971.6632509426 559269950.688311
1931035724.88885 -5505538895843.39 28752760753847.8 -6362.62818515556 32971.5840257778 559269950.688311
1931556219.6934 -5508850606813.05 28769922271433.5 -6362.61303330073 32971.5048951694 559269950.688311
1932076714.49795 -5512162309900.93 28787083747856.6 -6362.59789944859 32971.4258589477 559269950.688311
1932597209.30251 -5515474005116.4 28804245183166.4 -6362.58278356703 32971.346916944 559269950.688311
1933117704.10706 -5518785692468.81 28821406577411.7 -6362.56768562403 32971.2680689895 559269950.688311
1933638198.91161 -5522097371967.47 28838567930641.5 -6362.55260558762 32971.1893149161 559269950.688311
1934158693.71616 -5525409043621.71 28855729242904.6 -6362.53754342593 32971.1106545559 559269950.688311
1934679188.52072 -5528720707440.81 28872890514249.7 -6362.52249910715 32971.0320877417 559269950.688311
1935199683.32527 -5532032363434.06 28890051744725.5 -6362.50747259955 32970.9536143063 559269950.688311
1935720178.12982 -5535344011610.72 28907212934380.6 -6362.49246387149 32970.8752340833 559269950.688311
1936240672.93437 -5538655651980.03 28924374083263.4 -6362.47747289137 32970.7969469063 559269950.688311
1936761167.73893 -5541967284551.23 28941535191422.4 -6362.4624996277 32970.7187526096 559269950.688311
1937281662.54348 -5545278909333.53 28958696258905.7 -6362.44754404905 32970.6406510277 559269950.688311
1937802157.34803 -5548590526336.12 28975857285761.7 -6362.43260612407 32970.5626419958 559269950.688311
1938322652.15258 -5551902135568.19 28993018272038.4 -6362.41768582146 32970.484725349 559269950.688311
1938843146.95713 -5555213737038.9 29010179217783.9 -6362.40278311004 32970.4069009232 559269950.688311
1939363641.76169 -5558525330757.39 29027340123046.2 -6362.38789795865 32970.3291685546 559269950.688311
1939884136.56624 -5561836916732.8 29044500987873 -6362.37303033625 32970.2515280797 559269950.688311
1940404631.37079 -5565148494974.25 29061661812312.4 -6362.35818021185 32970.1739793354 559269950.688311
1940925126.17534 -5568460065490.83 29078822596411.8 -6362.34334755453 32970.096522159 559269950.688311
1941445620.9799 -5571771628291.63 29095983340219 -6362.32853233345 32970.0191563882 559269950.688311
1941966115.78445 -5575083183385.72 29113144043781.4 -6362.31373451785 32969.9418818611 559269950.688312
1942486610.589 -5578394730782.15 29130304707146.6 -6362.29895407703 32969.8646984162 559269950.688312
1943007105.39355 -5581706270489.94 29147465330361.8 -6362.28419098037 32969.7876058924 559269950.688311
1943527600.19811 -5585017802518.13 29164625913474.4 -6362.26944519731 32969.7106041287 559269950.688312
1944048095.00266 -5588329326875.71 29181786456531.6 -6362.25471669738 32969.633692965 559269950.688312
1944568589.80721 -5591640843571.68 29198946959580.5 -6362.24000545017 32969.556872241 559269950.688312
1945089084.61176 -5594952352615 29216107422668 -6362.22531142535 32969.4801417973 559269950.688312
1945609579.41631 -5598263854014.64 29233267845841.3 -6362.21063459264 32969.4035014745 559269950.688312
1946130074.22087 -5601575347779.53 29250428229147.1 -6362.19597492186 32969.3269511137 559269950.688312
1946650569.02542 -5604886833918.59 29267588572632.1 -6362.18133238288 32969.2504905565 559269950.688312
1947171063.82997 -5608198312440.74 29284748876343.2 -6362.16670694564 32969.1741196447 559269950.688312
1947691558.63452 -5611509783354.87 29301909140327 -6362.15209858017 32969.0978382205 559269950.688312
1948212053.43908 -5614821246669.86 29319069364629.9 -6362.13750725655 32969.0216461265 559269950.688312
1948732548.24363 -5618132702394.57 29336229549298.4 -6362.12293294494 32968.9455432058 559269950.688312
1949253043.04818 -5621444150537.85 29353389694378.9 -6362.10837561557 32968.8695293015 559269950.688312
1949773537.85273 -5624755591108.52 29370549799917.7 -6362.09383523872 32968.7936042575 559269950.688312
1950294032.65729 -5628067024115.42 29387709865961.1 -6362.07931178478 32968.7177679178 559269950.688312
1950814527.46184 -5631378449567.32 29404869892555 -6362.06480522417 32968.6420201268 559269950.688312
1951335022.26639 -5634689867473.03 29422029879745.6 -6362.0503155274 32968.5663607294 559269950.688312
1951855517.07094 -5638001277841.31 29439189827578.9 -6362.03584266504 32968.4907895707 559269950.688312
1952376011.87549 -5641312680680.91 29456349736100.7 -6362.02138660773 32968.4153064962 559269950.688312
1952896506.68005 -5644624076000.58 29473509605356.9 -6362.00694732618 32968.3399113518 559269950.688312
1953417001.4846 -5647935463809.03 29490669435393.1 -6361.99252479117 32968.2646039838 559269950.688312
1953937496.28915 -5651246844114.98 29507829226255 -6361.97811897354 32968.1893842387 559269950.688312
1954457991.0937 -5654558216927.13 29524988977988.2 -6361.96372984421 32968.1142519636 559269950.688312
1954978485.89826 -5657869582254.14 29542148690638.2 -6361.94935737416 32968.0392070057 559269950.688312
1955498980.70281 -5661180940104.69 29559308364250.4 -6361.93500153442 32967.9642492127 559269950.688312
1956019475.50736 -5664492290487.42 29576467998870.1 -6361.92066229613 32967.8893784326 559269950.688312
1956539970.31191 -5667803633410.96 29593627594542.5 -6361.90633963046 32967.8145945139 559269950.688312
1957060465.11647 -5671114968883.94 29610787151312.9 -6361.89203350866 32967.7398973052 559269950.688312
1957580959.92102 -5674426296914.95 29627946669226.3 -6361.87774390205 32967.6652866557 559269950.688312
1958101454.72557 -5677737617512.59 29645106148327.7 -6361.863470782 32967.5907624147 559269950.688312
1958621949.53012 -5681048930685.43 29662265588662.1 -6361.84921411996 32967.5163244321 559269950.688311
1959142444.33467 -5684360236442.03 29679424990274.4 -6361.83497388746 32967.441972558 559269950.688312
1959662939.13923 -5687671534790.93 29696584353209.2 -6361.82075005606 32967.3677066428 559269950.688312
1960183433.94378 -5690982825740.67 29713743677511.4 -6361.80654259741 32967.2935265375 559269950.688312
1960703928.74833 -5694294109299.74 29730902963225.5 -6361.79235148322 32967.2194320931 559269950.688312
1961224423.55288 -5697605385476.67 29748062210396.1 -6361.77817668527 32967.1454231612 559269950.688312
1961744918.35744 -5700916654279.93 29765221419067.7 -6361.7640181754 32967.0714995936 559269950.688312
1962265413.16199 -5704227915717.99 29782380589284.6 -6361.74987592552 32966.9976612426 559269950.688312
1962785907.96654 -5707539169799.3 29799539721091.1 -6361.73574990759 32966.9239079606 559269950.688312
1963306402.77109 -5710850416532.32 29816698814531.6 -6361.72164009364 32966.8502396007 559269950.688312
1963826897.57565 -5714161655925.46 29833857869650.2 -6361.70754645578 32966.7766560159 559269950.688312
1964347392.3802 -5717472887987.14 29851016886490.9 -6361.69346896618 32966.7031570599 559269950.688312
1964867887.18475 -5720784112725.76 29868175865097.8 -6361.67940759704 32966.6297425865 559269950.688312
1965388381.9893 -5724095330149.7 29885334805514.7 -6361.66536232068 32966.55641245 559269950.688312
1965908876.79385 -5727406540267.32 29902493707785.7 -6361.65133310943 32966.4831665049 559269950.688312
1966429371.59841 -5730717743086.99 29919652571954.4 -6361.63731993573 32966.4100046063 559269950.688312
1966949866.40296 -5734028938617.04 29936811398064.5 -6361.62332277204 32966.3369266092 559269950.688312
1967470361.20751 -5737340126865.81 29953970186159.7 -6361.60934159091 32966.2639323693 559269950.688311
1967990856.01206 -5740651307841.59 29971128936283.6 -6361.59537636495 32966.1910217424 559269950.688311
1968511350.81662 -5743962481552.69 29988287648479.6 -6361.58142706683 32966.1181945849 559269950.688311
1969031845.62117 -5747273648007.4 30005446322791.1 -6361.56749366927 32966.0454507532 559269950.688311
1969552340.42572 -5750584807213.97 30022604959261.5 -6361.55357614508 32965.9727901043 559269950.688311
1970072835.23027 -5753895959180.67 30039763557934.1 -6361.5396744671 32965.9002124953 559269950.688311
1970593330.03483 -5757207103915.74 30056922118851.9 -6361.52578860826 32965.8277177839 559269950.688311
1971113824.83938 -5760518241427.4 30074080642058.1 -6361.51191854153 32965.7553058279 559269950.688311
1971634319.64393 -5763829371723.87 30091239127595.9 -6361.49806423996 32965.6829764854 559269950.688311
1972154814.44848 -5767140494813.35 30108397575508 -6361.48422567664 32965.6107296151 559269950.688311
1972675309.25304 -5770451610704.01 30125555985837.5 -6361.47040282475 32965.5385650758 559269950.688311
1973195804.05759 -5773762719404.03 30142714358627 -6361.4565956575 32965.4664827265 559269950.688311
1973716298.86214 -5777073820921.57 30159872693919.5 -6361.44280414818 32965.3944824269 559269950.688311
1974236793.66669 -5780384915264.78 30177030991757.5 -6361.42902827014 32965.3225640367 559269950.688311
1974757288.47124 -5783696002441.77 30194189252183.6 -6361.41526799678 32965.2507274161 559269950.688311
1975277783.2758 -5787007082460.66 30211347475240.4 -6361.40152330157 32965.1789724254 559269950.688311
1975798278.08035 -5790318155329.56 30228505660970.3 -6361.38779415804 32965.1072989255 559269950.688311
1976318772.8849 -5793629221056.56 30245663809415.7 -6361.37408053977 32965.0357067774 559269950.688311
1976839267.68945 -5796940279649.72 30262821920618.9 -6361.36038242041 32964.9641958426 559269950.688311
1977359762.49401 -5800251331117.11 30279979994622.2 -6361.34669977368 32964.8927659828 559269950.688311
1977880257.29856 -5803562375466.78 30297138031467.6 -6361.33303257332 32964.8214170599 559269950.688311
1978400752.10311 -5806873412706.75 30314296031197.3 -6361.31938079318 32964.7501489363 559269950.688311
1978921246.90766 -5810184442845.05 30331453993853.4 -6361.30574440713 32964.6789614747 559269950.688311
1979441741.71222 -5813495465889.68 30348611919477.6 -6361.29212338912 32964.607854538 559269950.688311
1979962236.51677 -5816806481848.63 30365769808112.1 -6361.27851771314 32964.5368279895 559269950.688311
1980482731.32132 -5820117490729.89 30382927659798.4 -6361.26492735327 32964.4658816928 559269950.688311
1981003226.12587 -5823428492541.42 30400085474578.5 -6361.25135228363 32964.3950155118 559269950.688311
1981523720.93042 -5826739487291.17 30417243252493.9 -6361.23779247838 32964.3242293107 559269950.688311
1982044215.73498 -5830050474987.08 30434400993586.2 -6361.22424791176 32964.2535229539 559269950.688311
1982564710.53953 -5833361455637.07 30451558697897 -6361.21071855807 32964.1828963064 559269950.688311
1983085205.34408 -5836672429249.06 30468716365467.7 -6361.19720439167 32964.1123492331 559269950.688311
1983605700.14863 -5839983395830.94 30485873996339.7 -6361.18370538695 32964.0418815996 559269950.688311
1984126194.95319 -5843294355390.59 30503031590554.3 -6361.17022151839 32963.9714932716 559269950.688311
1984646689.75774 -5846605307935.9 30520189148152.7 -6361.15675276052 32963.9011841151 559269950.688311
1985167184.56229 -5849916253474.72 30537346669176.2 -6361.14329908791 32963.8309539963 559269950.688311
1985687679.36684 -5853227192014.89 30554504153665.8 -6361.1298604752 32963.7608027821 559269950.688311
1986208174.1714 -5856538123564.25 30571661601662.6 -6361.11643689709 32963.6907303392 559269950.688311
1986728668.97595 -5859849048130.61 30588819013207.5 -6361.10302832833 32963.620736535 559269950.688311
1987249163.7805 -5863159965721.78 30605976388341.4 -6361.08963474372 32963.5508212369 559269950.688311
1987769658.58505 -5866470876345.55 30623133727105.1 -6361.07625611815 32963.4809843127 559269950.688311
1988290153.3896 -5869781780009.71 30640291029539.5 -6361.06289242651 32963.4112256307 559269950.688311
1988810648.19416 -5873092676722.01 30657448295685.2 -6361.04954364381 32963.3415450592 559269950.688311
1989331142.99871 -5876403566490.22 30674605525582.8 -6361.03620974506 32963.2719424669 559269950.688311
1989851637.80326 -5879714449322.07 30691762719272.9 -6361.02289070535 32963.2024177229 559269950.688311
1990372132.60781 -5883025325225.3 30708919876796 -6361.00958649984 32963.1329706964 559269950.688311
1990892627.41237 -5886336194207.6 30726076998192.4 -6360.99629710371 32963.0636012571 559269950.688311
1991413122.21692 -5889647056276.7 30743234083502.6 -6360.98302249224 32962.9943092748 559269950.688311
1991933617.02147 -5892957911440.27 30760391132766.7 -6360.96976264072 32962.9250946198 559269950.688311
1992454111.82602 -5896268759705.99 30777548146025.1 -6360.95651752452 32962.8559571624 559269950.688311
1992974606.63058 -5899579601081.53 30794705123317.9 -6360.94328711907 32962.7868967734 559269950.688311
1993495101.43513 -5902890435574.53 30811862064685.2 -6360.93007139984 32962.717913324 559269950.688311
1994015596.23968 -5906201263192.64 30829018970166.9 -6360.91687034235 32962.6490066853 559269950.688311
1994536091.04423 -5909512083943.48 30846175839803 -6360.9036839222 32962.5801767291 559269950.688311
1995056585.84878 -5912822897834.65 30863332673633.4 -6360.89051211502 32962.5114233273 559269950.688311
1995577080.65334 -5916133704873.77 30880489471697.9 -6360.87735489651 32962.442746352 559269950.688311
1996097575.45789 -5919444505068.42 30897646234036.3 -6360.8642122424 32962.3741456757 559269950.688311
1996618070.26244 -5922755298426.16 30914802960688.2 -6360.85108412851 32962.3056211712 559269950.688311
1997138565.06699 -5926066084954.57 30931959651693.2 -6360.83797053068 32962.2371727116 559269950.688311
1997659059.87155 -5929376864661.19 30949116307091 -6360.82487142482 32962.1688001701 559269950.688311
1998179554.6761 -5932687637553.57 30966272926920.9 -6360.81178678689 32962.1005034203 559269950.688311
1998700049.48065 -5935998403639.21 30983429511222.4 -6360.79871659291 32962.0322823363 559269950.688311
1999220544.2852 -5939309162925.65 31000586060034.9 -6360.78566081894 32961.964136792 559269950.688311
1999741039.08976 -5942619915420.37 31017742573397.6 -6360.77261944111 32961.896066662 559269950.688311
2000261533.89431 -5945930661130.86 31034899051349.7 -6360.75959243558 32961.8280718211 559269950.688311
2000782028.69886 -5949241400064.59 31052055493930.5 -6360.74657977859 32961.7601521441 559269950.688311
2001302523.50341 -5952552132229.04 31069211901178.9 -6360.7335814464 32961.6923075064 559269950.688311
2001823018.30796 -5955862857631.64 31086368273134.1 -6360.72059741535 32961.6245377835 559269950.688311
2002343513.11252 -5959173576279.84 31103524609834.9 -6360.70762766181 32961.5568428514 559269950.688311
2002864007.91707 -5962484288181.06 31120680911320.4 -6360.69467216224 32961.489222586 559269950.688311
2003384502.72162 -5965794993342.72 31137837177629.2 -6360.6817308931 32961.4216768637 559269950.688311
2003904997.52617 -5969105691772.21 31154993408800.2 -6360.66880383094 32961.3542055613 559269950.688311
2004425492.33073 -5972416383476.92 31172149604872.1 -6360.65589095235 32961.2868085556 559269950.688311
2004945987.13528 -5975727068464.23 31189305765883.5 -6360.64299223397 32961.2194857239 559269950.688311
2005466481.93983 -5979037746741.51 31206461891873 -6360.63010765249 32961.1522369436 559269950.688311
2005986976.74438 -5982348418316.1 31223617982879.1 -6360.61723718465 32961.0850620924 559269950.688311
2006507471.54894 -5985659083195.35 31240774038940.2 -6360.60438080725 32961.0179610483 559269950.688311
2007027966.35349 -5988969741386.59 31257930060094.8 -6360.59153849713 32960.9509336897 559269950.688311
2007548461.15804 -5992280392897.12 31275086046381.2 -6360.57871023119 32960.8839798951 559269950.688311
2008068955.96259 -5995591037734.26 31292241997837.5 -6360.56589598637 32960.8170995432 559269950.688311
2008589450.76714 -5998901675905.3 31309397914502.1 -6360.55309573968 32960.7502925132 559269950.688311
2009109945.5717 -6002212307417.51 31326553796413 -6360.54030946816 32960.6835586844 559269950.688311
2009630440.37625 -6005522932278.16 31343709643608.3 -6360.5275371489 32960.6168979364 559269950.688311
2010150935.1808 -6008833550494.52 31360865456126.1 -6360.51477875906 32960.5503101491 559269950.688311
2010671429.98535 -6012144162073.82 31378021234004.2 -6360.50203427584 32960.4837952026 559269950.688311
2011191924.78991 -6015454767023.3 31395176977280.6 -6360.48930367647 32960.4173529773 559269950.688311
2011712419.59446 -6018765365350.17 31412332685993 -6360.47658693826 32960.3509833538 559269950.688311
2012232914.39901 -6022075957061.65 31429488360179.2 -6360.46388403855 32960.2846862132 559269950.688311
2012753409.20356 -6025386542164.94 31446643999877 -6360.45119495474 32960.2184614365 559269950.688311
2013273904.00812 -6028697120667.21 31463799605124 -6360.43851966428 32960.1523089052 559269950.688311
2013794398.81267 -6032007692575.64 31480955175957.6 -6360.42585814465 32960.0862285011 559269950.688311
2014314893.61722 -6035318257897.4 31498110712415.5 -6360.41321037341 32960.020220106 559269950.688311
2014835388.42177 -6038628816639.63 31515266214535.1 -6360.40057632814 32959.9542836022 559269950.688311
2015355883.22633 -6041939368809.48 31532421682353.7 -6360.38795598648 32959.8884188722 559269950.688311
2015876378.03088 -6045249914414.06 31549577115908.8 -6360.37534932613 32959.8226257986 559269950.688311
2016396872.83543 -6048560453460.5 31566732515237.5 -6360.36275632482 32959.7569042646 559269950.688311
2016917367.63998 -6051870985955.9 31583887880377.1 -6360.35017696034 32959.6912541532 559269950.688311
2017437862.44453 -6055181511907.34 31601043211364.8 -6360.33761121052 32959.625675348 559269950.688311
2017958357.24909 -6058492031321.92 31618198508237.5 -6360.32505905325 32959.5601677328 559269950.688311
2018478852.05364 -6061802544206.7 31635353771032.4 -6360.31252046645 32959.4947311916 559269950.688311
2018999346.85819 -6065113050568.73 31652508999786.3 -6360.2999954281 32959.4293656085 559269950.688311
2019519841.66274 -6068423550415.07 31669664194536.3 -6360.28748391623 32959.3640708682 559269950.688311
2020040336.4673 -6071734043752.75 31686819355319 -6360.27498590892 32959.2988468553 559269950.688311
2020560831.27185 -6075044530588.79 31703974482171.5 -6360.26250138428 32959.2336934549 559269950.688311
2021081326.0764 -6078355010930.2 31721129575130.2 -6360.25003032047 32959.1686105522 559269950.688311
2021601820.88095 -6081665484783.99 31738284634232 -6360.23757269573 32959.1035980327 559269950.688311
2022122315.68551 -6084975952157.14 31755439659513.3 -6360.2251284883 32959.0386557822 559269950.688311
2022642810.49006 -6088286413056.64 31772594651010.9 -6360.2126976765 32958.9737836867 559269950.688311
2023163305.29461 -6091596867489.44 31789749608761.1 -6360.20028023868 32958.9089816324 559269950.688311
2023683800.09916 -6094907315462.5 31806904532800.3 -6360.18787615325 32958.8442495058 559269950.688311
2024204294.90371 -6098217756982.78 31824059423165 -6360.17548539865 32958.7795871936 559269950.68831
2024724789.70827 -6101528192057.19 31841214279891.4 -6360.16310795339 32958.7149945829 559269950.68831
2025245284.51282 -6104838620692.67 31858369103015.9 -6360.15074379599 32958.6504715608 559269950.68831
2025765779.31737 -6108149042896.12 31875523892574.5 -6360.13839290506 32958.5860180148 559269950.68831
2026286274.12192 -6111459458674.45 31892678648603.4 -6360.12605525921 32958.5216338327 559269950.68831
2026806768.92648 -6114769868034.54 31909833371138.8 -6360.11373083714 32958.4573189024 559269950.68831
2027327263.73103 -6118080270983.26 31926988060216.5 -6360.10141961757 32958.393073112 559269950.68831
2027847758.53558 -6121390667527.5 31944142715872.6 -6360.08912157927 32958.32889635 559269950.68831
2028368253.34013 -6124701057674.09 31961297338143 -6360.07683670105 32958.2647885051 559269950.688311
2028888748.14469 -6128011441429.89 31978451927063.5 -6360.06456496179 32958.2007494662 559269950.68831
2029409242.94924 -6131321818801.72 31995606482669.9 -6360.05230634037 32958.1367791225 559269950.68831
2029929737.75379 -6134632189796.42 32012761004997.9 -6360.04006081577 32958.0728773633 559269950.68831
2030450232.55834 -6137942554420.79 32029915494083.2 -6360.02782836697 32958.0090440783 559269950.68831
2030970727.36289 -6141252912681.63 32047069949961.4 -6360.01560897303 32957.9452791573 559269950.68831
2031491222.16745 -6144563264585.73 32064224372668.1 -6360.00340261301 32957.8815824905 559269950.68831
2032011716.972 -6147873610139.88 32081378762238.7 -6359.99120926607 32957.8179539681 559269950.68831
2032532211.77655 -6151183949350.83 32098533118708.7 -6359.97902891137 32957.7543934808 559269950.68831
2033052706.5811 -6154494282225.35 32115687442113.5 -6359.96686152813 32957.6909009194 559269950.68831
2033573201.38566 -6157804608770.18 32132841732488.4 -6359.95470709563 32957.6274761749 559269950.68831
2034093696.19021 -6161114928992.05 32149995989868.7 -6359.94256559317 32957.5641191385 559269950.68831
2034614190.99476 -6164425242897.7 32167150214289.6 -6359.9304370001 32957.5008297019 559269950.68831
2035134685.79931 -6167735550493.83 32184304405786.2 -6359.91832129582 32957.4376077566 559269950.68831
2035655180.60387 -6171045851787.15 32201458564393.7 -6359.90621845977 32957.3744531948 559269950.68831
2036175675.40842 -6174356146784.36 32218612690147 -6359.89412847144 32957.3113659085 559269950.68831
2036696170.21297 -6177666435492.12 32235766783081.2 -6359.88205131036 32957.2483457903 559269950.68831
2037216665.01752 -6180976717917.12 32252920843231.3 -6359.8699869561 32957.1853927327 559269950.688311
2037737159.82207 -6184286994066.02 32270074870632 -6359.85793538828 32957.1225066287 559269950.688311
2038257654.62663 -6187597263945.46 32287228865318.3 -6359.84589658654 32957.0596873714 559269950.688311
2038778149.43118 -6190907527562.08 32304382827324.8 -6359.83387053061 32956.9969348542 559269950.68831
2039298644.23573 -6194217784922.52 32321536756686.3 -6359.82185720021 32956.9342489705 559269950.688311
2039819139.04028 -6197528036033.38 32338690653437.4 -6359.80985657515 32956.8716296143 559269950.688311
2040339633.84484 -6200838280901.29 32355844517612.8 -6359.79786863525 32956.8090766795 559269950.688311
2040860128.64939 -6204148519532.84 32372998349247 -6359.78589336037 32956.7465900603 559269950.688311
2041380623.45394 -6207458751934.6 32390152148374.5 -6359.77393073045 32956.6841696513 559269950.68831
2041901118.25849 -6210768978113.17 32407305915029.6 -6359.76198072544 32956.6218153472 559269950.688311
2042421613.06305 -6214079198075.1 32424459649246.9 -6359.75004332534 32956.5595270428 559269950.68831
2042942107.8676 -6217389411826.96 32441613351060.5 -6359.7381185102 32956.4973046333 559269950.68831
2043462602.67215 -6220699619375.28 32458767020504.9 -6359.72620626009 32956.4351480141 559269950.68831
2043983097.4767 -6224009820726.6 32475920657614.1 -6359.71430655515 32956.3730570808 559269950.68831
2044503592.28125 -6227320015887.45 32493074262422.5 -6359.70241937554 32956.3110317291 559269950.68831
2045024087.08581 -6230630204864.33 32510227834963.9 -6359.69054470149 32956.2490718551 559269950.68831
2045544581.89036 -6233940387663.76 32527381375272.7 -6359.67868251323 32956.1871773551 559269950.68831
2046065076.69491 -6237250564292.23 32544534883382.6 -6359.66683279106 32956.1253481255 559269950.68831
2046585571.49946 -6240560734756.23 32561688359327.7 -6359.65499551533 32956.0635840631 559269950.68831
2047106066.30402 -6243870899062.21 32578841803141.9 -6359.64317066641 32956.0018850646 559269950.68831
2047626561.10857 -6247181057216.65 32595995214858.9 -6359.63135822471 32955.9402510272 559269950.68831
2048147055.91312 -6250491209226.01 32613148594512.7 -6359.6195581707 32955.8786818484 559269950.68831
2048667550.71767 -6253801355096.71 32630301942136.9 -6359.60777048488 32955.8171774255 559269950.68831
2049188045.52223 -6257111494835.2 32647455257765.2 -6359.59599514779 32955.7557376565 559269950.68831
2049708540.32678 -6260421628447.9 32664608541431.2 -6359.58423214001 32955.6943624392 559269950.68831
2050229035.13133 -6263731755941.22 32681761793168.5 -6359.57248144216 32955.6330516719 559269950.68831
2050749529.93588 -6267041877321.56 32698915013010.6 -6359.56074303491 32955.5718052531 559269950.68831
2051270024.74043 -6270351992595.32 32716068200991 -6359.54901689897 32955.5106230812 559269950.68831
2051790519.54499 -6273662101768.87 32733221357143.1 -6359.53730301508 32955.4495050553 559269950.68831
2052311014.34954 -6276972204848.59 32750374481500.2 -6359.52560136402 32955.3884510742 559269950.68831
2052831509.15409 -6280282301840.84 32767527574095.7 -6359.51391192662 32955.3274610374 559269950.68831
2053352003.95864 -6283592392751.98 32784680634962.9 -6359.50223468374 32955.2665348442 559269950.68831
2053872498.7632 -6286902477588.34 32801833664134.8 -6359.4905696163 32955.2056723944 559269950.68831
2054392993.56775 -6290212556356.25 32818986661644.8 -6359.47891670523 32955.1448735878 559269950.68831
2054913488.3723 -6293522629062.05 32836139627525.8 -6359.46727593152 32955.0841383247 559269950.68831
2055433983.17685 -6296832695712.04 32853292561810.9 -6359.4556472762 32955.0234665052 559269950.68831
2055954477.98141 -6300142756312.52 32870445464533.2 -6359.44403072032 32954.9628580299 559269950.68831
2056474972.78596 -6303452810869.8 32887598335725.5 -6359.432426245 32954.9023127995 559269950.68831
2056995467.59051 -6306762859390.14 32904751175420.8 -6359.42083383138 32954.8418307151 559269950.68831
2057515962.39506 -6310072901879.83 32921903983651.9 -6359.40925346064 32954.7814116777 559269950.68831
2058036457.19962 -6313382938345.12 32939056760451.6 -6359.397685114 32954.7210555886 559269950.68831
2058556952.00417 -6316692968792.28 32956209505852.6 -6359.38612877271 32954.6607623496 559269950.68831
2059077446.80872 -6320002993227.54 32973362219887.7 -6359.37458441809 32954.6005318622 559269950.68831
2059597941.61327 -6323313011657.13 32990514902589.4 -6359.36305203147 32954.5403640286 559269950.68831
2060118436.41782 -6326623024087.3 33007667553990.3 -6359.35153159423 32954.4802587508 559269950.68831
2060638931.22238 -6329933030524.24 33024820174123 -6359.34002308778 32954.4202159312 559269950.68831
2061159426.02693 -6333243030974.16 33041972763020 -6359.32852649357 32954.3602354725 559269950.68831
2061679920.83148 -6336553025443.26 33059125320713.6 -6359.31704179311 32954.3003172774 559269950.68831
2062200415.63603 -6339863013937.73 33076277847236.3 -6359.30556896792 32954.2404612488 559269950.68831
2062720910.44059 -6343172996463.73 33093430342620.5 -6359.29410799956 32954.1806672901 559269950.68831
2063241405.24514 -6346482973027.45 33110582806898.3 -6359.28265886966 32954.1209353045 559269950.68831
2063761900.04969 -6349792943635.02 33127735240102 -6359.27122155985 32954.0612651957 559269950.68831
2064282394.85424 -6353102908292.61 33144887642263.9 -6359.25979605182 32954.0016568675 559269950.68831
2064802889.6588 -6356412867006.35 33162040013415.9 -6359.24838232728 32953.9421102238 559269950.68831
2065323384.46335 -6359722819782.37 33179192353590.3 -6359.236980368 32953.8826251689 559269950.68831
2065843879.2679 -6363032766626.79 33196344662819.1 -6359.22559015578 32953.823201607 559269950.68831
2066364374.07245 -6366342707545.71 33213496941134.1 -6359.21421167245 32953.7638394429 559269950.68831
2066884868.877 -6369652642545.24 33230649188567.4 -6359.20284489988 32953.7045385813 559269950.68831
2067405363.68156 -6372962571631.47 33247801405150.9 -6359.19148981998 32953.6452989271 559269950.68831
2067925858.48611 -6376272494810.47 33264953590916.3 -6359.1801464147 32953.5861203856 559269950.68831
2068446353.29066 -6379582412088.33 33282105745895.5 -6359.16881466602 32953.5270028621 559269950.68831
2068966848.09521 -6382892323471.1 33299257870120.2 -6359.15749455596 32953.4679462622 559269950.68831
2069487342.89977 -6386202228964.84 33316409963622.1 -6359.14618606658 32953.4089504916 559269950.68831
2070007837.70432 -6389512128575.59 33333562026432.8 -6359.13488917998 32953.3500154564 559269950.68831
2070528332.50887 -6392822022309.38 33350714058583.9 -6359.12360387828 32953.2911410626 559269950.68831
2071048827.31342 -6396131910172.24 33367866060106.9 -6359.11233014365 32953.2323272166 559269950.68831
2071569322.11798 -6399441792170.19 33385018031033.4 -6359.10106795831 32953.1735738249 559269950.68831
2072089816.92253 -6402751668309.23 33402169971394.8 -6359.08981730448 32953.1148807943 559269950.68831
2072610311.72708 -6406061538595.36 33419321881222.4 -6359.07857816445 32953.0562480317 559269950.68831
2073130806.53163 -6409371403034.57 33436473760547.6 -6359.06735052054 32952.9976754442 559269950.68831
2073651301.33618 -6412681261632.84 33453625609401.8 -6359.05613435509 32952.9391629391 559269950.68831
2074171796.14074 -6415991114396.13 33470777427816.1 -6359.04492965048 32952.8807104239 559269950.68831
2074692290.94529 -6419300961330.42 33487929215821.8 -6359.03373638915 32952.8223178063 559269950.68831
2075212785.74984 -6422610802441.64 33505080973450 -6359.02255455355 32952.7639849941 559269950.68831
2075733280.55439 -6425920637735.75 33522232700731.8 -6359.01138412617 32952.7057118955 559269950.68831
2076253775.35895 -6429230467218.67 33539384397698.3 -6359.00022508955 32952.6474984186 559269950.68831
2076774270.1635 -6432540290896.33 33556536064380.5 -6358.98907742625 32952.5893444719 559269950.68831
2077294764.96805 -6435850108774.65 33573687700809.3 -6358.97794111886 32952.5312499641 559269950.68831
2077815259.7726 -6439159920859.53 33590839307015.7 -6358.96681615004 32952.4732148039 559269950.68831
2078335754.57716 -6442469727156.87 33607990883030.5 -6358.95570250245 32952.4152389004 559269950.68831
2078856249.38171 -6445779527672.55 33625142428884.5 -6358.9446001588 32952.3573221627 559269950.68831
2079376744.18626 -6449089322412.46 33642293944608.6 -6358.93350910183 32952.2994645003 559269950.68831
2079897238.99081 -6452399111382.47 33659445430233.4 -6358.92242931431 32952.2416658226 559269950.68831
2080417733.79536 -6455708894588.43 33676596885789.6 -6358.91136077907 32952.1839260394 559269950.68831
2080938228.59992 -6459018672036.2 33693748311307.9 -6358.90030347895 32952.1262450606 559269950.68831
2081458723.40447 -6462328443731.63 33710899706818.8 -6358.88925739684 32952.0686227964 559269950.68831
2081979218.20902 -6465638209680.54 33728051072352.9 -6358.87822251564 32952.0110591571 559269950.68831
2082499713.01357 -6468947969888.77 33745202407940.7 -6358.86719881832 32951.953554053 559269950.68831
2083020207.81813 -6472257724362.12 33762353713612.5 -6358.85618628786 32951.896107395 559269950.68831
2083540702.62268 -6475567473106.42 33779504989398.9 -6358.84518490728 32951.8387190937 559269950.68831
2084061197.42723 -6478877216127.45 33796656235330.1 -6358.83419465963 32951.7813890603 559269950.68831
2084581692.23178 -6482186953431 33813807451436.4 -6358.82321552802 32951.7241172059 559269950.68831
2085102187.03634 -6485496685022.87 33830958637748.2 -6358.81224749556 32951.666903442 559269950.68831
2085622681.84089 -6488806410908.82 33848109794295.7 -6358.8012905454 32951.60974768 559269950.68831
2086143176.64544 -6492116131094.61 33865260921108.9 -6358.79034466076 32951.5526498317 559269950.68831
2086663671.44999 -6495425845586 33882412018218 -6358.77940982484 32951.4956098091 559269950.68831
2087184166.25454 -6498735554388.74 33899563085653.2 -6358.76848602091 32951.4386275243 559269950.68831
2087704661.0591 -6502045257508.56 33916714123444.3 -6358.75757323227 32951.3817028895 559269950.68831
2088225155.86365 -6505354954951.19 33933865131621.5 -6358.74667144224 32951.3248358172 559269950.68831
2088745650.6682 -6508664646722.36 33951016110214.6 -6358.73578063419 32951.26802622 559269950.688309
2089266145.47275 -6511974332827.78 33968167059253.6 -6358.72490079151 32951.2112740107 559269950.688309
2089786640.27731 -6515284013273.14 33985317978768.2 -6358.71403189763 32951.1545791024 559269950.688309
2090307135.08186 -6518593688064.14 34002468868788.3 -6358.70317393602 32951.0979414081 559269950.688309
2090827629.88641 -6521903357206.48 34019619729343.7 -6358.69232689016 32951.0413608413 559269950.688309
2091348124.69096 -6525213020705.82 34036770560464 -6358.68149074358 32950.9848373153 559269950.688309
2091868619.49552 -6528522678567.83 34053921362179 -6358.67066547986 32950.9283707441 559269950.688309
2092389114.30007 -6531832330798.19 34071072134518.2 -6358.65985108258 32950.8719610413 559269950.688309
2092909609.10462 -6535141977402.52 34088222877511.2 -6358.64904753538 32950.815608121 559269950.688309
2093430103.90917 -6538451618386.49 34105373591187.6 -6358.6382548219 32950.7593118974 559269950.688309
2093950598.71372 -6541761253755.72 34122524275576.8 -6358.62747292586 32950.703072285 559269950.688309
2094471093.51828 -6545070883515.85 34139674930708.3 -6358.61670183097 32950.6468891982 559269950.688309
2094991588.32283 -6548380507672.48 34156825556611.5 -6358.60594152099 32950.5907625518 559269950.688309
2095512083.12738 -6551690126231.23 34173976153315.8 -6358.59519197971 32950.5346922608 559269950.688309
2096032577.93193 -6554999739197.7 34191126720850.4 -6358.58445319097 32950.47867824 559269950.688309
2096553072.73649 -6558309346577.47 34208277259244.6 -6358.57372513861 32950.4227204049 559269950.688309
2097073567.54104 -6561618948376.15 34225427768527.6 -6358.56300780652 32950.3668186708 559269950.688309
2097594062.34559 -6564928544599.29 34242578248728.7 -6358.55230117863 32950.3109729533 559269950.688309
2098114557.15014 -6568238135252.48 34259728699876.9 -6358.54160523889 32950.2551831682 559269950.68831
2098635051.9547 -6571547720341.26 34276879122001.4 -6358.53091997129 32950.1994492313 559269950.688309
2099155546.75925 -6574857299871.19 34294029515131.2 -6358.52024535984 32950.1437710588 559269950.688309
2099676041.5638 -6578166873847.8 34311179879295.2 -6358.50958138859 32950.0881485668 559269950.68831
2100196536.36835 -6581476442276.65 34328330214522.6 -6358.49892804162 32950.0325816719 559269950.688309
2100717031.1729 -6584786005163.24 34345480520842 -6358.48828530305 32949.9770702907 559269950.68831
2101237525.97746 -6588095562513.1 34362630798282.6 -6358.47765315701 32949.9216143398 559269950.688309
2101758020.78201 -6591405114331.73 34379781046873 -6358.4670315877 32949.8662137362 559269950.68831
2102278515.58656 -6594714660624.64 34396931266642 -6358.45642057931 32949.810868397 559269950.68831
2102799010.39111 -6598024201397.33 34414081457618.5 -6358.44582011609 32949.7555782394 559269950.688309
2103319505.19567 -6601333736655.26 34431231619831.1 -6358.43523018229 32949.7003431809 559269950.68831
2103840000.00022 -6604643266403.93 34448381753308.4 -6358.42465076224 32949.6451631391 559269950.688309
2104360494.80477 -6607952790648.8 34465531858079.1 -6358.41408184026 32949.5900380317 559269950.688309
2104880989.60932 -6611262309395.33 34482681934171.8 -6358.40352340071 32949.5349677766 559269950.688309
2105401484.41388 -6614571822648.97 34499831981614.9 -6358.39297542799 32949.4799522919 559269950.688309
2105921979.21843 -6617881330415.17 34516982000437 -6358.38243790653 32949.4249914959 559269950.688309
2106442474.02298 -6621190832699.36 34534131990666.5 -6358.37191082078 32949.3700853069 559269950.688309
2106962968.82753 -6624500329506.96 34551281952331.8 -6358.36139415523 32949.3152336435 559269950.688309
2107483463.63209 -6627809820843.41 34568431885461.3 -6358.3508878944 32949.2604364244 559269950.688309
2108003958.43664 -6631119306714.1 34585581790083.2 -6358.34039202284 32949.2056935686 559269950.688309
2108524453.24119 -6634428787124.45 34602731666225.9 -6358.32990652513 32949.1510049951 559269950.688309
2109044948.04574 -6637738262079.85 34619881513917.6 -6358.31943138589 32949.096370623 559269950.688309
2109565442.85029 -6641047731585.69 34637031333186.5 -6358.30896658974 32949.0417903719 559269950.688309
2110085937.65485 -6644357195647.34 34654181124060.7 -6358.29851212137 32948.9872641611 559269950.688309
2110606432.4594 -6647666654270.18 34671330886568.4 -6358.28806796547 32948.9327919104 559269950.688309
2111126927.26395 -6650976107459.57 34688480620737.5 -6358.27763410678 32948.8783735396 559269950.688309
2111647422.0685 -6654285555220.87 34705630326596.2 -6358.26721053006 32948.8240089688 559269950.688309
2112167916.87306 -6657594997559.42 34722780004172.4 -6358.2567972201 32948.7696981181 559269950.688309
2112688411.67761 -6660904434480.57 34739929653494 -6358.24639416172 32948.7154409079 559269950.688309
2113208906.48216 -6664213865989.64 34757079274589 -6358.23600133978 32948.6612372586 559269950.688309
2113729401.28671 -6667523292091.97 34774228867485.2 -6358.22561873916 32948.6070870908 559269950.688309
2114249896.09127 -6670832712792.86 34791378432210.4 -6358.21524634476 32948.5529903254 559269950.688309
2114770390.89582 -6674142128097.63 34808527968792.4 -6358.20488414154 32948.4989468834 559269950.688309
2115290885.70037 -6677451538011.58 34825677477258.9 -6358.19453211446 32948.4449566857 559269950.688309
2115811380.50492 -6680760942539.99 34842826957637.7 -6358.18419024853 32948.3910196538 559269950.688309
2116331875.30947 -6684070341688.16 34859976409956.3 -6358.17385852876 32948.337135709 559269950.688309
2116852370.11403 -6687379735461.36 34877125834242.4 -6358.16353694023 32948.2833047729 559269950.688309
2117372864.91858 -6690689123864.86 34894275230523.6 -6358.15322546802 32948.2295267672 559269950.688309
2117893359.72313 -6693998506903.92 34911424598827.3 -6358.14292409725 32948.1758016138 559269950.688309
2118413854.52768 -6697307884583.79 34928573939181.2 -6358.13263281307 32948.1221292347 559269950.688309
2118934349.33224 -6700617256909.73 34945723251612.5 -6358.12235160065 32948.0685095522 559269950.688309
2119454844.13679 -6703926623886.97 34962872536148.8 -6358.1120804452 32948.0149424886 559269950.688309
2119975338.94134 -6707235985520.74 34980021792817.4 -6358.10181933196 32947.9614279664 559269950.688309
2120495833.74589 -6710545341816.26 34997171021645.6 -6358.09156824618 32947.9079659082 559269950.688309
2121016328.55045 -6713854692778.75 35014320222660.7 -6358.08132717316 32947.8545562368 559269950.688309
2121536823.355 -6717164038413.42 35031469395890 -6358.07109609823 32947.8011988752 559269950.688309
2122057318.15955 -6720473378725.47 35048618541360.6 -6358.06087500672 32947.7478937465 559269950.688309
2122577812.9641 -6723782713720.09 35065767659099.8 -6358.05066388403 32947.694640774 559269950.688309
2123098307.76865 -6727092043402.46 35082916749134.7 -6358.04046271555 32947.641439881 559269950.688309
2123618802.57321 -6730401367777.76 35100065811492.3 -6358.03027148672 32947.5882909911 559269950.688309
2124139297.37776 -6733710686851.17 35117214846199.7 -6358.020090183 32947.535194028 559269950.688309
2124659792.18231 -6737020000627.84 35134363853283.8 -6358.0099187899 32947.4821489156 559269950.688309
2125180286.98686 -6740329309112.93 35151512832771.8 -6357.99975729292 32947.4291555779 559269950.688309
2125700781.79142 -6743638612311.59 35168661784690.5 -6357.98960567762 32947.376213939 559269950.688309
2126221276.59597 -6746947910228.95 35185810709066.7 -6357.97946392958 32947.3233239232 559269950.688309
2126741771.40052 -6750257202870.15 35202959605927.4 -6357.96933203439 32947.270485455 559269950.688309
2127262266.20507 -6753566490240.31 35220108475299.4 -6357.95920997769 32947.2176984589 559269950.688309
2127782761.00963 -6756875772344.55 35237257317209.3 -6357.94909774515 32947.1649628598 559269950.688309
2128303255.81418 -6760185049187.98 35254406131684.1 -6357.93899532245 32947.1122785824 559269950.688309
2128823750.61873 -6763494320775.7 35271554918750.2 -6357.92890269531 32947.0596455519 559269950.688309
2129344245.42328 -6766803587112.8 35288703678434.5 -6357.91881984947 32947.0070636934 559269950.688309
2129864740.22783 -6770112848204.38 35305852410763.5 -6357.90874677071 32946.9545329323 559269950.688309
2130385235.03239 -6773422104055.52 35323001115763.8 -6357.89868344482 32946.902053194 559269950.688309
2130905729.83694 -6776731354671.28 35340149793461.9 -6357.88862985764 32946.8496244041 559269950.688309
2131426224.64149 -6780040600056.73 35357298443884.3 -6357.87858599501 32946.7972464883 559269950.688309
2131946719.44604 -6783349840216.93 35374447067057.6 -6357.86855184281 32946.7449193727 559269950.688309
2132467214.2506 -6786659075156.93 35391595663008 -6357.85852738697 32946.6926429833 559269950.688309
2132987709.05515 -6789968304881.78 35408744231762.1 -6357.84851261341 32946.6404172462 559269950.688309
2133508203.8597 -6793277529396.5 35425892773346 -6357.8385075081 32946.5882420878 559269950.688309
2134028698.66425 -6796586748706.13 35443041287786.3 -6357.82851205703 32946.5361174345 559269950.688309
2134549193.46881 -6799895962815.69 35460189775109 -6357.81852624621 32946.4840432131 559269950.688309
2135069688.27336 -6803205171730.2 35477338235340.5 -6357.8085500617 32946.4320193502 559269950.688309
2135590183.07791 -6806514375454.65 35494486668507 -6357.79858348956 32946.3800457727 559269950.688309
2136110677.88246 -6809823573994.05 35511635074634.5 -6357.7886265159 32946.3281224078 559269950.68831
2136631172.68701 -6813132767353.4 35528783453749.2 -6357.77867912684 32946.2762491826 559269950.688309
2137151667.49157 -6816441955537.67 35545931805877.3 -6357.76874130852 32946.2244260244 559269950.688309
2137672162.29612 -6819751138551.85 35563080131044.6 -6357.75881304714 32946.1726528606 559269950.688309
2138192657.10067 -6823060316400.9 35580228429277.3 -6357.74889432889 32946.1209296191 559269950.688309
2138713151.90522 -6826369489089.79 35597376700601.3 -6357.73898514002 32946.0692562273 559269950.688309
2139233646.70978 -6829678656623.48 35614524945042.5 -6357.72908546677 32946.0176326133 559269950.688309
2139754141.51433 -6832987819006.91 35631673162626.9 -6357.71919529543 32945.9660587051 559269950.688309
2140274636.31888 -6836296976245.03 35648821353380.1 -6357.70931461232 32945.9145344309 559269950.68831
2140795131.12343 -6839606128342.77 35665969517328.2 -6357.69944340377 32945.8630597189 559269950.688309
2141315625.92799 -6842915275305.07 35683117654496.9 -6357.68958165615 32945.8116344976 559269950.688309
2141836120.73254 -6846224417136.83 35700265764911.8 -6357.67972935584 32945.7602586956 559269950.688309
2142356615.53709 -6849533553842.98 35717413848598.8 -6357.66988648927 32945.7089322416 559269950.688309
2142877110.34164 -6852842685428.41 35734561905583.4 -6357.66005304288 32945.6576550644 559269950.688309
2143397605.14619 -6856151811898.04 35751709935891.4 -6357.65022900313 32945.6064270931 559269950.688309
2143918099.95075 -6859460933256.76 35768857939548.2 -6357.64041435651 32945.5552482568 559269950.688309
2144438594.7553 -6862770049509.44 35786005916579.5 -6357.63060908956 32945.5041184848 559269950.688309
2144959089.55985 -6866079160660.97 35803153867010.8 -6357.62081318881 32945.4530377064 559269950.688309
2145479584.3644 -6869388266716.22 35820301790867.5 -6357.61102664084 32945.4020058512 559269950.688309
2146000079.16896 -6872697367680.05 35837449688175.1 -6357.60124943224 32945.3510228488 559269950.688309
2146520573.97351 -6876006463557.32 35854597558959 -6357.59148154964 32945.3000886292 559269950.688309
2147041068.77806 -6879315554352.89 35871745403244.6 -6357.58172297969 32945.2492031221 559269950.688309
2147561563.58261 -6882624640071.59 35888893221057.3 -6357.57197370905 32945.1983662578 559269950.688309
2148082058.38717 -6885933720718.26 35906041012422.2 -6357.56223372444 32945.1475779663 559269950.688309
2148602553.19172 -6889242796297.74 35923188777364.8 -6357.55250301257 32945.0968381781 559269950.688309
2149123047.99627 -6892551866814.84 35940336515910.1 -6357.5427815602 32945.0461468236 559269950.688309
2149643542.80082 -6895860932274.38 35957484228083.5 -6357.53306935409 32944.9955038334 559269950.688309
2150164037.60537 -6899169992681.18 35974631913910 -6357.52336638106 32944.9449091384 559269950.688309
2150684532.40993 -6902479048040.02 35991779573414.8 -6357.51367262793 32944.8943626692 559269950.688309
2151205027.21448 -6905788098355.72 36008927206622.9 -6357.50398808154 32944.843864357 559269950.688309
2151725522.01903 -6909097143633.05 36026074813559.5 -6357.49431272878 32944.793414133 559269950.688309
2152246016.82358 -6912406183876.8 36043222394249.4 -6357.48464655654 32944.7430119283 559269950.688309
2152766511.62813 -6915715219091.75 36060369948717.8 -6357.47498955175 32944.6926576743 559269950.688309
2153287006.43269 -6919024249282.65 36077517476989.5 -6357.46534170137 32944.6423513027 559269950.688309
2153807501.23724 -6922333274454.29 36094664979089.5 -6357.45570299236 32944.592092745 559269950.688309
2154327996.04179 -6925642294611.39 36111812455042.5 -6357.44607341172 32944.5418819331 559269950.688309
2154848490.84634 -6928951309758.73 36128959904873.5 -6357.43645294649 32944.4917187988 559269950.688309
2155368985.65089 -6932260319901.03 36146107328607.3 -6357.42684158371 32944.4416032743 559269950.688309
2155889480.45545 -6935569325043.04 36163254726268.5 -6357.41723931045 32944.3915352916 559269950.688309
2156409975.26 -6938878325189.47 36180402097882 -6357.40764611382 32944.3415147832 559269950.688309
2156930470.06455 -6942187320345.05 36197549443472.4 -6357.39806198093 32944.2915416815 559269950.68831
2157450964.8691 -6945496310514.5 36214696763064.4 -6357.38848689894 32944.2416159189 559269950.688309
2157971459.67366 -6948805295702.52 36231844056682.6 -6357.37892085501 32944.1917374283 559269950.688309
2158491954.47821 -6952114275913.82 36248991324351.6 -6357.36936383634 32944.1419061424 559269950.688309
2159012449.28276 -6955423251153.08 36266138566096 -6357.35981583015 32944.0921219942 559269950.688309
2159532944.08731 -6958732221425 36283285781940.2 -6357.35027682368 32944.0423849168 559269950.688309
2160053438.89186 -6962041186734.25 36300432971908.7 -6357.34074680421 32943.9926948433 559269950.688309
2160573933.69642 -6965350147085.51 36317580136026.1 -6357.33122575902 32943.9430517071 559269950.688309
2161094428.50097 -6968659102483.46 36334727274316.6 -6357.32171367543 32943.8934554417 559269950.688309
2161614923.30552 -6971968052932.74 36351874386804.8 -6357.31221054078 32943.8439059806 559269950.68831
2162135418.11007 -6975276998438.01 36369021473514.8 -6357.30271634243 32943.7944032575 559269950.68831
2162655912.91462 -6978585939003.93 36386168534471.1 -6357.29323106778 32943.7449472063 559269950.688309
2163176407.71918 -6981894874635.13 36403315569697.9 -6357.28375470423 32943.695537761 559269950.688309
2163696902.52373 -6985203805336.25 36420462579219.5 -6357.27428723922 32943.6461748555 559269950.688309
2164217397.32828 -6988512731111.91 36437609563060 -6357.26482866021 32943.5968584241 559269950.688309
2164737892.13283 -6991821651966.75 36454756521243.7 -6357.25537895467 32943.5475884012 559269950.688309
2165258386.93738 -6995130567905.37 36471903453794.6 -6357.24593811013 32943.4983647212 559269950.688309
2165778881.74194 -6998439478932.38 36489050360736.9 -6357.23650611409 32943.4491873187 559269950.688309
2166299376.54649 -7001748385052.38 36506197242094.7 -6357.22708295413 32943.4000561283 559269950.688309
2166819871.35104 -7005057286269.98 36523344097891.9 -6357.2176686178 32943.3509710849 559269950.688309
2167340366.15559 -7008366182589.76 36540490928152.7 -6357.20826309272 32943.3019321235 559269950.688309
2167860860.96014 -7011675074016.3 36557637732900.9 -6357.19886636651 32943.2529391791 559269950.688309
2168381355.7647 -7014983960554.18 36574784512160.4 -6357.18947842681 32943.2039921869 559269950.688309
2168901850.56925 -7018292842207.97 36591931265955.3 -6357.18009926129 32943.1550910822 559269950.688309
2169422345.3738 -7021601718982.24 36609077994309.3 -6357.17072885764 32943.1062358004 559269950.688309
2169942840.17835 -7024910590881.53 36626224697246.3 -6357.16136720357 32943.0574262772 559269950.688309
2170463334.9829 -7028219457910.41 36643371374790.1 -6357.15201428683 32943.0086624481 559269950.688309
2170983829.78746 -7031528320073.42 36660518026964.5 -6357.14267009518 32942.959944249 559269950.688309
2171504324.59201 -7034837177375.08 36677664653793.1 -6357.1333346164 32942.9112716158 559269950.688309
2172024819.39656 -7038146029819.95 36694811255299.8 -6357.1240078383 32942.8626444845 559269950.688309
2172545314.20111 -7041454877412.54 36711957831508.1 -6357.1146897487 32942.8140627913 559269950.688309
2173065809.00567 -7044763720157.37 36729104382441.7 -6357.10538033546 32942.7655264724 559269950.688309
2173586303.81022 -7048072558058.95 36746250908124.1 -6357.09607958645 32942.7170354643 559269950.688309
2174106798.61477 -7051381391121.8 36763397408579.1 -6357.08678748957 32942.6685897035 559269950.688309
2174627293.41932 -7054690219350.4 36780543883830 -6357.07750403274 32942.6201891266 559269950.688309
2175147788.22387 -7057999042749.26 36797690333900.5 -6357.06822920391 32942.5718336703 559269950.688309
2175668283.02843 -7061307861322.87 36814836758813.9 -6357.05896299103 32942.5235232715 559269950.688309
2176188777.83298 -7064616675075.7 36831983158593.7 -6357.0497053821 32942.4752578673 559269950.688309
2176709272.63753 -7067925484012.22 36849129533263.3 -6357.04045636512 32942.4270373946 559269950.688309
2177229767.44208 -7071234288136.92 36866275882846.1 -6357.03121592812 32942.3788617908 559269950.688309
2177750262.24663 -7074543087454.24 36883422207365.4 -6357.02198405917 32942.3307309932 559269950.688309
2178270757.05119 -7077851881968.65 36900568506844.5 -6357.01276074633 32942.2826449391 559269950.688309
2178791251.85574 -7081160671684.6 36917714781306.7 -6357.0035459777 32942.2346035663 559269950.688309
2179311746.66029 -7084469456606.54 36934861030775.2 -6356.99433974142 32942.1866068124 559269950.688309
2179832241.46484 -7087778236738.89 36952007255273.3 -6356.9851420256 32942.1386546151 559269950.688309
2180352736.26939 -7091087012086.09 36969153454824.1 -6356.97595281843 32942.0907469125 559269950.688309
2180873231.07395 -7094395782652.58 36986299629450.7 -6356.96677210809 32942.0428836425 559269950.688309
2181393725.8785 -7097704548442.75 37003445779176.3 -6356.95759988279 32941.9950647432 559269950.688309
2181914220.68305 -7101013309461.04 37020591904024 -6356.94843613075 32941.9472901531 559269950.688309
2182434715.4876 -7104322065711.85 37037738004016.7 -6356.93928084023 32941.8995598104 559269950.688309
2182955210.29215 -7107630817199.57 37054884079177.5 -6356.9301339995 32941.8518736536 559269950.688309
2183475705.09671 -7110939563928.61 37072030129529.5 -6356.92099559686 32941.8042316213 559269950.688309
2183996199.90126 -7114248305903.35 37089176155095.5 -6356.91186562062 32941.7566336523 559269950.688309
2184516694.70581 -7117557043128.17 37106322155898.4 -6356.90274405913 32941.7090796854 559269950.688309
2185037189.51036 -7120865775607.46 37123468131961.2 -6356.89363090074 32941.6615696595 559269950.688309
2185557684.31492 -7124174503345.58 37140614083306.7 -6356.88452613383 32941.6141035138 559269950.688309
2186078179.11947 -7127483226346.89 37157760009957.7 -6356.87542974682 32941.5666811873 559269950.688309
2186598673.92402 -7130791944615.76 37174905911937 -6356.86634172811 32941.5193026193 559269950.688309
2187119168.72857 -7134100658156.55 37192051789267.4 -6356.85726206616 32941.4719677494 559269950.688309
2187639663.53312 -7137409366973.58 37209197641971.6 -6356.84819074943 32941.4246765169 559269950.688309
2188160158.33768 -7140718071071.22 37226343470072.3 -6356.83912776642 32941.3774288615 559269950.688309
2188680653.14223 -7144026770453.78 37243489273592.2 -6356.83007310562 32941.3302247229 559269950.688309
2189201147.94678 -7147335465125.6 37260635052553.9 -6356.82102675558 32941.283064041 559269950.688309
2189721642.75133 -7150644155091.01 37277780806979.9 -6356.81198870484 32941.2359467557 559269950.688308
2190242137.55588 -7153952840354.31 37294926536893 -6356.80295894198 32941.1888728071 559269950.688309
2190762632.36044 -7157261520919.83 37312072242315.6 -6356.79393745558 32941.1418421354 559269950.688308
2191283127.16499 -7160570196791.86 37329217923270.2 -6356.78492423427 32941.0948546808 559269950.688308
2191803621.96954 -7163878867974.7 37346363579779.3 -6356.77591926668 32941.0479103838 559269950.688308
2192324116.77409 -7167187534472.65 37363509211865.4 -6356.76692254147 32941.0010091848 559269950.688308
2192844611.57864 -7170496196289.99 37380654819550.8 -6356.75793404731 32940.9541510246 559269950.688308
2193365106.3832 -7173804853431.01 37397800402858.1 -6356.74895377289 32940.9073358437 559269950.688308
2193885601.18775 -7177113505899.98 37414945961809.4 -6356.73998170695 32940.860563583 559269950.688308
2194406095.9923 -7180422153701.17 37432091496427.1 -6356.73101783821 32940.8138341836 559269950.688309
2194926590.79685 -7183730796838.84 37449237006733.6 -6356.72206215544 32940.7671475863 559269950.688309
2195447085.6014 -7187039435317.25 37466382492751.1 -6356.71311464742 32940.7205037324 559269950.688309
2195967580.40596 -7190348069140.66 37483527954501.8 -6356.70417530295 32940.6739025632 559269950.688309
2196488075.21051 -7193656698313.31 37500673392008 -6356.69524411084 32940.62734402 559269950.688309
2197008570.01506 -7196965322839.44 37517818805291.7 -6356.68632105995 32940.5808280444 559269950.688309
2197529064.81961 -7200273942723.28 37534964194375.2 -6356.67740613913 32940.5343545778 559269950.688309
2198049559.62417 -7203582557969.07 37552109559280.5 -6356.66849933726 32940.487923562 559269950.688309
2198570054.42872 -7206891168581.02 37569254900029.8 -6356.65960064326 32940.4415349388 559269950.688309
2199090549.23327 -7210199774563.35 37586400216645.1 -6356.65071004603 32940.3951886501 559269950.688309
2199611044.03782 -7213508375920.29 37603545509148.3 -6356.64182753453 32940.3488846379 559269950.688309
2200131538.84237 -7216816972656.02 37620690777561.6 -6356.63295309772 32940.3026228443 559269950.688309
2200652033.64693 -7220125564774.75 37637836021906.8 -6356.62408672457 32940.2564032117 559269950.688309
2201172528.45148 -7223434152280.68 37654981242205.9 -6356.6152284041 32940.2102256822 559269950.688309
2201693023.25603 -7226742735177.99 37672126438480.7 -6356.60637812533 32940.1640901983 559269950.688309
2202213518.06058 -7230051313470.87 37689271610753.2 -6356.59753587729 32940.1179967027 559269950.688309
2202734012.86513 -7233359887163.49 37706416759045.2 -6356.58870164907 32940.0719451378 559269950.688309
2203254507.66969 -7236668456260.02 37723561883378.5 -6356.57987542972 32940.0259354465 559269950.688309
2203775002.47424 -7239977020764.64 37740706983774.9 -6356.57105720837 32939.9799675717 559269950.688309
2204295497.27879 -7243285580681.5 37757852060256.1 -6356.56224697413 32939.9340414563 559269950.688309
2204815992.08334 -7246594136014.75 37774997112843.9 -6356.55344471614 32939.8881570433 559269950.688309
2205336486.88789 -7249902686768.54 37792142141559.9 -6356.54465042357 32939.8423142759 559269950.688309
2205856981.69245 -7253211232947.03 37809287146425.8 -6356.53586408559 32939.7965130974 559269950.688309
2206377476.497 -7256519774554.34 37826432127463.3 -6356.52708569142 32939.7507534512 559269950.688309
2206897971.30155 -7259828311594.6 37843577084693.8 -6356.51831523027 32939.7050352807 559269950.688309
2207418466.1061 -7263136844071.95 37860722018139.1 -6356.50955269137 32939.6593585296 559269950.688309
2207938960.91065 -7266445371990.5 37877866927820.7 -6356.500798064 32939.6137231414 559269950.688309
2208459455.71521 -7269753895354.37 37895011813760 -6356.49205133743 32939.56812906 559269950.688309
2208979950.51976 -7273062414167.66 37912156675978.6 -6356.48331250095 32939.5225762293 559269950.68831
2209500445.32431 -7276370928434.49 37929301514497.9 -6356.47458154389 32939.4770645933 559269950.68831
2210020940.12886 -7279679438158.95 37946446329339.3 -6356.46585845559 32939.431594096 559269950.68831
2210541434.93341 -7282987943345.13 37963591120524.3 -6356.45714322539 32939.3861646816 559269950.68831
2211061929.73797 -7286296443997.13 37980735888074.1 -6356.44843584268 32939.3407762945 559269950.68831
2211582424.54252 -7289604940119.01 37997880632010.2 -6356.43973629685 32939.295428879 559269950.68831
2212102919.34707 -7292913431714.87 38015025352353.9 -6356.43104457731 32939.2501223796 559269950.68831
2212623414.15162 -7296221918788.76 38032170049126.4 -6356.4223606735 32939.2048567408 559269950.68831
2213143908.95618 -7299530401344.76 38049314722349 -6356.41368457488 32939.1596319075 559269950.68831
2213664403.76073 -7302838879386.93 38066459372042.9 -6356.4050162709 32939.1144478244 559269950.68831
2214184898.56528 -7306147352919.31 38083603998229.4 -6356.39635575106 32939.0693044363 559269950.68831
2214705393.36983 -7309455821945.96 38100748600929.5 -6356.38770300487 32939.0242016883 559269950.68831
2215225888.17438 -7312764286470.93 38117893180164.4 -6356.37905802186 32938.9791395255 559269950.68831
2215746382.97894 -7316072746498.24 38135037735955.3 -6356.37042079157 32938.934117893 559269950.68831
2216266877.78349 -7319381202031.93 38152182268323.1 -6356.36179130357 32938.8891367361 559269950.68831
2216787372.58804 -7322689653076.04 38169326777289.1 -6356.35316954744 32938.8441960003 559269950.68831
2217307867.39259 -7325998099634.57 38186471262874.1 -6356.34455551279 32938.799295631 559269950.68831
2217828362.19714 -7329306541711.55 38203615725099.2 -6356.33594918924 32938.7544355737 559269950.68831
2218348857.0017 -7332614979310.99 38220760163985.3 -6356.32735056642 32938.7096157742 559269950.68831
2218869351.80625 -7335923412436.89 38237904579553.5 -6356.318759634 32938.6648361783 559269950.68831
2219389846.6108 -7339231841093.25 38255048971824.5 -6356.31017638165 32938.6200967318 559269950.68831
2219910341.41535 -7342540265284.08 38272193340819.4 -6356.30160079907 32938.5753973807 559269950.68831
2220430836.2199 -7345848685013.35 38289337686558.9 -6356.29303287597 32938.5307380711 559269950.68831
2220951331.02446 -7349157100285.05 38306482009063.8 -6356.28447260209 32938.4861187491 559269950.68831
2221471825.82901 -7352465511103.17 38323626308355 -6356.27591996717 32938.4415393609 559269950.68831
2221992320.63356 -7355773917471.66 38340770584453.3 -6356.26737496099 32938.3969998531 559269950.68831
2222512815.43811 -7359082319394.51 38357914837379.3 -6356.25883757333 32938.3525001719 559269950.68831
2223033310.24266 -7362390716875.67 38375059067153.9 -6356.25030779399 32938.308040264 559269950.68831
2223553805.04722 -7365699109919.11 38392203273797.6 -6356.24178561281 32938.2636200761 559269950.68831
2224074299.85177 -7369007498528.77 38409347457331.2 -6356.23327101962 32938.2192395547 559269950.68831
2224594794.65632 -7372315882708.6 38426491617775.3 -6356.22476400429 32938.1748986469 559269950.688311
2225115289.46087 -7375624262462.54 38443635755150.4 -6356.21626455668 32938.1305972995 559269950.68831
2225635784.26543 -7378932637794.53 38460779869477.2 -6356.20777266671 32938.0863354595 559269950.68831
2226156279.06998 -7382241008708.51 38477923960776.3 -6356.19928832427 32938.0421130741 559269950.68831
2226676773.87453 -7385549375208.38 38495068029068 -6356.19081151931 32937.9979300905 559269950.68831
2227197268.67908 -7388857737298.09 38512212074373 -6356.18234224177 32937.953786456 559269950.688311
2227717763.48363 -7392166094981.53 38529356096711.7 -6356.17388048163 32937.9096821179 559269950.688311
2228238258.28819 -7395474448262.63 38546500096104.5 -6356.16542622886 32937.8656170239 559269950.688311
2228758753.09274 -7398782797145.29 38563644072571.9 -6356.15697947347 32937.8215911215 559269950.68831
2229279247.89729 -7402091141633.4 38580788026134.2 -6356.14854020549 32937.7776043584 559269950.68831
2229799742.70184 -7405399481730.86 38597931956811.8 -6356.14010841494 32937.7336566823 559269950.688311
2230320237.50639 -7408707817441.57 38615075864625.1 -6356.1316840919 32937.6897480411 559269950.68831
2230840732.31095 -7412016148769.4 38632219749594.2 -6356.12326722643 32937.6458783829 559269950.68831
2231361227.1155 -7415324475718.23 38649363611739.6 -6356.11485780861 32937.6020476555 559269950.68831
2231881721.92005 -7418632798291.94 38666507451081.4 -6356.10645582858 32937.5582558073 559269950.68831
2232402216.7246 -7421941116494.4 38683651267639.9 -6356.09806127644 32937.5145027865 559269950.68831
2232922711.52915 -7425249430329.46 38700795061435.2 -6356.08967414235 32937.4707885413 559269950.68831
2233443206.33371 -7428557739801 38717938832487.7 -6356.08129441647 32937.4271130202 559269950.68831
2233963701.13826 -7431866044912.86 38735082580817.2 -6356.07292208897 32937.3834761717 559269950.68831
2234484195.94281 -7435174345668.89 38752226306444.1 -6356.06455715005 32937.3398779444 559269950.68831
2235004690.74736 -7438482642072.93 38769370009388.4 -6356.05619958994 32937.2963182871 559269950.68831
2235525185.55191 -7441790934128.82 38786513689670.2 -6356.04784939884 32937.2527971484 559269950.68831
2236045680.35647 -7445099221840.4 38803657347309.4 -6356.03950656703 32937.2093144774 559269950.68831
2236566175.16102 -7448407505211.49 38820800982326.1 -6356.03117108476 32937.1658702229 559269950.68831
2237086669.96557 -7451715784245.92 38837944594740.3 -6356.02284294231 32937.122464334 559269950.68831
2237607164.77012 -7455024058947.5 38855088184571.9 -6356.01452212999 32937.0790967599 559269950.68831
2238127659.57468 -7458332329320.04 38872231751840.9 -6356.00620863811 32937.0357674498 559269950.68831
2238648154.37923 -7461640595367.36 38889375296567.2 -6355.997902457 32936.9924763531 559269950.68831
2239168649.18378 -7464948857093.26 38906518818770.6 -6355.98960357702 32936.9492234191 559269950.68831
2239689143.98833 -7468257114501.53 38923662318470.9 -6355.98131198854 32936.9060085974 559269950.68831
2240209638.79288 -7471565367595.96 38940805795688.2 -6355.97302768194 32936.8628318375 559269950.68831
2240730133.59744 -7474873616380.35 38957949250442 -6355.96475064762 32936.8196930893 559269950.68831
2241250628.40199 -7478181860858.48 38975092682752.2 -6355.95648087601 32936.7765923023 559269950.68831
2241771123.20654 -7481490101034.12 38992236092638.5 -6355.94821835753 32936.7335294266 559269950.68831
2242291618.01109 -7484798336911.05 39009379480120.7 -6355.93996308264 32936.690504412 559269950.68831
2242812112.81564 -7488106568493.04 39026522845218.5 -6355.93171504182 32936.6475172086 559269950.68831
2243332607.6202 -7491414795783.84 39043666187951.4 -6355.92347422553 32936.6045677665 559269950.68831
2243853102.42475 -7494723018787.22 39060809508339.2 -6355.9152406243 32936.561656036 559269950.68831
2244373597.2293 -7498031237506.93 39077952806401.5 -6355.90701422863 32936.5187819673 559269950.68831
2244894092.03385 -7501339451946.71 39095096082157.9 -6355.89879502907 32936.4759455108 559269950.68831
2245414586.8384 -7504647662110.32 39112239335627.8 -6355.89058301616 32936.4331466171 559269950.68831
2245935081.64296 -7507955868001.48 39129382566831 -6355.88237818047 32936.3903852366 559269950.68831
2246455576.44751 -7511264069623.94 39146525775786.8 -6355.8741805126 32936.34766132 559269950.68831
2246976071.25206 -7514572266981.42 39163668962514.7 -6355.86599000314 32936.3049748182 559269950.68831
2247496566.05661 -7517880460077.63 39180812127034.3 -6355.85780664272 32936.2623256818 559269950.68831
2248017060.86116 -7521188648916.31 39197955269365 -6355.84963042196 32936.2197138618 559269950.68831
2248537555.66572 -7524496833501.17 39215098389526.1 -6355.84146133151 32936.1771393093 559269950.68831
2249058050.47027 -7527805013835.91 39232241487537.1 -6355.83329936205 32936.1346019752 559269950.68831
2249578545.27482 -7531113189924.24 39249384563417.3 -6355.82514450427 32936.0921018108 559269950.68831
2250099040.07937 -7534421361769.86 39266527617186 -6355.81699674885 32936.0496387672 559269950.68831
2250619534.88392 -7537729529376.46 39283670648862.6 -6355.80885608651 32936.007212796 559269950.68831
2251140029.68848 -7541037692747.73 39300813658466.4 -6355.800722508 32935.9648238484 559269950.68831
2251660524.49303 -7544345851887.35 39317956646016.5 -6355.79259600405 32935.922471876 559269950.68831
2252181019.29758 -7547654006799.01 39335099611532.3 -6355.78447656543 32935.8801568304 559269950.68831
2252701514.10213 -7550962157486.39 39352242555032.9 -6355.77636418292 32935.8378786632 559269950.68831
2253222008.90669 -7554270303953.14 39369385476537.5 -6355.76825884733 32935.7956373263 559269950.68831
2253742503.71124 -7557578446202.94 39386528376065.3 -6355.76016054946 32935.7534327714 559269950.68831
2254262998.51579 -7560886584239.45 39403671253635.4 -6355.75206928014 32935.7112649506 559269950.68831
2254783493.32034 -7564194718066.33 39420814109266.9 -6355.74398503021 32935.6691338157 559269950.68831
2255303988.12489 -7567502847687.21 39437956942979 -6355.73590779054 32935.627039319 559269950.68831
2255824482.92945 -7570810973105.76 39455099754790.5 -6355.72783755201 32935.5849814125 559269950.68831
2256344977.734 -7574119094325.61 39472242544720.7 -6355.7197743055 32935.5429600486 559269950.68831
2256865472.53855 -7577427211350.41 39489385312788.5 -6355.71171804193 32935.5009751797 559269950.68831
2257385967.3431 -7580735324183.77 39506528059012.9 -6355.70366875222 32935.459026758 559269950.68831
2257906462.14765 -7584043432829.33 39523670783412.8 -6355.6956264273 32935.4171147363 559269950.68831
2258426956.95221 -7587351537290.72 39540813486007.1 -6355.68759105814 32935.375239067 559269950.68831
2258947451.75676 -7590659637571.54 39557956166814.9 -6355.6795626357 32935.3333997028 559269950.68831
2259467946.56131 -7593967733675.42 39575098825854.9 -6355.67154115098 32935.2915965965 559269950.68831
2259988441.36586 -7597275825605.96 39592241463146 -6355.66352659497 32935.2498297009 559269950.68831
2260508936.17041 -7600583913366.77 39609384078707.1 -6355.65551895869 32935.208098969 559269950.68831
2261029430.97497 -7603891996961.44 39626526672557 -6355.64751823318 32935.1664043538 559269950.68831
2261549925.77952 -7607200076393.58 39643669244714.5 -6355.63952440948 32935.1247458083 559269950.68831
2262070420.58407 -7610508151666.76 39660811795198.2 -6355.63153747866 32935.0831232858 559269950.68831
2262590915.38862 -7613816222784.58 39677954324027 -6355.6235574318 32935.0415367394 559269950.68831
2263111410.19317 -7617124289750.62 39695096831219.6 -6355.61558425999 32934.9999861225 559269950.68831
2263631904.99773 -7620432352568.45 39712239316794.7 -6355.60761795435 32934.9584713885 559269950.68831
2264152399.80228 -7623740411241.65 39729381780770.8 -6355.599658506 32934.916992491 559269950.68831
2264672894.60683 -7627048465773.77 39746524223166.8 -6355.59170590608 32934.8755493834 559269950.68831
2265193389.41138 -7630356516168.39 39763666644001.1 -6355.58376014575 32934.8341420195 559269950.68831
2265713884.21594 -7633664562429.06 39780809043292.4 -6355.57582121618 32934.792770353 559269950.68831
2266234379.02049 -7636972604559.34 39797951421059.2 -6355.56788910855 32934.7514343376 559269950.68831
2266754873.82504 -7640280642562.76 39815093777320.1 -6355.55996381408 32934.7101339273 559269950.68831
2267275368.62959 -7643588676442.89 39832236112093.7 -6355.55204532397 32934.668869076 559269950.68831
2267795863.43414 -7646896706203.25 39849378425398.3 -6355.54413362946 32934.6276397379 559269950.68831
2268316358.2387 -7650204731847.38 39866520717252.5 -6355.53622872179 32934.5864458669 559269950.68831
2268836853.04325 -7653512753378.81 39883662987674.8 -6355.52833059224 32934.5452874174 559269950.68831
2269357347.8478 -7656820770801.07 39900805236683.4 -6355.52043923207 32934.5041643437 559269950.68831
2269877842.65235 -7660128784117.67 39917947464297 -6355.51255463258 32934.4630766 559269950.68831
2270398337.4569 -7663436793332.14 39935089670533.7 -6355.50467678507 32934.4220241409 559269950.68831
2270918832.26146 -7666744798447.99 39952231855412.1 -6355.49680568088 32934.3810069208 559269950.68831
2271439327.06601 -7670052799468.72 39969374018950.3 -6355.48894131132 32934.3400248944 559269950.68831
2271959821.87056 -7673360796397.84 39986516161166.8 -6355.48108366777 32934.2990780164 559269950.68831
2272480316.67511 -7676668789238.84 40003658282079.8 -6355.47323274158 32934.2581662414 559269950.68831
2273000811.47966 -7679976777995.23 40020800381707.5 -6355.46538852413 32934.2172895244 559269950.68831
2273521306.28422 -7683284762670.48 40037942460068.2 -6355.45755100683 32934.1764478203 559269950.68831
2274041801.08877 -7686592743268.09 40055084517180.1 -6355.44972018108 32934.135641084 559269950.68831
2274562295.89332 -7689900719791.54 40072226553061.5 -6355.4418960383 32934.0948692706 559269950.68831
2275082790.69787 -7693208692244.29 40089368567730.4 -6355.43407856995 32934.0541323353 559269950.68831
2275603285.50242 -7696516660629.83 40106510561205 -6355.42626776747 32934.0134302333 559269950.68831
2276123780.30698 -7699824624951.62 40123652533503.4 -6355.41846362233 32933.9727629198 559269950.68831
2276644275.11153 -7703132585213.13 40140794484643.7 -6355.41066612602 32933.9321303503 559269950.68831
2277164769.91608 -7706440541417.8 40157936414644 -6355.40287527004 32933.8915324802 559269950.68831
2277685264.72063 -7709748493569.11 40175078323522.4 -6355.3950910459 32933.850969265 559269950.68831
2278205759.52519 -7713056441670.49 40192220211296.9 -6355.38731344512 32933.8104406604 559269950.68831
2278726254.32974 -7716364385725.38 40209362077985.4 -6355.37954245925 32933.7699466219 559269950.68831
2279246749.13429 -7719672325737.25 40226503923605.9 -6355.37177807985 32933.7294871055 559269950.68831
2279767243.93884 -7722980261709.51 40243645748176.5 -6355.36402029848 32933.6890620668 559269950.68831
2280287738.74339 -7726288193645.6 40260787551715 -6355.35626910674 32933.6486714619 559269950.68831
2280808233.54795 -7729596121548.94 40277929334239.3 -6355.34852449622 32933.6083152466 559269950.68831
2281328728.3525 -7732904045422.97 40295071095767.4 -6355.34078645853 32933.5679933771 559269950.68831
2281849223.15705 -7736211965271.1 40312212836317.1 -6355.3330549853 32933.5277058094 559269950.68831
2282369717.9616 -7739519881096.75 40329354555906.3 -6355.32533006818 32933.4874524999 559269950.68831
2282890212.76615 -7742827792903.32 40346496254552.7 -6355.31761169882 32933.4472334047 559269950.68831
2283410707.57071 -7746135700694.22 40363637932274.2 -6355.30989986889 32933.4070484802 559269950.68831
2283931202.37526 -7749443604472.85 40380779589088.5 -6355.30219457008 32933.3668976828 559269950.68831
2284451697.17981 -7752751504242.62 40397921225013.4 -6355.29449579409 32933.3267809691 559269950.68831
2284972191.98436 -7756059400006.9 40415062840066.6 -6355.28680353263 32933.2866982957 559269950.68831
2285492686.78891 -7759367291769.1 40432204434265.9 -6355.27911777742 32933.2466496191 559269950.68831
2286013181.59347 -7762675179532.6 40449346007628.8 -6355.2714385202 32933.2066348961 559269950.68831
2286533676.39802 -7765983063300.77 40466487560173.2 -6355.26376575274 32933.1666540835 559269950.68831
2287054171.20257 -7769290943076.99 40483629091916.5 -6355.2560994668 32933.1267071382 559269950.68831
2287574666.00712 -7772598818864.63 40500770602876.5 -6355.24843965416 32933.0867940171 559269950.68831
2288095160.81167 -7775906690667.07 40517912093070.7 -6355.24078630662 32933.0469146772 559269950.68831
2288615655.61623 -7779214558487.65 40535053562516.6 -6355.233139416 32933.0070690756 559269950.68831
2289136150.42078 -7782522422329.75 40552195011232 -6355.2254989741 32932.9672571695 559269950.68831
2289656645.22533 -7785830282196.72 40569336439234.2 -6355.21786497279 32932.9274789162 559269950.68831
2290177140.02988 -7789138138091.9 40586477846540.7 -6355.21023740389 32932.8877342728 559269950.68831
2290697634.83443 -7792445990018.65 40603619233169.2 -6355.20261625929 32932.8480231969 559269950.68831
2291218129.63899 -7795753837980.29 40620760599136.9 -6355.19500153086 32932.8083456459 559269950.68831
2291738624.44354 -7799061681980.18 40637901944461.4 -6355.18739321049 32932.7687015772 559269950.68831
2292259119.24809 -7802369522021.65 40655043269160.1 -6355.17979129009 32932.7290909485 559269950.68831
2292779614.05264 -7805677358108.02 40672184573250.4 -6355.17219576158 32932.6895137174 559269950.68831
2293300108.8572 -7808985190242.61 40689325856749.5 -6355.1646066169 32932.6499698418 559269950.68831
2293820603.66175 -7812293018428.76 40706467119675 -6355.15702384799 32932.6104592793 559269950.68831
2294341098.4663 -7815600842669.77 40723608362044.1 -6355.14944744682 32932.5709819879 559269950.68831
2294861593.27085 -7818908662968.96 40740749583874.1 -6355.14187740535 32932.5315379256 559269950.68831
2295382088.0754 -7822216479329.63 40757890785182.4 -6355.13431371558 32932.4921270503 559269950.68831
2295902582.87996 -7825524291755.1 40775031965986 -6355.12675636951 32932.4527493201 559269950.68831
2296423077.68451 -7828832100248.66 40792173126302.5 -6355.11920535915 32932.4134046933 559269950.68831
2296943572.48906 -7832139904813.6 40809314266148.8 -6355.11166067653 32932.374093128 559269950.68831
2297464067.29361 -7835447705453.22 40826455385542.3 -6355.1041223137 32932.3348145825 559269950.68831
2297984562.09816 -7838755502170.8 40843596484500 -6355.09659026271 32932.2955690153 559269950.68831
2298505056.90272 -7842063294969.63 40860737563039.3 -6355.08906451562 32932.2563563848 559269950.68831
2299025551.70727 -7845371083852.98 40877878621177.1 -6355.08154506453 32932.2171766494 559269950.68831
2299546046.51182 -7848678868824.14 40895019658930.6 -6355.07403190151 32932.1780297679 559269950.68831
2300066541.31637 -7851986649886.37 40912160676317 -6355.06652501869 32932.1389156987 559269950.68831
2300587036.12092 -7855294427042.94 40929301673353.2 -6355.05902440819 32932.0998344007 559269950.68831
2301107530.92548 -7858602200297.11 40946442650056.2 -6355.05153006213 32932.0607858327 559269950.68831
2301628025.73003 -7861909969652.15 40963583606443.3 -6355.04404197267 32932.0217699535 559269950.68831
2302148520.53458 -7865217735111.29 40980724542531.2 -6355.03656013197 32931.982786722 559269950.68831
2302669015.33913 -7868525496677.8 40997865458337.1 -6355.02908453221 32931.9438360972 559269950.68831
2303189510.14368 -7871833254354.93 41015006353877.9 -6355.02161516556 32931.9049180383 559269950.68831
2303710004.94824 -7875141008145.91 41032147229170.5 -6355.01415202423 32931.8660325043 559269950.68831
2304230499.75279 -7878448758053.98 41049288084231.8 -6355.00669510043 32931.8271794544 559269950.68831
2304750994.55734 -7881756504082.37 41066428919078.7 -6354.99924438639 32931.788358848 559269950.68831
2305271489.36189 -7885064246234.32 41083569733728.2 -6354.99179987435 32931.7495706444 559269950.68831
2305791984.16645 -7888371984513.06 41100710528197 -6354.98436155656 32931.7108148029 559269950.68831
2306312478.971 -7891679718921.8 41117851302502 -6354.97692942529 32931.6720912831 559269950.688311
2306832973.77555 -7894987449463.76 41134992056660.1 -6354.96950347281 32931.6334000445 559269950.688311
2307353468.5801 -7898295176142.16 41152132790687.9 -6354.96208369141 32931.5947410467 559269950.688311
2307873963.38465 -7901602898960.21 41169273504602.3 -6354.9546700734 32931.5561142493 559269950.688311
2308394458.18921 -7904910617921.1 41186414198420 -6354.9472626111 32931.5175196123 559269950.68831
2308914952.99376 -7908218333028.06 41203554872157.8 -6354.93986129682 32931.4789570953 559269950.688311
2309435447.79831 -7911526044284.26 41220695525832.4 -6354.93246612293 32931.4404266582 559269950.68831
2309955942.60286 -7914833751692.92 41237836159460.4 -6354.92507708176 32931.401928261 559269950.68831
2310476437.40741 -7918141455257.21 41254976773058.5 -6354.91769416569 32931.3634618637 559269950.68831
2310996932.21197 -7921449154980.32 41272117366643.4 -6354.9103173671 32931.3250274264 559269950.68831
2311517427.01652 -7924756850865.43 41289257940231.6 -6354.90294667837 32931.2866249093 559269950.68831
2312037921.82107 -7928064542915.74 41306398493839.9 -6354.89558209192 32931.2482542725 559269950.68831
2312558416.62562 -7931372231134.39 41323539027484.7 -6354.88822360017 32931.2099154763 559269950.68831
2313078911.43017 -7934679915524.58 41340679541182.6 -6354.88087119554 32931.1716084811 559269950.68831
2313599406.23473 -7937987596089.46 41357820034950.3 -6354.87352487047 32931.1333332472 559269950.68831
2314119901.03928 -7941295272832.2 41374960508804.1 -6354.86618461743 32931.0950897353 559269950.688311
2314640395.84383 -7944602945755.95 41392100962760.6 -6354.85885042887 32931.0568779057 559269950.688311
2315160890.64838 -7947910614863.87 41409241396836.3 -6354.85152229729 32931.0186977192 559269950.688311
2315681385.45293 -7951218280159.11 41426381811047.6 -6354.84420021517 32930.9805491363 559269950.688311
2316201880.25749 -7954525941644.82 41443522205411 -6354.83688417501 32930.9424321179 559269950.688311
2316722375.06204 -7957833599324.13 41460662579942.9 -6354.82957416935 32930.9043466247 559269950.68831
2317242869.86659 -7961141253200.2 41477802934659.8 -6354.8222701907 32930.8662926177 559269950.688311
2317763364.67114 -7964448903276.15 41494943269577.8 -6354.8149722316 32930.8282700576 559269950.688311
2318283859.4757 -7967756549555.12 41512083584713.5 -6354.80768028462 32930.7902789056 559269950.68831
2318804354.28025 -7971064192040.23 41529223880083.2 -6354.80039434232 32930.7523191228 559269950.68831
2319324849.0848 -7974371830734.6 41546364155703.2 -6354.79311439728 32930.7143906701 559269950.68831
2319845343.88935 -7977679465641.36 41563504411589.7 -6354.78584044209 32930.6764935089 559269950.68831
2320365838.6939 -7980987096763.62 41580644647759.1 -6354.77857246936 32930.6386276003 559269950.68831
2320886333.49846 -7984294724104.5 41597784864227.6 -6354.77131047169 32930.6007929058 559269950.68831
2321406828.30301 -7987602347667.1 41614925061011.5 -6354.76405444173 32930.5629893866 559269950.68831
2321927323.10756 -7990909967454.52 41632065238126.9 -6354.7568043721 32930.5252170043 559269950.68831
2322447817.91211 -7994217583469.87 41649205395590.1 -6354.74956025546 32930.4874757203 559269950.68831
2322968312.71666 -7997525195716.24 41666345533417.3 -6354.74232208447 32930.4497654962 559269950.68831
2323488807.52122 -8000832804196.72 41683485651624.5 -6354.73508985182 32930.4120862937 559269950.68831
2324009302.32577 -8004140408914.41 41700625750228 -6354.72786355018 32930.3744380745 559269950.68831
2324529797.13032 -8007448009872.39 41717765829243.8 -6354.72064317227 32930.3368208002 559269950.68831
2325050291.93487 -8010755607073.74 41734905888688.1 -6354.71342871079 32930.2992344329 559269950.68831
2325570786.73942 -8014063200521.54 41752045928576.9 -6354.70622015846 32930.2616789342 559269950.68831
2326091281.54398 -8017370790218.86 41769185948926.3 -6354.69901750803 32930.2241542663 559269950.688311
2326611776.34853 -8020678376168.78 41786325949752.4 -6354.69182075223 32930.186660391 559269950.688311
2327132271.15308 -8023985958374.35 41803465931071 -6354.68462988384 32930.1491972706 559269950.68831
2327652765.95763 -8027293536838.64 41820605892898.3 -6354.67744489562 32930.1117648671 559269950.68831
2328173260.76218 -8030601111564.71 41837745835250.2 -6354.67026578036 32930.0743631427 559269950.68831
2328693755.56674 -8033908682555.62 41854885758142.7 -6354.66309253085 32930.0369920597 559269950.68831
2329214250.37129 -8037216249814.41 41872025661591.7 -6354.6559251399 32929.9996515804 559269950.68831
2329734745.17584 -8040523813344.14 41889165545613.1 -6354.64876360032 32929.9623416672 559269950.68831
2330255239.98039 -8043831373147.84 41906305410222.9 -6354.64160790496 32929.9250622826 559269950.68831
2330775734.78495 -8047138929228.56 41923445255436.8 -6354.63445804665 32929.8878133891 559269950.68831
2331296229.5895 -8050446481589.34 41940585081270.8 -6354.62731401824 32929.8505949492 559269950.68831
2331816724.39405 -8053754030233.2 41957724887740.8 -6354.62017581261 32929.8134069256 559269950.68831
2332337219.1986 -8057061575163.17 41974864674862.5 -6354.61304342262 32929.7762492809 559269950.68831
2332857714.00315 -8060369116382.29 41992004442651.7 -6354.60591684118 32929.739121978 559269950.68831
2333378208.80771 -8063676653893.56 42009144191124.2 -6354.59879606117 32929.7020249796 559269950.68831
2333898703.61226 -8066984187700.02 42026283920295.9 -6354.59168107552 32929.6649582487 559269950.68831
2334419198.41681 -8070291717804.67 42043423630182.3 -6354.58457187714 32929.6279217481 559269950.68831
2334939693.22136 -8073599244210.52 42060563320799.3 -6354.57746845897 32929.5909154408 559269950.68831
2335460188.02591 -8076906766920.59 42077702992162.6 -6354.57037081396 32929.55393929 559269950.68831
2335980682.83047 -8080214285937.86 42094842644287.8 -6354.56327893507 32929.5169932587 559269950.68831
2336501177.63502 -8083521801265.35 42111982277190.6 -6354.55619281526 32929.4800773102 559269950.68831
2337021672.43957 -8086829312906.05 42129121890886.7 -6354.54911244752 32929.4431914075 559269950.68831
2337542167.24412 -8090136820862.95 42146261485391.7 -6354.54203782484 32929.4063355142 559269950.68831
2338062662.04867 -8093444325139.04 42163401060721.1 -6354.53496894023 32929.3695095935 559269950.68831
2338583156.85323 -8096751825737.3 42180540616890.7 -6354.52790578669 32929.3327136088 559269950.68831
2339103651.65778 -8100059322660.72 42197680153915.9 -6354.52084835727 32929.2959475236 559269950.68831
2339624146.46233 -8103366815912.27 42214819671812.4 -6354.51379664498 32929.2592113014 559269950.68831
2340144641.26688 -8106674305494.93 42231959170595.6 -6354.50675064289 32929.2225049059 559269950.68831
2340665136.07143 -8109981791411.66 42249098650281 -6354.49971034406 32929.1858283008 559269950.68831
2341185630.87599 -8113289273665.44 42266238110884.3 -6354.49267574155 32929.1491814496 559269950.68831
2341706125.68054 -8116596752259.23 42283377552420.7 -6354.48564682846 32929.1125643163 559269950.68831
2342226620.48509 -8119904227195.98 42300516974905.9 -6354.47862359786 32929.0759768645 559269950.68831
2342747115.28964 -8123211698478.65 42317656378355.2 -6354.47160604288 32929.0394190583 559269950.68831
2343267610.09419 -8126519166110.2 42334795762784.1 -6354.46459415662 32929.0028908616 559269950.68831
2343788104.89875 -8129826630093.57 42351935128207.9 -6354.45758793222 32928.9663922383 559269950.68831
2344308599.7033 -8133134090431.71 42369074474642 -6354.45058736281 32928.9299231526 559269950.68831
2344829094.50785 -8136441547127.57 42386213802101.9 -6354.44359244154 32928.8934835686 559269950.68831
2345349589.3124 -8139749000184.07 42403353110602.9 -6354.43660316158 32928.8570734504 559269950.68831
2345870084.11696 -8143056449604.15 42420492400160.2 -6354.42961951609 32928.8206927623 559269950.68831
2346390578.92151 -8146363895390.74 42437631670789.2 -6354.42264149826 32928.7843414687 559269950.68831
2346911073.72606 -8149671337546.78 42454770922505.2 -6354.41566910129 32928.7480195337 559269950.68831
2347431568.53061 -8152978776075.18 42471910155323.4 -6354.40870231837 32928.711726922 559269950.68831
2347952063.33516 -8156286210978.87 42489049369259.2 -6354.40174114273 32928.6754635979 559269950.68831
2348472558.13972 -8159593642260.76 42506188564327.7 -6354.39478556759 32928.639229526 559269950.68831
2348993052.94427 -8162901069923.76 42523327740544.1 -6354.38783558619 32928.6030246708 559269950.68831
2349513547.74882 -8166208493970.79 42540466897923.8 -6354.38089119178 32928.5668489971 559269950.68831
2350034042.55337 -8169515914404.75 42557606036481.7 -6354.37395237762 32928.5307024694 559269950.68831
2350554537.35792 -8172823331228.55 42574745156233.1 -6354.36701913697 32928.4945850526 559269950.68831
2351075032.16248 -8176130744445.08 42591884257193.2 -6354.36009146313 32928.4584967115 559269950.68831
2351595526.96703 -8179438154057.23 42609023339377.1 -6354.35316934937 32928.422437411 559269950.68831
2352116021.77158 -8182745560067.91 42626162402799.8 -6354.34625278902 32928.3864071159 559269950.68831
2352636516.57613 -8186052962480 42643301447476.5 -6354.33934177537 32928.3504057914 559269950.68831
2353157011.38068 -8189360361296.38 42660440473422.2 -6354.33243630175 32928.3144334023 559269950.68831
2353677506.18524 -8192667756519.95 42677579480652 -6354.3255363615 32928.2784899138 559269950.68831
2354198000.98979 -8195975148153.56 42694718469180.9 -6354.31864194797 32928.2425752911 559269950.68831
2354718495.79434 -8199282536200.11 42711857439024 -6354.3117530545 32928.2066894994 559269950.68831
2355238990.59889 -8202589920662.46 42728996390196.1 -6354.30486967447 32928.1708325039 559269950.68831
2355759485.40344 -8205897301543.48 42746135322712.4 -6354.29799180126 32928.1350042699 559269950.68831
2356279980.208 -8209204678846.03 42763274236587.7 -6354.29111942826 32928.0992047629 559269950.68831
2356800475.01255 -8212512052572.98 42780413131837.1 -6354.28425254885 32928.0634339483 559269950.68831
2357320969.8171 -8215819422727.18 42797552008475.4 -6354.27739115646 32928.0276917915 559269950.68831
2357841464.62165 -8219126789311.49 42814690866517.5 -6354.2705352445 32927.9919782581 559269950.68831
2358361959.42621 -8222434152328.76 42831829705978.4 -6354.2636848064 32927.9562933138 559269950.68831
2358882454.23076 -8225741511781.83 42848968526872.8 -6354.25683983561 32927.9206369241 559269950.68831
2359402949.03531 -8229048867673.56 42866107329215.8 -6354.25000032557 32927.8850090547 559269950.68831
2359923443.83986 -8232356220006.77 42883246113022 -6354.24316626975 32927.8494096715 559269950.68831
2360443938.64441 -8235663568784.31 42900384878306.3 -6354.23633766162 32927.8138387402 559269950.68831
2360964433.44897 -8238970914009.01 42917523625083.6 -6354.22951449466 32927.7782962268 559269950.68831
2361484928.25352 -8242278255683.71 42934662353368.5 -6354.22269676237 32927.742782097 559269950.68831
2362005423.05807 -8245585593811.22 42951801063175.9 -6354.21588445825 32927.7072963171 559269950.68831
2362525917.86262 -8248892928394.38 42968939754520.5 -6354.20907757581 32927.6718388529 559269950.68831
2363046412.66717 -8252200259435.99 42986078427417.1 -6354.20227610858 32927.6364096705 559269950.68831
2363566907.47173 -8255507586938.89 43003217081880.3 -6354.1954800501 32927.6010087362 559269950.68831
2364087402.27628 -8258814910905.88 43020355717924.8 -6354.1886893939 32927.5656360161 559269950.68831
2364607897.08083 -8262122231339.78 43037494335565.4 -6354.18190413354 32927.5302914764 559269950.68831
2365128391.88538 -8265429548243.38 43054632934816.6 -6354.1751242626 32927.4949750835 559269950.68831
2365648886.68993 -8268736861619.5 43071771515693.1 -6354.16834977464 32927.4596868037 559269950.68831
2366169381.49449 -8272044171470.93 43088910078209.6 -6354.16158066325 32927.4244266035 559269950.68831
2366689876.29904 -8275351477800.47 43106048622380.7 -6354.15481692203 32927.3891944493 559269950.68831
2367210371.10359 -8278658780610.91 43123187148220.9 -6354.14805854458 32927.3539903076 559269950.68831
2367730865.90814 -8281966079905.05 43140325655744.7 -6354.14130552452 32927.318814145 559269950.68831
2368251360.71269 -8285273375685.67 43157464144966.9 -6354.13455785547 32927.2836659281 559269950.68831
2368771855.51725 -8288580667955.56 43174602615901.9 -6354.12781553108 32927.2485456237 559269950.68831
2369292350.3218 -8291887956717.49 43191741068564.1 -6354.12107854499 32927.2134531984 559269950.68831
2369812845.12635 -8295195241974.24 43208879502968.2 -6354.11434689085 32927.1783886191 559269950.68831
2370333339.9309 -8298502523728.59 43226017919128.6 -6354.10762056234 32927.1433518525 559269950.68831
2370853834.73546 -8301809801983.3 43243156317059.8 -6354.10089955313 32927.1083428656 559269950.68831
2371374329.54001 -8305117076741.15 43260294696776.2 -6354.0941838569 32927.0733616253 559269950.68831
2371894824.34456 -8308424348004.89 43277433058292.3 -6354.08747346736 32927.0384080987 559269950.68831
2372415319.14911 -8311731615777.29 43294571401622.4 -6354.08076837822 32927.0034822527 559269950.688311
2372935813.95366 -8315038880061.1 43311709726781.1 -6354.07406858318 32926.9685840544 559269950.688311
2373456308.75822 -8318346140859.08 43328848033782.5 -6354.06737407597 32926.9337134711 559269950.68831
2373976803.56277 -8321653398173.98 43345986322641.2 -6354.06068485034 32926.8988704699 559269950.688311
2374497298.36732 -8324960652008.54 43363124593371.5 -6354.05400090002 32926.8640550181 559269950.688311
2375017793.17187 -8328267902365.52 43380262845987.7 -6354.04732221878 32926.829267083 559269950.688311
2375538287.97642 -8331575149247.64 43397401080504.1 -6354.04064880038 32926.7945066319 559269950.688311
2376058782.78098 -8334882392657.66 43414539296935 -6354.0339806386 32926.7597736323 559269950.688311
2376579277.58553 -8338189632598.29 43431677495294.6 -6354.02731772723 32926.7250680516 559269950.688311
2377099772.39008 -8341496869072.29 43448815675597.4 -6354.02066006005 32926.6903898574 559269950.688311
2377620267.19463 -8344804102082.36 43465953837857.4 -6354.01400763087 32926.6557390172 559269950.688311
2378140761.99918 -8348111331631.24 43483091982089 -6354.00736043352 32926.6211154987 559269950.688311
2378661256.80374 -8351418557721.65 43500230108306.3 -6354.00071846182 32926.5865192694 559269950.688311
2379181751.60829 -8354725780356.31 43517368216523.6 -6353.99408170959 32926.5519502972 559269950.688311
2379702246.41284 -8358032999537.93 43534506306754.9 -6353.98745017069 32926.5174085498 559269950.688311
2380222741.21739 -8361340215269.22 43551644379014.6 -6353.98082383896 32926.482893995 559269950.688311
2380743236.02194 -8364647427552.89 43568782433316.6 -6353.97420270828 32926.4484066007 559269950.688311
2381263730.8265 -8367954636391.66 43585920469675.3 -6353.96758677252 32926.4139463348 559269950.688311
2381784225.63105 -8371261841788.21 43603058488104.6 -6353.96097602555 32926.3795131653 559269950.688311
2382304720.4356 -8374569043745.25 43620196488618.6 -6353.95437046128 32926.3451070602 559269950.688311
2382825215.24015 -8377876242265.48 43637334471231.5 -6353.9477700736 32926.3107279877 559269950.688311
2383345710.0447 -8381183437351.59 43654472435957.3 -6353.94117485643 32926.2763759157 559269950.688311
2383866204.84926 -8384490629006.26 43671610382810 -6353.93458480369 32926.2420508126 559269950.688311
2384386699.65381 -8387797817232.19 43688748311803.7 -6353.9279999093 32926.2077526464 559269950.688311
2384907194.45836 -8391105002032.06 43705886222952.4 -6353.92142016722 32926.1734813856 559269950.688311
2385427689.26291 -8394412183408.55 43723024116270 -6353.91484557138 32926.1392369984 559269950.688311
2385948184.06747 -8397719361364.33 43740161991770.7 -6353.90827611575 32926.1050194532 559269950.688311
2386468678.87202 -8401026535902.08 43757299849468.2 -6353.9017117943 32926.0708287184 559269950.688311
2386989173.67657 -8404333707024.46 43774437689376.7 -6353.89515260101 32926.0366647625 559269950.688311
2387509668.48112 -8407640874734.16 43791575511509.9 -6353.88859852986 32926.0025275541 559269950.688311
2388030163.28567 -8410948039033.83 43808713315881.8 -6353.88204957485 32925.9684170616 559269950.688311
2388550658.09023 -8414255199926.13 43825851102506.4 -6353.87550572999 32925.9343332537 559269950.688311
2389071152.89478 -8417562357413.72 43842988871397.4 -6353.86896698929 32925.9002760992 559269950.688311
2389591647.69933 -8420869511499.26 43860126622568.8 -6353.86243334678 32925.8662455666 559269950.688311
2390112142.50388 -8424176662185.4 43877264356034.4 -6353.85590479649 32925.8322416249 559269950.688311
2390632637.30843 -8427483809474.78 43894402071808.1 -6353.84938133247 32925.7982642427 559269950.688311
2391153132.11299 -8430790953370.06 43911539769903.6 -6353.84286294877 32925.764313389 559269950.688311
2391673626.91754 -8434098093873.88 43928677450334.7 -6353.83634963946 32925.7303890327 559269950.688311
2392194121.72209 -8437405230988.87 43945815113115.3 -6353.8298413986 32925.6964911427 559269950.688311
2392714616.52664 -8440712364717.67 43962952758259.1 -6353.82333822027 32925.6626196881 559269950.688311
2393235111.33119 -8444019495062.92 43980090385779.9 -6353.81684009857 32925.6287746379 559269950.688311
2393755606.13575 -8447326622027.24 43997227995691.3 -6353.81034702759 32925.5949559612 559269950.688311
2394276100.9403 -8450633745613.27 44014365588007.2 -6353.80385900145 32925.5611636273 559269950.688311
2394796595.74485 -8453940865823.62 44031503162741.2 -6353.79737601426 32925.5273976052 559269950.688311
2395317090.5494 -8457247982660.93 44048640719906.9 -6353.79089806014 32925.4936578643 559269950.688311
2395837585.35395 -8460555096127.8 44065778259518.2 -6353.78442513324 32925.4599443738 559269950.688311
2396358080.15851 -8463862206226.85 44082915781588.6 -6353.7779572277 32925.4262571031 559269950.688311
2396878574.96306 -8467169312960.7 44100053286131.7 -6353.77149433768 32925.3925960217 559269950.688311
2397399069.76761 -8470476416331.95 44117190773161.2 -6353.76503645733 32925.3589610988 559269950.688311
2397919564.57216 -8473783516343.21 44134328242690.8 -6353.75858358082 32925.3253523041 559269950.688311
2398440059.37672 -8477090612997.08 44151465694733.9 -6353.75213570235 32925.2917696071 559269950.688311
2398960554.18127 -8480397706296.17 44168603129304.2 -6353.7456928161 32925.2582129773 559269950.688311
2399481048.98582 -8483704796243.06 44185740546415.2 -6353.73925491627 32925.2246823845 559269950.688311
2400001543.79037 -8487011882840.36 44202877946080.5 -6353.73282199707 32925.1911777982 559269950.688311
2400522038.59492 -8490318966090.65 44220015328313.6 -6353.72639405271 32925.1576991882 559269950.688311
2401042533.39948 -8493626045996.52 44237152693128 -6353.71997107743 32925.1242465243 559269950.688311
2401563028.20403 -8496933122560.56 44254290040537.2 -6353.71355306546 32925.0908197764 559269950.688311
2402083523.00858 -8500240195785.35 44271427370554.7 -6353.70714001103 32925.0574189142 559269950.688311
2402604017.81313 -8503547265673.46 44288564683193.9 -6353.70073190841 32925.0240439076 559269950.688311
2403124512.61768 -8506854332227.48 44305701978468.4 -6353.69432875186 32924.9906947268 559269950.688311
2403645007.42224 -8510161395449.98 44322839256391.5 -6353.68793053564 32924.9573713416 559269950.688311
2404165502.22679 -8513468455343.52 44339976516976.6 -6353.68153725404 32924.9240737221 559269950.688311
2404685997.03134 -8516775511910.67 44357113760237.2 -6353.67514890135 32924.8908018385 559269950.688311
2405206491.83589 -8520082565154 44374250986186.7 -6353.66876547186 32924.8575556608 559269950.688311
2405726986.64044 -8523389615076.07 44391388194838.4 -6353.66238695988 32924.8243351594 559269950.688311
2406247481.445 -8526696661679.44 44408525386205.6 -6353.65601335973 32924.7911403043 559269950.688311
2406767976.24955 -8530003704966.65 44425662560301.8 -6353.64964466572 32924.7579710659 559269950.688311
2407288471.0541 -8533310744940.27 44442799717140.2 -6353.64328087219 32924.7248274145 559269950.688311
2407808965.85865 -8536617781602.85 44459936856734.2 -6353.63692197348 32924.6917093206 559269950.688311
2408329460.6632 -8539924814956.92 44477073979097 -6353.63056796395 32924.6586167544 559269950.688311
2408849955.46776 -8543231845005.03 44494211084242 -6353.62421883794 32924.6255496866 559269950.688312
2409370450.27231 -8546538871749.73 44511348172182.3 -6353.61787458983 32924.5925080876 559269950.688312
2409890945.07686 -8549845895193.55 44528485242931.3 -6353.611535214 32924.559491928 559269950.688311
2410411439.88141 -8553152915339.02 44545622296502.2 -6353.60520070482 32924.5265011784 559269950.688312
2410931934.68597 -8556459932188.68 44562759332908.1 -6353.59887105669 32924.4935358094 559269950.688312
2411452429.49052 -8559766945745.05 44579896352162.4 -6353.59254626402 32924.4605957917 559269950.688312
2411972924.29507 -8563073956010.66 44597033354278.1 -6353.58622632121 32924.4276810961 559269950.688312
2412493419.09962 -8566380962988.04 44614170339268.5 -6353.57991122268 32924.3947916934 559269950.688312
2413013913.90417 -8569687966679.7 44631307307146.7 -6353.57360096286 32924.3619275544 559269950.688312
2413534408.70873 -8572994967088.16 44648444257925.9 -6353.56729553618 32924.3290886499 559269950.688312
2414054903.51328 -8576301964215.93 44665581191619.1 -6353.5609949371 32924.2962749509 559269950.688312
2414575398.31783 -8579608958065.54 44682718108239.5 -6353.55469916006 32924.2634864284 559269950.688312
2415095893.12238 -8582915948639.47 44699855007800.2 -6353.54840819953 32924.2307230534 559269950.688312
2415616387.92693 -8586222935940.25 44716991890314.3 -6353.54212204997 32924.1979847969 559269950.688312
2416136882.73149 -8589529919970.37 44734128755794.9 -6353.53584070586 32924.16527163 559269950.688312
2416657377.53604 -8592836900732.33 44751265604254.9 -6353.52956416169 32924.1325835239 559269950.688312
2417177872.34059 -8596143878228.63 44768402435707.4 -6353.52329241197 32924.0999204497 559269950.688312
2417698367.14514 -8599450852461.76 44785539250165.5 -6353.51702545118 32924.0672823788 559269950.688312
2418218861.94969 -8602757823434.22 44802676047642.2 -6353.51076327384 32924.0346692823 559269950.688312
2418739356.75425 -8606064791148.49 44819812828150.4 -6353.50450587448 32924.0020811316 559269950.688312
2419259851.5588 -8609371755607.06 44836949591703.1 -6353.49825324762 32923.969517898 559269950.688312
2419780346.36335 -8612678716812.42 44854086338313.3 -6353.4920053878 32923.936979553 559269950.688312
2420300841.1679 -8615985674767.03 44871223067993.9 -6353.48576228957 32923.9044660681 559269950.688312
2420821335.97245 -8619292629473.38 44888359780757.9 -6353.47952394748 32923.8719774146 559269950.688312
2421341830.77701 -8622599580933.94 44905496476618.2 -6353.47329035608 32923.8395135642 559269950.688312
2421862325.58156 -8625906529151.18 44922633155587.7 -6353.46706150996 32923.8070744884 559269950.688313
2422382820.38611 -8629213474127.58 44939769817679.2 -6353.4608374037 32923.7746601589 559269950.688313
2422903315.19066 -8632520415865.59 44956906462905.7 -6353.45461803187 32923.7422705473 559269950.688312
2423423809.99521 -8635827354367.69 44974043091280 -6353.44840338908 32923.7099056254 559269950.688313
2423944304.79977 -8639134289636.32 44991179702814.9 -6353.44219346992 32923.6775653648 559269950.688312
2424464799.60432 -8642441221673.95 45008316297523.3 -6353.43598826902 32923.6452497375 559269950.688313
2424985294.40887 -8645748150483.04 45025452875418 -6353.42978778098 32923.6129587152 559269950.688312
2425505789.21342 -8649055076066.02 45042589436511.7 -6353.42359200044 32923.5806922698 559269950.688313
2426026284.01798 -8652361998425.36 45059725980817.4 -6353.41740092204 32923.5484503733 559269950.688313
2426546778.82253 -8655668917563.5 45076862508347.7 -6353.41121454042 32923.5162329976 559269950.688313
2427067273.62708 -8658975833482.88 45093999019115.4 -6353.40503285023 32923.4840401147 559269950.688313
2427587768.43163 -8662282746185.94 45111135513133.2 -6353.39885584613 32923.4518716968 559269950.688313
2428108263.23618 -8665589655675.12 45128271990413.9 -6353.3926835228 32923.4197277158 559269950.688313
2428628758.04074 -8668896561952.86 45145408450970.2 -6353.3865158749 32923.387608144 559269950.688312
2429149252.84529 -8672203465021.58 45162544894814.7 -6353.38035289713 32923.3555129534 559269950.688313
2429669747.64984 -8675510364883.72 45179681321960.2 -6353.37419458418 32923.3234421165 559269950.688313
2430190242.45439 -8678817261541.71 45196817732419.4 -6353.36804093074 32923.2913956053 559269950.688313
2430710737.25894 -8682124154997.96 45213954126204.8 -6353.36189193154 32923.2593733923 559269950.688313
2431231232.0635 -8685431045254.89 45231090503329.1 -6353.35574758127 32923.2273754497 559269950.688313
2431751726.86805 -8688737932314.94 45248226863805 -6353.34960787468 32923.19540175 559269950.688312
2432272221.6726 -8692044816180.5 45265363207645.1 -6353.3434728065 32923.1634522656 559269950.688313
2432792716.47715 -8695351696854 45282499534861.9 -6353.33734237145 32923.131526969 559269950.688312
2433313211.2817 -8698658574337.85 45299635845468 -6353.3312165643 32923.0996258327 559269950.688313
2433833706.08626 -8701965448634.45 45316772139476.1 -6353.32509537981 32923.0677488293 559269950.688313
2434354200.89081 -8705272319746.21 45333908416898.6 -6353.31897881272 32923.0358959313 559269950.688312
2434874695.69536 -8708579187675.52 45351044677748.1 -6353.31286685783 32923.0040671114 559269950.688312
2435395190.49991 -8711886052424.79 45368180922037.1 -6353.30675950991 32922.9722623424 559269950.688312
2435915685.30446 -8715192913996.42 45385317149778.2 -6353.30065676375 32922.9404815968 559269950.688312
2436436180.10902 -8718499772392.8 45402453360983.8 -6353.29455861414 32922.9087248475 559269950.688312
2436956674.91357 -8721806627616.31 45419589555666.4 -6353.28846505589 32922.8769920674 559269950.688312
2437477169.71812 -8725113479669.36 45436725733838.5 -6353.28237608381 32922.8452832292 559269950.688312
2437997664.52267 -8728420328554.32 45453861895512.5 -6353.27629169273 32922.8135983058 559269950.688312
2438518159.32723 -8731727174273.57 45470998040701 -6353.27021187746 32922.7819372702 559269950.688312
2439038654.13178 -8735034016829.51 45488134169416.2 -6353.26413663285 32922.7503000954 559269950.688312
2439559148.93633 -8738340856224.5 45505270281670.6 -6353.25806595374 32922.7186867543 559269950.688312
2440079643.74088 -8741647692460.92 45522406377476.7 -6353.25199983498 32922.68709722 559269950.688312
2440600138.54543 -8744954525541.14 45539542456846.8 -6353.24593827142 32922.6555314656 559269950.688312
2441120633.34999 -8748261355467.53 45556678519793.2 -6353.23988125795 32922.6239894643 559269950.688312
2441641128.15454 -8751568182242.46 45573814566328.4 -6353.23382878942 32922.5924711892 559269950.688312
2442161622.95909 -8754875005868.3 45590950596464.6 -6353.22778086072 32922.5609766136 559269950.688312
2442682117.76364 -8758181826347.4 45608086610214.2 -6353.22173746675 32922.5295057106 559269950.688312
2443202612.56819 -8761488643682.12 45625222607589.6 -6353.21569860239 32922.4980584537 559269950.688312
2443723107.37275 -8764795457874.83 45642358588602.9 -6353.20966426256 32922.466634816 559269950.688312
2444243602.1773 -8768102268927.87 45659494553266.6 -6353.20363444217 32922.4352347711 559269950.688312
2444764096.98185 -8771409076843.59 45676630501592.8 -6353.19760913613 32922.4038582923 559269950.688312
2445284591.7864 -8774715881624.35 45693766433593.9 -6353.19158833938 32922.3725053531 559269950.688312
2445805086.59095 -8778022683272.48 45710902349282 -6353.18557204685 32922.341175927 559269950.688312
2446325581.39551 -8781329481790.34 45728038248669.5 -6353.17956025348 32922.3098699875 559269950.688312
2446846076.20006 -8784636277180.26 45745174131768.5 -6353.17355295423 32922.2785875082 559269950.688312
2447366571.00461 -8787943069444.58 45762309998591.2 -6353.16755014405 32922.2473284627 559269950.688312
2447887065.80916 -8791249858585.64 45779445849149.8 -6353.16155181791 32922.2160928246 559269950.688312
2448407560.61371 -8794556644605.76 45796581683456.6 -6353.15555797078 32922.1848805678 559269950.688312
2448928055.41827 -8797863427507.29 45813717501523.6 -6353.14956859764 32922.1536916658 559269950.688312
2449448550.22282 -8801170207292.54 45830853303363 -6353.14358369349 32922.1225260925 559269950.688312
2449969045.02737 -8804476983963.83 45847989088986.9 -6353.13760325331 32922.0913838217 559269950.688312
2450489539.83192 -8807783757523.51 45865124858407.6 -6353.13162727212 32922.0602648273 559269950.688312
2451010034.63648 -8811090527973.87 45882260611637 -6353.12565574491 32922.029169083 559269950.688312
2451530529.44103 -8814397295317.24 45899396348687.2 -6353.11968866671 32921.998096563 559269950.688312
2452051024.24558 -8817704059555.94 45916532069570.5 -6353.11372603255 32921.967047241 559269950.688312
2452571519.05013 -8821010820692.27 45933667774298.7 -6353.10776783746 32921.9360210912 559269950.688312
2453092013.85468 -8824317578728.55 45950803462884 -6353.10181407648 32921.9050180876 559269950.688312
2453612508.65924 -8827624333667.08 45967939135338.5 -6353.09586474465 32921.8740382043 559269950.688312
2454133003.46379 -8830931085510.16 45985074791674.1 -6353.08991983704 32921.8430814154 559269950.688312
2454653498.26834 -8834237834260.1 46002210431902.8 -6353.0839793487 32921.812147695 559269950.688312
2455173993.07289 -8837544579919.2 46019346056036.7 -6353.0780432747 32921.7812370174 559269950.688312
2455694487.87744 -8840851322489.74 46036481664087.8 -6353.07211161012 32921.7503493568 559269950.688312
2456214982.682 -8844158061974.04 46053617256067.9 -6353.06618435006 32921.7194846875 559269950.688312
2456735477.48655 -8847464798374.37 46070752831989.1 -6353.06026148959 32921.6886429839 559269950.688312
2457255972.2911 -8850771531693.02 46087888391863.4 -6353.05434302381 32921.6578242201 559269950.688312
2457776467.09565 -8854078261932.29 46105023935702.6 -6353.04842894785 32921.6270283708 559269950.688312
2458296961.9002 -8857384989094.45 46122159463518.7 -6353.0425192568 32921.5962554102 559269950.688312
2458817456.70476 -8860691713181.79 46139294975323.6 -6353.03661394578 32921.5655053129 559269950.688312
2459337951.50931 -8863998434196.59 46156430471129.2 -6353.03071300994 32921.5347780533 559269950.688312
2459858446.31386 -8867305152141.12 46173565950947.3 -6353.0248164444 32921.5040736061 559269950.688312
2460378941.11841 -8870611867017.65 46190701414789.8 -6353.0189242443 32921.4733919457 559269950.688312
2460899435.92296 -8873918578828.45 46207836862668.6 -6353.0130364048 32921.4427330469 559269950.688312
2461419930.72752 -8877225287575.8 46224972294595.6 -6353.00715292105 32921.4120968842 559269950.688312
2461940425.53207 -8880531993261.96 46242107710582.5 -6353.00127378822 32921.3814834325 559269950.688312
2462460920.33662 -8883838695889.2 46259243110641.1 -6352.99539900147 32921.3508926663 559269950.688312
2462981415.14117 -8887145395459.77 46276378494783.4 -6352.98952855599 32921.3203245605 559269950.688312
2463501909.94572 -8890452091975.93 46293513863020.9 -6352.98366244697 32921.2897790899 559269950.688312
2464022404.75028 -8893758785439.94 46310649215365.6 -6352.97780066959 32921.2592562294 559269950.688312
2464542899.55483 -8897065475854.04 46327784551829.2 -6352.97194321905 32921.2287559538 559269950.688312
2465063394.35938 -8900372163220.51 46344919872423.4 -6352.96609009056 32921.198278238 559269950.688312
2465583889.16393 -8903678847541.57 46362055177160 -6352.96024127935 32921.167823057 559269950.688312
2466104383.96849 -8906985528819.48 46379190466050.7 -6352.95439678062 32921.1373903858 559269950.688312
2466624878.77304 -8910292207056.48 46396325739107.2 -6352.9485565896 32921.1069801995 559269950.688312
2467145373.57759 -8913598882254.81 46413460996341.2 -6352.94272070154 32921.076592473 559269950.688312
2467665868.38214 -8916905554416.71 46430596237764.4 -6352.93688911166 32921.0462271815 559269950.688312
2468186363.18669 -8920212223544.42 46447731463388.5 -6352.93106181523 32921.0158843003 559269950.688312
2468706857.99125 -8923518889640.16 46464866673225 -6352.9252388075 32920.9855638043 559269950.688312
2469227352.7958 -8926825552706.17 46482001867285.7 -6352.91942008373 32920.9552656689 559269950.688312
2469747847.60035 -8930132212744.69 46499137045582.2 -6352.9136056392 32920.9249898692 559269950.688312
2470268342.4049 -8933438869757.92 46516272208126.2 -6352.90779546917 32920.8947363807 559269950.688312
2470788837.20945 -8936745523748.11 46533407354929.1 -6352.90198956894 32920.8645051786 559269950.688312
2471309332.01401 -8940052174717.46 46550542486002.6 -6352.89618793379 32920.8342962382 559269950.688312
2471829826.81856 -8943358822668.21 46567677601358.4 -6352.89039055902 32920.804109535 559269950.688312
2472350321.62311 -8946665467602.55 46584812701007.9 -6352.88459743995 32920.7739450445 559269950.688312
2472870816.42766 -8949972109522.72 46601947784962.7 -6352.87880857187 32920.743802742 559269950.688312
2473391311.23221 -8953278748430.91 46619082853234.4 -6352.87302395011 32920.7136826031 559269950.688312
2473911806.03677 -8956585384329.35 46636217905834.4 -6352.86724356999 32920.6835846034 559269950.688312
2474432300.84132 -8959892017220.23 46653352942774.4 -6352.86146742685 32920.6535087183 559269950.688312
2474952795.64587 -8963198647105.75 46670487964065.8 -6352.85569551603 32920.6234549236 559269950.688312
2475473290.45042 -8966505273988.13 46687622969720 -6352.84992783287 32920.5934231949 559269950.688312
2475993785.25497 -8969811897869.56 46704757959748.7 -6352.84416437273 32920.5634135078 559269950.688312
2476514280.05953 -8973118518752.24 46721892934163.2 -6352.83840513095 32920.5334258381 559269950.688312
2477034774.86408 -8976425136638.35 46739027892975 -6352.83265010293 32920.5034601616 559269950.688312
2477555269.66863 -8979731751530.1 46756162836195.5 -6352.82689928401 32920.473516454 559269950.688312
2478075764.47318 -8983038363429.68 46773297763836.2 -6352.82115266959 32920.4435946912 559269950.688312
2478596259.27774 -8986344972339.26 46790432675908.5 -6352.81541025506 32920.413694849 559269950.688312
2479116754.08229 -8989651578261.04 46807567572423.8 -6352.8096720358 32920.3838169034 559269950.688312
2479637248.88684 -8992958181197.2 46824702453393.4 -6352.80393800721 32920.3539608302 559269950.688312
2480157743.69139 -8996264781149.91 46841837318828.8 -6352.79820816471 32920.3241266055 559269950.688312
2480678238.49594 -8999571378121.36 46858972168741.3 -6352.79248250371 32920.2943142052 559269950.688312
2481198733.3005 -9002877972113.72 46876107003142.3 -6352.78676101963 32920.2645236054 559269950.688312
2481719228.10505 -9006184563129.16 46893241822043.2 -6352.78104370789 32920.2347547822 559269950.688312
2482239722.9096 -9009491151169.85 46910376625455.1 -6352.77533056393 32920.2050077117 559269950.688312
2482760217.71415 -9012797736237.97 46927511413389.5 -6352.76962158318 32920.17528237 559269950.688312
2483280712.5187 -9016104318335.68 46944646185857.7 -6352.76391676111 32920.1455787333 559269950.688312
2483801207.32326 -9019410897465.13 46961780942871 -6352.75821609316 32920.1158967778 559269950.688312
2484321702.12781 -9022717473628.5 46978915684440.6 -6352.75251957479 32920.0862364798 559269950.688313
2484842196.93236 -9026024046827.94 46996050410577.7 -6352.74682720146 32920.0565978155 559269950.688313
2485362691.73691 -9029330617065.61 47013185121293.8 -6352.74113896866 32920.0269807613 559269950.688313
2485883186.54146 -9032637184343.65 47030319816599.9 -6352.73545487186 32919.9973852936 559269950.688313
2486403681.34602 -9035943748664.23 47047454496507.3 -6352.72977490656 32919.9678113887 559269950.688313
2486924176.15057 -9039250310029.5 47064589161027.3 -6352.72409906823 32919.938259023 559269950.688313
2487444670.95512 -9042556868441.59 47081723810171.1 -6352.71842735239 32919.9087281731 559269950.688313
2487965165.75967 -9045863423902.65 47098858443949.8 -6352.71275975454 32919.8792188153 559269950.688312
2488485660.56422 -9049169976414.83 47115993062374.6 -6352.70709627019 32919.8497309262 559269950.688313
2489006155.36878 -9052476525980.27 47133127665456.6 -6352.70143689486 32919.8202644825 559269950.688312
2489526650.17333 -9055783072601.09 47150262253207.2 -6352.69578162408 32919.7908194606 559269950.688313
2490047144.97788 -9059089616279.45 47167396825637.3 -6352.69013045338 32919.7613958373 559269950.688313
2490567639.78243 -9062396157017.47 47184531382758.2 -6352.68448337831 32919.7319935891 559269950.688313
2491088134.58699 -9065702694817.28 47201665924580.8 -6352.6788403944 32919.7026126927 559269950.688312
2491608629.39154 -9069009229681 47218800451116.5 -6352.6732014972 32919.673253125 559269950.688313
2492129124.19609 -9072315761610.78 47235934962376.2 -6352.66756668229 32919.6439148627 559269950.688313
2492649619.00064 -9075622290608.72 47253069458371 -6352.66193594521 32919.6145978825 559269950.688313
2493170113.80519 -9078928816676.96 47270203939112 -6352.65630928155 32919.5853021613 559269950.688312
2493690608.60975 -9082235339817.6 47287338404610.2 -6352.65068668688 32919.5560276759 559269950.688313
2494211103.4143 -9085541860032.77 47304472854876.8 -6352.64506815678 32919.5267744034 559269950.688313
2494731598.21885 -9088848377324.58 47321607289922.7 -6352.63945368685 32919.4975423205 559269950.688313
2495252093.0234 -9092154891695.15 47338741709758.9 -6352.63384327268 32919.4683314042 559269950.688312
2495772587.82795 -9095461403146.58 47355876114396.6 -6352.62823690988 32919.4391416317 559269950.688313
2496293082.63251 -9098767911680.98 47373010503846.6 -6352.62263459405 32919.4099729798 559269950.688313
2496813577.43706 -9102074417300.46 47390144878120 -6352.61703632082 32919.3808254257 559269950.688313
2497334072.24161 -9105380920007.11 47407279237227.7 -6352.61144208579 32919.3516989465 559269950.688312
2497854567.04616 -9108687419803.04 47424413581180.7 -6352.60585188461 32919.3225935192 559269950.688313
2498375061.85071 -9111993916690.36 47441547909989.9 -6352.60026571291 32919.2935091211 559269950.688312
2498895556.65527 -9115300410671.14 47458682223666.4 -6352.59468356633 32919.2644457293 559269950.688313
2499416051.45982 -9118606901747.5 47475816522220.9 -6352.58910544051 32919.2354033212 559269950.688312
2499936546.26437 -9121913389921.52 47492950805664.5 -6352.58353133111 32919.2063818739 559269950.688312
2500457041.06892 -9125219875195.28 47510085074008.1 -6352.5779612338 32919.1773813647 559269950.688312
2500977535.87347 -9128526357570.88 47527219327262.4 -6352.57239514423 32919.148401771 559269950.688312
2501498030.67803 -9131832837050.4 47544353565438.5 -6352.56683305807 32919.1194430702 559269950.688312
2502018525.48258 -9135139313635.93 47561487788547.1 -6352.56127497102 32919.0905052396 559269950.688312
2502539020.28713 -9138445787329.54 47578621996599.2 -6352.55572087875 32919.0615882567 559269950.688312
2503059515.09168 -9141752258133.31 47595756189605.6 -6352.55017077696 32919.0326920989 559269950.688312
2503580009.89623 -9145058726049.32 47612890367577.1 -6352.54462466133 32919.0038167437 559269950.688312
2504100504.70079 -9148365191079.65 47630024530524.5 -6352.53908252759 32918.9749621687 559269950.688312
2504620999.50534 -9151671653226.36 47647158678458.7 -6352.53354437143 32918.9461283514 559269950.688312
2505141494.30989 -9154978112491.52 47664292811390.4 -6352.52801018857 32918.9173152693 559269950.688312
2505661989.11444 -9158284568877.2 47681426929330.4 -6352.52247997473 32918.8885229002 559269950.688312
2506182483.919 -9161591022385.46 47698561032289.6 -6352.51695372565 32918.8597512217 559269950.688312
2506702978.72355 -9164897473018.37 47715695120278.6 -6352.51143143705 32918.8310002114 559269950.688312
2507223473.5281 -9168203920777.99 47732829193308.2 -6352.50591310468 32918.8022698471 559269950.688312
2507743968.33265 -9171510365666.37 47749963251389.2 -6352.50039872428 32918.7735601066 559269950.688312
2508264463.1372 -9174816807685.58 47767097294532.3 -6352.49488829161 32918.7448709676 559269950.688312
2508784957.94176 -9178123246837.66 47784231322748.2 -6352.48938180242 32918.7162024078 559269950.688312
2509305452.74631 -9181429683124.66 47801365336047.7 -6352.48387925249 32918.6875544053 559269950.688312
2509825947.55086 -9184736116548.64 47818499334441.3 -6352.47838063757 32918.6589269378 559269950.688312
2510346442.35541 -9188042547111.65 47835633317939.8 -6352.47288595346 32918.6303199833 559269950.688312
2510866937.15996 -9191348974815.72 47852767286553.9 -6352.46739519592 32918.6017335197 559269950.688312
2511387431.96452 -9194655399662.9 47869901240294.2 -6352.46190836076 32918.573167525 559269950.688312
2511907926.76907 -9197961821655.23 47887035179171.4 -6352.45642544376 32918.5446219772 559269950.688312
2512428421.57362 -9201268240794.76 47904169103196.1 -6352.45094644073 32918.5160968543 559269950.688312
2512948916.37817 -9204574657083.5 47921303012378.9 -6352.44547134747 32918.4875921344 559269950.688312
2513469411.18272 -9207881070523.51 47938436906730.5 -6352.4400001598 32918.4591077956 559269950.688312
2513989905.98728 -9211187481116.8 47955570786261.4 -6352.43453287353 32918.430643816 559269950.688312
2514510400.79183 -9214493888865.42 47972704650982.2 -6352.4290694845 32918.4022001738 559269950.688312
2515030895.59638 -9217800293771.39 47989838500903.6 -6352.42360998853 32918.3737768472 559269950.688312
2515551390.40093 -9221106695836.72 48006972336036.1 -6352.41815438146 32918.3453738144 559269950.688312
2516071885.20548 -9224413095063.46 48024106156390.2 -6352.41270265913 32918.3169910537 559269950.688312
2516592380.01004 -9227719491453.61 48041239961976.5 -6352.40725481739 32918.2886285433 559269950.688312
2517112874.81459 -9231025885009.2 48058373752805.5 -6352.4018108521 32918.2602862616 559269950.688312
2517633369.61914 -9234332275732.23 48075507528887.8 -6352.39637075912 32918.2319641869 559269950.688312
2518153864.42369 -9237638663624.74 48092641290233.8 -6352.3909345343 32918.2036622975 559269950.688312
2518674359.22825 -9240945048688.72 48109775036854.1 -6352.38550217354 32918.175380572 559269950.688312
2519194854.0328 -9244251430926.2 48126908768759.1 -6352.3800736727 32918.1471189888 559269950.688312
2519715348.83735 -9247557810339.17 48144042485959.4 -6352.37464902766 32918.1188775263 559269950.688312
2520235843.6419 -9250864186929.64 48161176188465.4 -6352.36922823433 32918.090656163 559269950.688312
2520756338.44645 -9254170560699.62 48178309876287.5 -6352.36381128859 32918.0624548774 559269950.688312
2521276833.25101 -9257476931651.11 48195443549436.3 -6352.35839818634 32918.0342736482 559269950.688312
2521797328.05556 -9260783299786.11 48212577207922 -6352.3529889235 32918.0061124539 559269950.688312
2522317822.86011 -9264089665106.61 48229710851755.2 -6352.34758349598 32917.9779712732 559269950.688312
2522838317.66466 -9267396027614.61 48246844480946.3 -6352.34218189969 32917.9498500846 559269950.688312
2523358812.46921 -9270702387312.11 48263978095505.7 -6352.33678413056 32917.921748867 559269950.688312
2523879307.27377 -9274008744201.09 48281111695443.7 -6352.33139018452 32917.8936675989 559269950.688312
2524399802.07832 -9277315098283.54 48298245280770.7 -6352.32600005752 32917.8656062592 559269950.688312
2524920296.88287 -9280621449561.45 48315378851497.1 -6352.32061374548 32917.8375648266 559269950.688312
2525440791.68742 -9283927798036.81 48332512407633.3 -6352.31523124436 32917.8095432799 559269950.688312
2525961286.49197 -9287234143711.6 48349645949189.6 -6352.30985255011 32917.7815415981 559269950.688312
2526481781.29653 -9290540486587.79 48366779476176.3 -6352.3044776587 32917.7535597598 559269950.688312
2527002276.10108 -9293846826667.37 48383912988603.8 -6352.29910656608 32917.7255977441 559269950.688312
2527522770.90563 -9297153163952.3 48401046486482.4 -6352.29373926823 32917.6976555298 559269950.688312
2528043265.71018 -9300459498444.58 48418179969822.3 -6352.28837576113 32917.669733096 559269950.688312
2528563760.51473 -9303765830146.16 48435313438633.9 -6352.28301604075 32917.6418304216 559269950.688312
2529084255.31929 -9307072159059.03 48452446892927.4 -6352.27766010309 32917.6139474856 559269950.688312
2529604750.12384 -9310378485185.13 48469580332713.1 -6352.27230794413 32917.586084267 559269950.688311
2530125244.92839 -9313684808526.45 48486713758001.3 -6352.26695955989 32917.558240745 559269950.688312
2530645739.73294 -9316991129084.95 48503847168802.2 -6352.26161494635 32917.5304168987 559269950.688311
2531166234.5375 -9320297446862.58 48520980565126.1 -6352.25627409954 32917.5026127071 559269950.688311
2531686729.34205 -9323603761861.3 48538113946983.1 -6352.25093701547 32917.4748281495 559269950.688311
2532207224.1466 -9326910074083.09 48555247314383.6 -6352.24560369016 32917.447063205 559269950.688311
2532727718.95115 -9330216383529.88 48572380667337.6 -6352.24027411964 32917.4193178529 559269950.688311
2533248213.7557 -9333522690203.63 48589514005855.4 -6352.23494829995 32917.3915920724 559269950.688311
2533768708.56026 -9336828994106.3 48606647329947.1 -6352.22962622711 32917.3638858428 559269950.688311
2534289203.36481 -9340135295239.83 48623780639623 -6352.22430789718 32917.3361991435 559269950.688311
2534809698.16936 -9343441593606.17 48640913934893.2 -6352.2189933062 32917.3085319536 559269950.688311
2535330192.97391 -9346747889207.26 48658047215767.9 -6352.21368245023 32917.2808842527 559269950.688311
2535850687.77846 -9350054182045.05 48675180482257.1 -6352.20837532533 32917.2532560201 559269950.688311
2536371182.58302 -9353360472121.49 48692313734371 -6352.20307192757 32917.2256472353 559269950.688311
2536891677.38757 -9356666759438.5 48709446972119.8 -6352.19777225302 32917.1980578777 559269950.688311
2537412172.19212 -9359973043998.03 48726580195513.5 -6352.19247629776 32917.1704879267 559269950.688311
2537932666.99667 -9363279325802 48743713404562.2 -6352.18718405786 32917.142937362 559269950.688311
2538453161.80122 -9366585604852.36 48760846599276 -6352.18189552943 32917.115406163 559269950.688311
2538973656.60578 -9369891881151.03 48777979779665.1 -6352.17661070855 32917.0878943094 559269950.688311
2539494151.41033 -9373198154699.95 48795112945739.3 -6352.17132959131 32917.0604017807 559269950.688311
2540014646.21488 -9376504425501.03 48812246097508.9 -6352.16605217384 32917.0329285565 559269950.688311
2540535141.01943 -9379810693556.21 48829379234983.9 -6352.16077845223 32917.0054746165 559269950.688311
2541055635.82398 -9383116958867.4 48846512358174.2 -6352.15550842261 32916.9780399404 559269950.688311
2541576130.62854 -9386423221436.53 48863645467089.9 -6352.15024208109 32916.950624508 559269950.688311
2542096625.43309 -9389729481265.52 48880778561741 -6352.1449794238 32916.9232282989 559269950.688311
2542617120.23764 -9393035738356.28 48897911642137.6 -6352.13972044687 32916.8958512929 559269950.688311
2543137615.04219 -9396341992710.72 48915044708289.5 -6352.13446514645 32916.8684934699 559269950.688311
2543658109.84675 -9399648244330.77 48932177760206.9 -6352.12921351867 32916.8411548096 559269950.688311
2544178604.6513 -9402954493218.32 48949310797899.5 -6352.12396555968 32916.8138352919 559269950.688311
2544699099.45585 -9406260739375.29 48966443821377.5 -6352.11872126564 32916.7865348967 559269950.688311
2545219594.2604 -9409566982803.59 48983576830650.8 -6352.11348063271 32916.759253604 559269950.688311
2545740089.06495 -9412873223505.12 49000709825729.2 -6352.10824365704 32916.7319913936 559269950.688311
2546260583.86951 -9416179461481.78 49017842806622.8 -6352.10301033481 32916.7047482455 559269950.688311
2546781078.67406 -9419485696735.47 49034975773341.4 -6352.0977806622 32916.6775241398 559269950.688311
2547301573.47861 -9422791929268.1 49052108725895 -6352.09255463538 32916.6503190564 559269950.688311
2547822068.28316 -9426098159081.55 49069241664293.4 -6352.08733225055 32916.6231329754 559269950.688311
2548342563.08771 -9429404386177.73 49086374588546.5 -6352.08211350389 32916.5959658769 559269950.688311
2548863057.89227 -9432710610558.52 49103507498664.2 -6352.07689839159 32916.568817741 559269950.688311
2549383552.69682 -9436016832225.81 49120640394656.4 -6352.07168690987 32916.5416885479 559269950.688311
2549904047.50137 -9439323051181.51 49137773276532.9 -6352.06647905493 32916.5145782776 559269950.688311
2550424542.30592 -9442629267427.48 49154906144303.6 -6352.06127482298 32916.4874869105 559269950.688311
2550945037.11047 -9445935480965.62 49172038997978.3 -6352.05607421023 32916.4604144266 559269950.688311
2551465531.91503 -9449241691797.81 49189171837566.8 -6352.05087721292 32916.4333608063 559269950.688311
2551986026.71958 -9452547899925.93 49206304663079 -6352.04568382726 32916.4063260299 559269950.688311
2552506521.52413 -9455854105351.86 49223437474524.5 -6352.0404940495 32916.3793100776 559269950.688311
2553027016.32868 -9459160308077.47 49240570271913.3 -6352.03530787587 32916.3523129297 559269950.688311
2553547511.13323 -9462466508104.64 49257703055255.2 -6352.03012530262 32916.3253345667 559269950.688311
2554068005.93779 -9465772705435.25 49274835824559.8 -6352.02494632599 32916.2983749689 559269950.688311
2554588500.74234 -9469078900071.16 49291968579836.9 -6352.01977094224 32916.2714341167 559269950.688311
2555108995.54689 -9472385092014.25 49309101321096.4 -6352.01459914763 32916.2445119906 559269950.688311
2555629490.35144 -9475691281266.38 49326234048347.9 -6352.00943093842 32916.2176085711 559269950.688311
2556149985.15599 -9478997467829.41 49343366761601.2 -6352.00426631089 32916.1907238386 559269950.688311
2556670479.96055 -9482303651705.21 49360499460866 -6351.9991052613 32916.1638577736 559269950.688311
2557190974.7651 -9485609832895.64 49377632146152 -6351.99394778595 32916.1370103567 559269950.688311
2557711469.56965 -9488916011402.57 49394764817468.8 -6351.9887938811 32916.1101815685 559269950.688311
2558231964.3742 -9492222187227.84 49411897474826.3 -6351.98364354307 32916.0833713896 559269950.688311
2558752459.17876 -9495528360373.31 49429030118234.1 -6351.97849676813 32916.0565798006 559269950.688311
2559272953.98331 -9498834530840.85 49446162747701.8 -6351.97335355259 32916.0298067821 559269950.688311
2559793448.78786 -9502140698632.29 49463295363239.1 -6351.96821389277 32916.0030523149 559269950.688311
2560313943.59241 -9505446863749.49 49480427964855.7 -6351.96307778496 32915.9763163797 559269950.688311
2560834438.39696 -9508753026194.29 49497560552561.2 -6351.95794522548 32915.9495989571 559269950.688311
2561354933.20152 -9512059185968.55 49514693126365.3 -6351.95281621066 32915.9229000281 559269950.688311
2561875428.00607 -9515365343074.1 49531825686277.5 -6351.94769073683 32915.8962195732 559269950.688311
2562395922.81062 -9518671497512.79 49548958232307.4 -6351.9425688003 32915.8695575734 559269950.688311
2562916417.61517 -9521977649286.46 49566090764464.7 -6351.93745039743 32915.8429140096 559269950.688311
2563436912.41972 -9525283798396.95 49583223282759 -6351.93233552455 32915.8162888625 559269950.688311
2563957407.22428 -9528589944846.09 49600355787199.8 -6351.92722417801 32915.7896821131 559269950.688311
2564477902.02883 -9531896088635.72 49617488277796.7 -6351.92211635416 32915.7630937423 559269950.688311
2564998396.83338 -9535202229767.67 49634620754559.3 -6351.91701204936 32915.736523731 559269950.688311
2565518891.63793 -9538508368243.77 49651753217497.1 -6351.91191125996 32915.7099720603 559269950.688311
2566039386.44248 -9541814504065.84 49668885666619.7 -6351.90681398235 32915.6834387111 559269950.688311
2566559881.24704 -9545120637235.73 49686018101936.6 -6351.90172021287 32915.6569236645 559269950.688311
2567080376.05159 -9548426767755.25 49703150523457.3 -6351.89662994793 32915.6304269014 559269950.688311
2567600870.85614 -9551732895626.22 49720282931191.3 -6351.89154318389 32915.603948403 559269950.688311
2568121365.66069 -9555039020850.46 49737415325148.1 -6351.88645991714 32915.5774881505 559269950.688311
2568641860.46524 -9558345143429.81 49754547705337.3 -6351.88138014407 32915.5510461248 559269950.688311
2569162355.2698 -9561651263366.06 49771680071768.2 -6351.87630386109 32915.5246223073 559269950.688311
2569682850.07435 -9564957380661.05 49788812424450.5 -6351.87123106459 32915.498216679 559269950.688311
2570203344.8789 -9568263495316.58 49805944763393.4 -6351.86616175098 32915.4718292212 559269950.688311
2570723839.68345 -9571569607334.46 49823077088606.6 -6351.86109591667 32915.4454599152 559269950.688311
2571244334.48801 -9574875716716.5 49840209400099.4 -6351.85603355807 32915.4191087421 559269950.688311
2571764829.29256 -9578181823464.52 49857341697881.3 -6351.85097467162 32915.3927756832 559269950.68831
2572285324.09711 -9581487927580.32 49874473981961.6 -6351.84591925373 32915.36646072 559269950.68831
2572805818.90166 -9584794029065.7 49891606252349.9 -6351.84086730083 32915.3401638337 559269950.68831
2573326313.70621 -9588100127922.46 49908738509055.4 -6351.83581880937 32915.3138850056 559269950.68831
2573846808.51077 -9591406224152.41 49925870752087.7 -6351.83077377578 32915.2876242173 559269950.68831
2574367303.31532 -9594712317757.35 49943002981456.1 -6351.82573219651 32915.26138145 559269950.68831
2574887798.11987 -9598018408739.07 49960135197169.9 -6351.82069406802 32915.2351566853 559269950.68831
2575408292.92442 -9601324497099.37 49977267399238.5 -6351.81565938674 32915.2089499046 559269950.68831
2575928787.72897 -9604630582840.04 49994399587671.3 -6351.81062814915 32915.1827610893 559269950.68831
2576449282.53353 -9607936665962.87 50011531762477.7 -6351.80560035172 32915.1565902211 559269950.68831
2576969777.33808 -9611242746469.65 50028663923666.9 -6351.8005759909 32915.1304372815 559269950.68831
2577490272.14263 -9614548824362.17 50045796071248.3 -6351.79555506318 32915.104302252 559269950.68831
2578010766.94718 -9617854899642.22 50062928205231.2 -6351.79053756504 32915.0781851142 559269950.68831
2578531261.75173 -9621160972311.58 50080060325625 -6351.78552349295 32915.0520858497 559269950.68831
2579051756.55629 -9624467042372.03 50097192432438.8 -6351.78051284342 32915.0260044402 559269950.68831
2579572251.36084 -9627773109825.36 50114324525682.1 -6351.77550561293 32914.9999408674 559269950.68831
2580092746.16539 -9631079174673.33 50131456605364 -6351.77050179799 32914.9738951129 559269950.68831
2580613240.96994 -9634385236917.73 50148588671493.9 -6351.76550139509 32914.9478671586 559269950.68831
2581133735.77449 -9637691296560.34 50165720724081.1 -6351.76050440075 32914.921856986 559269950.68831
2581654230.57905 -9640997353602.93 50182852763134.6 -6351.75551081147 32914.895864577 559269950.68831
2582174725.3836 -9644303408047.26 50199984788663.9 -6351.75052062379 32914.8698899134 559269950.68831
2582695220.18815 -9647609459895.11 50217116800678.1 -6351.74553383421 32914.8439329769 559269950.68831
2583215714.9927 -9650915509148.24 50234248799186.5 -6351.74055043927 32914.8179937496 559269950.68831
2583736209.79726 -9654221555808.43 50251380784198.3 -6351.7355704355 32914.7920722131 559269950.68831
2584256704.60181 -9657527599877.43 50268512755722.6 -6351.73059381943 32914.7661683495 559269950.68831
2584777199.40636 -9660833641357.01 50285644713768.7 -6351.72562058762 32914.7402821405 559269950.68831
2585297694.21091 -9664139680248.93 50302776658345.7 -6351.7206507366 32914.7144135683 559269950.68831
2585818189.01546 -9667445716554.95 50319908589462.9 -6351.71568426293 32914.6885626147 559269950.68831
2586338683.82002 -9670751750276.82 50337040507129.4 -6351.71072116315 32914.6627292617 559269950.68831
2586859178.62457 -9674057781416.3 50354172411354.3 -6351.70576143384 32914.6369134914 559269950.68831
2587379673.42912 -9677363809975.14 50371304302146.8 -6351.70080507156 32914.6111152857 559269950.68831
2587900168.23367 -9680669835955.1 50388436179516 -6351.69585207287 32914.5853346268 559269950.68831
2588420663.03822 -9683975859357.93 50405568043471.2 -6351.69090243436 32914.5595714968 559269950.68831
2588941157.84278 -9687281880185.36 50422699894021.3 -6351.6859561526 32914.5338258777 559269950.68831
2589461652.64733 -9690587898439.16 50439831731175.5 -6351.68101322417 32914.5080977517 559269950.68831
2589982147.45188 -9693893914121.06 50456963554942.8 -6351.67607364567 32914.482387101 559269950.68831
2590502642.25643 -9697199927232.8 50474095365332.5 -6351.67113741368 32914.4566939077 559269950.68831
2591023137.06098 -9700505937776.13 50491227162353.5 -6351.66620452481 32914.4310181542 559269950.68831
2591543631.86554 -9703811945752.79 50508358946015 -6351.66127497565 32914.4053598225 559269950.68831
2592064126.67009 -9707117951164.51 50525490716326 -6351.65634876282 32914.3797188949 559269950.68831
2592584621.47464 -9710423954013.03 50542622473295.5 -6351.65142588292 32914.3540953538 559269950.68831
2593105116.27919 -9713729954300.09 50559754216932.6 -6351.64650633257 32914.3284891815 559269950.68831
2593625611.08374 -9717035952027.41 50576885947246.4 -6351.64159010839 32914.3029003602 559269950.68831
2594146105.8883 -9720341947196.72 50594017664245.8 -6351.63667720702 32914.2773288724 559269950.68831
2594666600.69285 -9723647939809.76 50611149367939.9 -6351.63176762506 32914.2517747005 559269950.68831
2595187095.4974 -9726953929868.25 50628281058337.7 -6351.62686135917 32914.2262378267 559269950.68831
2595707590.30195 -9730259917373.92 50645412735448.2 -6351.62195840598 32914.2007182336 559269950.68831
2596228085.1065 -9733565902328.49 50662544399280.4 -6351.61705876213 32914.1752159036 559269950.68831
2596748579.91106 -9736871884733.67 50679676049843.2 -6351.61216242428 32914.1497308192 559269950.68831
2597269074.71561 -9740177864591.2 50696807687145.7 -6351.60726938907 32914.1242629629 559269950.68831
2597789569.52016 -9743483841902.79 50713939311196.7 -6351.60237965316 32914.0988123172 559269950.68831
2598310064.32471 -9746789816670.16 50731070922005.3 -6351.59749321321 32914.0733788646 559269950.68831
2598830559.12927 -9750095788895.01 50748202519580.4 -6351.59261006589 32914.0479625878 559269950.68831
2599351053.93382 -9753401758579.07 50765334103930.9 -6351.58773020787 32914.0225634693 559269950.68831
2599871548.73837 -9756707725724.04 50782465675065.8 -6351.58285363583 32913.9971814917 559269950.68831
2600392043.54292 -9760013690331.64 50799597232993.9 -6351.57798034644 32913.9718166377 559269950.68831
2600912538.34747 -9763319652403.57 50816728777724.2 -6351.57311033639 32913.9464688899 559269950.68831
2601433033.15203 -9766625611941.54 50833860309265.6 -6351.56824360237 32913.9211382311 559269950.68831
2601953527.95658 -9769931568947.25 50850991827626.9 -6351.56338014106 32913.8958246439 559269950.68831
2602474022.76113 -9773237523422.4 50868123332817.1 -6351.55851994917 32913.870528111 559269950.68831
2602994517.56568 -9776543475368.7 50885254824845.1 -6351.5536630234 32913.8452486154 559269950.68831
2603515012.37023 -9779849424787.85 50902386303719.6 -6351.54880936046 32913.8199861396 559269950.68831
2604035507.17479 -9783155371681.53 50919517769449.5 -6351.54395895705 32913.7947406665 559269950.68831
2604556001.97934 -9786461316051.46 50936649222043.8 -6351.5391118099 32913.769512179 559269950.68831
2605076496.78389 -9789767257899.31 50953780661511.1 -6351.53426791571 32913.7443006599 559269950.68831
2605596991.58844 -9793073197226.79 50970912087860.4 -6351.52942727122 32913.719106092 559269950.68831
2606117486.39299 -9796379134035.58 50988043501100.5 -6351.52458987315 32913.6939284584 559269950.68831
2606637981.19755 -9799685068327.38 51005174901240.1 -6351.51975571824 32913.6687677418 559269950.68831
2607158476.0021 -9802991000103.87 51022306288288.1 -6351.51492480322 32913.6436239252 559269950.68831
2607678970.80665 -9806296929366.73 51039437662253.3 -6351.51009712483 32913.6184969916 559269950.68831
2608199465.6112 -9809602856117.66 51056569023144.4 -6351.50527267983 32913.593386924 559269950.68831
2608719960.41575 -9812908780358.33 51073700370970.3 -6351.50045146495 32913.5682937054 559269950.68831
2609240455.22031 -9816214702090.42 51090831705739.6 -6351.49563347697 32913.5432173188 559269950.68831
2609760950.02486 -9819520621315.61 51107963027461.2 -6351.49081871262 32913.5181577473 559269950.68831
2610281444.82941 -9822826538035.58 51125094336143.8 -6351.48600716868 32913.493114974 559269950.68831
2610801939.63396 -9826132452252 51142225631796.2 -6351.48119884192 32913.468088982 559269950.68831
2611322434.43852 -9829438363966.55 51159356914427 -6351.47639372911 32913.4430797543 559269950.688309
2611842929.24307 -9832744273180.9 51176488184045 -6351.47159182701 32913.4180872742 559269950.688309
2612363424.04762 -9836050179896.72 51193619440658.8 -6351.46679313243 32913.3931115248 559269950.68831
2612883918.85217 -9839356084115.68 51210750684277.3 -6351.46199764213 32913.3681524893 559269950.688309
2613404413.65672 -9842661985839.45 51227881914909.1 -6351.45720535291 32913.3432101509 559269950.68831
2613924908.46128 -9845967885069.68 51245013132562.9 -6351.45241626156 32913.3182844929 559269950.68831
2614445403.26583 -9849273781808.05 51262144337247.3 -6351.44763036488 32913.2933754984 559269950.68831
2614965898.07038 -9852579676056.21 51279275528971.1 -6351.44284765967 32913.2684831509 559269950.68831
2615486392.87493 -9855885567815.84 51296406707742.8 -6351.43806814274 32913.2436074336 559269950.68831
2616006887.67948 -9859191457088.57 51313537873571.2 -6351.4332918109 32913.2187483298 559269950.68831
2616527382.48404 -9862497343876.08 51330669026464.9 -6351.42851866096 32913.1939058229 559269950.68831
2617047877.28859 -9865803228180.02 51347800166432.5 -6351.42374868974 32913.1690798963 559269950.68831
2617568372.09314 -9869109110002.04 51364931293482.6 -6351.41898189407 32913.1442705333 559269950.68831
2618088866.89769 -9872414989343.79 51382062407623.9 -6351.41421827077 32913.1194777174 559269950.68831
2618609361.70224 -9875720866206.93 51399193508865 -6351.40945781667 32913.094701432 559269950.68831
2619129856.5068 -9879026740593.1 51416324597214.4 -6351.40470052862 32913.0699416605 559269950.68831
2619650351.31135 -9882332612503.94 51433455672680.9 -6351.39994640345 32913.0451983865 559269950.68831
2620170846.1159 -9885638481941.12 51450586735272.8 -6351.395195438 32913.0204715934 559269950.68831
2620691340.92045 -9888944348906.26 51467717784998.9 -6351.39044762913 32912.9957612648 559269950.68831
2621211835.725 -9892250213401.01 51484848821867.6 -6351.38570297368 32912.9710673843 559269950.68831
2621732330.52956 -9895556075427.01 51501979845887.6 -6351.38096146852 32912.9463899353 559269950.68831
2622252825.33411 -9898861934985.91 51519110857067.4 -6351.3762231105 32912.9217289015 559269950.68831
2622773320.13866 -9902167792079.33 51536241855415.5 -6351.3714878965 32912.8970842666 559269950.68831
2623293814.94321 -9905473646708.91 51553372840940.5 -6351.36675582337 32912.872456014 559269950.68831
2623814309.74777 -9908779498876.3 51570503813650.9 -6351.362026888 32912.8478441276 559269950.68831
2624334804.55232 -9912085348583.11 51587634773555.1 -6351.35730108726 32912.823248591 559269950.68831
2624855299.35687 -9915391195830.98 51604765720661.8 -6351.35257841803 32912.7986693878 559269950.68831
2625375794.16142 -9918697040621.54 51621896654979.3 -6351.3478588772 32912.7741065018 559269950.68831
2625896288.96597 -9922002882956.42 51639027576516.3 -6351.34314246167 32912.7495599168 559269950.68831
2626416783.77053 -9925308722837.25 51656158485281.1 -6351.33842916831 32912.7250296165 559269950.68831
2626937278.57508 -9928614560265.63 51673289381282.2 -6351.33371899404 32912.7005155847 559269950.68831
2627457773.37963 -9931920395243.21 51690420264528.2 -6351.32901193575 32912.6760178052 559269950.68831
2627978268.18418 -9935226227771.6 51707551135027.4 -6351.32430799036 32912.6515362618 559269950.68831
2628498762.98873 -9938532057852.42 51724681992788.3 -6351.31960715477 32912.6270709385 559269950.68831
2629019257.79329 -9941837885487.29 51741812837819.4 -6351.31490942589 32912.602621819 559269950.68831
2629539752.59784 -9945143710677.83 51758943670129 -6351.31021480065 32912.5781888872 559269950.68831
2630060247.40239 -9948449533425.64 51776074489725.7 -6351.30552327598 32912.5537721272 559269950.68831
2630580742.20694 -9951755353732.34 51793205296617.7 -6351.30083484878 32912.5293715227 559269950.68831
2631101237.01149 -9955061171599.55 51810336090813.6 -6351.29614951601 32912.5049870579 559269950.68831
2631621731.81605 -9958366987028.87 51827466872321.6 -6351.29146727459 32912.4806187166 559269950.688309
2632142226.6206 -9961672800021.91 51844597641150.3 -6351.28678812146 32912.4562664828 559269950.688309
2632662721.42515 -9964978610580.28 51861728397307.9 -6351.28211205356 32912.4319303407 559269950.688309
2633183216.2297 -9968284418705.58 51878859140802.9 -6351.27743906785 32912.4076102741 559269950.688309
2633703711.03425 -9971590224399.42 51895989871643.6 -6351.27276916128 32912.3833062673 559269950.68831
2634224205.83881 -9974896027663.4 51913120589838.4 -6351.26810233079 32912.3590183042 559269950.688309
2634744700.64336 -9978201828499.12 51930251295395.6 -6351.26343857335 32912.334746369 559269950.68831
2635265195.44791 -9981507626908.17 51947381988323.5 -6351.25877788592 32912.3104904458 559269950.68831
2635785690.25246 -9984813422892.16 51964512668630.5 -6351.25412026548 32912.2862505188 559269950.68831
2636306185.05701 -9988119216452.68 51981643336324.9 -6351.24946570898 32912.2620265721 559269950.68831
2636826679.86157 -9991425007591.33 51998773991415.1 -6351.24481421341 32912.2378185899 559269950.688309
2637347174.66612 -9994730796309.69 52015904633909.2 -6351.24016577575 32912.2136265564 559269950.688309
2637867669.47067 -9998036582609.36 52033035263815.7 -6351.23552039297 32912.1894504559 559269950.688309
2638388164.27522 -10001342366491.9 52050165881142.8 -6351.23087806207 32912.1652902727 559269950.68831
2638908659.07978 -10004648147959 52067296485898.8 -6351.22623878004 32912.1411459909 559269950.68831
2639429153.88433 -10007953927012.1 52084427078091.9 -6351.22160254388 32912.1170175949 559269950.68831
2639949648.68888 -10011259703652.9 52101557657730.5 -6351.21696935057 32912.092905069 559269950.68831
2640470143.49343 -10014565477882.9 52118688224822.7 -6351.21233919713 32912.0688083975 559269950.68831
2640990638.29798 -10017871249703.7 52135818779376.9 -6351.20771208056 32912.0447275649 559269950.68831
2641511133.10254 -10021177019116.9 52152949321401.2 -6351.20308799788 32912.0206625554 559269950.68831
2642031627.90709 -10024482786124.2 52170079850904 -6351.19846694609 32911.9966133535 559269950.68831
2642552122.71164 -10027788550726.9 52187210367893.3 -6351.19384892222 32911.9725799435 559269950.68831
2643072617.51619 -10031094312926.8 52204340872377.5 -6351.18923392329 32911.94856231 559269950.68831
2643593112.32074 -10034400072725.4 52221471364364.8 -6351.18462194633 32911.9245604374 559269950.68831
2644113607.1253 -10037705830124.3 52238601843863.3 -6351.18001298836 32911.9005743101 559269950.68831
2644634101.92985 -10041011585125 52255732310881.3 -6351.17540704643 32911.8766039127 559269950.68831
2645154596.7344 -10044317337729.1 52272862765426.9 -6351.17080411756 32911.8526492297 559269950.68831
2645675091.53895 -10047623087938.3 52289993207508.2 -6351.16620419881 32911.8287102456 559269950.68831
2646195586.3435 -10050928835753.9 52307123637133.6 -6351.16160728721 32911.804786945 559269950.68831
2646716081.14806 -10054234581177.7 52324254054311 -6351.15701337983 32911.7808793125 559269950.68831
2647236575.95261 -10057540324211.2 52341384459048.8 -6351.1524224737 32911.7569873326 559269950.688309
2647757070.75716 -10060846064855.9 52358514851354.9 -6351.1478345659 32911.7331109901 559269950.688309
2648277565.56171 -10064151803113.4 52375645231237.6 -6351.14324965347 32911.7092502694 559269950.688309
2648798060.36626 -10067457538985.2 52392775598705 -6351.13866773349 32911.6854051554 559269950.688309
2649318555.17082 -10070763272473 52409905953765.2 -6351.13408880303 32911.6615756326 559269950.688309
2649839049.97537 -10074069003578.2 52427036296426.3 -6351.12951285915 32911.6377616858 559269950.68831
2650359544.77992 -10077374732302.5 52444166626696.4 -6351.12493989894 32911.6139632997 559269950.68831
2650880039.58447 -10080680458647.3 52461296944583.7 -6351.12036991948 32911.5901804591 559269950.688309
2651400534.38903 -10083986182614.2 52478427250096.1 -6351.11580291784 32911.5664131487 559269950.68831
2651921029.19358 -10087291904204.8 52495557543241.8 -6351.11123889113 32911.5426613532 559269950.68831
2652441523.99813 -10090597623420.7 52512687824028.9 -6351.10667783642 32911.5189250575 559269950.688309
2652962018.80268 -10093903340263.3 52529818092465.3 -6351.10211975083 32911.4952042465 559269950.68831
2653482513.60723 -10097209054734.2 52546948348559.2 -6351.09756463143 32911.4714989049 559269950.68831
2654003008.41179 -10100514766835 52564078592318.7 -6351.09301247535 32911.4478090176 559269950.68831
2654523503.21634 -10103820476567.2 52581208823751.7 -6351.08846327968 32911.4241345695 559269950.68831
2655043998.02089 -10107126183932.3 52598339042866.3 -6351.08391704154 32911.4004755455 559269950.68831
2655564492.82544 -10110431888931.9 52615469249670.5 -6351.07937375805 32911.3768319305 559269950.68831
2656084987.62999 -10113737591567.5 52632599444172.3 -6351.07483342631 32911.3532037095 559269950.68831
2656605482.43455 -10117043291840.6 52649729626379.8 -6351.07029604346 32911.3295908674 559269950.68831
2657125977.2391 -10120348989752.9 52666859796300.9 -6351.06576160661 32911.3059933892 559269950.68831
2657646472.04365 -10123654685305.7 52683989953943.6 -6351.06123011291 32911.2824112599 559269950.68831
2658166966.8482 -10126960378500.7 52701120099316 -6351.05670155947 32911.2588444645 559269950.68831
2658687461.65275 -10130266069339.4 52718250232425.9 -6351.05217594345 32911.235292988 559269950.68831
2659207956.45731 -10133571757823.3 52735380353281.4 -6351.04765326197 32911.2117568156 559269950.68831
2659728451.26186 -10136877443953.9 52752510461890.5 -6351.04313351219 32911.1882359322 559269950.68831
2660248946.06641 -10140183127732.7 52769640558261 -6351.03861669125 32911.164730323 559269950.68831
2660769440.87096 -10143488809161.4 52786770642400.9 -6351.03410279631 32911.1412399731 559269950.68831
2661289935.67551 -10146794488241.3 52803900714318.2 -6351.02959182451 32911.1177648677 559269950.68831
2661810430.48007 -10150100164974.1 52821030774020.8 -6351.02508377303 32911.0943049918 559269950.68831
2662330925.28462 -10153405839361.2 52838160821516.6 -6351.02057863902 32911.0708603307 559269950.68831
2662851420.08917 -10156711511404.2 52855290856813.5 -6351.01607641965 32911.0474308695 559269950.68831
2663371914.89372 -10160017181104.5 52872420879919.5 -6351.01157711209 32911.0240165935 559269950.688309
2663892409.69828 -10163322848463.7 52889550890842.4 -6351.00708071351 32911.0006174879 559269950.688309
2664412904.50283 -10166628513483.4 52906680889590.2 -6351.00258722109 32910.9772335379 559269950.68831
2664933399.30738 -10169934176164.9 52923810876170.6 -6350.99809663202 32910.9538647289 559269950.68831
2665453894.11193 -10173239836509.9 52940940850591.7 -6350.99360894347 32910.9305110461 559269950.688309
2665974388.91648 -10176545494519.8 52958070812861.2 -6350.98912415264 32910.9071724747 559269950.688309
2666494883.72104 -10179851150196.2 52975200762987 -6350.98464225672 32910.8838490002 559269950.688309
2667015378.52559 -10183156803540.5 52992330700977.1 -6350.9801632529 32910.8605406079 559269950.688309
2667535873.33014 -10186462454554.3 53009460626839.1 -6350.97568713839 32910.8372472832 559269950.688309
2668056368.13469 -10189768103239 53026590540581 -6350.97121391039 32910.8139690114 559269950.688309
2668576862.93924 -10193073749596.2 53043720442210.6 -6350.9667435661 32910.7907057779 559269950.68831
2669097357.7438 -10196379393627.3 53060850331735.8 -6350.96227610273 32910.7674575681 559269950.68831
2669617852.54835 -10199685035333.9 53077980209164.2 -6350.9578115175 32910.7442243676 559269950.688309
2670138347.3529 -10202990674717.5 53095110074503.8 -6350.95334980763 32910.7210061617 559269950.688309
2670658842.15745 -10206296311779.5 53112239927762.4 -6350.94889097033 32910.697802936 559269950.688309
2671179336.962 -10209601946521.4 53129369768947.6 -6350.94443500284 32910.6746146758 559269950.68831
2671699831.76656 -10212907578944.8 53146499598067.5 -6350.93998190237 32910.6514413669 559269950.688309
2672220326.57111 -10216213209051.1 53163629415129.6 -6350.93553166617 32910.6282829946 559269950.68831
2672740821.37566 -10219518836841.9 53180759220141.7 -6350.93108429146 32910.6051395445 559269950.68831
2673261316.18021 -10222824462318.5 53197889013111.8 -6350.9266397755 32910.5820110022 559269950.688309
2673781810.98476 -10226130085482.5 53215018794047.4 -6350.92219811551 32910.5588973534 559269950.68831
2674302305.78932 -10229435706335.5 53232148562956.3 -6350.91775930874 32910.5357985835 559269950.68831
2674822800.59387 -10232741324878.8 53249278319846.3 -6350.91332335245 32910.5127146783 559269950.68831
2675343295.39842 -10236046941113.9 53266408064725.2 -6350.90889024388 32910.4896456233 559269950.688309
2675863790.20297 -10239352555042.4 53283537797600.5 -6350.9044599803 32910.4665914043 559269950.688309
2676384285.00752 -10242658166665.6 53300667518480.2 -6350.90003255897 32910.4435520069 559269950.688309
2676904779.81208 -10245963775985.2 53317797227371.8 -6350.89560797714 32910.4205274168 559269950.688309
2677425274.61663 -10249269383002.5 53334926924283 -6350.89118623209 32910.3975176198 559269950.688309
2677945769.42118 -10252574987719.1 53352056609221.7 -6350.88676732109 32910.3745226015 559269950.688309
2678466264.22573 -10255880590136.4 53369186282195.3 -6350.8823512414 32910.3515423478 559269950.688309
2678986759.03029 -10259186190255.9 53386315943211.8 -6350.87793799031 32910.3285768443 559269950.688309
2679507253.83484 -10262491788079 53403445592278.6 -6350.87352756511 32910.305626077 559269950.688309
2680027748.63939 -10265797383607.3 53420575229403.5 -6350.86911996306 32910.2826900316 559269950.688309
2680548243.44394 -10269102976842.2 53437704854594.2 -6350.86471518147 32910.259768694 559269950.688309
2681068738.24849 -10272408567785.1 53454834467858.2 -6350.86031321763 32910.2368620499 559269950.68831
2681589233.05305 -10275714156437.6 53471964069203.3 -6350.85591406882 32910.2139700853 559269950.688309
2682109727.8576 -10279019742801.1 53489093658637 -6350.85151773235 32910.191092786 559269950.688309
2682630222.66215 -10282325326877 53506223236167.1 -6350.84712420552 32910.168230138 559269950.688309
2683150717.4667 -10285630908666.9 53523352801801 -6350.84273348563 32910.1453821271 559269950.688309
2683671212.27125 -10288936488172.1 53540482355546.5 -6350.83834557 32910.1225487393 559269950.68831
2684191707.07581 -10292242065394.2 53557611897411.1 -6350.83396045594 32910.0997299606 559269950.688309
2684712201.88036 -10295547640334.6 53574741427402.5 -6350.82957814076 32910.0769257769 559269950.688309
2685232696.68491 -10298853212994.7 53591870945528.2 -6350.82519862178 32910.0541361742 559269950.688309
2685753191.48946 -10302158783376.1 53609000451795.9 -6350.82082189632 32910.0313611385 559269950.688309
2686273686.29401 -10305464351480.1 53626129946213 -6350.81644796172 32910.0086006559 559269950.688309
2686794181.09857 -10308769917308.2 53643259428787.2 -6350.81207681529 32909.9858547124 559269950.688309
2687314675.90312 -10312075480861.9 53660388899526 -6350.80770845438 32909.9631232941 559269950.688309
2687835170.70767 -10315381042142.6 53677518358437.1 -6350.80334287632 32909.940406387 559269950.688309
2688355665.51222 -10318686601151.8 53694647805527.8 -6350.79898007844 32909.9177039773 559269950.688309
2688876160.31677 -10321992157890.9 53711777240805.9 -6350.7946200581 32909.895016051 559269950.688309
2689396655.12133 -10325297712361.3 53728906664278.8 -6350.79026281264 32909.8723425943 559269950.688309
2689917149.92588 -10328603264564.6 53746036075954 -6350.78590833941 32909.8496835934 559269950.688309
2690437644.73043 -10331908814502 53763165475839.1 -6350.78155663575 32909.8270390344 559269950.688309
2690958139.53498 -10335214362175.2 53780294863941.6 -6350.77720769904 32909.8044089035 559269950.688309
2691478634.33954 -10338519907585.5 53797424240268.9 -6350.77286152663 32909.7817931869 559269950.688309
2691999129.14409 -10341825450734.3 53814553604828.7 -6350.76851811587 32909.7591918708 559269950.688309
2692519623.94864 -10345130991623.1 53831682957628.3 -6350.76417746415 32909.7366049415 559269950.688309
2693040118.75319 -10348436530253.4 53848812298675.3 -6350.75983956882 32909.7140323853 559269950.688309
2693560613.55774 -10351742066626.5 53865941627977.1 -6350.75550442727 32909.6914741883 559269950.688309
2694081108.3623 -10355047600743.9 53883070945541.2 -6350.75117203687 32909.6689303369 559269950.688309
2694601603.16685 -10358353132607.1 53900200251375.1 -6350.74684239499 32909.6464008175 559269950.688309
2695122097.9714 -10361658662217.4 53917329545486.3 -6350.74251549903 32909.6238856163 559269950.688309
2695642592.77595 -10364964189576.3 53934458827882.1 -6350.73819134636 32909.6013847197 559269950.688309
2696163087.5805 -10368269714685.2 53951588098570 -6350.73386993439 32909.578898114 559269950.688309
2696683582.38506 -10371575237545.6 53968717357557.5 -6350.72955126049 32909.5564257856 559269950.688309
2697204077.18961 -10374880758158.8 53985846604852 -6350.72523532208 32909.533967721 559269950.688309
2697724571.99416 -10378186276526.3 54002975840460.8 -6350.72092211654 32909.5115239065 559269950.688309
2698245066.79871 -10381491792649.5 54020105064391.5 -6350.71661164129 32909.4890943286 559269950.688309
2698765561.60326 -10384797306529.8 54037234276651.4 -6350.71230389373 32909.4666789737 559269950.688309
2699286056.40782 -10388102818168.7 54054363477248 -6350.70799887126 32909.4442778282 559269950.688309
2699806551.21237 -10391408327567.6 54071492666188.5 -6350.70369657131 32909.4218908788 559269950.688309
2700327046.01692 -10394713834727.8 54088621843480.5 -6350.69939699128 32909.3995181118 559269950.688309
2700847540.82147 -10398019339650.9 54105751009131.2 -6350.6951001286 32909.3771595138 559269950.688309
2701368035.62602 -10401324842338.1 54122880163148.1 -6350.69080598069 32909.3548150713 559269950.688309
2701888530.43058 -10404630342791 54140009305538.5 -6350.68651454498 32909.3324847708 559269950.688309
2702409025.23513 -10407935841010.9 54157138436309.7 -6350.6822258189 32909.310168599 559269950.688309
2702929520.03968 -10411241336999.3 54174267555469.2 -6350.67793979987 32909.2878665425 559269950.688309
2703450014.84423 -10414546830757.5 54191396663024.3 -6350.67365648534 32909.2655785877 559269950.688309
2703970509.64879 -10417852322287 54208525758982.2 -6350.66937587275 32909.2433047214 559269950.688309
2704491004.45334 -10421157811589.1 54225654843350.4 -6350.66509795953 32909.2210449302 559269950.688309
2705011499.25789 -10424463298665.3 54242783916136.1 -6350.66082274313 32909.1987992007 559269950.68831
2705531994.06244 -10427768783517 54259912977346.8 -6350.656550221 32909.1765675196 559269950.68831
2706052488.86699 -10431074266145.5 54277042026989.5 -6350.6522803906 32909.1543498737 559269950.68831
2706572983.67155 -10434379746552.4 54294171065071.8 -6350.64801324937 32909.1321462495 559269950.68831
2707093478.4761 -10437685224738.9 54311300091600.9 -6350.64374879478 32909.1099566338 559269950.68831
2707613973.28065 -10440990700706.5 54328429106584 -6350.63948702429 32909.0877810134 559269950.68831
2708134468.0852 -10444296174456.5 54345558110028.4 -6350.63522793536 32909.065619375 559269950.68831
2708654962.88975 -10447601645990.4 54362687101941.5 -6350.63097152547 32909.0434717054 559269950.68831
2709175457.69431 -10450907115309.6 54379816082330.5 -6350.62671779208 32909.0213379913 559269950.68831
2709695952.49886 -10454212582415.4 54396945051202.6 -6350.62246673266 32908.9992182196 559269950.68831
2710216447.30341 -10457518047309.3 54414074008565.1 -6350.6182183447 32908.9771123772 559269950.688309
2710736942.10796 -10460823509992.6 54431202954425.2 -6350.61397262567 32908.9550204507 559269950.68831
2711257436.91251 -10464128970466.7 54448331888790.2 -6350.60972957307 32908.9329424271 559269950.68831
2711777931.71707 -10467434428733 54465460811667.4 -6350.60548918437 32908.9108782933 559269950.68831
2712298426.52162 -10470739884792.9 54482589723063.9 -6350.60125145707 32908.8888280362 559269950.68831
2712818921.32617 -10474045338647.8 54499718622987 -6350.59701638866 32908.8667916425 559269950.68831
2713339416.13072 -10477350790299 54516847511443.8 -6350.59278397663 32908.8447690994 559269950.68831
2713859910.93527 -10480656239748 54533976388441.6 -6350.5885542185 32908.8227603936 559269950.68831
2714380405.73983 -10483961686996.1 54551105253987.6 -6350.58432711175 32908.8007655122 559269950.68831
2714900900.54438 -10487267132044.7 54568234108089 -6350.5801026539 32908.7787844422 559269950.68831
2715421395.34893 -10490572574895.2 54585362950753 -6350.57588084245 32908.7568171704 559269950.68831
2715941890.15348 -10493878015549 54602491781986.6 -6350.57166167492 32908.734863684 559269950.688309
2716462384.95803 -10497183454007.4 54619620601797.2 -6350.56744514882 32908.7129239699 559269950.68831
2716982879.76259 -10500488890271.8 54636749410191.9 -6350.56323126168 32908.6909980152 559269950.68831
2717503374.56714 -10503794324343.5 54653878207177.8 -6350.559020011 32908.6690858069 559269950.68831
2718023869.37169 -10507099756224 54671006992762 -6350.55481139433 32908.647187332 559269950.68831
2718544364.17624 -10510405185914.7 54688135766951.8 -6350.55060540918 32908.6253025778 559269950.68831
2719064858.9808 -10513710613416.8 54705264529754.3 -6350.54640205308 32908.6034315312 559269950.68831
2719585353.78535 -10517016038731.8 54722393281176.6 -6350.54220132358 32908.5815741794 559269950.68831
2720105848.5899 -10520321461861 54739522021225.8 -6350.5380032182 32908.5597305095 559269950.68831
2720626343.39445 -10523626882805.8 54756650749909 -6350.53380773449 32908.5379005087 559269950.68831
2721146838.199 -10526932301567.6 54773779467233.4 -6350.52961486999 32908.5160841642 559269950.68831
2721667333.00356 -10530237718147.7 54790908173206 -6350.52542462225 32908.494281463 559269950.68831
2722187827.80811 -10533543132547.4 54808036867834 -6350.52123698881 32908.4724923925 559269950.68831
2722708322.61266 -10536848544768.2 54825165551124.5 -6350.51705196723 32908.4507169397 559269950.68831
2723228817.41721 -10540153954811.4 54842294223084.4 -6350.51286955507 32908.4289550921 559269950.688309
2723749312.22176 -10543459362678.4 54859422883721 -6350.50868974988 32908.4072068367 559269950.688309
2724269807.02632 -10546764768370.4 54876551533041.3 -6350.50451254922 32908.3854721609 559269950.688309
2724790301.83087 -10550070171889 54893680171052.3 -6350.50033795067 32908.3637510519 559269950.688309
2725310796.63542 -10553375573235.3 54910808797761.1 -6350.49616595177 32908.342043497 559269950.688309
2725831291.43997 -10556680972410.8 54927937413174.8 -6350.49199655012 32908.3203494836 559269950.688309
2726351786.24452 -10559986369416.9 54945066017300.4 -6350.48782974328 32908.2986689989 559269950.688309
2726872281.04908 -10563291764254.8 54962194610144.9 -6350.48366552882 32908.2770020304 559269950.688309
2727392775.85363 -10566597156925.9 54979323191715.3 -6350.47950390434 32908.2553485652 559269950.688309
2727913270.65818 -10569902547431.6 54996451762018.8 -6350.4753448674 32908.233708591 559269950.688309
2728433765.46273 -10573207935773.3 55013580321062.3 -6350.4711884156 32908.2120820949 559269950.688309
2728954260.26728 -10576513321952.1 55030708868852.8 -6350.46703454652 32908.1904690644 559269950.688309
2729474755.07184 -10579818705969.6 55047837405397.4 -6350.46288325776 32908.168869487 559269950.688309
2729995249.87639 -10583124087827.1 55064965930702.9 -6350.45873454691 32908.14728335 559269950.68831
2730515744.68094 -10586429467525.8 55082094444776.5 -6350.45458841158 32908.125710641 559269950.68831
2731036239.48549 -10589734845067.1 55099222947625.1 -6350.45044484935 32908.1041513473 559269950.688309
2731556734.29005 -10593040220452.5 55116351439255.7 -6350.44630385783 32908.0826054565 559269950.68831
2732077229.0946 -10596345593683.1 55133479919675.3 -6350.44216543464 32908.0610729561 559269950.68831
2732597723.89915 -10599650964760.3 55150608388890.8 -6350.43802957737 32908.0395538335 559269950.68831
2733118218.7037 -10602956333685.6 55167736846909.2 -6350.43389628365 32908.0180480763 559269950.68831
2733638713.50825 -10606261700460.1 55184865293737.4 -6350.42976555109 32907.9965556721 559269950.68831
2734159208.31281 -10609567065085.3 55201993729382.4 -6350.4256373773 32907.9750766084 559269950.68831
2734679703.11736 -10612872427562.5 55219122153851.1 -6350.42151175991 32907.9536108728 559269950.68831
2735200197.92191 -10616177787892.9 55236250567150.5 -6350.41738869655 32907.9321584528 559269950.68831
2735720692.72646 -10619483146078 55253378969287.5 -6350.41326818483 32907.9107193361 559269950.68831
2736241187.53101 -10622788502119.1 55270507360269 -6350.4091502224 32907.8892935103 559269950.68831
2736761682.33557 -10626093856017.4 55287635740101.9 -6350.40503480688 32907.867880963 559269950.68831
2737282177.14012 -10629399207774.3 55304764108793.1 -6350.40092193591 32907.8464816819 559269950.68831
2737802671.94467 -10632704557391.2 55321892466349.6 -6350.39681160713 32907.8250956547 559269950.68831
2738323166.74922 -10636009904869.4 55339020812778.2 -6350.39270381818 32907.803722869 559269950.68831
2738843661.55377 -10639315250210.1 55356149148085.9 -6350.38859856671 32907.7823633125 559269950.68831
2739364156.35833 -10642620593414.7 55373277472279.4 -6350.38449585036 32907.7610169729 559269950.68831
2739884651.16288 -10645925934484.5 55390405785365.7 -6350.38039566679 32907.7396838381 559269950.68831
2740405145.96743 -10649231273420.9 55407534087351.7 -6350.37629801365 32907.7183638956 559269950.68831
2740925640.77198 -10652536610225.1 55424662378244.1 -6350.37220288859 32907.6970571333 559269950.68831
2741446135.57653 -10655841944898.5 55441790658050 -6350.36811028928 32907.6757635389 559269950.68831
2741966630.38109 -10659147277442.3 55458918926776 -6350.36402021337 32907.6544831003 559269950.68831
2742487125.18564 -10662452607858 55476047184429.2 -6350.35993265854 32907.6332158052 559269950.68831
2743007619.99019 -10665757936146.7 55493175431016.2 -6350.35584762245 32907.6119616414 559269950.68831
2743528114.79474 -10669063262309.9 55510303666544 -6350.35176510277 32907.5907205969 559269950.68831
2744048609.5993 -10672368586348.8 55527431891019.3 -6350.34768509718 32907.5694926593 559269950.68831
2744569104.40385 -10675673908264.7 55544560104449 -6350.34360760334 32907.5482778167 559269950.68831
2745089599.2084 -10678979228059 55561688306839.9 -6350.33953261895 32907.5270760568 559269950.68831
2745610094.01295 -10682284545732.9 55578816498198.7 -6350.33546014169 32907.5058873676 559269950.68831
2746130588.8175 -10685589861287.8 55595944678532.4 -6350.33139016924 32907.484711737 559269950.68831
2746651083.62206 -10688895174724.9 55613072847847.7 -6350.32732269928 32907.4635491529 559269950.68831
2747171578.42661 -10692200486045.5 55630201006151.3 -6350.32325772951 32907.4423996032 559269950.68831
2747692073.23116 -10695505795251 55647329153450.1 -6350.31919525763 32907.4212630759 559269950.68831
2748212568.03571 -10698811102342.7 55664457289750.9 -6350.31513528133 32907.4001395589 559269950.68831
2748733062.84026 -10702116407321.8 55681585415060.3 -6350.3110777983 32907.3790290403 559269950.68831
2749253557.64482 -10705421710189.7 55698713529385.2 -6350.30702280626 32907.3579315081 559269950.68831
2749774052.44937 -10708727010947.6 55715841632732.3 -6350.30297030291 32907.3368469502 559269950.68831
2750294547.25392 -10712032309596.9 55732969725108.4 -6350.29892028595 32907.3157753547 559269950.68831
2750815042.05847 -10715337606138.8 55750097806520.2 -6350.29487275309 32907.2947167096 559269950.68831
2751335536.86302 -10718642900574.6 55767225876974.5 -6350.29082770206 32907.2736710029 559269950.68831
2751856031.66758 -10721948192905.7 55784353936478 -6350.28678513056 32907.2526382229 559269950.68831
2752376526.47213 -10725253483133.2 55801481985037.3 -6350.28274503632 32907.2316183574 559269950.68831
2752897021.27668 -10728558771258.5 55818610022659.3 -6350.27870741705 32907.2106113947 559269950.68831
2753417516.08123 -10731864057283 55835738049350.6 -6350.27467227049 32907.1896173229 559269950.68831
2753938010.88578 -10735169341207.8 55852866065118 -6350.27063959436 32907.16863613 559269950.68831
2754458505.69034 -10738474623034.2 55869994069968.1 -6350.26660938638 32907.1476678042 559269950.68831
2754979000.49489 -10741779902763.6 55887122063907.7 -6350.26258164431 32907.1267123338 559269950.68831
2755499495.29944 -10745085180397.2 55904250046943.4 -6350.25855636585 32907.1057697068 559269950.68831
2756019990.10399 -10748390455936.3 55921378019081.9 -6350.25453354877 32907.0848399114 559269950.68831
2756540484.90855 -10751695729382.2 55938505980329.9 -6350.2505131908 32907.0639229359 559269950.68831
2757060979.7131 -10755001000736.2 55955633930694 -6350.24649528968 32907.0430187684 559269950.68831
2757581474.51765 -10758306269999.5 55972761870181 -6350.24247984317 32907.0221273973 559269950.68831
2758101969.3222 -10761611537173.4 55989889798797.4 -6350.238466849 32907.0012488107 559269950.68831
2758622464.12675 -10764916802259.3 56007017716550 -6350.23445630494 32906.9803829968 559269950.68831
2759142958.93131 -10768222065258.3 56024145623445.3 -6350.23044820874 32906.9595299441 559269950.68831
2759663453.73586 -10771527326171.7 56041273519490.1 -6350.22644255815 32906.9386896407 559269950.68831
2760183948.54041 -10774832585000.8 56058401404690.9 -6350.22243935094 32906.917862075 559269950.68831
2760704443.34496 -10778137841747 56075529279054.4 -6350.21843858487 32906.8970472353 559269950.68831
2761224938.14951 -10781443096411.4 56092657142587.1 -6350.21444025771 32906.8762451099 559269950.68831
2761745432.95407 -10784748348995.3 56109784995295.8 -6350.21044436723 32906.8554556872 559269950.68831
2762265927.75862 -10788053599500 56126912837187 -6350.2064509112 32906.8346789554 559269950.68831
2762786422.56317 -10791358847926.8 56144040668267.3 -6350.20245988738 32906.8139149031 559269950.68831
2763306917.36772 -10794664094276.9 56161168488543.4 -6350.19847129357 32906.7931635186 559269950.68831
2763827412.17227 -10797969338551.6 56178296298021.7 -6350.19448512753 32906.7724247903 559269950.68831
2764347906.97683 -10801274580752.1 56195424096708.9 -6350.19050138706 32906.7516987065 559269950.68831
2764868401.78138 -10804579820879.8 56212551884611.6 -6350.18652006994 32906.7309852558 559269950.68831
2765388896.58593 -10807885058935.8 56229679661736.4 -6350.18254117395 32906.7102844266 559269950.68831
2765909391.39048 -10811190294921.5 56246807428089.7 -6350.17856469688 32906.6895962074 559269950.68831
2766429886.19503 -10814495528838 56263935183678.2 -6350.17459063654 32906.6689205865 559269950.68831
2766950380.99959 -10817800760686.7 56281062928508.5 -6350.17061899071 32906.6482575526 559269950.68831
2767470875.80414 -10821105990468.9 56298190662587 -6350.16664975719 32906.627607094 559269950.68831
2767991370.60869 -10824411218185.6 56315318385920.3 -6350.16268293379 32906.6069691994 559269950.68831
2768511865.41324 -10827716443838.3 56332446098515 -6350.15871851831 32906.5863438572 559269950.68831
2769032360.21779 -10831021667428.2 56349573800377.5 -6350.15475650855 32906.5657310561 559269950.68831
2769552855.02235 -10834326888956.5 56366701491514.5 -6350.15079690233 32906.5451307845 559269950.68831
2770073349.8269 -10837632108424.4 56383829171932.4 -6350.14683969746 32906.524543031 559269950.68831
2770593844.63145 -10840937325833.3 56400956841637.7 -6350.14288489175 32906.5039677842 559269950.68831
2771114339.436 -10844242541184.3 56418084500636.9 -6350.13893248301 32906.4834050327 559269950.68831
2771634834.24056 -10847547754478.8 56435212148936.6 -6350.13498246908 32906.4628547652 559269950.688309
2772155329.04511 -10850852965717.9 56452339786543.3 -6350.13103484777 32906.4423169702 559269950.68831
2772675823.84966 -10854158174902.9 56469467413463.4 -6350.12708961691 32906.4217916364 559269950.68831
2773196318.65421 -10857463382035.1 56486595029703.4 -6350.12314677432 32906.4012787524 559269950.68831
2773716813.45876 -10860768587115.7 56503722635269.7 -6350.11920631784 32906.3807783069 559269950.68831
2774237308.26332 -10864073790145.9 56520850230169 -6350.11526824529 32906.3602902887 559269950.68831
2774757803.06787 -10867378991127 56537977814407.5 -6350.11133255452 32906.3398146863 559269950.68831
2775278297.87242 -10870684190060.1 56555105387991.9 -6350.10739924336 32906.3193514886 559269950.68831
2775798792.67697 -10873989386946.7 56572232950928.4 -6350.10346830966 32906.2989006841 559269950.68831
2776319287.48152 -10877294581787.8 56589360503223.7 -6350.09953975126 32906.2784622617 559269950.68831
2776839782.28608 -10880599774584.8 56606488044884.1 -6350.09561356599 32906.2580362102 559269950.68831
2777360277.09063 -10883904965338.8 56623615575916.1 -6350.09168975172 32906.2376225182 559269950.68831
2777880771.89518 -10887210154051.1 56640743096326 -6350.0877683063 32906.2172211745 559269950.68831
2778401266.69973 -10890515340722.9 56657870606120.4 -6350.08384922757 32906.196832168 559269950.68831
2778921761.50428 -10893820525355.5 56674998105305.6 -6350.0799325134 32906.1764554874 559269950.688309
2779442256.30884 -10897125707950 56692125593888 -6350.07601816165 32906.1560911217 559269950.688309
2779962751.11339 -10900430888507.8 56709253071874.1 -6350.07210617016 32906.1357390595 559269950.688309
2780483245.91794 -10903736067030 56726380539270.3 -6350.06819653682 32906.1153992897 559269950.688309
2781003740.72249 -10907041243517.9 56743507996082.9 -6350.06428925949 32906.0950718013 559269950.688309
2781524235.52704 -10910346417972.7 56760635442318.4 -6350.06038433603 32906.074756583 559269950.68831
2782044730.3316 -10913651590395.6 56777762877983.1 -6350.05648176432 32906.0544536238 559269950.688309
2782565225.13615 -10916956760787.8 56794890303083.4 -6350.05258154224 32906.0341629126 559269950.688309
2783085719.9407 -10920261929150.6 56812017717625.6 -6350.04868366765 32906.0138844382 559269950.68831
2783606214.74525 -10923567095485.2 56829145121616.2 -6350.04478813845 32905.9936181897 559269950.68831
2784126709.54981 -10926872259792.9 56846272515061.5 -6350.04089495251 32905.9733641558 559269950.68831
2784647204.35436 -10930177422074.7 56863399897967.9 -6350.03700410772 32905.9531223257 559269950.68831
2785167699.15891 -10933482582332 56880527270341.7 -6350.03311560196 32905.9328926883 559269950.68831
2785688193.96346 -10936787740565.9 56897654632189.2 -6350.02922943313 32905.9126752324 559269950.68831
2786208688.76801 -10940092896777.7 56914781983516.8 -6350.02534559911 32905.8924699472 559269950.68831
2786729183.57257 -10943398050968.6 56931909324330.8 -6350.02146409781 32905.8722768217 559269950.68831
2787249678.37712 -10946703203139.8 56949036654637.6 -6350.01758492712 32905.8520958447 559269950.68831
2787770173.18167 -10950008353292.6 56966163974443.4 -6350.01370808494 32905.8319270055 559269950.68831
2788290667.98622 -10953313501428 56983291283754.6 -6350.00983356917 32905.811770293 559269950.68831
2788811162.79077 -10956618647547.4 57000418582577.5 -6350.00596137773 32905.7916256964 559269950.68831
2789331657.59533 -10959923791652 57017545870918.4 -6350.0020915085 32905.7714932045 559269950.68831
2789852152.39988 -10963228933742.9 57034673148783.6 -6349.99822395942 32905.7513728067 559269950.68831
2790372647.20443 -10966534073821.4 57051800416179.4 -6349.99435872838 32905.7312644918 559269950.68831
2790893142.00898 -10969839211888.6 57068927673112 -6349.99049581331 32905.7111682492 559269950.68831
2791413636.81353 -10973144347945.8 57086054919587.8 -6349.98663521212 32905.6910840678 559269950.68831
2791934131.61809 -10976449481994.2 57103182155613 -6349.98277692273 32905.6710119368 559269950.68831
2792454626.42264 -10979754614035 57120309381194 -6349.97892094306 32905.6509518455 559269950.68831
2792975121.22719 -10983059744069.3 57137436596336.8 -6349.97506727105 32905.6309037828 559269950.68831
2793495616.03174 -10986364872098.5 57154563801047.9 -6349.97121590461 32905.6108677381 559269950.68831
2794016110.83629 -10989669998123.6 57171690995333.4 -6349.96736684168 32905.5908437004 559269950.68831
2794536605.64085 -10992975122145.9 57188818179199.7 -6349.96352008019 32905.5708316591 559269950.68831
2795057100.4454 -10996280244166.6 57205945352652.9 -6349.95967561808 32905.5508316033 559269950.68831
2795577595.24995 -10999585364186.9 57223072515699.3 -6349.95583345328 32905.5308435223 559269950.68831
2796098090.0545 -11002890482207.9 57240199668345.2 -6349.95199358373 32905.5108674052 559269950.68831
2796618584.85906 -11006195598230.9 57257326810596.7 -6349.94815600738 32905.4909032414 559269950.68831
2797139079.66361 -11009500712257.1 57274453942460 -6349.94432072217 32905.4709510201 559269950.68831
2797659574.46816 -11012805824287.6 57291581063941.4 -6349.94048772605 32905.4510107306 559269950.68831
2798180069.27271 -11016110934323.6 57308708175047.1 -6349.93665701696 32905.4310823622 559269950.68831
2798700564.07726 -11019416042366.4 57325835275783.3 -6349.93282859287 32905.4111659041 559269950.68831
2799221058.88182 -11022721148417.1 57342962366156.2 -6349.92900245172 32905.3912613458 559269950.68831
2799741553.68637 -11026026252476.9 57360089446172 -6349.92517859147 32905.3713686765 559269950.68831
2800262048.49092 -11029331354547 57377216515836.8 -6349.92135701009 32905.3514878856 559269950.68831
2800782543.29547 -11032636454628.6 57394343575156.8 -6349.91753770552 32905.3316189625 559269950.68831
2801303038.10002 -11035941552722.8 57411470624138.3 -6349.91372067575 32905.3117618964 559269950.68831
2801823532.90458 -11039246648830.9 57428597662787.4 -6349.90990591873 32905.2919166769 559269950.68831
2802344027.70913 -11042551742954 57445724691110.2 -6349.90609343244 32905.2720832932 559269950.68831
2802864522.51368 -11045856835093.3 57462851709112.9 -6349.90228321484 32905.2522617348 559269950.68831
2803385017.31823 -11049161925250 57479978716801.7 -6349.89847526391 32905.2324519912 559269950.68831
2803905512.12278 -11052467013425.3 57497105714182.6 -6349.89466957763 32905.2126540517 559269950.68831
2804426006.92734 -11055772099620.4 57514232701261.9 -6349.89086615398 32905.1928679058 559269950.68831
2804946501.73189 -11059077183836.3 57531359678045.7 -6349.88706499093 32905.1730935429 559269950.68831
2805466996.53644 -11062382266074.4 57548486644540.1 -6349.88326608648 32905.1533309526 559269950.68831
2805987491.34099 -11065687346335.8 57565613600751.3 -6349.8794694386 32905.1335801242 559269950.68831
2806507986.14554 -11068992424621.6 57582740546685.3 -6349.87567504529 32905.1138410474 559269950.68831
2807028480.9501 -11072297500933 57599867482348.2 -6349.87188290454 32905.0941137116 559269950.68831
2807548975.75465 -11075602575271.2 57616994407746.3 -6349.86809301434 32905.0743981063 559269950.68831
2808069470.5592 -11078907647637.4 57634121322885.5 -6349.86430537268 32905.054694221 559269950.68831
2808589965.36375 -11082212718032.7 57651248227772 -6349.86051997757 32905.0350020454 559269950.68831
2809110460.1683 -11085517786458.3 57668375122411.9 -6349.85673682701 32905.0153215689 559269950.68831
2809630954.97286 -11088822852915.4 57685502006811.2 -6349.85295591899 32904.9956527812 559269950.68831
2810151449.77741 -11092127917405.2 57702628880976.1 -6349.84917725152 32904.9759956718 559269950.68831
2810671944.58196 -11095432979928.7 57719755744912.6 -6349.84540082262 32904.9563502303 559269950.68831
2811192439.38651 -11098738040487.2 57736882598626.7 -6349.84162663029 32904.9367164463 559269950.68831
2811712934.19107 -11102043099081.9 57754009442124.7 -6349.83785467254 32904.9170943095 559269950.68831
2812233428.99562 -11105348155713.8 57771136275412.4 -6349.83408494739 32904.8974838094 559269950.68831
2812753923.80017 -11108653210384.2 57788263098496 -6349.83031745285 32904.8778849358 559269950.688309
2813274418.60472 -11111958263094.3 57805389911381.5 -6349.82655218695 32904.8582976782 559269950.688309
2813794913.40927 -11115263313845.1 57822516714074.9 -6349.82278914771 32904.8387220264 559269950.68831
2814315408.21383 -11118568362637.8 57839643506582.4 -6349.81902833314 32904.81915797 559269950.68831
2814835903.01838 -11121873409473.6 57856770288909.8 -6349.81526974128 32904.7996054988 559269950.68831
2815356397.82293 -11125178454353.7 57873897061063.4 -6349.81151337016 32904.7800646023 559269950.68831
2815876892.62748 -11128483497279.2 57891023823049 -6349.80775921781 32904.7605352704 559269950.68831
2816397387.43203 -11131788538251.3 57908150574872.6 -6349.80400728225 32904.7410174928 559269950.68831
2816917882.23659 -11135093577271 57925277316540.4 -6349.80025756153 32904.7215112592 559269950.68831
2817438377.04114 -11138398614339.7 57942404048058.4 -6349.79651005369 32904.7020165593 559269950.68831
2817958871.84569 -11141703649458.3 57959530769432.4 -6349.79276475676 32904.682533383 559269950.68831
2818479366.65024 -11145008682628.1 57976657480668.5 -6349.78902166878 32904.66306172 559269950.68831
2818999861.45479 -11148313713850.2 57993784181772.7 -6349.78528078781 32904.6436015601 559269950.68831
2819520356.25935 -11151618743125.8 58010910872751 -6349.78154211189 32904.6241528931 559269950.68831
2820040851.0639 -11154923770456 58028037553609.3 -6349.77780563907 32904.6047157088 559269950.68831
2820561345.86845 -11158228795842 58045164224353.7 -6349.7740713674 32904.5852899971 559269950.68831
2821081840.673 -11161533819284.9 58062290884990.1 -6349.77033929493 32904.5658757478 559269950.68831
2821602335.47755 -11164838840785.8 58079417535524.5 -6349.76660941973 32904.5464729507 559269950.68831
2822122830.28211 -11168143860345.9 58096544175962.7 -6349.76288173984 32904.5270815957 559269950.68831
2822643325.08666 -11171448877966.4 58113670806310.9 -6349.75915625334 32904.5077016727 559269950.68831
2823163819.89121 -11174753893648.3 58130797426574.8 -6349.75543295829 32904.4883331716 559269950.68831
2823684314.69576 -11178058907392.8 58147924036760.6 -6349.75171185274 32904.4689760822 559269950.68831
2824204809.50032 -11181363919201.1 58165050636874 -6349.74799293478 32904.4496303945 559269950.68831
2824725304.30487 -11184668929074.2 58182177226921.1 -6349.74427620246 32904.4302960984 559269950.68831
2825245799.10942 -11187973937013.5 58199303806907.7 -6349.74056165386 32904.4109731838 559269950.68831
2825766293.91397 -11191278943019.8 58216430376839.9 -6349.73684928706 32904.3916616407 559269950.68831
2826286788.71852 -11194583947094.5 58233556936723.4 -6349.73313910014 32904.372361459 559269950.68831
2826807283.52308 -11197888949238.6 58250683486564.2 -6349.72943109116 32904.3530726288 559269950.68831
2827327778.32763 -11201193949453.3 58267810026368.2 -6349.72572525823 32904.3337951399 559269950.68831
2827848273.13218 -11204498947739.6 58284936556141.4 -6349.7220215994 32904.3145289824 559269950.68831
2828368767.93673 -11207803944098.8 58302063075889.6 -6349.71832011279 32904.2952741463 559269950.68831
2828889262.74128 -11211108938532 58319189585618.7 -6349.71462079646 32904.2760306216 559269950.68831
2829409757.54584 -11214413931040.2 58336316085334.5 -6349.71092364852 32904.2567983983 559269950.68831
2829930252.35039 -11217718921624.7 58353442575043.1 -6349.70722866705 32904.2375774665 559269950.68831
2830450747.15494 -11221023910286.5 58370569054750.1 -6349.70353585016 32904.2183678163 559269950.68831
2830971241.95949 -11224328897026.8 58387695524461.6 -6349.69984519593 32904.1991694376 559269950.68831
2831491736.76404 -11227633881846.6 58404821984183.4 -6349.69615670247 32904.1799823206 559269950.68831
2832012231.5686 -11230938864747.2 58421948433921.3 -6349.69247036788 32904.1608064553 559269950.68831
2832532726.37315 -11234243845729.7 58439074873681.1 -6349.68878619026 32904.1416418319 559269950.68831
2833053221.1777 -11237548824795.1 58456201303468.9 -6349.68510416772 32904.1224884404 559269950.68831
2833573715.98225 -11240853801944.6 58473327723290.3 -6349.68142429837 32904.1033462711 559269950.68831
2834094210.7868 -11244158777179.3 58490454133151.2 -6349.67774658031 32904.0842153139 559269950.68831
2834614705.59136 -11247463750500.3 58507580533057.4 -6349.67407101167 32904.0650955591 559269950.68831
2835135200.39591 -11250768721908.8 58524706923014.9 -6349.67039759055 32904.0459869969 559269950.68831
2835655695.20046 -11254073691405.8 58541833303029.3 -6349.66672631508 32904.0268896173 559269950.68831
2836176190.00501 -11257378658992.5 58558959673106.6 -6349.66305718337 32904.0078034106 559269950.68831
2836696684.80957 -11260683624670 58576086033252.5 -6349.65939019354 32903.9887283669 559269950.68831
2837217179.61412 -11263988588439.4 58593212383472.9 -6349.65572534372 32903.9696644765 559269950.68831
2837737674.41867 -11267293550301.9 58610338723773.5 -6349.65206263204 32903.9506117296 559269950.688309
2838258169.22322 -11270598510258.4 58627465054160.1 -6349.64840205661 32903.9315701164 559269950.68831
2838778664.02777 -11273903468310.2 58644591374638.6 -6349.64474361558 32903.9125396271 559269950.68831
2839299158.83233 -11277208424458.4 58661717685214.7 -6349.64108730708 32903.893520252 559269950.68831
2839819653.63688 -11280513378704 58678843985894.2 -6349.63743312923 32903.8745119814 559269950.688309
2840340148.44143 -11283818331048.2 58695970276682.8 -6349.63378108018 32903.8555148055 559269950.688309
2840860643.24598 -11287123281492.1 58713096557586.5 -6349.63013115807 32903.8365287146 559269950.688309
2841381138.05053 -11290428230036.8 58730222828610.8 -6349.62648336103 32903.8175536989 559269950.688309
2841901632.85509 -11293733176683.4 58747349089761.7 -6349.62283768721 32903.7985897489 559269950.688309
2842422127.65964 -11297038121432.9 58764475341044.7 -6349.61919413476 32903.7796368548 559269950.688309
2842942622.46419 -11300343064286.6 58781601582465.8 -6349.61555270183 32903.760695007 559269950.688309
2843463117.26874 -11303648005245.5 58798727814030.6 -6349.61191338655 32903.7417641957 559269950.688309
2843983612.07329 -11306952944310.7 58815854035744.9 -6349.60827618709 32903.7228444114 559269950.688309
2844504106.87785 -11310257881483.2 58832980247614.4 -6349.60464110161 32903.7039356444 559269950.688309
2845024601.6824 -11313562816764.3 58850106449644.9 -6349.60100812824 32903.685037885 559269950.68831
2845545096.48695 -11316867750155 58867232641842 -6349.59737726517 32903.6661511237 559269950.688309
2846065591.2915 -11320172681656.4 58884358824211.5 -6349.59374851053 32903.6472753509 559269950.68831
2846586086.09605 -11323477611269.6 58901484996759.2 -6349.59012186251 32903.6284105569 559269950.688309
2847106580.90061 -11326782538995.7 58918611159490.6 -6349.58649731926 32903.6095567322 559269950.688309
2847627075.70516 -11330087464835.8 58935737312411.7 -6349.58287487895 32903.5907138672 559269950.688309
2848147570.50971 -11333392388791 58952863455527.9 -6349.57925453974 32903.5718819523 559269950.68831
2848668065.31426 -11336697310862.3 58969989588845.1 -6349.57563629982 32903.5530609781 559269950.68831
2849188560.11881 -11340002231051 58987115712368.9 -6349.57202015735 32903.5342509349 559269950.68831
2849709054.92337 -11343307149357.9 59004241826105 -6349.56840611052 32903.5154518132 559269950.688309
2850229549.72792 -11346612065784.4 59021367930059.1 -6349.56479415748 32903.4966636036 559269950.688309
2850750044.53247 -11349916980331.4 59038494024236.9 -6349.56118429644 32903.4778862965 559269950.688309
2851270539.33702 -11353221893000 59055620108644 -6349.55757652556 32903.4591198823 559269950.688309
2851791034.14158 -11356526803791.3 59072746183286.2 -6349.55397084304 32903.4403643518 559269950.688309
2852311528.94613 -11359831712706.4 59089872248169 -6349.55036724705 32903.4216196953 559269950.688309
2852832023.75068 -11363136619746.4 59106998303298.2 -6349.54676573579 32903.4028859034 559269950.688309
2853352518.55523 -11366441524912.4 59124124348679.3 -6349.54316630745 32903.3841629666 559269950.688309
2853873013.35978 -11369746428205.5 59141250384318.1 -6349.53956896022 32903.3654508756 559269950.688309
2854393508.16434 -11373051329626.7 59158376410220.1 -6349.53597369229 32903.3467496209 559269950.688309
2854914002.96889 -11376356229177.1 59175502426391.1 -6349.53238050187 32903.328059193 559269950.688309
2855434497.77344 -11379661126857.8 59192628432836.6 -6349.52878938714 32903.3093795826 559269950.68831
2855954992.57799 -11382966022669.9 59209754429562.2 -6349.52520034631 32903.2907107803 559269950.68831
2856475487.38254 -11386270916614.5 59226880416573.7 -6349.52161337758 32903.2720527767 559269950.68831
2856995982.1871 -11389575808692.6 59244006393876.6 -6349.51802847917 32903.2534055624 559269950.688309
2857516476.99165 -11392880698905.3 59261132361476.5 -6349.51444564926 32903.2347691281 559269950.688309
2858036971.7962 -11396185587253.7 59278258319379 -6349.51086488608 32903.2161434643 559269950.688309
2858557466.60075 -11399490473738.9 59295384267589.8 -6349.50728618784 32903.1975285619 559269950.688309
2859077961.4053 -11402795358361.9 59312510206114.4 -6349.50370955274 32903.1789244113 559269950.688309
2859598456.20986 -11406100241123.9 59329636134958.5 -6349.50013497901 32903.1603310034 559269950.68831
2860118951.01441 -11409405122025.8 59346762054127.6 -6349.49656246485 32903.1417483288 559269950.688309
2860639445.81896 -11412710001068.8 59363887963627.2 -6349.4929920085 32903.1231763782 559269950.688309
2861159940.62351 -11416014878253.9 59381013863463.1 -6349.48942360816 32903.1046151423 559269950.688309
2861680435.42806 -11419319753582.3 59398139753640.7 -6349.48585726207 32903.0860646119 559269950.688309
2862200930.23262 -11422624627054.9 59415265634165.7 -6349.48229296846 32903.0675247776 559269950.688309
2862721425.03717 -11425929498672.8 59432391505043.5 -6349.47873072553 32903.0489956303 559269950.688309
2863241919.84172 -11429234368437.1 59449517366279.9 -6349.47517053154 32903.0304771607 559269950.688309
2863762414.64627 -11432539236348.9 59466643217880.2 -6349.4716123847 32903.0119693595 559269950.68831
2864282909.45083 -11435844102409.3 59483769059850 -6349.46805628326 32902.9934722175 559269950.68831
2864803404.25538 -11439148966619.2 59500894892195 -6349.46450222544 32902.9749857256 559269950.688309
2865323899.05993 -11442453828979.8 59518020714920.6 -6349.46095020949 32902.9565098745 559269950.68831
2865844393.86448 -11445758689492.2 59535146528032.5 -6349.45740023365 32902.938044655 559269950.68831
2866364888.66903 -11449063548157.3 59552272331536 -6349.45385229615 32902.9195900579 559269950.688309
2866885383.47359 -11452368404976.2 59569398125436.8 -6349.45030639525 32902.9011460742 559269950.68831
2867405878.27814 -11455673259950.1 59586523909740.3 -6349.44676252918 32902.8827126945 559269950.688309
2867926373.08269 -11458978113079.9 59603649684452.1 -6349.44322069619 32902.8642899098 559269950.688309
2868446867.88724 -11462282964366.8 59620775449577.7 -6349.43968089454 32902.845877711 559269950.688309
2868967362.69179 -11465587813811.7 59637901205122.6 -6349.43614312248 32902.8274760888 559269950.68831
2869487857.49635 -11468892661415.8 59655026951092.3 -6349.43260737826 32902.8090850343 559269950.688309
2870008352.3009 -11472197507180.1 59672152687492.3 -6349.42907366013 32902.7907045382 559269950.68831
2870528847.10545 -11475502351105.6 59689278414328.1 -6349.42554196635 32902.7723345915 559269950.688309
2871049341.91 -11478807193193.4 59706404131605.1 -6349.42201229519 32902.7539751851 559269950.688309
2871569836.71455 -11482112033444.6 59723529839329 -6349.41848464491 32902.73562631 559269950.688309
2872090331.51911 -11485416871860.1 59740655537505.1 -6349.41495901376 32902.7172879569 559269950.688309
2872610826.32366 -11488721708441.1 59757781226138.9 -6349.41143540002 32902.698960117 559269950.688309
2873131321.12821 -11492026543188.7 59774906905235.9 -6349.40791380195 32902.6806427812 559269950.688309
2873651815.93276 -11495331376103.7 59792032574801.5 -6349.40439421783 32902.6623359404 559269950.688309
2874172310.73731 -11498636207187.4 59809158234841.3 -6349.40087664592 32902.6440395856 559269950.688309
2874692805.54187 -11501941036440.7 59826283885360.6 -6349.3973610845 32902.6257537078 559269950.688309
2875213300.34642 -11505245863864.7 59843409526365 -6349.39384753184 32902.6074782979 559269950.688309
2875733795.15097 -11508550689460.4 59860535157859.8 -6349.39033598622 32902.5892133471 559269950.688309
2876254289.95552 -11511855513229 59877660779850.5 -6349.38682644593 32902.5709588463 559269950.688309
2876774784.76008 -11515160335171.3 59894786392342.6 -6349.38331890923 32902.5527147866 559269950.688309
2877295279.56463 -11518465155288.5 59911911995341.4 -6349.37981337443 32902.5344811589 559269950.688309
2877815774.36918 -11521769973581.6 59929037588852.5 -6349.37630983979 32902.5162579543 559269950.688309
2878336269.17373 -11525074790051.7 59946163172881.1 -6349.37280830362 32902.498045164 559269950.68831
2878856763.97828 -11528379604699.8 59963288747432.9 -6349.36930876419 32902.4798427789 559269950.688309
2879377258.78284 -11531684417526.8 59980414312513 -6349.36581121981 32902.4616507902 559269950.688309
2879897753.58739 -11534989228534 59997539868127.1 -6349.36231566876 32902.4434691889 559269950.688309
2880418248.39194 -11538294037722.2 60014665414280.4 -6349.35882210934 32902.4252979661 559269950.688309
2880938743.19649 -11541598845092.6 60031790950978.4 -6349.35533053984 32902.4071371129 559269950.68831
2881459238.00104 -11544903650646.2 60048916478226.5 -6349.35184095857 32902.3889866206 559269950.688309
2881979732.8056 -11548208454383.9 60066041996030 -6349.34835336383 32902.3708464801 559269950.688309
2882500227.61015 -11551513256307 60083167504394.3 -6349.34486775392 32902.3527166826 559269950.688309
2883020722.4147 -11554818056416.2 60100293003324.9 -6349.34138412714 32902.3345972194 559269950.688309
2883541217.21925 -11558122854712.8 60117418492827.1 -6349.3379024818 32902.3164880815 559269950.688309
2884061712.0238 -11561427651197.8 60134543972906.3 -6349.33442281622 32902.2983892601 559269950.688309
2884582206.82836 -11564732445872.1 60151669443567.8 -6349.33094512869 32902.2803007464 559269950.688309
2885102701.63291 -11568037238736.7 60168794904817 -6349.32746941754 32902.2622225315 559269950.688309
2885623196.43746 -11571342029792.9 60185920356659.2 -6349.32399568108 32902.2441546068 559269950.688309
2886143691.24201 -11574646819041.4 60203045799099.9 -6349.32052391763 32902.2260969634 559269950.688309
2886664186.04656 -11577951606483.5 60220171232144.4 -6349.31705412549 32902.2080495925 559269950.688309
2887184680.85112 -11581256392120 60237296655797.9 -6349.31358630301 32902.1900124854 559269950.688309
2887705175.65567 -11584561175952.1 60254422070065.9 -6349.31012044849 32902.1719856332 559269950.688309
2888225670.46022 -11587865957980.7 60271547474953.7 -6349.30665656026 32902.1539690273 559269950.688309
2888746165.26477 -11591170738206.9 60288672870466.6 -6349.30319463664 32902.1359626589 559269950.688309
2889266660.06932 -11594475516631.7 60305798256609.9 -6349.29973467597 32902.1179665193 559269950.688309
2889787154.87388 -11597780293256.2 60322923633389 -6349.29627667658 32902.0999805998 559269950.688309
2890307649.67843 -11601085068081.2 60340049000809.2 -6349.29282063679 32902.0820048916 559269950.688309
2890828144.48298 -11604389841108 60357174358875.8 -6349.28936655494 32902.064039386 559269950.688309
2891348639.28753 -11607694612337.4 60374299707594.1 -6349.28591442937 32902.0460840744 559269950.688309
2891869134.09209 -11610999381770.4 60391425046969.4 -6349.28246425841 32902.0281389481 559269950.688309
2892389628.89664 -11614304149408.3 60408550377007 -6349.27901604041 32902.0102039984 559269950.688309
2892910123.70119 -11617608915251.8 60425675697712.1 -6349.27556977369 32901.9922792167 559269950.688309
2893430618.50574 -11620913679302.1 60442801009090.2 -6349.27212545662 32901.9743645942 559269950.688309
2893951113.31029 -11624218441560.1 60459926311146.5 -6349.26868308752 32901.9564601225 559269950.688309
2894471608.11485 -11627523202026.9 60477051603886.2 -6349.26524266476 32901.9385657927 559269950.688309
2894992102.9194 -11630827960703.5 60494176887314.6 -6349.26180418667 32901.9206815964 559269950.688309
2895512597.72395 -11634132717590.9 60511302161437 -6349.25836765161 32901.9028075249 559269950.688309
2896033092.5285 -11637437472690.1 60528427426258.8 -6349.25493305793 32901.8849435695 559269950.688309
2896553587.33305 -11640742226002.1 60545552681785 -6349.25150040398 32901.8670897218 559269950.688309
2897074082.13761 -11644046977527.9 60562677928021 -6349.24806968813 32901.8492459731 559269950.688309
2897594576.94216 -11647351727268.6 60579803164972.1 -6349.24464090872 32901.8314123149 559269950.688309
2898115071.74671 -11650656475225.1 60596928392643.5 -6349.24121406413 32901.8135887386 559269950.688309
2898635566.55126 -11653961221398.5 60614053611040.4 -6349.2377891527 32901.7957752356 559269950.688309
2899156061.35581 -11657265965789.7 60631178820168.2 -6349.23436617281 32901.7779717974 559269950.688309
2899676556.16037 -11660570708399.8 60648304020031.9 -6349.23094512282 32901.7601784154 559269950.688309
2900197050.96492 -11663875449229.7 60665429210636.9 -6349.22752600109 32901.7423950812 559269950.688309
2900717545.76947 -11667180188280.5 60682554391988.3 -6349.224108806 32901.7246217863 559269950.688309
2901238040.57402 -11670484925553.2 60699679564091.5 -6349.22069353592 32901.706858522 559269950.688309
2901758535.37857 -11673789661048.7 60716804726951.6 -6349.21728018922 32901.68910528 559269950.688309
2902279030.18313 -11677094394768.1 60733929880573.8 -6349.21386876427 32901.6713620517 559269950.688309
2902799524.98768 -11680399126712.4 60751055024963.4 -6349.21045925946 32901.6536288288 559269950.688309
2903320019.79223 -11683703856882.6 60768180160125.5 -6349.20705167315 32901.6359056026 559269950.688309
2903840514.59678 -11687008585279.6 60785305286065.4 -6349.20364600373 32901.6181923647 559269950.688309
2904361009.40134 -11690313311904.5 60802430402788.2 -6349.20024224958 32901.6004891068 559269950.688309
2904881504.20589 -11693618036758.2 60819555510299.2 -6349.19684040909 32901.5827958203 559269950.688309
2905401999.01044 -11696922759841.8 60836680608603.5 -6349.19344048064 32901.5651124968 559269950.688309
2905922493.81499 -11700227481156.3 60853805697706.3 -6349.19004246261 32901.547439128 559269950.688309
2906442988.61954 -11703532200702.6 60870930777612.8 -6349.18664635341 32901.5297757054 559269950.688309
2906963483.4241 -11706836918481.7 60888055848328.2 -6349.18325215141 32901.5121222206 559269950.688309
2907483978.22865 -11710141634494.7 60905180909857.6 -6349.17985985501 32901.4944786652 559269950.688309
2908004473.0332 -11713446348742.5 60922305962206.2 -6349.17646946261 32901.4768450308 559269950.688309
2908524967.83775 -11716751061226.1 60939431005379.2 -6349.1730809726 32901.4592213091 559269950.688309
2909045462.6423 -11720055771946.5 60956556039381.7 -6349.16969438338 32901.4416074918 559269950.688309
2909565957.44686 -11723360480904.8 60973681064218.8 -6349.16630969336 32901.4240035703 559269950.688309
2910086452.25141 -11726665188101.7 60990806079895.8 -6349.16292690092 32901.4064095365 559269950.688309
2910606947.05596 -11729969893538.5 61007931086417.8 -6349.15954600448 32901.388825382 559269950.688309
2911127441.86051 -11733274597216 61025056083789.9 -6349.15616700244 32901.3712510984 559269950.688309
2911647936.66506 -11736579299135.3 61042181072017.2 -6349.15278989321 32901.3536866775 559269950.688309
2912168431.46962 -11739883999297.2 61059306051104.9 -6349.1494146752 32901.3361321109 559269950.688309
2912688926.27417 -11743188697702.9 61076431021058.1 -6349.14604134682 32901.3185873903 559269950.688309
2913209421.07872 -11746493394353.3 61093555981881.9 -6349.14266990648 32901.3010525075 559269950.688309
2913729915.88327 -11749798089249.3 61110680933581.5 -6349.13930035259 32901.2835274541 559269950.688309
2914250410.68782 -11753102782392 61127805876161.9 -6349.13593268357 32901.266012222 559269950.688309
2914770905.49238 -11756407473782.4 61144930809628.3 -6349.13256689785 32901.2485068028 559269950.688309
2915291400.29693 -11759712163421.3 61162055733985.7 -6349.12920299383 32901.2310111883 559269950.688309
2915811895.10148 -11763016851309.9 61179180649239.4 -6349.12584096994 32901.2135253703 559269950.688309
2916332389.90603 -11766321537449 61196305555394.3 -6349.12248082461 32901.1960493405 559269950.688309
2916852884.71059 -11769626221839.7 61213430452455.5 -6349.11912255626 32901.1785830907 559269950.688309
2917373379.51514 -11772930904482.9 61230555340428.3 -6349.11576616331 32901.1611266127 559269950.688309
2917893874.31969 -11776235585379.6 61247680219317.5 -6349.11241164419 32901.1436798983 559269950.688309
2918414369.12424 -11779540264530.8 61264805089128.4 -6349.10905899734 32901.1262429393 559269950.688309
2918934863.92879 -11782844941937.4 61281929949865.9 -6349.10570822119 32901.1088157275 559269950.688309
2919455358.73335 -11786149617600.4 61299054801535.2 -6349.10235931416 32901.0913982547 559269950.688309
2919975853.5379 -11789454291520.9 61316179644141.4 -6349.0990122747 32901.0739905128 559269950.688309
2920496348.34245 -11792758963699.7 61333304477689.4 -6349.09566710124 32901.0565924936 559269950.688309
2921016843.147 -11796063634137.9 61350429302184.4 -6349.09232379223 32901.039204189 559269950.688309
2921537337.95155 -11799368302836.4 61367554117631.4 -6349.08898234609 32901.0218255907 559269950.688309
2922057832.75611 -11802672969796.1 61384678924035.5 -6349.08564276129 32901.0044566908 559269950.688309
2922578327.56066 -11805977635018.1 61401803721401.6 -6349.08230503625 32900.9870974811 559269950.688309
2923098822.36521 -11809282298503.3 61418928509734.9 -6349.07896916942 32900.9697479534 559269950.688309
2923619317.16976 -11812586960252.7 61436053289040.4 -6349.07563515926 32900.9524080997 559269950.688309
2924139811.97431 -11815891620267.3 61453178059323.1 -6349.07230300421 32900.9350779118 559269950.688309
2924660306.77887 -11819196278547.9 61470302820588 -6349.06897270272 32900.9177573817 559269950.688309
2925180801.58342 -11822500935095.7 61487427572840.2 -6349.06564425325 32900.9004465013 559269950.688309
2925701296.38797 -11825805589911.4 61504552316084.6 -6349.06231765425 32900.8831452625 559269950.688309
2926221791.19252 -11829110242996.2 61521677050326.4 -6349.05899290418 32900.8658536574 559269950.688309
2926742285.99707 -11832414894351 61538801775570.5 -6349.05567000149 32900.8485716777 559269950.688309
2927262780.80163 -11835719543976.6 61555926491821.9 -6349.05234894464 32900.8312993155 559269950.688308
2927783275.60618 -11839024191874.2 61573051199085.7 -6349.0490297321 32900.8140365628 559269950.688308
2928303770.41073 -11842328838044.6 61590175897366.7 -6349.04571236233 32900.7967834115 559269950.688309
2928824265.21528 -11845633482488.8 61607300586670.1 -6349.0423968338 32900.7795398537 559269950.688309
2929344760.01983 -11848938125207.8 61624425267000.8 -6349.03908314496 32900.7623058812 559269950.688309
2929865254.82439 -11852242766202.5 61641549938363.8 -6349.0357712943 32900.7450814862 559269950.688309
2930385749.62894 -11855547405473.8 61658674600764.1 -6349.03246128027 32900.7278666606 559269950.688308
2930906244.43349 -11858852043022.9 61675799254206.6 -6349.02915310135 32900.7106613965 559269950.688309
2931426739.23804 -11862156678850.4 61692923898696.4 -6349.02584675602 32900.6934656859 559269950.688309
2931947234.0426 -11865461312957.6 61710048534238.4 -6349.02254224274 32900.6762795207 559269950.688309
2932467728.84715 -11868765945345.2 61727173160837.5 -6349.01923956 32900.6591028932 559269950.688309
2932988223.6517 -11872070576014.3 61744297778498.8 -6349.01593870628 32900.6419357953 559269950.688309
2933508718.45625 -11875375204965.8 61761422387227.2 -6349.01263968005 32900.6247782191 559269950.688309
2934029213.2608 -11878679832200.6 61778546987027.7 -6349.00934247979 32900.6076301567 559269950.688309
2934549708.06536 -11881984457719.7 61795671577905.1 -6349.006047104 32900.5904916001 559269950.688309
2935070202.86991 -11885289081524.1 61812796159864.5 -6349.00275355115 32900.5733625415 559269950.688309
2935590697.67446 -11888593703614.6 61829920732910.7 -6348.99946181973 32900.556242973 559269950.688309
2936111192.47901 -11891898323992.3 61847045297048.8 -6348.99617190823 32900.5391328866 559269950.688309
2936631687.28356 -11895202942658.2 61864169852283.6 -6348.99288381514 32900.5220322745 559269950.688309
2937152182.08812 -11898507559613 61881294398620.1 -6348.98959753895 32900.5049411288 559269950.688309
2937672676.89267 -11901812174857.8 61898418936063.3 -6348.98631307816 32900.4878594417 559269950.688309
2938193171.69722 -11905116788393.6 61915543464617.9 -6348.98303043125 32900.4707872052 559269950.688309
2938713666.50177 -11908421400221.2 61932667984289 -6348.97974959674 32900.4537244116 559269950.688309
2939234161.30632 -11911726010341.6 61949792495081.5 -6348.97647057311 32900.4366710531 559269950.688309
2939754656.11088 -11915030618755.8 61966916997000.2 -6348.97319335887 32900.4196271217 559269950.688309
2940275150.91543 -11918335225464.7 61984041490050.1 -6348.96991795252 32900.4025926097 559269950.688309
2940795645.71998 -11921639830469.2 62001165974236.1 -6348.96664435255 32900.3855675092 559269950.688309
2941316140.52453 -11924944433770.3 62018290449563.1 -6348.96337255749 32900.3685518125 559269950.688309
2941836635.32908 -11928249035369 62035414916035.9 -6348.96010256583 32900.3515455117 559269950.688309
2942357130.13364 -11931553635266 62052539373659.5 -6348.95683437608 32900.3345485991 559269950.688309
2942877624.93819 -11934858233462.5 62069663822438.7 -6348.95356798675 32900.3175610669 559269950.688309
2943398119.74274 -11938162829959.3 62086788262378.4 -6348.95030339635 32900.3005829074 559269950.688309
2943918614.54729 -11941467424757.4 62103912693483.5 -6348.94704060341 32900.2836141127 559269950.688309
2944439109.35185 -11944772017857.7 62121037115758.9 -6348.94377960642 32900.2666546751 559269950.688309
2944959604.1564 -11948076609261.1 62138161529209.4 -6348.94052040392 32900.2497045869 559269950.688309
2945480098.96095 -11951381198968.5 62155285933839.9 -6348.93726299441 32900.2327638403 559269950.688309
2946000593.7655 -11954685786981 62172410329655.3 -6348.93400737642 32900.2158324277 559269950.688309
2946521088.57005 -11957990373299.4 62189534716660.4 -6348.93075354846 32900.1989103412 559269950.688309
2947041583.37461 -11961294957924.7 62206659094860.1 -6348.92750150907 32900.1819975733 559269950.688309
2947562078.17916 -11964599540857.7 62223783464259.1 -6348.92425125676 32900.1650941161 559269950.688309
2948082572.98371 -11967904122099.5 62240907824862.5 -6348.92100279007 32900.1481999621 559269950.688309
2948603067.78826 -11971208701651 62258032176674.9 -6348.91775610752 32900.1313151034 559269950.688309
2949123562.59281 -11974513279513 62275156519701.3 -6348.91451120764 32900.1144395325 559269950.688309
2949644057.39737 -11977817855686.6 62292280853946.4 -6348.91126808896 32900.0975732417 559269950.688309
2950164552.20192 -11981122430172.5 62309405179415.2 -6348.90802675001 32900.0807162232 559269950.688309
2950685047.00647 -11984427002971.9 62326529496112.3 -6348.90478718934 32900.0638684696 559269950.688309
2951205541.81102 -11987731574085.5 62343653804042.7 -6348.90154940546 32900.0470299731 559269950.68831
2951726036.61557 -11991036143514.3 62360778103211.2 -6348.89831339694 32900.0302007261 559269950.688309
2952246531.42013 -11994340711259.3 62377902393622.5 -6348.89507916229 32900.0133807209 559269950.688309
2952767026.22468 -11997645277321.3 62395026675281.5 -6348.89184670007 32899.99656995 559269950.68831
2953287521.02923 -12000949841701.4 62412150948193 -6348.88861600881 32899.9797684058 559269950.688309
2953808015.83378 -12004254404400.3 62429275212361.7 -6348.88538708706 32899.9629760806 559269950.688309
2954328510.63833 -12007558965419 62446399467792.6 -6348.88215993337 32899.9461929669 559269950.68831
2954849005.44289 -12010863524758.5 62463523714490.3 -6348.87893454628 32899.929419057 559269950.68831
2955369500.24744 -12014168082419.6 62480647952459.7 -6348.87571092435 32899.9126543435 559269950.68831
2955889995.05199 -12017472638403.4 62497772181705.5 -6348.87248906611 32899.8958988187 559269950.68831
2956410489.85654 -12020777192710.6 62514896402232.6 -6348.86926897013 32899.8791524751 559269950.68831
2956930984.6611 -12024081745342.2 62532020614045.6 -6348.86605063496 32899.8624153051 559269950.68831
2957451479.46565 -12027386296299.2 62549144817149.5 -6348.86283405915 32899.8456873012 559269950.68831
2957971974.2702 -12030690845582.4 62566269011548.8 -6348.85961924126 32899.8289684559 559269950.68831
2958492469.07475 -12033995393192.8 62583393197248.5 -6348.85640617985 32899.8122587616 559269950.68831
2959012963.8793 -12037299939131.3 62600517374253.3 -6348.85319487348 32899.7955582108 559269950.68831
2959533458.68386 -12040604483398.7 62617641542567.9 -6348.8499853207 32899.7788667961 559269950.68831
2960053953.48841 -12043909025996 62634765702197 -6348.8467775201 32899.7621845098 559269950.68831
2960574448.29296 -12047213566924.2 62651889853145.5 -6348.84357147021 32899.7455113446 559269950.68831
2961094943.09751 -12050518106184.1 62669013995418.1 -6348.84036716962 32899.7288472929 559269950.68831
2961615437.90206 -12053822643776.6 62686138129019.5 -6348.8371646169 32899.7121923473 559269950.68831
2962135932.70662 -12057127179702.6 62703262253954.4 -6348.8339638106 32899.6955465003 559269950.68831
2962656427.51117 -12060431713963.2 62720386370227.7 -6348.83076474931 32899.6789097444 559269950.68831
2963176922.31572 -12063736246559 62737510477843.9 -6348.82756743159 32899.6622820722 559269950.68831
2963697417.12027 -12067040777491.1 62754634576807.9 -6348.82437185602 32899.6456634763 559269950.68831
2964217911.92482 -12070345306760.5 62771758667124.4 -6348.82117802118 32899.6290539492 559269950.68831
2964738406.72938 -12073649834367.8 62788882748798.1 -6348.81798592563 32899.6124534835 559269950.68831
2965258901.53393 -12076954360314.2 62806006821833.6 -6348.81479556797 32899.5958620717 559269950.68831
2965779396.33848 -12080258884600.4 62823130886235.8 -6348.81160694677 32899.5792797065 559269950.68831
2966299891.14303 -12083563407227.5 62840254942009.3 -6348.80842006061 32899.5627063805 559269950.68831
2966820385.94758 -12086867928196.2 62857378989158.8 -6348.80523490807 32899.5461420862 559269950.68831
2967340880.75214 -12090172447507.6 62874503027689 -6348.80205148775 32899.5295868163 559269950.68831
2967861375.55669 -12093476965162.4 62891627057604.6 -6348.79886979822 32899.5130405634 559269950.68831
2968381870.36124 -12096781481161.6 62908751078910.4 -6348.79568983808 32899.4965033202 559269950.688311
2968902365.16579 -12100085995506.1 62925875091610.9 -6348.79251160591 32899.4799750792 559269950.68831
2969422859.97035 -12103390508196.9 62942999095710.9 -6348.78933510031 32899.4634558331 559269950.688311
2969943354.7749 -12106695019234.7 62960123091215.1 -6348.78616031986 32899.4469455746 559269950.688311
2970463849.57945 -12109999528620.5 62977247078128.1 -6348.78298726317 32899.4304442964 559269950.688311
2970984344.384 -12113304036355.2 62994371056454.6 -6348.77981592883 32899.413951991 559269950.688311
2971504839.18855 -12116608542439.6 63011495026199.3 -6348.77664631543 32899.3974686513 559269950.688311
2972025333.99311 -12119913046874.8 63028618987366.8 -6348.77347842158 32899.3809942698 559269950.688311
2972545828.79766 -12123217549661.5 63045742939961.9 -6348.77031224587 32899.3645288393 559269950.688311
2973066323.60221 -12126522050800.7 63062866883989.1 -6348.7671477869 32899.3480723524 559269950.688311
2973586818.40676 -12129826550293.3 63079990819453 -6348.76398504329 32899.3316248019 559269950.688311
2974107313.21131 -12133131048140.1 63097114746358.5 -6348.76082401363 32899.3151861806 559269950.688311
2974627808.01587 -12136435544342.1 63114238664710.1 -6348.75766469653 32899.298756481 559269950.688311
2975148302.82042 -12139740038900.1 63131362574512.4 -6348.75450709059 32899.282335696 559269950.688311
2975668797.62497 -12143044531815 63148486475770.1 -6348.75135119444 32899.2659238183 559269950.688311
2976189292.42952 -12146349023087.8 63165610368487.8 -6348.74819700667 32899.2495208407 559269950.68831
2976709787.23407 -12149653512719.2 63182734252670.1 -6348.7450445259 32899.2331267559 559269950.688311
2977230282.03863 -12152958000710.3 63199858128321.8 -6348.74189375075 32899.2167415566 559269950.68831
2977750776.84318 -12156262487061.8 63216981995447.3 -6348.73874467983 32899.2003652357 559269950.68831
2978271271.64773 -12159566971774.7 63234105854051.4 -6348.73559731175 32899.183997786 559269950.68831
2978791766.45228 -12162871454849.8 63251229704138.5 -6348.73245164514 32899.1676392001 559269950.688311
2979312261.25683 -12166175936288.1 63268353545713.5 -6348.72930767861 32899.151289471 559269950.688311
2979832756.06139 -12169480416090.4 63285477378780.8 -6348.72616541079 32899.1349485914 559269950.688311
2980353250.86594 -12172784894257.7 63302601203345 -6348.72302484029 32899.1186165541 559269950.688311
2980873745.67049 -12176089370790.7 63319725019410.8 -6348.71988596575 32899.102293352 559269950.688311
2981394240.47504 -12179393845690.4 63336848826982.8 -6348.71674878579 32899.0859789779 559269950.688311
2981914735.27959 -12182698318957.6 63353972626065.5 -6348.71361329904 32899.0696734245 559269950.688311
2982435230.08415 -12186002790593.3 63371096416663.6 -6348.71047950412 32899.0533766849 559269950.688311
2982955724.8887 -12189307260598.3 63388220198781.5 -6348.70734739966 32899.0370887517 559269950.688311
2983476219.69325 -12192611728973.5 63405343972424 -6348.7042169843 32899.020809618 559269950.688311
2983996714.4978 -12195916195719.7 63422467737595.6 -6348.70108825667 32899.0045392764 559269950.688311
2984517209.30236 -12199220660837.9 63439591494300.8 -6348.6979612154 32898.98827772 559269950.688311
2985037704.10691 -12202525124329 63456715242544.3 -6348.69483585914 32898.9720249416 559269950.688311
2985558198.91146 -12205829586193.7 63473838982330.5 -6348.69171218651 32898.9557809341 559269950.688311
2986078693.71601 -12209134046433.1 63490962713664.1 -6348.68859019616 32898.9395456903 559269950.688311
2986599188.52056 -12212438505047.9 63508086436549.7 -6348.68546988673 32898.9233192033 559269950.688311
2987119683.32512 -12215742962039 63525210150991.7 -6348.68235125686 32898.9071014658 559269950.688311
2987640178.12967 -12219047417407.3 63542333856994.7 -6348.67923430519 32898.8908924709 559269950.688311
2988160672.93422 -12222351871153.7 63559457554563.3 -6348.67611903037 32898.8746922114 559269950.688311
2988681167.73877 -12225656323279.1 63576581243702 -6348.67300543104 32898.8585006803 559269950.688311
2989201662.54332 -12228960773784.3 63593704924415.4 -6348.66989350586 32898.8423178706 559269950.688311
2989722157.34788 -12232265222670.2 63610828596708 -6348.66678325347 32898.8261437751 559269950.688311
2990242652.15243 -12235569669937.6 63627952260584.3 -6348.66367467252 32898.8099783869 559269950.688311
2990763146.95698 -12238874115587.5 63645075916048.9 -6348.66056776167 32898.7938216988 559269950.688311
2991283641.76153 -12242178559620.7 63662199563106.3 -6348.65746251956 32898.777673704 559269950.688311
2991804136.56608 -12245483002038 63679323201761 -6348.65435894486 32898.7615343953 559269950.688311
2992324631.37064 -12248787442840.4 63696446832017.5 -6348.65125703621 32898.7454037658 559269950.688311
2992845126.17519 -12252091882028.7 63713570453880.4 -6348.64815679229 32898.7292818084 559269950.688311
2993365620.97974 -12255396319603.8 63730694067354.1 -6348.64505821174 32898.7131685162 559269950.688311
2993886115.78429 -12258700755566.5 63747817672443.2 -6348.64196129323 32898.6970638821 559269950.688311
2994406610.58884 -12262005189917.7 63764941269152.2 -6348.63886603542 32898.6809678993 559269950.688311
2994927105.3934 -12265309622658.3 63782064857485.5 -6348.63577243698 32898.6648805606 559269950.688311
2995447600.19795 -12268614053789.1 63799188437447.8 -6348.63268049656 32898.6488018592 559269950.68831
2995968095.0025 -12271918483311 63816312009043.3 -6348.62959021284 32898.6327317881 559269950.688311
2996488589.80705 -12275222911224.8 63833435572276.8 -6348.62650158448 32898.6166703403 559269950.68831
2997009084.61161 -12278527337531.5 63850559127152.6 -6348.62341461016 32898.6006175089 559269950.68831
2997529579.41616 -12281831762231.8 63867682673675.2 -6348.62032928855 32898.5845732869 559269950.68831
2998050074.22071 -12285136185326.7 63884806211849.1 -6348.6172456183 32898.5685376675 559269950.68831
2998570569.02526 -12288440606817 63901929741678.8 -6348.61416359811 32898.5525106437 559269950.68831
2999091063.82981 -12291745026703.5 63919053263168.8 -6348.61108322665 32898.5364922086 559269950.68831
2999611558.63437 -12295049444987.2 63936176776323.4 -6348.60800450259 32898.5204823553 559269950.68831
3000132053.43892 -12298353861668.8 63953300281147.3 -6348.60492742461 32898.5044810768 559269950.68831
3000652548.24347 -12301658276749.2 63970423777644.8 -6348.60185199138 32898.4884883664 559269950.68831
3001173043.04802 -12304962690229.3 63987547265820.4 -6348.5987782016 32898.4725042171 559269950.68831
3001693537.85257 -12308267102110 64004670745678.6 -6348.59570605394 32898.456528622 559269950.68831
3002214032.65713 -12311571512392 64021794217223.8 -6348.59263554709 32898.4405615743 559269950.68831
3002734527.46168 -12314875921076.3 64038917680460.4 -6348.58956667973 32898.424603067 559269950.68831
3003255022.26623 -12318180328163.7 64056041135392.9 -6348.58649945054 32898.4086530935 559269950.68831
3003775517.07078 -12321484733655 64073164582025.8 -6348.58343385823 32898.3927116467 559269950.68831
3004296011.87533 -12324789137551.1 64090288020363.5 -6348.58036990146 32898.3767787199 559269950.68831
3004816506.67989 -12328093539852.9 64107411450410.3 -6348.57730757894 32898.3608543062 559269950.68831
3005337001.48444 -12331397940561.2 64124534872170.8 -6348.57424688936 32898.3449383989 559269950.68831
3005857496.28899 -12334702339676.8 64141658285649.4 -6348.57118783142 32898.329030991 559269950.68831
3006377991.09354 -12338006737200.7 64158781690850.5 -6348.56813040379 32898.3131320758 559269950.68831
3006898485.89809 -12341311133133.6 64175905087778.4 -6348.56507460519 32898.2972416465 559269950.68831
3007418980.70265 -12344615527476.4 64193028476437.7 -6348.56202043431 32898.2813596963 559269950.68831
3007939475.5072 -12347919920229.9 64210151856832.8 -6348.55896788985 32898.2654862183 559269950.68831
3008459970.31175 -12351224311395 64227275228967.9 -6348.55591697051 32898.2496212059 559269950.68831
3008980465.1163 -12354528700972.5 64244398592847.6 -6348.55286767498 32898.2337646521 559269950.68831
3009500959.92086 -12357833088963.4 64261521948476.3 -6348.54982000199 32898.2179165504 559269950.68831
3010021454.72541 -12361137475368.3 64278645295858.3 -6348.54677395022 32898.2020768939 559269950.68831
3010541949.52996 -12364441860188.3 64295768634998 -6348.54372951838 32898.1862456758 559269950.68831
3011062444.33451 -12367746243424 64312891965899.9 -6348.54068670519 32898.1704228894 559269950.68831
3011582939.13906 -12371050625076.4 64330015288568.2 -6348.53764550935 32898.154608528 559269950.68831
3012103433.94362 -12374355005146.2 64347138603007.5 -6348.53460592957 32898.1388025848 559269950.68831
3012623928.74817 -12377659383634.5 64364261909222.1 -6348.53156796456 32898.1230050531 559269950.68831
3013144423.55272 -12380963760541.8 64381385207216.3 -6348.52853161304 32898.1072159263 559269950.68831
3013664918.35727 -12384268135869.3 64398508496994.5 -6348.52549687371 32898.0914351975 559269950.68831
3014185413.16182 -12387572509617.5 64415631778561.1 -6348.5224637453 32898.0756628601 559269950.68831
3014705907.96638 -12390876881787.5 64432755051920.5 -6348.51943222653 32898.0598989074 559269950.68831
3015226402.77093 -12394181252379.9 64449878317077 -6348.5164023161 32898.0441433327 559269950.68831
3015746897.57548 -12397485621395.8 64467001574035 -6348.51337401274 32898.0283961293 559269950.68831
3016267392.38003 -12400789988835.8 64484124822798.9 -6348.51034731517 32898.0126572906 559269950.68831
3016787887.18458 -12404094354700.9 64501248063372.9 -6348.50732222212 32897.9969268098 559269950.68831
3017308381.98914 -12407398718991.9 64518371295761.5 -6348.5042987323 32897.9812046804 559269950.68831
3017828876.79369 -12410703081709.5 64535494519968.9 -6348.50127684444 32897.9654908956 559269950.68831
3018349371.59824 -12414007442854.7 64552617735999.6 -6348.49825655727 32897.9497854489 559269950.68831
3018869866.40279 -12417311802428.3 64569740943857.9 -6348.49523786952 32897.9340883335 559269950.68831
3019390361.20734 -12420616160431.1 64586864143548 -6348.49222077991 32897.9183995429 559269950.68831
3019910856.0119 -12423920516863.9 64603987335074.4 -6348.48920528717 32897.9027190704 559269950.68831
3020431350.81645 -12427224871727.6 64621110518441.4 -6348.48619139005 32897.8870469094 559269950.68831
3020951845.621 -12430529225022.9 64638233693653.2 -6348.48317908726 32897.8713830533 559269950.68831
3021472340.42555 -12433833576750.8 64655356860714.2 -6348.48016837755 32897.8557274955 559269950.68831
3021992835.2301 -12437137926912.1 64672480019628.8 -6348.47715925965 32897.8400802294 559269950.68831
3022513330.03466 -12440442275507.5 64689603170401.1 -6348.47415173229 32897.8244412485 559269950.68831
3023033824.83921 -12443746622538 64706726313035.7 -6348.47114579423 32897.808810546 559269950.68831
3023554319.64376 -12447050968004.3 64723849447536.6 -6348.46814144419 32897.7931881155 559269950.68831
3024074814.44831 -12450355311907.2 64740972573908.4 -6348.46513868091 32897.7775739504 559269950.68831
3024595309.25287 -12453659654247.7 64758095692155.2 -6348.46213750315 32897.7619680441 559269950.68831
3025115804.05742 -12456963995026.5 64775218802281.3 -6348.45913790964 32897.74637039 559269950.68831
3025636298.86197 -12460268334244.4 64792341904291.1 -6348.45613989912 32897.7307809817 559269950.68831
3026156793.66652 -12463572671902.2 64809464998188.9 -6348.45314347035 32897.7151998125 559269950.68831
3026677288.47107 -12466877008000.9 64826588083978.9 -6348.45014862208 32897.699626876 559269950.68831
3027197783.27563 -12470181342541.1 64843711161665.3 -6348.44715535305 32897.6840621657 559269950.68831
3027718278.08018 -12473485675523.8 64860834231252.6 -6348.44416366201 32897.6685056749 559269950.68831
3028238772.88473 -12476790006949.7 64877957292744.9 -6348.44117354771 32897.6529573971 559269950.68831
3028759267.68928 -12480094336819.8 64895080346146.6 -6348.43818500891 32897.637417326 559269950.68831
3029279762.49383 -12483398665134.7 64912203391461.9 -6348.43519804436 32897.6218854549 559269950.68831
3029800257.29839 -12486702991895.3 64929326428695 -6348.43221265282 32897.6063617775 559269950.68831
3030320752.10294 -12490007317102.4 64946449457850.3 -6348.42922883305 32897.5908462871 559269950.68831
3030841246.90749 -12493311640756.9 64963572478932 -6348.42624658379 32897.5753389773 559269950.68831
3031361741.71204 -12496615962859.5 64980695491944.3 -6348.42326590382 32897.5598398417 559269950.68831
3031882236.51659 -12499920283411.2 64997818496891.6 -6348.42028679189 32897.5443488738 559269950.68831
3032402731.32115 -12503224602412.6 65014941493778 -6348.41730924677 32897.5288660671 559269950.68831
3032923226.1257 -12506528919864.6 65032064482607.8 -6348.41433326722 32897.5133914151 559269950.68831
3033443720.93025 -12509833235768.1 65049187463385.2 -6348.411358852 32897.4979249115 559269950.68831
3033964215.7348 -12513137550123.8 65066310436114.5 -6348.40838599988 32897.4824665498 559269950.68831
3034484710.53935 -12516441862932.5 65083433400800 -6348.40541470963 32897.4670163236 559269950.68831
3035005205.34391 -12519746174195.1 65100556357445.8 -6348.40244498001 32897.4515742263 559269950.68831
3035525700.14846 -12523050483912.4 65117679306056.2 -6348.3994768098 32897.4361402517 559269950.68831
3036046194.95301 -12526354792085.2 65134802246635.4 -6348.39651019777 32897.4207143933 559269950.68831
3036566689.75756 -12529659098714.3 65151925179187.6 -6348.39354514269 32897.4052966447 559269950.68831
3037087184.56212 -12532963403800.5 65169048103717.1 -6348.39058164333 32897.3898869995 559269950.68831
3037607679.36667 -12536267707344.6 65186171020228 -6348.38761969848 32897.3744854513 559269950.68831
3038128174.17122 -12539572009347.4 65203293928724.7 -6348.38465930689 32897.3590919938 559269950.68831
3038648668.97577 -12542876309809.8 65220416829211.2 -6348.38170046736 32897.3437066205 559269950.688311
3039169163.78032 -12546180608732.5 65237539721691.8 -6348.37874317867 32897.328329325 559269950.68831
3039689658.58488 -12549484906116.4 65254662606170.7 -6348.37578743959 32897.3129601011 559269950.68831
3040210153.38943 -12552789201962.2 65271785482652.1 -6348.3728332489 32897.2975989424 559269950.68831
3040730648.19398 -12556093496270.8 65288908351140.2 -6348.36988060538 32897.2822458424 559269950.68831
3041251142.99853 -12559397789042.9 65306031211639.2 -6348.36692950783 32897.2669007949 559269950.68831
3041771637.80308 -12562702080279.4 65323154064153.3 -6348.36397995503 32897.2515637936 559269950.68831
3042292132.60764 -12566006369981.1 65340276908686.6 -6348.36103194576 32897.236234832 559269950.688311
3042812627.41219 -12569310658148.8 65357399745243.4 -6348.35808547881 32897.220913904 559269950.688311
3043333122.21674 -12572614944783.3 65374522573827.8 -6348.35514055298 32897.2056010031 559269950.688311
3043853617.02129 -12575919229885.3 65391645394444 -6348.35219716704 32897.190296123 559269950.688311
3044374111.82584 -12579223513455.7 65408768207096.2 -6348.3492553198 32897.1749992574 559269950.688311
3044894606.6304 -12582527795495.3 65425891011788.5 -6348.34631501004 32897.1597104001 559269950.688311
3045415101.43495 -12585832076004.9 65443013808525.1 -6348.34337623657 32897.1444295448 559269950.688311
3045935596.2395 -12589136354985.3 65460136597310.2 -6348.34043899817 32897.1291566852 559269950.688311
3046456091.04405 -12592440632437.2 65477259378148 -6348.33750329364 32897.1138918149 559269950.688311
3046976585.8486 -12595744908361.6 65494382151042.5 -6348.33456912179 32897.0986349277 559269950.688311
3047497080.65316 -12599049182759.1 65511504915998 -6348.33163648141 32897.0833860174 559269950.688311
3048017575.45771 -12602353455630.5 65528627673018.6 -6348.32870537129 32897.0681450777 559269950.688311
3048538070.26226 -12605657726976.8 65545750422108.4 -6348.32577579025 32897.0529121024 559269950.688311
3049058565.06681 -12608961996798.6 65562873163271.6 -6348.32284773709 32897.0376870851 559269950.688311
3049579059.87137 -12612266265096.8 65579995896512.4 -6348.3199212106 32897.0224700197 559269950.688311
3050099554.67592 -12615570531872.1 65597118621834.8 -6348.3169962096 32897.0072609 559269950.688311
3050620049.48047 -12618874797125.4 65614241339243 -6348.3140727329 32896.9920597196 559269950.688311
3051140544.28502 -12622179060857.4 65631364048741.1 -6348.31115077929 32896.9768664725 559269950.688311
3051661039.08957 -12625483323069 65648486750333.3 -6348.3082303476 32896.9616811523 559269950.688311
3052181533.89413 -12628787583760.9 65665609444023.7 -6348.30531143662 32896.9465037529 559269950.688311
3052702028.69868 -12632091842933.9 65682732129816.3 -6348.30239404518 32896.931334268 559269950.688311
3053222523.50323 -12635396100588.8 65699854807715.4 -6348.29947817208 32896.9161726916 559269950.688311
3053743018.30778 -12638700356726.4 65716977477725.1 -6348.29656381615 32896.9010190173 559269950.68831
3054263513.11233 -12642004611347.5 65734100139849.3 -6348.29365097619 32896.885873239 559269950.68831
3054784007.91689 -12645308864452.9 65751222794092.4 -6348.29073965102 32896.8707353506 559269950.68831
3055304502.72144 -12648613116043.3 65768345440458.3 -6348.28782983946 32896.8556053458 559269950.68831
3055824997.52599 -12651917366119.6 65785468078951.1 -6348.28492154033 32896.8404832186 559269950.68831
3056345492.33054 -12655221614682.6 65802590709575 -6348.28201475245 32896.8253689627 559269950.68831
3056865987.13509 -12658525861732.9 65819713332334.1 -6348.27910947464 32896.810262572 559269950.68831
3057386481.93965 -12661830107271.5 65836835947232.4 -6348.27620570573 32896.7951640404 559269950.68831
3057906976.7442 -12665134351299 65853958554274 -6348.27330344453 32896.7800733617 559269950.688311
3058427471.54875 -12668438593816.4 65871081153463.1 -6348.27040268988 32896.7649905298 559269950.688311
3058947966.3533 -12671742834824.3 65888203744803.7 -6348.2675034406 32896.7499155386 559269950.688311
3059468461.15785 -12675047074323.5 65905326328299.9 -6348.26460569552 32896.734848382 559269950.68831
3059988955.96241 -12678351312314.9 65922448903955.7 -6348.26170945346 32896.7197890538 559269950.68831
3060509450.76696 -12681655548799.2 65939571471775.2 -6348.25881471327 32896.704737548 559269950.68831
3061029945.57151 -12684959783777.2 65956694031762.6 -6348.25592147376 32896.6896938584 559269950.68831
3061550440.37606 -12688264017249.7 65973816583921.8 -6348.25302973377 32896.674657979 559269950.68831
3062070935.18061 -12691568249217.4 65990939128257 -6348.25013949214 32896.6596299037 559269950.688311
3062591429.98517 -12694872479681.1 66008061664772.2 -6348.24725074769 32896.6446096264 559269950.688311
3063111924.78972 -12698176708641.7 66025184193471.4 -6348.24436349928 32896.629597141 559269950.688311
3063632419.59427 -12701480936099.8 66042306714358.7 -6348.24147774573 32896.6145924415 559269950.688311
3064152914.39882 -12704785162056.4 66059429227438.2 -6348.23859348588 32896.5995955218 559269950.688311
3064673409.20338 -12708089386512 66076551732713.8 -6348.23571071857 32896.5846063758 559269950.688311
3065193904.00793 -12711393609467.6 66093674230189.8 -6348.23282944265 32896.5696249975 559269950.688311
3065714398.81248 -12714697830923.9 66110796719870 -6348.22994965695 32896.554651381 559269950.688311
3066234893.61703 -12718002050881.7 66127919201758.5 -6348.22707136032 32896.53968552 559269950.688311
3066755388.42158 -12721306269341.7 66145041675859.5 -6348.22419455161 32896.5247274087 559269950.688311
3067275883.22614 -12724610486304.7 66162164142176.8 -6348.22131922966 32896.5097770409 559269950.688311
3067796378.03069 -12727914701771.6 66179286600714.5 -6348.21844539331 32896.4948344107 559269950.688311
3068316872.83524 -12731218915743 66196409051476.7 -6348.21557304142 32896.4798995121 559269950.688311
3068837367.63979 -12734523128219.7 66213531494467.3 -6348.21270217283 32896.464972339 559269950.688311
3069357862.44434 -12737827339202.6 66230653929690.5 -6348.20983278641 32896.4500528855 559269950.688311
3069878357.2489 -12741131548692.3 66247776357150.2 -6348.20696488098 32896.4351411456 559269950.688311
3070398852.05345 -12744435756689.7 66264898776850.3 -6348.20409845542 32896.4202371132 559269950.688311
3070919346.858 -12747739963195.5 66282021188795.1 -6348.20123350857 32896.4053407825 559269950.688311
3071439841.66255 -12751044168210.6 66299143592988.3 -6348.19837003929 32896.3904521474 559269950.688311
3071960336.4671 -12754348371735.5 66316265989434.1 -6348.19550804644 32896.375571202 559269950.688311
3072480831.27166 -12757652573771.3 66333388378136.5 -6348.19264752887 32896.3606979403 559269950.688311
3073001326.07621 -12760956774318.5 66350510759099.4 -6348.18978848545 32896.3458323564 559269950.688311
3073521820.88076 -12764260973377.9 66367633132326.8 -6348.18693091503 32896.3309744442 559269950.688311
3074042315.68531 -12767565170950.5 66384755497822.8 -6348.18407481647 32896.316124198 559269950.688311
3074562810.48986 -12770869367036.8 66401877855591.2 -6348.18122018864 32896.3012816117 559269950.688311
3075083305.29442 -12774173561637.6 66419000205636.2 -6348.17836703041 32896.2864466794 559269950.688311
3075603800.09897 -12777477754753.8 66436122547961.7 -6348.17551534062 32896.2716193951 559269950.688311
3076124294.90352 -12780781946386.1 66453244882571.6 -6348.17266511816 32896.2567997531 559269950.688311
3076644789.70807 -12784086136535.3 66470367209470 -6348.16981636189 32896.2419877473 559269950.688311
3077165284.51263 -12787390325202.1 66487489528660.8 -6348.16696907067 32896.2271833719 559269950.688311
3077685779.31718 -12790694512387.2 66504611840147.9 -6348.16412324338 32896.2123866209 559269950.688311
3078206274.12173 -12793998698091.5 66521734143935.4 -6348.16127887889 32896.1975974885 559269950.68831
3078726768.92628 -12797302882315.7 66538856440027.3 -6348.15843597606 32896.1828159688 559269950.68831
3079247263.73083 -12800607065060.5 66555978728427.4 -6348.15559453378 32896.1680420559 559269950.68831
3079767758.53539 -12803911246326.8 66573101009139.7 -6348.15275455091 32896.1532757439 559269950.68831
3080288253.33994 -12807215426115.3 66590223282168.2 -6348.14991602633 32896.138517027 559269950.68831
3080808748.14449 -12810519604426.7 66607345547516.9 -6348.14707895892 32896.1237658992 559269950.68831
3081329242.94904 -12813823781261.8 66624467805189.7 -6348.14424334756 32896.1090223549 559269950.68831
3081849737.75359 -12817127956621.4 66641590055190.5 -6348.14140919112 32896.094286388 559269950.68831
3082370232.55815 -12820432130506.2 66658712297523.2 -6348.13857648848 32896.0795579927 559269950.68831
3082890727.3627 -12823736302916.9 66675834532191.9 -6348.13574523853 32896.0648371633 559269950.68831
3083411222.16725 -12827040473854.4 66692956759200.5 -6348.13291544014 32896.0501238938 559269950.68831
3083931716.9718 -12830344643319.3 66710078978552.8 -6348.13008709221 32896.0354181786 559269950.688311
3084452211.77635 -12833648811312.5 66727201190252.8 -6348.1272601936 32896.0207200116 559269950.688311
3084972706.58091 -12836952977834.7 66744323394304.5 -6348.12443474322 32896.0060293872 559269950.688311
3085493201.38546 -12840257142886.7 66761445590711.8 -6348.12161073995 32895.9913462994 559269950.68831
3086013696.19001 -12843561306469.1 66778567779478.5 -6348.11878818267 32895.9766707426 559269950.68831
3086534190.99456 -12846865468582.8 66795689960608.6 -6348.11596707027 32895.9620027109 559269950.68831
3087054685.79911 -12850169629228.5 66812812134106.1 -6348.11314740165 32895.9473421985 559269950.68831
3087575180.60367 -12853473788406.9 66829934299974.8 -6348.1103291757 32895.9326891997 559269950.68831
3088095675.40822 -12856777946118.8 66847056458218.7 -6348.1075123913 32895.9180437086 559269950.68831
3088616170.21277 -12860082102365 66864178608841.6 -6348.10469704735 32895.9034057196 559269950.68831
3089136665.01732 -12863386257146.2 66881300751847.4 -6348.10188314275 32895.8887752267 559269950.68831
3089657159.82188 -12866690410463.2 66898422887240.1 -6348.09907067639 32895.8741522244 559269950.68831
3090177654.62643 -12869994562316.6 66915545015023.6 -6348.09625964717 32895.8595367067 559269950.68831
3090698149.43098 -12873298712707.3 66932667135201.7 -6348.09345005399 32895.844928668 559269950.68831
3091218644.23553 -12876602861636 66949789247778.3 -6348.09064189574 32895.8303281025 559269950.68831
3091739139.04008 -12879907009103.4 66966911352757.4 -6348.08783517133 32895.8157350045 559269950.68831
3092259633.84464 -12883211155110.3 66984033450142.8 -6348.08502987966 32895.8011493683 559269950.688311
3092780128.64919 -12886515299657.5 67001155539938.4 -6348.08222601963 32895.7865711881 559269950.688311
3093300623.45374 -12889819442745.6 67018277622148 -6348.07942359014 32895.7720004582 559269950.68831
3093821118.25829 -12893123584375.4 67035399696775.6 -6348.0766225901 32895.7574371729 559269950.68831
3094341613.06284 -12896427724547.8 67052521763825 -6348.07382301842 32895.7428813265 559269950.68831
3094862107.8674 -12899731863263.3 67069643823300.1 -6348.071024874 32895.7283329132 559269950.68831
3095382602.67195 -12903036000522.8 67086765875204.8 -6348.06822815575 32895.7137919275 559269950.688311
3095903097.4765 -12906340136326.9 67103887919542.9 -6348.06543286258 32895.6992583636 559269950.688311
3096423592.28105 -12909644270676.5 67121009956318.3 -6348.0626389934 32895.6847322158 559269950.68831
3096944087.0856 -12912948403572.3 67138131985534.8 -6348.05984654712 32895.6702134784 559269950.68831
3097464581.89016 -12916252535015 67155254007196.3 -6348.05705552266 32895.6557021458 559269950.68831
3097985076.69471 -12919556665005.4 67172376021306.7 -6348.05426591892 32895.6411982123 559269950.688311
3098505571.49926 -12922860793544.1 67189498027869.8 -6348.05147773483 32895.6267016722 559269950.68831
3099026066.30381 -12926164920632 67206620026889.4 -6348.0486909693 32895.61221252 559269950.688311
3099546561.10836 -12929469046269.7 67223742018369.4 -6348.04590562124 32895.5977307498 559269950.68831
3100067055.91292 -12932773170458.1 67240864002313.6 -6348.04312168958 32895.5832563562 559269950.68831
3100587550.71747 -12936077293197.8 67257985978726 -6348.04033917323 32895.5687893334 559269950.68831
3101108045.52202 -12939381414489.6 67275107947610.2 -6348.03755807111 32895.5543296758 559269950.68831
3101628540.32657 -12942685534334.2 67292229908970.2 -6348.03477838215 32895.5398773779 559269950.68831
3102149035.13112 -12945989652732.4 67309351862809.7 -6348.03200010527 32895.5254324339 559269950.68831
3102669529.93568 -12949293769684.8 67326473809132.6 -6348.02922323938 32895.5109948382 559269950.688311
3103190024.74023 -12952597885192.3 67343595747942.8 -6348.02644778343 32895.4965645854 559269950.688311
3103710519.54478 -12955901999255.5 67360717679244 -6348.02367373632 32895.4821416696 559269950.688311
3104231014.34933 -12959206111875.3 67377839603040 -6348.020901097 32895.4677260855 559269950.688311
3104751509.15389 -12962510223052.2 67394961519334.7 -6348.01812986438 32895.4533178272 559269950.688311
3105272003.95844 -12965814332787.1 67412083428131.9 -6348.0153600374 32895.4389168894 559269950.688311
3105792498.76299 -12969118441080.7 67429205329435.4 -6348.01259161498 32895.4245232663 559269950.688311
3106312993.56754 -12972422547933.7 67446327223249 -6348.00982459607 32895.4101369525 559269950.688311
3106833488.37209 -12975726653346.8 67463449109576.5 -6348.00705897958 32895.3957579423 559269950.688311
3107353983.17665 -12979030757320.8 67480570988421.6 -6348.00429476446 32895.3813862302 559269950.688311
3107874477.9812 -12982334859856.5 67497692859788.3 -6348.00153194963 32895.3670218106 559269950.688311
3108394972.78575 -12985638960954.4 67514814723680.3 -6347.99877053404 32895.352664678 559269950.688311
3108915467.5903 -12988943060615.4 67531936580101.3 -6347.99601051661 32895.3383148268 559269950.688311
3109435962.39485 -12992247158840.2 67549058429055.3 -6347.9932518963 32895.3239722515 559269950.688311
3109956457.19941 -12995551255629.6 67566180270545.8 -6347.99049467203 32895.3096369466 559269950.688311
3110476952.00396 -12998855350984.1 67583302104576.9 -6347.98773884275 32895.2953089065 559269950.688311
3110997446.80851 -13002159444904.7 67600423931152.1 -6347.9849844074 32895.2809881256 559269950.688311
3111517941.61306 -13005463537391.9 67617545750275.3 -6347.98223136491 32895.2666745986 559269950.688311
3112038436.41761 -13008767628446.5 67634667561950.3 -6347.97947971424 32895.2523683198 559269950.688311
3112558931.22217 -13012071718069.3 67651789366180.9 -6347.97672945433 32895.2380692838 559269950.688311
3113079426.02672 -13015375806261 67668911162970.7 -6347.97398058412 32895.223777485 559269950.688311
3113599920.83127 -13018679893022.2 67686032952323.6 -6347.97123310256 32895.209492918 559269950.688311
3114120415.63582 -13021983978353.8 67703154734243.4 -6347.96848700859 32895.1952155773 559269950.688311
3114640910.44037 -13025288062256.4 67720276508733.8 -6347.96574230117 32895.1809454573 559269950.688311
3115161405.24493 -13028592144730.7 67737398275798.5 -6347.96299897925 32895.1666825526 559269950.688311
3115681900.04948 -13031896225777.5 67754520035441.3 -6347.96025704176 32895.1524268578 559269950.688311
3116202394.85403 -13035200305397.5 67771641787666 -6347.95751648768 32895.1381783674 559269950.688311
3116722889.65858 -13038504383591.5 67788763532476.3 -6347.95477731594 32895.1239370758 559269950.688311
3117243384.46314 -13041808460360 67805885269876 -6347.95203952551 32895.1097029777 559269950.688311
3117763879.26769 -13045112535703.9 67823006999868.7 -6347.94930311534 32895.0954760675 559269950.688311
3118284374.07224 -13048416609623.9 67840128722458.3 -6347.94656808438 32895.0812563399 559269950.688311
3118804868.87679 -13051720682120.7 67857250437648.4 -6347.94383443158 32895.0670437894 559269950.688311
3119325363.68134 -13055024753195 67874372145442.9 -6347.94110215592 32895.0528384106 559269950.688311
3119845858.4859 -13058328822847.5 67891493845845.4 -6347.93837125635 32895.038640198 559269950.688311
3120366353.29045 -13061632891078.9 67908615538859.7 -6347.93564173182 32895.0244491462 559269950.688311
3120886848.095 -13064936957890 67925737224489.5 -6347.9329135813 32895.0102652498 559269950.688311
3121407342.89955 -13068241023281.5 67942858902738.4 -6347.93018680376 32894.9960885034 559269950.688311
3121927837.7041 -13071545087254.1 67959980573610.4 -6347.92746139814 32894.9819189016 559269950.688311
3122448332.50866 -13074849149808.4 67977102237108.9 -6347.92473736343 32894.9677564389 559269950.688311
3122968827.31321 -13078153210945.3 67994223893237.9 -6347.92201469858 32894.95360111 559269950.688311
3123489322.11776 -13081457270665.3 68011345542000.9 -6347.91929340256 32894.9394529095 559269950.688311
3124009816.92231 -13084761328969.4 68028467183401.7 -6347.91657347434 32894.9253118319 559269950.688311
3124530311.72686 -13088065385858 68045588817444 -6347.91385491288 32894.911177872 559269950.688311
3125050806.53142 -13091369441332.1 68062710444131.5 -6347.91113771716 32894.8970510243 559269950.688311
3125571301.33597 -13094673495392.2 68079832063467.9 -6347.90842188615 32894.8829312835 559269950.688311
3126091796.14052 -13097977548039 68096953675456.9 -6347.90570741881 32894.8688186442 559269950.688311
3126612290.94507 -13101281599273.4 68114075280102.2 -6347.90299431413 32894.854713101 559269950.688311
3127132785.74962 -13104585649095.9 68131196877407.5 -6347.90028257106 32894.8406146486 559269950.688311
3127653280.55418 -13107889697507.4 68148318467376.4 -6347.8975721886 32894.8265232817 559269950.688311
3128173775.35873 -13111193744508.5 68165440050012.8 -6347.89486316571 32894.8124389948 559269950.688311
3128694270.16328 -13114497790099.9 68182561625320.1 -6347.89215550137 32894.7983617828 559269950.688312
3129214764.96783 -13117801834282.3 68199683193302.2 -6347.88944919456 32894.7842916401 559269950.688311
3129735259.77239 -13121105877056.5 68216804753962.7 -6347.88674424426 32894.7702285615 559269950.688311
3130255754.57694 -13124409918423.1 68233926307305.2 -6347.88404064944 32894.7561725417 559269950.688311
3130776249.38149 -13127713958382.8 68251047853333.5 -6347.88133840909 32894.7421235754 559269950.688312
3131296744.18604 -13131017996936.4 68268169392051.2 -6347.87863752219 32894.7280816573 559269950.688311
3131817238.99059 -13134322034084.6 68285290923462.1 -6347.87593798772 32894.7140467819 559269950.688311
3132337733.79515 -13137626069828 68302412447569.6 -6347.87323980467 32894.7000189442 559269950.688311
3132858228.5997 -13140930104167.4 68319533964377.6 -6347.87054297202 32894.6859981386 559269950.688311
3133378723.40425 -13144234137103.4 68336655473889.7 -6347.86784748876 32894.6719843601 559269950.688311
3133899218.2088 -13147538168636.8 68353776976109.4 -6347.86515335387 32894.6579776032 559269950.688311
3134419713.01335 -13150842198768.3 68370898471040.6 -6347.86246056635 32894.6439778627 559269950.688311
3134940207.81791 -13154146227498.5 68388019958686.8 -6347.85976912517 32894.6299851333 559269950.688311
3135460702.62246 -13157450254828.2 68405141439051.7 -6347.85707902934 32894.6159994098 559269950.688311
3135981197.42701 -13160754280758.1 68422262912138.9 -6347.85439027784 32894.6020206869 559269950.688311
3136501692.23156 -13164058305288.8 68439384377952.1 -6347.85170286966 32894.5880489593 559269950.688311
3137022187.03611 -13167362328421.1 68456505836494.8 -6347.8490168038 32894.5740842218 559269950.688311
3137542681.84067 -13170666350155.7 68473627287770.9 -6347.84633207925 32894.5601264691 559269950.688311
3138063176.64522 -13173970370493.3 68490748731783.8 -6347.843648695 32894.546175696 559269950.688311
3138583671.44977 -13177274389434.5 68507870168537.2 -6347.84096665006 32894.5322318973 559269950.688311
3139104166.25432 -13180578406980 68524991598034.7 -6347.83828594341 32894.5182950677 559269950.688311
3139624661.05887 -13183882423130.6 68542113020280 -6347.83560657407 32894.504365202 559269950.688312
3140145155.86343 -13187186437887 68559234435276.8 -6347.83292854101 32894.490442295 559269950.688311
3140665650.66798 -13190490451249.8 68576355843028.5 -6347.83025184326 32894.4765263414 559269950.688311
3141186145.47253 -13193794463219.8 68593477243538.8 -6347.8275764798 32894.4626173361 559269950.688311
3141706640.27708 -13197098473797.5 68610598636811.4 -6347.82490244964 32894.4487152738 559269950.688311
3142227135.08163 -13200402482983.9 68627720022849.8 -6347.82222975178 32894.4348201494 559269950.688312
3142747629.88619 -13203706490779.4 68644841401657.7 -6347.81955838523 32894.4209319576 559269950.688312
3143268124.69074 -13207010497184.8 68661962773238.7 -6347.81688834898 32894.4070506933 559269950.688311
3143788619.49529 -13210314502200.9 68679084137596.4 -6347.81421964206 32894.3931763512 559269950.688311
3144309114.29984 -13213618505828.2 68696205494734.3 -6347.81155226346 32894.3793089263 559269950.688311
3144829609.1044 -13216922508067.6 68713326844656.1 -6347.80888621219 32894.3654484132 559269950.688312
3145350103.90895 -13220226508919.6 68730448187365.4 -6347.80622148726 32894.3515948069 559269950.688312
3145870598.7135 -13223530508385 68747569522865.7 -6347.80355808768 32894.3377481022 559269950.688312
3146391093.51805 -13226834506464.4 68764690851160.7 -6347.80089601246 32894.323908294 559269950.688312
3146911588.3226 -13230138503158.6 68781812172254 -6347.79823526061 32894.310075377 559269950.688312
3147432083.12716 -13233442498468.3 68798933486149 -6347.79557583115 32894.2962493461 559269950.688312
3147952577.93171 -13236746492394 68816054792849.5 -6347.79291772309 32894.2824301962 559269950.688312
3148473072.73626 -13240050484936.6 68833176092359 -6347.79026093545 32894.2686179222 559269950.688312
3148993567.54081 -13243354476096.7 68850297384681.1 -6347.78760546724 32894.2548125188 559269950.688312
3149514062.34536 -13246658465874.9 68867418669819.3 -6347.78495131747 32894.2410139811 559269950.688312
3150034557.14992 -13249962454272 68884539947777.2 -6347.78229848517 32894.2272223038 559269950.688312
3150555051.95447 -13253266441288.7 68901661218558.4 -6347.77964696935 32894.2134374818 559269950.688312
3151075546.75902 -13256570426925.6 68918782482166.5 -6347.77699676904 32894.1996595101 559269950.688312
3151596041.56357 -13259874411183.5 68935903738604.9 -6347.77434788325 32894.1858883834 559269950.688312
3152116536.36812 -13263178394063 68953024987877.4 -6347.77170031101 32894.1721240968 559269950.688312
3152637031.17268 -13266482375564.7 68970146229987.4 -6347.76905405133 32894.1583666452 559269950.688312
3153157525.97723 -13269786355689.4 68987267464938.5 -6347.76640910325 32894.1446160233 559269950.688312
3153678020.78178 -13273090334437.8 69004388692734.2 -6347.76376546579 32894.1308722262 559269950.688312
3154198515.58633 -13276394311810.6 69021509913378.2 -6347.76112313797 32894.1171352487 559269950.688312
3154719010.39088 -13279698287808.3 69038631126873.9 -6347.75848211881 32894.1034050859 559269950.688312
3155239505.19544 -13283002262431.8 69055752333224.9 -6347.75584240735 32894.0896817325 559269950.688312
3155759999.99999 -13286306235681.6 69072873532434.7 -6347.75320400262 32894.0759651835 559269950.688312
