0 1556958000000 0 -11000 2000 -22756327.2740819 105192
3561934.47722621 1555800584889.89 210383986.33895 -11005.7644167263 1999.9996102518 -22756327.2740819 3561934.47722621
5902391.64259891 1529890182405.73 4891122290.46992 -11136.2833086664 1999.78214885008 -22756327.2725824 2340457.1653727
8198789.59053794 1504165619275.55 9482778252.30542 -11268.7372888344 1999.15290216162 -22756327.270996 2296397.94793903
10442706.7582557 1478730131693.39 13967614098.1116 -11402.634102808 1998.09846558437 -22756327.2693504 2243917.16771778
12635210.6013858 1453582259397.31 18346903155.0461 -11538.0036076951 1996.60483364063 -22756327.2676428 2192503.8431301
14777281.039336 1428721291748.76 22621776111.0316 -11674.8719456359 1994.65751450554 -22756327.2658708 2142070.43795018
16869881.4840516 1404146481600.81 26793362371.5993 -11813.265549585 1992.24150186146 -22756327.2640319 2092600.44471563
18913964.1799311 1379856986452.46 30862800025.9104 -11953.2114884054 1989.34125138794 -22756327.2621232 2044082.69587949
20910465.3389858 1355851928617.8 34831225468.3508 -12094.7371499817 1985.94066690844 -22756327.2601419 1996501.15905464
22860308.5186321 1332130358704.44 38699779463.18 -12237.8704674306 1982.02307646456 -22756327.2580851 1949843.17964633
24764403.4395044 1308691272747.77 42469604131.3271 -12382.6398415886 1977.57121310417 -22756327.2559497 1904094.92087234
26623647.3600291 1285533598397.63 46141845020.6587 -12529.0742485341 1972.56718994531 -22756327.2537324 1859243.92052472
28438921.5872914 1262656241623.16 49717643578.6532 -12677.202964694 1966.99248738834 -22756327.2514299 1815274.22726222
30211096.8649402 1240058022739.56 53198147165.0041 -12827.0559927449 1960.82791531966 -22756327.2490386 1772175.27764888
31941029.8200188 1217737723723.84 56584501410.951 -12978.6637844865 1954.05359825551 -22756327.2465549 1729932.95507854
33629562.1061903 1195694103401.74 59877847974.7646 -13132.0571462161 1946.64895643502 -22756327.2439749 1688532.28617155
35277526.0267289 1173925827443.39 63079334923.8481 -13287.2677438349 1938.59265599389 -22756327.2412946 1647963.92053861
36885738.3183947 1152431552368.26 66190104008.9303 -13444.3275436678 1929.86260831158 -22756327.2385099 1608212.29166579
38455004.2769315 1131209874785.97 69211298129.1481 -13603.2691872468 1920.43592367056 -22756327.2356163 1569265.95853676
39986115.9864332 1110259357978.06 72144057327.4576 -13764.1258216205 1910.28889098902 -22756327.2326093 1531111.70950173
41479853.4541928 1089578519800.35 74989520423.2012 -13926.9312096041 1899.39694112496 -22756327.2294841 1493737.46775961
42936983.9512289 1069165844860.28 77748823202.038 -14091.7196571988 1887.73461990161 -22756327.2262356 1457130.49703609
44358262.6947279 1049019778304.37 80423099184.5212 -14258.5260819762 1875.27555091785 -22756327.2228587 1421278.74349894
45744433.1575231 1029138724404.27 83013479668.4932 -14427.3860493511 1861.9923981883 -22756327.219348 1386170.46279528
47096225.8502695 1009521067215.34 85521090939.371 -14598.3356177637 1847.85684286375 -22756327.2156977 1351792.69274639
48414360.7155946 990165139235.21 87947058224.5996 -14771.4116283897 1832.83952297027 -22756327.2119018 1318134.86532504
49699545.0070417 971069255166.355 90292501248.3194 -14946.6514345303 1816.91001676945 -22756327.2079542 1285184.29144715
50952474.7304003 952231694121.113 92558536415.4492 -15124.0930768255 1800.03678808351 -22756327.2038483 1252929.72335854
52173834.0487612 933650711572.866 94746275246.643 -15303.775194178 1782.18715255469 -22756327.1995773 1221359.31836093
53364296.2854068 915324527308.463 96856825714.0699 -15485.7371595152 1763.3272208186 -22756327.1951341 1190462.23664564
54524522.8127811 897251345518.346 98891289799.419 -15670.018904 1743.42187082195 -22756327.1905112 1160226.52737427
55655164.504064 879429335588.952 100850765620.008 -15856.6611271308 1722.4346787753 -22756327.1857008 1130641.69128288
56756861.1269666 861856644404.914 102736345898.458 -16045.7051967416 1700.32787962499 -22756327.1806948 1101696.62290263
57830240.7913686 844531408565.219 104549116620.861 -16237.1930307208 1677.06233050675 -22756327.1754847 1073379.66440198
58875921.9961809 827451724653.495 106290160098.058 -16431.1674402648 1652.59741617873 -22756327.1700615 1045681.20481231
59894511.8032837 810615681639.677 107960551450.416 -16627.6717945353 1626.89103306828 -22756327.164416 1018589.8071028
60886606.9039973 794021346866.375 109561360021.009 -16826.7501899264 1599.89951085069 -22756327.1585383 992095.100713591
61852793.6972464 777666767725.72 111093649097.188 -17028.4474511562 1571.57755083727 -22756327.1524183 966186.793249054
62793648.2925553 761549974652.631 112558475527.771 -17232.8091135736 1541.87816452781 -22756327.1460451 940854.595308964
63709736.6063857 745668982606.486 113956889507.713 -17439.8814204678 1510.75260767966 -22756327.1394077 916088.313830356
64601614.3853988 730021793847.56 115289934266.3 -17649.7113005965 1478.15031472715 -22756327.1324944 891877.779013086
65469827.7909422 714606390787.938 116558646592.914 -17862.3464791076 1444.01880912659 -22756327.1252928 868213.40554347
66314912.8370741 699420748947.021 117764055658.266 -18077.8353169837 1408.30365274543 -22756327.1177903 845085.046131889
67137395.9566761 684462830119.946 118907183533.287 -18296.2269132875 1370.9483512623 -22756327.1099733 822483.119601954
67937794.4445366 669730577219.869 119989045454.402 -18517.5711991853 1331.89425421908 -22756327.1018278 800398.487860541
68716615.4017698 655221936741.204 121010648078.339 -18741.9186135882 1291.08052539212 -22756327.0933391 778820.957233192
69474357.3987106 640934831211.502 121972991425.834 -18969.3205267098 1248.44397756826 -22756327.0844919 757741.996940796
70211509.3513576 626867183014.415 122877067084.886 -19199.8288857357 1203.91904128389 -22756327.07527 737151.952647
70928551.124521 613016906333.218 123723858741.985 -19433.4963396765 1157.4376443366 -22756327.0656565 717041.773163428
71625953.749267 599381905985.128 124514342163.21 -19670.376265671 1108.92910269372 -22756327.0556339 697402.624745961
72304179.292076 585960083016.517 125249484780.909 -19910.5226765014 1058.32003070047 -22756327.0451835 678225.542809014
72963681.4524146 572749325944.887 125930246092.405 -20153.990378916 1005.53419401524 -22756327.0342861 659502.160338551
73604904.8548819 559747527897.37 126557576668.029 -20400.8346618166 950.492457182315 -22756327.0229214 641223.402467392
74228285.8963554 546952572826.424 127132418823.915 -20651.111540023 893.112607529294 -22756327.0110683 623381.041473484
74834252.6163319 534362341026.132 127655706239.354 -20904.8776499199 833.309246483317 -22756326.9987046 605966.719976527
75423224.7207015 521974711735.616 128128363778.667 -21162.1901866464 770.993667626443 -22756326.985807 588972.104369569
75995613.836786 509787560898.766 128551307515.005 -21423.1069356111 706.073705988406 -22756326.9723513 572389.116084476
76551823.5695903 497798762984.587 128925444576.692 -21687.6862203172 638.453599798774 -22756326.9583119 556209.7328043
77092249.4687673 486006194825.204 129251672967.829 -21955.9867949624 568.033860530998 -22756326.9436625 540425.899176987
77617279.5036356 474407728366.992 129530881707.262 -22228.0679828673 494.711071286687 -22756326.928375 525030.034868379
78127293.8024376 463001239354.764 129763950502.745 -22503.989452623 418.377771131342 -22756326.9124204 510014.298801961
78622664.9781995 451784603230.891 129951749793.898 -22783.8112773956 338.922257266294 -22756326.895768 495371.175761931
79103758.1739535 440755697118.376 130095140626.047 -23067.5938507264 256.228415923195 -22756326.8783861 481093.195754012
79570931.161881 429912400620.156 130194974565.779 -23355.397821735 170.175539287701 -22756326.8602415 467172.987927481
80024534.516089 419252594862.283 130252093629.818 -23647.2840713559 80.638119972246 -22756326.841299 453603.354207987
80464911.5508367 408774167006.682 130267330183.194 -23943.3135323783 -12.514317241007 -22756326.8215224 440377.034747717
80892398.7007122 398475004318.461 130241506886.062 -24243.5472898597 -109.417481212667 -22756326.8008735 427487.149875458
81307325.3047673 388353002339.899 130175436608.416 -24548.0462775534 -210.212465402023 -22756326.7793126 414926.604055073
81710014.1010213 378406055960.152 130069922315.168 -24856.8714615982 -315.046067933249 -22756326.756798 402688.796254057
82100780.9037347 368632070300.678 129925757053.993 -25170.0834248495 -424.070927856399 -22756326.7332861 390766.802713319
82479935.0399707 359028953013.97 129743723811.733 -25487.7425027426 -537.445858460736 -22756326.7087318 379154.136236008
82847779.2975497 349594618529.66 129524595468.951 -25809.9085440859 -655.3360696212 -22756326.6830875 367844.257578978
83204610.0576198 340326987736.37 129269134715.671 -26136.640799445 -777.913448134712 -22756326.6563039 356830.760070194
83550717.433205 331223987412.378 128978093939.447 -26467.9978107806 -905.356856475143 -22756326.6283293 346107.375585173
83886385.2820894 322283552914.713 128652215212.768 -26804.0371699086 -1037.85239902605 -22756326.5991102 335667.848884428
84211891.3900734 313503626385.132 128292230147.751 -27144.8154223423 -1175.59376182089 -22756326.5685902 325506.107983987
84527507.5396896 304882157899.972 127898859831.73 -27490.3878511938 -1318.78252658211 -22756326.5367112 315616.149616211
84833499.6349475 296417105085.791 127472814701.982 -27840.8083026087 -1467.62852228618 -22756326.5034121 305992.095257848
85130127.7150887 288106435771.757 127014794572.106 -28196.1288667677 -1622.35013770106 -22756326.4686297 296628.080141236
85417646.1580637 279948125366.763 126525488394.018 -28556.3997562817 -1783.17474099995 -22756326.4322984 287518.442974942
85696303.6948524 271940159440.606 126005574281.994 -28921.6689467102 -1950.33902282428 -22756326.3943496 278657.536788769
85966343.5522188 264080532683.518 125455719338.43 -29291.9819473696 -2124.08942212388 -22756326.3547123 270039.857366336
86228003.5658083 256367248603.181 124876579493 -29667.3815224809 -2304.68256092394 -22756326.313313 261660.013589549
86481516.1995616 248798321954.999 124268799545.26 -30047.9072515624 -2492.38563239943 -22756326.270075 253512.633753258
86727108.6991387 241371777224.746 123633012921.859 -30433.5952478412 -2687.47689560219 -22756326.2249194 245592.499577086
86965003.157725 234085649634.493 122969841608.451 -30824.4777250333 -2890.24613244849 -22756326.1777642 237894.458586371
87195416.6068074 226937985390.895 122279896024.67 -31220.5825649069 -3100.99514042013 -22756326.1285251 230413.449082393
87418561.1168362 219926841583.393 121563774856.19 -31621.9328679673 -3320.03825649433 -22756326.0771144 223144.510028793
87634643.8935442 213050286157.861 120822064876.519 -32028.5464632264 -3547.70290300607 -22756326.0234425 216082.776708003
87843867.348496 206306398670.008 120055340842.58 -32440.4353293063 -3784.33013024755 -22756325.9674167 209223.454951801
88046429.1749559 199693270869.447 119264165379.304 -32857.6049732334 -4030.27518153192 -22756325.9089416 202561.826459854
88242522.490019 193209005070.368 118449088583.458 -33280.0539000494 -4285.90816549371 -22756325.8479204 196093.315063161
88432335.8461224 186851716746.229 117610648119.49 -33707.772761748 -4551.61459574843 -22756325.7842529 189813.356103345
88616053.3734643 180619532807.415 116749368782.557 -34140.7437203914 -4827.79611694548 -22756325.7178371 183717.527341935
88793854.838218 174510592605.082 115865762379.486 -34578.9395728919 -5114.87115236016 -22756325.6485699 177801.464753667
88965915.7427752 168523047493.263 114960327404.01 -35022.3229030888 -5413.27563777054 -22756325.5763463 172060.904557231
89132407.3772254 162655062038.959 114033548937.55 -35470.8450383736 -5723.4637021445 -22756325.5010592 166491.634450193
89293496.9504627 156904812419.108 113085898101.669 -35924.445133897 -6045.908517119 -22756325.4226024 161089.573237272
89449347.6284299 151270488026.329 112117831980.608 -36383.0489279203 -6381.10301122298 -22756325.3408679 155850.67796724
89600118.6395902 145750290679.388 111129793145.892 -36846.5675821005 -6729.56073689151 -22756325.2557489 150771.011160283
89745965.3402575 140342435227.595 110122209381.828 -37314.8963075972 -7091.81668854703 -22756325.1671392 145846.700667266
89887039.3091593 135045149056.971 109095493188.072 -37787.912968072 -7468.4282171932 -22756325.0749342 141073.968901876
90023488.4161289 129856672509.556 108050041412.032 -38265.4764820204 -7859.97591668758 -22756324.979032 136449.106969562
90155456.9138349 124775258405.928 106986234670.731 -38747.42516989 -8267.06460322397 -22756324.8793335 131968.497705999
90283085.4973473 119799172758.91 105904436971.575 -39233.5748441568 -8690.32423422094 -22756324.7757453 127628.583512416
90406511.4056148 114926693845.035 104804994944.424 -39723.7168939633 -9130.41098767509 -22756324.6681788 123425.908267511
90525868.4812118 110156112854.606 103688237353.094 -40217.6160442871 -9588.00824412305 -22756324.5565534 119357.075596966
90641287.2553381 105485733537.338 102554474335.64 -40715.0080195481 -10063.8276801268 -22756324.440797 115418.774126348
90752895.03019 100913871906.882 101403996579.871 -41215.5969957583 -10558.6103939648 -22756324.3208491 111607.774851807
90860815.9479329 96438856464.0446 100237074551.896 -41719.0527670624 -11073.1280068763 -22756324.1966604 107920.917742918
90965171.0822425 92059027469.925 99053957399.5893 -42225.0077646403 -11608.1838979061 -22756324.0681981 104355.134309569
91066078.5068686 87772737138.7281 97854871991.3031 -42733.0536978379 -12164.6143691496 -22756323.9354461 100907.42462617
91163653.3750461 83578349373.5556 96640021735.1509 -43242.7379386964 -12743.289886492 -22756323.7984095 97574.8681774688
91258008.0083421 79474239073.9508 95409585144.8588 -43753.5596234025 -13345.1164132848 -22756323.6571158 94354.6332959545
91349251.976447 75458791806.9798 94163714356.1792 -44264.9653406693 -13971.0367354127 -22756323.5116203 91243.9681049451
91437492.1728562 71530403661.3054 92902533543.7781 -44776.3443815524 -14622.0317845316 -22756323.362009 88240.1964091688
91522832.9044186 67687480495.529 91626136967.4118 -45287.0236056424 -15299.1220854696 -22756323.2084019 85340.7315624212
91605375.9829251 63928437085.9657 90334586753.9468 -45796.2618115796 -16003.3692716706 -22756323.0509589 82543.0785065289
91685220.805504 60251696795.3064 89027910602.7672 -46303.2434637773 -16735.877549821 -22756322.889884 79844.8225788519
91762464.4577355 56655690234.0622 87706098854.5122 -46807.0719096019 -17497.7954010116 -22756322.7254293 77243.6522315809
91837201.8051411 53138854483.1287 86369101404.3272 -47306.7617928243 -18290.3172429018 -22756322.5579023 74737.3474055659
91909525.6008174 49699631619.9958 85016823958.7234 -47801.230736633 -19114.6853127102 -22756322.387671 72323.7956763425
91979526.5885139 46336467527.9534 83649123921.129 -48289.2900426988 -19972.1915857142 -22756322.2151697 70000.9876964046
92047293.6311623 43047809584.0836 82265805263.7596 -48769.6344673903 -20864.1800961912 -22756322.0409052 67767.0426484589
92112913.8290354 39832104958.4748 80866612957.4635 -49240.8306557416 -21792.049284817 -22756321.8654621 65620.1978731013
92176472.6619613 36687797915.1724 79451226180.5628 -49701.3042575681 -22757.2548235306 -22756321.6895101 63558.8329259284
92238054.1461737 33613326591.8639 78019250300.8654 -50149.3254010339 -23761.312904702 -22756321.5138102 61581.484212372
92297741.0112393 30607119041.476 76570207305.6037 -50582.9922325534 -24805.8041788149 -22756321.3392167 59686.8650656317
92355614.8915801 27667588885.9518 75103524568.8645 -51000.2120648934 -25892.3783645943 -22756321.1666846 57873.8803407674
92411756.5637882 24793129101.905 73618520875.7531 -51398.6798245185 -27022.7602548212 -22756320.9972653 56141.672208105
92466246.2172772 21982104667.366 72114389536.7435 -51775.8530066774 -28198.7572046882 -22756320.8321133 54489.6534889371
92519163.7726415 19232843509.527 70590177692.7574 -52128.9223194307 -29422.2686949582 -22756320.6724739 52917.5553643226
92570589.2724608 16543624697.1803 69044760393.7106 -52454.7769531439 -30695.298979395 -22756320.5196772 51425.4998193537
92620603.3709255 13912662795.078 67476807641.6416 -52749.9629530989 -32019.9741704378 -22756320.3751149 50014.0984647038
92669287.9373579 11338088015.3607 65884742557.1913 -53010.6324374135 -33398.5651261068 -22756320.2402081 48684.5664324136
92716726.8345881 8817919582.60833 64266686887.5717 -53232.4807092459 -34833.5190823117 -22756320.1163621 47438.897230168
92763006.9351743 6350029875.02932 62620389063.9232 -53410.6667908592 -36327.5038398773 -22756320.0048847 46280.1005861614
92808219.4819448 3932095036.6733 60943127254.2976 -53539.710773598 -37883.4706461054 -22756319.9068756 45212.546770517
92852461.939289 1561526337.73328 59231576422.3092 -53613.3577932314 -39504.7447915276 -22756319.823041 44242.4573442163
92895840.581612 -764627584.621197 57481621567.9619 -53624.3926514242 -41195.1587355608 -22756319.7534194 43378.6423229587
92938474.1921622 -3049822198.96825 55688089273.8011 -53564.379054171 -42959.2509674768 -22756319.6969171 42633.6105502018
92980499.4547479 -5298224395.66682 53844352957.2634 -53423.2800000058 -44802.5673746265 -22756319.6505437 42025.2625857823
93022078.89059 -7515015543.72609 51941742566.7238 -53188.8853491893 -46732.1201979827 -22756319.608037 41579.4358420858
93063412.2394813 -9706810675.84672 49968668094.8948 -52845.9229414118 -48757.0667711633 -22756319.55726 41333.3488912768
93104750.2631607 -11881847948.772 47909677434.4529 -52374.740301917 -50889.3135897385 -22756319.4749699 41338.023679373
93146395.992386 -14034647161.9173 45760109742.3197 -51754.4489750965 -53127.5725347076 -22756319.321311 41645.7292253108
93188595.9212524 -16174012003.8685 43498834872.47 -50955.528060436 -55484.6811455076 -22756319.019959 42199.9288664013
93230980.6597639 -18303714225.5835 41105291392.6538 -49941.8993783817 -57968.5445287488 -22756318.433331 42384.7385114957
93271725.9336355 -20314955130.5161 38693143825.8732 -48742.4632075872 -60443.9858482845 -22756317.5857825 40745.2738715747
93309422.1415404 -22128072208.4229 36370636742.1826 -47417.6182745546 -62784.8199867281 -22756316.6756172 37696.2079049162
93344292.874099 -23757269255.0873 34143131984.3192 -45991.0264596571 -64975.4101195645 -22756315.7797966 34870.7325586648
93376903.0214234 -25232746179.1577 31990796946.2801 -44469.8850982622 -67027.5412451894 -22756314.9140868 32610.1473243188
93407723.8017388 -26578943713.8355 29895237256.9099 -42857.8293422069 -68951.9885691664 -22756314.0841165 30820.7803154791
93437111.2481413 -27813842839.7645 27842317608.5503 -41158.0810945443 -70755.4020840593 -22756313.2958698 29387.4464024141
93465336.6384166 -28950719084.3024 25821300709.7496 -39374.1766343557 -72441.1555522378 -22756312.5569448 28225.3902752962
93492612.947109 -29999589268.8632 23823819084.4333 -37510.1139112681 -74010.4076772523 -22756311.8761134 27276.3086924837
93519112.9076966 -30968179094.3224 21843126732.5239 -35570.3577762428 -75462.8859397975 -22756311.2626653 26499.9605875484
93544980.9889083 -31862553449.3737 19873592831.409 -33559.8093402374 -76797.4235691863 -22756310.7258034 25868.081211695
93570341.4827458 -32687532532.4936 17910357749.9662 -31483.7651571248 -78012.3277812356 -22756310.2741408 25360.4938374944
93595304.1472165 -33446972502.7657 15949092760.8392 -29347.8721965107 -79105.6369404033 -22756309.9152784 24962.6644706861
93619968.3030306 -34143958665.4032 13985825116.3928 -27158.0791316697 -80075.3035436077 -22756309.6554518 24664.1558141489
93644425.9402653 -34780940209.6357 12016804389.2418 -24920.5838687003 -80919.3253821317 -22756309.4992685 24457.6372346529
93668764.196087 -35359824462.8674 10038394036.3088 -22641.7768397895 -81635.8385760068 -22756309.4495182 24338.2558217491
93693067.4459821 -35882041756.994 8046977241.72487 -20328.179897468 -82223.1805675221 -22756309.5070581 24303.2498950776
93717419.1859622 -36347715486.9485 6042877854.83259 -17991.0573386612 -82679.1504574858 -22756309.6690135 24351.7399801041
93741903.5013255 -36757211469.1411 4025283394.45499 -15640.4688707994 -83002.9960905301 -22756309.928215 24484.3153633328
93766606.3975238 -37111270125.0037 1990388592.60619 -13282.9946211348 -83195.1498324005 -22756310.2764721 24702.8961982325
93791617.8051397 -37410217212.4254 -65797656.7894881 -10925.0246948275 -83256.2618607723 -22756310.7044315 25011.4076159007
93817033.8662904 -37653962272.4601 -2147558207.77924 -8572.68720708677 -83187.1642506195 -22756311.2018847 25416.0611507621
93842959.7219588 -37841978935.4175 -4259592737.91734 -6231.77376868387 -82988.8104718564 -22756311.7580876 25925.8556684049
93869513.0998124 -37973264282.0445 -6407175320.10915 -3907.65829173576 -82662.1864242126 -22756312.3621054 26553.3778536009
93896829.1613708 -38046271287.0217 -8596362785.88686 -1605.20387927895 -82208.185152698 -22756313.0031791 27316.0615583284
93925067.3384817 -38058803802.1343 -10834282260.9339 671.350819481119 -81627.4313640431 -22756313.6711035 28238.1771109591
93954421.3672831 -38007855898.9351 -13129543077.2335 2918.53919396256 -80920.0319409562 -22756314.3566356 29354.0288013981
93985134.5084692 -37889364068.0357 -15492847574.4085 5133.86919911031 -80085.2118021397 -22756315.0519586 30713.1411860653
94017522.9687858 -37697817103.573 -17937920909.549 7316.1082082388 -79120.7676771117 -22756315.751255 32388.4603165763
94052009.9852832 -37425629418.3261 -20482930801.1934 9465.66279824033 -78022.2411399315 -22756316.4514413 34487.0164974012
94089156.1012029 -37062146254.7812 -23152474726.4096 11584.9080703468 -76781.7570111724 -22756317.1529303 37146.1159197643
94129539.6473531 -36592350673.9597 -25978870270.9705 13677.3059923144 -75387.2049892668 -22756317.8587441 40383.546150204
94172799.5246516 -35997667202.8222 -28991896907.5242 15738.4254203082 -73827.8171484667 -22756318.560288 43259.87729841
94216502.7991948 -35273239155.7649 -32149080376.0331 17715.1276334715 -72133.7477927067 -22756319.1716547 43703.2745432726
94259194.7428407 -34479187872.413 -35192863463.6183 19449.8286826885 -70460.5004907648 -22756319.5133367 42691.9436458678
94301145.3697591 -33630866988.1921 -38114489748.9188 20964.0304241121 -68832.0844456261 -22756319.707346 41950.6269184571
94342814.9103586 -32728933907.5752 -40949459503.3633 22299.1519974883 -67242.5745283028 -22756319.8346782 41669.5405994855
94384550.3176917 -31774579342.0391 -43718938427.3626 23482.8164553094 -65690.0023758716 -22756319.9328256 41735.4073331093
94426604.8588601 -30772165621.6158 -46428833267.6588 24532.3650673126 -64178.3531287849 -22756320.0191245 42054.5411684006
94469168.3854049 -29720406195.9421 -49096633723.9223 25467.0743181449 -62703.3280454564 -22756320.1042552 42563.526544806
94512391.2503177 -28618307134.1413 -51734653428.7412 26301.3584486887 -61262.3355705393 -22756320.19348 43222.864912792
94556398.523628 -27465034910.2991 -54351946028.8734 27046.5079869827 -59853.7617791727 -22756320.2892904 44007.2733103097
94601298.5182961 -26259830337.4037 -56955433195.4275 27711.6970007463 -58476.5503875444 -22756320.3926654 44899.9946680297
94647188.1351146 -25001960641.1782 -59550579895.429 28304.5917734494 -57129.9653589177 -22756320.5037236 45889.6168185379
94694156.3684982 -23690692995.3278 -62141817326.9107 28831.7382948181 -55813.4532017061 -22756320.6220927 46968.2333835865
94742286.6879728 -22325279667.1856 -64732819737.1202 29298.8206559945 -54526.5609772525 -22756320.7471197 48130.3194746377
94791658.7129323 -20904949911.485 -67326691965.4731 29710.8401909937 -53268.8869516445 -22756320.8780048 49372.024959519
94842349.4247811 -19428905658.5534 -69926100705.0198 30072.2440121935 -52040.0507204626 -22756321.0138829 50690.7118487993
94894434.0694416 -17896319430.1547 -72533368859.1181 30387.0199973041 -50839.6753137816 -22756321.1538737 52084.6446604812
94947986.8435737 -16306333501.698 -75150545077.7361 30658.7688393729 -49667.3767500933 -22756321.2971191 53552.774132092
95003081.4286824 -14658059850.5106 -77779455962.6236 30890.7599470882 -48522.7583614756 -22756321.4427998 55094.585108688
95059791.4168326 -12950580530.7158 -80421746018.328 31085.9757127439 -47405.4081337089 -22756321.5901487 56709.9881501592
95118190.6479329 -11182948235.2783 -83078908785.9227 31247.1472114147 -46314.8979350893 -22756321.7384589 58399.2311003112
95178353.5009534 -9354187212.41146 -85752311058.1506 31376.7834361032 -45250.7840924679 -22756321.8870873 60162.8530204909
95240355.1243267 -7463293780.96374 -88443212836.225 31477.1956416101 -44212.6084260828 -22756322.0354514 62001.6233733082
95304271.6389023 -5509237317.89258 -91152782826.2022 31550.5178094304 -43199.8999958793 -22756322.183032 63916.5145756666
95370180.314859 -3490960984.53734 -93882111396.8294 31598.7241051996 -42212.1769144066 -22756322.3293686 65908.6759566827
95438159.7224901 -1407382377.27449 -96632221309.2662 31623.6439036049 -41248.948232091 -22756322.4740574 67979.4076310764
95508289.8679363 742605714.657626 -99404076444.6873 31626.9748378722 -40309.7158918677 -22756322.6167471 70130.1454461849
95580652.3138008 2960134654.89997 -102198589182.059 31610.2942345909 -39393.9765856086 -22756322.7571347 72362.4458645681
95655330.3005925 5246359299.27236 -105016626555.968 31575.0692053548 -38501.2235298 -22756322.8949633 74677.9867916978
95732408.8410785 7602457746.32262 -107859015919.616 31522.6656030254 -37630.9479820508 -22756323.0300164 77078.5404859965
95811974.8110168 10029630547.8113 -110726549108.399 31454.3560291284 -36782.6408616629 -22756323.1621151 79565.9699382629
95894117.0605447 12529100068.1329 -113619986133.307 31371.3270311193 -35955.7941666338 -22756323.2911153 82142.2495279378
95978926.4710529 15102110707.9375 -116540059294.79 31274.6855663474 -35149.9019890954 -22756323.4169023 84809.4105081708
96066496.0636223 17749927594.0898 -119487475036.295 31165.4649066432 -34364.4619212577 -22756323.5393896 87569.5925694227
96156921.0646472 20473837036.1059 -122462917418.713 31044.6299487223 -33598.9757746688 -22756323.6585146 90425.0010248684
96250298.9795521 23275145762.8331 -125467049848.038 30913.0820992971 -32852.9505845857 -22756323.774237 93377.9149049225
96346729.6733016 26155180518.7619 -128500516933.173 30771.6637352349 -32125.8993856174 -22756323.886535 96430.6937494925
96446315.4431324 29115287954.5748 -131563946398.868 30621.1622803602 -31417.3418184632 -22756323.9954047 99585.7698307555
96549161.0932863 32156834344.235 -134657950582.652 30462.3139600115 -30726.8047025786 -22756324.1008559 102845.650153957
96655373.9950461 35281205418.6528 -137783127857.954 30295.8072541336 -30053.8225030195 -22756324.2029124 106212.901759824
96765064.1650435 38489805798.5529 -140940063491.897 30122.2861057125 -29397.9378090753 -22756324.3016081 109690.169997377
96878344.3188981 41784059021.6752 -144129330960.697 29942.3528571109 -28758.7016127527 -22756324.3969864 113280.153854563
96995329.9725088 45165406855.4528 -147351492438.419 29756.571006223 -28135.6736710821 -22756324.4890996 116985.653610751
97116139.4772936 48635310057.9661 -150607100564.546 29565.4676843249 -27528.4225404465 -22756324.5780063 120809.504784768
97240894.105417 52195247177.7365 -153896698231.358 29369.5360599438 -26936.5259314764 -22756324.6637708 124754.628123466
97369718.1128375 55846714861.2783 -157220819732.908 29169.2374939957 -26359.5707346023 -22756324.7464621 128824.007420497
97502738.8221245 59591227505.1001 -160579991212.094 28965.003578542 -25797.153127287 -22756324.8261529 133020.709286919
97640086.667172 63430317485.5742 -163974731560.541 28757.238004214 -25248.8785574767 -22756324.9029194 137347.845047593
97781895.2719418 67365534282.5768 -167405552270.295 28546.3183591013 -24714.3618589516 -22756324.9768388 141808.604769729
97928301.5385024 71398444594.0353 -170872958130.107 28332.5977543888 -24193.2271846673 -22756325.0479914 146406.266560574
98079445.6844479 75530632693.6847 -174377448057.201 28116.4063284522 -23685.1078984443 -22756325.1164571 151144.145945562
98235471.3346271 79763699343.7518 -177919514649.694 27898.0527258451 -23189.6466282939 -22756325.1823171 156025.650179182
98396525.5764204 84099262242.6485 -181499645022.386 27677.82540085 -22706.4951013437 -22756325.2456527 161054.241793344
98562759.0459119 88538955431.3983 -185118320724.165 27455.993888288 -22235.314091004 -22756325.3065444 166233.469491468
98734326.0140648 93084429548.0503 -188776018329.892 27232.8099500229 -21775.7732526862 -22756325.3650732 171566.968152937
98911384.4039721 97737352046.9822 -192473209950.838 27008.5086501711 -21327.5509630714 -22756325.4213183 177058.389907279
99094095.916684 102499405536.033 -196210362230.627 26783.3094507711 -20890.3343269882 -22756325.4753579 182711.512711889
99282626.0952278 107372289053.989 -199987937671.289 26557.4170991603 -20463.8188846588 -22756325.5272694 188530.178543807
99477144.3643388 112357717630.445 -203806394548.225 26331.022539991 -20047.7084889469 -22756325.5771285 194518.26911095
99677824.1645226 117457421204.949 -207666186341.269 26104.3037974711 -19641.7152185249 -22756325.6250092 200679.800183789
99884842.9415171 122673146013.798 -211567763032.911 25877.4266935226 -19245.5590828867 -22756325.6709839 207018.776994535
100098382.311586 128006652166.188 -215511569508.155 25650.5456860069 -18858.9680268607 -22756325.7151232 213539.370068519
100318628.110107 133459715786.155 -219498047374.58 25423.8044604287 -18481.677577864 -22756325.7574963 220245.798521678
100545770.444521 139034128070.543 -223527634436.518 25197.336615885 -18113.4307359966 -22756325.7981696 227142.334413404
100780003.781402 144731694471.541 -227600764285.658 24971.266301632 -17753.9778395507 -22756325.8372086 234233.336880847
101021527.058106 150554234734.262 -231717866512.724 24745.7087798189 -17403.0763686316 -22756325.8746761 241523.276704234
101270543.679518 156503583501.26 -235879367293.102 24520.7709332434 -17060.4907212723 -22756325.9106334 249016.621412165
101527261.719739 162581588057.752 -240085687960.212 24296.5518488185 -16725.9921561065 -22756325.9451396 256718.040220938
101791893.899225 168790111097.81 -244337247082.052 24073.1431806025 -16399.3584473286 -22756325.9782517 264632.179486274
102064657.703253 175131027948.039 -248634458665.611 23850.6296921063 -16080.3738562159 -22756326.0100252 272763.804027584
102345775.525126 181606227245.225 -252977732769.672 23629.0896411385 -15768.8289061634 -22756326.0405137 281117.821873384
102635474.617529 188217612119.568 -257367476407.859 23408.5951274528 -15464.5201494436 -22756326.0697683 289699.092402872
102933987.323813 194967096824.176 -261804091412.794 23189.2125698247 -15167.2501488054 -22756326.0978388 298512.706284492
103241551.003422 201856609943.838 -266287976680.857 22971.0029392809 -14876.8271535142 -22756326.1247731 307563.679608694
103558408.311592 208888090426 -270819525675.776 22754.0222071059 -14593.0651001964 -22756326.1506174 316857.308169586
103884807.096656 216063491779.093 -275399129257.572 22538.3215128031 -14315.7832680664 -22756326.1754159 326398.785064379
104221000.614735 223384777457.465 -280027172798.42 22323.9475893964 -14044.8063013348 -22756326.1992114 336193.51807927
104567247.559535 230853923482.355 -284704037964.61 22110.9429473886 -13779.9639409984 -22756326.2220449 346246.944799419
104923812.1436 238472916824.725 -289430101775.42 21899.3461718342 -13521.090927895 -22756326.2439559 356564.584064675
105290964.196241 246243754952.741 -294205736419.887 21689.1921669536 -13268.0268596315 -22756326.264982 367152.052641771
105668979.361974 254168445720.714 -299031309283.815 21480.5123768437 -13020.6160392931 -22756326.28516 378015.165733136
106058139.05947 262249009359.446 -303907184230.829 21273.3349403462 -12778.7072675853 -22756326.3045249 389159.697495674
106458730.489811 270487475261.649 -308833719709.319 21067.6849706363 -12542.153801254 -22756326.3231102 400591.430341216
106871047.060478 278885879933.996 -313811267641.546 20863.5847829807 -12310.8132617022 -22756326.3409479 412316.570666981
107295388.178782 287446273613.366 -318840177431.766 20661.0539025955 -12084.5473119687 -22756326.3580692 424341.118303517
107732059.399296 296170713553.509 -323920792029.872 20460.109391217 -11863.2217134634 -22756326.3745038 436671.220514376
108181372.559604 305061264821.763 -329053448508.295 20260.76597342 -11646.706165558 -22756326.3902799 449313.160308243
108643645.907321 314120000769.834 -334238478416.487 20063.0361650538 -11434.8741637555 -22756326.4054251 462273.347717004
109119204.175573 323349003256.276 -339476207969.952 19866.9304010536 -11227.6028714851 -22756326.4199653 475558.268251572
109608378.591401 332750361792.358 -344766957619.25 19672.4571788332 -11024.7730207727 -22756326.4339256 489174.415828252
110111507.229001 342326171380.327 -350111040906.45 19479.6232181037 -10826.2688397778 -22756326.44733 503128.637599564
110628934.717814 352078537078.945 -355508767078.74 19288.4334775171 -10631.9778434341 -22756326.4602017 517427.488812991
111161012.738672 362009565929.177 -360960436656.402 19098.8914179363 -10441.7908876771 -22756326.4725627 532078.020857937
111708099.779936 372121374201.226 -366466345516.985 18910.9989546067 -10255.6019149987 -22756326.4844341 547087.041264243
112270561.457377 382416080310.479 -372026781065.959 18724.7566820828 -10073.3079855085 -22756326.4958362 562461.67744065
112848770.653256 392895808544.656 -377642024352.136 18540.1638859169 -9894.80910218491 -22756326.5067884 578209.195879232
113443107.411793 403562689201.512 -383312350174.765 18357.2186216437 -9720.00811372217 -22756326.5173092 594336.758537002
114053959.145919 414418854233.03 -389038024817.129 18175.9178639815 -9548.81069121592 -22756326.5274166 610851.734126457
114681720.821514 425466438690.805 -394819306901.753 17996.2575476362 -9381.12520687896 -22756326.5371274 627761.675594227
115326794.985597 436707581630.374 -400656447918.281 17818.2326171817 -9216.86263026384 -22756326.5464582 645074.164083791
115989591.819567 448144424151.126 -406549691248.748 17641.837119616 -9055.93647098979 -22756326.5554246 662796.83397
116670529.338396 459779107928.937 -412499271480.033 17467.0642818142 -8898.26271244138 -22756326.5640414 680937.518829152
117370033.303809 471613776300.709 -418505415029.356 17293.9065450785 -8743.75971239247 -22756326.5723231 699503.965412333
118088537.6955 483650570327.666 -424568338213.651 17122.3556704539 -8592.34817275782 -22756326.5802833 718504.391690877
118826484.578948 495891634490.513 -430688250194.07 16952.4027010958 -8443.95098764434 -22756326.5879354 737946.88344791
119584324.157056 508339111859.094 -436865350577.757 16784.0380755556 -8298.49323114437 -22756326.5952917 757839.578108423
120362514.94381 520995142535.485 -443099828722.868 16617.2516860872 -8155.90209953117 -22756326.6023644 778190.786754188
121161523.955847 533861864133.588 -449391864057.455 16452.0329063875 -8016.10683164653 -22756326.6091651 799009.012036375
121981826.901113 546941412458.495 -455741626472.426 16288.3706164352 -7879.03863203563 -22756326.6157048 820302.94526639
122823907.689988 560235922032.241 -462149276614.921 16126.2532290694 -7744.63060041798 -22756326.6219942 842080.788875142
123688259.596223 573747515701.441 -468614960954.041 15965.6688442023 -7612.81776983726 -22756326.6280433 864351.906234398
124575384.36125 587478320871.921 -475138819653.632 15806.6050785606 -7483.53688036396 -22756326.633862 887124.765027896
125485792.592279 601430452529.815 -481720978489.422 15649.0492936886 -7356.72648512343 -22756326.6394594 910408.231028937
126420004.634959 615606017237.265 -488361550887.317 15492.9885653527 -7232.32684523965 -22756326.6448446 934212.04267956
127378549.257161 630007124106.458 -495060643102.323 15338.4095854928 -7110.27977789192 -22756326.6500261 958544.622202478
128361964.906262 644635861807.226 -501818343536.372 15185.2989320868 -6990.52879942498 -22756326.655012 983415.649100333
129370799.763272 659494315551.663 -508634730764.009 15033.6428989874 -6873.01892122952 -22756326.6598102 1008834.85701053
130405611.422365 674584565097.102 -515509872600.646 14883.4275385561 -6757.69661955882 -22756326.6644282 1034811.65909229
131466966.405206 689908677263.726 -522443822725.036 14734.63875294 -6644.50984388383 -22756326.6688731 1061354.98284154
132555441.990302 705468696406.624 -529436616512.724 14587.2623931285 -6533.40803068873 -22756326.673152 1088475.58509617
133671624.600661 721266668815.64 -536488282121.503 14441.284035263 -6424.34187651709 -22756326.6772713 1116182.61035881
134816111.153308 737304616381.269 -543598828702.717 14296.6892420213 -6317.2634806647 -22756326.6812374 1144486.55264644
135989508.61773 753584553659.168 -550768254122.344 14153.4634112874 -6212.12617879368 -22756326.6850565 1173397.4644226
137192433.860399 770108478746.529 -557996540946.29 14011.5918692621 -6108.88456228686 -22756326.6887341 1202925.24266906
138425514.394902 786878368579.682 -565283654488.95 13871.0599151639 -6007.4944618354 -22756326.6922761 1233080.53450244
139689387.846446 803896186866.087 -572629546364.207 13731.8527583612 -5907.91285523677 -22756326.6956876 1263873.45154469
140984702.845785 821163873981.563 -580034150177.756 13593.9556073847 -5810.09788710242 -22756326.6989738 1295314.99933863
142312118.448533 838683356616.971 -587497385762.985 13457.3535952455 -5714.00877290222 -22756326.7021397 1327415.60274846
143672304.246173 856456537115.371 -595019154673.143 13322.0318685553 -5619.60582152661 -22756326.7051898 1360185.79763944
145065941.583495 874485292473.168 -602599339887.525 13187.9755941187 -5526.8503998524 -22756326.7081288 1393637.33732173
146493721.509925 892771487758.559 -610237811520.944 13055.1698615216 -5435.70482791139 -22756326.7109608 1427779.92643028
147956347.378612 911316946419.01 -617934414466.782 12923.5999018786 -5346.13249343871 -22756326.7136902 1462625.86868754
149454532.974897 930123481730.538 -625688981634.333 12793.250858498 -5258.09765951573 -22756326.7163208 1498185.59628488
150989004.05923 949192869655.752 -633501322739.661 12664.1079808609 -5171.56556377779 -22756326.7188565 1534471.08433234
152560497.25841 968526866025.961 -641371231497.657 12536.156503156 -5086.50230405307 -22756326.7213009 1571493.19918061
154169761.033255 988127189690.59 -649298478807.217 12409.3817567613 -5002.87488299248 -22756326.7236575 1609263.77484438
155817555.763794 1007995532079.48 -657282816764.184 12283.7691030013 -4920.65113341433 -22756326.7259297 1647794.73053894
157504653.551334 1028133555360.97 -665323977970.52 12159.3039445157 -4839.79969788337 -22756326.7281207 1687097.78754091
159231837.76778 1048542887191.48 -673421673508.549 12035.9717557511 -4760.29002145142 -22756326.7302336 1727184.21644525
160999904.252784 1069225112659.85 -681575589876.474 11913.7581260061 -4682.09235268203 -22756326.7322714 1768066.48500401
162809661.178378 1090181786045.88 -689785393765.119 11792.6486835923 -4605.17766936546 -22756326.7342369 1809756.92559464
164661928.50495 1111414426206.9 -698050730288.714 11672.6291212497 -4529.51767106405 -22756326.7361328 1852267.32657185
166557538.549505 1132924507400.31 -706371219508.461 11553.6852433986 -4455.0847855523 -22756326.7379618 1895610.04455474
168497336.772914 1154713463266.37 -714746458116.157 11435.802936895 -4381.85212758268 -22756326.7397265 1939798.22340925
170482180.687574 1176782692935.41 -723176021850.375 11318.9681342166 -4309.79345473296 -22756326.7414292 1984843.91465973
172512938.467067 1199133545580.69 -731659459652.245 11203.1668917614 -4238.88319533313 -22756326.7430722 2030757.77949268
174590494.119819 1221767302478.66 -740196287088.621 11088.3854708229 -4169.09647678318 -22756326.7446577 2077555.65275265
176715743.786777 1244685232095.2 -748786007294.414 10974.6100493782 -4100.40893053587 -22756326.746188 2125249.66695751
178889595.471796 1267888545277.63 -757428094027.514 10861.8269497506 -4032.79681337359 -22756326.7476651 2173851.68501903
181112971.031685 1291378389922.61 -766121989904.407 10750.022652668 -3966.23699687946 -22756326.7490909 2223375.55988951
183386804.663972 1315155869896.36 -774867113580.974 10639.1836973204 -3900.70689013233 -22756326.7504673 2273833.63228668
185712043.377176 1339222025792.44 -783662852746.499 10529.2967656812 -3836.1844733479 -22756326.7517962 2325238.71320402
188089649.364757 1363577837388.23 -792508565220.306 10420.3486604584 -3772.64826828721 -22756326.7530793 2377605.98758126
190520596.553491 1388224245455.32 -801403586956.588 10312.3262013509 -3710.07726265586 -22756326.7543183 2430947.18873417
193005874.206599 1413162112624.64 -810347217944.019 10205.2163925673 -3648.45099304287 -22756326.7555148 2485277.65310779
195546483.957736 1438392257758.07 -819338734731.009 10099.0062641392 -3587.74943870051 -22756326.7566704 2540609.75113657
198143439.337693 1463915422404.5 -828377378490.079 9993.68300889779 -3527.95308679172 -22756326.7577865 2596955.37995744
200797770.753591 1489732263822.3 -837462352832.261 9889.23399699172 -3469.04292619141 -22756326.7588646 2654331.41589815
203510520.008271 1515843401666.63 -846592840397.155 9785.64657741147 -3411.00032253398 -22756326.7599061 2712749.25467982
206282743.752778 1542249360332.58 -855767982659.279 9682.90830391366 -3353.80713356366 -22756326.7609122 2772223.74450718
209115514.701778 1568950600303.92 -864986891110.431 9581.0067988087 -3297.44562034633 -22756326.7618843 2832770.9489993
212009913.991668 1595947526195.71 -874248650034.477 9479.92971799947 -3241.89841731097 -22756326.7628236 2894399.28988994
214967043.474941 1623240411022.51 -883552290689.571 9379.66502461168 -3187.1486713666 -22756326.7637313 2957129.48327373
217988015.980749 1650829510086.12 -892896830476.803 9280.20055478782 -3133.1797928617 -22756326.7646084 3020972.50580736
221073956.501101 1678714965233.11 -902281240277.941 9181.52436547683 -3079.97563619093 -22756326.7654562 3085940.52035228
224226009.341337 1706896814173.18 -911704448032.881 9083.62468283736 -3027.52046028621 -22756326.7662755 3152052.84023621
227445329.654768 1735375052682.08 -921165359681.674 8986.48967685184 -2975.79879829095 -22756326.7670675 3219320.31343092
230733086.438862 1764149553833.33 -930662832242.333 8890.10773423005 -2924.79559489097 -22756326.7678331 3287756.78409368
234090466.315263 1793220092953.53 -940195682461.538 8794.46735758162 -2874.49614261228 -22756326.7685733 3357379.8764011
237518668.409191 1822586377660.75 -949762696767.938 8699.55705831948 -2824.88601714822 -22756326.7692889 3428202.09392826
241018906.571984 1852247999174.68 -959362615418.625 8605.36550817116 -2775.95114895304 -22756326.7699807 3500238.16279282
244592410.218019 1882204449041.66 -968994138205.409 8511.88147249835 -2727.67777988561 -22756326.7706498 3573503.64603528
248240422.474535 1912455122937.83 -978655925806.589 8419.09378924893 -2680.05244473346 -22756326.7712967 3648012.25651603
251964200.372247 1942999301636.45 -988346593842.217 8326.9914179579 -2633.06198900117 -22756326.7719224 3723777.89771205
255765019.64028 1973836149804.72 -998064712744.053 8235.563431101 -2586.69355688671 -22756326.7725275 3800819.26803225
259644164.739778 2004964752184.2 -1007808819274.75 8144.79889779346 -2540.93452554131 -22756326.7731127 3879145.09949829
263602938.169105 2036384028266.18 -1017577389909.88 8054.6871240968 -2495.7726198182 -22756326.7736788 3958773.42932746
267642657.954739 2068092805848.59 -1027368864168.07 7965.21742516921 -2451.19579039901 -22756326.7742264 4039719.78563386
271764656.673003 2100089796509.35 -1037181637000.56 7876.37918878742 -2407.19224005045 -22756326.7747561 4121998.71826354
275970280.439833 2132373584346.28 -1047014055488.19 7788.16189661672 -2363.75042819865 -22756326.7752686 4205623.76683021
280260891.523067 2164942614974.38 -1056864415727.71 7700.55514244633 -2320.85907383867 -22756326.7757645 4290611.08323349
284637864.761424 2197795212607.62 -1066730968231 7613.54857455176 -2278.5071214923 -22756326.7762442 4376973.23835736
289102597.746341 2230929549133.89 -1076611908809.52 7527.13196714806 -2236.68377060696 -22756326.7767085 4464732.98491657
293656488.891861 2264343717432.98 -1086505400573.64 7441.29501928687 -2195.37837314526 -22756326.7771576 4553891.14552036
298300965.180355 2298035563220.56 -1096409524235.72 7356.0277777372 -2154.5806323456 -22756326.7775924 4644476.28849388
303037459.26719 2332002889281.38 -1106322338804.23 7271.32010075518 -2114.2803397143 -22756326.7780131 4736494.08683497
307867419.927794 2366243281574.64 -1116241830492.01 7187.16209021057 -2074.46757767685 -22756326.7784203 4829960.66060396
312792317.162146 2400754183749.53 -1126165934982.24 7103.5438891228 -2035.13261772326 -22756326.7788144 4924897.23435214
317813629.850466 2435532928829.43 -1136092546524.47 7020.45559731178 -1996.26587703396 -22756326.7791958 5021312.6883207
322932851.144357 2470576647275.02 -1146019491697.17 6937.88748284694 -1957.8580137485 -22756326.7795651 5119221.29389035
328151490.008495 2505882302717.16 -1155944540070.51 6855.82988125149 -1919.89987501453 -22756326.7799225 5218638.8641385
333471073.509214 2541446698877.02 -1165865406362.93 6774.27316799578 -1882.38248035487 -22756326.7802685 5319583.50071902
338893143.663046 2577266490676.09 -1175779753622.46 6693.20772332079 -1845.29700206727 -22756326.7806035 5422070.15383128
344419249.449604 2613338158215.39 -1185685186063.9 6612.623981758 -1808.63478468167 -22756326.7809278 5526105.78655877
350050949.397386 2649657950641.14 -1195579234032.13 6532.51254346605 -1772.387391659 -22756326.7812419 5631699.94778205
355789837.443348 2686221901987.11 -1205459359033.58 6452.86412110356 -1736.54657673982 -22756326.7815459 5738888.04596109
361637507.912276 2723025994003.38 -1215322997750.33 6373.66917589734 -1701.10411748704 -22756326.7818403 5847670.46892835
367595568.033881 2760065923422.12 -1225167499143.92 6294.91841524712 -1666.05203665747 -22756326.7821253 5958060.1216049
373665651.852243 2797337181260.42 -1234990146502.86 6216.60260301965 -1631.38251295829 -22756326.7824013 6070083.81836208
379849383.147085 2834835134644.16 -1244788179041.34 6138.71237741925 -1597.0877979885 -22756326.7826686 6183731.29484176
386148431.00798 2872554793016.63 -1254558730938.79 6061.23872522452 -1563.16042251095 -22756326.7829275 6299047.86089497
392564453.876643 2910491145926.54 -1264298919617.92 5984.1722696223 -1529.59288071524 -22756326.7831782 6416022.86866368
399099129.178243 2948638816129.19 -1274005755902.88 5907.50397215423 -1496.37793557871 -22756326.783421 6534675.3015999
405754158.364055 2986992237467.66 -1283676190615.91 5831.22475167062 -1463.50844904066 -22756326.7836562 6655029.1858115
412531240.36072 3025545677491.18 -1293307120054.27 5755.32543057793 -1430.97735747587 -22756326.7838839 6777081.99666527
419432108.348942 3064293078259.1 -1302895346303.1 5679.79703628286 -1398.77779897518 -22756326.7841045 6900867.98822233
426458482.49273 3103228263992.63 -1312437629215.88 5604.63037986266 -1366.90293089293 -22756326.7843181 7026374.14378771
433612121.35254 3142344667225.64 -1321930619090.65 5529.81657466415 -1335.34614858507 -22756326.7845251 7153638.85980999
440894785.137608 3181635614407.47 -1331370926971.26 5455.3464704378 -1304.10084341854 -22756326.7847256 7282663.78506814
448308238.584963 3221094113950.7 -1340755073008.64 5381.21104783509 -1273.16056816118 -22756326.7849197 7413453.44735495
455854279.352828 3260712870847.34 -1350079490897.58 5307.40137156084 -1242.51901442529 -22756326.7851078 7546040.76786466
463534698.827789 3300484433346.52 -1359340562632.01 5233.90830261136 -1212.16989158245 -22756326.78529 7680419.4749615
471351320.145914 3340400978172.03 -1368534568173.3 5160.722883708 -1182.10708529411 -22756326.7854665 7816621.31812456
479305953.816207 3380454505656.45 -1377657731146.56 5087.8359632578 -1152.32450073582 -22756326.7856375 7954633.6702928
487400442.408593 3420636604811.12 -1386706165170.25 5015.23860960306 -1122.81623111837 -22756326.7858031 8094488.59238636
495636642.205154 3460938677790.13 -1395675925408.3 4942.9216857874 -1093.57638239113 -22756326.7859635 8236199.79656054
504016421.26298 3501351837698.29 -1404562985102.21 4870.87602141162 -1064.59914295567 -22756326.7861189 8379779.05782617
512541649.100771 3541866892944.22 -1413363232299.92 4799.09242403047 -1035.8787871859 -22756326.7862695 8525227.83779095
521214206.31794 3582474292622.71 -1422072458437.49 4727.56175796167 -1007.40970560341 -22756326.7864153 8672557.21716939
530036003.376995 3623164168900.2 -1430686368136.37 4656.27485051099 -979.186365960998 -22756326.7865566 8821797.05905494
539008964.70466 3663926417050.61 -1439200596014.74 4585.22233529278 -951.203250834421 -22756326.7866935 8972961.32766549
548134991.560549 3704750610705.98 -1447610688292.77 4514.39478439761 -923.454910050856 -22756326.7868261 9126026.85588857
557416052.82744 3745625829302.79 -1455912068010.85 4443.78298719277 -895.936068500236 -22756326.7869545 9281061.26689103
566854082.659673 3786541060409.86 -1464100117399.09 4373.37723471534 -868.641346074419 -22756326.7870789 9438029.83223275
576451052.964483 3827484732313.06 -1472170082784.43 4303.16810805476 -841.565564868223 -22756326.7871995 9596970.30481014
586208944.648668 3868445029573.64 -1480117138554.97 4233.14591319351 -814.703528919533 -22756326.7873163 9757891.6841854
596129745.075441 3909409756316.63 -1487936359546.85 4163.3008957318 -788.050107671301 -22756326.7874294 9920800.4267724
606215476.210074 3950366318594.1 -1495622717975.34 4093.62324860138 -761.600238484781 -22756326.7875389 10085731.1346335
616468152.476603 3991301830972.18 -1503171103260.35 4024.10290819777 -735.348849409671 -22756326.7876451 10252676.2665291
626889811.213247 4032202933077.25 -1510576287513.89 3954.72984288753 -709.290968872454 -22756326.7877479 10421658.7366438
637482518.839952 4073055905422.61 -1517832947180.2 3885.49383142056 -683.421641866711 -22756326.7878475 10592707.6267046
648248345.379724 4113846679500.86 -1524935663880.4 3816.38442062466 -657.735915262568 -22756326.7879439 10765826.5397726
659189388.34741 4154560726360.12 -1531878904260.95 3747.39108741661 -632.228898970397 -22756326.7880374 10941042.9676863
670307751.063658 4195183136923.38 -1538657033642.23 3678.5030745581 -606.895705562425 -22756326.7881279 11118362.7162473
681605591.967689 4235698527485.89 -1545264299443.8 3609.70952140326 -581.731499468325 -22756326.7882155 11297840.9040309
693085060.41258 4276091205120.52 -1551694857342.55 3540.99915181223 -556.731383973742 -22756326.7883004 11479468.4448913
704748340.42716 4316344918108.42 -1557942729596.68 3472.36066485144 -531.890545543387 -22756326.7883827 11663280.0145802
716597631.504018 4356442999812.02 -1564001827646.75 3403.78245574456 -507.20415318073 -22756326.7884623 11849291.0768579
728635200.56552 4396368283957.72 -1569865937729.17 3335.25272346037 -482.667399117885 -22756326.7885394 12037569.0615018
740863315.35858 4436103259776.2 -1575528741865.21 3266.7591644048 -458.275391289528 -22756326.7886141 12228114.7930602
753284302.325026 4475629825961.95 -1580983779721.56 3198.28935188434 -434.023291609281 -22756326.7886865 12420986.9664453
765900519.334402 4514929460945.04 -1586224471127.7 3129.83039738612 -409.906197588563 -22756326.7887565 12616217.009376
778714381.56969 4553983108061.49 -1591244097259 3061.3690992302 -385.919198179162 -22756326.7888244 12813862.2352887
791728341.256113 4592771230267.45 -1596035804923.73 2992.89179348928 -362.057324478981 -22756326.7888901 13013959.6864228
804944914.570482 4631273718440.3 -1600592591439.3 2924.3844568129 -338.3155892427 -22756326.7889537 13216573.3143692
818366658.104162 4669469941892.71 -1604907307156.46 2855.83255456251 -314.688937721367 -22756326.7890154 13421743.5336795
831996285.092631 4707338646284.95 -1608972639376.55 2787.22115511059 -291.172291258365 -22756326.7890751 13629626.9884693
845836521.411125 4744858240182.15 -1612781136907.94 2718.53433187045 -267.760347531886 -22756326.7891329 13840236.3184944
859890231.981475 4782006343021.5 -1616325154607.58 2649.75589571962 -244.447837345647 -22756326.7891888 14053710.5703493
874160307.1544 4818760089158.59 -1619596877813.19 2580.86874725746 -221.229309258558 -22756326.789243 14270075.1729247
888649895.999122 4855095775444.56 -1622588281462.56 2511.85542990741 -198.099322996617 -22756326.7892956 14489588.844722
903362180.564286 4890989401769.39 -1625291165576.43 2442.69699008929 -175.052074078503 -22756326.7893464 14712284.5651641
918300563.883417 4926416023670.66 -1627697088537.33 2373.37406883609 -152.081768806787 -22756326.7893957 14938383.3191316
933468618.879499 4961350150100.22 -1629797384824.93 2303.86599235509 -129.182329575737 -22756326.7894434 15168054.9960818
948870181.723964 4995765526585.82 -1631583131273.62 2234.15101560922 -106.347487259352 -22756326.7894896 15401562.8444652
964509211.475603 5029635249917.05 -1633045132239.4 2164.20588897455 -83.5706511847244 -22756326.7895344 15639029.7516389
980390158.343108 5062931351454.95 -1634173877569.33 2094.00649019688 -60.8451281006038 -22756326.7895777 15880946.8675044
996517639.029686 5095625465707.61 -1634959538845.12 2023.52615997954 -38.1635972999564 -22756326.7896198 16127480.6865785
1012896737.53598 5127687986371.79 -1635391904442.81 1952.73716235003 -15.5186017415345 -22756326.7896605 16379098.5062901
1029532976.54305 5159088532623.22 -1635460353925.46 1881.60933707998 7.09786748079308 -22756326.7897 16636239.007072
1046432485.69315 5189795686016.44 -1635153800900.46 1810.11023226482 29.694304377934 -22756326.7897383 16899509.1501011
1063601925.0183 5219777075709.47 -1634460628911.71 1738.20437929764 52.2798909176553 -22756326.7897754 17169439.3251541
1081048872.69972 5248998975877.25 -1633368622144.26 1665.85361887941 74.8643638033304 -22756326.7898113 17446947.6814176
1098781688.9516 5277426667344.3 -1631864860351.83 1593.01545805474 97.4584932240251 -22756326.7898462 17732816.2518808
1116809859.33391 5305023822919.92 -1629935622950.7 1519.64364953704 120.073858626827 -22756326.7898801 18028170.3823069
1135144292.36417 5331752632192.74 -1627566241643.41 1445.68675208244 142.723246540229 -22756326.789913 18334433.0302632
1153797464.63614 5357573695256.96 -1624740911985.38 1371.08691332809 165.420962460887 -22756326.7899449 18653172.2719674
1172783855.63079 5382445564051.74 -1621442490432.96 1295.77927951975 188.182937478337 -22756326.7899758 18986390.9946541
1192120545.81295 5406324544042.57 -1617652206834.92 1219.69022145061 211.027179633353 -22756326.7900059 19336690.1821563
1211827736.59273 5429164449015.41 -1613349274259.08 1142.73492340643 233.974389922657 -22756326.790035 19707190.7797781
1231929860.83039 5450915949056.99 -1608510429675.5 1064.81529323413 257.04844971857 -22756326.7900634 20102124.2376585
1252456701.33604 5471526193471.99 -1603109227401.53 985.815529956968 280.277562837278 -22756326.7900908 20526840.5056534
1273445368.59454 5490937825742.8 -1597115161221.56 905.597675567176 303.695338465331 -22756326.7901175 20988667.2585
1294942947.39561 5509088040903.36 -1590492326984.48 823.993790010755 327.342780731037 -22756326.7901433 21497578.8010739
1317010847.1287 5525906984103.36 -1583197537406.81 740.795516632207 351.270907567984 -22756326.7901682 22067899.7330859
1339731556.43615 5541315660689.19 -1575177365763.25 655.737005101804 375.545094016134 -22756326.7901922 22720709.3074527
1363220740.64257 5555222539394.2 -1566363508391.4 568.468476203476 400.251782270241 -22756326.7902152 23489184.206414
1387649514.23059 5567518409882.68 -1556664722836.06 478.509052223807 425.510553092488 -22756326.7902369 24428773.5880212
1413291672.97245 5578067240980.34 -1545952056306.33 385.160157482298 451.496325309021 -22756326.7902569 25642158.7418636
1440641075.69236 5586688959363.17 -1534028072242.53 287.322397920754 478.486522937996 -22756326.7902745 27349402.719911
1470793329.43744 5593120994063.17 -1520551470939.92 183.041630354999 506.978444025529 -22756326.7902875 30152253.7450783
1507366062.66635 5596906539048.69 -1504795371282.07 68.0361838674189 538.071422762154 -22756326.7902895 36572733.2289065
1542045441.22186 5596969497680.37 -1485520588444.03 -64.4617274216988 573.466627552242 -22756326.7902502 34679378.5555142
1570540661.46692 5593577738391.62 -1468768303587 -173.656643936716 602.293832495501 -22756326.7902179 28495220.2450547
1596647984.91056 5587734155861.54 -1452701211583.74 -274.068770866623 628.529550015705 -22756326.7901869 26107323.4436397
1621281415.9611 5579811825334.27 -1436914875740.94 -369.222404313208 653.150550304078 -22756326.7901563 24633431.0505411
1644844714.92961 5570035004316.82 -1421248063234.49 -460.691689016062 676.597753324231 -22756326.7901255 23563298.9685109
1667563474.25644 5558562319567.14 -1405620590447.41 -549.368013557378 699.123040683626 -22756326.7900945 22718759.326829
1689580233.05013 5545516279111.91 -1389988454229.31 -635.823375994796 720.889264308107 -22756326.790063 22016758.7936919
1710992412.2804 5530996859004.25 -1374326446670.62 -720.455507914852 742.010375686868 -22756326.790031 21412179.2302717
1731870307.51104 5515088822555.32 -1358620156132.52 -803.556818399255 762.570581269816 -22756326.7899984 20877895.2306422
1752266753.80129 5497866030398.01 -1342861779640.69 -885.351506337258 782.634694027244 -22756326.7899651 20396446.2902429
1772222572.67798 5479394341704.76 -1327047892832.02 -966.016492198753 802.254022137305 -22756326.789931 19955818.8766944
1791770161.34743 5459733398356.34 -1311177950211.51 -1045.69527052117 821.470253802818 -22756326.7898962 19547588.6694529
1810935902.13171 5438937761111.13 -1295253265880.57 -1124.5072664918 840.318074827889 -22756326.7898604 19165740.7842745
1829741403.01789 5417058147748.47 -1279276662408.85 -1202.55259072808 858.826569116132 -22756326.7898237 18805500.8861805
1848204772.02616 5394141937206.2 -1263251908902.67 -1279.91703439299 877.020607003133 -22756326.7897859 18463369.0082762
1866341336.60953 5370233758262.87 -1247183485448.69 -1356.67486984375 894.921656714365 -22756326.7897471 18136564.5833707
1884164310.31178 5345375768785.84 -1231076296129.12 -1432.89149947812 912.548522315773 -22756326.7897072 17822973.7022445
1901685129.6299 5319608088617.33 -1214935601626.04 -1508.62476493133 929.917740761838 -22756326.7896661 17520819.3181249
1918913736.51351 5292969136666.49 -1198766955682.61 -1583.92604427575 947.043912743359 -22756326.7896238 17228606.8836098
1935858931.10129 5265495701568.3 -1182576034885.41 -1658.84168766213 963.940094582541 -22756326.7895801 16945194.5877743
1952528552.82285 5237223134196.65 -1166368593191.75 -1733.41374235596 980.618013705148 -22756326.7895351 16669621.7215585
1968929700.36766 5208185375788.85 -1150150353512.1 -1807.68087558919 997.088318194706 -22756326.7894887 16401147.5448096
1985068659.60121 5178415427266.49 -1133927168646.24 -1881.67799254176 1013.36052914018 -22756326.7894408 16138959.2335505
2000951256.15231 5147945011701.5 -1117704747993.13 -1955.43778701296 1029.44341596484 -22756326.7893914 15882596.5511079
2016582796.2814 5116804909157.68 -1101488777174.46 -2028.99044512529 1045.34495615073 -22756326.7893404 15631540.1290841
2031968143.26155 5085025027335.82 -1085284896877.84 -2102.36395983036 1061.07242804794 -22756326.7892878 15385346.9801471
2047111879.4062 5052634247543.36 -1069098579856.96 -2175.5848742009 1076.63259043675 -22756326.7892334 15143736.144657
2062018236.42317 5019660716593.62 -1052935243845.78 -2248.67793179193 1092.03162425236 -22756326.7891772 14906357.0169705
2076691218.99994 4986131717415.84 -1036800155318.05 -2321.66665438693 1107.27527066253 -22756326.7891192 14672982.5767713
2091134537.13883 4952073940684.55 -1020698535107.07 -2394.57298911378 1122.36877071399 -22756326.7890592 14443318.1388904
2105351775.34045 4917513199246.89 -1004635399510.9 -2467.41813808531 1137.3170501846 -22756326.7889973 14217238.201617
2119346321.29743 4882474677407.33 -988615662174.096 -2540.22219670812 1152.12465395735 -22756326.7889333 13994545.9569735
2133121351.17458 4846983061712.44 -972644175390.611 -2613.00405288603 1166.79573652339 -22756326.7888672 13775029.8771578
2146680035.34337 4811062084460.43 -956725511345.259 -2685.78246343817 1181.33428752623 -22756326.7887989 13558684.168788
2160025320.3663 4774735144897.3 -940864231381.613 -2758.57490042358 1195.74390604527 -22756326.7887283 13345285.0229324
2173160106.20184 4738024905344.88 -925064695289.008 -2831.39848738019 1210.02799533581 -22756326.7886553 13134785.8355395
2186087224.85111 4700953385437.59 -909331097795.929 -2904.26989731104 1224.18974647571 -22756326.7885799 12927118.6492668
2198809350.99031 4663542267132.22 -893667590637.541 -2977.20484298874 1238.23204491178 -22756326.788502 12722126.1391956
2211329167.8298 4625812459409.38 -878078092053.979 -3050.2190118139 1252.15765666283 -22756326.7884214 12519816.8394897
2223649254.32499 4587784459778.28 -862566434726.304 -3123.32742858787 1265.96910874406 -22756326.7883382 12320086.495199
2235772134.875 4549478245031.82 -847136314785.924 -3196.54473659443 1279.66874743494 -22756326.7882522 12122880.5500062
2247700280.45047 4510913298296.54 -831791299150.404 -3269.88520538499 1293.2587430484 -22756326.7881632 11928145.5754702
2259436153.21884 4472108489485.98 -816534775596.592 -3343.36301167341 1306.74114443091 -22756326.7880713 11735872.7683717
2270982144.11906 4433082301214.4 -801370040259.957 -3416.99186027981 1320.11781106176 -22756326.7879764 11545990.9002198
2282340606.7834 4393852745351.4 -786300261412.091 -3490.78519132148 1333.39045414377 -22756326.7878782 11358462.6643331
2293513868.50398 4354437345876.81 -771328471160.701 -3564.75625595565 1346.56065211602 -22756326.7877768 11173261.7205846
2304504230.76436 4314853154313.96 -756457570236.709 -3638.91812785025 1359.6298540343 -22756326.7876719 10990362.2603794
2315313951.06338 4275116833884.33 -741690358206.395 -3713.28358406261 1372.59936013236 -22756326.7875636 10809720.2990229
2325945282.35242 4235244533086.92 -727029485066.001 -3787.86537803304 1385.47037096563 -22756326.7874516 10631331.2890394
2336400444.2403 4195252004749.89 -712477495003.45 -3862.67605091227 1398.24395512299 -22756326.7873359 10455161.8878752
2346681624.25639 4155154619197.09 -698036829792.226 -3937.72793953047 1410.92105201185 -22756326.7872163 10281180.0160892
2356790997.20897 4114967303863.24 -683709806150.037 -4013.03332012745 1423.50249708521 -22756326.7870927 10109372.9525822
2366730724.48924 4074704555785.97 -669498620274.181 -4088.60441465859 1435.98902287225 -22756326.786965 9939727.28026878
2376502927.89675 4034380560125.25 -655405389195.928 -4164.45319645587 1448.38122730923 -22756326.786833 9772203.40751564
2386109734.47689 3994009019134.24 -641432090211.274 -4240.59173836298 1460.6796313221 -22756326.7866965 9606806.58014291
2395553241.10266 3953603306794.44 -627580615076.308 -4317.03194828488 1472.88463526338 -22756326.7865556 9443506.62576319
2404835540.35409 3913176370010.95 -613852735659.594 -4393.7857807852 1484.99655294511 -22756326.7864099 9282299.25143055
2413958686.73965 3872740884320.47 -600250156903.673 -4470.86496603554 1497.0155684636 -22756326.7862593 9123146.38556586
2422924747.03276 3832309042358.07 -586774445186.789 -4548.28143551534 1508.9418027245 -22756326.7861037 8966060.29310432
2431735742.60624 3791892818294.05 -573427117223.703 -4626.04684040255 1520.7752379255 -22756326.7859429 8810995.57347644
2440393698.11585 3751503758602.39 -560209569988.373 -4704.17297319085 1532.51578233772 -22756326.7857767 8657955.50961726
2448900624.70546 3711153062969.01 -547123108209.217 -4782.67163573223 1544.16324865795 -22756326.7856049 8506926.58960291
2457258512.62092 3670851627059.07 -534168958329.112 -4861.55457712502 1555.71734398687 -22756326.7854274 8357887.91546276
2465469338.68019 3630610015151.2 -521348259609.776 -4940.83356692068 1567.17767991777 -22756326.7852439 8210826.05926818
2473535058.76582 3590438504204.82 -508662078281.529 -5020.5203280967 1578.54376188369 -22756326.7850543 8065720.08563701
2481457636.62476 3550346946122.02 -496111364405.474 -5100.62683088394 1589.81502967012 -22756326.7848583 7922577.85893484
2489238986.33331 3510345063239.75 -483697044944.888 -5181.16472361151 1600.99077555981 -22756326.7846558 7781349.70854728
2496881042.95918 3470442096839.41 -471419913962.857 -5262.14605426465 1612.07024440826 -22756326.7844464 7642056.62587366
2504385706.09181 3430647100512.98 -459280724389.235 -5343.58270137496 1623.05255244232 -22756326.7842301 7504663.13262695
2511754874.15288 3390968768325.24 -447280135136.18 -5425.48673994562 1633.93673603607 -22756326.7840064 7369168.06107759
2518990410.80932 3351415619958.39 -435418767576.282 -5507.87007901613 1644.72170149373 -22756326.7837753 7235536.65643868
2526094190.74061 3311995758641.77 -423697132773.843 -5590.74498078566 1655.40629187648 -22756326.7835363 7103779.93128308
2533068047.59401 3272717161172.69 -412115718679.76 -5674.12347386592 1665.98920832236 -22756326.7832893 6973856.85340885
2539913830.85504 3233587366649.53 -400674897994.071 -5758.01802675361 1676.46909451827 -22756326.783034 6845783.26102995
2546633349.23182 3194613799490.96 -389375023831.58 -5842.44088083969 1686.84444960619 -22756326.78277 6719518.3767751
2553228407.70771 3155803565721.54 -378216369911.838 -5927.40450002114 1697.11368295119 -22756326.7824971 6595058.4758902
2559700794.92524 3117163528976.04 -367199153202.17 -6012.92142618005 1707.27509339485 -22756326.782215 6472387.21753535
2566052283.04636 3078700316705.67 -356323535871.015 -6099.00428160789 1717.32686722412 -22756326.7819234 6351488.12111562
2572284638.72973 3040420257579.24 -345589608004.393 -6185.66592758555 1727.26709380525 -22756326.7816218 6232355.68337432
2578399594.88253 3002329559092.5 -334997437772.244 -6272.919080135 1737.09371860873 -22756326.78131 6114956.15279167
2584398883.94178 2964434108494.16 -324547015739.651 -6360.77677581592 1746.80459404867 -22756326.7809876 5999289.05925713
2590284220.78568 2926739580958.57 -314238285664.319 -6449.2521457287 1756.39745012848 -22756326.7806543 5885336.84389933
2596057302.61411 2889251445705.96 -304071146291.68 -6538.35841601945 1765.86989169897 -22756326.7803095 5773081.82842541
2601719813.95361 2851974938147.59 -294045444023.168 -6628.10899006734 1775.21940406732 -22756326.779953 5662511.33950059
2607273421.24615 2814915099229.87 -284160983859.089 -6718.5173715392 1784.44334141381 -22756326.7795844 5553607.29254031
2612719782.50284 2778076715036.52 -274417513592.48 -6809.5973288581 1793.53893997154 -22756326.779203 5446361.25669189
2618060532.2419 2741464421594.13 -264814752000.312 -6901.36265573756 1802.50328996241 -22756326.7788087 5340749.73905856
2623297286.51208 2705082677409.71 -255352381437.972 -6993.82724941167 1811.33334057275 -22756326.7784007 5236754.27017816
2628431656.57373 2668935671855.09 -246030024372.393 -7087.00536141213 1820.02591973831 -22756326.7779788 5134370.06165716
2633465220.96008 2633027524676.4 -236847295286.945 -7180.91110278541 1828.57768343206 -22756326.7775423 5033564.38634498
2638399566.03665 2597362002824.75 -227803728164.491 -7275.55919500715 1836.98518073721 -22756326.7770907 4934345.07657126
2643236245.22968 2561942813691.93 -218898851975.71 -7370.96422395324 1845.24478079968 -22756326.7766235 4836679.19303439
2647976796.98069 2526773483033.9 -210132159341.043 -7467.14096895989 1853.35269918358 -22756326.7761402 4740551.75100455
2652622752.69168 2491857298309.69 -201503092905.908 -7564.10457890569 1861.30500729487 -22756326.7756401 4645955.71099246
2657175615.58349 2457197470166.34 -193011085691.827 -7661.87014416923 1869.09759179421 -22756326.7751226 4552862.89180957
2661636885.20074 2422796952042.47 -184655516750.467 -7760.45321416271 1876.72619190837 -22756326.774587 4461269.61724462
2666008044.56957 2388658538814.32 -176435736040.251 -7859.86954567897 1884.18637257424 -22756326.7740328 4371159.36882968
2670290548.61174 2354784962980.78 -168351087500.821 -7960.13483276846 1891.47349964663 -22756326.7734591 4282504.04217035
2674485843.49792 2321178748446.31 -160400873862.132 -8061.26514425981 1898.58276775031 -22756326.7728654 4195294.88617994
2678595365.83184 2287842217238.99 -152584359031.658 -8163.27693342074 1905.50919321692 -22756326.7722509 4109522.33392835
2682620527.66109 2254777613776.53 -144900797620.525 -8266.18667874198 1912.24758299022 -22756326.7716147 4025161.82924727
2686562730.90239 2221986992164.48 -137349408620.205 -8370.01124304274 1918.79255301937 -22756326.7709561 3942203.24130166
2690423351.27655 2189472352931.28 -129929407187.626 -8474.76745937041 1925.13849535509 -22756326.7702742 3860620.37415148
2694203760.66623 2157235460173.15 -122639962819.24 -8580.47272880822 1931.27960876039 -22756326.7695682 3780409.38968813
2697905311.17458 2125277977241.53 -115480230876.526 -8687.14460989607 1937.20986543462 -22756326.7688371 3701550.50834462
2701529336.81781 2093601457459.82 -108449350420.336 -8794.80085884945 1942.92300706003 -22756326.76808 3624025.64323086
2705077156.64795 2062207321061.02 -101546439176.894 -8903.45952171938 1948.41254264074 -22756326.7672959 3547819.8301449
2708550077.51777 2031096833331.8 -94770589083.077 -9013.13903189251 1953.67174499775 -22756326.7664839 3472920.86981545
2711949386.04714 2000271179437.34 -88120882889.0526 -9123.85796722671 1958.69363054215 -22756326.7656427 3399308.52937114
2715276354.67238 1969731414521.98 -81596383339.9934 -9235.63523905088 1963.4709605254 -22756326.7647714 3326968.62524124
2718532238.43043 1939478496412.36 -75196140398.0623 -9348.48999140576 1967.99622788222 -22756326.7638688 3255883.75805179
2721718281.90962 1909513224309.71 -68919178488.8614 -9462.44184844973 1972.26165802007 -22756326.7629336 3186043.47918512
2724835710.34242 1879836324610.97 -62764514901.4206 -9577.51061429902 1976.25918710398 -22756326.7619646 3117428.4328033
2727885732.41007 1850448429343.66 -56731155206.9639 -9693.71636439446 1979.98045695053 -22756326.7609604 3050022.0676503
2730869545.37049 1821350029920.15 -50818083984.0826 -9811.07964785496 1983.41681130456 -22756326.7599199 2983812.96041638
2733788326.79033 1792541560307.13 -45024282042.4686 -9929.62117573831 1986.5592755772 -22756326.7588414 2918781.41984289
2736643240.99413 1764023338196.45 -39348714515.6645 -10049.3620717747 1989.39855405158 -22756326.7577236 2854914.2037972
2739435438.64913 1735795571418.37 -33790332497.7783 -10170.3238713198 1991.92501769728 -22756326.7565648 2792197.65499717
2742166052.82182 1707858400972.71 -28348081719.6723 -10292.528357029 1994.12868896027 -22756326.7553636 2730614.17269331
2744836203.66059 1680211857140.27 -23020894048.0891 -10415.9977647027 1995.9992341375 -22756326.7541182 2670150.83877561
2747446995.68609 1652855890096.88 -17807693684.4048 -10540.7546713375 1997.52594843006 -22756326.7528269 2610792.02549348
2749999518.75063 1625790363441.17 -12707396048.859 -10666.8220418815 1998.69774383786 -22756326.7514879 2552523.06454041
2752494846.70352 1599015071810.78 -7718911232.62863 -10794.2231651825 1999.50313533372 -22756326.7500992 2495327.95289209
2754934037.2953 1572529746039.89 -2841144965.41765 -10922.9816415702 1999.93022790985 -22756326.748659 2439190.59178078
2757318138.32532 1546333989458.52 1927012921.70614 -11053.1217137189 1999.96670305984 -22756326.7471651 2384101.03001648
2759648180.85148 1520427354127.41 6586674169.55344 -11184.6679223018 1999.59980168877 -22756326.7456154 2330042.52616699
2761925181.16947 1494809323197.45 11138955307.4495 -11317.6452057941 1998.81630960808 -22756326.7440077 2277000.31798767
2764150140.62091 1469479316639.73 15584976544.0476 -11452.0788876213 1997.60254194152 -22756326.7423397 2224959.45143813
2766324047.3152 1444436675024.31 19925864493.5149 -11587.9947808534 1995.94432569415 -22756326.7406088 2173906.69429294
2768447873.95816 1419680687604.86 24162747133.8479 -11725.4190574268 1993.82698383156 -22756326.7388126 2123826.6429584
2770522582.24628 1395210544358.15 28296761878.0166 -11864.3785344362 1991.23531291298 -22756326.7369484 2074708.28811805
2772549116.16365 1371025417637.87 32329041522.2886 -12004.9002376415 1988.15357160678 -22756326.7350135 2026533.91736555
2774528409.86283 1347124372389.62 36260729271.7932 -12147.0119324013 1984.56545122825 -22756326.7330049 1979293.69918595
2776461380.29775 1323506457141.21 40092963415.6355 -12290.7416167351 1980.45406651428 -22756326.7309196 1932970.43492188
2778348932.27851 1300170646913.58 43826886732.5106 -12436.1178724792 1975.80192707997 -22756326.7287545 1887551.98075663
2780191958.0458 1277115850794.78 47463644980.5535 -12583.1698495173 1970.59091472419 -22756326.7265064 1843025.76729121
2781991335.37294 1254340938681.23 51004382510.6408 -12731.9271189433 1964.80226565262 -22756326.7241718 1799377.32713458
2783747928.20862 1231844737057.04 54450242934.1685 -12882.4197124839 1958.41654682288 -22756326.7217471 1756592.83568863
2785462589.43171 1209625996767.35 57802373909.2427 -13034.6783609381 1951.41362123203 -22756326.7192285 1714661.22308581
2787136157.47947 1187683439143.91 61061919912.4324 -13188.7342097714 1943.77263414099 -22756326.7166123 1673568.04776396
2788769456.26147 1166015761468.97 64230021532.4347 -13344.6187857733 1935.47199078876 -22756326.7138942 1633298.78200033
2790363300.572 1144621568402.27 67307825390.8144 -13502.3645105664 1926.48930190212 -22756326.7110701 1593844.31052613
2791918490.04163 1123499454937.72 70296471812.9626 -13662.0041314103 1916.80138454611 -22756326.7081355 1555189.46963187
2793435813.69448 1102647948600.92 73197103072.5864 -13823.5711659087 1906.38420748762 -22756326.7050857 1517323.65285113
2794916045.36291 1082065575217.57 76010854047.7353 -13987.099420415 1895.21289048027 -22756326.7019158 1480231.66842592
2796359948.0736 1061750802303.99 78738860095.891 -14152.6234410426 1883.26164448426 -22756326.698621 1443902.7106921
2797768272.97483 1041702056399.32 81382254432.9425 -14320.1784089806 1870.50374367488 -22756326.6951957 1408324.90123026
2799141758.72274 1021917734890.67 83942166452.2423 -14489.8000644 1856.91149633579 -22756326.6916345 1373485.74791094
2800481132.11561 1002396200263.48 86419722410.9473 -14661.5247729594 1842.45620405148 -22756326.6879315 1339373.39286968
2801787107.79741 983135787612.593 88816044382.2468 -14835.3894800849 1827.10812812981 -22756326.6840808 1305975.68180293
2803060389.90031 964134783461.17 91132252766.3174 -15011.4319254119 1810.83643120389 -22756326.6800759 1273282.10289094
2804301669.47868 945391466863.544 93369461108.4584 -15189.6902897684 1793.60916801888 -22756326.6759103 1241279.57837652
2805511626.49387 926904083410.102 95528779280.4931 -15370.2034461725 1775.39322141436 -22756326.671577 1209957.0151892
2806690930.20107 908670842064.455 97611313671.3408 -15553.0110192 1756.1542509043 -22756326.6670688 1179303.70720136
2807840238.03526 890689935292.406 99618164741.9539 -15738.1532086882 1735.85666431539 -22756326.6623781 1149307.83418772
2808960196.5723 872959527484.958 101550428294.127 -15925.6709218113 1714.46355643064 -22756326.657497 1119958.53704082
2810051441.64277 855477756076.249 103409195209.715 -16115.6057859679 1691.93665664418 -22756326.6524172 1091245.0704644
2811114597.99175 838242740040.631 105195550437.029 -16308.0000781088 1668.23628473236 -22756326.6471301 1063156.34898964
2812150279.20607 821252584484.294 106910572488.718 -16502.896685508 1643.32130238668 -22756326.6416266 1035681.21431159
2813159088.96956 804505363269.307 108555335129.492 -16700.3393210489 1617.14902935298 -22756326.6358971 1008809.76348977
2814141620.19964 787999136077.649 110130905524.093 -16900.3723504334 1589.6752053315 -22756326.6299317 982531.230084507
2815098455.57054 771731942902.281 111638344713.234 -17103.0408723434 1560.85391776265 -22756326.6237202 956835.370902858
2816030167.36062 755701809727.35 113078706994.567 -17308.3906655792 1530.63754457537 -22756326.6172516 931711.790076302
2816937317.72881 739906747002.485 114453040003.09 -17516.4682214616 1498.97668256452 -22756326.6105144 907150.368190085
2817820458.90835 724344749367.214 115762384649.341 -17727.3207632376 1465.82007396895 -22756326.6034969 883141.179544045
2818680133.22312 709013798437.87 117007774795.076 -17940.9962239213 1431.11453621956 -22756326.5961865 859674.314765926
2819516873.44579 693911859492.687 118190237433.196 -18157.5433073126 1394.80487493799 -22756326.5885702 836740.222674233
2820331202.2528 679036894417.428 119310791594.915 -18377.0113148595 1356.83383265692 -22756326.5806346 814328.807007602
2821123633.42767 664386842982.106 120370449719.116 -18599.4504280625 1317.1419569512 -22756326.572365 792431.174871465
2821894670.91352 649959643135.278 121370216026.303 -18824.911421893 1275.66756166821 -22756326.5637468 771037.485845299
2822644809.63039 635753219077.823 122311087333.761 -19053.4458504638 1232.34660267 -22756326.5547642 750138.716871158
2823374535.21172 621765489204.124 123194052416.026 -19285.1059320331 1187.11260253034 -22756326.5454006 729725.581332635
2824084324.38446 607994361976.817 124020092205.532 -19519.9446205498 1139.89653646007 -22756326.5356394 709789.172735298
2824774644.72409 594437743755.074 124790179243.287 -19758.0154766244 1090.62675289935 -22756326.5254622 690320.33963489
2825445955.432 581093526667.861 125505278304.808 -19999.3728804735 1039.2288196176 -22756326.5148503 671310.707911753
2826098706.60319 567959606060.566 126166345338.402 -20244.071724618 985.625472049157 -22756326.5037841 652751.171184383
2826733339.9712 555033868883.347 126774328051.953 -20492.1676149343 929.736450892021 -22756326.4922429 634633.368006947
2827350288.86085 542314197555.89 127330165608.733 -20743.7167994747 871.47838984098 -22756326.4802053 616948.889652567
2827949978.27139 529798471301.954 127834788485.443 -20998.776136005 810.764689895463 -22756326.4676487 599689.410543781
2828532824.8393 517484570059.133 128289118254.987 -21257.4029990013 747.505402749486 -22756326.4545493 582846.567906131
2829099237.28801 505370368117.35 128694067764.631 -21519.6553960179 681.607056955053 -22756326.4408826 566412.448708378
2829649616.26055 493453740642.735 129050540807.114 -21785.5918156684 612.972541422592 -22756326.4266228 550378.972542005
2830184354.47517 481732563489.943 129359432082.55 -22055.2712046457 541.500951776656 -22756326.4117427 534738.214619744
2830703837.01288 470204709971.49 129621627209.806 -22328.7530162732 467.087408735692 -22756326.3962141 519482.53771059
2831208441.29046 458868054416.867 129838002538.901 -22606.0971022953 389.622908824493 -22756326.3800072 504604.277579107
2831698537.12166 447720473906.573 130009425054.407 -22887.3636332145 308.994160839733 -22756326.3630913 490095.831198712
2832174486.99413 436759845060.165 130136752355.173 -23172.6131378697 225.083379018191 -22756326.3454339 475949.87247084
2832636645.95475 425984049693.225 130220832497.818 -23461.9063132653 137.768132477484 -22756326.3270009 462158.960620094
2833085361.96119 415390969753.165 130262503980.516 -23755.3041037793 46.921105976864 -22756326.307757 448716.006442535
2833520975.78363 404978492615.833 130262595618.269 -24052.8675011959 -47.5900671987894 -22756326.2876652 435613.82243421
2833943821.18281 394744509982.398 130221926493.742 -24354.6575033514 -145.903030023059 -22756326.2666868 422845.399186487
2834354225.15665 384686914928.884 130141305853.124 -24660.7351297917 -248.160959716006 -22756326.2447812 410403.97384324
2834752507.84101 374803607294.825 130021533036.387 -24971.161182555 -354.512755422791 -22756326.2219062 398282.68435214
2835138982.66015 365092493102.301 129863397419.397 -25285.996165062 -465.113288405332 -22756326.1980177 386474.819145721
2835513956.55395 355551481894.889 129667678284.602 -25605.3002668892 -580.123691788851 -22756326.1730694 374973.8937958
2835877729.96369 346178490060.267 129435144773.662 -25929.1331472124 -699.71159569509 -22756326.1470135 363773.409744063
2836230596.92383 336971441563.439 129166555832.917 -26257.5537813841 -824.051397831158 -22756326.1197995 352866.960136184
2836572845.25052 327928266091.514 128862660074.986 -26590.6203886292 -953.324582109606 -22756326.0913751 342248.326694257
2836904756.55628 319046901673.176 128524195760.159 -26928.3901885851 -1087.7199909937 -22756326.0616858 331911.305761259
2837226606.44572 310325292495.778 128151890621.242 -27270.919318112 -1227.43417864212 -22756326.0306746 321849.889434835
2837538664.50927 301761392068.205 127746461882.052 -27618.2625307381 -1372.67169833648 -22756325.9982821 312058.063552711
2837841194.49692 293353161531.84 127308616088.503 -27970.4730632252 -1523.64547768069 -22756325.964447 302529.987652378
2838134454.37043 285098571217.174 126839049072.539 -28327.6023565529 -1680.57715714319 -22756325.9291047 293259.873505904
2838418696.4006 276995600966.741 126338445869.739 -28689.6998022496 -1843.69746167435 -22756325.8921887 284242.030172862
2838694167.34421 269042238107.374 125807480471.934 -29056.8125764168 -2013.24663928783 -22756325.8536294 275470.943602805
2838961108.39084 261236481973.491 125246815992.965 -29428.9851536159 -2189.47478156908 -22756325.813355 266941.046636602
2839219755.42133 253576339438.544 124657104244.423 -29806.2592058534 -2372.64234985352 -22756325.7712908 258647.030489326
2839470338.96295 246059829188.91 124038985901.581 -30188.6730667642 -2563.02053003626 -22756325.7273594 250583.541620492
2839713084.36318 238684979593.404 123393090212.363 -30576.2614686238 -2760.89174857204 -22756325.6814805 242745.400230948
2839948211.86422 231449829420.053 122720034897.148 -30969.0551135581 -2966.55014566671 -22756325.6335716 235127.501037604
2840175936.65806 224352429162.738 122020426118.857 -31367.0801702466 -3180.30204555335 -22756325.5835466 227724.793840164
2840396469.02184 217390839865.192 121294858214.973 -31770.3578678224 -3402.46651785647 -22756325.5313178 220532.363774874
2840610014.38964 210563133840.802 120543913588.329 -32178.9039488388 -3633.37590932796 -22756325.4767939 213545.367805118
2840816773.44423 203867394747.555 119768162529.694 -32592.7281126173 -3873.37641592938 -22756325.4198815 206759.054589598
2841016942.18478 197301718405.7 118968163118.791 -33011.8333638272 -4122.82865027998 -22756325.3604846 200168.740546456
2841210712.0367 190864212219.986 118144460954.623 -33436.2153945553 -4382.10828179265 -22756325.2985048 193769.851917834
2841398269.93416 184552995429.396 117297588959.836 -33865.8618621337 -4651.60667478041 -22756325.2338419 187557.897464493
2841579798.3992 178366199443.901 116428067187.041 -34300.751598735 -4931.7315464552 -22756325.1663933 181528.465038973
2841755475.61838 172301968241.551 115536402626.289 -34740.8537479088 -5222.90764463818 -22756325.0960547 175677.219186128
2841925475.5364 166358458153.975 114623088910.415 -35186.1268722132 -5525.57747891585 -22756325.0227206 169999.918018455
2842089967.953 160533837467.132 113688605958.416 -35636.5180022629 -5840.20209444945 -22756324.9462843 164492.416594168
2842249118.57096 154826287712.471 112733419865.76 -36091.9614720751 -6167.26178373655 -22756324.8666383 159150.617965527
2842403089.1078 149234002686.988 111757982417.639 -36552.3778348742 -6507.25694429495 -22756324.7836761 153970.536839586
2842552037.37516 143755188546.319 110762730730.792 -37017.6726030055 -6860.70891560879 -22756324.6972899 148948.267356163
2842696117.31833 138388065361.096 109748087149.533 -37487.7347495616 -7228.16074233913 -22756324.6073745 144079.943168521
2842835479.15306 133130865059.724 108714458454.224 -37962.4353992784 -7610.17819947165 -22756324.5138263 139361.834728199
2842970269.41803 127981832415.26 107662235573.644 -38441.6261380538 -8007.35065819925 -22756324.4165436 134790.264970469
2843100631.0473 122939225296.779 106591793143.45 -38925.1372388924 -8420.29201883046 -22756324.3154299 130361.629277731
2843226703.46816 118001313906.015 105503488805.82 -39412.7758331977 -8849.64175632433 -22756324.2103934 126072.420853213
2843348622.65926 113166381505.919 104397662771.389 -39904.3237752757 -9296.06587692123 -22756324.101348 121919.191103884
2843466521.2405 108432723900.268 103274637063.507 -40399.5354447988 -9760.25800560068 -22756323.9882162 117898.581239672
2843580528.54868 103798649425.264 102134714806.467 -40898.1353033621 -10242.9404634217 -22756323.8709301 114007.308178034
2843690770.72094 99262478600.3603 100978179360.662 -41399.8152709349 -10744.8654102504 -22756323.7494323 110242.172257258
2843797370.76799 94822544163.1983 99805293470.5574 -41904.2318244666 -11266.8159797848 -22756323.6236804 106600.047054604
2843900448.65434 90477190800.0639 98616298250.0787 -42411.0028679519 -11809.6074754943 -22756323.4936461 103077.88635307
2844000121.373 86224775085.5211 97411412123.9859 -42919.7042913201 -12374.0885705657 -22756323.3593218 99672.7186557318
2844096503.03325 82063664850.0043 96190829495.4284 -43429.866280623 -12961.1426113794 -22756323.2207201 96381.66024839
2844189704.93573 77992239067.5452 94954719423.505 -43940.9692187141 -13571.6888877701 -22756323.0778784 93201.9024832193
2844279835.65456 74008887437.8043 93703224068.8215 -44452.4392345006 -14206.6839716506 -22756322.9308624 90130.7188311288
2844367001.12901 70112009533.5002 92436456824.6921 -44963.6433803921 -14867.1231629944 -22756322.7797706 87165.474448368
2844451304.74016 66300014608.6919 91154500453.3557 -45473.884247978 -15554.0418703163 -22756322.624737 84303.611153004
2844532847.40769 62571320520.2914 89857404706.9749 -45982.3941651464 -16268.5171794011 -22756322.4659369 81542.667531581
2844611727.6662 58924353593.0045 88545184001.8353 -46488.3286677202 -17011.6692950887 -22756322.3035915 78880.2585067935
2844688041.7769 55357546899.094 87217814233.9124 -46990.7595122352 -17784.6633373081 -22756322.1379721 76314.1107016017
2844761883.81912 51869339493.713 85875229551.1668 -47488.6667977435 -18588.7110319605 -22756321.9694083 73842.042217336
2844833345.79569 48458175069.2282 84517318493.8729 -47980.9302992347 -19425.0725975827 -22756321.7982907 71461.9765724086
2844902517.75196 45122500036.5226 83143919393.3981 -48466.3198918366 -20295.0588858101 -22756321.6250803 69171.956268177
2844969487.88302 41860762273.0076 81754815435.9073 -48943.484735308 -21200.0334937415 -22756321.4503119 66970.1310557691
2845034342.68152 38671408050.4424 80349728253.7336 -49410.9413972437 -22141.4155349696 -22756321.2745998 64854.7985055981
2845097167.07052 35552879852.94 78928311001.0812 -49867.0602970447 -23120.6824362481 -22756321.0986476 62824.3890003859
2845158044.5754 32503612500.2048 77490139628.5361 -50310.0505684256 -24139.3735604576 -22756320.9232488 60877.5048786763
2845217057.49633 29522029527.5652 76034702962.967 -50737.9427052778 -25199.0942152479 -22756320.749295 59012.9209298774
2845274287.12722 26606537612.0493 74561390264.6234 -51148.5688669864 -26301.5209237895 -22756320.577776 57229.6308905594
2845329813.99579 23755520398.903 73069476464.4761 -51539.5400683371 -27448.4077810434 -22756320.4097819 55526.8685738429
2845383718.14777 20967330713.3068 71558104078.2626 -51908.2196498259 -28641.5945539239 -22756320.2465014 53904.1519792996
2845436079.50291 18240279895.8352 70026260388.2663 -52251.6921932315 -29883.0175477054 -22756320.0892122 52361.3551369735
2845486978.26615 15572625365.9127 68472749514.3563 -52566.7263790868 -31174.7234452752 -22756319.9392693 50898.763237296
2845536495.45803 12962553433.167 66896156433.1447 -52849.730317418 -32518.8883420362 -22756319.7980804 49517.1918838914
2845584713.57678 10408157170.9651 65294800943.5811 -53096.6967494294 -33917.8434930996 -22756319.6670678 48218.1187518159
2845631717.45514 7907406737.85071 63666677434.1391 -53303.1346956144 -35374.1110242453 -22756319.5476115 47003.8783561925
2845677595.38823 5458109145.56829 62009374812.2417 -53463.9824077372 -36890.4541252364 -22756319.4409597 45877.9330853913
2845722440.65035 3057852783.01948 60319968015.8206 -53573.4939038448 -38469.9487177161 -22756319.3480916 44845.262119754
2845766353.58678 703929222.643016 58594867683.0133 -53625.0871399654 -40116.0877071575 -22756319.2695103 43912.9364334408
2845809444.55275 -1606778312.47695 56829607546.6459 -53611.1347268733 -41832.9347828119 -22756319.2049031 43090.9659695233
2845851838.15283 -3877957596.0552 55018535958.405 -53522.6659178949 -43625.3557249149 -22756319.1525955 42393.600078635
2845893679.45428 -6114106168.06494 53154358937.4182 -53348.9270801769 -45499.3702114174 -22756319.108603 41841.3014482056
2845935143.1021 -8320876528.53699 51227455750.7619 -53076.7108598448 -47462.685050613 -22756319.0649099 41463.6478217493
2845976445.97564 -10505528053.7443 49224880522.8077 -52689.3084969684 -49525.4575228897 -22756319.0061202 41302.8735453719
2846017859.84059 -12671453391.8613 47134895545.1768 -52166.5253020515 -51695.1179656834 -22756318.9038715 41413.8649438035
2846059692.1727 -14818337478.4025 44947138751.669 -51484.7342273404 -53975.3199162178 -22756318.7076831 41832.3321152452
2846102070.33003 -16954492147.5712 42639289705.7209 -50611.5987944361 -56378.7677692851 -22756318.321825 42378.1573231365
2846144126.71231 -19060886371.3518 40215781952.316 -49520.4932612296 -58885.5427719471 -22756317.6130366 42056.3822808413
2846183805.85413 -21001761132.5629 37831172319.8437 -48270.2231984012 -61318.5179543866 -22756316.7252078 39679.1418215906
2846220403.85038 -22744047903.0162 35545314516.4071 -46906.7540131787 -63603.4834525849 -22756315.8165846 36597.9962561631
2846254384.52384 -24313688130.6694 33347710858.7726 -45445.0324740921 -65741.9058457405 -22756314.9309406 33980.673459633
2846286291.74101 -25739389116.1881 31218057705.2189 -43890.2448716894 -67746.2776514001 -22756314.0777116 31907.2171716797
2846316551.75777 -27043050578.1348 29139540153.1567 -42245.7091310012 -69625.8528883476 -22756313.2622294 30260.0167515382
2846345485.9692 -28240730496.803 27099398144.8173 -40514.7255063658 -71385.9480977465 -22756312.4910765 28934.2114380086
2846373341.72305 -29344371700.3876 25087867116.7428 -38700.993740468 -73029.0166827486 -22756311.772356 27855.7538426619
2846400315.54749 -30363061211.4204 23097245254.7738 -36808.6849570601 -74555.6173985765 -22756311.1151028 26973.8244444147
2846426568.68602 -31303857204.8785 21121243341.4668 -34842.4280137325 -75965.0985636289 -22756310.5286374 26253.1385283838
2846452237.4381 -32172329212.4315 19154546199.0754 -32807.2737358225 -77256.0650431998 -22756310.0220056 25668.7520826316
2846477440.21794 -32972917432.5873 17192512313.0277 -30708.6523775365 -78426.7003314139 -22756309.6034923 25202.7798371637
2846502282.55004 -33709177052.8398 15230960937.9623 -28552.3271720705 -79474.9932518475 -22756309.2802348 24842.3320977647
2846526860.75114 -34383947366.048 13266014589.6312 -26344.3443180945 -80398.8999031443 -22756309.0579 24578.2011034358
2846551264.77259 -34999470045.1423 11293976139.4438 -24090.9789861113 -81196.4596354245 -22756308.9404483 24404.021445038
2846575580.51246 -35557471611.4842 9311226718.38712 -21798.6770434687 -81865.8763567589 -22756308.9299688 24315.7398728214
2846599891.81233 -36059305902.4391 7313768714.08729 -19473.5656013019 -82405.6583840283 -22756309.0267096 24311.2998677999
2846624282.3221 -36504276745.7087 5305157484.31684 -17130.7349290975 -82813.1666061123 -22756309.2251754 24390.5097686701
2846648836.60451 -36893390054.5344 3281671547.98837 -14776.867268797 -83088.6825302383 -22756309.5180349 24554.28241489
2846673641.86049 -37227233270.9998 1239449372.2587 -12418.4817975769 -83232.7209641474 -22756309.8966403 24805.2559825919
2846698790.01054 -37505980716.8688 -825594049.35602 -10061.8809721749 -83246.0041825611 -22756310.3512907 25148.1500442464
2846724380.137 -37729385467.3618 -2917878418.80967 -7713.07849342973 -83129.4171635509 -22756310.8715415 25590.1264667876
2846750521.52265 -37896752465.1456 -5042293452.282 -5377.72277495911 -82883.937291929 -22756311.446537 26141.3856455323
2846777337.63677 -38006888899.5144 -7204372454.84378 -3061.01221271047 -82510.5332589253 -22756312.0653639 26816.1141238221
2846804971.60633 -38058024470.1513 -9410525808.78548 -767.595647657655 -82010.0233955334 -22756312.7174215 27633.9695536968
2846833594.05007 -38047688625.0946 -11668367567.5883 1498.55175080784 -81382.8765364439 -22756313.392808 28622.4437404957
2846863414.73073 -37972522592.0392 -13987189560.7194 3734.29331233227 -80628.9264204777 -22756314.0827432 29820.680662447
2846894700.38075 -37827987521.2758 -16378672290.7659 5937.56034183127 -79746.9503698189 -22756314.7800708 31285.6500187103
2846927801.96107 -37607901166.6871 -18857972709.7724 8107.67287070176 -78734.0328198589 -22756315.4798799 33101.5803226267
2846963191.40464 -37303691643.0981 -21445362933.4713 10245.7382264979 -77584.6115007275 -22756316.1802979 35389.443564771
2847001470.3493 -36903250068.7233 -24168289344.748 12354.7940254233 -76289.2633140713 -22756316.883038 38278.9446647253
2847043063.42342 -36389817700.6451 -27060864917.0651 14437.4155739721 -74834.8636482265 -22756317.5901632 41593.0741182929
2847086811.04619 -35746097160.0446 -30139938408.3916 16478.5697064201 -73217.8651740736 -22756318.275897 43747.6227676435
2847130179.07395 -34989458043.4124 -33278377604.6423 18377.9358859023 -71516.6295295902 -22756318.7892632 43368.0277634919
2847172542.25824 -34175304647.7483 -36272917340.3304 20026.4194177488 -69860.3675009856 -22756319.0631981 42363.1842916404
2847214342.45066 -33307405115.7328 -39159277515.1757 21471.063452132 -68246.8255371186 -22756319.2264466 41800.1924213077
2847256001.57673 -32385796418.6023 -41969417729.1665 22748.5733695227 -66670.3264568894 -22756319.3402901 41659.1260687327
2847297828.19693 -31414053328.4115 -44714682428.3638 23880.6067748407 -65133.3410798214 -22756319.432343 41826.6201977755
2847340049.13738 -30393744696.1369 -47407498787.2621 24886.2763338893 -63635.4586275259 -22756319.517345 42220.9404478071
2847382837.6509 -29323700944.102 -50063196627.0734 25782.8231033744 -62173.1021984092 -22756319.6035447 42788.5135181862
2847426333.58115 -28203000109.3124 -52692726281.6312 26583.3665299105 -60744.1029467868 -22756319.6949854 43495.9302520443
2847470655.09523 -27030843307.2324 -55304261655.8369 27298.3335591935 -59347.0872547065 -22756319.7935009 44321.5140786862
2847515905.83451 -25806485142.4759 -57904130410.8786 27936.2912684587 -57981.1368025733 -22756319.8997004 45250.7392814043
2847562179.47778 -24529195154.2167 -60497380151.9689 28504.4600105917 -56645.5946156423 -22756320.0134914 46273.6432682067
2847609562.76842 -23198236309.467 -63088139199.7912 29009.0459769337 -55339.9512991495 -22756320.1343784 47383.2906443804
2847658137.60248 -21812853185.4791 -65679855518.1901 29455.46621315 -54063.7771274991 -22756320.2616434 48574.8340587475
2847707982.51483 -20372265454.3626 -68275460874.8275 29848.5067454248 -52816.6809024685 -22756320.3944535 49844.9123524478
2847759173.76219 -18875664443.661 -70877486996.5965 30192.4373205665 -51598.2850592332 -22756320.5319355 51191.2473597326
2847811786.13602 -17322211648.5902 -73488149632.8328 30491.097004908 -50408.2109592257 -22756320.6732125 52612.3738297856
2847865893.59053 -15711038277.7749 -76109410965.3896 30747.9596846403 -49246.0704736163 -22756320.8174393 54107.4545138374
2847921569.72887 -14041245284.834 -78743027029.3343 30966.1853039966 -48111.461493123 -22756320.9638147 55676.1383314698
2847978888.19823 -12311903960.141 -81390583906.972 31148.6606864998 -47003.9661535967 -22756321.1115937 57318.4693591501
2848037923.00577 -10522056491.4553 -84053526329.3078 31298.032681927 -45923.1505293849 -22756321.2600918 59034.8075463046
2848098748.7852 -8670716819.87914 -86733180051.0031 31416.7354555736 -44868.5654737744 -22756321.4086871 60825.7794316249
2848161441.01806 -6756871361.63286 -89430770017.7126 31507.0133038837 -43839.7479603339 -22756321.5568216 62692.2328613327
2848226076.22783 -4779479840.07113 -92147434944.0422 31570.9399455893 -42836.2228338893 -22756321.7039983 64635.2097635683
2848292732.14013 -2737475939.76705 -94884239450.5597 31610.4350282158 -41857.5046445387 -22756321.849777 66655.9123046733
2848361487.8364 -629768203.121356 -97642183735.7175 31627.2783799552 -40903.0996669894 -22756321.9937735 68755.6962665203
2848432423.87935 1544759526.99058 -100422212146.333 31623.1224388912 -39972.5076908453 -22756322.1356544 70936.0429529055
2848505622.43149 3787247313.71635 -103225219891.272 31599.5031641147 -39065.2239216383 -22756322.275135 73198.5521358352
2848581167.36614 6098858547.17999 -106052058916.06 31557.8496928198 -38180.7406866151 -22756322.4119728 75544.9346470668
2848659144.36554 8480779489.81318 -108903542996.401 31499.4929336341 -37318.5489884472 -22756322.5459657 77976.9994057152
2848739641.02018 10934218706.8322 -111780451917.88 31425.6732603424 -36478.1399885697 -22756322.6769476 80496.6546365774
2848822746.91183 13460406777.9896 -114683535346.35 31337.5474261893 -35659.0062711664 -22756322.8047857 83105.8916518578
2848908553.69641 16060595699.8968 -117613515793.195 31236.1948202465 -34860.6430958336 -22756322.9293764 85806.7845785106
2848997155.18584 18736058448.676 -120571091327.015 31122.6231415045 -34082.5494684865 -22756323.0506414 88601.4894324067
2849088647.4316 21488088652.7899 -123556938024.393 30997.7735602493 -33324.229066618 -22756323.1685274 91492.2457593625
2849183128.79476 24318000430.0225 -126571712261.274 30862.5254227037 -32585.1910205783 -22756323.2830005 94481.3631587365
2849280700.02101 27227127900.1281 -129616052367.642 30717.7005732591 -31864.9506878645 -22756323.3940461 97571.2262550829
2849381464.30963 30216824931.7669 -132690580299.798 30564.0673133461 -31163.0302670633 -22756323.5016652 100764.288612152
2849485527.39849 33288464767.2333 -135795902977.217 30402.3440499473 -30478.959356487 -22756323.6058732 104063.0888608
2849592997.6124 36443440190.2196 -138932613984.193 30233.2026309218 -29812.2753162459 -22756323.7066972 107470.213916087
2849703985.95139 39683162615.5706 -142101294027.047 30057.2714807227 -29162.5237972736 -22756323.8041754 110988.33899116
2849818606.14347 43009062430.75 -145302512513.451 29875.1384375533 -28529.2589308234 -22756323.8983546 114620.192079673
2849936974.74431 46422588288.7372 -148536827972.278 29687.3534355313 -27912.0436788679 -22756323.9892893 118368.600838944
2850059211.1532 49925207821.5051 -151804789726.876 29494.430916926 -27310.4498658996 -22756324.0770404 122236.408887362
2850185437.73137 53518405879.3036 -155106937140.361 29296.852204814 -26724.0586045189 -22756324.1616744 126226.578165718
2850315779.84114 57203685819.634 -158443801649.376 29095.067546948 -26152.4601386286 -22756324.2432613 130342.109776639
2850450365.92858 60982568454.807 -161815906530.148 28889.4981408044 -25595.2540570534 -22756324.321875 134586.087439425
2850589327.59096 64856592282.9748 -165223767789.784 28680.5379523369 -25052.0492570966 -22756324.3975923 138961.662381278
2850732799.64125 68827313270.0441 -168667894581.748 28468.5554345769 -24522.4639542381 -22756324.4704919 143472.050285713
2850880920.18054 72896304542.3963 -172148789498.13 28253.8951355292 -24006.1256736114 -22756324.5406536 148120.539292115
2851033830.67302 77065156302.9128 -175666949013.124 28036.8791873919 -23502.6711861573 -22756324.6081579 152910.49248261
2851191675.99225 81335475803.1924 -179222863926.216 27817.8086945999 -23011.7464207802 -22756324.6730864 157845.319224531
2851354604.50567 85708886507.0973 -182817019099.678 27596.9650716705 -22533.0064489856 -22756324.73552 162928.513420935
2851522768.18466 90187028320.5519 -186449894065.454 27374.6112404018 -22066.1153240564 -22756324.7955395 168163.678990139
2851696322.61879 94771558480.804 -190121964101.219 27150.9927183328 -21610.745856013 -22756324.8532249 173554.434126051
2851875427.10276 99464149800.0044 -193833699137.493 26926.3387652621 -21166.5796483769 -22756324.9086553 179104.483973107
2852060244.72974 104266490909.889 -197585564290.164 26700.8633600764 -20733.3069039764 -22756324.9619087 184817.626983885
2852250942.45327 109180286637.532 -201378020446.469 26474.766110377 -20310.6262237 -22756325.0130616 190697.723529263
2852447691.1582 114207257510.872 -205211524141.399 26248.2331449409 -19898.2444813226 -22756325.0621895 196748.704924505
2852650665.72745 119349139495.367 -209086527608.205 26021.4379392133 -19495.8766667408 -22756325.1093655 202974.56925606
2852860045.14928 124607683607.201 -213003478726.352 25794.5420941608 -19103.2457317346 -22756325.1546618 209379.42183004
2853076012.57116 129984656550.767 -216962821715.539 25567.6960232127 -18720.0823568916 -22756325.1981479 215967.421874575
2853298755.33693 135481839940.906 -220964996751.101 25341.039656765 -18346.1248261183 -22756325.2398924 222742.765770776
2853528465.18594 141101029112.309 -225010439302.42 25114.7031178087 -17981.1189135279 -22756325.2799613 229709.849012581
2853765338.16531 146844035991.312 -229099582384.423 24888.8071948276 -17624.8175059446 -22756325.3184192 236872.979371872
2854009574.86961 152712684705.834 -233232853569.347 24663.4640707884 -17276.9806975715 -22756325.3553279 244236.704301603
2854261380.38588 158708815397.95 -237410677867.857 24438.7776907443 -16937.3753618122 -22756325.3907483 251805.516269614
2854520964.47783 164834280660.842 -241633475363.302 24214.8443858602 -16605.7751771385 -22756325.4247388 259584.091941323
2854788541.60487 171090947871.527 -245901662988.208 23991.7532413819 -16281.9603054209 -22756325.4573557 267577.12704046
2855064331.03979 177480697435.148 -250215653438.372 23769.5865905132 -15965.7173059244 -22756325.4886537 275789.434923801
2855348556.91636 184005423409.295 -254575855729.024 23548.4203939965 -15656.838919704 -22756325.5186856 284225.87657129
2855641448.35264 190667032423.195 -258982674588.543 23328.3246549491 -15355.1239425247 -22756325.547502 292891.436277933
2855943239.50362 197467444367.746 -263436511035.754 23109.3637498151 -15060.3770147151 -22756325.5751522 301791.150986147
2856254169.67707 204408591390.604 -267937761822.89 22891.5967946364 -14772.4084930463 -22756325.601683 310930.173450457
2856574483.35944 211492418339.917 -272486819830.194 22675.0779433656 -14491.0342604675 -22756325.6271402 320313.682368419
2856904430.41134 218720881124.473 -277084073112.421 22459.856731502 -14216.0756234335 -22756325.6515673 329947.051899648
2857244266.03854 226095948896.867 -281729906389.841 22245.9782857935 -13947.3590623648 -22756325.6750066 339835.627192866
2857594250.97715 233619601125.669 -286424699274.328 22033.4836706562 -13684.7161827725 -22756325.6974986 349984.938615612
2857954651.54728 241293829465.902 -291168827540.154 21822.4100763832 -13427.9834880846 -22756325.7190821 360400.570123658
2858325739.59759 249120636635.875 -295962662492.856 21612.7910809835 -13177.0022683099 -22756325.7397944 371088.050310147
2858707792.86023 257102032981.474 -300806568968.725 21404.6569536848 -12931.6185540788 -22756325.7596714 382053.262648394
2859101094.87187 265240041891.191 -305700908734.54 21198.0347106105 -12691.6827950327 -22756325.7787479 393302.011634564
2859505935.12851 273536695749.011 -310646038083.942 20992.9484122535 -12457.0498464237 -22756325.7970563 404840.256645545
2859922609.09907 281994036934.128 -315642308522.626 20789.4193142178 -12227.5787973292 -22756325.8146288 416673.970561037
2860351418.53448 290614115807.075 -320690065653.641 20587.4660818088 -12003.1328882098 -22756325.8314959 428809.435402008
2860792671.22001 299398994793.022 -325789651637.674 20387.1048507442 -11783.5792717617 -22756325.8476867 441252.685529305
2861246681.43182 308350740939.772 -330941400915.33 20188.3495467101 -11568.7890747054 -22756325.8632292 454010.211812475
2861713769.7184 317471432935.326 -336145644355.895 19991.211861872 -11358.6370944551 -22756325.8781503 467088.286582914
2862194263.14759 326763154307.989 -341402705404.652 19795.7015355164 -11153.0018405265 -22756325.8924758 480493.429188148
2862688495.41616 336227996096.225 -346712901706.571 19601.8264131031 -10951.7653467103 -22756325.9062304 494232.268570748
2863196806.98552 345868056648.326 -352076545051.77 19409.592564549 -10754.8130603347 -22756325.9194376 508311.569361942
2863719545.08089 355685441883.834 -357493941570.063 19219.0043869675 -10562.0337263662 -22756325.9321202 522738.09536903
2864257063.81679 365682262889.045 -362965390455.418 19030.0647522167 -10373.3193265008 -22756325.9443 537518.735898274
2864809724.34922 375860635980.24 -368491184078.847 18842.7750970882 -10188.5649681711 -22756325.9559976 552660.532427446
2865377894.92757 386222683208.632 -374071608325.229 18657.1355011995 -10007.6687712123 -22756325.9672332 568170.578354297
2865961950.95411 396770530929.682 -379706941876.393 18473.144795176 -9830.53179297949 -22756325.9780257 584056.02654037
2866562275.20146 407506308538.978 -385397455608.189 18290.8006578505 -9657.05794957365 -22756325.9883935 600324.247351161
2867179257.84613 418432150089.684 -391143413517.439 18110.0996592841 -9487.15389299838 -22756325.9983541 616982.644665931
2867813296.54507 429550192459.81 -396945071804.545 17931.0373593776 -9320.72894910515 -22756326.0079243 634038.698945688
2868464796.62729 440862574333.598 -402802678410.25 17753.6083857991 -9157.6950417146 -22756326.0171202 651500.082215684
2869134171.17226 452371437206.439 -408716473601.322 17577.8064759156 -8997.96659007681 -22756326.0259571 669374.544971504
2869821841.02245 464078924303.549 -414686689461.638 17403.6245490143 -8841.46044086704 -22756326.0344499 687669.850191463
2870528235.01101 475987178364.342 -420713548825.969 17231.0547895234 -8688.09581495833 -22756326.0426126 706393.988560096
2871253789.96609 488098343168.703 -426797266125.726 17060.088670729 -8537.79420614687 -22756326.0504588 725554.955074282
2871998950.87632 500414561138.94 -432938046239.309 16890.7170330567 -8390.47933401936 -22756326.0580013 745160.910235668
2872764171.01032 512937973715.888 -439136084752.524 16722.9301184933 -8246.07706267067 -22756326.0652527 765220.133992172
2873549911.97337 525670720887.41 -445391567784.067 16556.7176149963 -8104.51533331638 -22756326.0722247 785740.963053413
2874356644.00032 538614939652.352 -451704671292.543 16392.068711643 -7965.72411038766 -22756326.0789289 806732.026955839
2875184845.61444 551772766340.837 -458075562265.079 16228.9721020783 -7829.63528827278 -22756326.085376 828201.614119042
2876035004.30332 565146328544 -464504394868.935 16067.4161149063 -7696.18270824467 -22756326.0915764 850158.688879477
2876907616.25871 578737753632.472 -470991314647.635 15907.3886350663 -7565.30200452003 -22756326.0975403 872611.955390571
2877803186.6906 592549161961.536 -477536455298.834 15748.8772132415 -7436.93061106791 -22756326.1032771 895570.4318844
2878722229.68834 606582669359.618 -484139939931.598 15591.8690595559 -7311.00767584259 -22756326.1087961 919042.997740662
2879665268.27566 620840382407.576 -490801878904.917 15436.3511183807 -7187.47404419704 -22756326.1141058 943038.587318902
2880632835.23973 635324396887.974 -497522369212.562 15282.3101012826 -7066.27221058759 -22756326.1192149 967566.964076846
2881625472.45289 650036807969.556 -504301499272.678 15129.7323969689 -6947.34617767054 -22756326.1241314 992637.213152805
2882643731.20042 664979697132.492 -511139342903.4 14978.6042287842 -6830.64151357472 -22756326.1288628 1018258.74752829
2883688172.73949 680155134709.635 -518035960608.005 14828.9116394054 -6716.10527449371 -22756326.1334168 1044441.53907826
2884759367.39691 695565185596.844 -524991402223.48 14680.6404491249 -6603.68591160901 -22756326.1378004 1071194.65742009
2885857895.70747 711211893307.536 -532005699776.203 14533.7764226143 -6493.33333900497 -22756326.1420202 1098528.31055526
2886984347.90087 727097294257.573 -539078874031.08 14388.3051398338 -6384.99877866339 -22756326.1460828 1126452.19340447
2888139324.54009 743223407601.693 -546210929991.017 14244.2121022326 -6278.63478656411 -22756326.1499946 1154976.63921485
2889323436.29254 759592241825.998 -553401859902.324 14101.4826809416 -6174.1951623234 -22756326.1537613 1184111.75244985
2890537303.50584 776205788760.538 -560651640658.605 13960.1021791363 -6071.63494596848 -22756326.1573888 1213867.21330528
2891781557.79969 793066015158.904 -567960230245.563 13820.0559067567 -5970.91042372597 -22756326.1608824 1244254.29384423
2893056840.82786 810174882283.044 -575327576335.552 13681.3290211133 -5871.97896726622 -22756326.1642476 1275283.02816909
2894363804.90498 827534325905.958 -582753607656.384 13543.9067001408 -5774.79911524379 -22756326.1674893 1306964.07712666
2895703113.15774 845146262412.554 -590238236741.445 13407.7740933237 -5679.33049550083 -22756326.1706124 1339308.25275752
2897075439.15542 863012588139.718 -597781359716.658 13272.9163302942 -5585.5337910268 -22756326.1736214 1372325.99767683
2898481467.53039 881135171821.973 -605382853201.856 13139.318579123 -5493.37074169454 -22756326.1765208 1406028.37497346
2899921894.40662 899515860273.238 -613042576818.957 13006.9660029181 -5402.80407658008 -22756326.1793149 1440426.87623094
2901397426.41986 918156481165.845 -620760374394.056 12875.843742857 -5313.79746736356 -22756326.1820077 1475532.01323297
2902908782.1847 937058827591.336 -628536067630.936 12745.9370278276 -5226.31556882938 -22756326.1846032 1511355.76484048
2904456691.25683 956224674321.198 -636369462930.298 12617.2310592393 -5140.32390780145 -22756326.1871051 1547909.07213818
2906041894.22533 975655761710.056 -644260344837.938 12489.7111213983 -5055.78892616796 -22756326.1895171 1585202.96849159
2907665144.58323 995353794429.889 -652208475695.657 12363.3625835184 -4972.67795087035 -22756326.1918425 1623250.35790049
2909327206.2726 1015320461950.38 -660213603984.813 12238.1707666327 -4890.95907738169 -22756326.1940846 1662061.68937524
2911028855.70875 1035557405276.35 -668275450998.286 12114.1211540268 -4810.60128012235 -22756326.1962467 1701649.43614745
2912770881.11792 1056066239286.39 -676393719944.052 11991.1992448393 -4731.57428930891 -22756326.1983318 1742025.40917223
2914554082.91192 1076848541739.81 -684568091623.647 11869.3906197656 -4653.84860810535 -22756326.2003429 1783201.79399998
2916379272.94304 1097905855011.14 -692798225218.932 11748.6809262915 -4577.39547818953 -22756326.2022827 1825190.0311154
2918247276.77718 1119239674587.03 -701083753911.201 11629.0559392383 -4502.18689396567 -22756326.2041539 1868003.83414117
2920158929.86173 1140851472889.24 -709424294242.621 11510.5014218046 -4428.19549205283 -22756326.2059591 1911653.08455089
2922115082.48403 1162742651977.94 -717819427923.823 11393.0033818604 -4355.39468952493 -22756326.2077008 1956152.62230088
2924116596.64419 1184914598133.82 -726268723013.14 11276.5477664262 -4283.75847180963 -22756326.2093815 2001514.16015666
2926164346.34243 1207368642771.66 -734771718929.44 11161.1206705897 -4213.26150266585 -22756326.2110032 2047749.69824429
2928259219.50838 1230106063304.53 -743327926996.631 11046.7083216867 -4143.87909365308 -22756326.2125684 2094873.16594585
2930402116.82128 1253128101797.17 -751936837586.638 10933.2969783693 -4075.58712376952 -22756326.214079 2142897.31289872
2932593951.12787 1276435948711.2 -760597914049.437 10820.8730085667 -4008.36206899643 -22756326.2155371 2191834.30659129
2934835649.08068 1300030733899.93 -769310589522.823 10709.4229240079 -3942.18100486849 -22756326.2169446 2241697.95281235
2937128149.59272 1323913541564.04 -778074272612.451 10598.9333005533 -3877.02154178424 -22756326.2183035 2292500.51204107
2939472406.13811 1348085390765.8 -786888340325.405 10489.3908623609 -3812.86185854709 -22756326.2196155 2344256.54538515
2941869384.11563 1372547256923.99 -795752146055.746 10380.782375672 -3749.68062412698 -22756326.2208823 2396977.97752267
2944320062.53777 1397300041129.01 -804665008525.992 10273.0947796952 -3687.45705906972 -22756326.2221056 2450678.4221412
2946825434.3945 1422344585175.17 -813626217433.596 10166.3151088702 -3626.17087507016 -22756326.223287 2505371.85673193
2949386507.74127 1447681672203.38 -822635033771.508 10060.4304833787 -3565.80225568596 -22756326.224428 2561073.34676755
2952004301.16424 1473312034359.87 -831690692590.986 9955.42807207771 -3506.33182220525 -22756326.22553 2617793.42296793
2954679850.71682 1499236304421.62 -840792386031.546 9851.29528242963 -3447.74072811514 -22756326.2265946 2675549.55257777
2957414201.13306 1525455082102.6 -849939286856.441 9748.01948099158 -3390.010488291 -22756326.227623 2734350.41624386
2960208416.58119 1551968844425.87 -859130517200.122 9645.58834191621 -3333.12316241217 -22756326.2286166 2794215.44812785
2963063573.34052 1578778048015.56 -868365184377.962 9543.98943552907 -3277.06111330572 -22756326.2295766 2855156.75933009
2965980759.95531 1605883054146.05 -877642354853.496 9443.2105152283 -3221.8071561391 -22756326.2305041 2917186.6147877
2968961081.47065 1633284128132.39 -886961054371.193 9343.23950386881 -3167.34453871014 -22756326.2314005 2980321.51534797
2972005654.92669 1660981476361.86 -896320280750.256 9244.0643475845 -3113.65685090981 -22756326.2322668 3044573.45603974
2975115614.2005 1688975200873.47 -905718988578.579 9145.67317232137 -3060.72809987959 -22756326.2331041 3109959.27380743
2978292103.2861 1717265341199.93 -915156103488.456 9048.05412481826 -3008.54261416548 -22756326.2339133 3176489.08559513
2981536287.04131 1745851809892.23 -924630500743.427 8951.19558721302 -2957.08514927387 -22756326.2346956 3244183.75521152
2984849338.04463 1774734486631.99 -934141036682.687 8855.08584554733 -2906.34070185364 -22756326.2354517 3313051.00332511
2988232450.60729 1803913096888.28 -943686508675.069 8759.71349074103 -2856.29471384593 -22756326.2361828 3383112.56266101
2991686826.05562 1833387333419.47 -953265695272.724 8665.06700459451 -2806.93284540667 -22756326.2368896 3454375.44832238
2995213684.60365 1863156723565.71 -962877312975.177 8571.13518316858 -2758.24118879782 -22756326.2375731 3526858.54803653
2998814261.65862 1893220730284.76 -972520049387.26 8477.90679806925 -2710.20608304628 -22756326.2382339 3600577.05496993
3002489804.80946 1923578715982.11 -982192551488.668 8385.37070611261 -2662.81416417528 -22756326.238873 3675543.15083394
3006241575.58373 1954229914086.9 -991893416781.514 8293.51592477704 -2616.05239624833 -22756326.2394911 3751770.77427323
3010070857.16108 1985173441389.81 -1001621197542.74 8202.33158067359 -2569.90803721081 -22756326.2400889 3829281.57734758
3013978938.68787 2016408357714.29 -1011374419620.59 8111.80672657333 -2524.36853998201 -22756326.240667 3908081.52679661
3017967128.00744 2047933533710.19 -1021151541138.78 8021.93071843612 -2479.4217362361 -22756326.2412263 3988189.31956743
3022036748.5804 2079747752513.49 -1030950984638.62 7932.69290527394 -2435.05567308137 -22756326.2417673 4069620.57295508
3026189137.89784 2111849680527.15 -1040771128001.69 7844.08270628586 -2391.25864626285 -22756326.2422907 4152389.31744052
3030425648.2662 2144237851427.65 -1050610299716.76 7756.08964481752 -2348.01921103481 -22756326.242797 4236510.36836765
3034747648.27485 2176910669180.06 -1060466780032.53 7668.70332835881 -2305.3261663456 -22756326.2432869 4322000.00864263
3039156517.93617 2209866415791.94 -1070338803454.62 7581.91341759304 -2263.16853423881 -22756326.2437609 4408869.66132736
3043653653.92171 2243103210855.34 -1080224546822.47 7495.70972195994 -2221.53560086302 -22756326.2442196 4497135.98553389
3048240473.50124 2276619048382.26 -1090122140611.45 7410.08209032404 -2180.41685794833 -22756326.2446635 4586819.57952976
3052918390.95251 2310411821408.38 -1100029676158.8 7325.02034141076 -2139.801965181 -22756326.245093 4677917.45126818
3057688854.5891 2344479145254.17 -1109945154151.77 7240.5146957216 -2099.68095124838 -22756326.2455087 4770463.63659492
3062553322.99114 2378818626497.99 -1119866563642.76 7156.55508817613 -2060.04388116744 -22756326.2459111 4864468.40203999
3067513266.2252 2413427683204.19 -1129791829369.47 7073.13161231207 -2020.88106446935 -22756326.2463005 4959943.23405777
3072570165.25227 2448303551765.47 -1139718814260.01 6990.23448672413 -1982.18303401045 -22756326.2466774 5056899.02707001
3077725526.14645 2483443280542.21 -1149645318098.66 6907.85405460206 -1943.94054078678 -22756326.2470423 5155360.89418566
3082980859.20824 2518843824814.83 -1159569104528.95 6825.98055018667 -1906.1444415965 -22756326.2473955 5255333.06178528
3088337702.08136 2554501897939.22 -1169487859232.81 6744.60443600364 -1868.78585171285 -22756326.2477375 5356842.8731235
3093797587.98323 2590414125886.09 -1179399233405.44 6663.71603450467 -1831.85597125772 -22756326.2480685 5459885.90186697
3099362086.08533 2626576829155.67 -1189300783549.82 6583.30601078524 -1795.34630262442 -22756326.248389 5564498.10209493
3105032764.58415 2662986289173.24 -1199190045150.41 6503.36476150978 -1759.24836820976 -22756326.2486994 5670678.49882904
3110811206.66885 2699638498598.86 -1209064464323.39 6423.88296086706 -1723.55395553158 -22756326.2489998 5778442.084693
3116699016.92529 2736529264843.09 -1218921426707.06 6344.85131431879 -1688.25500149257 -22756326.2492908 5887810.25644292
3122697810.863 2773654245944.15 -1228758267089.9 6266.26047192666 -1653.34355106906 -22756326.2495725 5998793.93771084
3128809221.24051 2811008878926.12 -1238572250379.17 6188.10117089271 -1618.81181832251 -22756326.2498453 6111410.37751312
3135034890.8941 2848588415645.78 -1248360581358.93 6110.36414679295 -1584.65214406568 -22756326.2501095 6225669.65358153
3141376474.16106 2886387874166.13 -1258120392197.1 6033.04022215909 -1550.8570321809 -22756326.2503654 6341583.26696281
3147835644.52037 2924402044552.36 -1267848744429.89 5956.12027931139 -1517.41913457941 -22756326.2506132 6459170.35931536
3154414089.981 2962625530443.94 -1277542639849.78 5879.59516330928 -1484.33120649297 -22756326.2508531 6578445.46062893
3155760000 3001052715909.68 -1287199012072.15 5803.45573774227 -1451.58612874097 -22756326.2510856 1345910.01899719
