0 1556958000000 0 -11000 2000 -22756327.2740819 105192
564528.570494836 1555800584889.89 210383986.33895 -11005.7644167263 1999.9996102518 -22756327.2740819 564528.570494836
939145.900013382 1551673779944.24 959617357.457796 -11026.3629626592 1999.99184804355 -22756327.2740818 374617.329518546
1311589.05345377 1547563256013.72 1704497642.83804 -11046.9509469703 1999.97414394731 -22756327.2740816 372443.153440392
1682948.28719829 1543457040238.07 2447201674.10777 -11067.5882642484 1999.94641833068 -22756327.2740814 371359.233744516
2053216.21221738 1539355240947.78 3187710999.10055 -11088.27460428 1999.90860016653 -22756327.2740813 370267.92501909
2424179.56534714 1535245761730.76 3928204415.44892 -11109.0715223949 1999.86046060334 -22756327.2740811 370963.353129761
2792252.37678112 1531152992877.35 4664288278.39204 -11129.855816089 1999.80221324761 -22756327.274081 368072.811433976
3159210.75276676 1527064980175.62 5398120195.71548 -11150.6880953331 1999.73366231296 -22756327.2740808 366958.375985639
3523949.35835069 1522994100726.36 6127486237.8819 -11171.5051764638 1999.65499165251 -22756327.2740806 364738.605583938
3887583.62365517 1518927968391.39 6854613444.08634 -11192.3702863585 1999.56593819289 -22756327.2740805 363634.26530448
4249016.38404095 1514878914560.64 7577304478.58112 -11213.2200346357 1999.46674846334 -22756327.2740803 361432.76038578
4609353.89533719 1510834608985.7 8297767920.07908 -11234.1177994964 1999.35709689686 -22756327.2740802 360337.511296239
4970335.02654074 1506782752995.16 9018189888.40669 -11255.1276807385 1999.23652920024 -22756327.27408 360981.131203549
5328469.39892766 1502748148995.44 9734162112.34428 -11276.1212852077 1999.10571137256 -22756327.2740799 358134.372386921
5685487.22333572 1498718620134.45 10447853559.4511 -11297.1618445227 1998.96422661529 -22756327.2740797 357017.824408061
6043109.61683765 1494681559220.67 11161492494.1704 -11318.3157376996 1998.81150966013 -22756327.2740795 357622.393501928
6396778.50276547 1490674900827.36 11868381524.9773 -11339.3840434311 1998.64897588382 -22756327.2740794 353668.885927814
6751046.28674059 1486660771206.64 12575211066.7626 -11360.5657653583 1998.47506923273 -22756327.2740792 354267.783975127
7103026.51335107 1482658350050.88 13278602634.5574 -11381.7600639431 1998.29052372541 -22756327.2740791 351980.22661048
7453870.43047196 1478661406168.98 13979656752.0081 -11402.9999444093 1998.09500843653 -22756327.2740789 350843.917120884
7803570.42158878 1474670058850.31 14678354785.858 -11424.2849524476 1997.88845959901 -22756327.2740788 349699.991116819
8150999.25936072 1470697242781.81 15372441508.8533 -11445.5459212463 1997.67153247096 -22756327.2740786 347428.837771939
8498981.5178971 1466717020104.03 16066450809.3744 -11466.9218388412 1997.44274061368 -22756327.2740784 347982.258536379
8843050.04739946 1462767954945.35 16753667314.9688 -11488.2054128545 1997.20428560808 -22756327.2740783 344068.52950236
9186005.97033997 1458824352654.49 17438577891.7042 -11509.5345743044 1996.9546570345 -22756327.2740781 342955.922940518
9529498.47592173 1454873415653.45 18123400785.3934 -11530.9790875565 1996.69291726214 -22756327.274078 343492.505581753
9870216.84565137 1450940953451.96 18803664714.5863 -11552.3990419232 1996.42070538777 -22756327.2740778 340718.369729648
10211452.7313042 1447001173330.44 19483833801.2184 -11573.9351069858 1996.13616435527 -22756327.2740776 341235.885652864
10550366.4613814 1443074961287.3 20160302040.0236 -11595.4734333392 1995.84070859185 -22756327.2740774 338913.730077173
10888132.6115759 1439154761328.36 20834377984.4533 -11617.0554036402 1995.53373537355 -22756327.2740773 337766.150194478
11224743.8063428 1435240694094.45 21506043721.9487 -11638.6805030786 1995.21518586941 -22756327.2740771 336611.194766914
11560192.6905216 1431332880792 22175281407.9947 -11660.3482046205 1994.88500233949 -22756327.2740769 335448.88417875
11896088.2619625 1427417779285.41 22844406174.6589 -11682.134138927 1994.5419092151 -22756327.2740767 335895.571440906
12227669.5772257 1423540615406.13 23505700999.0769 -11703.7862404409 1994.18988777161 -22756327.2740766 331581.315263245
12559712.094527 1419656252592.11 24166876948.697 -11725.5561685442 1993.82485848356 -22756327.2740764 332042.517301261
12890574.1417816 1415773101125.03 24826495854.3911 -11747.3974821533 1993.44745486883 -22756327.2740762 330862.047254627
13220252.3037963 1411896636956.57 25483628136.5161 -11769.2796607721 1993.05811773584 -22756327.274076 329678.162014679
13547586.6233355 1408040575689 26135959375.1324 -11791.1249775025 1992.65822664801 -22756327.2740758 327334.31953918
13875337.1803897 1404177344179.62 26788157515.1426 -11813.0897573615 1992.24485598982 -22756327.2740756 327750.557054287
14201876.7574205 1400316309024.96 27438635127.5185 -11835.1214229901 1991.81885093291 -22756327.2740754 326539.57703077
14526034.4347142 1396476302538.51 28084228110.7327 -11857.1123241564 1991.38227243718 -22756327.2740753 324157.677293736
14850572.7089434 1392629148002.59 28729677336.0219 -11879.223922269 1990.931852667 -22756327.274075 324538.274229198
15172690.2087234 1388799087039.77 29370917372.2637 -11901.3171083574 1990.47034548502 -22756327.2740749 322117.499779983
15493609.9241124 1384976171697.34 30009622899.3222 -11923.4490395822 1989.99654072399 -22756327.2740747 320919.715388934
15813332.5016046 1381160434861.23 30645792382.7125 -11945.6196085518 1989.51037999401 -22756327.2740745 319722.577492272
16131850.9761205 1377352000642.23 31279409173.2099 -11967.8281718966 1989.01181718194 -22756327.2740743 318518.474515908
16449166.0695339 1373550901792.64 31910471947.7267 -11990.0746110659 1988.50079520735 -22756327.2740741 317315.093413314
16765274.7060034 1369757216811.19 32538971859.1788 -12012.3585351434 1987.97726359265 -22756327.2740739 316108.636469575
17080177.6633119 1365970978285.97 33164907753.5442 -12034.6798172341 1987.44116615458 -22756327.2740737 314902.957308429
17393871.9255036 1362192264670.06 33788270965.5792 -12057.0380553117 1986.89245368779 -22756327.2740735 313694.26219178
17707859.6104077 1358406518045.33 34411459723.4032 -12079.5199177364 1986.32887212245 -22756327.2740733 313987.684904063
18020588.0338182 1354625388106.37 35032551411.5278 -12102.0568516167 1985.75199813787 -22756327.2740731 312728.423410536
18332062.2460591 1350852397560.95 35650970507.3651 -12124.6279969184 1985.16229434911 -22756327.2740729 311474.212240908
18640828.8004926 1347105247688.59 36263830032.8023 -12147.1268953372 1984.56257183152 -22756327.2740727 308766.554433452
18949868.2529284 1343351131694.62 36876502026.3916 -12169.7504599348 1983.94753956957 -22756327.2740725 309039.452435808
19257652.7870417 1339601984139.82 37487034066.3636 -12192.4273925428 1983.31899358159 -22756327.2740723 307784.534113302
19562958.0300498 1335876122443.21 38092454607.9787 -12215.0465155302 1982.68001843518 -22756327.2740721 305305.243008119
19867046.4418392 1332158227138.51 38695265889.8537 -12237.7003438042 1982.02801853928 -22756327.2740719 304088.411789418
20172870.386592 1328433423962.53 39297876513.3303 -12260.4800341999 1981.36024142683 -22756327.2740717 305823.944752729
20474564.3824973 1324731085769.28 39895539074.5579 -12283.2059880328 1980.68189365384 -22756327.2740715 301693.995905292
20776485.5607545 1321021872257.23 40492994573.8896 -12306.0583406125 1979.98753943288 -22756327.2740713 301921.178257199
21075731.040687 1317335932718.76 41085391847.2481 -12328.8513489113 1979.2827680046 -22756327.2740711 299245.47993259
21373753.820074 1313658255983.63 41675156608.254 -12351.6773253818 1978.56474562627 -22756327.2740709 298022.779386985
21673444.1071071 1309973757678.37 42264704953.2226 -12374.6304121533 1977.83038136349 -22756327.2740707 299690.287033111
21970426.2909152 1306295300692.19 42851974633.4981 -12397.6310774964 1977.08207798278 -22756327.2740705 296982.183808071
22266149.3925964 1302625632521.57 43436531256.1866 -12420.6622019586 1976.32032854954 -22756327.2740703 295723.101681184
22560603.3566523 1298964927333.86 44018352892.4206 -12443.7226496227 1975.54512143802 -22756327.2740701 294453.964055855
22853801.3088941 1295313071445.1 44597463462.2387 -12466.8130901817 1974.75638523924 -22756327.2740698 293197.952241838
23147148.9641602 1291654426550.9 45176340282.2895 -12490.0329141445 1973.95059431025 -22756327.2740696 293347.655266114
23437830.9758849 1288020437199.46 45750014033.8917 -12513.1825063843 1973.13462684654 -22756327.2740694 290682.01172466
23728653.4156129 1284379699849.22 46323448093.8857 -12536.4618659153 1972.30138390593 -22756327.2740691 290822.439728039
24018173.8083535 1280746766319.37 46894347326.1819 -12559.7784978073 1971.45403852168 -22756327.2740689 289520.392740572
24306397.9835273 1277123373695.8 47462444369.8021 -12583.1212207864 1970.592944186 -22756327.2740687 288224.175173831
24593331.7444561 1273509501876.44 48027748921.2835 -12606.4900682046 1969.71805591522 -22756327.2740685 286933.760928798
24878980.8684794 1269905130772.04 48590270651.3296 -12629.8850732853 1968.82932859234 -22756327.2740682 285649.124023305
25164712.1475304 1266294058109.79 49152535955.0329 -12653.4118972911 1967.92261702969 -22756327.274068 285731.27905099
25447836.6170157 1262708251006.15 49709573656.4336 -12676.862185742 1967.00590454391 -22756327.2740678 283124.4694853
25731034.4847102 1259115785875.76 50266349243.2666 -12700.4446273627 1966.07098615193 -22756327.2740676 283197.867694539
26012918.2699123 1255532411713.54 50820419429.0115 -12724.0563531744 1965.1218051201 -22756327.2740673 281883.785202044
26293486.3084595 1251959135782.83 51371635109.4664 -12747.6906180899 1964.1585885641 -22756327.2740671 280568.038547224
26574078.6918911 1248379210095.22 51922577925.2163 -12771.4586787328 1963.17667077129 -22756327.2740668 280592.383431572
26852026.2781952 1244826126261.29 52468100789.4325 -12795.1380265785 1962.18520552972 -22756327.2740666 277947.586304113
27129997.9820071 1241266442217.58 53013345456.5846 -12818.9513838838 1961.17482846466 -22756327.2740664 277971.703811861
27406625.6736886 1237717071725.53 53555719442.1705 -12842.78607679 1960.15018895499 -22756327.2740661 276627.691681512
27683236.7842896 1234161089191.21 54097807320.9902 -12866.7562449505 1959.10624714236 -22756327.2740658 276611.110600979
27958471.0981692 1230616418703.89 54636875416.1982 -12890.7415102876 1958.04811755873 -22756327.2740656 275234.313879655
28231074.0381032 1227099111373.96 55170500040.5233 -12914.6323922637 1956.98069603396 -22756327.2740653 272602.939933949
28504999.8586121 1223575272860.42 55703831016.9377 -12938.65893238 1955.8936686014 -22756327.2740651 273925.820508916
28776261.6478645 1220062251011.14 56234241293.4186 -12962.7033075623 1954.7922349134 -22756327.2740648 271261.789252425
29047474.8133712 1216542688278.13 56764350086.8393 -12986.8847846814 1953.67079876899 -22756327.2740646 271213.165506662
29315979.063129 1213052425848.62 57288767738.3263 -13010.956849684 1952.54076783047 -22756327.2740643 268504.249757877
29583169.8752697 1209572802391.17 57810316234.1402 -13035.0472626692 1951.39622100631 -22756327.274064 267190.812140678
29850320.806163 1206086723903.74 58331556213.0498 -13059.2748375078 1950.23137979751 -22756327.2740638 267150.930893275
30116118.8892148 1202612375428.35 58849767714.6505 -13083.5136171152 1949.05217228156 -22756327.2740636 265798.083051767
30380570.9752238 1199149209049.88 59365041234.6586 -13107.767144343 1947.85840273579 -22756327.2740633 264452.086009079
30643699.1767638 1195696995866.67 59877419182.2281 -13132.0367703447 1946.64997706927 -22756327.2740631 263128.201539965
30906756.3702001 1192238378459.06 60389476417.5193 -13156.4449790624 1945.42066259963 -22756327.2740628 263057.193436333
31169694.1431161 1188774256131.31 60901069351.1357 -13180.9865577995 1944.17048620186 -22756327.2740626 262937.772915943
31429898.6202732 1185341331045.62 61406788035.8768 -13205.4010883297 1942.91270718507 -22756327.2740623 260204.477157169
31688770.2694928 1181919668207.36 61909588800.8629 -13229.8292516952 1941.64017475281 -22756327.274062 258871.649219551
31947548.3531635 1178491663551.15 62412057372.7617 -13254.3971751675 1940.34618469139 -22756327.2740618 258778.083670708
32206184.7648599 1175058523176.91 62914006728.8711 -13279.0973474177 1939.03089521968 -22756327.2740615 258636.41169638
32463419.4795129 1171639505298.77 63412622283.4389 -13303.7914986401 1937.70155793798 -22756327.2740612 257234.714653057
32719267.8590948 1168232594804.1 63908208608.8279 -13328.4937455891 1936.35740975432 -22756327.274061 255848.379581819
32974952.0062074 1164819346112.25 64403448197.5573 -13353.338253744 1934.99101730522 -22756327.2740607 255684.147112687
33229227.1462452 1161420769828.13 64895293289.9014 -13378.1724053166 1933.61065723531 -22756327.2740604 254275.140037712
33482108.7966076 1158034537685.33 65384092003.5041 -13403.0127331656 1932.21541285202 -22756327.2740601 252881.650362414
33733612.2788088 1154660511727.52 65869874050.5278 -13427.859869549 1930.80523580838 -22756327.2740598 251503.482201254
33984938.3485474 1151280218643.16 66355298571.701 -13452.8502743238 1929.37224790044 -22756327.2740595 251326.069738545
34234864.0261441 1147914887715.4 66837317905.0183 -13477.8272993573 1927.92531555059 -22756327.2740592 249925.67759672
34484581.3503556 1144543296369.94 67318972720.2981 -13502.9487589375 1926.45517897545 -22756327.274059 249717.324211508
34732876.3411905 1141187468469.17 67797118157.6551 -13528.0508224307 1924.97131334233 -22756327.2740587 248294.990834906
34980932.0759922 1137825389814.11 68274892236.8461 -13553.2984300649 1923.46385467024 -22756327.2740584 248055.734801708
35227543.8462218 1134479879869.01 68749054010.9345 -13578.5204526111 1921.94291208287 -22756327.2740581 246611.770229584
35471608.1516798 1131162786925.14 69217945586.8368 -13603.6262604719 1920.41407552312 -22756327.2740578 244064.30545804
35715492.5053389 1127839548876.92 69686461127.1342 -13628.8771392381 1918.86140646961 -22756327.2740575 243884.353659038
35959149.8136138 1124512587243.24 70154249753.0387 -13654.2558207018 1917.28572131691 -22756327.2740572 243657.308274871
36201373.3439673 1121202137699.23 70618469487.9259 -13679.6080637408 1915.69650388959 -22756327.2740569 242223.530353546
36443066.571227 1117892797269.05 71081286267.1764 -13705.0517312788 1914.08630577975 -22756327.2740566 241693.227259741
36683926.2941125 1114588733900.58 71542116844.1946 -13730.5551895809 1912.45699104786 -22756327.2740563 240859.722885492
36923353.3656236 1111298217624.33 71999814461.0284 -13756.0544483554 1910.81259586835 -22756327.274056 239427.071511081
37161371.5516334 1108020995110.91 72454425600.7003 -13781.5509448428 1909.15303206227 -22756327.2740557 238018.186009839
37398868.641364 1104744881202.54 72907644773.8123 -13807.139520824 1907.47204384373 -22756327.2740554 237497.089730553
37635782.545226 1101470739505.49 73359350291.1462 -13832.8139965876 1905.76987406356 -22756327.2740551 236913.903861998
37871807.3645646 1098202818875.43 73808956652.034 -13858.5413859858 1904.04858159315 -22756327.2740548 236024.819338595
38106382.6486667 1094948934046.8 74255396242.1561 -13884.2599336082 1902.31225615479 -22756327.2740545 234575.284102056
38340381.9215386 1091697011061.2 74700330762.9097 -13910.0650372175 1900.55438437941 -22756327.2740542 233999.272871957
38573487.477411 1088451486867.43 75143153923.1097 -13935.9218126225 1898.7772143357 -22756327.2740538 233105.555872416
38805161.4265651 1085219905564.75 75582844023.3148 -13961.7699130519 1896.98485239364 -22756327.2740535 231673.949154034
39036495.8134105 1081987068155.39 76021472300.435 -13987.7310286628 1895.16876255688 -22756327.2740532 231334.386845475
39266577.8723792 1078765757292.44 76457306298.4707 -14013.7027427502 1893.33599367128 -22756327.2740529 230082.058968623
39495970.1834797 1075548137225.59 76891410886.3347 -14039.7482277897 1891.48200797789 -22756327.2740525 229392.311100488
39724643.2493984 1072334641841.98 77323727998.6651 -14065.8643257776 1889.60689484659 -22756327.2740522 228673.065918703
39952396.7423256 1069128115571.21 77753877323.9639 -14092.0281162736 1887.71218828451 -22756327.2740519 227753.492927254
40179372.8974434 1065926587586.75 78182126102.8714 -14118.2558345269 1885.79660682199 -22756327.2740516 226976.155117745
40405542.5861919 1062730496160.33 78608417687.2601 -14144.544119805 1883.8602779048 -22756327.2740512 226169.68874856
40630233.3990676 1059549398614.5 79031485083.6048 -14170.8140965568 1881.90896971187 -22756327.2740509 224690.812875679
40854532.5857273 1056367941098.83 79453374675.0673 -14197.1925797991 1879.93317608392 -22756327.2740506 224299.186659684
41077868.1166858 1053194256190.06 79873008252.9343 -14223.6125188364 1877.93777669399 -22756327.2740502 223335.530958534
41300244.1320933 1050028326593.35 80290393045.1655 -14250.0740315189 1875.92268246444 -22756327.2740499 222376.01540753
41521664.7543127 1046870135032.52 80705536258.2511 -14276.5772361115 1873.88780382616 -22756327.2740496 221420.622219361
41742236.1096164 1043718205021.81 81118636044.6362 -14303.1345711463 1871.83209320844 -22756327.2740492 220571.355303643
41961945.7928069 1040572747510.83 81529668096.2614 -14329.7443706487 1869.75557663881 -22756327.2740489 219709.68319056
42180696.2181568 1037435197831.18 81938449154.1059 -14356.3945185753 1867.65910945962 -22756327.2740485 218750.425349931
42398560.8429828 1034304541786.76 82345115908.738 -14383.0936331314 1865.541926675 -22756327.2740482 217864.624825933
42615443.6253838 1031182199985.75 82749488624.7483 -14409.8295799742 1863.40490663428 -22756327.2740478 216882.78240104
42831871.2375104 1028060613618.9 83152547458.6221 -14436.6673828249 1861.24271755695 -22756327.2740475 216427.612126576
43047292.705677 1024947754048.65 83553264612.2556 -14463.5387861393 1859.06072679842 -22756327.2740472 215421.468166631
43261712.7073168 1021843600390.08 83951648893.679 -14490.4438320067 1856.85886409377 -22756327.2740468 214420.001639747
43475202.5993681 1018747163460.57 84347832790.9776 -14517.3910064769 1854.63635982686 -22756327.2740464 213489.892051322
43687735.4185688 1015658876599.8 84741766079.7975 -14544.3764777479 1852.39345029377 -22756327.2740461 212532.819200665
43899775.8058443 1012572012889.5 85134308357.674 -14571.459299019 1850.12509428351 -22756327.2740457 212040.387275555
44110815.2436565 1009494001946.71 85524516781.728 -14598.5745219204 1847.83660399518 -22756327.2740453 211039.437812213
44320843.2454878 1006425044649.44 85912372329.3326 -14625.7202028111 1845.52808003544 -22756327.274045 210028.001831274
44530353.636687 1003357953590.31 86298785679.0662 -14652.9601175568 1843.19397542365 -22756327.2740446 209510.391199217
44739316.4541679 1000293177038.49 86683698706.7087 -14680.2908534778 1840.83440035244 -22756327.2740442 208962.817480855
44947188.3303589 997238717574.689 87066109695.8278 -14707.641155537 1838.45539636084 -22756327.2740438 207871.876191075
45154033.7430545 994193680811.469 87446138186.5555 -14735.0187506351 1836.05624274395 -22756327.2740435 206845.412695531
45360338.5471859 991150944967.143 87824675816.9755 -14762.4878276367 1833.631195646 -22756327.2740431 206304.804131405
45566057.4038204 988111191386.656 88201636820.5007 -14790.0427508303 1831.18057613777 -22756327.2740427 205718.856634516
45770699.6849473 985081704620.081 88576121572.5239 -14817.6175599997 1828.71014367795 -22756327.2740423 204642.281126948
45974760.74048 982055186465.464 88949035957.4918 -14845.2787584116 1826.21383261961 -22756327.2740419 204061.055532668
46177738.6370455 979039116664.345 89319462202.3699 -14872.9580459454 1823.6977007221 -22756327.2740415 202977.896565479
46379639.1240669 976033465926.025 89687412209.5482 -14900.6553299763 1821.16171758679 -22756327.2740412 201900.487021398
46580950.7629473 973030996946.548 90053775939.0429 -14928.4373508937 1818.59966767307 -22756327.2740408 201311.638880415
46781089.7730736 970040456531.327 90417490986.0824 -14956.2231333935 1816.01892765354 -22756327.2740404 200139.010126271
46980645.0724531 967053084827.853 90779627625.2988 -14984.09402651 1813.41185037752 -22756327.27404 199555.299379508
47180055.3320011 964060134638.207 91141240592.8199 -15012.1326084894 1810.77045652706 -22756327.2740395 199410.259548013
47378181.1051703 961083072735.543 91499738257.8726 -15040.1380106567 1808.11353145204 -22756327.2740391 198125.773169161
47576131.2891031 958100445541.566 91857706074.7377 -15068.3122879547 1805.42176643385 -22756327.2740387 197950.183932853
47772475.4131644 955139116135.623 92211925298.1585 -15096.4016067804 1802.71932504551 -22756327.2740383 196344.12406127
47968645.5269783 952172254951.686 92565610461.9105 -15124.6603733256 1799.98164260837 -22756327.2740379 196170.11381391
48163669.599527 949219831273.729 92916382175.4876 -15152.8987036585 1797.22696131964 -22756327.2740375 195024.072548751
48358018.5615049 946272132843.84 93265401730.238 -15181.2092006133 1794.446191764 -22756327.2740371 194348.961977867
48551663.8047867 943329618974.457 93612616540.127 -15209.587713468 1791.63959622418 -22756327.2740367 193645.243281764
48744405.8133264 940395356667.414 93957668644.7569 -15238.0047116385 1788.80998355628 -22756327.2740362 192742.008539674
48935815.6350746 937475938459.105 94299792625.5019 -15266.3958110689 1785.96374817829 -22756327.2740358 191409.821748268
49126824.7520132 934557198258.372 94640653825.2645 -15294.8986931631 1783.08699627304 -22756327.2740354 191009.116938565
49316911.6269418 931647129245.389 94979320259.2182 -15323.4355913257 1780.18742444184 -22756327.274035 190086.874928586
49506538.7491638 928738677497.11 95316614901.5827 -15352.0759135211 1777.25783603558 -22756327.2740345 189627.122222001
49695448.7674866 925835807946.588 95652078109.6629 -15380.7810421967 1774.30200502566 -22756327.2740341 188910.018322841
49883370.6804198 922942725535.784 95985229122.4632 -15409.5093174258 1771.32412691493 -22756327.2740336 187921.912933226
50070309.2338479 920059409500.898 96316078077.6367 -15438.260602659 1768.32416429932 -22756327.2740332 186938.553428089
50256975.4803995 917174914252.572 96645881969.1154 -15467.1443842551 1765.29052886215 -22756327.2740327 186666.246551557
50442890.2799246 914296655499.332 96973791772.9105 -15496.0869697825 1762.23075869995 -22756327.2740323 185914.799525071
50628041.3984972 911424855760.369 97299785698.0379 -15525.0862059646 1759.1449575714 -22756327.2740318 185151.118572583
50812148.0649165 908563916013.127 97623370585.2465 -15554.0974399933 1756.03780138838 -22756327.2740314 184106.666419338
50995374.7143246 905711332335.754 97944837241.2281 -15583.1457259314 1752.90655144279 -22756327.2740309 183226.649408076
51178288.6032793 902858292957.296 98265179316.3362 -15612.3211825591 1749.74131796154 -22756327.2740305 182913.888954767
51360436.0568847 900011888969.96 98583600175.7481 -15641.5517953065 1746.54971889568 -22756327.27403 182147.453605355
51541389.4182769 897178856888.944 98899354352.216 -15670.7679874719 1743.33930389231 -22756327.2740296 180953.361392228
51721584.5592106 894352426052.343 99213204589.3089 -15700.0391833205 1740.10239712145 -22756327.274029 180195.140933638
51901134.6914843 891530850214.69 99525347644.8657 -15729.383621091 1736.83684249243 -22756327.2740286 179550.132273738
52080332.7783691 888709537322.196 99836290436.9445 -15758.8496305889 1733.5370519039 -22756327.2740281 179198.086884841
52258400.7121231 885900771312.054 100144682831.735 -15788.3089816628 1730.2172593346 -22756327.2740276 178067.933753917
52435692.9530102 883099013309.149 100451140895.128 -15817.8193823852 1726.87090981097 -22756327.2740272 177292.240887153
52612260.3689921 880303493956.699 100755752775.197 -15847.3889675051 1723.496959257 -22756327.2740267 176567.415981909
52788436.1796251 877508955151.196 101059091649.025 -15877.0737908466 1720.08882164905 -22756327.2740262 176175.810633007
52963785.258738 874722321254.14 101360407173.669 -15906.8006237986 1716.65473197081 -22756327.2740258 175349.07911291
53138311.485893 871943572276.17 101659707120.768 -15936.5695361985 1713.19458728368 -22756327.2740252 174526.22715496
53312033.5005153 869172452311.477 101957024503.14 -15966.3831417886 1709.70798583663 -22756327.2740248 173722.014622265
53484955.7352687 866408930690.182 102252367892.421 -15996.2416592769 1706.19480085688 -22756327.2740243 172922.23475345
53657449.3919158 863647098508.375 102546370335.189 -16026.2092282595 1702.64731503111 -22756327.2740238 172493.656647042
53829104.1944404 860893550082.246 102838331840.897 -16056.2145454963 1699.07380572415 -22756327.2740233 171654.802524649
54000318.5226278 858141920877.667 103128929378.422 -16086.3272000198 1695.46582311573 -22756327.2740228 171214.328187362
54171063.3179493 855392687317.12 103418111035.582 -16116.5426270207 1691.82368115403 -22756327.2740222 170744.795321554
54340918.8109628 852652638127.568 103705165740.919 -16146.7863546245 1688.15620868943 -22756327.2740217 169855.493013452
54510278.2970094 849915459993.226 103990758208.25 -16177.1281734446 1684.45479933131 -22756327.2740212 169359.486046588
54678308.6411632 847194669395.222 104273486065.54 -16207.4178415312 1680.73772532021 -22756327.2740207 168030.344153812
54845863.2770808 844476497987.869 104554787799.836 -16237.8082410655 1676.98616645377 -22756327.2740202 167554.635917671
55012913.6367367 841761422522.273 104834613378.705 -16268.2945964568 1673.20049121438 -22756327.2740196 167050.359655832
55179446.2335312 839049677502.613 105112938385.016 -16298.874781945 1669.38074926556 -22756327.2740191 166532.596794521
55345038.244636 836348183433.326 105389056855.283 -16329.4707435932 1665.53656357387 -22756327.2740186 165592.011104758
55509724.2834343 833656429074.679 105663029497.865 -16360.0877885978 1661.66722056389 -22756327.2740181 164686.038798358
55673899.8874462 830967983355.219 105935514896.767 -16390.7990883707 1657.76333937904 -22756327.2740176 164175.604011856
55837162.7725411 828289468262.987 106205846036.774 -16421.5290018132 1653.83440407342 -22756327.274017 163262.885094957
56000282.1444162 825605920560.842 106475531874.061 -16452.4498237619 1649.85814716343 -22756327.2740165 163119.371875108
56162451.1139184 822935340421.244 106742764207.102 -16483.3545491832 1645.86098747585 -22756327.274016 162168.969502189
56324259.6270643 820265685636.561 107008752630.392 -16514.3824902926 1641.82478047645 -22756327.2740154 161808.513145833
56485096.2864307 817607074431.401 107272492383.533 -16545.4161456678 1637.76466032012 -22756327.2740149 160836.659366472
56645346.5381884 814953176971.19 107534617219.015 -16576.52921238 1633.67088312361 -22756327.2740143 160250.251757656
56804997.721235 812304227291.44 107795105897.834 -16607.7192173832 1629.5435918811 -22756327.2740138 159651.183046564
56963690.0078514 809666237637.837 108053373141.196 -16638.9151608201 1625.39208168375 -22756327.2740132 158692.286616415
57121620.6480824 807035978818.909 108309742864.89 -16670.1548033698 1621.21126451377 -22756327.2740126 157930.640231045
57279323.575646 804404574083.777 108565080175.392 -16701.5440801795 1616.98673750582 -22756327.274012 157702.927563625
57436036.368367 801784771642.991 108818150482.366 -16732.9311265329 1612.73876530752 -22756327.2740115 156712.792720932
57591967.8869605 799173132710.063 109069294485.053 -16764.3566189685 1608.46179439773 -22756327.2740109 155931.5185935
57747450.0112291 796564126249.848 109319046730.93 -16795.8872878957 1604.14657223256 -22756327.2740103 155482.12426863
57902292.903507 793960958706.547 109567101425.49 -16827.4847413293 1599.79814962207 -22756327.2740098 154842.89227792
58056276.84916 791367364352.045 109813108440.583 -16859.1034608559 1595.42268270792 -22756327.2740092 153983.945652989
58209758.4837492 788777370462.367 110057638548.572 -16890.8162446497 1591.00995787998 -22756327.2740086 153481.634589223
58362594.6648993 786193416783.206 110300463340.196 -16922.5934843982 1586.56390542769 -22756327.274008 152836.181150044
58514625.0654306 783618252762.892 110541329801.215 -16954.4012139326 1582.08916070731 -22756327.2740074 152030.400531341
58666715.1250722 781038237848.312 110781511963.515 -16986.4086464523 1577.56164501028 -22756327.2740067 152090.059641575
58817751.8258816 778470252800.36 111019438659.145 -17018.4068271864 1573.01068700804 -22756327.274006 151036.700809423
58968439.5488839 775903369932.172 111256126610.617 -17050.5319027709 1568.41677843641 -22756327.2740054 150687.723002299
59118069.4834144 773349700886.824 111490464088.858 -17082.6321739603 1563.8014855105 -22756327.2740048 149629.934530452
59267353.6905411 770797130666.805 111723567896.462 -17114.8598091373 1559.14280199225 -22756327.2740042 149284.207126764
59415924.6968672 768251963610.625 111954863527.634 -17147.1355714789 1554.45196858685 -22756327.2740035 148571.006326108
59563785.909688 765714180119.668 112184358175.416 -17179.4595436828 1549.72885196664 -22756327.2740029 147861.212820783
59710926.4436489 763184006357.955 112412036951.871 -17211.8286579224 1544.97378230347 -22756327.2740023 147140.533960893
59857698.0224113 760655417170.022 112638443726.675 -17244.3202958568 1540.17518616911 -22756327.2740016 146771.578762396
60003725.7403367 758134895699.572 112863000015.289 -17276.8514118569 1535.34512847529 -22756327.2740009 146027.717925372
60149358.3286075 755616448291.785 113086242136.288 -17309.4995839287 1530.47189669872 -22756327.2740003 145632.58827083
60294238.6184024 753106277756.847 113307622742.727 -17342.1846027381 1525.56727175389 -22756327.2739996 144880.28979489
60438697.9448087 750598671071.261 113527648505.344 -17374.9810179994 1520.61988142421 -22756327.2739989 144459.326406303
60582708.4773547 748094124188.233 113746275205.602 -17407.8829566156 1515.63034357508 -22756327.2739982 144010.532546047
60725904.1027826 745599036741.875 113962948176.888 -17440.8063602414 1510.61124425058 -22756327.2739976 143195.625427884
60868625.8648522 743107500077.646 114178184836.01 -17473.8291640701 1505.55054792888 -22756327.2739969 142721.76206956
61010049.5432765 740633960792.351 114390747309.872 -17506.759102348 1500.4777017241 -22756327.2739963 141423.678424269
61151371.3236837 738155749692.699 114602588217.024 -17539.8979007748 1495.34607563295 -22756327.2739956 141321.780407227
61292196.6336634 735683352309.53 114812807514.221 -17573.1063606721 1490.17687914728 -22756327.2739949 140825.309979697
61432196.9645649 733220788384.778 115021069576.811 -17606.3302111805 1484.97844719606 -22756327.2739942 140000.330901562
61571705.4673567 730762234023.875 115227871878.96 -17639.647905607 1479.7383619409 -22756327.2739935 139508.50279172
61710410.6449374 728313213993.596 115432754455.318 -17672.9844758161 1474.46826705511 -22756327.2739928 138705.177580763
61848658.1262759 725867659487.619 115636229405.782 -17706.4224812277 1469.15495416594 -22756327.2739921 138247.481338444
61986391.5696524 723426586572.344 115838213125.571 -17739.9484380672 1463.80032424845 -22756327.2739914 137733.443376573
62123290.4855919 720995713827.554 116038238008.097 -17773.4835963787 1458.41682557062 -22756327.2739907 136898.915939504
62259821.2033635 718566792103.244 116236986675.087 -17807.1417784791 1452.98601305741 -22756327.2739901 136530.717771531
62395647.4546545 716145828665.918 116433969884.013 -17840.8399658532 1447.52107073148 -22756327.2739893 135826.251291009
62530940.6181108 713729802298.165 116629437832.833 -17874.6201590492 1442.01502593936 -22756327.2739886 135293.163456349
62665784.2218261 711317242066.706 116823510803.279 -17908.5032909407 1436.46422706062 -22756327.2739878 134843.603715221
62799875.8199628 708913591157.209 117015754968.353 -17942.4129062803 1430.88102763255 -22756327.2739871 134091.598136775
62933299.5064068 706517385397.087 117206294244.671 -17976.36927235 1425.26198849041 -22756327.2739864 133423.686443994
63066472.9242707 704121142032.226 117395724242.288 -18010.4788870371 1419.58922611089 -22756327.2739857 133173.417863874
63198758.1663115 701736368465.026 117583138684.544 -18044.5780206786 1413.88978066046 -22756327.273985 132285.242040831
63331082.9215521 699347069645.092 117769794868.028 -18078.8958910378 1408.12506724566 -22756327.2739842 132324.755240528
63462470.4716292 696969476651.993 117954425247.863 -18113.19985382 1402.33389636807 -22756327.2739834 131387.550077181
63593246.0145042 694598468561.827 118137435730.743 -18147.5631983764 1396.50382614667 -22756327.2739826 130775.542874987
63723426.2277388 692233776477.996 118318851554.187 -18181.9897467329 1390.63404142802 -22756327.2739818 130180.213234614
63853020.6964494 689875258590.21 118498687804.547 -18216.4815254627 1384.72402209217 -22756327.2739811 129594.468710561
63982004.0724276 687523409514.73 118676911235.745 -18251.0312250965 1378.77485220103 -22756327.2739803 128983.375978198
64110647.9520511 685173297724.939 118853896907.975 -18285.7116555676 1372.77374223918 -22756327.2739795 128643.879623518
64238615.344241 682831103739.704 119029181608.297 -18320.4318496135 1366.73620331405 -22756327.2739787 127967.392189876
64365909.8063779 680496804213.853 119202773687.937 -18355.1917716851 1360.66212729806 -22756327.2739779 127294.462136883
64493157.5441137 678158065696.486 119375588182.217 -18390.1759443318 1354.51891872367 -22756327.2739771 127247.737735877
64619370.3968377 675834788388.517 119546157855.991 -18425.0867858636 1348.35862587021 -22756327.2739763 126212.852723926
64745494.3432311 673507090678.867 119715945613.416 -18460.2231468731 1342.12830458296 -22756327.2739756 126123.946393472
64870618.8508137 671195073357.946 119883488678.941 -18495.2816768771 1335.88154035529 -22756327.2739747 125124.507582608
64995372.8457234 668885520987.51 120049753071.651 -18530.4621278525 1329.5826704916 -22756327.273974 124753.994909667
65119716.0130069 666579192870.135 120214683585.98 -18565.7535771985 1323.23333463796 -22756327.2739732 124343.167283459
65243241.4158402 664283673652.302 120377743269.048 -18601.0397383448 1316.85430266656 -22756327.2739724 123525.402833293
65366360.0369262 661991362588.139 120539477473.364 -18636.4372205054 1310.42434161614 -22756327.2739715 123118.62108607
65489045.774083 659702762127.888 120699851101.522 -18671.9387815091 1303.94447117437 -22756327.2739707 122685.737156756
65611001.3351322 657423451821.026 120858477907.231 -18707.4577416492 1297.43033879883 -22756327.2739699 121955.561049255
65732514.4526675 655148088525.048 121015734664.762 -18743.0772085481 1290.8665331424 -22756327.2739691 121513.117535243
65853549.9689102 652877351760.233 121171575976.724 -18778.786884681 1284.25468580216 -22756327.2739682 121035.516242685
65973979.459867 650613680965.853 121325838255.596 -18814.5484111235 1277.60169657974 -22756327.2739674 120429.490956796
66093944.9745433 648354435615.367 121478705141.43 -18850.4035265375 1270.89959278325 -22756327.2739665 119965.514676384
66213421.1865554 646100116078.601 121630144929.794 -18886.3445439998 1264.14955762046 -22756327.2739656 119476.212012051
66332231.4083171 643854090619.583 121779936328.07 -18922.3175918064 1257.36153623141 -22756327.2739647 118810.221761754
66450378.293892 641616353105.774 121928087191.701 -18958.322222739 1250.53551259043 -22756327.2739639 118146.885574838
66568143.0579701 639381606141.909 122074951831.401 -18994.4437048975 1243.65510678127 -22756327.273963 117764.76407814
66685414.1328466 637151986756.981 122220391099.023 -19030.6478789429 1236.72654209013 -22756327.2739621 117271.074876504
66802224.4589803 634926892943.418 122364446685.73 -19066.9447327218 1229.7476551567 -22756327.2739612 116810.326133661
66918548.6609334 632706832083.362 122507088102.887 -19103.3262120339 1222.71973915124 -22756327.2739604 116324.201953157
67034603.3433323 630487683944.511 122648579781.123 -19139.8604698579 1215.62929091336 -22756327.2739595 116054.68239886
67149825.1823469 628280252983.797 122788237475.199 -19176.3695026599 1208.51066699818 -22756327.2739586 115221.839014625
67264766.5142087 626073991056.622 122926733373.682 -19213.027609577 1201.32969661778 -22756327.2739577 114941.331861759
67379133.7189707 623874553658.862 123063713693.375 -19249.7412198791 1194.10441326094 -22756327.2739568 114367.204761947
67492929.6643734 621681921339.219 123199185066.299 -19286.5104061108 1186.8346333846 -22756327.2739559 113795.945402759
67606408.2437445 619491223755.164 123333450205.046 -19323.4171531893 1179.50386498872 -22756327.273955 113478.579371074
67719241.0935689 617308825931.666 123466121928.699 -19360.354365128 1172.13313171128 -22756327.273954 112832.849824372
67831484.1637007 615133686933.022 123597270422.491 -19397.3391690324 1164.71889032856 -22756327.273953 112243.070131863
67943101.8953663 612966536162.779 123726858400.857 -19434.3587006457 1157.26358795118 -22756327.2739521 111617.731665545
68054643.7891116 610795239827.219 123855609593.377 -19471.6211178677 1149.724901055 -22756327.2739511 111541.893745369
68165537.3670848 608633898178.724 123982687547.188 -19508.8850956665 1142.1512946784 -22756327.2739501 110893.577973172
68276055.505334 606475749086.524 124108495006.491 -19546.2670007346 1134.51893266984 -22756327.2739491 110518.138249221
68385931.2781927 604326034966.593 124232730404.115 -19583.6759841356 1126.84614221361 -22756327.2739481 109875.77285865
68495408.605684 602180014992.511 124355672143.632 -19621.1944385184 1119.11581347569 -22756327.2739471 109477.327491277
68604236.7071236 600042637111.509 124477041364.811 -19658.7357224711 1111.34559288021 -22756327.2739461 108828.101439644
68712670.1623939 597908933376.666 124597124764.233 -19696.3869559989 1103.51724185251 -22756327.2739451 108433.455270334
68820697.3030308 595779151842.428 124715909413.557 -19734.1442008907 1095.63125441538 -22756327.2739441 108027.140636895
68928154.5228808 593656546553.045 124833217523.527 -19771.9497744214 1087.69943950701 -22756327.2739431 107457.219849973
69035183.0296268 591538358165.492 124949205678.672 -19809.8527649862 1079.71127076912 -22756327.273942 107028.506745945
69141771.5112203 589424833278.239 125063862559.426 -19847.8490126794 1071.66733282146 -22756327.273941 106588.481593525
69247908.7773801 587316217929.73 125177177385.921 -19885.9342845546 1063.5682405969 -22756327.2739399 106137.266159783
69353613.7880697 585212159295.592 125289171612.412 -19924.115156049 1055.41231018128 -22756327.273939 105705.010689621
69458845.4500863 583113500605.498 125399803235.203 -19962.3764647695 1047.20250616182 -22756327.2739379 105231.662016647
69563580.0073033 581020744781.325 125509049668.224 -20000.7090066731 1038.94056331667 -22756327.2739369 104734.55721695
69667832.6994404 578933617117.34 125616929366.941 -20039.1177455196 1030.62517695242 -22756327.2739357 104252.692137095
69771820.544034 576847789514.706 125723666612.994 -20077.6828552749 1022.23863046799 -22756327.2739346 103987.8445936
69875042.2802735 574773349606.469 125828750234.073 -20116.2175993138 1013.82132703377 -22756327.2739336 103221.736239513
69977776.4064198 572704746640.576 125932469978.011 -20154.8242663108 1005.35084011112 -22756327.2739325 102734.126146368
70080236.5599757 570637696814.359 126035041595.038 -20193.5832654556 996.809177453468 -22756327.2739314 102460.153555901
70182161.9710322 568577481723.55 126136204743.864 -20232.3958901956 988.217767316666 -22756327.2739303 101925.411056481
70283568.0888562 566523824289.182 126235978678.785 -20271.2670240362 979.575340645428 -22756327.2739291 101406.117823969
70384678.0604533 564472226828.567 126334583850.485 -20310.2820940093 970.86258228577 -22756327.273928 101109.971597059
70485235.1391711 562427922497.724 126431771263.846 -20349.341776812 962.101370609817 -22756327.2739269 100557.078717867
70585460.0925905 560386448947.722 126527756194.646 -20388.5314242906 953.272278056658 -22756327.2739258 100224.953419344
70685111.9077672 558352742527.537 126622310069.57 -20427.756297688 944.396378643267 -22756327.2739246 99651.8151767219
70784421.8288697 556322111873.073 126715654728.88 -20467.1068693678 935.452935512379 -22756327.2739234 99309.9211025135
70883365.5182211 554295070473.944 126807767009.016 -20506.5737467757 926.443696723807 -22756327.2739222 98943.6893513519
70981706.0517815 552276503590.297 126898429629.52 -20546.0616267324 917.390186261086 -22756327.273921 98340.5335604409
71079683.9284652 550261506059.001 126987867614.252 -20585.66627861 908.270213993725 -22756327.2739199 97977.8766837042
71177262.5358049 548250850303.481 127076048128.398 -20625.3729042626 899.086832020285 -22756327.2739186 97578.6073396827
71274443.5008618 546244524464.558 127162973751.122 -20665.1820158525 889.839586460785 -22756327.2739174 97180.9650569375
71371098.9122019 544245198664.327 127248532985.265 -20705.0405348201 880.540549957676 -22756327.2739163 96655.411340041
71467294.3159551 542251550329.848 127332787707.415 -20744.9745343351 871.183422779387 -22756327.273915 96195.4037532132
71563072.7470642 540262714492.883 127415778019.878 -20785.001352215 861.76385871889 -22756327.2739137 95778.4311091778
71658514.0970786 538277051908.375 127497573876.963 -20825.1543476928 852.273645011296 -22756327.2739125 95441.3500143655
71753491.9018119 536297216315.82 127578068336.864 -20865.3800797831 842.725079595861 -22756327.2739113 94977.8047332986
71848008.4126387 534323191070.286 127657266582.423 -20905.6787248549 833.117868313088 -22756327.2739101 94516.5108267939
71942154.7122404 532353098672.122 127735246932.829 -20946.088720691 823.442534812019 -22756327.2739089 94146.2996017041
72035831.4046487 530389044541.641 127811929242.263 -20986.5669545636 813.709094874441 -22756327.2739077 93676.6924083417
72129028.5182704 528431270019.73 127887309191.774 -21027.1081771768 803.918577946138 -22756327.2739064 93197.1136217224
72221960.9331825 526475281126.391 127961561480.996 -21067.8057985671 794.048055100659 -22756327.2739052 92932.414912093
72314380.7904875 524526316787.645 128034489517.68 -21108.551050866 784.123557924372 -22756327.2739038 92419.8573049638
72406500.7654631 522579916478.908 128106263133.087 -21149.4373073095 774.122017391784 -22756327.2739025 92119.9749755666
72498088.237204 520641021040.911 128176703465.322 -21190.3608245532 764.068500543331 -22756327.2739013 91587.4717409103
72589268.1008694 518707019023.167 128245910637.284 -21231.3764111669 753.94930803799 -22756327.2739 91179.8636654016
72680115.0094229 516776347432.712 128313942424.366 -21272.5175331275 743.755808373231 -22756327.2738987 90846.9085535625
72770508.7683367 514851584048.519 128380710680.07 -21313.7294220544 733.501228809185 -22756327.2738974 90393.7589137788
72860535.4647819 512930921470.345 128446281432.01 -21355.0508193291 723.17561086445 -22756327.273896 90026.6964451943
72950100.9484862 511016394662.618 128510588740.588 -21396.437947559 712.789582119421 -22756327.2738946 89565.4837043139
73039290.4763208 509106208230.897 128573696655.163 -21437.9295814525 702.333107117447 -22756327.2738933 89189.5278345985
73128093.3994759 507200612794.309 128635599374.404 -21479.5204775298 691.807147402782 -22756327.2738919 88802.9231550561
73216499.1984904 505299858103.616 128696291689.002 -21521.2053047573 681.212707820463 -22756327.2738905 88405.7990144939
73304404.1333701 503406205924.682 128755706386.505 -21562.9341805495 670.562209692219 -22756327.273889 87904.9348797366
73392009.3875779 501515347732.161 128813981966.487 -21604.80208819 659.831079784053 -22756327.2738877 87605.2542077947
73479094.4275438 499632070257.433 128870974637.431 -21646.7029965444 649.046181085316 -22756327.2738863 87085.0399658718
73565870.4604849 497751833489.065 128926825742.19 -21688.7378320705 638.181229248229 -22756327.2738849 86776.0329411649
73652210.5597467 495877409996.931 128981455410.765 -21730.8448063635 627.251823332093 -22756327.2738835 86340.099261744
73738208.1190471 494006796839.078 129034925160.102 -21773.0689832295 616.24592048362 -22756327.2738821 85997.559300392
73823761.7439402 492142224823.612 129087174573.053 -21815.360036556 605.176299785805 -22756327.2738807 85553.624893143
73908963.9600217 490281703422.867 129138262991.283 -21857.7631006452 594.030815905294 -22756327.2738793 85202.2160815354
73993792.2718258 488425745558.188 129188178658.153 -21900.2667115833 582.812093734854 -22756327.2738778 84828.3118040708
74078236.3740537 486574600629.402 129236917849.498 -21942.8652558269 571.521253247479 -22756327.2738764 84444.1022279128
74162286.0955981 484728516992.68 129284477444.923 -21985.5530301711 560.15946171535 -22756327.2738749 84049.7215443437
74245931.4036413 482887741851.713 129330854930.568 -22028.3242433204 548.727933965636 -22756327.2738735 83645.3080432719
74329262.2057365 481050318485.912 129376102014.919 -22071.2245700153 537.214067852413 -22756327.2738719 83330.8020951145
74412168.4510784 479218696802.643 129420161212.138 -22114.1969326041 525.632805201586 -22756327.2738705 82906.2453419039
74494652.302714 477392859432.857 129463037879.884 -22157.2414440236 513.983832749706 -22756327.2738689 82483.851635636
74576802.3803537 475570869439.409 129504780783.994 -22200.4038022874 502.254422248762 -22756327.2738674 82150.0776396695
74658596.4220647 473753241145.062 129545380211.158 -22243.6720989771 490.447390046558 -22756327.2738659 81794.0417110585
74739938.8498405 471942126857.793 129584792466.609 -22286.9949102154 478.576454615688 -22756327.2738643 81342.4277757845
74821002.2930728 470133706444.023 129623103634.725 -22330.4637134409 466.616166537953 -22756327.2738628 81063.4432322768
74901679.3263073 468330395847.069 129660264285.883 -22374.0207767023 454.581967864559 -22756327.2738612 80677.0332345228
74981876.3444637 466534320042.42 129696236333.253 -22417.6143116791 442.487909969818 -22756327.2738596 80197.0181564109
75061859.0710446 464739549528.422 129731140944.681 -22461.3884425596 430.29359207323 -22756327.2738581 79982.7265808416
75141414.1443293 462950890341.686 129764886099.594 -22505.2263529495 418.031090773135 -22756327.2738565 79555.07328473
75220638.1396455 461166197260.899 129797516045.229 -22549.1805462891 405.685363210689 -22756327.2738549 79223.9953162477
75299405.1413807 459388335023.997 129828982828.868 -22593.1802592935 393.275959123425 -22756327.2738533 78767.0017351934
75377832.7651459 457614677830.289 129859337574.447 -22637.2902193529 380.784306265132 -22756327.2738517 78427.6237651896
75455992.5914446 455843623430.305 129888608653.119 -22681.5507795256 368.198475366036 -22756327.2738501 78159.8262986971
75533700.3357905 454079371771.948 129916729897.714 -22725.8570082007 355.547913884527 -22756327.2738485 77707.7443458242
75611050.369542 452319810573.002 129943740079.636 -22770.2615942841 342.817277117717 -22756327.2738469 77350.0337515167
75688101.6313043 450563619344.711 129969661553.954 -22814.7981321981 329.996479859331 -22756327.2738452 77051.2617622909
75764754.448329 448813092991.827 129994463408.267 -22859.4085103578 317.101838355399 -22756327.2738436 76652.8170247203
75841099.7078665 447066179753.844 130018177899.363 -22904.1450546086 304.117823745826 -22756327.2738418 76345.2595375248
75917025.6684199 445325461870.939 130040773649.387 -22948.9415704324 291.063266856209 -22756327.2738401 75925.960553427
75992624.2025431 443588859907.977 130062281789.642 -22993.8514058414 277.922261280174 -22756327.2738383 75598.5341231262
76067963.5207443 441854823224.697 130082722431.004 -23038.9151815367 264.682391549354 -22756327.2738366 75339.3182012152
76142921.1585367 440126190548.646 130102064178.791 -23084.0593988431 251.364778921249 -22756327.2738348 74957.637792397
76217499.0495711 438402945625.491 130120311830.347 -23129.2842114212 237.969035195066 -22756327.273833 74577.8910343996
76291710.3887465 436684811044.047 130137472693.454 -23174.5966785189 224.492712107544 -22756327.2738312 74211.3391754483
76365610.6218192 434970526099.447 130153562358.948 -23220.0301205847 210.925467862317 -22756327.2738294 73900.2330727299
76439125.2822931 433261842633.011 130168567843.151 -23265.5380800674 197.280765594049 -22756327.2738276 73514.6604738902
76512245.2434102 431559003057.548 130182492299.417 -23311.1136752655 183.560354245127 -22756327.2738258 73119.9611171339
76585047.4688322 429860240829.415 130195354091.329 -23356.8040543405 169.749650636626 -22756327.2738241 72802.2254219367
76657522.1693798 428165805731.846 130207153882.574 -23402.6026617396 155.850170837667 -22756327.2738222 72474.7005476577
76729659.6853507 426475946444.689 130217892962.585 -23448.5028363034 141.863493202277 -22756327.2738204 72137.5159708455
76801524.2721206 424789176968.18 130227582675.512 -23494.5452467958 127.776716998166 -22756327.2738186 71864.5867699319
76873021.3147863 423107739507.191 130236212745.941 -23540.668840311 113.608048832925 -22756327.2738166 71497.042665719
76944136.8558597 421431991414.171 130243786346.261 -23586.8634342041 99.3602743744834 -22756327.2738148 71115.5410733465
77015033.9668017 419758109035.004 130250322588.419 -23633.2347544115 85.0002624418509 -22756327.2738129 70897.1109419909
77085585.2866345 418089115941.656 130255810769.047 -23679.6995219585 70.5532358417178 -22756327.273811 70551.3198328085
77155721.2052573 416426689291.027 130260250835.322 -23726.2105566126 56.0335399340489 -22756327.2738091 70135.9186228439
77225608.448382 414766901003.126 130263656671.802 -23772.8777287705 41.4064318950876 -22756327.2738071 69887.2431246979
77295143.8550978 413112220619.096 130266025266.443 -23819.6318733781 26.6930678754651 -22756327.2738051 69535.4067157877
77364388.5855982 411461215346.596 130267361699.223 -23866.5135259985 11.8802206065835 -22756327.2738031 69244.7305003551
77433240.9720034 409816334850.774 130267667983.08 -23913.4529572984 -3.0104953498096 -22756327.273801 68852.3864052909
77501794.5837979 408175370072.45 130266948765.946 -23960.5129811265 -17.9994126467569 -22756327.2737991 68553.6117944212
77570109.1627379 406536906613.602 130265204280.914 -24007.7347012519 -33.1002301676558 -22756327.2737972 68314.5789400196
77638004.4311441 404905292575.246 130262442779.938 -24054.9927128404 -48.2732930060195 -22756327.2737952 67895.2684061983
77705641.0597425 403276692655.564 130258661889.876 -24102.3978979528 -63.5546238884096 -22756327.273793 67636.6285983993
77772998.1706237 401651625615.689 130253863817.076 -24149.9356651527 -78.9401294500942 -22756327.273791 67357.1108811927
77839909.8240991 400034124438.006 130248065793.923 -24197.4875527284 -94.3918243686064 -22756327.273789 66911.6534754203
77906612.4466158 398418498437.556 130241251189.803 -24245.2207285811 -109.964480151265 -22756327.2737869 66702.6225167365
77972929.6243887 396809041080.714 130233440575.371 -24293.0085137908 -125.617300810472 -22756327.2737848 66317.1777728266
78038922.0468654 395204308409.517 130224632131.807 -24340.8933188502 -141.36454744549 -22756327.2737827 65992.4224767035
78104686.6970952 393601959841.5 130214814602.948 -24388.9453575634 -157.229903330395 -22756327.2737807 65764.6502298513
78170050.1745676 392006243655.656 130204017450.279 -24437.0371710422 -173.17176792499 -22756327.2737786 65363.477472366
78235155.8637818 390413685105.986 130192221349.649 -24485.2732444108 -189.225216382763 -22756327.2737764 65105.6892142285
78299983.358568 388824800305.145 130179431482.453 -24533.6383707096 -205.385806749988 -22756327.2737741 64827.4947861464
78364458.7159136 387241425479.976 130165666267.293 -24582.0765439294 -221.635305333839 -22756327.2737721 64475.3573456102
78428637.3182999 385662225976.619 130150918239.623 -24630.6283613562 -237.987782746923 -22756327.27377 64178.6023863297
78492509.9393959 384087451035.878 130135192832.679 -24679.2861703491 -254.441181266558 -22756327.2737678 63872.6210959822
78556078.0380141 382517087615.307 130118493266.047 -24728.0503245105 -270.996127986121 -22756327.2737657 63568.098618176
78619395.6582235 380949819631.855 130100807612.999 -24776.9619471763 -287.667177871541 -22756327.2737634 63317.620209478
78682369.5108001 379387978244.9 130082165252.455 -24825.9483010123 -304.430071757882 -22756327.2737613 62973.8525765954
78745126.0096965 377828447919.297 130062531312.183 -24875.1072989449 -321.318901822991 -22756327.273759 62756.4988963396
78807510.5552988 376275092470.858 130041957502.561 -24924.3171602151 -338.292370332473 -22756327.2737566 62384.5456023213
78869597.0606146 374726099521.002 130020424916.479 -24973.6348216109 -355.370526325839 -22756327.2737543 62086.5053157533
78931376.5288264 373181716926.09 129997940578.024 -25023.0522767896 -372.551110231413 -22756327.273752 61779.4682118433
78992900.8514301 371640667842.162 129974488474.878 -25072.6105094108 -389.848954184012 -22756327.2737498 61524.3226037098
79054100.2398266 370104722149.105 129950098621.918 -25122.2526051097 -407.244746199202 -22756327.2737475 61199.3883965141
79115026.0696045 368572613789.121 129924754508.913 -25172.0193591072 -424.753304691207 -22756327.2737451 60925.8297778344
79175669.193983 367044593108.772 129898462877.423 -25221.9027570773 -442.372403889475 -22756327.2737427 60643.12437859
79236020.5956283 365520909143.489 129871231124.171 -25271.8946597675 -460.099731909861 -22756327.2737404 60351.4016452357
79296071.3908715 364001809489.243 129843067298.433 -25321.9868060031 -477.932890569941 -22756327.2737378 60050.7952432034
79355812.8338233 362487540174.578 129813980098.626 -25372.1708158712 -495.869395300766 -22756327.2737355 59741.4429518163
79415246.5181152 360978086281.774 129783973627.407 -25422.4468507723 -513.909787532021 -22756327.2737331 59433.6842919507
79474490.2128793 359470473405.308 129752990151.128 -25472.9143913938 -532.090461659078 -22756327.2737307 59243.6947640578
79533398.3533859 357968424672.805 129721108348.03 -25523.4490239553 -550.36724658602 -22756327.2737283 58908.1405065712
79592029.9927982 356470459867.257 129688301242.897 -25574.1001954008 -568.758517136716 -22756327.2737258 58631.6394123579
79650334.8259414 354977889248.843 129654601825.675 -25624.8232816956 -587.248574503189 -22756327.2737232 58304.8331431753
79708412.5591775 353488181799.051 129619956020.152 -25675.7042826541 -605.869364045095 -22756327.2737208 58077.7332360773
79766177.4826187 352003556485.199 129584418201.953 -25726.6674691869 -624.593792361074 -22756327.2737184 57764.9234412075
79823687.083862 350522558585.081 129547957111.651 -25777.7626357616 -643.440722566799 -22756327.2737158 57509.6012433393
79880876.9658555 349046869920.689 129510617969.791 -25828.9315490569 -662.389227184087 -22756327.2737132 57189.8819934907
79937814.0673466 347574786652.41 129472361473.583 -25880.233078641 -681.461663142003 -22756327.2737106 56937.1014911282
79994524.4216975 346105652088.403 129433171953.237 -25931.6905146588 -700.66742903122 -22756327.2737081 56710.3543508363
80050934.3730602 344641394540.661 129393103565.9 -25983.2363817691 -719.981987231182 -22756327.2737055 56409.9513627531
80107099.6557126 343180588992.281 129352120568.563 -26034.9207715663 -739.424719159562 -22756327.2737028 56165.2826523828
80163001.3743187 341723745880.73 129310239600.857 -26086.7257899888 -758.98957983396 -22756327.2737002 55901.7186061208
80218630.8260389 340271113270.734 129267470914.841 -26138.6425730438 -778.673852204218 -22756327.2736976 55629.4517202257
80273979.4403486 338822937708.191 129223825422.376 -26190.6621260076 -798.474719856845 -22756327.2736949 55348.6143097161
80329101.508213 337377818006.035 129179263355.631 -26242.8349054852 -818.41207903321 -22756327.2736922 55122.0678644008
80383915.8500914 335937903984.395 129133854269.451 -26295.0832108927 -838.456869611181 -22756327.2736896 54814.341878394
80438433.9508537 334502921109.601 129087594755.98 -26347.4163946559 -858.613160888688 -22756327.2736867 54518.1007622436
80492709.2857018 333071484063.914 129040443681.932 -26399.8848179553 -878.900968912311 -22756327.2736841 54275.3348481295
80546774.9768178 331642734829.739 128992373956.685 -26452.5203879764 -899.333441258103 -22756327.2736812 54065.6911159682
80600551.1928374 330218802386.79 128943459736.35 -26505.2447713356 -919.880878312358 -22756327.2736784 53776.216019632
80654090.2950342 328798321907.911 128893657486.981 -26558.1083839684 -940.563576330993 -22756327.2736754 53539.1021967794
80707319.2193432 327383255332.16 128843040000.271 -26611.0379141425 -961.353451328043 -22756327.2736726 53228.9243089857
80760259.1636614 325973066816.376 128791593655.754 -26664.0526928298 -982.258573561524 -22756327.2736698 52939.9443182045
80812956.0259332 324566556265.563 128739278388.129 -26717.197608648 -1003.29727263692 -22756327.2736668 52696.8622717912
80865401.3068901 323163970204.468 128686106080.852 -26770.4633843656 -1024.46659107624 -22756327.2736639 52445.2809568923
80917636.029528 321764228721.762 128632037624.649 -26823.8913056265 -1045.78373115498 -22756327.273661 52234.7226378984
80969641.7576336 320367841364.755 128577093927.274 -26877.4623597874 -1067.24195819602 -22756327.273658 52005.7281056179
81021351.6978604 318976624055.344 128521350188.35 -26931.1066349106 -1088.81391485566 -22756327.2736551 51709.9402267749
81072767.532532 317590559392.809 128464811427.098 -26984.824019038 -1110.50004028271 -22756327.2736521 51415.8346716385
81123996.7307453 316206769441.912 128407362846.695 -27038.7261077995 -1132.34613815691 -22756327.2736491 51229.1982133218
81175001.6984679 314826283375.322 128349047771.734 -27092.7734157445 -1154.33713319577 -22756327.273646 51004.9677226156
81225717.0546788 313450892927.54 128289945574.434 -27146.8955546427 -1176.44505579758 -22756327.273643 50715.3562109038
81276200.949523 312079043950.384 128229993433.281 -27201.1533618823 -1198.69540817777 -22756327.27364 50483.8948441498
81326435.5567958 310711240589.411 128169216211.268 -27255.5268862609 -1221.08076205248 -22756327.2736369 50234.6072727865
81376403.3063701 309347984006.687 128107640130.402 -27309.9958817291 -1243.59344255822 -22756327.2736338 49967.7495742827
81426124.3170789 307988747995.77 128045245368.369 -27364.5810477479 -1266.2426702252 -22756327.2736308 49721.0107088224
81475627.1304281 306632771154.467 127981999514.559 -27419.3130220461 -1289.04195200298 -22756327.2736275 49502.8133491891
81524903.3411302 305280301037.971 127917916100.419 -27474.1820260388 -1311.98806464967 -22756327.2736244 49276.2107020776
81573890.1011722 303933085928.228 127853082182.108 -27529.1167221034 -1335.05183034848 -22756327.2736211 48986.7600420909
81622688.5284154 302588365208.498 127787368013.939 -27584.2295750358 -1358.28122737918 -22756327.2736179 48798.4272432021
81671217.3926485 301248396098.182 127720886467.388 -27639.4281186102 -1381.63809716981 -22756327.2736146 48528.8642330172
81719478.1829401 299913163000.222 127653641859.83 -27694.7123282501 -1405.12301876243 -22756327.2736113 48260.7902916521
81767521.0852163 298581298797.535 127585568903.253 -27750.1385669416 -1428.76066895476 -22756327.2736081 48042.902276147
81815324.1435397 297253431332.999 127516702437.357 -27805.6806912009 -1452.54071191636 -22756327.2736048 47803.0583234877
81862941.4268665 295928075301.04 127446967224.188 -27861.4010823573 -1476.49076593583 -22756327.2736013 47617.2833267139
81910327.6095435 294606508279.545 127376432054.979 -27917.2463448011 -1500.58881856465 -22756327.273598 47386.1826770958
81957474.6435705 293288975313.773 127305113317.226 -27973.2059436277 -1524.83110563966 -22756327.2735944 47147.0340269022
82004383.7358829 291975463976.556 127233013930.129 -28029.2801424912 -1549.21850165252 -22756327.273591 46909.0923124366
82051047.0086002 290666216858.413 127160151084.305 -28085.4582361504 -1573.74708875664 -22756327.2735876 46663.2727173332
82097517.0090212 289359777989.547 127086446255.149 -28141.802739588 -1598.44503821939 -22756327.2735842 46470.0004209375
82143758.1943847 288057163663.805 127011958792.752 -28198.2700014281 -1623.29414585921 -22756327.2735807 46241.1853635682
82189762.647526 286758617768.085 126936706120.53 -28254.8492050922 -1648.29044617913 -22756327.2735771 46004.4531413006
82235531.5803981 285464127657.877 126860691269.055 -28311.5405707362 -1673.43480813118 -22756327.2735737 45768.9328720706
82281057.2462918 284173934694.095 126783932460.584 -28368.3331101533 -1698.72310624355 -22756327.2735701 45525.6658937127
82326340.9381983 282888025183.272 126706433215.694 -28425.2269202675 -1724.15610769611 -22756327.2735665 45283.6919064527
82371415.5287545 281605485821.275 126628141770.334 -28482.2622069693 -1749.75262021943 -22756327.273563 45074.5905562165
82416258.7949898 280326968329.439 126549100901.519 -28539.4098652802 -1775.50045105272 -22756327.2735594 44843.2662352925
82460926.1724713 279050908862.743 126469215868.797 -28596.739980406 -1801.43216080006 -22756327.2735557 44667.3774814764
82505343.161519 277779454163.872 126388623703.179 -28654.1560806597 -1827.50503250388 -22756327.2735519 44416.9890477056
82549559.3421038 276511205683.692 126307239287.761 -28711.7210322204 -1853.74844940813 -22756327.2735482 44216.1805848156
82593557.9727177 275246661615.58 126225097081.635 -28769.4122368013 -1880.15305811254 -22756327.2735445 43998.6306138972
82637350.7521854 273985504284.479 126142179165.916 -28827.2441321482 -1906.72639978286 -22756327.2735407 43792.7794677028
82680921.0767448 272728230958.367 126058521180.749 -28885.1937889303 -1933.45885462225 -22756327.2735369 43570.3245594604
82724252.5987928 271475335468.913 125974160128.086 -28943.2379592999 -1960.34049425122 -22756327.2735332 43331.5220479226
82767374.322566 270226000317.78 125889044741.748 -29001.4141339631 -1987.38952155928 -22756327.2735293 43121.7237732909
82810269.8824174 268980719825.137 125803212113.041 -29059.6990164167 -2014.59598909417 -22756327.2735254 42895.5598514001
82852977.9669364 267738389184.571 125716588790.918 -29118.1442493702 -2041.98497129155 -22756327.2735217 42708.084518939
82895482.0148686 266499506673.49 125629211504.523 -29176.7265353537 -2069.54660368393 -22756327.2735177 42504.0479322186
82937747.2844083 265265106082.808 125541157013.576 -29235.3965702882 -2097.25854787337 -22756327.2735139 42265.2695397227
82979820.4049582 264033845793.099 125452333109.672 -29294.2178027423 -2125.15167626125 -22756327.2735099 42073.1205498528
83021666.8428287 262806755733.832 125362817230.91 -29353.1408153046 -2153.20350347204 -22756327.2735058 41846.437870548
83063297.3736445 261583541460.11 125272591947.702 -29412.1792516336 -2181.42137879715 -22756327.2735019 41630.5308157742
83104731.0969272 260363660800.811 125181620321.214 -29471.3590832575 -2209.81868721943 -22756327.2734978 41433.7232827316
83145951.9263508 259147606248.997 125089942088.726 -29530.6562303915 -2238.38485756416 -22756327.2734938 41220.8294235645
83186987.9006886 257934568575.312 124997498879.988 -29590.1100754909 -2267.13989617547 -22756327.2734897 41035.9743378388
83227805.2910266 256725563393.348 124904371001.508 -29649.6706768966 -2296.06065912682 -22756327.2734855 40817.3903379141
83268422.7177883 255520059215.989 124810521035.13 -29709.3638618144 -2325.16063528738 -22756327.2734814 40617.4267617173
83308850.0854237 254317779705.344 124715930009.991 -29769.2032547639 -2354.44753515885 -22756327.2734772 40427.3676354109
83349071.4552958 253119217149.197 124620639483.6 -29829.1642036363 -2383.91033724952 -22756327.2734728 40221.3698720831
83389096.570182 251924100184.592 124524630998.436 -29889.2600400933 -2413.55661035756 -22756327.2734687 40025.114886189
83428918.0217456 250732668897.959 124427926938.247 -29949.4784494894 -2443.3813074474 -22756327.2734644 39821.451563676
83468528.5244602 249545161600.706 124330550359.651 -30009.8069484782 -2473.37920772338 -22756327.2734601 39610.5027145145
83507962.6705299 248360559219.541 124232420451.808 -30070.2971646518 -2503.57706724356 -22756327.2734557 39434.1460697524
83547187.9894305 247179855090.051 124133622240.453 -30130.8982306427 -2533.95058630459 -22756327.2734514 39225.3189006258
83586213.8542247 246002787218.223 124034137481.084 -30191.6231518578 -2564.50727216745 -22756327.2734472 39025.8647941199
83625049.4017116 244829098609.64 123933947495.672 -30252.4849391488 -2595.25474574068 -22756327.2734426 38835.547486904
83663695.317683 243658786347.344 123833054766.375 -30313.4835898806 -2626.19412637602 -22756327.2734381 38645.9159714751
83702144.313283 242492089693.895 123731482968.801 -30374.6063750336 -2657.32004779998 -22756327.2734335 38448.995600016
83740405.1878986 241328760158.586 123629213524.184 -30435.8660483102 -2688.64010262849 -22756327.273429 38260.8746155459
83778470.6958486 240169036547.046 123526270487.191 -30497.2497630481 -2720.14882825134 -22756327.2734244 38065.5079499628
83816349.4502522 239012674942.527 123422635278.821 -30558.7701500283 -2751.85382095072 -22756327.2734198 37878.7544036158
83854034.2503086 237859913659.405 123318332341.276 -30620.4142422483 -2783.74951779915 -22756327.2734152 37684.8000564587
83891509.9453591 236711236830.031 123213409515.745 -30682.1555536367 -2815.8232198103 -22756327.2734104 37475.6950504164
83928801.1460776 235565910038.427 123107803453.777 -30744.0330524013 -2848.09622191093 -22756327.2734058 37291.2007185296
83965916.0533626 234423698422.633 123001494997.849 -30806.0593108165 -2880.57630165614 -22756327.2734011 37114.9072849895
84002839.4659654 233285087583.544 122894532184.976 -30868.2077281496 -2913.25071473422 -22756327.2733964 36923.4126028162
84039564.3998661 232150312859.434 122786940923.574 -30930.4649147508 -2946.11348915266 -22756327.2733917 36724.9339007118
84076113.8815019 231018681347.17 122678658739.956 -30992.8685215169 -2979.18565161062 -22756327.273387 36549.4816357592
84112480.7918852 229890430694.1 122569711018.324 -31055.4052607073 -3012.46139854922 -22756327.2733821 36366.9103833655
84148679.6042429 228765128537.74 122460058411.344 -31118.0989882253 -3045.9547056058 -22756327.2733773 36198.8123577044
84184680.6574041 227643715149.662 122349795633.036 -31180.8969817956 -3079.63860507425 -22756327.2733724 36001.0531611439
84220499.5079237 226525725602.591 122238880708.948 -31243.8247238834 -3113.527884914 -22756327.2733675 35818.8505195873
84256151.4811413 225410698416.417 122127270385.421 -31306.9080244744 -3147.63773956175 -22756327.2733625 35651.9732176534
84291613.8099198 224299363322.63 122015040610.519 -31370.1053060015 -3181.94694044422 -22756327.2733575 35462.3287784737
84326893.8244866 223191509866.147 121902173747.743 -31433.4280055151 -3216.46286028532 -22756327.2733525 35280.0145668533
84362006.510103 222086684749.107 121788626362.936 -31496.9017805179 -3251.20077934114 -22756327.2733474 35112.6856163589
84396937.0877645 220985370358.937 121674450837.659 -31560.4986407699 -3286.14667612993 -22756327.2733422 34930.5776615186
84431678.7612007 219887800513.594 121559675201.616 -31624.2044783483 -3321.29396533918 -22756327.2733371 34741.6734361633
84466252.2490776 218793338994.717 121444236190.403 -31688.0557809995 -3356.66402851544 -22756327.2733318 34573.4878769503
84500664.2369335 217701789990.662 121328115307.353 -31752.0638927931 -3392.26457101205 -22756327.2733267 34411.9878558681
84534886.5895112 216614063952.351 121211412553.57 -31816.1750131192 -3428.0669585476 -22756327.2733214 34222.3525777315
84568933.7404043 215529721556.485 121094084601.85 -31880.414398374 -3464.08649770877 -22756327.2733162 34047.150893059
84602798.960515 214448995931.148 120976160226.786 -31944.7676785428 -3500.31637978775 -22756327.273311 33865.2201107106
84636509.644831 213371029772.827 120857548595.145 -32009.2856162244 -3536.78656686517 -22756327.2733056 33710.6843159774
84670051.2780144 212296303048.624 120738304729.392 -32073.9393592378 -3573.48221958411 -22756327.2733001 33541.6331833817
84703409.5794245 211225292047.796 120618485022.963 -32138.6996773121 -3610.38802830863 -22756327.2732947 33358.3014101223
84736590.8810896 210157813080.328 120498072900.925 -32203.5769500531 -3647.51113347872 -22756327.2732891 33181.3016650644
84769616.4374512 209093199411.237 120376995971.233 -32268.6113528431 -3684.87593564976 -22756327.2732836 33025.5563616324
84802477.1207597 208031761259.521 120255291851.83 -32333.7837434122 -3722.47293417824 -22756327.2732782 32860.6833085638
84835166.2667354 206973731520.507 120132990359.356 -32399.0793633818 -3760.29500505013 -22756327.2732726 32689.1459756651
84867689.7754621 205918937051.891 120010074695.961 -32464.5083980136 -3798.34943308868 -22756327.2732669 32523.5087266499
84900041.052939 204867609717.229 119886575200.895 -32530.0559226069 -3836.62891727887 -22756327.2732612 32351.2774769751
84932225.8737449 203819580064.92 119762475397.715 -32595.7319159235 -3875.14065822192 -22756327.2732556 32184.8208058181
84964249.8682604 202774681953.893 119637758588.341 -32661.5463497353 -3913.8919596087 -22756327.2732496 32023.9945155597
84996099.1097427 201733387930.159 119512484605.732 -32727.4688586908 -3952.86633680553 -22756327.2732439 31849.2414823173
85027805.8438993 200694660174.429 119386531238.443 -32793.5648040546 -3992.10396630799 -22756327.2732383 31706.7341565312
85059336.833456 199659604207.085 119260035300.214 -32859.7634516526 -4031.56438377942 -22756327.2732322 31530.989556705
85090728.3423657 198627046062.291 119132855996.711 -32926.139518109 -4071.29368215492 -22756327.2732261 31391.5089097453
85121947.4168665 197598085929.075 119005131429.342 -32992.6219356525 -4111.25090524658 -22756327.2732203 31219.0745007329
85153006.5539765 196572330306.985 118876816381.526 -33059.2354233984 -4151.45233241383 -22756327.2732147 31059.1371100834
85183910.7939658 195549629494.663 118747894991.458 -33125.9892511842 -4191.9051199744 -22756327.2732086 30904.2399892601
85214646.4734759 194530453383.464 118618429843.541 -33192.8521222984 -4232.59179452397 -22756327.2732024 30735.6795101492
85245225.7784182 193514415894.062 118488375387.479 -33259.8486824896 -4273.52883350202 -22756327.2731962 30579.3049422939
85275653.5119005 192501373843.016 118357716037.256 -33326.9879406131 -4314.72336259525 -22756327.2731904 30427.7334823036
85305927.1750759 191491426710.083 118226467319.425 -33394.262879341 -4356.17271902012 -22756327.2731842 30273.6631753385
85336040.4138194 190484803761.545 118094662226.652 -33461.6576214089 -4397.86868979246 -22756327.2731779 30113.2387434853
85365997.8549186 189481367910.071 117962286163.945 -33529.1806773633 -4439.8180949644 -22756327.2731717 29957.4410992742
85395811.1060766 188480746395.844 117829292576.865 -33596.8567089757 -4482.03795336598 -22756327.2731653 29813.2511579279
85425459.661934 187483644499.201 117695778339.348 -33664.6374074326 -4524.49974740764 -22756327.273159 29648.5558574522
85454972.6916772 186489097526.006 117561617042.668 -33732.5878623195 -4567.24595393241 -22756327.2731527 29513.029743203
85484319.2127354 185498166129.552 117426954696.531 -33800.635052729 -4610.23232139945 -22756327.2731463 29346.5210581777
85513520.9982482 184510132738.054 117291697249.965 -33868.8275069457 -4653.49110866945 -22756327.27314 29201.7855128499
85542568.0976597 183525350564.059 117155895995.135 -33937.1402731249 -4697.00819838313 -22756327.2731334 29047.0994114168
85571468.2920087 182543572677.119 117019519998.828 -34005.5898355782 -4740.79578450627 -22756327.2731268 28900.1943490399
85600218.5987831 181564916885.48 116882588569.591 -34074.1673878567 -4784.84997293941 -22756327.2731203 28750.306774364
85628819.7953576 180589373552.007 116745103487.354 -34142.8729391673 -4829.1724894185 -22756327.273114 28601.1965745657
85657275.763198 179616826740.159 116607051370.652 -34211.7140393209 -4873.76997104817 -22756327.2731072 28455.9678403804
85685566.6877091 178647971869.95 116468534799.493 -34280.6405204448 -4918.61152526259 -22756327.2731005 28290.9245110872
85713729.7094247 177681553550.796 116329377320.692 -34349.7410349462 -4963.75660892765 -22756327.2730938 28163.0217156342
85741751.7070411 176718036192.608 116189647639.524 -34418.9821287073 -5009.18539339569 -22756327.2730869 28021.9976163875
85769629.3490476 175757550306.56 116049367448.13 -34488.3538384139 -5054.89320786265 -22756327.27308 27877.6420064948
85797349.8137444 174800555395.795 115908607557.517 -34557.8220530966 -5100.85927573857 -22756327.2730728 27720.4646967375
85824930.1567907 173846480065.269 115767287473.359 -34627.4273703177 -5147.11220213644 -22756327.2730659 27580.3430463716
85852366.9430296 172895459254.091 115625430076.474 -34697.1592869828 -5193.64689427526 -22756327.2730591 27436.7862388784
85879670.1729767 171947161848.395 115482988582.053 -34767.0415150466 -5240.48113750415 -22756327.2730522 27303.2299471235
85906827.0966487 171002046602.544 115340034723.484 -34837.0395939545 -5287.59377091944 -22756327.2730451 27156.9236720115
85933849.9688396 170059703102.48 115196509342.88 -34907.1832230258 -5335.00671665988 -22756327.2730378 27022.8721908522
85960726.1269124 169120589148.985 115052485182.385 -34977.4375841287 -5382.69836893619 -22756327.2730306 26876.1580727914
85987462.9903527 168184462375.192 114907928450.031 -35047.8199283387 -5430.6823101028 -22756327.2730234 26736.8634403416
86014065.7509299 167251156667.086 114762816245.149 -35118.3420767134 -5478.96861728836 -22756327.2730161 26602.7605771677
86040528.4899652 166320895515.354 114617186178.652 -35188.9864237231 -5527.54724845167 -22756327.2730087 26462.7390353565
86066854.0535398 165393595145.592 114471028241.607 -35259.7585158487 -5576.42399663703 -22756327.2730012 26325.5635745681
86093047.1788855 164469104268.077 114324321337.322 -35330.669200351 -5625.60842561321 -22756327.2729937 26193.1253457022
86119101.9970649 163547645829.031 114177103729.657 -35401.7006183636 -5675.09020997727 -22756327.2729863 26054.8181794035
86145014.618343 162629374339.313 114029403620.503 -35472.8398647984 -5724.86230295673 -22756327.2729787 25912.6212781508
86170802.4024669 161713690231.34 113881127388.296 -35544.1326325064 -5774.95878606803 -22756327.2729712 25787.784123872
86196459.4672123 160800816864.204 113732313425.283 -35615.5609754317 -5825.36931056843 -22756327.2729638 25657.0647454296
86221967.1618841 159891435046.948 113583076435.307 -35687.0705217232 -5876.05745451714 -22756327.2729561 25507.6946717708
86247355.317357 158984497396.331 113433247676.042 -35758.7427262217 -5927.08305325067 -22756327.2729483 25388.1554728691
86272605.2685087 158080685716.559 113282942347.896 -35830.5229963979 -5978.4094850806 -22756327.2729405 25249.9511517602
86297725.6773002 157179706165.655 113132114807.165 -35902.4337100551 -6030.05486817542 -22756327.2729326 25120.4087914898
86322704.5154418 156282006834.387 112980843568.637 -35974.4380320336 -6081.99481834201 -22756327.2729247 24978.8381415706
86347565.8186943 155386739400.165 112828988540.743 -36046.6031531499 -6134.2800407488 -22756327.2729167 24861.303252542
86372289.8263617 154494630581.221 112676675668.302 -36118.8696938546 -6186.86981161853 -22756327.2729087 24724.0076673694
86396892.4912776 153605120393.457 112523812319.069 -36191.2820971587 -6239.79872436594 -22756327.2729008 24602.6649158883
86421369.3502457 152718384695.653 112370431066.704 -36263.8253387328 -6293.05821533111 -22756327.2728925 24476.8589681094
86445708.5467084 151834869388.796 112216612459.385 -36336.4618361815 -6346.62287981065 -22756327.2728842 24339.1964626576
86469925.5361988 150954029512.573 112062264894.941 -36409.2353279358 -6400.52721388871 -22756327.2728763 24216.9894904503
86494014.7175599 150076083901.955 111907429464.343 -36482.126846836 -6454.75955685493 -22756327.2728683 24089.1813610603
86517977.7864027 149200986390.966 111752101084.828 -36555.139212624 -6509.3243412894 -22756327.2728602 23963.0688428306
86541803.0972612 148329179079.839 111596361988.291 -36628.2342612969 -6564.19522885339 -22756327.2728516 23825.3108584658
86565517.8549431 147459681718.319 111440039923.785 -36701.4932116311 -6619.43561380562 -22756327.272843 23714.757681875
86589111.1625133 146592907368.003 111283211059.128 -36774.8806222281 -6675.02145585547 -22756327.2728347 23593.3075702249
86612571.4483376 145729297245.322 111125958623.3 -36848.3579476946 -6730.92589598365 -22756327.2728262 23460.2858242931
86635912.3747686 144868364383.107 110968197287.549 -36921.9654374788 -6787.18192958963 -22756327.2728177 23340.9264310406
86659129.2208685 144010297994.002 110809964572.705 -36995.6858950504 -6843.77893179916 -22756327.2728093 23216.8460998512
86682236.0351136 143154593008.21 110651169656.891 -37069.5618710739 -6900.7522493263 -22756327.2728007 23106.8142451435
86705221.8438589 142301669708.889 110491892718.935 -37143.5562711851 -6958.07601373248 -22756327.272792 22985.808745236
86728081.7776437 141451724538.987 110332173731.496 -37217.6508328025 -7015.73855530753 -22756327.2727832 22859.9337848057
86750816.5257849 140604748188.054 110172014588.141 -37291.845005126 -7073.74185253814 -22756327.272774 22734.7481412421
86773439.1270535 139760269790.615 110011329067.887 -37366.1789547073 -7132.11995432768 -22756327.272765 22622.6012686296
86795938.6638943 138918711639.821 109850200277.292 -37440.6144370079 -7190.84551403097 -22756327.2727563 22499.5368407129
86818322.3491288 138079819213.001 109688582556.956 -37515.172761832 -7249.93797305336 -22756327.2727474 22383.6852345029
86840593.8601736 137243468828.579 109526454496.52 -37589.8639386944 -7309.40809624092 -22756327.272738 22271.5110448104
86862748.0974467 136409866382.644 109363858593.771 -37664.6685213883 -7369.24321393708 -22756327.272729 22154.2372730795
86884776.9909291 135579331495.35 109200860744.942 -37739.5564066132 -7429.42181986629 -22756327.2727199 22028.8934824324
86906696.0030154 134751296436.508 109037352658.112 -37814.5775003623 -7489.98673270701 -22756327.2727106 21919.0120862976
86928497.001841 133926082910.892 108873400565.073 -37889.7015058447 -7550.91635144542 -22756327.2727014 21800.9988256249
86950183.5527891 133103571076.998 108708983750.644 -37964.9380275953 -7612.22124198268 -22756327.272692 21686.5509481132
86971759.0792174 132283645518.669 108544081830.523 -38040.2964470666 -7673.91196717872 -22756327.2726825 21575.5264283285
86993218.3987 131466517897.312 108378740258.776 -38115.7560472564 -7735.97445706183 -22756327.2726731 21459.3194825646
87014564.821122 130652077201.072 108212939665.137 -38191.3257254154 -7798.41888688769 -22756327.2726636 21346.422421963
87035798.7651684 129840322149.957 108046682697.092 -38267.0042947657 -7861.24721429712 -22756327.2726542 21233.9440464556
87056923.5629574 129031139722.043 107879948923.894 -38342.8010373275 -7924.47016827555 -22756327.2726448 21124.7977889994
87077936.5627181 128224645870.951 107712764982.318 -38418.7038097182 -7988.08066440152 -22756327.2726351 21012.9997606634
87098841.0290218 127420729700.51 107545110658.379 -38494.7217384169 -8052.0894169502 -22756327.2726257 20904.4663037391
87119639.8272442 126619294811.445 107376968254.122 -38570.8627416236 -8116.50630081176 -22756327.2726158 20798.798222394
87140327.4871912 125820566167.838 107208387635.392 -38647.1041376153 -8181.31528670519 -22756327.2726058 20687.6599469949
87160898.5763414 125024769035.292 107039419889.443 -38723.4227863093 -8246.49962671903 -22756327.2725961 20571.0891501865
87181361.3364008 124231599875.43 106870003987.182 -38799.8461854007 -8312.08579436509 -22756327.272586 20462.7600593822
87201726.8978608 123440640417.958 106700052655.914 -38876.4134845225 -8378.1108261423 -22756327.2725761 20365.5614599706
87221976.0974102 122652649107.656 106529731598.739 -38953.0498556087 -8444.51345817415 -22756327.272566 20249.1995494714
87242116.8979349 121867331627.198 106358980851.086 -39029.7821723359 -8511.31998083439 -22756327.2725559 20140.800524726
87262157.087046 121084398162.665 106187739949.719 -39106.6373712939 -8578.55723158885 -22756327.2725455 20040.1891110658
87282090.9692247 120304084912.252 106016063023.064 -39183.5908951701 -8646.20717219197 -22756327.2725353 19933.8821787032
87301923.7835388 119526200617.739 105843910566.325 -39260.660176577 -8714.28857540292 -22756327.2725247 19832.8143141317
87321644.3881617 118751196883.062 105671385627.923 -39337.7988369555 -8782.76377863052 -22756327.2725142 19720.6046228346
87341265.6247377 117978583532.634 105498382140.543 -39415.0540277611 -8851.67799647309 -22756327.2725039 19621.2365760151
87360779.4722498 117208690428.407 105324976728.424 -39492.3912094908 -8921.00390566279 -22756327.2724932 19513.8475120867
87380193.153871 116441246793.361 105151111302.792 -39569.8359571262 -8990.76790906273 -22756327.2724826 19413.6816211823
87399498.6922587 115676582361.826 104976863605.969 -39647.3533011126 -9060.94196792631 -22756327.2724719 19305.5383876852
87418708.4707269 114914220605.285 104802127819.748 -39724.9899267719 -9131.57193614989 -22756327.2724614 19209.7784682016
87437818.7222592 114154324063.77 104626943364.769 -39802.727847819 -9202.64528665798 -22756327.2724507 19110.2515323626
87456828.8550262 113396929906.212 104451321394.14 -39880.5616602854 -9274.16081041236 -22756327.2724397 19010.1327669755
87475732.9916163 112642286776.442 104275322744.549 -39958.4639814074 -9346.09690699091 -22756327.2724285 18904.1365901197
87494537.7913801 111890143311.291 104098891993.838 -40036.4589002409 -9418.47940921841 -22756327.2724173 18804.7997637661
87513249.758879 111140252366.827 103921973382.89 -40114.5705038451 -9491.33464880903 -22756327.2724062 18711.9674989083
87531857.661696 110393077749.173 103744679010.85 -40192.7487570414 -9564.61981032947 -22756327.2723953 18607.90281695
87550365.9352591 109648455904.034 103566973379.412 -40271.0088079073 -9638.35275615339 -22756327.272384 18508.273563178
87568777.0219934 108906302392.18 103388839164.798 -40349.3577089372 -9712.54400652717 -22756327.2723728 18411.0867342737
87587091.9471596 108166589387.323 103210272307.248 -40427.7966232741 -9787.19865594852 -22756327.2723615 18314.9251661699
87605311.64407 107429292550.736 103031269463.892 -40506.3263625929 -9862.32154471543 -22756327.2723502 18219.6969103918
87623435.1479156 106694464369.874 102851845989.868 -40584.9395155517 -9937.90966404658 -22756327.2723385 18123.5038455937
87641456.4013037 105962364802.787 102672068646.483 -40663.6061971648 -10013.9381455268 -22756327.2723272 18021.2533880961
87659388.0725332 105232492871.101 102491817218.108 -40742.3783031747 -10090.4612359666 -22756327.2723155 17931.6712295444
87677223.9776508 104505113260.364 102311159406.003 -40821.2254655466 -10167.4537503891 -22756327.2723038 17835.9051175915
87694963.0114998 103780284965.926 102130112900.187 -40900.1392250594 -10244.9115170358 -22756327.2722923 17739.0338490295
87712610.7177123 103057794954.631 101948627224.344 -40979.1407869598 -10322.8596005959 -22756327.2722803 17647.7062125173
87730160.898767 102337910594.985 101766772414.605 -41058.1988549009 -10401.2713610401 -22756327.2722685 17550.1810546606
87747617.3277539 101620491134.609 101584516083.323 -41137.3267017335 -10480.164128969 -22756327.2722564 17456.4289868873
87764991.820328 100905063223.178 101401739852.293 -41216.5747542163 -10559.5929162938 -22756327.2722446 17374.4925741195
87782271.547498 100192167566.9 101218583897.528 -41295.8812543894 -10639.5005443713 -22756327.2722323 17279.7271699672
87799461.6361373 99481606094.22 101035000126.743 -41375.2660941018 -10719.9115186336 -22756327.2722204 17190.0886393032
87816560.6930717 98773449473.7631 100851009340.84 -41454.719291123 -10800.8203432676 -22756327.2722083 17099.0569344139
87833567.3163561 98067769262.1238 100666633006.649 -41534.2305929646 -10882.221104296 -22756327.2721959 17006.623284415
87850486.3865251 97364376105.201 100481824290.984 -41613.8191591102 -10964.1380916266 -22756327.2721839 16919.0701689569
87867308.192983 96663687530.0555 100296696061.79 -41693.4353717558 -11046.5247347499 -22756327.2721713 16821.8064579068
87884047.083856 95965119230.3084 100111096762.533 -41773.1433311413 -11129.4520620125 -22756327.272159 16738.8908729978
87900698.0157636 95268893995.5653 99925087629.7179 -41852.9155460155 -11212.8965572383 -22756327.2721463 16650.9319076107
87917255.9512155 94575236056.1344 99738731631.0277 -41932.7238975819 -11296.833504542 -22756327.2721338 16557.9354519279
87933734.837043 93883573749.9862 99551877490.958 -42012.6319420123 -11381.3348329646 -22756327.2721212 16478.8858274641
87950123.4446607 93194390733.7067 99364658000.1921 -42092.5816111948 -11466.3443553695 -22756327.2721083 16388.6076177546
87966426.0503623 92507520452.2454 99177030777.249 -42172.5897710977 -11551.8849544357 -22756327.2720958 16302.6057016012
87982640.8963198 91823050018.0376 98989022326.7808 -42252.6438375142 -11637.948249239 -22756327.2720828 16214.8459574408
87998767.4275915 91141016263.0119 98800645780.6285 -42332.736938485 -11724.5318408573 -22756327.2720697 16126.5312717756
88014809.6758835 90461261742.0896 98611860416.9593 -42412.885046053 -11811.6581558222 -22756327.2720571 16042.2482919449
88030770.4055638 89783681647.9522 98422639312.9867 -42493.0981478553 -11899.3435409214 -22756327.2720439 15960.7296802715
88046643.1057505 89108565240.9398 98233065879.0009 -42573.3394597228 -11987.5531263211 -22756327.2720306 15872.7001867875
88062428.1249795 88435911369.0516 98043143113.9728 -42653.6063329432 -12076.2890718797 -22756327.2720175 15785.0192289404
88078129.1890601 87765574521.1871 97852832942.2801 -42733.9134095964 -12165.5728417905 -22756327.2720042 15701.0640805857
88093749.9132598 87097412798.2901 97662097441.2629 -42814.2751307264 -12255.4261418313 -22756327.2719907 15620.7241997735
88109292.7794922 86431331829.0811 97470911499.522 -42894.7004136081 -12345.8649222651 -22756327.2719771 15542.8662323228
88124752.1928114 85767583622.2845 97279349668.9794 -42975.1562431941 -12436.8579154368 -22756327.2719635 15459.4133192916
88140126.0918746 85106269920.3271 97087444389.3889 -43055.6274088504 -12528.3934157281 -22756327.2719504 15373.8990631969
88155417.8405843 84447259180.0908 96895160520.397 -43136.1270184352 -12620.4919144466 -22756327.2719369 15291.7487096152
88170631.625951 83790383277.7132 96702451348.912 -43216.6728778225 -12713.1797798186 -22756327.2719233 15213.7853667709
88185765.2402262 83135749689.4 96509350622.8678 -43297.249076609 -12806.444834115 -22756327.2719095 15133.6142751448
88200817.3675172 82483427989.3849 96315881529.7176 -43377.8441519614 -12900.2797809495 -22756327.2718958 15052.1272910118
88215787.5029073 81833453005.647 96122057340.8093 -43458.4507852692 -12994.6819945506 -22756327.2718816 14970.1353900812
88230682.1369485 81185555225.6991 95927800082.4671 -43539.0995036638 -13089.6934806169 -22756327.2718676 14894.6340411999
88245495.3995117 80540002285.6385 95733192413.4743 -43619.7540525799 -13185.2778446396 -22756327.2718537 14813.2625632645
88260234.4429828 79896494698.1149 95538146406.8286 -43700.4488861799 -13281.4823446444 -22756327.2718399 14739.0434710406
88274897.6334411 79255115413.5629 95342689048.3602 -43781.1707423632 -13378.2979524985 -22756327.271826 14663.1904583642
88289479.0134027 78616137620.8236 95146906335.9852 -43861.8820871683 -13475.6860198028 -22756327.2718117 14581.3799615393
88303981.198237 77979459789.9394 94950770357.6676 -43942.5924307139 -13573.6642144045 -22756327.2717974 14502.1848343536
88318407.3963484 77344953510.0681 94754244205.0257 -44023.3148478845 -13672.2549800683 -22756327.2717836 14426.19811135
88332760.0151699 76712524730.9018 94557300862.6661 -44104.0582040298 -13771.4760994878 -22756327.2717688 14352.6188215324
88347037.15381 76082269057.129 94359972241.4651 -44184.8071438758 -13871.315730583 -22756327.2717544 14277.1386401053
88361241.0830871 75454098114.0733 94162232848.2272 -44265.5697869619 -13971.7910065739 -22756327.27174 14203.9292770429
88375369.2113667 74828138494.8856 93964124827.2852 -44346.3265796878 -14072.8847135133 -22756327.2717254 14128.1282796666
88389424.2759658 74204280949.2893 93765615961.9331 -44427.0882778365 -14174.6174790821 -22756327.2717109 14055.0645990371
88403404.1906548 73582630097.2264 93566741912.076 -44507.8379523534 -14276.9752231505 -22756327.2716966 13979.914689053
88417306.8492194 72963292192.0289 93367539607.4957 -44588.5582273693 -14379.9429112061 -22756327.2716815 13902.6585646335
88431138.320621 72346009055.84 93167928577.9064 -44669.2792279676 -14483.566272869 -22756327.271667 13831.471401589
88444900.4550775 71730709407.7529 92967887506.8333 -44750.0069147544 -14587.8608676885 -22756327.271652 13762.134456511
88458586.8962823 71117689341.4098 92767514998.7976 -44830.6988812928 -14692.7795398505 -22756327.271637 13686.4412047367
88472203.8994604 70506680667.9266 92566725828.0769 -44911.3868001563 -14798.3711416358 -22756327.2716222 13617.0031780922
88485745.0495992 69897983306.4542 92365621097.6568 -44992.0273638626 -14904.5866937013 -22756327.2716072 13541.1501388309
88499216.379184 69291338269.9709 92164117917.0343 -45072.6511034482 -15011.4741193031 -22756327.2715921 13471.3295847825
88512619.2025988 68686697729.6186 91962202279.9089 -45153.2607356665 -15119.0453420652 -22756327.2715769 13402.823414848
88525947.0274519 68084366629.184 91759978610.8496 -45233.8117512445 -15227.2489281995 -22756327.2715616 13327.8248531172
88539205.4094094 67484106119.6943 91557369511.9493 -45314.3321425593 -15336.1304116239 -22756327.2715464 13258.3819574206
88552399.4497206 66885696255.6542 91354302317.7169 -45394.8476910346 -15445.7335045854 -22756327.2715309 13194.0403111861
88565522.8436813 66289434203.6555 91150879671.2563 -45475.3145859068 -15556.0073821787 -22756327.2715154 13123.3939607122
88578572.9216595 65695453625.7069 90947150171.8372 -45555.7106456035 -15666.9297564256 -22756327.2715001 13050.0779782719
88591558.7390526 65103354021.1558 90742978742.6635 -45636.0860387841 -15778.578550376 -22756327.2714844 12985.817393082
88604477.5899086 64513269729.0142 90538413285.7495 -45716.4185894031 -15890.9322763814 -22756327.2714691 12918.8508559504
88617326.6408618 63925341856.8431 90333505078.8818 -45796.6849267415 -16003.9671389921 -22756327.2714531 12849.0509531977
88630106.9617572 63339533417.4478 90128243904.2868 -45876.8858219542 -16117.6930085971 -22756327.2714379 12780.3208953884
88642823.3366925 62755636446.4609 89922558904.0683 -45957.0455499069 -16232.1536869044 -22756327.2714221 12716.3749353043
88655472.782103 62173799109.5318 89716504134.1845 -46037.1395464211 -16347.3237119057 -22756327.2714057 12649.4454105561
88668056.2005655 61593991372.6518 89510071173.7796 -46117.1675950628 -16463.2122577046 -22756327.2713904 12583.4184625083
88680574.2887871 61016192485.186 89303254727.4089 -46197.1281761224 -16579.8268292901 -22756327.2713742 12518.0882215932
88693027.7314244 60440382092.8753 89096049504.8486 -46277.0196827649 -16697.1749953817 -22756327.2713583 12453.4426372731
88705413.4728537 59866713071.5679 88888512916.0022 -46356.816347642 -16815.2286473233 -22756327.2713425 12385.7414292788
88717739.4202044 59294830260.1134 88680518307.6488 -46436.5630600108 -16934.0645075262 -22756327.2713265 12325.9473507519
88729998.6843739 58725064301.7229 88472187718.2962 -46516.2091484865 -17053.6175589856 -22756327.2713108 12259.2641694626
88742191.6879085 58157407402.585 88263521042.3667 -46595.7509088489 -17173.8921220149 -22756327.2712944 12193.0035345606
88754326.0372039 57591516385.1183 88054393868.4362 -46675.2317465991 -17294.9646516505 -22756327.2712781 12134.3492954305
88766394.7257467 57027728935.4395 87844932731.726 -46754.599487772 -17416.7666404277 -22756327.2712615 12068.688542828
88778401.5587744 56465878667.0393 87635078082.0319 -46833.872659874 -17539.3372211899 -22756327.2712455 12006.8330277049
88790343.0520368 55906140017.4975 87424897387.8021 -46913.0216868707 -17662.6414704601 -22756327.2712293 11941.4932623317
88802222.8342438 55348354332.2075 87214333459.0234 -46992.0639655274 -17786.7173919641 -22756327.2712128 11879.7822070112
88814040.939329 54792531076.5705 87003391828.0124 -47070.99311815 -17911.5663888674 -22756327.2711961 11818.105085177
88825800.749568 54238521889.3834 86792017746.7688 -47149.8251671026 -18037.2257314723 -22756327.2711799 11759.8102390495
88837502.018335 53686348789.5293 86580220803.9669 -47228.5519149442 -18163.6947759366 -22756327.2711635 11701.2687669995
88849137.5597072 53136362210.8436 86368137758.9013 -47307.1181049414 -18290.8963471694 -22756327.2711465 11635.5413721625
88860714.054689 52588257808.3389 86155653758.5935 -47385.56183162 -18418.9037380106 -22756327.2711303 11576.494981864
88872231.0514973 52042067746.2299 85942782962.7694 -47463.873149408 -18547.7132338178 -22756327.2711132 11516.9968082885
88883688.1351151 51497822638.9932 85729539206.6377 -47542.0422285432 -18677.321174104 -22756327.2710962 11457.0836177646
88895084.7220663 50955561308.6375 85515939842.1883 -47620.0579541092 -18807.721604328 -22756327.2710795 11396.5869512421
88906423.5392319 50415164916.7145 85301939968.8019 -47697.9318401268 -18938.9466451183 -22756327.2710631 11338.8171655375
88917703.9664079 49876673739.9804 85087557218.4063 -47775.6524515014 -19070.9903104736 -22756327.2710457 11280.4271759862
88928928.5348838 49339977494.1449 84872749160.726 -47853.2300196352 -19203.8836681565 -22756327.271029 11224.56847598
88940093.0098414 48805289469.4278 84657602985.8078 -47930.6279174906 -19337.5775322588 -22756327.2710116 11164.4749575215
88951199.9188005 48272499675.245 84442076608.7871 -48007.8561609321 -19472.1026275565 -22756327.2709947 11106.9089591239
88962251.6922732 47741502057.9037 84226128624.5112 -48084.9242027749 -19607.4897196874 -22756327.2709775 11051.773472767
88973243.7737706 47212526376.0601 84009854388.2107 -48161.7926629437 -19743.683726312 -22756327.2709606 10992.0814974051
88984181.7034773 46685316793.1151 83793151148.678 -48238.492611576 -19880.7540858981 -22756327.2709434 10937.9297066472
88995064.2193655 46159944475.3546 83576049419.7278 -48315.0075529372 -20018.6865357295 -22756327.270926 10882.5158882341
89005890.0061385 45636483607.1204 83358581613.1311 -48391.3204225364 -20157.4652580297 -22756327.2709091 10825.7867729768
89016664.0820988 45114701852.7854 83140652453.4538 -48467.4587798227 -20297.1560956642 -22756327.2708914 10774.0759602494
89027381.7813444 44594835507.3273 82922361907.5927 -48543.3817459169 -20437.6999933904 -22756327.2708747 10717.699245664
89038044.7535622 44076815276.8172 82703682728.9411 -48619.0929242312 -20579.1192053661 -22756327.2708573 10662.9722177429
89048654.3080627 43560587993.2049 82484593927.6324 -48694.5935040499 -20721.4322220233 -22756327.2708399 10609.5545005946
89059209.015825 43046233693.2656 82265131034.035 -48769.8651068502 -20864.6208150785 -22756327.2708228 10554.7077622586
89069710.5147707 42533683090.189 82045266100.4403 -48844.9111096862 -21008.708033861 -22756327.2708054 10501.4989457329
89080156.4952435 42023059570.7262 81825053875.4755 -48919.7065918916 -21153.6626922145 -22756327.2707877 10445.9804727754
89090551.507648 41514151157.5869 81604404472.7379 -48994.2756674285 -21299.5487986042 -22756327.2707703 10395.0124044878
89100893.3280949 41007076972.4947 81383370765.8425 -49068.5938613752 -21446.3363913679 -22756327.2707527 10341.8204469008
89111186.3033802 40501633947.6598 81161865179.6585 -49142.6838219067 -21594.0887730706 -22756327.2707355 10292.9752853278
89121428.0466865 39997949185.1227 80939944100.703 -49216.5197070305 -21742.7736080446 -22756327.2707181 10241.7433062698
89131616.426723 39496137948.9112 80717659866.6741 -49290.0773084456 -21892.3606177301 -22756327.2707009 10188.3800365685
89141751.9336395 38996186774.8474 80495008446.548 -49363.3511975059 -22042.8570761588 -22756327.2706831 10135.5069164292
89151838.2245488 38497925538.2426 80271915369.7934 -49436.3588053359 -22194.3182201829 -22756327.2706659 10086.2909093736
89161872.9609784 38001479932.2537 80048438063.5304 -49509.0741117923 -22346.7100264108 -22756327.2706485 10034.736429575
89171859.5972573 37506689162.8317 79824505177.406 -49581.5129595094 -22500.0861653306 -22756327.2706308 9986.63627889621
89181795.3266216 37013702371.5675 79600185211.943 -49653.6457012468 -22654.4047350304 -22756327.2706137 9935.72936424894
89191680.5256472 36522511265.0529 79375475923.973 -49725.4656538589 -22809.6719793022 -22756327.2705963 9885.19902567617
89201517.9907768 36032986985.8165 79150319402.5728 -49796.9836381916 -22965.9328707135 -22756327.2705784 9837.46512956814
89211307.5407684 35545148417.2064 78924724973.4787 -49868.1887475258 -23123.1861005855 -22756327.2705607 9789.54999156516
89221049.2802821 35059000266.3173 78698695548.3962 -49939.0720395229 -23281.4347302431 -22756327.2705433 9741.73951367814
89230740.4434452 34574690813.8875 78472301390.0302 -50009.6035668183 -23440.6343025274 -22756327.2705264 9691.16316312361
89240386.1959165 34091971956.0939 78245427474.4666 -50079.8109985693 -23600.8706231418 -22756327.2705083 9645.75247129358
89249983.2338622 33611018929.7125 78018156849.7426 -50149.660253708 -23762.0900843639 -22756327.2704909 9597.03794573814
89259533.7090072 33131733968.1154 77790444308.6135 -50219.1568455556 -23924.329604437 -22756327.2704735 9550.47514496173
89269037.1251697 32654151912.1625 77562307163.6908 -50288.2869016816 -24087.5818033746 -22756327.2704556 9503.41616256876
89278492.7072501 32178321832.302 77333769950.0858 -50357.0344159497 -24251.8338575451 -22756327.2704384 9455.58208034594
89287902.7136599 31704140090.5437 77104783782.9428 -50425.4053212536 -24417.1257208583 -22756327.270421 9410.00640976394
89297268.6441553 31231540784.7546 76875317069.2959 -50493.3998830668 -24583.4853684928 -22756327.2704036 9365.93049546523
89306586.7937869 30760720809.6593 76645466165.0537 -50560.9804759345 -24750.8477792595 -22756327.2703862 9318.14963154849
89315861.5463499 30291468587.3481 76415128481.128 -50628.1680399763 -24919.2924853501 -22756327.2703691 9274.75256305742
89325091.4486486 29823867315.0919 76184345049.4479 -50694.9410397535 -25088.7945727737 -22756327.2703521 9229.90229865509
89334275.2068903 29357992534.3921 75953153991.2399 -50761.2790283923 -25259.3307245736 -22756327.270335 9183.75824169431
89343414.0329145 28893792819.1361 75721530730.7979 -50827.1795612001 -25430.9236486442 -22756327.2703178 9138.82602421497
89352509.2625735 28431210155.7109 75489446826.1405 -50892.6409108813 -25603.599210061 -22756327.2703011 9095.22965898419
89361561.8855087 27970203868.5626 75256881971.4759 -50957.6586693933 -25777.377505484 -22756327.2702835 9052.6229352548
89370570.0226837 27510879438.9167 75023889751.0682 -51022.207707588 -25952.2232829899 -22756327.270267 9008.13717494801
89379537.2184702 27053065815.7064 74790383497.0624 -51086.3016212089 -26128.2064854339 -22756327.2702498 8967.19578651609
89388461.409715 26596877912.0659 74556421682.3362 -51149.9136947779 -26305.2880400509 -22756327.2702327 8924.19124482056
89397340.7305946 26142421107.1114 74322059146.5178 -51213.018652536 -26483.4308394322 -22756327.270216 8879.32087960867
89406178.1361034 25689554100.7055 74087223669.0926 -51275.6253686908 -26662.6942132865 -22756327.2701988 8837.40550875182
89414974.013033 25238266741.6226 73851909988.5121 -51337.7242222305 -26843.0869366297 -22756327.2701821 8795.87692957018
89423730.7863235 24788444069.143 73616057617.1055 -51399.3197333123 -27024.6604062352 -22756327.2701657 8756.77329051974
89432445.9647316 24340223564.394 73379738185.8342 -51460.3816435693 -27207.3643940132 -22756327.2701485 8715.17840807312
89441119.3694482 23893624225.2383 73142961937.226 -51520.895943216 -27391.1954409627 -22756327.2701318 8673.40471667815
89449753.0647354 23448549436.2469 72905677529.8757 -51580.8640656181 -27576.198009108 -22756327.2701149 8633.6952871546
89458344.602236 23005135166.0149 72667957508.7194 -51640.2559274034 -27762.3199717362 -22756327.2700992 8591.5375006162
89466898.4031372 22563162857.7568 72429684382.106 -51699.0887806022 -27949.6579090948 -22756327.2700825 8553.80090113965
89475413.5645047 22122688525.1053 72190887285.4412 -51757.3427785964 -28138.193873551 -22756327.270066 8515.16136755093
89483889.0881485 21683773378.3077 71951598858.2678 -51814.9974137258 -28327.9066810889 -22756327.27005 8475.52364380077
89492324.4644589 21246453560.3518 71711838697.7499 -51872.0354923626 -28518.7850495189 -22756327.2700341 8435.37631036197
89500721.0328701 20810669355.2154 71471573843.3286 -51928.4521614928 -28710.8594649863 -22756327.2700179 8396.56841124708
89509079.9989688 20376367746.933 71230774311.9483 -51984.2413095093 -28904.1583765175 -22756327.2700016 8358.96609862465
89517402.4367161 19943502348.259 70989413149.5285 -52039.3955872344 -29098.7081035236 -22756327.2699857 8322.43774738643
89525686.8187372 19512162100.2203 70747538896.0517 -52093.8902338779 -29294.4740122606 -22756327.2699699 8284.38202105633
89533933.9882031 19082312706.1242 70505131508.7228 -52147.7160563 -29491.4765885979 -22756327.2699535 8247.16946587238
89542142.226407 18654053467.1463 70262246475.5988 -52200.8470253694 -29689.6747351424 -22756327.269938 8208.23820396978
89550314.5734352 18227235429.6922 70018798553.7545 -52253.2877565044 -29889.1420641099 -22756327.2699223 8172.34702816502
89558451.5007302 17801843402.9934 69774777498.7834 -52305.0257640768 -30089.8914022873 -22756327.2699075 8136.92729499557
89566553.3598815 17377868425.925 69530176444.4706 -52356.0475325784 -30291.9328178332 -22756327.2698917 8101.85915127363
89574619.7397881 16955341488.4013 69285011624.3147 -52406.3345592527 -30495.2571718628 -22756327.2698765 8066.37990666071
89582650.4298757 16534283195.6361 69039293578.9228 -52455.8695125139 -30699.8597523768 -22756327.2698622 8030.69008752101
89590643.2603293 16114817112.9308 68793093706.2623 -52504.62307727 -30905.6846178528 -22756327.2698469 7992.83045368367
89598603.9438073 15696653025.3276 68546240092.0927 -52552.6136449497 -31112.8793880898 -22756327.2698317 7960.68347794852
89606529.2468975 15279970237.449 68298836416.8941 -52599.8048402585 -31321.3611615825 -22756327.2698174 7925.3030902239
89614419.9667659 14864736521.9161 68050862098.8561 -52646.1846237466 -31531.1508663781 -22756327.2698026 7890.71986833233
89622277.39651 14450893420.5744 67802280281.8355 -52691.7434030989 -31742.2834288148 -22756327.2697878 7857.42974416149
89630101.5500306 14038449753.1338 67553094024.1424 -52736.4637341395 -31954.7600355914 -22756327.2697735 7824.15352059002
89637892.4844862 13627412108.0496 67303305109.6473 -52780.3282295926 -32168.5827909069 -22756327.2697594 7790.93445558884
89645651.0642902 13217744475.5316 67052889262.3474 -52823.3237413007 -32383.7760736668 -22756327.2697449 7758.57980400499
89653376.9076452 12809476634.4353 66801862217.5981 -52865.4298902222 -32600.3298587639 -22756327.2697315 7725.84335505357
89661070.4215517 12402596750.3185 66550214285.1925 -52906.6304420984 -32818.2558236191 -22756327.2697177 7693.51390651436
89668732.94784 11997043480.1592 66297904667.5605 -52946.9136902238 -33037.5927145304 -22756327.2697036 7662.52628826236
89676362.6292721 11592924830.9973 66044997911.3721 -52986.2508644777 -33258.2875587144 -22756327.26969 7629.68143204928
89683961.9446104 11190119241.4112 65791415166.8619 -53024.6354485297 -33480.41220859 -22756327.2696769 7599.31533833302
89691530.5374236 10788655269.7681 65537171067.9219 -53062.0458141777 -33703.9570405598 -22756327.2696638 7568.59281319242
89699068.9567837 10388513508.5463 65282249970.7018 -53098.4646049847 -33928.9388335594 -22756327.2696505 7538.41936012111
89706576.7442592 9989728065.05606 65026670275.5975 -53133.8693132562 -34155.3441773175 -22756327.2696378 7507.78747551029
89714055.1727171 9592241121.99719 64770391400.9523 -53168.245295157 -34383.2117723592 -22756327.2696247 7478.4284579156
89721504.5108799 9196048173.12457 64513406487.8423 -53201.5726455162 -34612.5505086939 -22756327.2696126 7449.33816276059
89728924.4971335 8801172975.13663 64255727033.7865 -53233.8288273372 -34843.3526938991 -22756327.2695999 7419.98625363991
89736315.1972625 8407621945.14741 63997353421.7647 -53264.992575703 -35075.6202882249 -22756327.269588 7390.70012901214
89743678.2182466 8015319418.37024 63738231685.6779 -53295.0485596025 -35309.404157089 -22756327.2695756 7363.02098403538
89751013.5122578 7624277848.56933 63478365299.9685 -53323.973921861 -35544.7035431353 -22756327.2695637 7335.29401119595
89758321.1547471 7234503191.34433 63217753494.8047 -53351.7460432598 -35781.5212784662 -22756327.2695522 7307.64248937498
89765601.2533259 6845999750.21832 62956394394.7299 -53378.3421298754 -36019.8609790194 -22756327.2695408 7280.0985787523
89772854.5046046 6458740435.37216 62694264790.8854 -53403.7410956422 -36259.7455986148 -22756327.2695293 7253.25127868876
89780081.5216015 6072702628.09317 62431343981.57 -53427.9208987126 -36501.1958303716 -22756327.2695179 7227.01699691257
89787282.5359519 5687884115.32769 62167624807.9143 -53450.8576576666 -36744.2198690101 -22756327.2695069 7201.01435040064
89794457.4984026 5304297764.31012 61903110396.3934 -53472.5262413145 -36988.8162030155 -22756327.269496 7174.96245066888
89801607.394972 4921901148.26766 61637765496.6145 -53492.90414067 -37235.0186715963 -22756327.2694852 7149.89656939434
89808732.3992953 4540695318.07102 61371584457.7127 -53511.9657795011 -37482.8336659223 -22756327.269475 7125.00432331385
89815832.2182364 4160706386.18212 61104579187.9176 -53529.6840406305 -37732.2509192906 -22756327.269465 7099.81894117094
89822908.0913077 3781878505.63294 60836703796.1373 -53546.0351302657 -37983.3139704456 -22756327.2694545 7075.87307123769
89829960.5734726 3404192506.00114 60567937440.1555 -53560.992634052 -38236.0430153195 -22756327.2694449 7052.48216491204
89836989.951108 3027643671.6697 60298269169.4114 -53574.5288929824 -38490.4488278824 -22756327.2694354 7029.37763540383
89843995.8240808 2652264160.72747 60027714455.8735 -53586.6145721282 -38746.5169247989 -22756327.2694259 7005.87297282702
89850979.8935911 2277973624.60621 59756207339.4144 -53597.2233077571 -39004.3097231153 -22756327.2694159 6984.0695102554
89857941.719586 1904806535.51203 59483764291.6298 -53606.3243910739 -39263.8114291122 -22756327.2694073 6961.82599487952
89864882.4368994 1532713056.32855 59210340106.1625 -53613.8886724537 -39525.064694778 -22756327.2693982 6940.71731342907
89871801.3578347 1161741155.53381 58935961015.5109 -53619.8842516172 -39788.0437387822 -22756327.2693901 6918.92093525493
89878699.5641774 791844045.997168 58660583217.0239 -53624.2804005332 -40052.7894966552 -22756327.269382 6898.20634277949
89885577.5429656 423006935.970057 58384185854.7539 -53627.0448329188 -40319.3208339223 -22756327.2693739 6877.97878818632
89892436.6643295 55167796.2319537 58106711819.6639 -53628.1444244721 -40587.6915348575 -22756327.2693653 6859.12136384225
89899276.3523104 -311630906.97545 57828182145.8626 -53627.5446819345 -40857.8796669328 -22756327.2693582 6839.68798098707
89906097.6988211 -677436010.189447 57548549994.3779 -53625.2104613459 -41129.9287122388 -22756327.2693505 6821.34651067372
89912900.6170381 -1042230990.00501 57267816243.9497 -53621.1058998445 -41403.8355644445 -22756327.2693429 6802.91821700425
89919685.7937955 -1406040655.93238 56985949724.958 -53615.1939777244 -41679.627999561 -22756327.2693357 6785.17675733386
89926453.6443 -1768875086.44749 56702930008.272 -53607.4367957767 -41957.3230551075 -22756327.2693281 6767.85050453363
89933205.4146657 -2130788722.13729 56418701208.3837 -53597.7941859881 -42236.9723742574 -22756327.269321 6751.7703657158
89939941.1377283 -2491770768.87332 56133257725.6039 -53586.2262802429 -42518.5779494878 -22756327.2693143 6735.72306262783
89946661.0565128 -2851821513.71646 55846585018.7674 -53572.6921624224 -42802.1500924677 -22756327.2693071 6719.91878449368
89953366.3985456 -3210993776.75938 55558625945.5648 -53557.1476309271 -43087.7409552495 -22756327.2693009 6705.34203277532
89960057.6800691 -3569302026.87316 55269352901.8572 -53539.548358525 -43375.373224513 -22756327.2692943 6691.28152352769
89966735.2323146 -3926750590.95872 54978745851.8942 -53519.8493128907 -43665.0616389279 -22756327.2692881 6677.55224543853
89973400.2860212 -4283391681.15966 54686744920.3698 -53498.0012895476 -43956.86029766 -22756327.2692809 6665.05370657906
89980052.6650911 -4639201948.3641 54393351126.2334 -53473.958087079 -44250.7620804061 -22756327.2692742 6652.37906995851
89986693.6055283 -4994233303.42438 54098502869.422 -53447.6672071892 -44546.8220468217 -22756327.2692685 6640.94043719847
89993323.5859427 -5348496824.61249 53802171125.5572 -53419.0770928821 -44845.0622192896 -22756327.2692628 6629.98041438155
89999943.3310622 -5702016419.25328 53504315258.1983 -53388.1335357456 -45145.5157841142 -22756327.2692561 6619.74511951775
90006554.5552338 -6054868437.82004 53204848850.6639 -53354.7752815996 -45448.2617594943 -22756327.2692499 6611.22417156676
90013157.1965274 -6407034001.29707 52903764735.1792 -53318.9476040042 -45753.2986356972 -22756327.2692423 6602.64129363992
90019752.1444498 -6758544629.5414 52601012048.9608 -53280.5892447332 -46060.6684168888 -22756327.2692356 6594.94792233541
90026340.4616333 -7109440607.03811 52296530859.1917 -53239.6354928108 -46370.4217729508 -22756327.2692289 6588.31718350305
90032922.8762816 -7460057908.96674 51990000025.8258 -53195.9808683403 -46682.8753249439 -22756327.2692218 6582.41464829695
90039500.6735117 -7810064795.25255 51681679139.157 -53149.5985853216 -46997.7534324082 -22756327.2692146 6577.79723015725
90046074.5567791 -8159511891.36519 51371495152.2959 -53100.4154055979 -47315.1179318686 -22756327.2692065 6573.88326736258
90052645.5215451 -8508418328.18672 51059401131.306 -53048.3594717685 -47635.0032097713 -22756327.2691994 6570.96476605481
90059214.8168537 -8856818157.38102 50745335269.5075 -52993.353987315 -47957.4580069737 -22756327.2691903 6569.29530860073
90065783.6022316 -9204758205.25631 50429222258.2689 -52935.3168039938 -48282.5440570218 -22756327.2691817 6568.78537786464
90072352.7971549 -9552279816.62701 50110989532.2067 -52874.1629777365 -48610.3193595951 -22756327.2691727 6569.1949233307
90078923.8860819 -9899410886.83427 49790574759.933 -52809.8063566854 -48940.8303259951 -22756327.2691622 6571.08892696595
90085497.8922128 -10246208355.8464 49467886554.5905 -52742.1515568087 -49274.1522140416 -22756327.2691517 6574.00613087107
90092076.1970734 -10592703914.2853 49142854420.7102 -52671.1037448226 -49610.3375249974 -22756327.2691402 6578.30486061843
90098660.4451167 -10938947221.1973 48815388566.6082 -52596.5601692894 -49949.4573856571 -22756327.2691278 6584.24804333253
90105251.8782629 -11285000706.2176 48485384070.5117 -52518.4102117335 -50291.5972170668 -22756327.2691154 6591.43314618902
90111851.9701777 -11630904504.5936 48152754093.9733 -52436.5429204726 -50636.8221817828 -22756327.2691007 6600.09191477286
90118461.9494315 -11976709758.7798 47817398206.1121 -52350.839516653 -50985.2098536737 -22756327.2690854 6609.97925382726
90125083.7048131 -12322453530.6309 47479226429.9506 -52261.1791469949 -51336.8251063895 -22756327.2690668 6621.75538162
90131718.577615 -12668206068.1978 47138112846.7743 -52167.4263147993 -51691.7681889557 -22756327.2690482 6634.87280187886
90138368.4762736 -13014007528.0488 46793957249.6514 -52069.4468691187 -52050.1104470325 -22756327.2690268 6649.89865862374
90145033.9059868 -13359926078.9202 46446627665.513 -51967.0919343016 -52411.9539233704 -22756327.2690039 6665.42971319244
90151716.2270422 -13705955332.5793 46096063281.4234 -51860.2280898587 -52777.3239170978 -22756327.2689786 6682.32105540732
90158416.8433089 -14052131880.0633 45742156962.3058 -51748.7032828443 -53146.2911261103 -22756327.2689495 6700.61626669371
90165136.8571869 -14398492844.2326 45384797090.6922 -51632.3581979022 -53518.9278635459 -22756327.2689176 6720.01387798994
90171876.242118 -14745057985.4454 45023886052.9556 -51511.0322287115 -53895.2885264195 -22756327.2688832 6739.38493104902
90178634.153221 -15091787271.4529 44659385695.334 -51384.5801461203 -54275.361938808 -22756327.2688451 6757.9111030286
90185410.1089219 -15438597452.8578 44291302494.7209 -51252.8698972077 -54659.086632509 -22756327.2688012 6775.95570092299
90192201.1909108 -15785422992.7729 43919624126.3297 -51115.7613578814 -55046.4168510719 -22756327.2687535 6791.08198895147
90199003.9544737 -16132073094.824 43544474038.7111 -50973.1649948579 -55437.1614208346 -22756327.2686996 6802.76356290036
90205813.7583104 -16478330597.5674 43166009646.4317 -50825.0092673804 -55831.0900632179 -22756327.2686415 6809.80383661419
90212624.3564229 -16823918557.4776 42784461184.5815 -50671.2587514501 -56227.8932546444 -22756327.2685781 6810.59811256204
90219425.6767974 -17168012124.6177 42400682714.0914 -50512.1503774898 -56626.6106746018 -22756327.268507 6801.32037445043
90226208.5980627 -17510078005.377 42015233667.4721 -50347.8336120317 -57026.5881073081 -22756327.2684312 6782.92126533046
90232962.4608104 -17849551811.3679 41628732632.3964 -50178.5109956911 -57427.1103667585 -22756327.2683511 6753.86274773237
90239675.4077287 -18185816520.9744 41241885204.6601 -50004.4548478966 -57827.3739993214 -22756327.2682667 6712.9469182552
90246336.5568242 -18518312372.9772 40855359859.0521 -49825.9547577965 -58226.6173251731 -22756327.2681789 6661.14909551383
90252937.5248553 -18846612168.5515 40469696607.5906 -49643.2717916285 -58624.2154347643 -22756327.2680879 6600.96803110961
90259469.8901769 -19170293946.0836 40085451623.1459 -49456.7019921809 -59019.5313662999 -22756327.2679939 6532.36532157715
90265925.6393637 -19488963373.4554 39703170577.5472 -49266.5638222207 -59411.9446277889 -22756327.2678986 6455.74918682213
90272301.8055733 -19802481291.2717 39323110199.7049 -49073.053909357 -59801.1368306777 -22756327.2678027 6376.16620955793
90278595.1052246 -20110696881.8207 38945551034.9589 -48876.3945568557 -60186.7696825227 -22756327.2677054 6293.29965132795
90284805.4835106 -20413620658.0852 38570583140.1997 -48676.7195371391 -60568.7037498105 -22756327.2676091 6210.37828596794
90290931.2378822 -20711184894.5181 38198397001.6327 -48474.2227947248 -60946.7010106019 -22756327.2675118 6125.7543716218
90296975.0876597 -21003538276.9787 37828914355.9188 -48268.9568337533 -61320.7998053389 -22756327.2674155 6043.84977745843
90302937.8577455 -21290737764.1919 37462169531.9539 -48061.0355920217 -61690.9264168112 -22756327.2673182 5962.77008578765
90308822.0948965 -21572923528.8288 37098088548.2658 -47850.5117930308 -62057.1187133374 -22756327.2672215 5884.23715107056
90314629.7620635 -21850207244.2886 36736629884.5182 -47637.454558139 -62419.3833957142 -22756327.2671261 5807.66716699622
90320363.0003247 -22122708760.504 36377737737.8227 -47421.9228680346 -62777.7430837415 -22756327.2670307 5733.23826119016
90326025.1526185 -22390604164.6254 36021277098.8154 -47203.9246874271 -63132.3004189333 -22756327.2669363 5662.15229373838
90331618.8872843 -22654036221.8699 35667150798.8009 -46983.4861405045 -63483.1206540078 -22756327.2668419 5593.73466586559
90337146.2659516 -22913118202.6277 35315296425.5485 -46760.6516445307 -63830.235290884 -22756327.2667494 5527.37866729292
90342610.2551212 -23168004827.1497 34965590415.7201 -46535.423516967 -64173.7366931718 -22756327.2666569 5463.98916958517
90348012.8759759 -23418805493.1365 34617965913.08 -46307.8365225728 -64513.6616466564 -22756327.2665644 5402.62085472793
90353356.8304898 -23665660206.0916 34272308972.2526 -46077.8913184213 -64850.0932820002 -22756327.2664733 5343.95451381941
90358644.6328166 -23908698906.2719 33928514078.6332 -45845.5898178096 -65183.1062214079 -22756327.2663832 5287.80232681112
90363878.7047166 -24148045966.6085 33586478265.1247 -45610.9316159428 -65512.7722887636 -22756327.2662926 5234.07190003519
90369060.1318599 -24383763801.5669 33246183199.5737 -45373.9717519268 -65839.0819279493 -22756327.2662039 5181.42714329806
90374191.4633811 -24615980756.921 32907512168.5536 -45134.6948183446 -66162.1203365394 -22756327.2661142 5131.33152119936
90379274.6334752 -24844796002.1262 32570385920.9382 -44893.1080249551 -66481.9363497877 -22756327.266026 5083.17009412701
90384311.1727377 -25070289649.7066 32234749579.7113 -44649.2335559292 -66798.5556129445 -22756327.2659392 5036.5392624255
90389302.7266598 -25292546223.2474 31900538513.4786 -44403.084503074 -67112.0130693775 -22756327.265851 4991.55392210625
90394250.7602569 -25511641431.0841 31567698097.0266 -44154.6792486525 -67422.3342529307 -22756327.2657657 4948.03359715797
90399157.365264 -25727677788.2018 31236129346.0084 -43904.0006100996 -67729.585720121 -22756327.2656803 4906.60500711636
90404023.4605305 -25940705230.3161 30905810421.1824 -43651.0873462381 -68033.7621560167 -22756327.265595 4866.09526644364
90408851.0665725 -26150821264.4728 30576643006.2825 -43395.9180619425 -68334.928659308 -22756327.2655106 4827.60604202271
90413641.1742203 -26358077582.6112 30248596955.136 -43138.5217809219 -68633.0873614985 -22756327.2654271 4790.10764779587
90418395.2279797 -26562544953.8883 29921609607.5649 -42878.9007696562 -68928.2700112959 -22756327.2653441 4754.05375945641
90423114.0907068 -26764268482.3862 29595656803.7839 -42617.0864091954 -69220.4734784907 -22756327.2652612 4718.86272703755
90427799.1876283 -26963316792.357 29270674230.5532 -42353.076726209 -69509.7306803422 -22756327.2651801 4685.09692156893
90432451.7023981 -27159747422.027 28946612737.1034 -42086.8802688004 -69796.0605483676 -22756327.2650986 4652.51476973942
90437072.4184616 -27353600479.821 28623449820.3678 -41818.5264074182 -70079.4584328905 -22756327.2650185 4620.71606350152
90441662.6890548 -27544939458.7984 28301121956.4715 -41548.0094432655 -70359.9556134958 -22756327.2649388 4590.27059318882
90446223.7696607 -27733822887.3687 27979570971.576 -41275.3263445283 -70637.5779900335 -22756327.2648597 4561.08060587279
90450755.7783478 -27920261805.6509 27658817925.949 -41000.5406300414 -70912.283188099 -22756327.264781 4532.00868719663
90455259.9984284 -28104315084.0917 27338800769.8242 -40723.6446192293 -71184.1006317978 -22756327.2647042 4504.22008057213
90459737.5247983 -28286033045.1695 27019469489.7983 -40444.6394234813 -71453.0487836107 -22756327.2646279 4477.52636988208
90464188.6952086 -28465434857.3084 26700827172.4175 -40163.5718794512 -71719.1013892281 -22756327.2645521 4451.17041025796
90468614.9801595 -28642584952.1381 26382794980.7788 -39880.4159889557 -71982.3006429198 -22756327.2644782 4426.28495089249
90473016.5028765 -28817493203.5645 26065389841.3342 -39595.2299448646 -72242.6090612314 -22756327.2644033 4401.52271709359
90477395.0746248 -28990236143.2669 25748506148.3466 -39307.9612573551 -72500.0895991026 -22756327.2643313 4378.57174825445
90481750.162985 -29160797202.7751 25432206934.1502 -39018.7092996158 -72754.6677148725 -22756327.2642589 4355.08836020535
90486083.5278517 -29329249629.3719 25116388402.5419 -38727.4212523039 -73006.4039502025 -22756327.2641878 4333.3648667245
90490395.1751743 -29495597619.7904 24801073460.4221 -38434.1597389073 -73255.2568955572 -22756327.2641172 4311.64732253979
90494685.9462488 -29659877626.3098 24486223599.0923 -38138.9306084477 -73501.2343866668 -22756327.2640486 4290.77107457682
90498957.0168949 -29822138162.4173 24171774801.9707 -37841.714675108 -73744.3634247639 -22756327.2639794 4271.07064609651
90503208.0824561 -29982371145.465 23857771439.2327 -37542.5948441908 -73984.5872165807 -22756327.2639136 4251.06556113051
90507440.3586925 -30140625859.6515 23544145317.1199 -37241.5472007996 -74221.9359109162 -22756327.2638474 4232.27623646314
90511654.4446387 -30296927715.0613 23230873001.4912 -36938.5896353973 -74456.4048388457 -22756327.2637825 4214.08594614531
90515850.4973474 -30451285565.5616 22917963506.7332 -36633.7714366211 -74687.9654129811 -22756327.2637186 4196.05270867898
90520029.4471377 -30603736521.2195 22605367767.408 -36327.0852915154 -74916.6323359754 -22756327.2636561 4178.94979030287
90524191.5248952 -30754291707.4933 22293088423.5557 -36018.5741208421 -75142.3822149209 -22756327.2635946 4162.07775754596
90528337.5203036 -30902982262.2689 21981085791.8028 -35708.2390031147 -75365.2225287627 -22756327.2635331 4145.99540837573
90532468.3525995 -31049843265.563 21669309693.9775 -35396.0697420734 -75585.1674591953 -22756327.263474 4130.83229588604
90536584.2088262 -31194883289.7295 21357764653.8333 -35082.1104703478 -75802.1922714812 -22756327.2634158 4115.85622677763
90540685.4782379 -31338118024.6085 21046439670.013 -34766.3899791324 -76016.2837120391 -22756327.2633586 4101.26941170989
90544772.8028709 -31479571695.2463 20735304145.4691 -34448.9170501751 -76227.4420603031 -22756327.2633033 4087.32463295386
90548846.3492491 -31619251795.0526 20424363295.9288 -34129.7369025633 -76435.6433850121 -22756327.2632484 4073.546378174
90552906.8179196 -31757183968.8467 20113581277.7805 -33808.8526800085 -76640.8915884898 -22756327.2631946 4060.4686704861
90556954.6689902 -31893385214.789 19802940157.8079 -33486.2856376088 -76843.1783865546 -22756327.2631435 4047.85107059119
90560990.5064638 -32027877007.7232 19492410556.4223 -33162.0449441916 -77042.5028315875 -22756327.2630925 4035.83747360502
90565014.6316779 -32160670393.7982 19181986004.9565 -32836.1635330865 -77238.8491979587 -22756327.2630434 4024.12521414921
90569027.2972361 -32291774731.2776 18871663587.0211 -32508.6782657083 -77432.2000236461 -22756327.2629948 4012.66555814671
90573029.3368038 -32421218032.5758 18561395100.8124 -32179.5780872322 -77622.5660126892 -22756327.2629485 4002.03956773504
90577020.8876013 -32549005312.4489 18251185918.53 -31848.9084733146 -77809.9246302498 -22756327.2629037 3991.55079746896
90581002.4607957 -32675153467.2376 17941012162.4302 -31516.6839130152 -77994.2714929363 -22756327.2628608 3981.57319444738
90584974.0988068 -32799664371.2553 17630886241.7267 -31182.9578489834 -78175.5809590268 -22756327.2628188 3971.63801107817
90588936.6319776 -32922564420.4159 17320758814.5958 -30847.7173542949 -78353.8637751357 -22756327.2627769 3962.53317081488
90592890.850091 -33043877927.4142 17010583152.9614 -30510.9516871684 -78529.1279960995 -22756327.2627378 3954.21811338915
90596836.4374352 -33163595046.3421 16700399008.3177 -30172.7440317245 -78701.3329479853 -22756327.2626996 3945.58734423648
90600774.0825046 -33281736577.9729 16390167171.7384 -29833.0919629232 -78870.4828946664 -22756327.2626634 3937.64506932922
90604703.9713624 -33398307828.4085 16079887703.7862 -29492.0358942939 -79036.5604217342 -22756327.262629 3929.8888578038
90608626.5181672 -33513320754.6492 15769542501.9499 -29149.596439977 -79199.558272865 -22756327.2625961 3922.54680484851
90612542.2949898 -33626791548.6918 15459100687.9036 -28805.7800107406 -79359.475689382 -22756327.2625651 3915.77682263939
90616451.5729416 -33738727300.0891 15148554978.5377 -28460.6190694226 -79516.2995759033 -22756327.2625356 3909.2779517441
90620354.7871508 -33849139582.6553 14837884884.6811 -28114.1314871936 -79670.0237172955 -22756327.2625079 3903.21420916755
90624252.1228201 -33958032672.6126 14527089631.6011 -27766.3571952448 -79820.6323203071 -22756327.2624822 3897.33566933174
90628144.049756 -34065418635.1495 14216145606.0552 -27417.3106996579 -79968.1209893111 -22756327.2624574 3891.92693592831
90632031.0622579 -34171309783.8171 13905026989.3135 -27067.003950222 -80112.4860847073 -22756327.2624335 3887.01250184347
90635913.2437305 -34275707000.7475 13593740690.6256 -26715.4858255187 -80253.7089374637 -22756327.2624116 3882.18147259603
90639790.9786227 -34378619224.7141 13282269407.0673 -26362.7780908461 -80391.782491712 -22756327.2623916 3877.73489228307
90643665.0629015 -34480160739.2001 12970268549.5455 -26008.5304620905 -80526.8396608996 -22756327.2623739 3874.08427879255
90647535.2541409 -34580132155.453 12658358333.6846 -25653.4885815795 -80658.5971530304 -22756327.2623563 3870.19123938797
90651401.9997438 -34678726708.8422 12345944107.8409 -25297.0174206219 -80787.2924617946 -22756327.2623415 3866.74560285551
90655265.8823933 -34775853038.9306 12033316572.22 -24939.489519896 -80912.7880862477 -22756327.2623281 3863.88264952104
90659126.8690602 -34871523957.24 11720441780.5747 -24580.9081964019 -81035.0846735417 -22756327.2623158 3860.98666687353
90662985.7310848 -34965736757.1274 11407335508.8968 -24221.3338108338 -81154.1635303416 -22756327.2623057 3858.86202460396
90666842.3746413 -35058508202.9775 11093948215.5618 -23860.7518398178 -81270.0311778431 -22756327.2622962 3856.64355655581
90670697.3684663 -35149833844.4546 10780300453.3968 -23499.2284059135 -81382.667981303 -22756327.2622886 3854.99382496634
90674551.1804899 -35239724924.6447 10466358865.0012 -23136.7676922599 -81492.0744272966 -22756327.2622824 3853.81202353262
90678404.0760544 -35328189793.4812 10152098112.4528 -22773.3831020082 -81598.247667018 -22756327.2622795 3852.89556453592
90682256.458219 -35415231806.2571 9837509258.22434 -22409.1070618814 -81701.1792451107 -22756327.2622781 3852.38216458628
90686108.4949038 -35500857191.9978 9522572039.14046 -22043.9589915055 -81800.8646036321 -22756327.2622766 3852.03668484821
90689960.4045952 -35585066717.445 9207285339.46554 -21677.9806185156 -81897.2933225719 -22756327.26228 3851.90969135718
90693812.4601951 -35667862204.7173 8891643883.52146 -21311.2090032661 -81990.4569001291 -22756327.2622824 3852.05559991196
90697665.4090478 -35749246518.7178 8575637897.48101 -20943.6761092882 -82080.3486279975 -22756327.2622881 3852.94885269734
90701519.3898329 -35829232108.4982 8259218575.68511 -20575.3685633207 -82166.9726229478 -22756327.2622952 3853.98078515093
90705374.6208646 -35907818245.27 7942386972.78806 -20206.3310818808 -82250.3188323458 -22756327.2623038 3855.23103163954
90709231.5562332 -35985005796.9453 7625137599.07729 -19836.6009158202 -82330.379637464 -22756327.2623134 3856.9353685808
90713090.5517727 -36060800120.4098 7307445522.31062 -19466.1927761947 -82407.1525545326 -22756327.2623253 3858.99553957699
90716951.9364584 -36135204245.4677 6989293834.58094 -19095.1308339864 -82480.6330011345 -22756327.2623391 3861.38468567671
90720815.9562955 -36208220392.6261 6670667802.90985 -18723.44192004 -82550.8159863339 -22756327.2623544 3864.01983705595
90724683.0575388 -36279848992.5489 6351559520.79224 -18351.1609580207 -82617.6952807892 -22756327.2623701 3867.10124331825
90728553.5182157 -36350093931.9943 6031944523.56386 -17978.3036849062 -82681.2683116479 -22756327.2623892 3870.46067693763
90732427.745456 -36418955692.9769 5711812219.62164 -17604.9021560471 -82741.5297171992 -22756327.2624083 3874.22724031251
90736305.9785266 -36486436789.6521 5391141329.6905 -17230.9760995173 -82798.4763219117 -22756327.2624302 3878.23307052521
90740188.6757206 -36552536520.9112 5069924460.66574 -16856.5615780092 -82852.1026003312 -22756327.2624545 3882.69719399534
90744076.1002883 -36617257661.21 4748136082.31905 -16481.6736572824 -82902.406256015 -22756327.2624788 3887.42456773046
90747968.5854162 -36680599380.9004 4425766825.61386 -16106.3463898003 -82949.3824479441 -22756327.262506 3892.48512789911
90751866.5959023 -36742561780.6258 4102801544.08502 -15730.6072425012 -82993.0275009826 -22756327.2625337 3898.01048611151
90755770.3894529 -36803146707.428 3779214182.35844 -15354.4711604277 -83033.3392174611 -22756327.2625632 3903.79355060292
90759680.3519012 -36862352434.382 3454995894.06429 -14977.9732696187 -83070.3132498916 -22756327.2625961 3909.96244836486
90763596.8903465 -36920178945.5388 3130127229.08952 -14601.1365349852 -83103.9467463602 -22756327.2626286 3916.53844521547
90767520.2742586 -36976626175.3355 2804587001.48651 -14223.9820994753 -83134.2370209227 -22756327.2626634 3923.38391210139
90771450.9378492 -37031691769.0618 2478365508.24407 -13846.5445887158 -83161.1804474938 -22756327.2626996 3930.66359064857
90775389.2521821 -37085375416.2054 2151439401.32592 -13468.8430114528 -83184.7747483447 -22756327.2627373 3938.31433285228
90779335.5607681 -37137675557.2047 1823790636.35684 -13090.902721136 -83205.0172185918 -22756327.2627764 3946.30858600972
90783290.3584025 -37188589956.4593 1495403524.93459 -12712.7519827731 -83221.9051460902 -22756327.2628169 3954.79763442959
90787254.0355335 -37238117961.7013 1166249858.05392 -12334.4048682285 -83235.43647563 -22756327.2628574 3963.67713095004
90791226.7617352 -37286257162.9786 836310184.781743 -11955.8857873624 -83245.6086268097 -22756327.2629008 3972.72620176051
90795209.1449554 -37333002242.6828 505583528.149845 -11577.2405113152 -83252.4188033974 -22756327.2629461 3982.38322013809
90799201.471184 -37378352778.2695 174032510.437758 -11198.4733238209 -83255.8652339418 -22756327.2629919 3992.32622867286
90803204.2720857 -37422304187.5953 -158353344.773333 -10819.6195553888 -83255.9456341143 -22756327.2630401 4002.80090170084
90807217.8072729 -37464854267.3633 -491604859.862093 -10440.691577871 -83252.6578766663 -22756327.2630887 4013.53518713514
90811242.6523074 -37505997520.7851 -825730092.350415 -10061.7279280034 -83246.0000510818 -22756327.2631378 4024.84503449535
90815279.4136308 -37545731369.0313 -1160763279.22679 -9682.73768732757 -83235.9699064883 -22756327.2631907 4036.76132346311
90819327.9654195 -37584052902.9919 -1496741088.5619 -9303.72764033789 -83222.5646209391 -22756327.2632427 4048.55178869747
90823389.2681617 -37620952016.7383 -1833639105.27891 -8924.77367388214 -83205.784176366 -22756327.2632966 4061.30274218399
90827463.6173516 -37656428339.2944 -2171523169.91796 -8545.85029341594 -83185.6246082167 -22756327.2633514 4074.34918983584
90831551.4372233 -37690474876.8594 -2510403618.80027 -8166.99487050438 -83162.0844183635 -22756327.2634077 4087.81987177081
90835653.4184196 -37723085457.7808 -2850301334.41099 -7788.23319993246 -83135.161756382 -22756327.2634645 4101.98119622286
90839770.0245716 -37754255512.3638 -3191259162.99435 -7409.56703232804 -83104.8528465407 -22756327.2635217 4116.60615202953
90843901.220492 -37783978103.1864 -3533300872.69986 -7031.01984973761 -83071.155186444 -22756327.2635822 4131.19592039782
90848047.9157751 -37812242550.7211 -3876408609.39909 -6652.66132307857 -83034.0710265087 -22756327.2636433 4146.69528308474
90852210.6281861 -37839044438.6807 -4220642798.04018 -6274.47497364364 -82993.5946902162 -22756327.2637053 4162.71241106211
90856389.9089492 -37864375950.6158 -4566031071.74894 -5896.48112384146 -82949.7235111388 -22756327.2637668 4179.28076311195
90860586.5901337 -37888228962.6215 -4912603597.71722 -5518.69779384056 -82902.4544202226 -22756327.2638307 4196.68118451308
90864800.615168 -37910596257.031 -5260413554.43037 -5141.11858393355 -82851.7807683195 -22756327.2638974 4214.02503430349
90869032.5749805 -37931465426.6886 -5609440213.22522 -4763.81776321749 -82797.7067482255 -22756327.2639637 4231.9598124239
90873283.7481658 -37950827295.2451 -5959716273.16211 -4386.81180088889 -82740.229330137 -22756327.2640295 4251.17318531885
90877554.5482435 -37968674862.6367 -6311330994.06847 -4010.05726872651 -82679.3352700656 -22756327.2640963 4270.80007772698
90881845.0986816 -37984996374.8134 -6664301682.94024 -3633.58901004842 -82615.0225839041 -22756327.2641644 4290.55043811409
90886156.189078 -37999778832.355 -7018621417.48387 -3257.46784304487 -82547.2944831744 -22756327.2642355 4311.09039636512
90890488.756652 -38013011297.0513 -7374338005.10336 -2881.69671813085 -82476.1443161658 -22756327.2643051 4332.56757397673
90894843.2563491 -38024682347.3206 -7731511012.35071 -2506.26719117517 -82401.5623265082 -22756327.2643766 4354.49969716404
90899220.6240499 -38034778466.9 -8090159833.21788 -2131.21393379923 -82323.546700504 -22756327.2644486 4377.36770072902
90903621.5161941 -38043286649.0984 -8450343078.00407 -1756.53129375638 -82242.0870446425 -22756327.2645216 4400.89214421281
90908046.6207061 -38050192453.0815 -8812095891.77662 -1382.23907133396 -82157.1777093269 -22756327.2645941 4425.10451203496
90912496.445008 -38055480849.3451 -9175455571.58132 -1008.35559280873 -82068.8124873837 -22756327.2646685 4449.82430187277
90916972.1109481 -38059136035.1177 -9540444160.29276 -634.915539089508 -81976.9890038567 -22756327.2647429 4475.66594014016
90921474.7346913 -38061141988.441 -9907133608.17776 -261.903409240849 -81881.6921734561 -22756327.2648187 4502.62374319166
90926004.9154839 -38061481401.004 -10275594746.9695 110.693529441037 -81782.9060659785 -22756327.264895 4530.18079260678
90930563.3264415 -38060135947.4354 -10645855505.5372 482.843364764255 -81680.6257234701 -22756327.2649722 4558.41095759795
90935150.5634216 -38057086753.4436 -11017949347.7931 854.519077237902 -81574.8449744201 -22756327.2650495 4587.23698009772
90939768.4832599 -38052314454.3045 -11391902910.073 1225.68613786345 -81465.5599002209 -22756327.2651277 4617.91983833508
90944417.8261937 -38045797212.7733 -11767844901.0005 1596.40976482181 -81352.7360244127 -22756327.2652063 4649.34293376929
90949099.4193812 -38037513071.8179 -12145812212.2543 1966.66228104467 -81236.3648331906 -22756327.265285 4681.59318748278
90953814.526343 -38027439224.7629 -12525848158.9509 2336.4213440548 -81116.436023394 -22756327.2653656 4715.10696180296
90958563.4943675 -38015550922.1738 -12908030713.7441 2705.6969144289 -80992.928063302 -22756327.2654452 4748.96802446974
90963348.0104831 -38001824839.5303 -13292362833.5543 3074.42521757626 -80865.8436135584 -22756327.2655258 4784.51611562452
90968170.1796015 -37986233014.1037 -13678955161.882 3442.64470501499 -80735.1499240026 -22756327.2656074 4822.16911844665
90973030.9866787 -37968743906.7272 -14067950827.3237 3810.4214526358 -80600.8011718994 -22756327.2656884 4860.80707716688
90977930.4883216 -37949328078.7591 -14459401368.8112 4177.73195436344 -80462.7815945337 -22756327.2657709 4899.5016429136
90982870.9642953 -37927959397.7558 -14853282856.2222 4544.48130754819 -80321.1030088894 -22756327.2658548 4940.47597365385
90987855.4825678 -37904601278.9595 -15249749218.0275 4910.7390794254 -80175.7137134292 -22756327.2659383 4984.51827252792
90992883.849694 -37879210204.7297 -15649015762.65 5276.62644356752 -80026.536277476 -22756327.2660217 5028.36712620987
90997957.0820128 -37851757157.72 -16051035049.0619 5642.02039161922 -79873.590025131 -22756327.2661057 5073.23231882395
91003078.1625728 -37822206743.413 -16455855773.3177 6006.8857160543 -79716.8598718754 -22756327.266191 5121.08055993557
91008248.782798 -37790510178.4793 -16863682040.4661 6371.32412741881 -79556.2695909438 -22756327.2662764 5170.62022518918
91013470.8407673 -37756623679.7409 -17274613042.0391 6735.3386007428 -79391.7818868272 -22756327.2663622 5222.05796933614
91018746.3007907 -37720500207.976 -17688762745.7456 7098.94200823066 -79223.3528875278 -22756327.266449 5275.46002343523
91024076.4095862 -37682090167.953 -18106248570.6249 7462.14669044045 -79050.936502607 -22756327.2665358 5330.1087954774
91029464.2135737 -37641347451.1636 -18527129450.9554 7824.91114373432 -78874.5105936949 -22756327.2666235 5387.80398754023
91034911.5394568 -37598210157.261 -18951604523.4093 8187.31119504176 -78693.9937764573 -22756327.2667127 5447.32588302997
91040422.5739668 -37552623180.2266 -19379774386.4315 8549.33333726034 -78509.3449962195 -22756327.2668018 5511.03451007204
91045997.3120509 -37504508552.8228 -19811922518.5586 8911.11316727829 -78320.4427872616 -22756327.2668905 5574.73808409026
91051639.3883824 -37453821968.9229 -20248001074.2734 9272.50366162487 -78127.3093658139 -22756327.2669816 5642.07633142031
91057352.1193882 -37400484950.7466 -20688245180.376 9633.59041630325 -77929.8429776632 -22756327.2670717 5712.73100580469
91063137.1178062 -37344417874.0181 -21132861648.423 9994.42823067003 -77727.9522936578 -22756327.2671628 5784.99841804588
91068997.5428849 -37285554934.6131 -21581921773.7505 10354.9566271334 -77521.6069915405 -22756327.2672544 5860.4250787022
91074936.4966442 -37223812438.9209 -22035614292.9862 10715.2054988845 -77310.7233247134 -22756327.267345 5938.95375923638
91080955.9935507 -37159103827.9337 -22494120040.8686 11075.1920423142 -77095.2204334621 -22756327.2674375 6019.49690658694
91087057.5566254 -37091351614.8274 -22957532700.4749 11434.8599006513 -76875.0586259449 -22756327.2675304 6101.56307469943
91093243.1404191 -37020482364.3398 -23425905614.161 11794.1187881603 -76650.2191554278 -22756327.2676239 6185.58379369453
91099513.4113734 -36946416412.8788 -23899322830.8639 12152.899903445 -76420.6706903277 -22756327.2677169 6270.27095426312
91105867.7848188 -36869088665.4023 -24377767561.3216 12511.0567165903 -76186.4333807705 -22756327.2678094 6354.37344543999
91112305.024128 -36788450481.3199 -24861126482.5106 12868.3729217672 -75947.5791073745 -22756327.2679024 6437.23930916405
91118823.2964738 -36704464031.7734 -25349236637.2421 13224.6011508932 -75704.21008157 -22756327.2679944 6518.27234574528
91125415.6177744 -36617102736.1788 -25841890526.3487 13579.469186516 -75456.4571583688 -22756327.268084 6592.32130059587
91132075.8820973 -36526415800.7717 -26338494404.818 13932.4410797578 -75204.6544494861 -22756327.2681737 6660.26432290862
91138794.7703796 -36432451140.6521 -26838526896.3335 14283.0553102312 -74949.1113115813 -22756327.2682614 6718.88828230533
91145563.0679866 -36335313575.7247 -27341232592.4351 14630.7111882743 -74690.268373567 -22756327.2683449 6768.2976070465
91152367.6954723 -36235120530.2733 -27845873438.0665 14974.850529766 -74428.5700703247 -22756327.268424 6804.62748565638
91159196.529371 -36132062335.0984 -28351434532.7502 15314.7604968356 -74164.6171629149 -22756327.2685003 6828.83389874165
91166039.1098754 -36026332899.174 -28856985780.5987 15649.8246957593 -73898.9793586954 -22756327.2685704 6842.58050443027
91172884.8856174 -35918116211.0812 -29361732983.3381 15979.5518779574 -73632.1651453986 -22756327.2686362 6845.77574193579
91179726.2417876 -35807611622.0621 -29864887006.9361 16303.4853450464 -73364.6879350172 -22756327.2686968 6841.35617019306
91186556.4974118 -35695167568.4793 -30365073911.1636 16620.8305537333 -73097.3806682722 -22756327.2687511 6830.25562424938
91193371.2121009 -35580838859.3121 -30862301977.948 16931.7019558335 -72830.343081138 -22756327.2688012 6814.71468911113
91200167.1383337 -35464734857.065 -31356346015.2817 17236.0705983002 -72563.7965925226 -22756327.2688456 6795.92623274393
91206942.5923556 -35346940298.0887 -31847097950.661 17533.9857528138 -72297.8966980845 -22756327.2688851 6775.45402189906
91213696.7714408 -35227524988.9255 -32334515518.2323 17825.5389127587 -72032.7595027525 -22756327.2689219 6754.17908522506
91220429.549091 -35106546168.9818 -32818606343.8169 18110.8513941771 -71768.4697724321 -22756327.2689548 6732.77765019524
91227142.742167 -34984024232.6803 -33299517615.1979 18390.1237431278 -71505.0313775272 -22756327.2689829 6713.19307604617
91233835.6115668 -34860024058.5552 -33777212950.2812 18663.446229396 -71242.5441288243 -22756327.2690105 6692.86939980588
91240510.765616 -34734546796.8543 -34251894750.515 18931.0429635707 -70980.9724397357 -22756327.2690353 6675.15404912597
91247168.9397136 -34607625656.2346 -34723630614.3249 19193.0559747775 -70720.3504303619 -22756327.2690563 6658.17409763985
91253812.8462717 -34479253588.9019 -35192627032.8346 19449.6995318345 -70460.6314116196 -22756327.2690763 6643.90655807266
91260442.2534449 -34349477816.4184 -35658881328.8743 19701.0683328506 -70201.8806560769 -22756327.269094 6629.40717318837
91267060.8706651 -34218266262.8818 -36122667054.5034 19947.4018684776 -69944.0066692895 -22756327.2691112 6618.6172202225
91273668.4998663 -34085661258.5098 -36583981943.891 20188.7868609881 -69687.0677671083 -22756327.2691264 6607.6292012295
91280267.5779525 -33951650723.2152 -37043007177.9601 20425.4031337477 -69431.0171932797 -22756327.2691393 6599.07808614642
91286860.0327545 -33816230060.44 -37499886509.0174 20657.4052590033 -69175.8260171384 -22756327.2691526 6592.45480207121
91293445.8452374 -33679432886.8273 -37954627816.0628 20884.8752415699 -68921.5385847283 -22756327.2691646 6585.81248287103
91300028.2145603 -33541151596.2717 -38407696681.1715 21108.1179522699 -68667.9406808073 -22756327.2691751 6582.36932287353
91306607.8174182 -33401487235.9238 -38858862217.7796 21327.0883651738 -68415.2054538906 -22756327.2691855 6579.60285794218
91313185.6527958 -33260454613.4828 -39308178096.3942 21541.8826395235 -68163.3449398158 -22756327.2691951 6577.83537762673
91319763.1510021 -33118060426.1285 -39755719429.0206 21752.6047506058 -67912.3571774755 -22756327.2692041 6577.49820625129
91326341.4859207 -32974300566.4495 -40201589736.1746 21959.3689657978 -67662.222386659 -22756327.2692132 6578.33491863297
91332921.5483393 -32829174971.9876 -40645874042.1905 22162.2776427478 -67412.9293938438 -22756327.2692208 6580.06241857859
91339504.906166 -32682688536.751 -41088637402.8931 22361.4212824818 -67164.476589566 -22756327.2692289 6583.35782669578
91346092.5550955 -32534829776.5242 -41529989509.7095 22556.9076607423 -66916.8357858979 -22756327.2692366 6587.64892950738
91352685.1630128 -32385598636.3329 -41970000558.0735 22748.8239546897 -66669.9995319452 -22756327.2692437 6592.60791730316
91359283.9888131 -32235001482.3947 -42408718188.7598 22937.2453505407 -66423.9716902704 -22756327.2692509 6598.82580026014
91365889.5564274 -32083030197.2722 -42846228695.1894 23122.2615098899 -66178.7331914094 -22756327.269259 6605.56761434866
91372503.3039496 -31929692568.3897 -43282568870.7871 23303.9389245755 -65934.2915384212 -22756327.2692661 6613.74752215508
91379124.9187692 -31774974261.8618 -43717835238.5093 23482.3669841403 -65690.61966739 -22756327.2692733 6621.61481963484
91385756.5764895 -31618901084.4821 -44152008527.7405 23657.5858236688 -65447.7542859058 -22756327.2692795 6631.65772031589
91392398.5579226 -31461439524.8491 -44585232198.9566 23829.6997885408 -65205.6400685705 -22756327.2692871 6641.98143309713
91399051.5394166 -31302599828.3804 -45017524693.24 23998.7607431654 -64964.2907230218 -22756327.2692938 6652.9814939761
91405716.3144436 -31142382291.9241 -45448929960.2656 24164.8294661685 -64723.7047954734 -22756327.2693009 6664.77502695707
91412393.7986629 -30980783723.0248 -45879499026.9802 24327.9679587818 -64483.8760557843 -22756327.2693081 6677.48421934119
91419084.2574007 -30817797242.048 -46309290182.2369 24488.2393261274 -64244.7934693028 -22756327.2693157 6690.45873782554
91425788.3784612 -30653431248.0073 -46738319385.3602 24645.6895382513 -64006.4688032682 -22756327.2693233 6704.12106047396
91432506.3626979 -30487683340.8639 -47166629452.2906 24800.3734788448 -63768.8981517001 -22756327.2693305 6717.98423671468
91439239.4479735 -30320562699.9052 -47594231774.4007 24952.3336338129 -63532.0943343206 -22756327.2693381 6733.08527556975
91445988.1342186 -30152052211.5698 -48021203354.1909 25101.6346611404 -63296.0331861714 -22756327.2693453 6748.68624512671
91452752.5984219 -29982152528.1176 -48447573653.0405 25248.322942461 -63060.7162996777 -22756327.2693529 6764.46420329914
91459534.723808 -29810872093.334 -48873351533.7322 25392.4369892661 -62826.1560031374 -22756327.2693605 6782.12538607668
91466333.5045447 -29638175570.0224 -49298652648.4779 25534.0500887753 -62592.3053050849 -22756327.2693691 6798.78073667722
91473149.7839533 -29464100632.512 -49723410888.7493 25673.1736870981 -62359.2166906562 -22756327.2693768 6816.27940866531
91479984.6542248 -29288637693.8542 -50147676121.8982 25809.8574375894 -62126.8782620484 -22756327.2693853 6834.87027143593
91486838.9483075 -29111770156.81 -50571512988.5369 25944.1542943318 -61895.2696597191 -22756327.2693934 6854.29408275311
91493711.6339867 -28933487518.3463 -50994969285.4893 26076.1103841589 -61664.3794061604 -22756327.2694016 6872.68567917173
91500604.7178151 -28753827646.3438 -51417977610.1066 26205.7355893179 -61434.2582816663 -22756327.2694101 6893.08382842429
91507518.3310978 -28572748849.3398 -51840657646.772 26333.0968199903 -61204.8547445205 -22756327.2694192 6913.61328269852
91514452.3623855 -28390257967.0462 -52263013043.847 26458.2242237675 -60976.1800785865 -22756327.2694283 6934.03128767192
91521407.5330509 -28206368172.6043 -52685032733.5599 26581.143395594 -60748.2530052148 -22756327.2694373 6955.17066541253
91528384.5416929 -28021070400.5508 -53106756300.7246 26701.8942939796 -60521.0644247375 -22756327.2694464 6977.00864206938
91535383.7771011 -27834355796.5731 -53528221448.1742 26820.5153443721 -60294.6059739181 -22756327.2694559 6999.23540813298
91542405.4098122 -27646223476.5174 -53949446783.0117 26937.0387834815 -60068.8792474363 -22756327.2694659 7021.63271110661
91549450.0831169 -27456678239.9426 -54370437646.6299 27051.4927010487 -59843.892567418 -22756327.2694755 7044.67330475167
91556517.8657501 -27265711928.7311 -54791227557.1515 27163.9123328043 -59619.6388445589 -22756327.269486 7067.78263321385
91563608.8484893 -27073331732.6106 -55211815473.602 27274.3230852979 -59396.1290959289 -22756327.269496 7090.98273918615
91570724.7263834 -26879544175.3347 -55632201740.8226 27382.7505297956 -59173.3731767389 -22756327.2695067 7115.87789408909
91577865.0174875 -26684311608.3947 -56052481337.5223 27489.2437859048 -58951.3306092938 -22756327.2695169 7140.29110411386
91585030.1570019 -26487655711.9379 -56472620025.5917 27593.8181917171 -58730.0290792706 -22756327.2695282 7165.13951435413
91592220.9540625 -26289572946.1935 -56892637797.4823 27696.5026420298 -58509.4672354738 -22756327.2695389 7190.79706066224
91599436.7001904 -26090049178.0508 -57312576198.8247 27797.3306137466 -58289.6322156055 -22756327.2695498 7215.74612789484
91606679.1907033 -25889112269.6262 -57732388076.3668 27896.3139525657 -58070.5572803303 -22756327.2695613 7242.4905128517
91613948.4200702 -25686720255.2468 -58152171886.1375 27993.4985233462 -57852.1994014561 -22756327.269573 7269.22936692207
91621243.9420351 -25482881045.4617 -58571920865.3199 28088.9046451012 -57634.5703342322 -22756327.2695851 7295.5219648835
91628567.3694053 -25277614968.4998 -58991603091.3913 28182.5470160833 -57417.6944356233 -22756327.2695968 7323.42737026893
91635917.9123541 -25070884290.6243 -59411304948.1178 28274.4663508922 -57201.5346869146 -22756327.269609 7350.54294876115
91643296.8899936 -24862718832.5673 -59830974647.6375 28364.6723610176 -56986.1251547215 -22756327.2696211 7378.97763949791
91650703.4922514 -24653088689.8111 -60250680947.8809 28453.2006094243 -56771.4376784718 -22756327.2696338 7406.6022578315
91658138.7477625 -24442024257.8875 -60670371191.1771 28540.0605064255 -56557.5060670489 -22756327.2696462 7435.25551106639
91665602.8299786 -24229503577.5505 -61090097149.9163 28625.283123481 -56344.3105085943 -22756327.2696586 7464.08221613405
91673096.6479048 -24015528889.7246 -61509861852.3968 28708.8889439036 -56131.8559051757 -22756327.2696714 7493.81792620656
91680620.4229989 -23800081202.1829 -61929709448.0621 28790.9061970755 -55920.1262030381 -22756327.2696848 7523.77509405605
91688174.043961 -23583161081.4273 -62349645151.3088 28871.3549003092 -55709.1249299405 -22756327.2696974 7553.62096214991
91695757.6574826 -23364778664.9641 -62769655659.6439 28950.2513974297 -55498.8646422569 -22756327.2697108 7583.61352152343
91703372.3982188 -23144936643.4812 -63189742164.2786 29027.6147178783 -55289.3503250783 -22756327.2697239 7614.74073627033
91711018.2868112 -22923608914.6765 -63609960285.5887 29103.4734447841 -55080.5597279286 -22756327.2697375 7645.88859239024
91718695.6348823 -22700801547.4617 -64030303703.9548 29177.8443610369 -54872.50137541 -22756327.2697513 7677.34807106895
91726404.165049 -22476512105.7724 -64450782125.5347 29250.7469458403 -54665.1756198801 -22756327.2697651 7708.53016669872
91734144.4694554 -22250755346.1379 -64871373057.3665 29322.194983476 -54458.5984392806 -22756327.269779 7740.30440644028
91741918.050138 -22023520556.9749 -65292101543.6641 29392.2102528282 -54252.7621997805 -22756327.2697933 7773.58068253172
91749724.1313269 -21794770065.3518 -65713041452.0724 29460.8219171111 -54047.6354931281 -22756327.2698071 7806.08118894219
91757563.4209232 -21564533064.1642 -66134142910.5252 29528.0384591478 -53843.2472068995 -22756327.2698216 7839.28959629066
91765435.4352035 -21332795064.1774 -66555436400.1983 29593.881320989 -53639.5868644202 -22756327.2698359 7872.0142803198
91773341.2227363 -21099576747.9945 -66976888284.0791 29658.3617004447 -53436.6748284461 -22756327.26985 7905.78753276753
91781281.1071276 -20864853395.0628 -67398547021.5382 29721.5032578497 -53234.491711682 -22756327.269865 7939.88439129414
91789255.3186432 -20628621628.3047 -67820421910.815 29783.3232170139 -53033.0369729978 -22756327.2698796 7974.2115155738
91797264.5256343 -20390880795.4005 -68242517192.8172 29843.8378366634 -52832.3123528224 -22756327.2698944 8009.20699119795
91805309.2978508 -20151617107.4817 -68664860115.514 29903.0663843859 -52632.3085653187 -22756327.2699094 8044.77221645267
91813388.9533326 -19910819592.9586 -69087472357.5001 29961.0269091805 -52433.0189792286 -22756327.2699249 8079.65548177263
91821503.7989122 -19668514745.7096 -69510309897.3088 30017.72836356 -52234.467742905 -22756327.2699399 8114.8455796041
91829654.0137555 -19424699498.3299 -69933380842.423 30073.1868642834 -52036.6541557842 -22756327.2699554 8150.21484336408
91837841.4680575 -19179374579.7442 -70356686571.6904 30127.4174513333 -51839.5805362724 -22756327.2699707 8187.45430191951
91846065.5529535 -18932489661.9691 -70780315784.7686 30180.4458247395 -51643.2086564819 -22756327.2699862 8224.08489602161
91854324.965684 -18684068993.5023 -71204228306.952 30232.280962194 -51447.5601894977 -22756327.2700019 8259.41273053093
91862623.1652247 -18434157987.5004 -71628349011.7593 30282.9280661425 -51252.6723499332 -22756327.2700176 8298.19954068405
91870958.6354799 -18182657901.9498 -72052847044.9865 30332.4212034609 -51058.4700833693 -22756327.2700336 8335.4702552045
91879332.215354 -17929620483.5481 -72477635945.0258 30380.7636971268 -50864.9957127946 -22756327.2700496 8373.57987406816
91887743.2509193 -17675026140.4679 -72902749892.3529 30427.9729513373 -50672.2361302026 -22756327.2700658 8411.03556527394
91896193.4906881 -17418900639.7245 -73328147196.6937 30474.0577677311 -50480.2125297093 -22756327.270082 8450.23976882475
91904680.9099094 -17161196570.4775 -73753907618.6243 30519.0399530314 -50288.8911708866 -22756327.2700975 8487.4192212602
91913208.7998857 -16901981555.4367 -74179920681.8047 30562.92101107 -50098.3237271438 -22756327.2701139 8527.88997631646
91921775.1796144 -16641160890.4546 -74606342900.0156 30605.729948614 -49908.4422183995 -22756327.2701294 8566.37972876056
91930382.6414768 -16378800918.003 -75033066287.8638 30647.4685106492 -49719.296776485 -22756327.2701464 8607.46186234579
91939028.9618028 -16114827986.7907 -75460211015.9111 30688.1608891467 -49530.8360889078 -22756327.2701621 8646.32032598524
91947713.4243015 -15849316039.3172 -75887657798.4421 30727.8080491638 -49343.1146131938 -22756327.2701786 8684.46249877591
91956440.8004106 -15582293017.4857 -76315363249.1371 30766.4187983049 -49156.1526068512 -22756327.2701948 8727.37610902114
91965208.2150737 -15313617943.8988 -76743553376.9073 30804.0255848605 -48969.8529146947 -22756327.270211 8767.41466319721
91974017.5955752 -15043384976.4203 -77172077744.1243 30840.6268627845 -48784.282740746 -22756327.270227 8809.38050142157
91982867.1893717 -14771540442.2876 -77601021573.062 30876.2417191889 -48599.4066129292 -22756327.2702432 8849.59379658209
91991757.6077793 -14498144167.5551 -78030290635.9769 30910.8740679415 -48415.266433699 -22756327.2702599 8890.41840752389
92000692.8094485 -14223183094.4483 -78459906140.6227 30944.5375116643 -48231.8540592736 -22756327.2702763 8935.20166917918
92009670.4878355 -13946540410.7991 -78890049812.0214 30977.2573780997 -48049.0933710657 -22756327.2702932 8977.67838699618
92018690.4267949 -13668293097.6467 -79320600725.1822 31009.0352585097 -47867.0372893318 -22756327.2703097 9019.93895946787
92027754.0927396 -13388453574.1435 -79751539454.7319 31039.8808952717 -47685.6950337765 -22756327.2703264 9063.66594465941
92036860.7930162 -13106982033.0808 -80182926794.8641 31069.8095835815 -47505.0420499343 -22756327.2703433 9106.70027663668
92046009.9894342 -12823905663.0978 -80614720437.4711 31098.8291776238 -47325.0970380657 -22756327.2703598 9149.19641797912
92055205.3183714 -12539246950.7035 -81046885989.4255 31126.9483104276 -47145.8749803778 -22756327.2703764 9195.32893723278
92064443.0692333 -12252898408.2208 -81479585642.1791 31154.1879784687 -46967.3095558864 -22756327.2703938 9237.75086184853
92073725.1082472 -11964981265.1659 -81912635367.7448 31180.5470180028 -46789.4774877168 -22756327.2704103 9282.0390139056
92083054.362415 -11675443134.2521 -82346113858.4297 31206.0408788516 -46612.3468258447 -22756327.2704272 9329.25416775126
92092428.7071425 -11384198329.9618 -82780147872.9488 31230.6869536924 -46435.8666703987 -22756327.2704442 9374.34472759265
92101848.9742949 -11091318795.5695 -83214628556.8576 31254.4888626895 -46260.0821429568 -22756327.2704608 9420.26715231425
92111313.6285372 -10796784234.467 -83649584935.1 31277.4581558786 -46084.9820307892 -22756327.2704782 9464.654242302
92120826.1801969 -10500648391.8436 -84084936905.7428 31299.600625897 -45910.5988703405 -22756327.2704949 9512.5516596913
92130384.3492271 -10202807134.5668 -84520836341.6539 31320.9337256981 -45736.8722497382 -22756327.2705121 9558.16903029247
92139988.8977468 -9903337536.51263 -84957168982.0066 31341.4613989274 -45563.848159729 -22756327.270529 9604.54851969596
92149640.5076828 -9602221477.29418 -85393960367.0219 31361.1945520476 -45391.5165767164 -22756327.2705457 9651.60993590276
92159339.5084377 -9299443314.39716 -85831232017.5028 31380.1436446995 -45219.8691762669 -22756327.2705624 9699.00075497502
92169088.5877235 -8994998445.6198 -86268989239.1143 31398.3182373146 -45048.904044676 -22756327.2705796 9749.07928578397
92178882.4710789 -8688808180.63327 -86707343084.3221 31415.7318776648 -44878.5782505027 -22756327.2705965 9793.88335538133
92188727.1154422 -8381043942.86178 -87146046935.134 31432.3839897556 -44708.9875796033 -22756327.270613 9844.64436331706
92198621.3307417 -8071524316.19724 -87585358128.1358 31448.2934559852 -44540.0324716015 -22756327.2706306 9894.21529951502
92208562.50502 -7760292400.80489 -88025212985.7234 31463.4665012408 -44371.7378385515 -22756327.2706475 9941.17427823027
92218556.1012291 -7447436156.42798 -88465485918.5013 31477.9077373816 -44204.151522744 -22756327.2706642 9993.59620912947
92228598.2383764 -7132789420.03524 -88906408815.1761 31491.6333700768 -44037.1852924648 -22756327.2706811 10042.1371473359
92238691.4401908 -6816480135.07855 -89347800129.4157 31504.6461464475 -43870.9080101663 -22756327.2706983 10093.2018143802
92248834.8909816 -6498434613.61721 -89789760952.6107 31516.9575739867 -43705.2814046837 -22756327.270715 10143.4507907486
92259028.2079061 -6178684354.44868 -90232245441.2531 31528.5746938008 -43540.3225643509 -22756327.2707319 10193.3169245894
92269273.595627 -5857247266.04586 -90675227201.6873 31539.5052311738 -43376.0409616337 -22756327.2707489 10245.3877208503
92279567.5290763 -5534059658.32862 -91118792037.2267 31549.7595077039 -43212.4045198957 -22756327.2707658 10293.9334492804
92289915.3217269 -5209238601.08019 -91562777783.6432 31559.3420810852 -43049.472524646 -22756327.2707825 10347.7926506579
92300312.83208 -4882622297.65997 -92007403763.889 31568.2657881128 -42887.1640568257 -22756327.2707989 10397.510353048
92310765.0338622 -4554347340.68449 -92452482020.4409 31576.5348137962 -42725.5473295444 -22756327.2708158 10452.2017822134
92321269.9788634 -4224262581.39615 -92898215391.4794 31584.1607836327 -42564.5482728165 -22756327.2708323 10504.9450012505
92331826.4598912 -3892435415.51995 -93344510131.9119 31591.149642251 -42404.2005891627 -22756327.2708492 10556.4810277171
92342436.4769223 -3558909903.08309 -93791305189.1133 31597.5082516898 -42244.5255553968 -22756327.2708659 10610.0170311638
92353101.2648242 -3223628794.98493 -94238675388.9275 31603.2453950938 -42085.4957574874 -22756327.2708831 10664.7879018835
92363819.0274154 -2886558999.22911 -94686662340.6136 31608.369011188 -41927.0960102897 -22756327.2708993 10717.7625911784
92374593.9907136 -2547763241.85727 -95135180405.1626 31612.8855517139 -41769.3560223746 -22756327.2709157 10774.9632981712
92385423.5540229 -2207113897.50114 -95584395808.9274 31616.8038947759 -41612.2169374254 -22756327.2709322 10829.5633093262
92396308.8258706 -1864699161.36523 -96034189257.8535 31620.1300477526 -41455.7201707034 -22756327.2709489 10885.2718477592
92407245.0234587 -1520489989.58213 -96484596415.8683 31622.8714294303 -41299.8527124097 -22756327.2709658 10936.1975880774
92418240.165197 -1174643660.11181 -96935409997.1581 31625.034200732 -41144.6851662305 -22756327.2709825 10995.1417383015
92429291.1275476 -826912642.783497 -97386950533.7554 31626.6270373113 -40990.1063474534 -22756327.2709985 11050.9623506158
92440398.7499748 -477401770.914162 -97839078744.6173 31627.6561770096 -40836.1635367617 -22756327.2710154 11107.6224271739
92451563.6222946 -126090569.86624 -98291818638.2149 31628.1285625676 -40682.8477920021 -22756327.2710314 11164.8723198378
92462786.2027226 227033522.293796 -98745183726.8002 31628.0509662478 -40530.1538286141 -22756327.2710481 11222.5804279939
92474063.9175723 581978885.925089 -99199181986.7735 31627.4300469867 -40378.0782660503 -22756327.2710643 11277.7148496456
92485400.8829417 938657993.08819 -99653699291.3982 31626.2727501705 -40226.658305103 -22756327.2710805 11336.9653694667
92496797.0041505 1297194876.41578 -100108891303.377 31624.5853346773 -40075.8411313602 -22756327.2710969 11396.1212087991
92508252.2735545 1657580368.34831 -100564743221.831 31622.3742070601 -39925.6310351123 -22756327.2711127 11455.2694039521
92519766.706105 2019808033.88839 -101021243905.866 31619.6457634977 -39776.0309611209 -22756327.2711291 11514.4325505128
92531340.3686773 2383872133.73991 -101478383254.344 31616.4063872627 -39627.0433949932 -22756327.2711456 11573.662572256
92542970.273535 2749768552.47848 -101936153345.68 31612.662431429 -39478.6700057361 -22756327.2711616 11629.9048577581
92554660.4148719 3117396606.08598 -102394426215.409 31608.4214018904 -39330.9509550876 -22756327.2711771 11690.1413369145
92566413.7961734 3486876306.98409 -102853349372.308 31603.6883006338 -39183.8373976815 -22756327.2711933 11753.3813014725
92578226.2368545 3858296274.52121 -103313029433.945 31598.4679359231 -39037.2944986893 -22756327.2712092 11812.4406810884
92590100.9985543 4231518079.69433 -103773292003.915 31592.768250158 -38891.3769801586 -22756327.271225 11874.7616998076
92602037.4498804 4606638448.84194 -104234253619.935 31586.593799411 -38746.0468321846 -22756327.2712409 11936.4513261236
92614031.8245857 4983631070.70853 -104695878786.243 31579.9508819937 -38601.3143604239 -22756327.2712567 11994.374705254
92626091.2007535 5362370658.66419 -105158011954.682 31572.84778882 -38457.2269145529 -22756327.2712727 12059.3761677935
92638210.9064389 5743074330.45144 -105620915363.371 31565.2863304331 -38313.701558871 -22756327.2712882 12119.7056854066
92650397.2736918 6125588175.67154 -106084398819.391 31557.2752958908 -38170.7962463618 -22756327.2713037 12186.3672529081
92662645.4478009 6510105584.71075 -106548693401.716 31548.8162677542 -38028.4387831638 -22756327.2713196 12248.1741091528
92674954.7438383 6896466886.52998 -107013602898.974 31539.9182986747 -37886.6884420017 -22756327.2713351 12309.2960373385
92687331.5437085 7284644045.1458 -107479091382.155 31530.5878234448 -37745.5546633608 -22756327.2713506 12376.7998702454
92699774.0001957 7674831795.80915 -107945389187.501 31520.8256570391 -37604.9665633224 -22756327.2713659 12442.4564872357
92712277.3101215 8066965303.91098 -108412414902.253 31510.6386903593 -37464.9479882839 -22756327.2713814 12503.3099257812
92724848.1224254 8460886680.36972 -108879977960.496 31500.0365764941 -37325.5546533061 -22756327.2713969 12570.8123038765
92737480.9649096 8856798849.8327 -109348316472.144 31489.0193012752 -37186.7142449089 -22756327.2714124 12632.842484218
92750182.4387966 9254522888.01243 -109817215924.558 31477.5972136838 -37048.4890631808 -22756327.2714276 12701.4738869906
92762950.4343545 9654260013.06981 -110286910603.971 31465.7698377495 -36910.8087723626 -22756327.2714429 12767.9955579357
92775783.4343107 10055937128.5062 -110757310968.063 31453.5444340032 -36773.6986815975 -22756327.2714584 12832.9999561102
92788683.670004 10459499855.7678 -111228350479.803 31440.9278813567 -36637.1768327455 -22756327.2714736 12900.2356933099
92801652.8864713 10865011696.5677 -111700100394.765 31427.9233676545 -36501.2212081982 -22756327.2714887 12969.2164673357
92814688.8899108 11272520751.1281 -112172613207.499 31414.5343514033 -36365.815592109 -22756327.2715037 13036.0034395145
92827793.5407783 11681951332.0287 -112645797901.916 31400.768317355 -36230.9848596374 -22756327.2715182 13104.6508675176
92840964.70473 12093355113.7076 -113119711128.745 31386.6285179019 -36096.7115532376 -22756327.2715333 13171.1639516282
92854208.3394047 12506658331.7026 -113594265013.188 31372.1224637214 -35963.0191567729 -22756327.271548 13243.6346746876
92867521.7364941 12922041082.3141 -114069662891.348 31357.2486585077 -35829.8492263664 -22756327.2715631 13313.3970894867
92880902.3013493 13339411487.8555 -114545795720.029 31342.0150899902 -35697.2313498014 -22756327.2715774 13380.5648551679
92894352.0553634 13758681385.6846 -115022560078.702 31326.4298264955 -35565.1928446099 -22756327.2715921 13449.7540140912
92907872.5401074 14179907301.7688 -115500017614.47 31310.49561008 -35433.7150299591 -22756327.2716062 13520.4847440298
92921465.0384256 14603130613.9697 -115978212106.322 31294.2155838117 -35302.7844719273 -22756327.2716208 13592.4983181767
92935126.6382388 15028384501.3896 -116457177564.332 31277.5930739249 -35172.3906416037 -22756327.2716355 13661.5998132334
92948866.8601564 15455570914.2059 -116936800470.417 31260.6365409287 -35042.5630195955 -22756327.2716498 13740.2219175836
92962673.8478188 15884980435.4008 -117417403020.012 31243.3388743233 -34913.2134315601 -22756327.2716639 13806.9876623982
92976553.6965888 16316235465.1976 -117898559049.431 31225.7197522865 -34784.4553534796 -22756327.2716782 13879.848769987
92990511.2669048 16749519470.2396 -118380470776.175 31207.7762802937 -34656.2329128417 -22756327.2716925 13957.5703159923
93004538.5658101 17184976961.3708 -118863294785.393 31189.5067668639 -34528.5034931753 -22756327.2717066 14027.2989053207
93018636.8793798 17622351431.4726 -119346743155.298 31170.9263268702 -34401.3419890766 -22756327.2717206 14098.3135696943
93032815.7299235 18061676025.7425 -119830850202.868 31152.0380467886 -34274.737505896 -22756327.2717347 14178.8505436682
93047067.223628 18503240211.5463 -120315930979.55 31132.8336944903 -34148.6065554031 -22756327.271749 14251.4937044694
93061396.2766355 18946790841.945 -120801703334.18 31113.3284358994 -34023.021462053 -22756327.2717628 14329.0530075357
93075794.3296342 19392473688.0419 -121288323454.657 31093.5200675515 -33897.9405037166 -22756327.2717764 14398.0529986728
93090267.0013657 19840015398.5667 -121775490100.451 31073.4249990014 -33773.4394299661 -22756327.27179 14472.6717315324
93104819.1319946 20289583585.661 -122263383506.663 31053.0399999858 -33649.4702162635 -22756327.2718037 14552.1306288756
93119450.8661191 20741321245.3703 -122752155149.727 31032.3626407642 -33525.9931281857 -22756327.2718173 14631.7341245259
93134157.942291 21195225352.7472 -123241797414.562 31011.3969966383 -33403.0091409508 -22756327.271831 14707.0761719105
93148940.3413814 21651156320.2536 -123732156128.398 30990.1535135504 -33280.5556582532 -22756327.2718447 14782.3990903281
93163798.7691267 22109106300.7119 -124223220014.581 30968.6366128425 -33158.6338017298 -22756327.2718579 14858.4277453422
93178742.3632036 22569089883.7104 -124715001886.858 30946.8496254473 -33037.2386867142 -22756327.2718712 14943.594076947
93193757.2377529 23031382356.325 -125207791898.523 30924.7833347753 -32916.2976220297 -22756327.2718843 15014.8745492552
93208857.7279727 23495546709.3098 -125701120857.55 30902.4624807762 -32795.924292611 -22756327.2718977 15100.4902198494
93224034.171492 23962018640.888 -126195448542.91 30879.8699649549 -32676.0050106228 -22756327.2719107 15176.443519198
93239290.7412497 24430492058.6146 -126690446724.197 30857.0243666042 -32556.6181670147 -22756327.271924 15256.5697577705
93254627.4143479 24901088351.6066 -127186240710.693 30833.9235841451 -32437.7318622771 -22756327.2719368 15336.6730982159
93270044.0978226 25373799250.6236 -127682818357.015 30810.5717547625 -32319.3475576609 -22756327.27195 15416.6834746786
93285545.6502814 25848614333.7074 -128180165411.802 30786.9731030441 -32201.4671320911 -22756327.2719629 15501.5524588258
93301126.1097628 26325675516.8489 -128678426672.033 30763.1241979528 -32084.0550043405 -22756327.2719756 15580.4594813878
93316789.8818426 26804791638.3734 -129177398896.476 30739.0382109346 -31967.1576719633 -22756327.2719884 15663.7720797196
93332536.2796529 27286090550.9989 -129677211983.572 30714.712327926 -31850.7431447036 -22756327.2720011 15746.3978103611
93348369.3239131 27769543394.6004 -130177832312.014 30690.1515511163 -31734.8178804747 -22756327.272014 15833.044260145
93364283.4289837 28255265739.5714 -130679375571.127 30665.3534927597 -31619.3538696962 -22756327.2720267 15914.105070656
93380278.3864969 28743078416.3491 -131181653098.028 30640.3307803177 -31504.3931660948 -22756327.2720389 15994.9575132329
93396362.9573097 29232967445.1037 -131684647729.376 30615.0876514421 -31389.9378948584 -22756327.2720515 16084.570812808
93412526.3877748 29725193240.8816 -132188623049.942 30589.6140932743 -31275.9267563152 -22756327.2720637 16163.4304650237
93428782.6835083 30219418888.2494 -132693230677.775 30563.9309441294 -31162.4370631174 -22756327.2720761 16256.2957334925
93445120.1846308 30716064684.1263 -133198896007.404 30538.0197130044 -31049.3717809326 -22756327.2720883 16337.501122534
93461542.9761206 31214766373.0076 -133705244240.712 30511.9027089376 -30936.8134429633 -22756327.2721004 16422.7914898246
93478049.7905701 31715640915.3968 -134212391299.322 30485.5771579748 -30824.7344936128 -22756327.2721126 16506.8144495103
93494649.4018717 32218641822.2916 -134720287019.055 30459.0488037263 -30713.1443536157 -22756327.2721246 16599.6113015583
93511340.4893054 32724028328.5826 -135229189219.844 30432.3071901404 -30601.9851027117 -22756327.2721366 16691.0874337444
93528116.2016005 33231751804.0565 -135739044171.267 30405.3580286038 -30491.2675823559 -22756327.2721486 16775.7122951096
93544980.4614976 33741595754.7551 -136249630856.588 30378.2159905686 -30381.038355375 -22756327.2721606 16864.259897118
93561936.8809126 34253671440.4221 -136761057560.723 30350.8783314244 -30271.2723891812 -22756327.2721725 16956.4194149541
93578977.7029575 34768080276.2388 -137273421608.376 30323.3427410449 -30161.9475201081 -22756327.2721845 17040.8220449409
93596102.3925649 35284578860.8687 -137786477223.424 30295.6253561134 -30053.1146278077 -22756327.2721959 17124.6896073559
93613313.7787646 35803143252.6328 -138300198396.249 30267.7305937527 -29944.7771542085 -22756327.2722074 17211.3861996734
93630637.2329345 36323851314.2612 -138814659847.55 30239.6573552538 -29836.9173549228 -22756327.2722193 17323.4541699296
93648043.079049 36847461640.8215 -139330605376.843 30211.3676577965 -29729.3788023015 -22756327.2722311 17405.8461145096
93665535.206088 37373068462.4836 -139847137416.107 30182.9133592336 -29622.3477951404 -22756327.2722422 17492.1270389936
93683127.7621819 37900781525.062 -140364361943.674 30154.2915442251 -29515.800135389 -22756327.2722538 17592.5560939249
93700812.6933645 38431019208.6469 -140882685120.396 30125.4824383274 -29409.6508427934 -22756327.2722652 17684.9311826009
93718582.3405158 38963530065.0582 -141401856641.398 30096.5025733779 -29303.9501395759 -22756327.2722764 17769.6471512422
93736451.4519088 39498075460.5294 -141921641282.809 30067.3678461381 -29198.7439978048 -22756327.2722877 17869.1113930334
93754411.662922 40035090746.2332 -142442459089.042 30038.0573873547 -29093.9458060863 -22756327.2722989 17960.2110132202
93772466.1258188 40574315970.3084 -142964054032.307 30008.5881980696 -28989.6057753115 -22756327.2723097 18054.4628968098
93790617.9852653 41115837443.7124 -143486506389.453 29978.9583684825 -28885.7062224362 -22756327.2723207 18151.85944641
93808869.8604242 41659740890.3479 -144009895045.56 29949.1659737672 -28782.230108929 -22756327.2723316 18251.8751589402
93827213.5081457 42206095948.6238 -144534282657.1 29919.209929153 -28679.1639352484 -22756327.2723428 18343.6477215629
93845651.9160996 42754647288.4568 -145059420543.428 29889.1069557085 -28576.5551359274 -22756327.2723535 18438.4079538164
93864188.0594616 43305475926.9725 -145585383334.658 29858.855316852 -28474.3873804205 -22756327.2723643 18536.1433620084
93882824.9009828 43858662163.7474 -146112244218.802 29828.4532759611 -28372.6449539314 -22756327.272375 18636.8415212124
93901564.914727 44414285581.0721 -146640074961.702 29797.8991006486 -28271.3127407715 -22756327.2723857 18740.0137442504
93920387.1809508 44972410865.2139 -147168932507.995 29767.1918470974 -28170.378761661 -22756327.2723963 18822.2662237209
93939318.3559391 45532406763.5346 -147698216293.195 29736.3688576687 -28069.9556680991 -22756327.2724067 18931.1749883727
93958349.032705 46095057891.3943 -148228664973.064 29705.3895276938 -27969.9015723694 -22756327.2724172 19030.6767658943
93977493.9169272 46660075425.0555 -148760001586.19 29674.2723037937 -27870.2677424985 -22756327.2724274 19144.8842221286
93996719.504204 47227886497.2564 -149292622702.049 29642.9961868101 -27770.9790285027 -22756327.2724376 19225.5872768501
94016052.3206683 47797488832.9075 -149825585138.169 29611.6188926223 -27672.20956104 -22756327.2724481 19332.8164643301
94035494.6568759 48369660096.3118 -150359614343.477 29580.1000687785 -27573.8228452999 -22756327.2724583 19442.3362075667
94055024.4212921 48944458503.1815 -150894759568.621 29548.4389709497 -27475.8090144607 -22756327.2724684 19529.7644161891
94074668.9312115 49521222313.2276 -151430401785.718 29516.6744858353 -27378.2797240492 -22756327.2724787 19644.5099194225
94094405.374925 50100749425.3711 -151967278638.665 29484.7650865993 -27281.0991290036 -22756327.2724886 19736.4437135221
94114260.9296725 50682357832.1025 -152504754578.358 29452.7507194142 -27184.3808981043 -22756327.2724985 19855.5547474825
94134200.4216573 51266839174.0346 -153043557117.304 29420.590186409 -27087.9928817987 -22756327.2725084 19939.4919847863
94154264.0115169 51853149218.6002 -153582720466.693 29388.3432910119 -26992.1062410755 -22756327.272518 20063.5898596363
94174428.6118471 52442459812.008 -154123318691.891 29355.947912241 -26896.5285121501 -22756327.2725278 20164.6003302051
94194696.4672278 53034082962.899 -154664715529.31 29323.4441991346 -26801.3714198318 -22756327.2725375 20267.8553807199
94215069.4581065 53628075693.882 -155206960183.562 29290.8312985824 -26706.62462845 -22756327.2725471 20372.99087865
94235549.4489723 54224484103.422 -155750091450.941 29258.1089416974 -26612.2798070102 -22756327.2725567 20479.9908658308
94256151.5362457 54823353599.297 -156294147131.289 29225.2768826454 -26518.3289529292 -22756327.2725663 20602.087273339
94276838.4861672 55425115636.5193 -156839514113.632 29192.3137246956 -26424.7044614021 -22756327.2725757 20686.9499215535
94297651.240156 56028673785.8529 -157385195865.156 29159.2817176107 -26331.5756866269 -22756327.2725852 20812.7539887439
94318565.458407 56635213508.2388 -157932261066.541 29126.1181584886 -26238.7586240008 -22756327.2725946 20914.2182510301
94339583.0435264 57244015637.1927 -158480056485.377 29092.8645591783 -26146.3631088734 -22756327.272604 21017.5851193916
94360732.1733061 57855126857.443 -159028621756.369 29059.5204838417 -26054.3805419464 -22756327.2726133 21149.1297796954
94381987.9745266 58469356291.6973 -159578678114.451 29026.043953778 -25962.6891984701 -22756327.2726227 21255.8012205554
94403351.9998552 59085971226.0039 -160129564126.565 28992.4770619767 -25871.3986275491 -22756327.2726318 21364.0253285319
94424826.0160154 59705007569.1899 -160681308865.137 28958.8199270812 -25780.5023689103 -22756327.2726408 21474.0161602636
94446411.5192854 60326507238.3267 -161233946469.721 28925.0723296913 -25689.9932481709 -22756327.2726498 21585.5032699301
94468110.1971426 60950504123.8171 -161787503652.12 28891.2344762078 -25599.8654279236 -22756327.2726587 21698.6778572465
94489923.4863397 61577037456.1292 -162342011599.889 28857.3062736125 -25510.1124494921 -22756327.2726676 21813.2891970808
94511852.7969267 62206139034.8219 -162897494661.217 28823.2880225841 -25420.7290681151 -22756327.2726766 21929.3105870362
94533885.667878 62837839719.8592 -163453976136.416 28789.1800652616 -25331.7102954331 -22756327.2726854 22032.8709512811
94556051.365055 63471771340.6798 -164011128819.152 28755.0042302707 -25243.1068042272 -22756327.2726942 22165.6971769433
94578323.1448562 64108765886.3698 -164569679678.92 28720.71765297 -25154.8018746204 -22756327.2727028 22271.7798012107
94600716.3838118 64748044647.8869 -165128941525.664 28686.3642242444 -25066.9030917554 -22756327.2727116 22393.2389555798
94623232.3370236 65390039441.0866 -165689288846.427 28651.9226521346 -24979.3501009694 -22756327.2727203 22515.9532118688
94645858.1206093 66034775871.6171 -166250739371.213 28617.3935188503 -24892.139174995 -22756327.272729 22625.7835856821
94668608.9553792 66681875264.528 -166812959822.735 28582.798993118 -24805.3206886983 -22756327.2727376 22750.8347698954
94691471.6060451 67331763093.0213 -167376316247.637 28548.118205469 -24718.8367655576 -22756327.2727462 22862.6506658686
94714447.1400295 67984051366.6711 -167940468621.314 28513.3737235393 -24632.7382884822 -22756327.2727544 22975.5339844479
94737536.4797773 68638761284.1089 -168505432701.643 28478.566207183 -24547.0210991981 -22756327.2727629 23089.3397477347
94760755.1252959 69295909802.6055 -169071220459.923 28443.6965289918 -24461.6816689038 -22756327.272771 23218.6455186047
94784104.0794501 69955927912.2081 -169638199032.055 28408.7436439788 -24376.6634139721 -22756327.2727792 23348.9541542069
94807554.7966618 70618833125.3888 -170206378267.003 28373.708502607 -24291.9641448416 -22756327.2727873 23450.7172116902
94831137.5472821 71283805477.3728 -170775052534.862 28338.6361724091 -24207.687420074 -22756327.2727954 23582.7506203444
94854838.3356251 71951693738.547 -171344944809.949 28303.4836047586 -24123.7244879037 -22756327.2728033 23700.7883429407
94878657.7524997 72622091129.0916 -171915703880.583 28268.2739811935 -24040.1259702471 -22756327.2728114 23819.4168746492
94902611.5646819 73295004691.0395 -172487332802.574 28233.0086186562 -23956.8898457122 -22756327.2728194 23953.812182187
94926700.5364576 73970869342.2828 -173060196875.941 28197.6664687664 -23873.9618207712 -22756327.2728273 24088.9717757216
94950910.1515425 74649695296.6835 -173634299392.135 28162.2488027549 -23791.3407833069 -22756327.2728354 24209.6150848803
94975240.8878346 75331062893.773 -174209281262.942 28126.7792340365 -23709.0773180985 -22756327.272843 24330.7362921038
94999708.6122631 76014975769.4164 -174785142587.948 28091.2591996955 -23627.1698637635 -22756327.2728508 24467.7244284884
95024298.5121635 76701869274.6649 -175362245784.437 28055.6677771355 -23545.5657790226 -22756327.2728587 24589.8999003873
95049010.849439 77391316889.3308 -175940228366.847 28020.0287392581 -23464.3152257967 -22756327.2728665 24712.3372755192
95073861.5816559 78083316089.1012 -176519085299.262 27984.3437930347 -23383.417361055 -22756327.2728741 24850.7322169217
95098835.4081413 78778303018.4815 -177099177344.199 27948.5920875969 -23302.8206536946 -22756327.2728816 24973.8264853769
95123948.550698 79475839067.0474 -177680134373.819 27912.7978090502 -23222.5754031279 -22756327.2728891 25113.1425567336
95149185.2394221 80176366599.3102 -178262320824.675 27876.9398650234 -23142.6301356616 -22756327.2728969 25236.6887240926
95174545.8378203 80879435003.4964 -178845358270.13 27841.0429104497 -23063.0356635516 -22756327.2729039 25360.5983981297
95200030.4256212 81585044557.7898 -179429244248.954 27805.1084161412 -22983.790712283 -22756327.2729113 25484.5878009079
95225671.6165183 82293187643.9793 -180013969811.017 27769.1382358001 -22904.8948767423 -22756327.2729187 25641.1908971014
95251437.2717205 83004758936.8778 -180600268736.341 27733.0885495517 -22826.2483887063 -22756327.272926 25765.6552022114
95277326.9794593 83718854991.0413 -181187391728.486 27697.0067359593 -22747.9509768578 -22756327.2729331 25889.7077388377
95303356.9477205 84435454631.6738 -181775318952.901 27660.8952711235 -22670.0035995697 -22756327.2729405 26029.9682611989
95329510.6927242 85154995897.5181 -182364406305.244 27624.7335548862 -22592.357780074 -22756327.2729477 26153.7450036977
95355804.8953702 85877012600.8275 -182954268733.235 27588.5464677927 -22515.0629472333 -22756327.2729548 26294.2026459864
95382239.4181325 86601954741.3011 -183545270563.401 27552.3128882525 -22438.0700126987 -22756327.2729619 26434.5227622939
95408814.0608487 87329807161.1828 -184137395041.335 27516.0350803539 -22361.380209602 -22756327.272969 26574.6427161968
95435511.8000865 88060553037.1691 -184730624207.556 27479.7153673955 -22284.9948720707 -22756327.272976 26697.7392377499
95462365.8723761 88793713924.1669 -185324566683.799 27443.3788941453 -22208.9629405642 -22756327.2729828 26854.0722896676
95489359.07774 89530191365.6409 -185919948809.243 27406.9824178146 -22133.1903563481 -22756327.27299 26993.2053638583
95516490.9547158 90269501628.1077 -186516374489.854 27370.5513571809 -22057.7268182219 -22756327.2729967 27131.8769758485
95543778.7489802 91011621053.1503 -187113820930.682 27334.0882677825 -21982.5740305516 -22756327.2730037 27287.7942643901
95571187.0084868 91757009450.284 -187712653537.897 27297.572026311 -21907.6852247452 -22756327.2730105 27408.2595066259
95598732.1469594 92504687552.7626 -188312082155.613 27261.0519479929 -21833.1579459364 -22756327.273017 27545.1384725584
95626432.2336507 93255093333.6502 -188912455866.939 27224.507848301 -21758.947043584 -22756327.2730237 27700.0866913488
95654268.4900616 94008707417.6103 -189514154903.841 27187.9177144911 -21685.0045624087 -22756327.2730303 27836.2564109031
95682258.3817177 94765007358.9255 -190116757976.972 27151.3082822324 -21611.381273834 -22756327.2730368 27989.8916560942
95710383.5553441 95524456246.6038 -190720630093.093 27114.6584772294 -21538.0315196451 -22756327.2730434 28125.1736263332
95738660.7564697 96286544748.0699 -191325362433.303 27077.9941960645 -21465.0038480109 -22756327.2730501 28277.2011256683
95767089.1139131 97051715380.9351 -191931302519.006 27041.2954367518 -21392.2551170585 -22756327.2730564 28428.3574433945
95795631.9916239 97819932513.68 -192538417557.509 27004.5652723091 -21319.7884190658 -22756327.2730631 28542.8777107293
95824361.7796673 98590196182.1179 -193145915239.944 26967.8526305645 -21247.6966220538 -22756327.2730694 28729.7880434787
95853222.5508373 99364448040.6812 -193755322652.859 26931.0662820919 -21175.7975650492 -22756327.2730759 28860.7711699743
95882231.1067556 100141168136.34 -194365438204.643 26894.2798386545 -21104.2324088043 -22756327.2730821 29008.5559183081
95911386.2132343 100920798100.491 -194976606161.253 26857.4735217966 -21032.9592838939 -22756327.2730882 29155.106478709
95940686.5532174 101703293401.785 -195588788061.722 26820.650647193 -20961.9815032852 -22756327.2730945 29300.3399830864
95970132.8501724 102488607514.046 -196201944201.077 26783.8145827195 -20891.3024206849 -22756327.2731006 29446.2969549225
95999759.6801753 103276748726.327 -196816077865.556 26746.966095093 -20820.9203732529 -22756327.2731067 29626.8300029229
96029510.0854616 104068629470.761 -197431894738.329 26710.0638774085 -20750.753909999 -22756327.2731129 29750.4052862958
96059420.7168323 104862715622.022 -198048197969.263 26673.1806174827 -20680.938334824 -22756327.2731187 29910.6313707412
96089472.5037556 105659974888.265 -198665736145.886 26636.2724201901 -20611.3873379444 -22756327.2731251 30051.7869233072
96119682.565937 106459887460.169 -199284103157.558 26599.3644911157 -20542.1454911015 -22756327.2731309 30210.0621813861
96150048.0135386 107262897690.017 -199903639235.821 26562.4374384436 -20473.173466422 -22756327.2731369 30365.4476016236
96180569.6457852 108068916683.183 -200524271742.648 26525.4965293487 -20404.478381368 -22756327.2731427 30521.6322465921
96211245.6850616 108877953734.832 -201146003997.995 26488.5424853824 -20336.0588320603 -22756327.2731487 30676.0392764283
96242074.2599442 109689949905.807 -201768787016.897 26451.5791214421 -20267.9191295466 -22756327.2731544 30828.5748825618
96273072.7158489 110504844087.558 -202392570542.161 26414.6103008718 -20200.0635998755 -22756327.2731601 30998.4559046802
96304221.1793433 111323082389.009 -203017691840.976 26377.6169434287 -20132.454653822 -22756327.2731658 31148.4634944339
96335537.0176551 112144128031.059 -203643736839.983 26340.6244414273 -20065.1361017112 -22756327.2731715 31315.8383117513
96366998.6271677 112968426786.28 -204271041696.729 26303.6138002528 -19998.0707498049 -22756327.2731771 31461.6095126808
96398644.5679344 113795398271.511 -204899161315.281 26266.6121242685 -19931.3050378798 -22756327.2731829 31645.9407666857
96430453.0275946 114626043417.541 -205528851637.705 26229.5757592448 -19864.7577535892 -22756327.2731886 31808.4596601261
96462423.28212 115459776183.961 -206159663218.65 26192.5320508604 -19798.475815569 -22756327.2731942 31970.2545254338
96494551.364541 116296565385.007 -206791568673.437 26155.4834431001 -19732.4610835559 -22756327.2731997 32128.0824209653
96526816.4306392 117136295289.755 -207424477170.445 26118.4360711675 -19666.7219231509 -22756327.2732052 32265.0660981954
96559276.1318713 117978410621.188 -208057968239.429 26081.4152739892 -19601.3004289428 -22756327.2732105 32459.7012321092
96591889.3801308 118824403609.155 -208693160474.65 26044.3564991874 -19536.0801303038 -22756327.2732158 32613.2482594993
96624673.7523452 119673190038.724 -209329235019.853 26007.3083729917 -19471.1444216525 -22756327.2732213 32784.3722144276
96657647.0503236 120525215379.384 -209966522315.993 25970.2524210679 -19406.4584506878 -22756327.2732267 32973.2979784405
96690745.2529616 121380928376.518 -210605352744.23 25933.1702944893 -19341.9881446663 -22756327.273232 33098.2026379243
96724028.6478391 122238656290.179 -211244474894.203 25896.135348821 -19277.8584538508 -22756327.2732373 33283.394877542
96757473.7679808 123099950426.957 -211885042353.385 25859.0814287412 -19213.9522034334 -22756327.2732425 33445.1201417047
96791100.2813101 123964190496.372 -212526589509.144 25822.0362538733 -19150.3150201003 -22756327.2732475 33626.5133293095
96824884.3622221 124831871968.966 -213169480175.907 25784.9795787586 -19086.9099018462 -22756327.2732528 33784.0809119989
96858866.7798044 125702367582.948 -213813245917.117 25747.9391421013 -19023.782046676 -22756327.273258 33982.4175822604
96893002.4061042 126576714445.297 -214458649218.157 25710.8718482091 -18960.8559307752 -22756327.273263 34135.6262998375
96927311.0279127 127453738366.423 -215104819165.615 25673.8284663263 -18898.2156224676 -22756327.273268 34308.6218085079
96961812.7471923 128333936101.499 -215752119011.226 25636.7888340912 -18835.8246386739 -22756327.2732731 34501.7192795872
96996482.9675565 129217809593.988 -216400913114.724 25599.7328715347 -18773.6471970508 -22756327.2732781 34670.220364195
97031294.6003101 130104715250.894 -217050724611.912 25562.6885584888 -18711.72824101 -22756327.2732829 34811.6327536358
97066315.110682 130993949558.267 -217701036390.759 25525.685949415 -18650.1154748835 -22756327.273288 35020.510371895
97101493.3369144 131887223118.151 -218353095755.366 25488.6547578812 -18588.6897537218 -22756327.2732928 35178.2262323624
97136851.7233707 132783217344.377 -219005935728.124 25451.6506220923 -18527.5414281929 -22756327.2732977 35358.3864563371
97172410.7877416 133682491951.762 -219659961240.314 25414.6512124545 -18466.6313757431 -22756327.2733024 35559.0643708674
97208142.564377 134585554492.182 -220315536424.061 25377.6366711989 -18405.9251064279 -22756327.2733071 35731.7766353953
97244045.4911253 135491680936.043 -220972131141.511 25340.6376376187 -18345.4709993803 -22756327.2733119 35902.9267482845
97280140.1227805 136400819551.929 -221629704955.425 25303.6569946181 -18285.2716149629 -22756327.2733167 36094.631655159
97316400.2699193 137313477715.413 -222288621019.707 25266.6749697995 -18225.2928002933 -22756327.2733214 36260.1471388591
97352851.5437912 138228980473.968 -222948388567.238 25229.7197291075 -18165.5782238845 -22756327.2733261 36451.2738719222
97389457.2370525 139147961804.085 -223609461123.553 25192.7664769709 -18106.085805801 -22756327.2733307 36605.6932612361
97426268.2695821 140069484276.246 -224271161605.224 25155.8536230736 -18046.8752796461 -22756327.2733352 36811.0325295974
97463252.5573992 140994817039.609 -224934397968.154 25118.9311107027 -17987.8643785683 -22756327.2733397 36984.2878171485
97500456.5027146 141923139875.524 -225598578111.581 25082.0325425136 -17929.1050069165 -22756327.2733442 37203.945315364
97537830.1396128 142855603054.773 -226264520206.286 25045.1131377638 -17870.5241729269 -22756327.2733487 37373.6368981689
97575368.7392391 143790940060.219 -226931315189.457 25008.2239444289 -17812.2011664238 -22756327.2733532 37538.5996263413
97613119.1507403 144729021435.093 -227598868937.622 24971.3706377133 -17754.1427938013 -22756327.2733577 37750.4115011595
97651053.67655 145671004547.185 -228268001274.001 24934.5085456373 -17696.2768704407 -22756327.2733619 37934.5258097369
97689167.4595151 146616183876.561 -228938206426.15 24897.6661667369 -17638.6464852145 -22756327.2733664 38113.7829650537
97727484.7238175 147564425874.835 -229609386713.686 24860.8493932602 -17581.2589449467 -22756327.2733709 38317.2643024428
97766000.6368983 148516319682.271 -230281955321.251 24824.0361319496 -17524.0780609077 -22756327.2733752 38515.9130808215
97804710.2124941 149471730694.525 -230955812500.26 24787.2324631245 -17467.1116807338 -22756327.2733796 38709.5755957358
97843584.6900192 150430521273.553 -231630857077.014 24750.4444908033 -17410.3675787925 -22756327.2733838 38874.4775251356
97882672.2979925 151391967022.886 -232306576575.265 24713.7006049752 -17353.8876184281 -22756327.273388 39087.6079733477
97921950.2704541 152357247688.208 -232983796858.355 24676.9564082428 -17297.6017806114 -22756327.2733923 39277.9724615768
97961406.9282721 153325786666.693 -233662109020.426 24640.2346661121 -17241.5433588401 -22756327.2733965 39456.6578179788
98001091.317945 154297283534.379 -234341299937.406 24603.547376889 -17185.7288387127 -22756327.2734006 39684.3896728862
98040973.9438185 155272931478.084 -235022199450.509 24566.8502814556 -17130.0893297977 -22756327.2734047 39882.6258735
98081073.5145089 156251989895.301 -235704285562.716 24530.1721283859 -17074.6670044935 -22756327.2734089 40099.5706903711
98121360.0313683 157234903263.87 -236387863377.475 24493.4970813767 -17019.4364365667 -22756327.273413 40286.5168594165
98161834.365949 158220922153.351 -237072407728.34 24456.8538402064 -16964.4392715421 -22756327.273417 40474.3345806884
98202515.1484123 159210055448.604 -237757922187.921 24420.2426354139 -16909.6740826779 -22756327.273421 40680.7824633022
98243396.4369567 160202744985.867 -238444709582.396 24383.6477656406 -16855.1157489587 -22756327.2734249 40881.2885444187
98284479.2198299 161198831680.335 -239132655981.109 24347.075801808 -16800.7725219153 -22756327.2734289 41082.7828732072
98325782.3184769 162198325851.358 -239821764938.493 24310.5270287242 -16746.6432489747 -22756327.2734328 41303.0986470485
98367274.5816153 163201670618.508 -240512337615.06 24273.9859977183 -16692.7036054349 -22756327.2734367 41492.2631383601
98408949.5359727 164208095201.618 -241203839766.149 24237.4814528903 -16638.9944986775 -22756327.2734405 41674.9543574442
98450865.9862387 165217430663.631 -241896153267.926 24201.0199776925 -16585.5238563962 -22756327.2734444 41916.4502659906
98492984.8314375 166231086484.816 -242590240683.121 24164.5513765467 -16532.2166422056 -22756327.2734482 42118.8451988021
98535299.4113051 167248101355.474 -243285438795.222 24128.1110450581 -16479.1232938363 -22756327.273452 42314.5798675916
98577836.2295043 168268301281.234 -243981625717.699 24091.7057687848 -16426.2521148357 -22756327.2734559 42536.8181992318
98620588.6195064 169292311068.503 -244679224109.369 24055.3138929946 -16373.5701967214 -22756327.2734595 42752.3900020444
98663557.6738049 170319955017.247 -245378109813.09 24018.9423920928 -16321.0862966692 -22756327.2734633 42969.0542984694
98706736.5077191 171351244543.918 -246078286447.831 23982.5915470524 -16268.7994469891 -22756327.273467 43178.8339142448
98750092.09605 172385999947.747 -246779628184.195 23946.268331285 -16216.7182720228 -22756327.2734707 43355.5883308862
98793677.3779835 173423417573.388 -247481588206.425 23910.0013732501 -16164.8821888977 -22756327.2734743 43585.2819335517
98837511.6010231 174464750910.181 -248185011818.169 23873.7473590348 -16113.2277768441 -22756327.2734779 43834.2230395384
98881534.9772674 175510442709.075 -248890192371.628 23837.4917381125 -16061.7331985696 -22756327.2734815 44023.3762443523
98925801.2965129 176559051855.902 -249596154031.685 23801.2851156701 -16010.4689970244 -22756327.2734851 44266.3192455214
98970241.5547549 177611845146.678 -250303745985.692 23765.0843445303 -15959.3727139148 -22756327.2734886 44440.2582419741
99014918.4051973 178667167892.785 -251011853112.286 23728.9468240694 -15908.5239231994 -22756327.2734921 44676.850442344
99059824.3395608 179726494777.077 -251721462242.939 23692.822511834 -15857.8507352321 -22756327.2734957 44905.9343635305
99104924.7604957 180789631704.645 -252432438575.257 23656.7187463537 -15807.3622634506 -22756327.273499 45100.4209348773
99150274.6090144 181855745871.7 -253144222129.024 23620.6643025462 -15757.0973482497 -22756327.2735025 45349.8485187595
99195838.979977 182926121258.381 -253857666381.654 23584.616338176 -15706.9949679723 -22756327.2735059 45564.3709625385
99241646.2003681 183999918241.709 -254572207220.255 23548.6037955623 -15657.0941591788 -22756327.2735091 45807.2203910794
99287660.9034754 185077789047.773 -255288274528.314 23512.6054177819 -15607.3642419895 -22756327.2735126 46014.7031073121
99333892.7269815 186158886579.667 -256005301767.588 23476.6500639718 -15557.8438254131 -22756327.2735159 46231.8235061417
99380352.186828 187243423830.029 -256723427488.033 23440.7310777454 -15508.5223593227 -22756327.2735193 46459.4598465005
99427058.6181095 188331633028.149 -257442802038.759 23404.8412804042 -15459.3887053725 -22756327.2735227 46706.4312814758
99473975.7739838 189423951056.215 -258163709743.142 23368.966906602 -15410.4228805093 -22756327.273526 46917.1558743082
99521122.7296135 190519515192.762 -258885577458.941 23333.1368370703 -15361.6630875446 -22756327.2735292 47146.9556297311
99568500.6105556 191618756835.018 -259608686395.279 23297.33741283 -15313.0894423809 -22756327.2735325 47377.8809420342
99616110.5478798 192721687180.754 -260333040189.527 23261.568802437 -15264.7009734674 -22756327.2735356 47609.9373241837
99663971.9585307 193828317464.294 -261058642481.898 23225.8311714415 -15216.4967158303 -22756327.2735388 47861.410650902
99712086.1707779 194939082879.692 -261785774200.105 23190.1110786186 -15168.4574423055 -22756327.273542 48114.2122472548
99760405.3484971 196053997086.219 -262514439179.399 23154.408780658 -15120.5824907582 -22756327.2735452 48319.1777192089
99808977.1455716 197171937007.743 -263243900107.246 23118.7607034949 -15072.9194952196 -22756327.2735485 48571.7970744592
99857774.0885269 198293990667.436 -263974863692.896 23083.1326003688 -15025.4214550778 -22756327.2735515 48796.9429553183
99906797.2209865 199419507868.144 -264706902464.647 23047.5456452705 -14978.1154767826 -22756327.2735547 49023.1324596527
99956065.8729719 200548498629.509 -265440020072.201 23011.9999135058 -14931.0004283521 -22756327.2735578 49268.6519853645
100005570.368231 201681393048.716 -266174492267.942 22976.4823368484 -14884.0578435957 -22756327.2735609 49504.4952595861
100055322.793796 202817953115.623 -266910160937.064 22941.0008813675 -14837.2971478895 -22756327.2735639 49752.4255648707
100105302.293657 203958440765.126 -267647191804.913 22905.5478711228 -14790.7071320135 -22756327.273567 49979.4998602865
100155539.410241 205102362879.159 -268385262762.158 22870.1390831068 -14744.3074022921 -22756327.27357 50237.1165839199
100206035.47142 206250403035.599 -269124811157.098 22834.7538361192 -14698.0697702746 -22756327.273573 50496.0611795104
100256750.678226 207402574488.592 -269865840778.702 22799.3923295676 -14651.9935336168 -22756327.273576 50715.2068062979
100307704.330716 208557954165.669 -270607754619.713 22764.0833151638 -14606.1150440364 -22756327.2735789 50953.6524891577
100358915.855883 209716967936.771 -271350823606.361 22728.8140953102 -14560.4166148302 -22756327.2735819 51211.5251679524
100410386.558805 210880041899.622 -272095317100.427 22693.5721804631 -14514.881024358 -22756327.2735847 51470.7029213634
100462087.497467 212047188874.791 -272841238850.524 22658.3577367762 -14469.5075256677 -22756327.2735876 51700.9386626165
100514026.091282 213217737289.541 -273588156221.929 22623.1914461421 -14424.3217037304 -22756327.2735905 51938.5938143549
100566233.899424 214391841048.546 -274336164789.874 22588.0689977803 -14379.3168797041 -22756327.2735934 52207.808142007
100618681.692659 215570197508.322 -275085704944.937 22552.9700007589 -14334.4659279332 -22756327.2735961 52447.7932348674
100671419.757768 216752130843.17 -275836342906.412 22517.9150526134 -14289.7941807607 -22756327.273599 52738.0651091063
100724375.473008 217938757150.142 -276588782978.209 22482.8715944885 -14245.2592314097 -22756327.2736017 52955.7152406441
100777611.63678 219128426523.091 -277341975251.843 22447.8887863618 -14200.9225622558 -22756327.2736044 53236.1637718335
100831116.960169 220322534455.379 -278096799932.165 22412.925972388 -14156.7316196128 -22756327.2736072 53505.3233886993
100884817.676877 221520809809.181 -278853080691.644 22377.9916762763 -14112.6963255266 -22756327.2736098 53700.7167076533
100938839.760286 222721587163.622 -279609764357.397 22343.1346651013 -14068.877016455 -22756327.2736126 54022.0834098619
100993121.940963 223927667305.787 -280368612177.418 22308.2740555442 -14025.171051051 -22756327.2736153 54282.1806760962
101047652.299623 225137662997.74 -281128745577.594 22273.4506216838 -13981.6288001094 -22756327.2736178 54530.3586607821
101102482.11286 226351293097.336 -281889984664.122 22238.6728134208 -13938.2598400664 -22756327.2736205 54829.8132365536
101157472.53094 227569681391.758 -282653029847.276 22203.9089354972 -13895.0237823108 -22756327.2736231 54990.4180804588
101212829.291223 228789729671.61 -283415939200.96 22169.2475257175 -13852.0296056503 -22756327.2736257 55356.760282174
101268398.406601 230015986349.437 -284181553231.04 22134.5597620088 -13809.1165908251 -22756327.2736284 55569.1153786532
101324258.875469 231245021507.437 -284947725209.042 22099.9432653952 -13766.4047423437 -22756327.2736309 55860.4688681629
101380333.63172 232478567540.37 -285715532311.273 22065.3495208786 -13723.8332021217 -22756327.2736334 56074.7562505062
101436753.659281 233714907764.237 -286483903211.33 22030.8269482336 -13681.460569597 -22756327.273636 56420.0275615821
101493362.076127 234956912548.337 -287254617398.867 21996.2958764939 -13639.1882300348 -22756327.2736385 56608.4168453744
101550290.189718 236201112202.584 -288025518249.951 21961.8531374216 -13597.1338224719 -22756327.2736409 56928.1135914689
101607473.907096 237450377987.841 -288798382121.394 21927.4194971979 -13555.1996259731 -22756327.2736433 57183.7173776792
101664914.375905 238703285255.879 -289572322959.629 21893.0347277283 -13513.4332955928 -22756327.2736459 57440.4688094272
101722664.487167 239959844328.191 -290347344468.433 21858.6987906945 -13471.8338247972 -22756327.2736484 57750.1112611422
101780644.527302 241221194711.352 -291124145212.527 21824.3809919462 -13430.3632189104 -22756327.2736508 57980.0401357565
101838922.152963 242485579267.477 -291901639685.053 21790.1294662305 -13389.078764808 -22756327.2736531 58277.6256609673
101897483.775841 243754458030.987 -292680722751.935 21755.9049311917 -13347.9322005674 -22756327.2736556 58561.622877341
101956398.385112 245027517074.061 -293461197155.948 21721.7163190603 -13306.9334995868 -22756327.273658 58914.6092717813
102015569.314699 246306235312.83 -294243963490.653 21687.5245738624 -13266.0352051757 -22756327.2736604 59170.9295864306
102074997.679775 247588495325.094 -295027720405.313 21653.3868557458 -13225.3049916785 -22756327.2736626 59428.3650761531
102134684.600368 248874306932.871 -295812471659.871 21619.3030723627 -13184.7417993397 -22756327.2736651 59686.9205927508
102194683.810301 250163679985.025 -296598221008.577 21585.2731306682 -13144.3445776675 -22756327.2736673 59999.2099335784
102254980.887528 251457758147.059 -297385661592.396 21551.2672077679 -13104.077126185 -22756327.2736697 60297.07722717
102315508.50246 252756211329.582 -298174587656.684 21517.2944726274 -13063.9496038242 -22756327.2736719 60527.614931316
102376389.590738 254057574855.666 -298964106844.047 21483.3934290856 -13024.0065874271 -22756327.2736743 60881.0882782766
102437556.559418 255364474352.223 -299755808102.905 21449.4960522113 -12984.1671631953 -22756327.2736766 61166.9686803767
102498941.153814 256675438577.494 -300548794658.984 21415.6410654339 -12944.4762127584 -22756327.2736788 61384.5943952624
102560613.992934 257988991378.77 -301342172078.724 21381.8666491345 -12904.9775393706 -22756327.273681 61672.8391199339
102622646.99336 259306630588.75 -302136843500.158 21348.1343497432 -12865.6252232123 -22756327.2736832 62033.0004262239
102684937.714024 260629872241.997 -302933717696.478 21314.4059145898 -12826.3740278192 -22756327.2736854 62290.7206642978
102747575.174951 261956512308.28 -303731462764.147 21280.7379600887 -12787.2891565158 -22756327.2736876 62637.4609270829
102810438.680367 263288428631.946 -304531203761.533 21247.0832056033 -12748.3150036798 -22756327.2736898 62863.5054162479
102873617.52102 264623038363.37 -305331386643.521 21213.5071687173 -12709.5266542083 -22756327.2736918 63178.840652478
102937095.785603 265962222451.029 -306133136917.93 21179.9626617613 -12670.8687361425 -22756327.273694 63478.2645833449
103000947.047265 267305625292.776 -306936237460.391 21146.4589709585 -12632.3512588191 -22756327.2736962 63851.2616611928
103065083.16767 268654782788.028 -307741600700.701 21112.9583567038 -12593.9302665939 -22756327.2736983 64136.1204057895
103129415.444906 270007812276.874 -308548097544.248 21079.5080684617 -12555.6593459461 -22756327.2737004 64332.2772360639
103194107.628126 271362831116.328 -309354605476.274 21046.1545357771 -12517.5906340392 -22756327.2737026 64692.1832196657
103259143.447137 272723273275.067 -310163166059.834 21012.8133648154 -12479.6269866668 -22756327.2737046 65035.8190108825
103324506.273851 274088774253.598 -310973556365.834 20979.4941096159 -12441.7787751797 -22756327.2737067 65362.8267139773
103390105.74799 275458964317.757 -311785551656.258 20946.2062878836 -12404.0562304307 -22756327.2737089 65599.4741391935
103456053.677322 276831934079.07 -312598018048.364 20912.996413733 -12366.5112616947 -22756327.2737108 65947.9293323455
103522314.415546 278210007463.229 -313412327882.136 20879.808462987 -12329.0797746424 -22756327.2737129 66260.7382235103
103588777.550793 279592419716.411 -314228024421.294 20846.6612826557 -12291.7824242684 -22756327.2737148 66463.1352472293
103655517.858673 280976854760.496 -315043740166.205 20813.6103471546 -12254.6807389696 -22756327.2737167 66740.3078798158
103722725.792147 282364859489.591 -315860386646.335 20780.618544279 -12217.7321015869 -22756327.2737187 67207.933473779
103790214.004301 283760371024.077 -316680273467.252 20747.5929596121 -12180.832015983 -22756327.2737206 67488.2121543186
103858098.505069 285159475462.867 -317501094308.963 20714.6268824244 -12144.0842803859 -22756327.2737225 67884.500768205
103926226.922775 286564557637.691 -318324243427.198 20681.6645400436 -12107.4261455292 -22756327.2737245 68128.4177053731
103994676.062068 287972445440.402 -319147858627.109 20648.7806410895 -12070.9400496587 -22756327.2737265 68449.1392930103
104063447.432778 289384711576.458 -319972858114.041 20615.9384941539 -12034.5844937895 -22756327.2737284 68771.3707107631
104132542.551845 290801368938.516 -320799245623.379 20583.1380802505 -11998.358815993 -22756327.2737303 69095.1190663132
104202040.34586 292222430455.771 -321627024891.574 20550.3793796083 -11962.2623588635 -22756327.2737324 69497.7940151235
104271787.853563 293649497211.246 -322457122779.788 20517.6260016278 -11926.2545313925 -22756327.2737342 69747.5077032891
104341822.660225 295079409845.563 -323287697721.199 20484.9507356909 -11890.4147297505 -22756327.2737361 70034.8066614737
104412223.897645 296512926196.444 -324119189069.594 20452.3361760668 -11854.7230336826 -22756327.2737379 70401.2374203419
104482993.483035 297951647640.284 -324952521947.379 20419.7461506194 -11819.1392363793 -22756327.2737398 70769.5853902005
104554012.644454 299395591142.057 -325787700485.8 20387.1807720821 -11783.6629780266 -22756327.2737416 71019.161418838
104625360.791621 300842316927.089 -326623310810.165 20354.6951972513 -11748.3536623429 -22756327.2737434 71348.1471672588
104697039.448515 302293428233.807 -327460277261.902 20322.2534309259 -11713.17141681 -22756327.2737452 71678.6568934414
104769129.801826 303748937786.452 -328298603558.564 20289.8554277218 -11678.1155818235 -22756327.273747 72090.3533117331
104841554.103024 305210471967.384 -329139220861.827 20257.4654593546 -11643.147022515 -22756327.2737488 72424.3011979705
104914233.815772 306676432260.529 -329981204180.956 20225.1194225927 -11608.3040210491 -22756327.2737505 72679.7127475816
104987241.867365 308145214395.717 -330823630392.503 20192.8527163396 -11573.623983077 -22756327.2737522 73008.0515932557
105060624.636522 309618277917.811 -331667335108.976 20160.6332540432 -11539.0716901617 -22756327.273754 73382.7691568711
105134338.920662 311096538670.885 -332512838537.307 20128.4413192833 -11504.6254570931 -22756327.2737556 73714.2841396149
105208386.217441 312579106371.686 -333359627117.881 20096.2966135691 -11470.3058280756 -22756327.2737574 74047.2967788937
105282731.823176 314065993259.049 -334207704555.714 20064.1990552464 -11436.1121136742 -22756327.2737591 74345.6057357418
105357495.213625 315556486277.775 -335056661707.527 20032.1641176694 -11402.0601461398 -22756327.2737608 74763.3904485581
105432596.35617 317052960516.548 -335907846995.784 20000.1410641802 -11368.0954708913 -22756327.2737625 75101.1425445772
105508036.776644 318553792047.971 -336760331492.743 19968.1650566169 -11334.2549167473 -22756327.2737643 75440.420473998
105583771.334331 320058993245.893 -337614118903.717 19936.2360114337 -11300.5378120343 -22756327.2737659 75734.557687652
105659884.059811 321567647511.55 -338468687064.937 19904.3734224684 -11266.9640966387 -22756327.2737676 76112.7254797401
105736376.8414 323081411044.703 -339324971025.591 19872.5424604265 -11233.4964826775 -22756327.2737693 76492.7815891742
105813203.402063 324600299674.954 -340182974713.461 19840.7431685196 -11200.1345508104 -22756327.2737708 76826.5606626594
105890413.583251 326123374984.41 -341042164098.65 19808.9954373076 -11166.8986399208 -22756327.2737725 77210.1811881709
105967960.673912 327651605487.77 -341903081595.715 19777.2793216953 -11133.7673448485 -22756327.2737741 77547.0906612638
106045930.827375 329184046986.104 -342765191350.283 19745.6146591718 -11100.760867474 -22756327.2737756 77970.1534632499
106124191.826325 330722380576.768 -343629434330.464 19713.9670501849 -11067.8428822414 -22756327.2737772 78260.9989497956
106202794.32003 332263978504.541 -344494330589.874 19682.3907590776 -11035.0693007992 -22756327.2737787 78602.4937049451
106281739.798615 333809823289.939 -345360429607.205 19650.8656400104 -11002.4185729175 -22756327.2737804 78945.4785850528
106361065.371818 335359926677.545 -346227735081.923 19619.3915631125 -10969.8899955904 -22756327.2737819 79325.5732031322
106440910.741781 336914998029.133 -347096640227.091 19587.9543270737 -10937.4683745318 -22756327.2737835 79845.3699624853
106521053.952192 338477748486.065 -347968652360.615 19556.4997736472 -10905.0975659003 -22756327.2737851 80143.2104109604
106601583.023877 340043810320.143 -348841328660.338 19525.1162398514 -10872.8680809585 -22756327.2737867 80529.07168508
106682361.210142 341614886391.95 -349715615443.527 19493.7696686361 -10840.7443718143 -22756327.2737881 80778.1862649955
106763563.647561 343188294085.113 -350590018387.097 19462.5135220619 -10808.7805950599 -22756327.2737896 81202.4374191987
106845017.2826 344767428254.927 -351466421878.774 19431.280388036 -10776.9072308042 -22756327.2737911 81453.635038425
106926898.716284 346348907050.838 -352342946752.738 19400.1371827624 -10745.1919917152 -22756327.2737926 81881.4336840363
107009174.380173 347936142735.738 -353221481945.712 19369.0167384666 -10713.5659057524 -22756327.2737941 82275.663889765
107091793.160022 349528461441.703 -354101649144.183 19337.932644344 -10682.0423864801 -22756327.2737957 82618.779848308
107174880.846008 351124854822.567 -354982887544.233 19306.9047412742 -10650.6410561247 -22756327.2737971 83087.6859863601
107258295.749204 352727730963.013 -355866521492.216 19275.8865552941 -10619.3144692215 -22756327.2737985 83414.9031959846
107342184.076967 354334334840.222 -356751027643.274 19244.9316822204 -10588.1163231008 -22756327.2738 83888.3277634429
107426367.917211 355947460716.748 -357637939792.251 19213.9865653133 -10556.9922112888 -22756327.2738014 84183.8402437571
107510883.291556 357563667257.388 -358525362020.265 19183.1174168398 -10526.0082642585 -22756327.2738028 84515.3743450264
107595878.336236 359183632510.034 -359413665838.56 19152.3111328905 -10495.1507038607 -22756327.2738043 84995.044679821
107681208.109715 360810173963.323 -360304391608.319 19121.514413774 -10464.3657245332 -22756327.2738056 85329.7734789429
107766965.31983 362440495892.198 -361196003730.614 19090.7804715117 -10433.7061042245 -22756327.273807 85757.2101154459
107853060.260317 364076350107.534 -362089456815.606 19060.0764261598 -10403.1385694059 -22756327.2738084 86094.9404862707
107939528.840435 365716005901.428 -362983802152.832 19029.434905867 -10372.6951343059 -22756327.2738097 86468.5801178654
108026372.681726 367360130203.74 -363879401234.935 18998.8434573704 -10342.3628996352 -22756327.273811 86843.841291603
108113651.543971 369008735260.437 -364776257729.688 18968.3019431763 -10312.1412441174 -22756327.2738124 87278.8622451256
108201309.183898 370662934223.535 -365674973007.043 18937.7899644304 -10282.0095622451 -22756327.2738137 87657.6399264978
108289381.218045 372321639749.507 -366574952117.834 18907.3277995511 -10251.9874626809 -22756327.273815 88072.034147441
108377776.257814 373985505477.281 -367476545996.85 18876.9036102369 -10222.0628388436 -22756327.2738164 88395.0397688343
108466744.093493 375652787206.156 -368378806982.202 18846.5493221419 -10192.2665967623 -22756327.2738177 88967.8356791493
108556038.22016 377328171618.467 -369284265658.361 18816.1799882438 -10162.5150144676 -22756327.2738191 89294.1266672677
108645659.834493 379006991853.68 -370190394183.255 18785.8805797582 -10132.8910005518 -22756327.2738204 89621.6143329056
108735705.127573 380689256830.242 -371097196683.237 18755.6507580281 -10103.3936452514 -22756327.2738217 90045.2930799298
108826237.352705 382376754211.457 -372005634196.318 18725.4584310007 -10073.9911535289 -22756327.273823 90532.225132106
108917135.722763 384070644357.628 -372916325719.351 18695.2832103004 -10044.6633444751 -22756327.2738243 90898.3700578613
109008463.807325 385768644966.82 -373828039749.08 18665.1659906385 -10015.449581715 -22756327.2738255 91328.0845616595
109100161.255554 387471923894.077 -374741400075.639 18635.086161958 -9986.32943511072 -22756327.2738268 91697.4482295955
109192262.811509 389179335901.099 -375655789300.624 18605.0640529647 -9957.32215029529 -22756327.2738281 92101.5559540865
109284770.256077 390891509488.843 -376571541287.624 18575.0886539287 -9928.41663161035 -22756327.2738293 92507.4445684075
109377685.377998 392608457780.866 -377488659678.481 18545.1598471119 -9899.61234197077 -22756327.2738305 92915.1219208831
109471074.433101 394330193932.013 -378407148112.326 18515.2775150442 -9870.90874823387 -22756327.2738317 93389.0551030365
109564875.050786 396057922684.717 -379327644652.178 18485.4209940784 -9842.28564262525 -22756327.2738329 93800.6176849696
109659089.044796 397790467101.15 -380249517617.098 18455.6108674821 -9813.76240144128 -22756327.2738341 94213.9940100513
109753718.236867 399527840436.855 -381172770645.407 18425.8470175444 -9785.33850079421 -22756327.2738353 94629.1920713898
109848764.456765 401270055978.797 -382097407372.723 18396.1293268362 -9757.01342061868 -22756327.2738365 95046.2198973184
109944262.636932 403017127045.394 -383023431431.973 18366.4576782112 -9728.78664463563 -22756327.2738376 95498.1801674064
110040214.926514 404769673836.788 -383951167492.786 18336.8217150278 -9700.6479471962 -22756327.2738388 95952.2895822574
110136623.484876 406527712347.651 -384880619331.602 18307.2214095635 -9672.59695937031 -22756327.27384 96408.5583614051
110233389.778519 408291258614.539 -385811790726.693 18277.6567337653 -9644.63331422814 -22756327.2738412 96766.2936428451
110330616.211663 410058491070.838 -386743717019.2 18248.1582666846 -9616.78551397466 -22756327.2738424 97226.4331440003
110428236.245976 411831260695.094 -387677371432.384 18218.6951539424 -9589.02401324059 -22756327.2738435 97620.0343134898
110526251.474872 413608333557.012 -388612100624.454 18189.2880095897 -9561.36784832177 -22756327.2738446 98015.2288961657
110624765.481092 415389720920.014 -389547908289.135 18159.9366194726 -9533.81637852681 -22756327.2738458 98514.0062197602
110723710.134583 417177283082.711 -390485767596.745 18130.6105017159 -9506.34063641943 -22756327.2738469 98944.6534910518
110823158.295029 418969760076.126 -391425012821.222 18101.3305571271 -9478.9598769208 -22756327.2738481 99448.1604461244
110923112.524663 420768447998.02 -392366318423.948 18072.0758436443 -9451.65419120945 -22756327.2738492 99954.2296341713
111023400.506452 422573366167.562 -393309688545.032 18042.8464110448 -9424.42335756391 -22756327.2738504 100287.981788267
111124054.724726 424381383505.655 -394253483815.411 18013.6929982266 -9397.31424594663 -22756327.2738514 100654.218274129
111225221.149543 426193072388.905 -395198002703.965 17984.6061397897 -9370.31754992553 -22756327.2738526 101166.424817588
111326829.816499 428011039188.72 -396144600588.661 17955.5440836201 -9343.394149221 -22756327.2738537 101608.666956202
111428882.658826 429834002464.934 -397092605500.916 17926.5275426042 -9316.56292082997 -22756327.2738548 102052.842326216
111531308.182641 431661975799.451 -398042021035.333 17897.5563938757 -9289.82338827848 -22756327.2738558 102425.523814859
111634287.586273 433493660611.423 -398992170536.224 17868.6511777039 -9263.19409673282 -22756327.2738569 102979.403632454
111737717.157358 435332274651.676 -399944719091.353 17839.76126822 -9236.62807287258 -22756327.2738579 103429.571084528
111841524.437535 437175940331.875 -400898688616.62 17810.9164530472 -9210.15242977527 -22756327.273859 103807.28017761
111946001.029946 439023347904.354 -401853399183.609 17782.13718312 -9183.78553448711 -22756327.27386 104476.592410741
112050783.751645 440879659378.213 -402811512495.222 17753.34338725 -9157.45377629644 -22756327.2738611 104782.721698974
112156056.843081 442738397501.826 -403769680744.878 17724.6357444676 -9131.24892413781 -22756327.2738621 105273.091435933
112261745.763567 444602814026.793 -404729578678.65 17695.9639152397 -9105.12460113153 -22756327.2738631 105688.920486552
112367852.155631 446471567698.707 -405690512403.346 17667.348597535 -9079.09931697616 -22756327.2738641 106106.392063262
112474486.263683 448344669675.306 -406652485601.123 17638.7895584255 -9053.17246186619 -22756327.2738651 106634.108052502
112581650.7123 450224043528.215 -407616482270.306 17610.2575952449 -9027.31720189227 -22756327.273866 107164.448616566
112689348.139108 452109708214.435 -408582506403.792 17581.7527326239 -9001.53331044384 -22756327.273867 107697.426808675
112797470.9711 454001682741.455 -409550561997.876 17553.2749946424 -8975.82056161633 -22756327.273868 108122.831991833
112906051.526742 455898054513.778 -410519666528.466 17524.8532932432 -8950.2047431511 -22756327.2738691 108580.555641406
113014981.508535 457799370879.531 -411490097102.961 17496.47941423 -8924.67808610575 -22756327.2738701 108929.981793485
113124483.596149 459703719316.68 -412460876265.763 17468.1817557615 -8899.26572669921 -22756327.273871 109502.087613634
113234449.246307 461614971861.699 -413433974720.378 17439.9028238451 -8873.91569358974 -22756327.273872 109965.650158704
113344880.421442 463531208336.809 -414408409856.522 17411.671255383 -8848.65338971435 -22756327.2738729 110431.175134243
113455779.09229 465452441909.295 -415384185214.223 17383.4868982027 -8823.47834409364 -22756327.2738739 110898.670847941
113567177.006633 467378685773.87 -416361304328.398 17355.3496007966 -8798.3900893005 -22756327.2738748 111397.914343291
113679076.411965 469310468962.585 -417340031901.133 17327.2517258457 -8773.38150398632 -22756327.2738758 111899.405332374
113791366.503448 471247806718.342 -418320371506.331 17299.1931900645 -8748.452222488 -22756327.2738767 112290.091482504
113904246.348218 473188761596.674 -419301340403.329 17271.2020111348 -8723.62678208333 -22756327.2738776 112879.844770115
114017748.781982 475136751853.751 -420284662491.812 17243.228985193 -8698.8612398124 -22756327.2738785 113502.433763682
114131676.829218 477092311867.868 -421270600175.687 17215.2668907537 -8674.14903218702 -22756327.2738794 113928.047236397
114246032.0859 479052022632.14 -422257425035.652 17187.3647986306 -8649.53325998179 -22756327.2738803 114355.256682187
114360931.12047 481015894623.851 -423245140853.853 17159.5224291461 -8625.01329764415 -22756327.2738812 114899.034569955
114476261.005512 482985907908.436 -424234740176.099 17131.7117591493 -8600.56415497346 -22756327.2738821 115329.885041556
114592139.302958 484960104412.533 -425225236078.056 17103.9604797114 -8576.20986760002 -22756327.273883 115878.297446057
114708364.795664 486940474596.239 -426217623879.771 17076.2406601161 -8551.92561761649 -22756327.2738839 116225.492706519
114825349.530012 488923561270.154 -427210169151.948 17048.600608496 -8527.75337504314 -22756327.2738847 116984.734347507
114942596.433965 490916367935.563 -428206371986.341 17020.9429400959 -8503.60773612066 -22756327.2738856 117246.903952965
115060400.86606 492910403711.619 -429201983961.629 16993.3855934127 -8479.591380999 -22756327.2738864 117804.432094903
115178793.534798 494910676896.596 -430199505034.804 16965.8591399275 -8455.64341171298 -22756327.2738873 118392.668738038
115297568.590938 496917680623.201 -431199175502.313 16938.3570608313 -8431.75793974496 -22756327.2738882 118775.05614079
115417148.388254 498927904367.173 -432199243915.994 16910.9274620049 -8407.97643562874 -22756327.2738891 119579.797316042
115537114.407189 500948466570.903 -433203245527.737 16883.4735226647 -8384.21475676003 -22756327.27389 119966.018934363
115657467.895169 502972265646.668 -434207645507.203 16856.0920430315 -8360.55648724685 -22756327.2738908 120353.487980274
115778543.077695 504999310120.914 -435212448353.188 16828.7826024247 -8337.00085292556 -22756327.2738915 121075.182525447
115900129.384283 507035202984.725 -436220426721.112 16801.4698890173 -8313.48265310905 -22756327.2738923 121586.306588186
116022134.969979 509076372343.968 -437229805620.64 16774.202166896 -8290.04326687125 -22756327.2738932 122005.585695949
116144655.607474 511121257688.542 -438239811419.839 16747.0001881185 -8266.70020221284 -22756327.273894 122520.637495476
116267910.934734 513171445532.538 -439251225768.268 16719.8427546763 -8243.43494064528 -22756327.2738947 123255.327260064
116391470.088021 515230579731.38 -440265839707.174 16692.681942899 -8220.20625166191 -22756327.2738955 123559.153286635
116515673.748667 517291439443.824 -441280091856.499 16665.6130402305 -8197.09535073092 -22756327.2738962 124203.660645909
116640401.74038 519359688006.949 -442296767423.723 16638.5615689527 -8174.03832942781 -22756327.2738971 124727.991712873
116765682.852943 521433296452.727 -443314863850.251 16611.5542759948 -8151.0577692637 -22756327.2738979 125281.112563476
116891395.98581 523512719457.571 -444334600582.543 16584.5853153423 -8128.14843606619 -22756327.2738986 125713.132867152
117017666.608252 525595926874.273 -445354979649.581 16557.6809615666 -8105.33234726137 -22756327.2738994 126270.622441294
117144497.19252 527684977687.511 -446377007153.105 16530.8145686602 -8082.58660622191 -22756327.2739002 126830.58426808
117272115.865917 529779887564.705 -447400686549.042 16503.9860478964 -8059.91089668017 -22756327.273901 127618.673396961
117400200.583336 531884390183.692 -448427834856.681 16477.1479962609 -8037.26501373748 -22756327.2739017 128084.717419803
117528753.046701 533993144357.559 -449455839166.308 16450.368806886 -8014.70648437497 -22756327.2739025 128552.463364671
117657875.590983 536106160621.176 -450484703224.866 16423.6481932864 -7992.23474182375 -22756327.2739033 129122.544281609
117787469.671195 538225099496.14 -451515232743.162 16396.965137035 -7969.83183085602 -22756327.273904 129594.080212636
117917537.009317 540348322222.96 -452546627887.366 16370.3402551373 -7947.5147848415 -22756327.2739048 130067.338121304
118048309.781563 542475839379.652 -453578892368.759 16343.7732657309 -7925.28305023289 -22756327.2739055 130772.772246375
118179584.726913 544611421829.902 -454613851139.929 16317.2172276438 -7903.0971280113 -22756327.2739062 131274.945350197
118311467.784008 546751722333.952 -455649877036.176 16290.7139414558 -7880.99173398501 -22756327.2739069 131883.057094719
118443729.077923 548898444221.524 -456687790984.12 16264.2423609257 -7858.94906654288 -22756327.2739076 132261.293914682
118576733.084137 551047826844.158 -457725772935.604 16237.848744678 -7837.00734689696 -22756327.2739083 133004.006214616
118710142.323286 553205769221.51 -458766668027.559 16211.4607035335 -7815.1061528224 -22756327.2739091 133409.239148813
118844086.919973 555366770820.864 -459807819095.713 16185.145577928 -7793.30114320045 -22756327.2739097 133944.59668672
118978783.681533 557532922697.952 -460850232537.893 16158.8777197566 -7771.57075089656 -22756327.2739104 134696.761560693
119114020.967327 559707700748.482 -461895575311.898 16132.6152160042 -7749.88012614655 -22756327.2739111 135237.285793447
119249800.946421 561887657486.943 -462942184580.918 16106.3999347817 -7728.26367278374 -22756327.2739118 135779.979094282
119386125.796589 564072805854.763 -463990063719.297 16080.2316947111 -7706.72098269782 -22756327.2739125 136324.850167445
119523129.736566 566263158814.866 -465039216092.949 16054.1103154309 -7685.25165095653 -22756327.2739132 137003.939977596
119660683.459246 568460845567.233 -466090656933.899 16028.0105376543 -7663.83471229518 -22756327.2739139 137553.722679737
119798789.170849 570663764504.193 -467143376132.472 16001.9574525333 -7642.49055289825 -22756327.2739145 138105.711603245
119937806.550044 572871928664.235 -468197377040.493 15975.9508812656 -7621.2187748779 -22756327.2739152 139017.379194673
120076894.909687 575091052636.383 -469255379721.733 15949.9239146612 -7599.96453269579 -22756327.2739159 139088.359642979
120216676.12531 577307699161.991 -470310976547.519 15924.0339776504 -7578.85608827992 -22756327.2739165 139781.215623587
120357518.213748 579531770247.857 -471368884721.745 15898.1649843438 -7557.79842047187 -22756327.2739173 140842.088437321
120498789.415972 581769074289.121 -472431855846.28 15872.2500820925 -7536.73709469175 -22756327.2739179 141271.202224042
120640400.663791 584009538890.847 -473495096708.291 15846.40633375 -7515.76713595134 -22756327.2739186 141611.247819648
120782622.572697 586251742795.395 -474557934626.256 15820.6496962586 -7494.90112106251 -22756327.2739192 142221.908905753
120925691.02398 588499955147.557 -475622392685.555 15794.9308976091 -7474.0988293212 -22756327.2739199 143068.451282475
121069103.84691 590757869610.414 -476690212653.413 15769.2080181095 -7453.32622726177 -22756327.2739204 143412.822930503
121213370.300852 593017536189.331 -477757631223.466 15743.5716567473 -7432.65625844386 -22756327.2739211 144266.453942138
121358258.865755 595286954127.891 -478828423479.643 15717.9310909689 -7412.01555662253 -22756327.2739218 144888.564903021
121503496.183395 597562446039.483 -479900847203.13 15692.3282012892 -7391.43771109157 -22756327.2739224 145237.317639413
121649359.798588 599839702908.813 -480972870996.671 15666.8112420003 -7370.96121011518 -22756327.273923 145863.615193444
121795991.822741 602123060561.098 -482046535352.982 15641.331402614 -7350.54659227568 -22756327.2739236 146632.024152637
121943015.375559 604414711715.996 -483122865437.059 15615.8644390114 -7330.1742796323 -22756327.2739242 147023.552817921
122090672.928598 606708743450.241 -484199081235.716 15590.4760270358 -7309.89657920102 -22756327.2739249 147657.553039155
122239353.071861 609008921511.511 -485276948278.179 15565.1243078557 -7289.67978444123 -22756327.2739255 148680.143262948
122388532.567546 611321257800.853 -486359274784.138 15539.7435029153 -7269.47136828866 -22756327.2739261 149179.495685269
122538110.394013 613637578487.916 -487442227650.67 15514.4236616554 -7249.34291233482 -22756327.2739267 149577.826467176
122688476.19589 615956302634.85 -488525068363.887 15489.1817338365 -7229.30757648736 -22756327.2739273 150365.801876957
122839243.496158 618283447219.316 -489610603925.043 15463.9521851241 -7209.31312082431 -22756327.2739279 150767.300267594
122990554.881656 620613007671.938 -490696030477.427 15438.8000815133 -7189.41088919591 -22756327.2739285 151311.385498179
123142663.374946 622947173238.778 -491782368187.307 15413.7014987531 -7169.58165548525 -22756327.273929 152108.493290212
123295463.847955 625289818383.58 -492871415570.361 15388.6148905398 -7149.79242157606 -22756327.2739296 152800.473008919
123449069.273263 627639289853.145 -493962397633.293 15363.5582196555 -7130.05722667055 -22756327.2739302 153605.425308184
123603084.847224 629997290412.789 -495056098613 15338.5135843603 -7110.36184085951 -22756327.2739308 154015.5739609
123757656.228704 632357735820.368 -496149693509.248 15313.5455752369 -7090.75684490007 -22756327.2739313 154571.381479663
123912930.794199 634722844296.683 -497244210103.489 15288.6304452248 -7071.22330577741 -22756327.2739319 155274.565494985
124068911.74267 637094845843.4 -498340676974.827 15263.7447074287 -7051.7426094126 -22756327.2739325 155980.948470908
124225455.591253 639473758810.749 -499439097443.561 15238.8883173723 -7032.31456382969 -22756327.273933 156543.848583632
124382711.5971 641857369737.776 -500538446053.19 15214.0844078154 -7012.95705220157 -22756327.2739336 157256.005846945
124540946.647424 644247926035.831 -501639755891.979 15189.3095976295 -6993.65163105244 -22756327.2739341 158235.050323843
124699752.732407 646649444253.229 -502744869044.282 15164.5226615828 -6974.36609541175 -22756327.2739347 158806.084982481
124858868.240038 649055696859.922 -503850913205.892 15139.7881333119 -6955.15053415716 -22756327.2739352 159115.507630863
125018707.604054 651462709636.717 -504956062982.747 15115.1464774337 -6936.03607668085 -22756327.2739358 159839.364016728
125179274.117461 653876736100.956 -506063189201.387 15090.5334305942 -6916.9726110862 -22756327.2739363 160566.513406996
125340722.385149 656297794842.207 -507172295145.646 15065.9489509973 -6897.95995598767 -22756327.2739368 161448.267687295
125502634.308775 658728180202.629 -508284424866.075 15041.3700288619 -6878.98020838292 -22756327.2739373 161911.923626828
125665435.37503 661161571292.251 -509396682073.519 15016.8606250811 -6860.08257968161 -22756327.2739379 162801.066254765
125828703.982265 663604335681.531 -510511973359.092 14992.3566415523 -6841.21746992472 -22756327.2739384 163268.607234998
125992869.182384 666050120260.199 -511627394178.345 14967.9218448344 -6822.43379516643 -22756327.273939 164165.200118615
126157505.841077 668505325003.936 -512745859367.863 14943.4923326132 -6803.68225640706 -22756327.2739395 164636.658692869
126323046.605336 670963564422.223 -513864456095.635 14919.1316783184 -6785.01147706667 -22756327.2739401 165540.764258944
126488935.390582 673431271056.046 -514986107475.72 14894.7761741986 -6766.37245628218 -22756327.2739406 165888.785246177
126655323.793362 675900132550.975 -516107032764.987 14870.507784898 -6747.82771732696 -22756327.273941 166388.402780082
126822782.993391 678372397071.107 -517228254781.596 14846.303973394 -6729.35973489686 -22756327.2739416 167459.200029486
126990723.111884 680856517258.146 -518353600961.2 14822.0821854194 -6710.90539451012 -22756327.2739421 167940.118492318
127159456.487804 683343709372.913 -519479086384.134 14797.9282448999 -6692.52995573118 -22756327.2739426 168733.375920121
127328986.868067 685838575997.937 -520606791207.153 14773.7973821036 -6674.19916177984 -22756327.2739431 169530.38026291
127499318.017286 688341138053.771 -521736718844.021 14749.6895919556 -6655.9128873639 -22756327.2739435 170331.149219066
127669852.58581 690851416504.969 -522868872705.622 14725.6048691335 -6637.67100751012 -22756327.2739441 170534.568524129
127841056.076318 693360594765.985 -523999277003.139 14701.6274887773 -6619.53709157349 -22756327.2739445 171203.490507726
128013227.12607 695875513830.327 -525131015687.449 14677.6916513196 -6601.46108535845 -22756327.273945 172171.049752883
128186371.203245 698400524969.155 -526266040544.475 14653.7561593824 -6583.4117654845 -22756327.2739455 173144.077174478
128360036.749166 700935662000.117 -527404357196.778 14629.8211556796 -6565.38919618323 -22756327.273946 173665.545920662
128534225.334372 703474283077.827 -528542978715.048 14605.9494308819 -6547.44051055833 -22756327.2739465 174188.585206581
128709236.691352 706016397182.425 -529681909433.406 14582.14060605 -6529.56517474182 -22756327.2739469 175011.356979604
128884934.530521 708566353968.029 -530823095179.658 14558.3538953314 -6511.73238695571 -22756327.2739474 175697.839169555
129061321.544608 711122137294.306 -531965629022.405 14534.6081879805 -6493.95616466674 -22756327.2739478 176387.014086455
129238400.4369 713683760855.244 -533109513930.743 14510.9033251943 -6476.23621539559 -22756327.2739483 177078.892292526
129416644.686542 716251238362.884 -534254752863.754 14487.2391490636 -6458.57224880279 -22756327.2739488 178244.24964115
129595120.844389 718831392500.186 -535404380941.581 14463.5531205282 -6440.91751281015 -22756327.2739493 178476.157847258
129774771.554998 721410685359.681 -536552362906.725 14439.9694914813 -6423.3644510617 -22756327.2739497 179650.710609638
129954816.561438 724002713769.245 -537704747130.67 14416.3639132462 -6405.8203433669 -22756327.2739502 180045.006439343
130135567.794561 726596188373.912 -538856509561.973 14392.839297272 -6388.36154205888 -22756327.2739506 180751.233123391
130317192.866577 729195587407.409 -540009639035.769 14369.3547501346 -6370.95746604073 -22756327.2739511 181625.072016059
130499216.567734 731803289507.826 -541165185800.874 14345.8888801282 -6353.59213050336 -22756327.2739515 182023.701157145
130682286.477009 734412450929.144 -542320115507.505 14322.5031292626 -6336.31080945189 -22756327.273952 183069.90927473
130866074.478152 737032327400.112 -543478521717.268 14299.1145241521 -6319.05202839751 -22756327.2739524 183788.001142607
131050265.855614 739658185440.003 -544638304770.173 14275.7655474424 -6301.84704071477 -22756327.2739528 184191.377461879
131236012.549436 742285513341.557 -545797471946.115 14252.4960500252 -6284.72498678449 -22756327.2739533 185746.693822538
131422000.912668 744930698152.128 -546963244586.081 14229.1612545284 -6267.57927831034 -22756327.2739537 185988.363232023
131608888.433613 747574993875.287 -548127354199.774 14205.9267628803 -6250.53150356303 -22756327.2739541 186887.520944905
131796520.771533 750227732853.233 -549293909160.513 14182.7103108186 -6233.52108210541 -22756327.2739546 187632.337920204
131984564.92329 752886691368.059 -550461926420.97 14159.5314669586 -6216.56222932546 -22756327.273955 188044.151756669
132173689.886594 755547134500.611 -551629325886.48 14136.4312522563 -6199.6847426585 -22756327.2739554 189124.963303635
132363568.583921 758218499778.514 -552800245216.926 14113.3277095947 -6182.82859104636 -22756327.2739558 189878.69732723
132554204.019185 760896128116.008 -553972635308.163 14090.2613651733 -6166.02325505676 -22756327.2739562 190635.43526405
132745599.208271 763580034083.016 -555146498949.022 14067.2320850246 -6149.26848833027 -22756327.2739566 191395.189085816
132937757.179083 766270232268.754 -556321838918.731 14044.2397358723 -6132.56404618876 -22756327.273957 192157.970811964
133130680.971592 768966737281.694 -557498657986.885 14021.2841851268 -6115.90968562036 -22756327.2739575 192923.79250983
133324373.637887 771669563749.523 -558676958913.43 13998.3653008797 -6099.30516526449 -22756327.2739579 193692.666294842
133518838.242218 774378726319.111 -559856744448.642 13975.4829518992 -6082.75024539712 -22756327.2739583 194464.604330716
133714077.861048 777094239656.466 -561038017333.103 13952.6370076246 -6066.24468791618 -22756327.2739587 195239.618829641
133910445.909073 779816118446.697 -562220780297.677 13929.8273381619 -6049.78825632709 -22756327.2739591 196368.048025057
134107596.557535 782549249389.017 -563407149708.336 13907.0132262734 -6033.351493797 -22756327.2739595 197150.648462133
134305886.680397 785288778651.332 -564595011560.38 13884.2354209047 -6016.96367811054 -22756327.2739599 198290.122862633
134504618.124371 788039624561.295 -565786491317.274 13861.4532609553 -6000.5954747604 -22756327.2739603 198731.443974031
134703442.768045 790792072887.136 -566977377686.464 13838.7471947667 -5984.3045437688 -22756327.2739607 198824.643673531
134902709.922477 793541308973.421 -568165593963.546 13816.1562320749 -5968.11855707529 -22756327.2739611 199267.154432275
135103486.975358 796292169664.422 -569353236989.829 13793.6399270236 -5952.00822371581 -22756327.2739614 200777.052880806
135305424.46222 799059349010.688 -570546643466.333 13771.0782444173 -5935.8875847421 -22756327.2739618 201937.486862384
135507811.387889 801837965318.269 -571743694016.165 13748.5116900344 -5919.78562526749 -22756327.2739622 202386.925668758
135710648.75265 804618206214.489 -572940157579.855 13726.0199547455 -5903.7590737164 -22756327.2739626 202837.36476113
135915023.068261 807400080288.893 -574136040846.571 13703.6025040492 -5887.80730032764 -22756327.2739629 204374.315611006
136119852.246166 810198447155.113 -575337724432.898 13681.1398294374 -5871.84519276929 -22756327.2739633 204829.177904723
136325497.745289 812998448767.767 -576538820665.5 13658.7514319708 -5855.95759692734 -22756327.2739637 205645.499122795
136532325.222303 815805008935.279 -577741441264.552 13636.3977090796 -5840.11622129957 -22756327.2739641 206827.477014461
136739613.021449 818623076388.047 -578947699571.927 13614.0394713631 -5824.29322034782 -22756327.2739644 207287.799146022
136947726.940343 821442788889.269 -580153370296.516 13591.754961829 -5808.54383760716 -22756327.2739648 208113.918893322
137156670.271381 824269104862.183 -581360573155.397 13569.5047634528 -5792.8400307012 -22756327.2739652 208943.331038147
137366446.320083 827102039311.895 -582569310711.533 13547.288756753 -5777.18158814732 -22756327.2739655 209776.048701938
137577058.405141 829941607261.747 -583779585517.625 13525.1068228341 -5761.56829983788 -22756327.2739659 210612.08505843
137788132.739787 832787823753.262 -584991400116.076 13502.9588433821 -5745.99995702831 -22756327.2739662 211074.334645655
138000427.02376 835635619960.203 -586202595964.027 13480.8840325303 -5730.50394379719 -22756327.2739666 212294.283972768
138213948.308018 838495188635.944 -587417504240.116 13458.8033814146 -5715.02467433915 -22756327.2739669 213521.284258318
138427938.226949 841366569501.623 -588636130982.975 13436.7170401756 -5699.56224251053 -22756327.2739673 213989.918930848
138642767.52151 844239534016.212 -589854131248.018 13414.703684991 -5684.17160616869 -22756327.2739676 214829.294561725
138858452.991512 847119042359.641 -591073607588.256 13392.7250741645 -5668.82584960884 -22756327.273968 215685.470001221
139075378.145621 850005289748.397 -592294638863.824 13370.779710465 -5653.52380496383 -22756327.2739683 216925.154108982
139292779.405186 852903365199.333 -593519370623.236 13348.8291231003 -5638.23858119714 -22756327.2739687 217401.259565693
139511033.421369 855803037103.848 -594743475080.95 13326.9508046959 -5623.02401975917 -22756327.273969 218254.016182981
139729766.459584 858709311686.761 -595969065265.135 13305.1067504934 -5607.85351667538 -22756327.2739693 218733.038214708
139949756.698255 861617194759.401 -597194034720.419 13283.3342677684 -5592.75280857682 -22756327.2739696 219990.238671073
140171011.363328 864537000960.232 -598422724632.652 13261.556125723 -5577.66821346944 -22756327.27397 221254.665072822
140392751.636231 867468770049.815 -599655140877.218 13239.7724693795 -5562.59982135274 -22756327.2739703 221740.272902844
140615361.685534 870402151374.437 -600886928443.917 13218.0602040142 -5547.60071347726 -22756327.2739707 222610.049303472
140838460.317453 873342209274.404 -602120213546.04 13196.3816161683 -5532.64466717678 -22756327.273971 223098.63191911
141062841.241724 876283891424.123 -603352876425.8 13174.7737333357 -5517.75705976899 -22756327.2739713 224380.924270337
141288102.300352 879237632260.181 -604589285463.416 13153.1599104975 -5502.88497028537 -22756327.2739716 225261.0586281
141514246.945665 882198094153.213 -605827199004.945 13131.5794183908 -5488.05535813586 -22756327.273972 226144.645313597
141741292.862342 885165291907.65 -607066619413.506 13110.0321374064 -5473.26802615219 -22756327.2739723 227045.916676453
141969229.366811 888139426446.192 -608307626654.264 13088.5166047849 -5458.52185808291 -22756327.2739726 227936.504469094
142197666.144354 891120326618.299 -609550145338.826 13067.0340552198 -5443.81758849119 -22756327.2739729 228436.777542575
142426998.965342 894102869810.932 -610792039745.893 13045.6211847011 -5429.18017272712 -22756327.2739732 229332.820988094
142657627.864409 897092205088.067 -612035453384.253 13024.2408064739 -5414.58402985368 -22756327.2739735 230628.899067501
142889161.405521 900093503210.222 -613282529759.073 13002.856138637 -5400.00398787627 -22756327.2739738 231533.541111483
143121603.137135 903101626427.926 -614531126792.001 12981.5039879401 -5385.46508038201 -22756327.2739741 232441.731614617
143355358.516887 906116589650.941 -615781246764.492 12960.1842388015 -5370.96711885784 -22756327.2739744 233755.379751796
143589605.327124 909143607877.562 -617035044697.01 12938.8602131985 -5356.48510068524 -22756327.2739748 234246.810236586
143824344.600993 912172003124.196 -618288094007.115 12917.6071115104 -5342.06998616375 -22756327.273975 234739.273869453
144060410.507596 915201784390.676 -619540401645.218 12896.4244242178 -5327.72122031374 -22756327.2739753 236065.906603168
144297372.72834 918243687450.234 -620796401281.255 12875.2370732784 -5313.38783747292 -22756327.2739756 236962.220744111
144535234.666423 921292123738.12 -622053778285.274 12854.0841672747 -5299.09623327894 -22756327.2739759 237861.938083129
144774440.885027 924347107190.228 -623312534923.142 12832.9655716968 -5284.8462045011 -22756327.2739762 239206.218603233
145014149.993566 927414303668.269 -624574998567.854 12811.8423021309 -5270.61138497763 -22756327.2739765 239709.108539275
145254769.24905 930482893340.639 -625836711949.921 12790.7888537219 -5256.44186955359 -22756327.2739768 240619.255484202
145496302.107199 933558072305.255 -627099811388.273 12769.7693383031 -5242.3133479387 -22756327.273977 241532.858148716
145738752.036853 936639854541.904 -628364299096.455 12748.7836241204 -5228.22562221409 -22756327.2739773 242449.929653772
145982122.520023 939728254040.744 -629630177274.519 12727.8315801349 -5214.17849580613 -22756327.2739776 243370.483170144
146226829.477161 942823284802.222 -630897448108.997 12706.9130760182 -5200.17177347429 -22756327.2739779 244706.957137725
146472013.228841 945930192867.629 -632168252689.867 12685.9928182772 -5186.18176114516 -22756327.2739782 245183.751680979
146717674.704067 949038034046.99 -633438111307.606 12665.1444456314 -5172.25759240315 -22756327.2739785 245661.475225349
146964685.234289 952146817775.911 -634707031558.209 12644.3674300217 -5158.39871093961 -22756327.2739787 247010.530222486
147213052.227872 955267541039.286 -635979498812.089 12623.5882241563 -5144.55594990965 -22756327.273979 248366.99358263
147462362.241358 958400240688.711 -637255517770.888 12602.8069417825 -5130.72936993281 -22756327.2739792 249310.013486243
147712618.855282 961539657959.109 -638532939440.269 12582.0586299072 -5116.94222951519 -22756327.2739795 250256.613924154
147963778.588963 964685806935.717 -639811765923.063 12561.3431615826 -5103.19434077246 -22756327.2739798 251159.733680564
148216357.755867 967838111364.048 -641091759721.566 12540.6642759914 -5089.48807753654 -22756327.2739801 252579.166903644
148469429.055768 971003007339.867 -642375527237.275 12519.9799111015 -5075.79550128927 -22756327.2739803 253071.299901936
148723461.237265 974168844228.211 -643658338995.28 12499.3661772854 -5062.1668937404 -22756327.2739806 254032.181496541
148978410.163691 977341468980.292 -644942564227.428 12478.784758755 -5048.57677419724 -22756327.2739809 254948.92642598
149234759.147342 980520300409.292 -646227964366.216 12458.2393726253 -5035.02749234057 -22756327.2739812 256348.983650639
149492081.457562 983711321344.393 -647516951931.682 12437.6914905263 -5021.4935782801 -22756327.2739815 257322.310220191
149749905.142466 986909174920.414 -648807355965.16 12417.1757672606 -5007.99780132724 -22756327.2739817 257823.684904448
150008707.753205 990107978846.345 -650096802821.801 12396.7296991226 -4994.56468233678 -22756327.2739819 258802.61073908
150268444.324279 993313640855.45 -651387673893.936 12376.3152856669 -4981.16911094416 -22756327.2739822 259736.571073251
150530047.257635 996525573603.168 -652679729294.33 12355.9362165185 -4967.81340701124 -22756327.2739825 261602.933356231
150792159.906173 999755249914.437 -653977573987.393 12335.5200285341 -4954.45006421085 -22756327.2739827 262112.648537942
151054783.263037 1002985876765.32 -655274452863.418 12315.1730190785 -4941.1486011928 -22756327.273983 262623.356864351
151318790.118727 1006217463700.37 -656570373414.73 12294.8946838238 -4927.90850142666 -22756327.2739832 264006.855689884
151584187.761509 1009460721185.66 -657869627682.409 12274.6177431932 -4914.68573322139 -22756327.2739835 265397.642781864
151850102.513201 1012715682881.54 -659172219430.873 12254.3422853002 -4901.48033231126 -22756327.2739837 265914.751691847
152117477.54117 1015971604201.69 -660473845777.061 12234.1351679281 -4888.3357404663 -22756327.273984 267375.027969408
152385316.039772 1019240002173.11 -661779107392.151 12213.9248672806 -4875.20533518067 -22756327.2739842 267838.498602039
152655079.117842 1022508662217.02 -663083123199.624 12193.7868435736 -4862.13804104886 -22756327.2739845 269763.078069826
152925815.710104 1025795372011.11 -664392982982.523 12173.6116255214 -4849.06276365727 -22756327.2739847 270736.592262058
153197079.813849 1029088485323.25 -665704035023.423 12153.4710259741 -4836.02602935367 -22756327.273985 271264.103745015
153468872.456897 1032382560805.62 -667014113282.341 12133.3980710867 -4823.04907553076 -22756327.2739852 271792.64304753
153742096.902534 1035677608024.28 -668323225167.759 12113.3922702377 -4810.13140688736 -22756327.2739854 273224.445637117
154016307.353659 1038984547570.05 -669635706258.823 12093.3872519665 -4797.23006967635 -22756327.2739857 274210.451125324
154291507.368544 1042297940171.08 -670949391275.096 12073.416034306 -4784.36629934256 -22756327.2739859 275200.014885268
154568684.859785 1045617798617.63 -672264282125.511 12053.4784736594 -4771.53990665241 -22756327.2739862 277177.491241158
154845891.899337 1048955980813.87 -673585064915.602 12033.5036777629 -4758.70527195543 -22756327.2739864 277207.039551342
155124559.264498 1052288996056.88 -674902442034.03 12013.6321485136 -4745.95257903897 -22756327.2739867 278667.365160715
155404162.553049 1055634032135.92 -676223207542.774 11993.7611455044 -4733.21575490063 -22756327.2739869 279603.288551431
155684774.866896 1058984752105.09 -677544853274.008 11973.9283990432 -4720.51892183171 -22756327.2739871 280612.313847062
155966329.636377 1062342003412.11 -678867710784.863 11954.1288011131 -4707.85870988383 -22756327.2739873 281554.769480863
156248830.026793 1065704960951.91 -680191452239.624 11934.3671265839 -4695.23807313667 -22756327.2739875 282500.390416321
156532818.628171 1069073635871.81 -681516079802.836 11914.6431928184 -4682.65679092989 -22756327.2739878 283988.601377524
156817761.024674 1072454455611.27 -682844114738.001 11894.9194530081 -4670.09085333566 -22756327.273988 284942.396503741
157104204.496618 1075841015305.97 -684173034986.308 11875.2333592488 -4657.56406130596 -22756327.2739882 286443.471943542
157391144.492632 1079239776453.42 -685505369947.167 11855.5474366225 -4645.0525090377 -22756327.2739884 286939.996013733
157679596.087432 1082638790326.7 -686836432816.455 11835.9308066758 -4632.60003163773 -22756327.2739887 288451.594800007
157968547.687203 1086050051738.9 -688170917944.451 11816.3141580714 -4620.16253564564 -22756327.2739889 288951.59977108
158259500.397483 1089461567968.91 -689504130923.19 11796.7663705006 -4607.78359841994 -22756327.2739891 290952.710279778
158550957.448193 1092891018175.28 -690842974454.287 11777.1862322978 -4595.39906898323 -22756327.2739893 291457.050710234
158843393.377327 1096320716285.79 -692180537699.073 11757.674808709 -4583.07281486542 -22756327.2739895 292435.929133947
159136255.590165 1099756232809.89 -693518994157.658 11738.2001253602 -4570.78450132335 -22756327.2739897 292862.212838147
159429544.708101 1103191064635.01 -694855811828.967 11718.7987363536 -4558.55705400695 -22756327.2739899 293289.117935884
159724864.97567 1106625223877.34 -696191000863.292 11699.4700701993 -4546.38993327331 -22756327.2739901 295320.267569433
160021740.989264 1110077453120.27 -697531842535.974 11680.108699706 -4534.21671449904 -22756327.2739903 296876.013593764
160319049.758871 1113542120665.9 -698876135909.837 11660.7466634053 -4522.05756431833 -22756327.2739905 297308.769606808
160616791.915319 1117006092964.6 -700218782771.662 11641.4572482495 -4509.95841095862 -22756327.2739907 297742.156448071
160917088.797339 1120469382165.49 -701559793249.176 11622.2398891632 -4497.91872402045 -22756327.2739909 300296.882020503
161217823.421971 1123956606936.95 -702908690641.818 11602.95821135 -4485.85304165097 -22756327.2739911 300734.624631702
161519474.316555 1127443127231.96 -704255934697.055 11583.7486845989 -4473.84673810718 -22756327.2739913 301650.894583431
161823214.269567 1130934481827.92 -705603667821.874 11564.5804596201 -4461.88039202166 -22756327.2739915 303739.95301255
162127879.649083 1134444188381.69 -706957098948.115 11545.3795454237 -4449.90778866702 -22756327.2739917 304665.379515819
162432989.139166 1137958744674.28 -708311012123.247 11526.2200322415 -4437.97510290051 -22756327.2739919 305109.49008358
162740716.568967 1141472589291.9 -709663267054.268 11507.131907429 -4426.100872895 -22756327.2739921 307727.429800303
163048892.572884 1145010700034.68 -711023466764.289 11487.9797131911 -4414.20081195569 -22756327.2739923 308176.003917197
163357517.804804 1148548077064.81 -712381990933.411 11468.8990027702 -4402.35912311959 -22756327.2739925 308625.231920351
163668791.142662 1152084732701 -713738849722.093 11449.8892210845 -4390.57529236018 -22756327.2739927 311273.337857685
163980022.715405 1155645806791.08 -715103678787.438 11430.8154665496 -4378.76567537695 -22756327.2739929 311231.572742868
164292202.539911 1159200482485.46 -716464661111.516 11411.8428654353 -4367.03245705003 -22756327.273993 312179.824506305
164606544.340084 1162760071902.29 -717826133198.058 11392.9105562905 -4355.3378318266 -22756327.2739932 314341.800172535
164921843.868175 1166338356582.17 -719193356899.459 11373.9454595903 -4343.63663655893 -22756327.2739934 315299.528091038
165238104.042163 1169921570171.94 -720561062927.19 11355.0207564274 -4331.97400152804 -22756327.2739936 316260.173988523
165555327.788919 1173509722230.2 -721929253686.75 11336.1362307685 -4320.3496935116 -22756327.2739938 317223.746755407
165873518.044228 1177102822298.59 -723297931557.195 11317.291668184 -4308.76348127602 -22756327.273994 318190.255309195
166193911.899947 1180700879901.78 -724667098891.246 11298.4868558315 -4297.21513555446 -22756327.2739942 320393.855718984
166515281.92282 1184317825338.83 -726042047177.816 11279.6492067222 -4285.66005923638 -22756327.2739944 321370.022873243
166838140.644734 1187939743342.39 -727417477252.812 11260.8514105547 -4274.14282015582 -22756327.2739946 322858.721914216
167161983.043689 1191572371937.74 -728795563517.008 11242.0636788318 -4262.64510115194 -22756327.2739948 323842.39895475
167486812.116724 1195209990489.55 -730174131137.82 11223.3155903579 -4251.18493830033 -22756327.273995 324829.073035333
167812630.870012 1198852608526.21 -731553182418.488 11204.6069337892 -4239.76210587752 -22756327.2739952 325818.753287265
168139958.930425 1202500235558.34 -732932719635.637 11185.9374993399 -4228.3763800717 -22756327.2739953 327328.060413092
168468284.284936 1206158650231.02 -734314923599.878 11167.2777040317 -4217.00965547155 -22756327.2739955 328325.354510776
168797609.972072 1209822091190.95 -735697612897.049 11148.6569273395 -4205.67976523158 -22756327.2739957 329325.687136583
169127939.03962 1213490567921.3 -737080789748.014 11130.0749622642 -4194.38648943044 -22756327.2739958 330329.067548217
169461102.43915 1217164089887.32 -738464456347.172 11111.5316033223 -4183.12960999637 -22756327.273996 333163.399529454
169792736.066746 1220845973615.36 -739849858601.241 11093.0100390316 -4171.89884630313 -22756327.2739962 331633.627596547
170127762.964387 1224521730634.14 -741231547977.44 11074.5827936734 -4160.73804155395 -22756327.2739964 335026.897640971
170462524.169672 1228228908596.93 -742623628232.193 11056.0618709914 -4149.53331982508 -22756327.2739965 334761.205284273
170800157.736136 1231926964782.75 -744010866789.622 11037.6499801617 -4138.40728777274 -22756327.2739967 337633.566464162
171138819.995229 1235650524318.04 -745406247463.724 11019.1747331007 -4127.25571476807 -22756327.2739969 338662.25909317
171477213.67895 1239379178312.84 -746802109002.268 11000.737760213 -4116.13995875956 -22756327.2739971 338393.683720934
171817710.044646 1243098654709.16 -748193115256.722 10982.4091139149 -4105.10209196375 -22756327.2739972 340496.365695958
172159783.709334 1246834998582.3 -749589006533.151 10964.0602331288 -4094.0645903627 -22756327.2739974 342073.664687739
172501586.093241 1250582375336.8 -750987591474.05 10945.7200640742 -4083.04486659122 -22756327.2739976 341802.383907673
172846885.793747 1254320529926.3 -752381313884.246 10927.4873746309 -4072.1021353916 -22756327.2739978 345299.70050621
173193237.543848 1258090621407.15 -753785510802.267 10909.1615720412 -4061.11598089097 -22756327.2739979 346351.750100773
173539840.927968 1261865858850.27 -755190186985.183 10890.8733981351 -4050.1648270493 -22756327.2739981 346603.384119921
173888598.006803 1265637514169.58 -756592098407.301 10872.664764912 -4039.2736407772 -22756327.2739983 348757.078835075
174237608.467195 1269426251544.3 -757998922557.699 10854.4358376461 -4028.38263639692 -22756327.2739984 349010.460391335
174587401.080362 1273211393282.48 -759402978132.273 10836.2860315458 -4017.55113976921 -22756327.2739986 349792.613167181
174939367.205205 1276998678037.79 -760806398976.715 10818.1873926037 -4006.76232608504 -22756327.2739987 351966.124843332
175293520.347307 1280803122174.25 -762214742961.529 10800.0682299992 -3995.97341799703 -22756327.2739989 354153.142102016
175649314.051395 1284624785468.53 -763628017069.843 10781.9286916985 -3985.18453399068 -22756327.2739991 355793.704088138
176006755.91713 1288457699584.87 -765044002379.223 10763.7973931626 -3974.41269520463 -22756327.2739992 357441.865734719
176363914.314366 1292301889700.1 -766462699771.267 10745.6743562339 -3963.65788734602 -22756327.2739994 357158.397236045
176721873.124379 1296136577328.72 -767876444284.924 10727.6571823487 -3952.97790549906 -22756327.2739995 357958.810013077
177080634.140941 1299973418366.16 -769289541592.532 10709.6905355164 -3942.33978192148 -22756327.2739997 358761.016561776
177442189.944453 1303812421273.05 -770701996655.142 10691.7740861626 -3931.74321117915 -22756327.2739998 361555.803512076
177804008.428145 1307674843790.86 -772121620558.232 10673.8088362032 -3921.12962980433 -22756327.274 361818.483691858
178166637.768139 1311533586314.29 -773538446080.155 10655.920906639 -3910.57350966354 -22756327.2740001 362629.339994144
178531520.383574 1315394498855.02 -774954626290.539 10638.0827546818 -3900.05846160056 -22756327.2740003 364882.615434857
178896668.096208 1319272889357.64 -776375769367.099 10620.2237238028 -3889.54279725758 -22756327.2740004 365147.712634488
179264084.732734 1323147590425.74 -777794115536.811 10602.4412182858 -3879.08380519841 -22756327.2740006 367416.636525547
179633784.391597 1327039830334.45 -779217431959.743 10584.6377471882 -3868.62408063098 -22756327.2740007 369699.658863469
180003752.647374 1330949669718.92 -780645725391.214 10566.813454225 -3858.16373892763 -22756327.2740009 369968.255776897
180376019.780524 1334855769439.14 -782071196967.958 10549.0655536314 -3847.7597670197 -22756327.274001 372267.133150137
180748557.375928 1338779529690.08 -783501652822.124 10531.2967435993 -3837.35506185974 -22756327.2740012 372537.595403855
181121929.849788 1342699535289.13 -784929282237.648 10513.6039367135 -3827.00630835403 -22756327.2740013 373372.473860006
181497622.353863 1346621728959.28 -786356254572.851 10495.9598961182 -3816.69744482038 -22756327.2740014 375692.504074882
181875649.30416 1350561661314.25 -787788220557.409 10478.294735762 -3806.38760273971 -22756327.2740016 378026.950296761
182253950.901375 1354519393406.39 -789225186805.407 10460.6085973552 -3796.07689589078 -22756327.2740017 378301.597215167
182633100.29451 1358473324504.54 -790659306971.47 10442.9979433437 -3785.82149816188 -22756327.2740019 379149.393135201
183013099.383525 1362429448708.02 -792092760236.488 10425.4356650704 -3775.605494649 -22756327.274002 379999.089015286
183394523.399977 1366387774311.84 -793525551324.501 10407.9214500266 -3765.42860196898 -22756327.2740021 381424.016451126
183778918.750587 1370354266684.13 -794959837916.487 10390.428760013 -3755.27532409183 -22756327.2740023 384395.350610909
184164175.553575 1374344924973.15 -796401391580.561 10372.887371153 -3745.10491767218 -22756327.2740024 385256.802987339
184550876.999469 1378337777895.72 -797842265151.701 10355.3940631533 -3734.97348650216 -22756327.2740026 386701.445893834
184938445.065833 1382338842778.89 -799284628456.272 10337.9223283237 -3724.86560303341 -22756327.2740027 387568.06636415
185328421.369781 1386342112044.86 -800726314173.59 10320.4982567441 -3714.79628643862 -22756327.2740029 389976.303947896
185719271.633347 1390363457339.06 -802173031053.436 10303.0528350429 -3704.7256201973 -22756327.274003 390850.263565912
186112550.529135 1394387005466.1 -803619061504.941 10285.654991176 -3694.69336043506 -22756327.2740031 393278.895788289
186505735.307074 1398428708366.92 -805070131429.835 10268.2358154271 -3684.65973749633 -22756327.2740033 393184.777939363
186900394.456383 1402462612864.76 -806516921412.008 10250.9070174824 -3674.68902354101 -22756327.2740034 394659.149309285
187295938.05984 1406504808932.14 -807965206069.263 10233.5991258922 -3664.7411326629 -22756327.2740035 395543.603456588
187694562.99056 1410549227030.86 -809412809041.671 10216.3379895643 -3654.83084989821 -22756327.2740036 398624.930719537
188092516.68588 1414611415195.8 -810865288487.637 10199.0573086074 -3644.92007590107 -22756327.2740038 397953.695320845
188494195.523304 1418666743409.14 -812313835755.207 10181.8617292133 -3635.06875758151 -22756327.2740039 401678.837423313
188896774.546404 1422753110224.34 -813771978882.06 10164.5906941006 -3625.18489441305 -22756327.274004 402579.023100662
189300863.167585 1426841691282.7 -815229418292.531 10147.3663572179 -3615.3384107796 -22756327.2740042 404088.621180479
189705857.374909 1430938647785.08 -816688348513.254 10130.1626227214 -3605.51431782704 -22756327.2740043 404994.207323628
190110754.660724 1435037827781.32 -818146577083.525 10113.0051847218 -3595.72721778769 -22756327.2740044 404897.285815688
190519442.085806 1439129097671.3 -819600506234.348 10095.9359906192 -3586.00090650097 -22756327.2740046 408687.42508139
190927441.331484 1443244737490.26 -821061602483.041 10078.8203459897 -3576.25858618584 -22756327.2740047 407999.245678712
191338618.93522 1447353411274.11 -822518735750.446 10061.7885681721 -3566.57439176318 -22756327.2740048 411177.603735791
191750718.011922 1451487078972.51 -823983234764.767 10044.7081843233 -3556.87295931122 -22756327.2740049 412099.076701866
192164362.385172 1455622981066.55 -825447025342.914 10027.6734319023 -3547.20780905146 -22756327.274005 413644.373250335
192579557.849552 1459767349816.88 -826912311401.844 10010.6585064106 -3537.56423229936 -22756327.2740052 415195.464379665
192994653.951102 1463920198782.94 -828379092514.711 9993.66334065311 -3527.94214692959 -22756327.2740053 415096.101549852
193413635.660406 1468065017362.45 -829841540873.944 9976.75516771223 -3518.37951331093 -22756327.2740054 418981.709304309
193833556.332132 1472241534576.39 -831313665513.439 9959.77203816469 -3508.78472003672 -22756327.2740055 419920.671725647
194255682.448643 1476420289537.04 -832785067729.518 9942.83406862201 -3499.22564724495 -22756327.2740057 422126.116510814
194678754.574375 1480613840354.05 -834260164155.77 9925.8903438174 -3489.67351702579 -22756327.2740058 423072.125731902
195102774.829389 1484809630270.85 -835734532638.967 9908.99158558598 -3480.15688096033 -22756327.2740059 424020.25501477
195529022.06041 1489007667267.71 -837208177505.099 9892.1375071235 -3470.67548916768 -22756327.274006 426247.231020464
195956867.640983 1493220567285.95 -838685522040.103 9875.27744668403 -3461.20079906014 -22756327.2740062 427845.580573106
196384610.831354 1497442055530.74 -840164357110.958 9858.4366247707 -3451.74696401706 -22756327.2740063 427743.190370765
196814600.550777 1501655348351.81 -841638806918.725 9841.6816670655 -3442.35128387925 -22756327.2740064 429989.71942283
197246848.598137 1505883563788.5 -843116961943.019 9824.92043183833 -3432.96200990318 -22756327.2740065 432248.047360056
197680717.497019 1510126739673.21 -844598823211.773 9808.15299672065 -3423.57918914155 -22756327.2740066 433868.89888201
198115106.20137 1514378555927.91 -846082174722.773 9791.40444423123 -3414.21683866712 -22756327.2740067 434388.704351862
198551123.784318 1518628204097.81 -847563246082.05 9774.71713819029 -3404.8985612317 -22756327.2740069 436017.582948003
198989431.35385 1522886515754.69 -849045812649.882 9758.04833475471 -3395.60041064263 -22756327.274007 438307.569531903
199429382.49701 1527159884808.29 -850532091643.079 9741.3731133616 -3386.30846778193 -22756327.2740071 439951.143159357
199870983.376899 1531441946015.87 -852019860335.952 9724.71641915161 -3377.03661487591 -22756327.2740072 441600.879888836
200312478.574725 1535732712644.85 -853509117857.221 9708.0781898953 -3367.78477749509 -22756327.2740073 441495.197826197
200756952.528489 1540015125363.45 -854993946832.63 9691.52425535539 -3358.58946365211 -22756327.2740075 444473.953764493
201203093.1787 1544319066639.83 -856484705103.416 9674.93901559559 -3349.38640686508 -22756327.2740076 446140.650210731
201649768.336802 1548631751624.05 -857976951993.567 9658.3719588235 -3340.20307218096 -22756327.2740077 446675.158102171
202098789.455617 1552942216856.26 -859466894324.763 9641.86499383465 -3331.06261495151 -22756327.2740078 449021.118814351
202548348.533326 1557267907363.94 -860960558948.087 9625.35122421868 -3321.92793906084 -22756327.2740079 449559.077709861
203000940.77375 1561591369885.3 -862451916086.886 9608.89718984807 -3312.83579855238 -22756327.274008 452592.240423604
203454075.251524 1565936548609.81 -863949218558.949 9592.41178955632 -3303.73582140079 -22756327.2740081 453134.477774083
203907752.616287 1570279476581.52 -865444200999.489 9575.9859770138 -3294.67818297029 -22756327.2740082 453677.364763062
204364490.929733 1574620169100.57 -866936874826.496 9559.61929727946 -3285.66252334355 -22756327.2740083 456738.31344611
204821776.447817 1578982665659.73 -868435500059.181 9543.22113413292 -3276.63889561098 -22756327.2740085 457285.518083807
205281463.652765 1583342903661.78 -869931803945.985 9526.88196121413 -3267.65705554629 -22756327.2740086 459687.204947771
205742358.700543 1587718529282.94 -871431838886.411 9510.53556512484 -3258.6805538184 -22756327.2740086 460895.047778696
206206363.394514 1592098126207.15 -872931684624.017 9494.22461508071 -3249.73279113584 -22756327.2740088 464004.693970232
206670923.998757 1596499696480.02 -874437496118.022 9477.88219807843 -3240.77705069212 -22756327.2740089 464560.604243092
207138618.9806 1600898961755.41 -875940960828.843 9461.59848010424 -3231.86271416286 -22756327.274009 467694.981843122
207606874.29394 1605320285569.42 -877450398311.015 9445.28330412483 -3222.94039630204 -22756327.2740091 468255.313340519
208076359.963091 1609739280502.82 -878957475948.214 9429.02668577239 -3214.05929459513 -22756327.2740092 469485.669150238
208549013.239118 1614162262474.12 -880464350578.954 9412.8051070674 -3205.20647520926 -22756327.2740093 472653.276027531
209022232.787028 1618607411541.21 -881977205829.321 9396.55202167722 -3196.34561143064 -22756327.2740094 473219.547910249
209496019.285255 1623050208715.08 -883487690125.597 9380.35710320793 -3187.52556260242 -22756327.2740095 473786.498226528
209973002.407934 1627490669433.58 -884995814870.866 9364.21990956481 -3178.74598402208 -22756327.2740096 476983.122679128
210448650.049112 1631940900915.21 -886505691789.995 9348.09625941513 -3169.98277233642 -22756327.2740097 475647.641177797
210927506.871823 1636383481416.73 -888011412525.492 9332.04900577314 -3161.27000676832 -22756327.2740098 478856.822710622
211407621.906148 1640848343925.05 -889523118147.458 9315.9699642643 -3152.54890577312 -22756327.2740099 480115.034325227
211890976.263384 1645317226411.81 -891034615279.07 9299.92502977366 -3143.85520189892 -22756327.27401 483354.357236559
212374909.713152 1649808497258.4 -892552106293.755 9283.8483816616 -3135.15322303126 -22756327.2740101 483933.449767542
212862108.248574 1654297382745.29 -894067213814.899 9267.82872227369 -3126.49095488135 -22756327.2740102 487198.535422681
213347942.700866 1658796121903.49 -895584068474.974 9251.82219432 -3117.84461833771 -22756327.2740103 485834.452291442
213837055.064824 1663287102914 -897096734505.619 9235.89119703177 -3109.24784064409 -22756327.2740104 489112.363958245
214327452.58716 1667800584594.42 -898615399591.372 9219.92833124554 -3100.64262439607 -22756327.2740105 490397.52233543
214821158.80807 1672318105680.38 -900133841627.262 9203.99901595915 -3092.06422809444 -22756327.2740106 493706.220910125
215313482.725301 1676845533402.4 -901654028948.119 9188.08248840771 -3083.50142632952 -22756327.2740107 492323.917231509
215809128.338441 1681365143487.03 -903170012653.958 9172.24079953251 -3074.98752368355 -22756327.2740108 495645.613139503
216304064.007809 1685900886945.28 -904689825636.623 9156.38983702371 -3066.47725566197 -22756327.2740108 494935.669368577
216803074.862844 1690428803610.79 -906205438592.691 9140.61317405116 -3058.01543333585 -22756327.2740109 499010.855034483
217305452.530371 1694986115534.44 -907729302932.992 9124.78116282445 -3049.53249880578 -22756327.274011 502377.667527635
217809150.211286 1699566213847.5 -909259184973.093 9108.91728078294 -3041.04109660531 -22756327.2740111 503697.680914148
218314171.373964 1704150364273.11 -910788816367.072 9093.08654088082 -3032.57601913353 -22756327.2740112 505021.162678046
218819797.58753 1708738573174.74 -912318198489.683 9077.28875541425 -3024.13710653786 -22756327.2740113 505626.213566523
219326752.350142 1713324305272.59 -913845155598.015 9061.54616188026 -3015.73616060977 -22756327.2740114 506954.762611636
219837881.260849 1717914113977.55 -915371872470.541 9045.8360005427 -3007.36095934177 -22756327.2740115 511128.910707475
220350353.179114 1722533670053.86 -916906873797.785 9030.07063118004 -2998.96479378952 -22756327.2740116 512471.918265291
220864171.633733 1727157293231.92 -918441612222.443 9014.33791899917 -2990.59447085925 -22756327.2740117 513818.454618413
221379340.162772 1731784989723.9 -919976089003.611 8998.63767939326 -2982.24983430088 -22756327.2740117 515168.529038861
221894470.548746 1736416765695.75 -921510305363.445 8982.96972912552 -2973.93072917493 -22756327.2740118 515130.38597411
222413842.399005 1741040146817.91 -923040135002.459 8967.37591896743 -2965.65928608745 -22756327.2740119 519371.8502591
222932470.320941 1745686823001.89 -924576059423.359 8951.74930439224 -2957.37873986076 -22756327.274012 518627.921935897
223453197.801094 1750325413660.07 -926107701465.189 8936.19536246962 -2949.14494567421 -22756327.2740121 520727.480152761
223976033.339092 1754974685807.97 -927641259932.349 8920.65092408654 -2940.92439302636 -22756327.2740122 522835.537998203
224503173.783812 1759634654873.31 -929176732155.292 8905.11597286952 -2932.7170528512 -22756327.2740122 527140.444720312
225028805.198525 1764311374802.34 -930716102004.643 8889.57044916569 -2924.51232284398 -22756327.2740123 525631.414713178
225557306.32678 1768979942480.82 -932251171343.232 8874.09698043226 -2916.35375887109 -22756327.2740124 528501.128254655
226087196.10865 1773665817412.96 -933790310073.356 8858.61104077339 -2908.19674142831 -22756327.2740125 529889.781869607
226619231.040054 1778355807057.61 -935329177122.491 8843.15626286005 -2900.06423351225 -22756327.2740126 532034.931404564
227155646.623855 1783056563121.63 -936869950616.247 8827.71066697431 -2891.94463219678 -22756327.2740126 536415.583801243
227689148.443807 1787762047258.08 -938410646615.284 8812.29404204298 -2883.84830524003 -22756327.2740127 533501.819952021
228227831.417574 1792459325571.37 -939947035306.736 8796.94844419126 -2875.79725594093 -22756327.2740128 538682.97376638
228767929.79808 1797193934605.16 -941493998994.151 8781.52524959672 -2867.7135089727 -22756327.2740129 540098.38050601
229309447.304352 1801932662290.56 -943040667904.732 8766.1329601955 -2859.65396463503 -22756327.274013 541517.50627211
229855423.540346 1806675514272.73 -944587042876.447 8750.77140293246 -2851.61847918094 -22756327.274013 545976.23599392
230403610.048568 1811449015724.99 -946141757478.075 8735.35488054137 -2843.56223893425 -22756327.2740131 548186.508221869
230950227.278813 1816219709052.83 -947693903478.036 8719.99156506316 -2835.54176783826 -22756327.2740132 546617.230245386
231496804.037533 1820982023885.05 -949241677617.783 8704.69897182043 -2827.56610863377 -22756327.2740133 546576.7587196
232049491.295203 1825735647033.91 -950784990157.844 8689.47760694529 -2819.63541072317 -22756327.2740133 552687.257670651
232602137.631923 1830533973496.92 -952341160908.772 8674.15672387773 -2811.6607278751 -22756327.2740134 552646.336720189
233157021.243399 1835323497461.61 -953892821736.888 8658.9073894883 -2803.73111881063 -22756327.2740135 554883.611475759
233714151.186776 1840123951577.6 -955446367526.262 8643.66654138885 -2795.81372475897 -22756327.2740136 557129.943376919
234271239.880266 1844935350571.72 -957001794907.222 8628.43416504021 -2787.90852025707 -22756327.2740136 557088.693490121
234833738.793743 1849737927300.5 -958552715634.369 8613.27260801569 -2780.04779650997 -22756327.2740137 562498.91347676
235395432.005345 1854571667157.35 -960112034006.147 8598.05567524961 -2772.16610924634 -22756327.2740138 561693.211601893
235961750.068753 1859396879346.06 -961666937597.629 8582.90835744157 -2764.32818236725 -22756327.2740139 566318.063408345
236527256.959883 1864246277561.51 -963227963304.478 8567.72790690872 -2756.48081681589 -22756327.2740139 565506.891129561
237095851.266905 1869087110761.74 -964784563591.821 8552.61679437631 -2748.67695141118 -22756327.274014 568594.307021852
237666747.410752 1873945776903.38 -966345225222.897 8537.49247944774 -2740.87391225281 -22756327.2740141 570896.143847208
238239954.709936 1878815480246.52 -967907753518.001 8522.37623668106 -2733.0826746262 -22756327.2740142 573207.299184384
238813119.568867 1883696235150.7 -969472144771.36 8507.26805212108 -2725.30321441349 -22756327.2740143 573164.858930572
239386241.990686 1888567989264.75 -971031973787.014 8492.22976758246 -2717.56731144565 -22756327.2740143 573122.421819035
239963296.312133 1893430783780.15 -972587266073.696 8477.26077060912 -2709.87454130057 -22756327.2740144 577054.321447323
240545954.751668 1898318291569.19 -974148786329.412 8462.25735673729 -2702.17157810382 -22756327.2740145 582658.439534357
241128570.051186 1903244500581.8 -975720973935.955 8447.17714466282 -2694.43674159175 -22756327.2740146 582615.299518354
241711927.809443 1908161579243.69 -977288551335.788 8432.16668125514 -2686.74519826452 -22756327.2740146 583357.758257035
242298470.441381 1913076181861.96 -978853648983.458 8417.20525223344 -2679.08624025791 -22756327.2740147 586542.631937595
242884969.645717 1918008836536.49 -980422799216.645 8402.2303096583 -2671.42781735602 -22756327.2740148 586499.204336086
243473843.171163 1922932363429.03 -981987354129.064 8387.32423077329 -2663.81201284971 -22756327.2740149 588873.525446781
244063467.130551 1927867046540.68 -983553761335.74 8372.42538189471 -2656.20727583581 -22756327.2740149 589623.959387164
244657136.19817 1932799247722.42 -985117690205.39 8357.57480059627 -2648.634507342 -22756327.274015 593669.067619688
245251561.810954 1937756459630.42 -986687849624.035 8342.6897404071 -2641.0514977816 -22756327.2740151 594425.612783371
245850065.473656 1942711155074.07 -988255511934.526 8327.85288926562 -2633.50035698006 -22756327.2740151 598503.662702496
246450992.055044 1947690951908.44 -989829406721.619 8312.98157691954 -2625.93899579328 -22756327.2740152 600926.581387938
247051874.143843 1952681974015.1 -991405132572.577 8298.11744116789 -2618.38860085898 -22756327.2740153 600882.088799179
247653521.969756 1957663715460.92 -992976217443.027 8283.32133097648 -2610.88002128846 -22756327.2740153 601647.825912698
248259297.393496 1962642917711.02 -994544796363.894 8268.57283735247 -2603.40281089133 -22756327.2740154 605775.423739979
248868380.081391 1967647334959.78 -996119603861.469 8253.78978322463 -2595.91529359404 -22756327.2740155 609082.687894936
249477417.672819 1972670065758.33 -997698448645.815 8238.99283659085 -2588.42796882401 -22756327.2740156 609037.591428259
250088046.095724 1977683433364.63 -999272629078.828 8224.26339858177 -2580.98198246705 -22756327.2740156 610628.422905363
250702008.278 1982700910326.89 -1000846381057.28 8209.56158334602 -2573.55709788702 -22756327.2740157 613962.182275469
251316752.866072 1987736749781.08 -1002424166422.89 8194.84565446345 -2566.13222284169 -22756327.2740157 614744.588071929
251935714.902154 1992769974653.17 -1003999407552.78 8180.1768594846 -2558.73823143439 -22756327.2740158 618962.036081834
252554631.110302 1997828639753.2 -1005580875801.08 8165.4734654787 -2551.33391188962 -22756327.2740159 618916.208148468
253177793.385811 2002877850834.35 -1007157656917.25 8150.83684515458 -2543.97028593542 -22756327.2740159 623162.275508801
253800909.522401 2007952570173.39 -1008740663555.33 8136.16559983074 -2536.59631289477 -22756327.274016 623116.136589816
254424819.730175 2013017792647.29 -1010318970773.68 8121.56088092267 -2529.26280576684 -22756327.2740161 623910.207774019
255053010.266585 2018080372471.44 -1011894723322.73 8107.00255097167 -2521.95956747718 -22756327.2740161 628190.536409995
255682001.340766 2023168527734.82 -1013476695192.01 8092.40949360982 -2514.64589330101 -22756327.2740162 628991.074181144
256312635.36575 2028254002805.99 -1015056092325.52 8077.86277634844 -2507.36239990972 -22756327.2740163 630634.024983702
256944916.632992 2033343596117.82 -1016635028094.62 8063.34273712054 -2500.0991862836 -22756327.2740163 632281.267241975
257581535.658424 2038437311308.67 -1018213502099.09 8048.84922838007 -2492.85613666197 -22756327.2740164 636619.025432889
258218965.962516 2043556733940.17 -1019798190799.82 8034.32093698436 -2485.60261209295 -22756327.2740164 637430.304091437
258854583.655946 2048658897536.1 -1021375792500.4 8019.87966244566 -2478.39938219824 -22756327.2740165 635617.693430189
259498233.537002 2053751902233.85 -1022948827951.79 8005.50195663129 -2471.23464045557 -22756327.2740166 643649.881055795
260142703.656522 2058899974257.83 -1024537113319.74 7991.00678926736 -2464.01820963802 -22756327.2740166 644470.119520586
260787995.059783 2064045279807.59 -1026122781506.7 7976.55735169785 -2456.83138164716 -22756327.2740167 645291.403260391
261438610.273009 2069187832875.05 -1027705842290.56 7962.1533165407 -2449.67392524205 -22756327.2740168 650615.213226419
262087375.38268 2074348719833.04 -1029292781422.36 7947.73556665826 -2442.51643852003 -22756327.2740168 648765.109671104
262741492.961235 2079500273669.69 -1030875089450.05 7933.38126784774 -2435.39719049753 -22756327.2740169 654117.578554196
263396444.117816 2084684921741.95 -1032465788393.52 7918.97223385445 -2428.2575548458 -22756327.2740169 654951.156581967
264052229.914701 2089866754495.17 -1034053847889.07 7904.60836736414 -2421.14703602305 -22756327.274017 655785.796884093
264709728.651315 2095045785848.42 -1035639277646.2 7890.28934585771 -2414.06540741329 -22756327.274017 657498.736614914
265368944.801931 2100228938701.53 -1037224198793.05 7875.99582130607 -2407.00304728546 -22756327.2740171 659216.150615437
266030757.087783 2105416216011.87 -1038808610521.82 7861.72765314833 -2399.95984700802 -22756327.2740172 661812.285852362
266694298.054806 2110614481215.11 -1040394603970.28 7847.46590353858 -2392.92643248363 -22756327.2740172 663540.967022598
267359572.218386 2115816869617.43 -1041980079459.45 7833.22934707057 -2385.91203708362 -22756327.2740173 665274.16357983
268030335.054532 2121023384006.41 -1043565036079.97 7819.01784503627 -2378.91655396765 -22756327.2740173 670762.836145916
268705699.651219 2126263302480.81 -1045158369834.91 7804.75165587576 -2371.9007480105 -22756327.2740174 675364.596687304
269378089.41986 2131506347312.37 -1046750857696.43 7790.51337687308 -2364.90525373922 -22756327.2740174 672389.768641145
270053127.204284 2136739839364.02 -1048338654325.74 7776.33715613496 -2357.94678277048 -22756327.2740175 675037.784424265
270729928.21543 2141984374600.71 -1049928010015.61 7762.16700378475 -2350.99780157426 -22756327.2740176 676801.011145917
271408497.058919 2147233026785.53 -1051516820398.46 7748.02157492306 -2344.06743378793 -22756327.2740176 678568.843488979
272089738.252719 2152485798373.91 -1053105084376.85 7733.90073341615 -2337.15557530133 -22756327.2740176 681241.193800203
272772758.876804 2157749638803.35 -1054694897813.22 7719.78573890579 -2330.25302871737 -22756327.2740177 683020.624084721
273458469.383271 2163017596124.71 -1056284155610.58 7705.69517471825 -2323.36885748114 -22756327.2740178 685710.50646712
274146880.365457 2168296639715.95 -1057874954861.58 7691.61034103979 -2316.49390140569 -22756327.2740178 688410.982185906
274838002.458417 2173586779133.86 -1059467289396.33 7677.53122394272 -2309.62814242312 -22756327.2740179 691122.092959923
275534826.475605 2178888023844.43 -1061061152984.88 7663.45780937388 -2302.771562447 -22756327.2740179 696824.017187723
276229668.988878 2184208022142.06 -1062658832116.63 7649.36987969909 -2295.91431399984 -22756327.274018 694842.513273552
276926326.459648 2189518252732.05 -1064251759067.45 7635.34284149864 -2289.09306597201 -22756327.274018 696657.470769285
277625727.51764 2194832590186.96 -1065844101010.49 7621.33978000138 -2282.28980593204 -22756327.2740181 699401.057992145
278333966.782279 2200158064780.08 -1067437958860.05 7607.34211251095 -2275.49548237995 -22756327.2740181 708239.264639641
279036450.034377 2205497174706.63 -1069034069815.65 7593.34330733678 -2268.70691866352 -22756327.2740182 702483.252098015
279742622.764344 2210826471871.78 -1070625424389.21 7579.40467475055 -2261.95380331617 -22756327.2740183 706172.729966871
280451576.554675 2216173911073.95 -1072220367944.81 7565.45297452737 -2255.20061717315 -22756327.2740183 708953.790330624
281163322.357784 2221532520378.29 -1073816808147.85 7551.50647405181 -2248.45620437898 -22756327.2740183 711745.803109302
281884062.365887 2226902308525.18 -1075414738288.16 7537.56516002877 -2241.72054822132 -22756327.2740184 720740.008102967
282594139.299612 2232249639212.1 -1077004156880.05 7523.71604977502 -2235.03562198083 -22756327.2740185 710076.933724867
283315233.303126 2237587156923.56 -1078588840953.91 7509.92588840691 -2228.38526946236 -22756327.2740185 721094.003513707
284038210.834118 2242997488266.98 -1080193291768.89 7495.9815924352 -2221.66679072917 -22756327.2740186 722977.530991954
284757087.216134 2248381193539.58 -1081787998550.42 7482.13968573984 -2215.00381244119 -22756327.2740186 718876.382016669
285487117.194183 2253754969399.1 -1083377927880.99 7468.35669648905 -2208.37529815653 -22756327.2740187 730029.978048413
286213006.017675 2259171132726.55 -1084978544056.89 7454.49854147086 -2201.71677220232 -22756327.2740187 725888.823492347
286941753.547756 2264577258044.86 -1086574339422.39 7440.69946086808 -2195.09274142629 -22756327.2740188 728747.530080465
287673371.042627 2269994619475.72 -1088171595152.27 7426.90496434568 -2188.47700319388 -22756327.2740188 731617.49487107
288408831.029896 2275423225022.44 -1089770304060.43 7413.11503979714 -2181.86954249171 -22756327.2740189 735459.987268908
289147187.417058 2280870194993.88 -1091372549814.56 7399.31167275138 -2175.26173039266 -22756327.2740189 738356.387162197
289881355.41743 2286297492665.23 -1092967146431.18 7385.59104429759 -2168.6995608842 -22756327.274019 734168.000371738
290626914.268162 2291714738393.35 -1094556937699.94 7371.92836881376 -2162.17108407919 -22756327.274019 745558.850732697
291374420.54957 2297205790907.44 -1096166502653.91 7358.11252785496 -2155.57548017354 -22756327.2740191 747506.281407703
292123879.348422 2302700867427.72 -1097775347971.55 7344.31960368072 -2148.99689253723 -22756327.2740191 749458.798852493
292876289.677504 2308199968639.08 -1099383471629.41 7330.54946868465 -2142.43522702645 -22756327.2740192 752410.329082006
293625342.155169 2313685798629.37 -1100985822422.9 7316.84515375757 -2135.91092709234 -22756327.2740192 749052.477664481
294379302.94972 2319161385066.29 -1102583298734.99 7303.19869210332 -2129.42011584728 -22756327.2740193 753960.79455087
295136233.004329 2324662550600.86 -1104186345604.57 7289.52074708996 -2122.92028090806 -22756327.2740193 756930.054609451
295889785.036923 2330150451149.49 -1105783639303.58 7275.90781571043 -2116.45725333352 -22756327.2740194 753552.032593274
296646304.719782 2335628115191.84 -1107376075216.51 7262.35199006783 -2110.02719634475 -22756327.2740194 756519.682859193
297412384.407181 2341117097563.45 -1108969920875.45 7248.79974779863 -2103.60467995548 -22756327.2740194 766079.687399654
298181481.081451 2346665017566.88 -1110578969133.26 7235.13393465004 -2097.13425215986 -22756327.2740195 769096.674269429
298947145.436601 2352199491215.69 -1112182204911.11 7221.53305120547 -2090.70045720763 -22756327.2740195 765664.355150339
299717826.961303 2357723573015.41 -1113780527142.63 7207.98919622363 -2084.29947549934 -22756327.2740196 770681.524702209
300483471.760644 2363237165755.74 -1115373920201.55 7194.50224254386 -2077.93117056649 -22756327.2740196 765644.799340817
301254133.601393 2368740453781.9 -1116962449753.38 7181.07137822076 -2071.59508363901 -22756327.2740197 770661.840749314
302029845.358723 2374269440271.01 -1118556501900.72 7167.60868199824 -2065.24971899127 -22756327.2740197 775711.757329845
302810640.123227 2379824201043.89 -1120156073640.52 7154.11421601782 -2058.89514378464 -22756327.2740197 780794.76450358
303587950.362458 2385379930034.18 -1121754009551.78 7140.64828158273 -2052.5597532777 -22756327.2740198 777310.239231336
304377320.817627 2390925213584.37 -1123347033362.61 7127.23828033709 -2046.25638246152 -22756327.2740198 789370.455169162
305163168.475994 2396520828575.71 -1124952585761.02 7113.73738327571 -2039.91603388082 -22756327.2740199 785847.658366152
305945509.059069 2402080954677.68 -1126546036192.58 7100.3525940659 -2033.63590261269 -22756327.2740199 782340.583075435
306732976.086031 2407630630966.95 -1128134585787.44 7087.02307870616 -2027.38733366335 -22756327.2740199 787467.02696197
307525603.148933 2413206163461.26 -1129728620437.47 7073.66158059997 -2021.12940566055 -22756327.27402 792627.06290226
308323424.059948 2418807627398.2 -1131328136425.24 7060.26815879302 -2014.86218397291 -22756327.27402 797820.911014989
309126472.852809 2424435097772.45 -1132933129752.85 7046.84287269103 -2008.58573409894 -22756327.2740201 803048.79286121
309932684.224843 2430088649329.18 -1134543596138.88 7033.38578204997 -2002.30012166112 -22756327.2740201 806211.372033718
310731715.74515 2435703215330.46 -1136141008926.02 7020.0514793153 -1996.07749409747 -22756327.2740202 799031.520306571
311545400.936702 2441307148757.19 -1137733462112.36 7006.77205213 -1989.88604427556 -22756327.2740202 813685.191552631
312353476.344071 2446963741451.67 -1139338920772.59 6993.39767461282 -1983.65593935912 -22756327.2740203 808075.407368866
313164734.126504 2452609548977.84 -1140939357709.89 6980.07850635235 -1977.45714959954 -22756327.2740203 811257.782432347
313981307.838582 2458266786698.36 -1142541071458.6 6966.76196465898 -1971.26516369975 -22756327.2740203 816573.712078749
314794237.351358 2463924867858.5 -1144141059615.96 6953.47288799643 -1965.09150958463 -22756327.2740204 812929.512776006
315617439.709652 2469572168123.97 -1145736041583.3 6940.23832447364 -1958.94869887617 -22756327.2740204 823202.35829384
316430294.460326 2475208213747.7 -1147325896323.29 6927.05903941989 -1952.83701566593 -22756327.2740204 812854.75067376
317258056.390484 2480833568349.07 -1148910795480.83 6913.93337416711 -1946.75562054322 -22756327.2740205 827761.930158496
318089078.225475 2486551145925.21 -1150519693167.3 6900.62164874231 -1940.59354454952 -22756327.2740205 831021.834990414
318916643.42774 2492256372295.83 -1152123122345.86 6887.36776927416 -1934.46377053067 -22756327.2740206 827565.202265184
319749631.417297 2497950652686.48 -1153721491399.47 6874.16811833898 -1928.36455293475 -22756327.2740206 832987.989557113
320580885.196145 2503659339089.77 -1155321915986.84 6860.96378074482 -1922.26863517151 -22756327.2740207 831253.778847425
321417585.932423 2509357071738.94 -1156917285923.2 6847.81326766537 -1916.20299649273 -22756327.2740207 836700.73627865
322257581.776478 2515081123368.26 -1158518030758.34 6834.63049521939 -1910.1279150188 -22756327.2740207 839995.844055039
323105230.782529 2520816644933.66 -1160119979311.83 6821.44977109953 -1904.05921706816 -22756327.2740208 847649.006050809
323949096.906678 2526567467299.97 -1161724188661.25 6808.26231804852 -1897.9928617353 -22756327.2740208 843866.124149116
324800651.45476 2532307183903.44 -1163323291538.87 6795.12854930005 -1891.95660813014 -22756327.2740209 851554.548081882
325648405.691315 2538062209110.04 -1164924645965.39 6781.98788236636 -1885.92258126158 -22756327.2740209 847754.236555238
326494394.97508 2543794170070.99 -1166517579708.79 6768.92770925612 -1879.93086268133 -22756327.2740209 845989.283765224
327355899.102162 2549515104566.54 -1168105456998.39 6755.92018689422 -1873.96859457675 -22756327.274021 861504.127081078
328223048.40816 2555329671163.1 -1169717284074.69 6742.72778472018 -1867.92697844946 -22756327.274021 867149.305998089
329082475.169353 2561118915768.99 -1171320051320.33 6729.62071597764 -1861.92982022217 -22756327.2740211 859426.761193667
329940112.676546 2566884900956.62 -1172914356381.44 6716.59379234346 -1855.97464196651 -22756327.2740211 857637.507192242
330805564.078083 2572639736255.59 -1174503566599.15 6703.61924353575 -1850.04866541588 -22756327.2740211 865451.401537845
331669213.682827 2578423691252.32 -1176098794002.41 6690.60624152464 -1844.1103950192 -22756327.2740211 863649.604743561
332540731.95785 2584196430171.6 -1177688905401.1 6677.64549708341 -1838.20121437183 -22756327.2740212 871518.275022664
333417961.031506 2590010440116.38 -1179288343525.66 6664.61921365329 -1832.26742224455 -22756327.2740212 877229.073656463
334293363.788249 2595838958345.73 -1180889717362.55 6651.58757775695 -1826.33647571534 -22756327.2740213 875402.756742587
335174502.797472 2601656091610.38 -1182485911987.46 6638.60833884428 -1820.43462668208 -22756327.2740213 881139.009223466
336061415.647124 2607499891930.16 -1184087361432.68 6625.59653547058 -1814.5232274969 -22756327.2740213 886912.849651459
336942532.151203 2613332101266.22 -1185683574187.02 6612.63729260582 -1808.6409368366 -22756327.2740214 881116.504079389
337821814.245066 2619140808217.28 -1187271309558.27 6599.75667414174 -1802.79950373808 -22756327.2740214 879282.093863379
338717221.748765 2624938212000.4 -1188853921135.05 6586.92723163073 -1796.98639990493 -22756327.2740214 895407.503698372
339606777.390782 2630791896499.61 -1190449835364.41 6573.99954770379 -1791.13394925666 -22756327.2740215 889555.642017373
340502162.024905 2636634104059.63 -1192040556202.04 6561.12340432211 -1785.30998478351 -22756327.2740215 895384.63412312
341393550.742908 2642476883848.37 -1193629370849.93 6548.27201163584 -1779.50234121064 -22756327.2740216 891388.718003005
342293060.860926 2648308230778.12 -1195213021173.13 6535.47154408524 -1773.72279948585 -22756327.2740216 899510.118017494
343192788.951316 2654181163221.59 -1196805890299.54 6522.60566117385 -1767.91883704672 -22756327.2740216 899728.090390645
344098412.690825 2660043964608.74 -1198393935464.87 6509.78770793069 -1762.14159341438 -22756327.2740216 905623.739508571
345012287.524949 2665933560043.33 -1199987150204.61 6496.93690480753 -1756.35464875692 -22756327.2740217 913874.834123773
345924259.748777 2671852704721.41 -1201586250348.38 6484.0474498883 -1750.55543074184 -22756327.2740217 911972.223828643
346834333.323385 2677747831369.79 -1203176761872.81 6471.23586769278 -1744.79634036931 -22756327.2740217 910073.574607611
347750370.337975 2683631321580.31 -1204762044860 6458.47486099117 -1739.06502829771 -22756327.2740218 916037.014589855
348674753.322032 2689541659875.12 -1206352461163.88 6445.68089975519 -1733.32396625274 -22756327.2740218 924382.984056722
349597211.818712 2695481610259.42 -1207948724818.01 6432.8482057852 -1727.57060163284 -22756327.2740218 922458.496680072
350519893.848695 2701409746441.75 -1209539694070.18 6420.06623317505 -1721.84503062212 -22756327.2740219 922682.029982951
351450982.390562 2707327547274.85 -1211125778061.83 6407.33149617396 -1716.14563161396 -22756327.2740219 931088.541867531
352382296.556995 2713287377252.27 -1212720994842.98 6394.53135375277 -1710.42200092255 -22756327.2740219 931314.166432524
353311671.805914 2719224378796.86 -1214307974570.32 6381.80506829787 -1704.73640304685 -22756327.274022 929375.248918996
354247136.972915 2725149576044.77 -1215889682917.9 6369.12863807222 -1699.07803993983 -22756327.274022 935465.167000949
355182828.825039 2731101725468.34 -1217476457925.83 6356.41908747793 -1693.4098618834 -22756327.274022 935691.852124737
356127045.720917 2737043446866.7 -1219058325842.67 6343.75618328403 -1687.76743300756 -22756327.2740221 944216.895877173
357077449.78775 2743027315580.18 -1220649266984.19 6331.02791935953 -1682.10085361355 -22756327.2740221 950404.066833336
358021930.220997 2749000854732.55 -1222235312288.31 6318.34596087577 -1676.45984565727 -22756327.2740221 944480.433247027
358972599.552082 2754962439414.74 -1223816042501.85 6305.71346941383 -1670.84575725344 -22756327.2740222 950669.331084766
359929498.335001 2760951063445.55 -1225401788939.69 6293.04775716856 -1665.22182895184 -22756327.2740222 956898.782919282
360884404.935394 2766954281808.16 -1226989233863.02 6280.37524393977 -1659.599813096 -22756327.2740222 954906.600392967
361839542.932025 2772945422705.44 -1228571323102.24 6267.75209629348 -1654.00460040262 -22756327.2740223 955137.996631493
362812197.481936 2778925980513.31 -1230148463581.94 6255.17488033543 -1648.43461128638 -22756327.2740223 972654.549910753
363780511.276101 2784976799295.73 -1231741942452.79 6242.47378260941 -1642.81468479702 -22756327.2740223 968313.794164929
364755170.140991 2791015343455.99 -1233329992488.32 6229.8222429007 -1637.22160494545 -22756327.2740224 974658.864889536
365738709.076224 2797081109228.15 -1234922992422.55 6217.13744719913 -1631.61874910982 -22756327.2740224 983538.935233223
366709884.982029 2803112925657.54 -1236504881052.52 6204.54712665101 -1626.06249826887 -22756327.2740224 971175.905805128
367687424.71312 2809132538334.61 -1238081386377.25 6192.00547341194 -1620.53255190168 -22756327.2740225 977539.731091415
368673870.76199 2815179319411.65 -1239662811477.97 6179.4303948931 -1614.99270235327 -22756327.2740225 986446.048869405
369658263.113418 2821256090750.6 -1241249862991.72 6166.81620247078 -1609.44048337137 -22756327.2740225 984392.351428476
370642894.006174 2827320468835.03 -1242831461920.35 6154.25082800945 -1603.91459107148 -22756327.2740225 984630.892755198
371636495.823942 2833373966586.62 -1244408015354.64 6141.73085618627 -1598.41346712351 -22756327.2740226 993601.817768254
372630338.414706 2839470145097.64 -1245993454880.28 6129.14554280883 -1592.88846130588 -22756327.2740226 993842.590764407
373633235.857824 2845555315688.77 -1247573799950.18 6116.60575683097 -1587.38825491906 -22756327.2740226 1002897.44311784
374625707.051368 2851619676511.52 -1249146522139.32 6104.1313721177 -1581.92149932172 -22756327.2740227 992471.193544173
375627220.602531 2857671680560.75 -1250713831462.89 6091.70467186986 -1576.48036369624 -22756327.2740227 1001513.55116307
376628976.843889 2863766345899.51 -1252289959144.01 6079.21270883093 -1571.01540117323 -22756327.2740227 1001756.24135756
377639860.038492 2869849996677.4 -1253861006399.22 6066.76552941715 -1565.57476436224 -22756327.2740228 1010883.19460339
378642374.702552 2875925793973.05 -1255427799478.08 6054.35641918188 -1560.15546923795 -22756327.2740228 1002514.66405988
379656524.341005 2881989174612.5 -1256989172309.75 6041.99444579816 -1554.76142554439 -22756327.2740228 1014149.63845249
380679913.848352 2888110339999.02 -1258563176879.95 6029.5365848076 -1549.33025145117 -22756327.2740228 1023389.50734703
381710009.321102 2894274492294.06 -1260145951757.05 6017.01335082693 -1543.87533995471 -22756327.2740229 1030095.47275006
382737960.221993 2900453241953.48 -1261730174676.03 6004.48258442173 -1538.42192507693 -22756327.2740229 1027950.90089159
383761635.364326 2906593514852.74 -1263302250190.19 5992.05164917439 -1533.01667704424 -22756327.2740229 1023675.14233226
384785558.567125 2912721086720.29 -1264868805408.65 5979.66794725596 -1527.63663966065 -22756327.274023 1023923.20279944
385821365.207316 2918837485975.56 -1266430243645.53 5967.32812287497 -1522.28030163193 -22756327.274023 1035806.6401911
386857422.847721 2925012039481.27 -1268004236313.07 5954.89241266092 -1516.88702342214 -22756327.274023 1036057.6404044
387893731.549161 2931175228055.66 -1269573035023.55 5942.50093152311 -1511.51759910412 -22756327.274023 1036308.70144093
388932634.838024 2937327091487.08 -1271136661784.2 5930.15334025819 -1506.17183003766 -22756327.2740231 1038903.28886263
389967216.811904 2943455964607.1 -1272692169950.04 5917.87273646136 -1500.85965191091 -22756327.2740231 1034581.97387977
391020772.285248 2949572156268.43 -1274242194899.27 5905.638144526 -1495.57192631713 -22756327.2740231 1053555.47334386
392061204.25109 2955710190317.45 -1275795480027.82 5893.38041310105 -1490.27875180341 -22756327.2740231 1040431.96584181
393101888.337969 2961835494893.12 -1277343270633.22 5881.16849178019 -1485.00988796285 -22756327.2740232 1040684.08687987
394154650.385537 2967949597170.32 -1278885964981.23 5868.99908107662 -1479.76386036473 -22756327.2740232 1052762.04756786
395217004.097814 2974121796700.29 -1280441021423.79 5856.73434428942 -1474.48127742287 -22756327.2740232 1062353.71227675
396277146.079299 2980324240350.33 -1282001371985.08 5844.42992729406 -1469.18617980539 -22756327.2740233 1060141.98148543
397337544.958021 2986513664036.55 -1283556121939.12 5832.17160438774 -1463.9154743067 -22756327.2740233 1060398.87872199
398400598.738308 2992691611564.62 -1285105671762.4 5819.9560608777 -1458.66768442597 -22756327.2740233 1063053.78028645
399466314.067188 2998872048905.18 -1286653528305.88 5807.75550228375 -1453.43083581797 -22756327.2740233 1065715.32888011
400541739.077504 3005054965720.71 -1288199685007.11 5795.56983754607 -1448.20487106129 -22756327.2740233 1075425.01031606
401617424.688493 3011281074892.82 -1289754295896.32 5783.31891042514 -1442.95544029014 -22756327.2740234 1075685.61098852
402695803.474162 3017495537623.9 -1291303649040.42 5771.11064030333 -1437.72879686045 -22756327.2740234 1078378.78566909
403786697.697267 3023712402288.08 -1292851250834.61 5758.91724934345 -1432.51301479237 -22756327.2740234 1090894.22310518
404877856.269597 3029988064679.88 -1294411104047.29 5746.62827895192 -1427.26088776345 -22756327.2740235 1091158.57233028
405969279.255211 3036251862019.55 -1295965616833.26 5734.38218480928 -1422.03161710776 -22756327.2740235 1091422.98561339
407067854.009265 3042503834805.51 -1297514811355.42 5722.17863982343 -1416.82501401619 -22756327.2740235 1098574.75405447
408161859.245064 3048757257705.77 -1299061981439.02 5709.99154842517 -1411.62991052162 -22756327.2740235 1094005.23579865
409256129.583959 3054997372525.72 -1300603481003.79 5697.84948306392 -1406.45845084847 -22756327.2740236 1094270.338895
410363099.794315 3061225735642.14 -1302139707298.03 5685.7491672491 -1401.30919012805 -22756327.2740236 1106970.21035632
411480155.557361 3067512936326.6 -1303688042621.76 5673.55354196923 -1396.12383084788 -22756327.2740236 1117055.76304602
412587963.847186 3073791406475.45 -1305231816721.79 5661.39376551758 -1390.95817001015 -22756327.2740236 1107808.28982482
413708629.127084 3080056430741.2 -1306769881257.79 5649.27873645212 -1385.81594188475 -22756327.2740237 1120665.279898
414820017.052611 3086328237584.04 -1308307204441.31 5637.16917491349 -1380.68044490614 -22756327.2740237 1111387.92552714
415944303.512711 3092586610677.59 -1309838832998.76 5625.10395287594 -1375.56813524448 -22756327.2740237 1124286.4600996
417061594.337103 3098864732380.54 -1311372882309.72 5613.01899548819 -1370.45184779984 -22756327.2740237 1117290.82439286
418199375.482605 3105129376350.54 -1312901228129.45 5600.97815748886 -1365.35860115313 -22756327.2740238 1137781.14550136
419325328.11038 3111429001944.03 -1314435678471.86 5588.88826037436 -1360.24898199005 -22756327.2740238 1125952.62777543
420454099.76546 3117715039753.45 -1315964388595.65 5576.8424772204 -1355.16236954221 -22756327.2740238 1128771.65508012
421585697.505793 3124003226651.27 -1317491190242.99 5564.81047179438 -1350.08592052006 -22756327.2740238 1131597.74033268
422730428.331559 3130293549536.8 -1319016075745.58 5552.79215716388 -1345.01958169266 -22756327.2740238 1144730.82576626
423865682.577904 3136590557147.66 -1320540140627.98 5540.77874984576 -1339.95963863768 -22756327.2740239 1135254.24634475
425014112.346322 3142873951195.74 -1322058474041.71 5528.80881653717 -1334.92230754701 -22756327.2740239 1148429.76841825
426165417.417657 3149216467735.23 -1323588623391.22 5516.74385429611 -1329.8493281161 -22756327.2740239 1151305.07133494
427317001.477181 3155560981400.04 -1325116769044.05 5504.6926527536 -1324.7864855848 -22756327.2740239 1151584.05952372
428468864.592499 3161893178026.97 -1326639467084.81 5492.68222782612 -1319.74509847086 -22756327.274024 1151863.11531788
429631222.277618 3168213098065.87 -1328156739396.64 5480.7122722494 -1314.7249923387 -22756327.274024 1162357.68511947
430793861.629234 3174576647161.03 -1329681986889.54 5468.67689840778 -1309.68177052837 -22756327.274024 1162639.35161549
431956782.7156 3180927769124.85 -1331201752948.71 5456.68212209462 -1304.65986889043 -22756327.274024 1162921.0863659
433122615.386534 3187266504594.45 -1332716059520.81 5444.72763746692 -1299.65911422778 -22756327.274024 1165832.6709342
434288730.566035 3193607180961.3 -1334228333078.17 5432.78625384325 -1294.66810197704 -22756327.2740241 1166115.17950069
435468379.43311 3199935492073.45 -1335735165204.3 5420.88474535868 -1289.69799269956 -22756327.2740241 1179648.86707528
436638262.654038 3206270330796.56 -1337241055375.76 5408.9874308126 -1284.73386068816 -22756327.2740241 1169883.22092798
437821723.293637 3212591275879.66 -1338741150914.06 5397.13250825472 -1279.79161762834 -22756327.2740241 1183460.63959907
438995386.731579 3218918734331.18 -1340240296579.58 5385.28155031932 -1274.85521718747 -22756327.2740241 1173663.43794175
440185516.364343 3225232308434.24 -1341733661304.56 5373.4726079064 -1269.94048317547 -22756327.2740242 1190129.63276415
441375934.393396 3231620332840.66 -1343242100363.02 5361.54056399207 -1264.9787373893 -22756327.2740242 1190418.02905366
442569332.850618 3237995724735.21 -1344745010747.07 5349.64818644115 -1260.03770690666 -22756327.2740242 1193398.45722188
443776581.639399 3244372893779.96 -1346245792967.78 5337.768428296 -1255.10612489602 -22756327.2740242 1207248.78878085
444984122.972842 3250809675663.25 -1347758018029.74 5325.79365227181 -1250.13935071181 -22756327.2740242 1207541.33344289
446191956.921837 3257233581404.97 -1349264624523.46 5313.85876069673 -1245.19336552241 -22756327.2740243 1207833.94899535
447392275.378473 3263604805235.46 -1350756313305.32 5302.03733872147 -1240.2985809327 -22756327.2740243 1200318.45663529
448606524.478725 3269961864613.58 -1352242139631.58 5290.25755015969 -1235.42516888268 -22756327.2740243 1214249.1002524
449813218.16969 3276338460919.4 -1353729974158.93 5278.4568407918 -1230.54723764798 -22756327.2740243 1206693.69096477
451033916.493901 3282700842416.31 -1355211935352.99 5266.69756814644 -1225.6905509809 -22756327.2740244 1220698.32421098
452257671.058509 3289122652023.73 -1356705145977.03 5254.84365827599 -1220.79893555119 -22756327.2740244 1223754.56460854
453484489.51537 3295546041022.35 -1358196114634.79 5243.0019844505 -1215.91653535514 -22756327.2740244 1226818.45686011
454711605.259081 3301970992026.83 -1359684832015.51 5231.17246409096 -1211.04330193621 -22756327.2740244 1227115.74371115
455952962.650088 3308383007520.56 -1361167942455 5219.38162497794 -1206.19013526775 -22756327.2740244 1241357.3910074
457186595.956178 3314814520485.96 -1362652940288.08 5207.56972498189 -1201.33243440663 -22756327.2740245 1233633.30608995
458423317.887747 3321231487439.17 -1364131958546.29 5195.79917991098 -1196.49585599025 -22756327.2740245 1236721.93156855
459663136.17773 3327649970806.21 -1365608703814.53 5184.04035816022 -1191.66819491797 -22756327.2740245 1239818.28998311
460917343.53809 3334069952441.11 -1367083166466.92 5172.29317960548 -1186.84940457628 -22756327.2740245 1254207.36036043
462171854.822275 3340549650118.22 -1368568675835.02 5160.45119935375 -1181.9958624088 -22756327.2740245 1254511.28418439
463429507.003755 3347016086322.54 -1370048468885.4 5148.64781772413 -1177.1622716735 -22756327.2740245 1257652.18148053
464690307.94634 3353483875283.23 -1371525893514.97 5136.85619385138 -1172.33761286476 -22756327.2740246 1260800.94258463
465954265.533525 3359952998012.4 -1373000939819.83 5125.07624617027 -1167.52183883545 -22756327.2740246 1263957.58718517
467221387.668545 3366423435352.68 -1374473597830.03 5113.30789343939 -1162.71490270753 -22756327.2740246 1267122.13501991
468491682.274421 3372895167976.5 -1375943857509.44 5101.55105473773 -1157.91675786957 -22756327.2740246 1270294.60587605
469765157.294011 3379368176385.35 -1377411708755.54 5089.80564946111 -1153.12735797438 -22756327.2740246 1273475.0195903
471041820.69006 3385842440908.97 -1378877141399.31 5078.07159731881 -1148.34665693666 -22756327.2740246 1276663.39604905
472321680.445249 3392317941704.66 -1380340145205.03 5066.34881833008 -1143.5746089306 -22756327.2740247 1279859.75518849
473604744.562243 3398794658756.46 -1381800709870.13 5054.63723282079 -1138.81116838756 -22756327.2740247 1283064.11699471
474891021.063747 3405272571874.42 -1383258825025.04 5042.93676142001 -1134.05628999379 -22756327.2740247 1286276.50150384
476180517.992549 3411751660693.78 -1384714480233.02 5031.24732505669 -1129.30992868813 -22756327.2740247 1289496.92880218
477481763.466251 3418231904674.19 -1386167664989.94 5019.56884495632 -1124.57203965974 -22756327.2740247 1301245.47370156
478774912.214054 3424715403086.87 -1387618842785.46 5007.89742839355 -1119.84103289839 -22756327.2740247 1293148.74780286
480086203.504708 3431183834445.15 -1389063915739.6 4996.2658998252 -1115.1301881516 -22756327.2740248 1311291.29065399
481400777.851737 3437727683322.37 -1390523055415.73 4984.51160500632 -1110.37367074392 -22756327.2740248 1314574.34702917
482715670.750925 3444272471339.16 -1391979601151.68 4972.76842490565 -1105.62571353111 -22756327.2740248 1314892.89918813
484022382.005984 3450762838995.27 -1393421262149.26 4961.1354100227 -1100.92630006224 -22756327.2740248 1306711.25505869
485344258.677107 3457238031500.99 -1394856795402.36 4949.54189641042 -1096.24680563038 -22756327.2740248 1321876.67112311
486657910.24905 3463732371263.51 -1396293802707.63 4937.92632113152 -1091.56237121279 -22756327.2740249 1313651.57194368
487986807.784917 3470211478066.17 -1397724669323.9 4926.35006548171 -1086.8977409847 -22756327.2740249 1328897.53586653
489319032.457598 3476750333405.86 -1399165920737.32 4914.67916151884 -1082.19895975944 -22756327.2740249 1332224.67268058
490642967.642839 3483249374924.8 -1400595594141.19 4903.09124674938 -1077.53755010738 -22756327.2740249 1323935.18524091
491982268.141456 3489733100668.93 -1402019109150.93 4891.54236805431 -1072.89576744878 -22756327.2740249 1339300.49861735
493324921.822598 3496276544324.14 -1403452905590.82 4879.89887294613 -1068.2199205005 -22756327.2740249 1342653.68114178
494670937.081567 3502820744453.16 -1404884019220.5 4868.2657182389 -1063.55219997263 -22756327.274025 1346015.25896888
496008577.044077 3509325001566.92 -1406303569867.42 4856.71502571953 -1058.92149539838 -22756327.274025 1337639.96251052
497352498.186198 3515813833898.17 -1407716939285.01 4845.20298753364 -1054.31018106999 -22756327.274025 1343921.14212084
498702730.002575 3522317654310.59 -1409130746705.65 4833.67552558149 -1049.69658207026 -22756327.274025 1350231.81637726
500071905.222508 3528836439659.06 -1410544962002.42 4822.13263707059 -1045.08071155708 -22756327.274025 1369175.21993328
501429745.814753 3535376268203.74 -1411960874550.36 4810.56352929877 -1040.45827342101 -22756327.274025 1357840.59224474
502790986.008021 3541900414012.05 -1413370523712.26 4799.03306318195 -1035.85517517871 -22756327.2740251 1361240.19326749
504155634.313831 3548425205035.12 -1414777441533.32 4787.51222235479 -1031.25980732529 -22756327.2740251 1364648.30581007
505536120.440934 3554950616691.77 -1416181616021.8 4776.00093209688 -1026.67212900277 -22756327.2740251 1380486.12710311
506908016.783862 3561494878805.37 -1417586951124.32 4764.46695961055 -1022.0792995294 -22756327.2740251 1371896.34292786
508283347.918942 3568023343787.68 -1418985998467.28 4752.97125569976 -1017.50558030304 -22756327.2740251 1375331.13508032
509665137.220738 3574552350005.44 -1420382263417.77 4741.48489305821 -1012.93943683822 -22756327.2740251 1381789.30179574
511053415.014977 3581096131945.34 -1421778773717.38 4729.98274393215 -1008.37088207702 -22756327.2740252 1388277.79423874
512445168.615312 3587654662489.88 -1423175497544.1 4718.46480297482 -1003.79992847995 -22756327.2740252 1391753.60033565
513840406.724058 3594213589873.88 -1424569361957.24 4706.95618711142 -999.236545750232 -22756327.2740252 1395238.10874566
515239138.065314 3600772887931.3 -1425960354418.41 4695.45682155309 -994.680693531878 -22756327.2740252 1398731.34125658
516654102.788407 3607332530290.61 -1427348462314.41 4683.96663174022 -990.132331675771 -22756327.2740252 1414964.72309238
518060263.191522 3613910839551.18 -1428737543431.83 4672.45344247018 -985.578729340448 -22756327.2740252 1406160.40311529
519473026.526891 3620472986059.98 -1430120234699.58 4660.97809456652 -981.043941000794 -22756327.2740252 1412763.33536943
520889326.972366 3627049723249.88 -1431503010343.38 4649.48668249011 -976.506652178625 -22756327.2740253 1416300.44547445
522299631.867381 3633598850052.71 -1432876999504.62 4638.05279320848 -971.995895976641 -22756327.2740253 1410304.89501478
523716559.156013 3640131877858.2 -1434244640166.65 4626.65611539898 -967.503610742125 -22756327.2740253 1416927.28863277
525153365.568447 3646679423081.97 -1435612335766.56 4615.24311501422 -963.00868298104 -22756327.2740253 1436806.41243399
526578277.47278 3653247583014.88 -1436981328806.26 4603.8031143464 -958.506927670689 -22756327.2740253 1424911.9043328
528006756.903371 3659799468446.99 -1438343920371.68 4592.40025155596 -954.023577477749 -22756327.2740253 1428479.43059102
529455277.531331 3666351475007.12 -1439703524138.08 4581.00583744444 -949.547328453888 -22756327.2740254 1448520.62795946
530894785.044762 3672937625150.31 -1441067169026.39 4569.56064962201 -945.054935122454 -22756327.2740254 1439507.51343169
532341052.079063 3679507326564.12 -1442424360295.5 4558.15251745208 -940.580877262977 -22756327.2740254 1446267.03430105
533794110.375035 3686091366271.93 -1443781451919.38 4546.72785251415 -936.104126978036 -22756327.2740254 1453058.295972
535250806.666879 3692689710040.22 -1445138409132.43 4535.28664480871 -931.624695539615 -22756327.2740254 1456696.29184377
536711150.062979 3699287913731.25 -1446492243733.76 4523.85384202476 -927.152353171298 -22756327.2740254 1460343.39610025
538178350.819371 3705885947502.81 -1447842941905.79 4512.42937074767 -922.687061535069 -22756327.2740254 1467200.75639206
539649224.979859 3712498189552.56 -1449193429100.57 4500.98823574565 -918.219054030705 -22756327.2740255 1470874.16048714
541110946.93567 3719069074532.3 -1450532367757.81 4489.62640873679 -913.785777275571 -22756327.2740255 1461721.95581121
542579532.7251 3725623378201.46 -1451864839273.94 4478.30082433155 -909.370369093539 -22756327.2740255 1468585.78943021
544068722.393752 3732191813978.74 -1453197081174.92 4466.95828369142 -904.952078545511 -22756327.2740255 1489189.66865182
545542381.010735 3738766221412.76 -1454527415792.82 4455.61278936435 -900.536368656773 -22756327.2740255 1473658.61698316
547022959.512528 3745323936033.12 -1455851256243.78 4444.30331244433 -896.138389595596 -22756327.2740255 1480578.50179297
548510490.392956 3751895686590.19 -1457174799344.57 4432.97673003529 -891.737472618565 -22756327.2740255 1487530.88042816
550005006.298427 3758481434851.02 -1458498008749.95 4421.63302927672 -887.333628336896 -22756327.2740255 1494515.90547058
551506540.028645 3765081141775.08 -1459820847775.18 4410.27219690284 -882.926867237405 -22756327.2740256 1501533.73021852
552995387.938812 3771638963316.86 -1461132134446.56 4398.99019570022 -878.554380809288 -22756327.2740256 1488847.91016614
554508615.852237 3778180014068.32 -1462436924112.88 4387.7436055138 -874.199283767613 -22756327.2740256 1513227.91342521
556025632.407121 3784811044189.05 -1463756448922.35 4376.34886624325 -869.79054892369 -22756327.2740256 1517016.55488396
557533209.645998 3791400193513.05 -1465064425568.06 4365.03251133689 -865.415857292427 -22756327.2740256 1507577.23887715
559047866.041957 3797972309350.59 -1466365820167.32 4353.75165607263 -861.058573257747 -22756327.2740256 1514656.39595919
560553097.807501 3804517259767.81 -1467658649440.8 4342.52350452902 -856.725297658655 -22756327.2740256 1505231.76554421
562082977.863243 3811045335487.13 -1468944969001.91 4331.3302179972 -852.409102186073 -22756327.2740256 1529880.05574165
563616688.252112 3817663071387.44 -1470245708050.79 4319.98910087621 -848.039592245343 -22756327.2740257 1533710.38886905
565157600.511957 3824279987553.18 -1471543007158.25 4308.65520416535 -843.676573484869 -22756327.2740257 1540912.25984532
566688924.769804 3830869293901.64 -1472831625192.04 4297.37425072058 -839.337616364494 -22756327.2740257 1531324.25784718
568227439.69403 3837441352298.78 -1474113612003.66 4286.12831655661 -835.015782667527 -22756327.2740257 1538514.92422584
569769806.570348 3844026955484.68 -1475394967003.53 4274.86457825762 -830.690762671935 -22756327.2740257 1542366.87631786
571316035.042821 3850611679329.74 -1476672864165.89 4263.60759436024 -826.371990487849 -22756327.2740257 1546228.47247292
572869524.167657 3857195488539.49 -1477947287777.94 4252.35729533934 -822.05943171167 -22756327.2740257 1553489.12483558
574430308.038828 3863792722304.58 -1479220993707.21 4241.08906476899 -817.743654453568 -22756327.2740258 1560783.87117185
575981380.261086 3870362254826.68 -1480486042271.71 4229.87300224041 -813.451489320592 -22756327.2740258 1551072.22225749
577539735.880587 3876914417100.71 -1481744446386.59 4218.69129259764 -809.176075692732 -22756327.2740258 1558355.61950161
579119954.826835 3883479907234.53 -1483002094392.11 4207.49141541273 -804.89732298368 -22756327.2740258 1580218.9462474
580690341.193507 3890078455045.5 -1484262719607.71 4196.23963347328 -800.602375118007 -22756327.2740258 1570386.36667169
582250956.161758 3896618466422.59 -1485508831949.28 4185.09197808911 -796.350764826206 -22756327.2740258 1560614.96825151
583840651.416965 3903141106974.74 -1486748322002.55 4173.97807913567 -792.115586009866 -22756327.2740258 1589695.25520662
585420455.128259 3909726308657.21 -1487996333561.34 4162.76165499699 -787.844937714643 -22756327.2740258 1579803.71129426
587007677.151758 3916293817545.58 -1489237611444.11 4151.57931222497 -783.590864635903 -22756327.2740258 1587222.02349919
588605711.048157 3922874402096.15 -1490477963145.5 4140.3785271568 -779.333376611428 -22756327.2740259 1598033.89639883
590193801.515205 3929440821429.99 -1491712243478.65 4129.20553465996 -775.090042145943 -22756327.2740259 1588090.4670479
591795939.050112 3935989523816.57 -1492939798019.05 4118.06622095153 -770.863066016115 -22756327.2740259 1602137.53490663
593405599.770553 3942578252604.41 -1494171421599.63 4106.86225102838 -766.615147317986 -22756327.2740259 1609660.72044177
595022819.003286 3949179870631.94 -1495401988055.06 4095.63967894793 -762.363786123085 -22756327.2740259 1617219.23273218
596633192.146584 3955766361245.41 -1496626264596.23 4084.44599680134 -758.126967385838 -22756327.2740259 1610373.14329884
598251127.14751 3962334852951.88 -1497843731419.06 4073.28592733642 -753.906447435399 -22756327.2740259 1617935.00092585
599880083.232652 3968916116951.72 -1499060083733.84 4062.10705175213 -749.682394250422 -22756327.2740259 1628956.08514148
601513117.70579 3975523966903.9 -1500277830703.96 4050.88579672656 -745.445928691122 -22756327.274026 1633034.47313835
603153820.447762 3982130040750.18 -1501491712925.93 4039.67020495386 -741.215205301551 -22756327.274026 1640702.74197234
604798630.987625 3988748717904.36 -1502704350953.01 4028.43573226548 -736.980970802912 -22756327.274026 1644810.53986225
606439630.552675 3995350182643.23 -1503910272721.05 4017.23284707507 -732.762239301855 -22756327.274026 1640999.56505078
608103652.917677 4001933290868.53 -1505109284815.04 4006.06333430656 -728.559650575591 -22756327.274026 1664022.36500184
609757321.25398 4008548707412.4 -1506310590333.92 3994.84109948038 -724.340819279429 -22756327.274026 1653668.33630316
611418754.749913 4015145593741.46 -1507504932665.07 3983.65225120705 -720.138124810231 -22756327.274026 1661433.49593306
613073154.98649 4021726912329.52 -1508692862393.07 3972.49161065585 -715.949591227991 -22756327.2740261 1654400.2365762
614735323.819493 4028289794017 -1509873875779.17 3961.36389078139 -711.776956912189 -22756327.2740261 1662168.83300314
616405297.728058 4034864980908.09 -1511053496163.73 3950.216825067 -707.600615542735 -22756327.2740261 1669973.90856561
618086647.200583 4041452411526.1 -1512231678238.57 3939.05038572971 -703.420574091314 -22756327.2740261 1681349.47252441
619764101.038726 4048050602259.08 -1513408123301.69 3927.86695299534 -699.237739847388 -22756327.2740261 1677453.83814356
621449431.726501 4054630060885.8 -1514577565156.85 3916.71636953845 -695.070746298843 -22756327.2740261 1685330.68777478
623130857.555543 4061206355253.24 -1515742774578.56 3905.57210369146 -690.909658687128 -22756327.2740261 1681425.82904214
624820178.885565 4067763938734.89 -1516901000629.89 3894.46035394707 -686.764239491403 -22756327.2740261 1689321.33002121
626502348.900122 4074305755755.15 -1518052777559.43 3883.3759826621 -682.632542454433 -22756327.2740261 1682170.01455768
628195977.556334 4080828953980.82 -1519197617275 3872.32367601936 -678.516285085959 -22756327.2740261 1693628.65621191
629897559.014556 4087377832010.94 -1520343273372.22 3861.22823650822 -674.387465416692 -22756327.2740262 1701581.45822217
631610731.34172 4093938565031.06 -1521487280327.95 3850.11294560383 -670.254775682372 -22756327.2740262 1713172.32716318
633331948.242454 4100524909063.91 -1522631989273.5 3838.95435294316 -666.109525908386 -22756327.2740262 1721216.9007345
635045878.805877 4107095066587.29 -1523770111941.7 3827.82312469695 -661.977974001886 -22756327.2740262 1713930.56342283
636767857.503334 4113646173475.34 -1524901166644.17 3816.72396639019 -657.861837159647 -22756327.2740262 1721978.69745755
638482546.638606 4120181171351.6 -1526025675622.56 3805.65174876982 -653.759184142164 -22756327.2740262 1714689.13527174
640208915.929974 4126697210963.05 -1527143162866.75 3794.61115542021 -649.671721641112 -22756327.2740262 1726369.2913674
641947044.940574 4133238538958.97 -1528261194862.34 3783.52706717921 -645.571643477764 -22756327.2740262 1738129.01059997
643677816.020713 4139777364596.04 -1529374985378.77 3772.44642196812 -641.476330140498 -22756327.2740263 1730771.08013983
645436928.615313 4146297039474.64 -1530481700947.26 3761.39728644336 -637.396137260152 -22756327.2740263 1759112.5945997
647181179.215555 4152848170666.16 -1531589904420.95 3750.29374081302 -633.299346366542 -22756327.2740263 1744250.60024162
648937311.339311 4159379962023.35 -1532690975268.43 3739.22172464393 -629.217675659614 -22756327.2740263 1756132.12375612
650689374.559612 4165921595005.99 -1533789823757.27 3728.1316219714 -625.132826918638 -22756327.2740263 1752063.22030064
652453372.521599 4172443824918.23 -1534881528508.54 3717.07286121718 -621.062998937683 -22756327.2740263 1763997.96198742
654213283.355229 4178975789885.48 -1535970957707.48 3705.99588606401 -616.98994682342 -22756327.2740263 1759910.83362965
655988761.051967 4185488287813.85 -1537053231845.82 3694.95006666564 -612.931817046707 -22756327.2740263 1775477.6967387
657756722.71201 4192011031851.27 -1538133279065.41 3683.88485454669 -608.870031979906 -22756327.2740263 1767961.66004265
659536727.411071 4198514240434.77 -1539206158329.05 3672.85061923634 -604.823074623746 -22756327.2740263 1780004.69906102
661325090.509653 4205042067444.22 -1540279130932.81 3661.77228244195 -600.763414100404 -22756327.2740263 1788363.0985821
663121851.256441 4211580716529.95 -1541349878043.13 3650.67307867956 -596.699594224744 -22756327.2740264 1796760.74678751
664911005.870112 4218102424758.58 -1542413839930.84 3639.59997738205 -592.648808680648 -22756327.2740264 1789154.61367095
666692586.549311 4224576866441.32 -1543466109344.63 3628.60434734164 -588.629799612867 -22756327.2740264 1781580.67919915
668507364.960455 4231031745550.97 -1544511231489.5 3617.63902253892 -584.625275947686 -22756327.2740264 1814778.41114378
670298951.89338 4237503205165.69 -1545555041944.04 3606.64244626579 -580.612756662059 -22756327.2740264 1791586.93292517
672119876.205204 4243954990540.6 -1546591676559.99 3595.67606569983 -576.614662566368 -22756327.2740264 1820924.31182424
673949351.063498 4250492319816.32 -1547637959616.43 3584.56082170032 -572.565767233887 -22756327.2740264 1829474.85829408
675787416.619214 4257039992041.39 -1548681744492.07 3573.42433106634 -568.512635862213 -22756327.2740264 1838065.55571609
677601993.104839 4263514245111.52 -1549709717734.91 3562.40894397571 -564.507028863478 -22756327.2740264 1814576.48562466
679428930.161347 4269968537229.42 -1550730435531.05 3551.42362048949 -560.515768884328 -22756327.2740264 1826937.05650812
681268311.986739 4276446684492.39 -1551750802784 3540.39361313627 -556.511703977464 -22756327.2740265 1839381.82539247
683120223.352559 4282948630108.8 -1552770743800.31 3529.31880247264 -552.494831572102 -22756327.2740265 1851911.36581947
684964295.119036 4289446733168.63 -1553785881892.65 3518.24607673919 -548.482177169664 -22756327.2740265 1844071.76647733
686804094.228644 4295909460015.98 -1554791307213.57 3507.22903653932 -544.493137062002 -22756327.2740265 1839799.10960757
688674020.195388 4302351945144.22 -1555789406572.86 3496.24176873813 -540.518287734472 -22756327.2740265 1869925.96674456
690531716.083078 4308836617527.84 -1556789808285.47 3485.177604972 -536.519060871612 -22756327.2740265 1857695.88768975
692385107.747233 4315285810326.59 -1557780501735.64 3474.16887708441 -532.543297818103 -22756327.2740265 1853391.66415531
694254893.136441 4321714627053.59 -1558763839597.41 3463.18969366135 -528.581607366164 -22756327.2740265 1869785.38920776
696120346.291116 4328164760991.72 -1559746175565.03 3452.16867164277 -524.608236605125 -22756327.2740265 1865453.15467471
698002299.857823 4334594363266.95 -1560721112507.06 3441.17713646169 -520.648904976541 -22756327.2740265 1881953.5667071
699879892.996709 4341045131002.71 -1561694949129.44 3430.14362411701 -516.677874771162 -22756327.2740265 1877593.13888562
701788231.872975 4347475209953.21 -1562661342938 3419.13954024019 -512.720850147923 -22756327.2740266 1908338.87626596
703676063.799611 4353919550335.66 -1563625529286.04 3408.10489772532 -508.756259494375 -22756327.2740266 1887831.92663641
705576755.300109 4360343086866.56 -1564582244330.96 3397.09956326661 -504.805611636689 -22756327.2740266 1900691.50049847
707486371.911275 4366789418290.81 -1565537955080.83 3386.04864938521 -500.842030348892 -22756327.2740266 1909616.61116579
709387904.642508 4373217612359.33 -1566486563529.46 3375.02213020824 -496.890621780322 -22756327.2740266 1901532.73123237
711306256.918889 4379624866817.13 -1567427671405.02 3364.02468428801 -492.95303664025 -22756327.2740266 1918352.27638138
713212062.388385 4386025563419.91 -1568363394367.56 3353.03148067534 -489.020367856893 -22756327.2740266 1905805.46949578
715130849.864306 4392405336564.24 -1569291635475.49 3342.06704699596 -485.101373571278 -22756327.2740266 1918787.47592119
717062707.777761 4398807485158.94 -1570218667406.98 3331.05677325446 -481.169392999751 -22756327.2740266 1931857.91345541
718973242.178341 4405161133950.08 -1571134228958.29 3320.12240166235 -477.267887746428 -22756327.2740266 1910534.40057964
720934213.953304 4411493919288.38 -1572042349396.14 3309.21630141688 -473.379813583954 -22756327.2740267 1960971.77496311
722838691.334342 4417785916782.99 -1572940210445.37 3298.37270569254 -469.517332186572 -22756327.2740267 1904477.38103758
724802853.375711 4424057289283.72 -1573830728019.56 3287.55678832826 -465.667996336896 -22756327.2740267 1964162.04136915
726741914.930475 4430421410251.38 -1574729897925.52 3276.57268661693 -461.762162761359 -22756327.2740267 1939061.554764
728698127.982466 4436764259811.15 -1575621507209.53 3265.61685340806 -457.869751371959 -22756327.2740267 1956213.05199115
730632748.693783 4443071438952.33 -1576503565677.93 3254.71407263795 -453.999529040115 -22756327.2740267 1934620.71131674
732588242.426352 4449357552196.71 -1577378149479.14 3243.83901346386 -450.142465911092 -22756327.2740267 1955493.73256958
734557056.63292 4455690134055.65 -1578254599140.39 3232.87458321025 -446.257059977795 -22756327.2740267 1968814.20656727
736539282.050174 4462044219602.34 -1579129356479.68 3221.86365313936 -442.358564842555 -22756327.2740267 1982225.41725441
738539040.7601 4468419715639.76 -1580002331818.01 3210.80607706392 -438.446970842805 -22756327.2740267 1999758.70992585
740552421.469142 4474829422861.45 -1580875185561.86 3199.67930937781 -434.514355344485 -22756327.2740267 2013380.70904227
742540072.714701 4481178301751.06 -1581734975011.72 3188.64817379657 -430.618959916708 -22756327.2740267 1987651.24555912
744541263.485492 4487505282419.35 -1582587034976.12 3177.64500491908 -426.736831718946 -22756327.2740268 2001190.77079102
746556086.010343 4493853294942.19 -1583437116977.26 3166.5949243715 -422.841560008285 -22756327.2740268 2014822.52485024
748584633.146326 4500222237601.33 -1584285128039.02 3155.49778091764 -418.93313403849 -22756327.2740268 2028547.13598308
750590789.53055 4506541599551.82 -1585121680903.9 3144.47627713974 -415.054755550972 -22756327.2740268 2006156.3842244
752610611.493705 4512838878400.14 -1585950466299.38 3133.48241128557 -411.189484340108 -22756327.2740268 2019821.96315532
754608139.012048 4519087185408.14 -1586767995491.01 3122.5630853196 -407.35376242152 -22756327.2740268 1997527.51834232
756663433.251174 4525313707752.81 -1587577875521.55 3111.67074972628 -403.530839208915 -22756327.2740268 2055294.23912617
758673605.930938 4531557708894.21 -1588385186239.91 3100.73650423521 -399.696538390237 -22756327.2740268 2010172.67976402
760701559.104085 4537779757409.98 -1589184802199.19 3089.82918373969 -395.875004126703 -22756327.2740268 2027953.17314668
762743326.331995 4544034651591.19 -1589983719795.96 3078.85246332111 -392.032506114482 -22756327.2740268 2041767.2279102
764762556.887063 4550240552552.79 -1590771471763.24 3067.94977490324 -388.219250898193 -22756327.2740268 2019230.55506774
766799648.054745 4556424465321.93 -1591551536618.57 3057.0736465873 -384.418588108532 -22756327.2740268 2037091.16768271
768854757.816747 4562640849897.05 -1592330737687.15 3046.12802747402 -380.59697140451 -22756327.2740268 2055109.76200125
770969299.52685 4568889653734.56 -1593108955535.04 3035.11257245734 -376.754343110878 -22756327.2740269 2114541.71010288
773030142.113073 4575133183957.18 -1593881427358.37 3024.09339622177 -372.913799497174 -22756327.2740269 2060842.58622311
775105022.790866 4581354033082.85 -1594645997553.95 3013.10105905492 -369.0859802227 -22756327.2740269 2074880.67779349
777198256.320896 4587594399939.8 -1595407819767.75 3002.0607517009 -365.244843507425 -22756327.2740269 2093233.53002988
779248986.649635 4593739650927.52 -1596152956406.98 2991.17527508884 -361.460897795838 -22756327.2740269 2050730.32873935
781359022.277158 4599862605406.99 -1596890345838.15 2980.3157748338 -357.689268033203 -22756327.2740269 2110035.62752271
783442093.265364 4606059348696.76 -1597631458591.3 2969.31141002923 -353.870672438916 -22756327.2740269 2083070.98820602
785543589.551205 4612233196642.94 -1598364629991.86 2958.33344322772 -350.064593557955 -22756327.2740269 2101496.28584054
787625393.450812 4618380469427.03 -1599089447256.87 2947.38832740767 -346.273240568285 -22756327.2740269 2081803.89960707
789729658.3614 4624504983689.39 -1599806384501.63 2936.46917828126 -342.49420097783 -22756327.2740269 2104264.91058796
791852536.035306 4630672503354.24 -1600523074967.44 2925.45840794939 -338.686807508965 -22756327.2740269 2122877.67390662
793932308.582243 4636745497051.09 -1601223563890.61 2914.60147027417 -334.935905915259 -22756327.2740269 2079772.5469369
796034520.223479 4642795937160.9 -1601916264300.44 2903.76986290753 -331.197018346111 -22756327.2740269 2102211.64123552
798159413.059022 4648888790337.97 -1602608548771.1 2892.84693815023 -327.429908955788 -22756327.2740269 2124892.83554343
800345755.907143 4655024072766.53 -1603300267580.42 2881.83206649706 -323.634443084913 -22756327.274027 2186342.84812113
802456453.956703 4661095225741.95 -1603979394074.95 2870.91636146554 -319.87646973381 -22756327.274027 2110698.04956014
804628191.518244 4667143365698.99 -1604650601309.09 2860.02596082657 -316.13050257758 -22756327.274027 2171737.56154101
806772175.937007 4673263381209.88 -1605324312094.34 2848.98952334132 -312.337659501672 -22756327.274027 2143984.41876294
808935124.448335 4679359762367.85 -1605989904179.93 2837.97879645711 -308.557018205481 -22756327.274027 2162948.51132778
811077804.726131 4685428877281.04 -1606647006138.47 2827.00025661479 -304.790774984862 -22756327.274027 2142680.27779572
813243602.822688 4691474495818.01 -1607296051117.91 2816.04700266538 -301.036535188564 -22756327.274027 2165798.09655722
815389105.983247 4697504590451.55 -1607937903960.52 2805.10445974177 -297.289285938377 -22756327.274027 2145503.16055924
817557757.419231 4703511234640.34 -1608571729801.13 2794.18688190131 -293.553891365008 -22756327.274027 2168651.43598421
819706087.181572 4709502348985.32 -1609198373206.25 2783.27974338696 -289.825364569648 -22756327.274027 2148329.76234104
821921743.725225 4715470057710.88 -1609817019098.79 2772.3972537547 -286.108546186399 -22756327.274027 2215656.54365238
824116638.12682 4721542998172.71 -1610440840681.37 2761.30414814792 -282.323167285833 -22756327.274027 2194894.40159565
826369476.89761 4727591618276.91 -1611056366984.6 2750.2363754136 -278.549826138065 -22756327.274027 2252838.77078988
828557412.765364 4733596912515.44 -1611661712163.52 2739.22870734455 -274.800337360207 -22756327.274027 2187935.8677534
830764701.487531 4739578149828.56 -1612258866605.76 2728.24582172207 -271.062629571384 -22756327.2740271 2207288.72216731
832991514.245077 4745587970561.25 -1612853029398.21 2717.19070666934 -267.303708323078 -22756327.2740271 2226812.75754657
835193747.829292 4751559736826.44 -1613437575879.81 2706.18565682065 -263.565164995262 -22756327.2740271 2202233.58421464
837375345.053305 4757451674157.79 -1614008539602.28 2695.30791423679 -259.873157966392 -22756327.2740271 2181597.22401316
839580479.979027 4763319906721.23 -1614571461263.62 2684.45405467297 -256.192514810213 -22756327.2740271 2205134.92572161
841809406.559568 4769227416007.24 -1615132308912.19 2673.50717414891 -252.48362261673 -22756327.2740271 2228926.58054094
843996575.291544 4775062975164.41 -1615680520568.79 2662.67321572244 -248.816246709747 -22756327.2740271 2187168.73197607
846302245.344469 4780874864308.03 -1616220723284.12 2651.86271094813 -245.160039115248 -22756327.2740271 2305670.05292535
848541490.457528 4786800665510.42 -1616765516361 2640.81891828808 -241.428261337215 -22756327.2740271 2239245.11305864
850763308.451361 4792655933515.12 -1617297823182.49 2629.88499667432 -237.736924191444 -22756327.2740271 2221817.99383293
853009098.097071 4798486934634.57 -1617821941058.02 2618.97471723784 -234.05685498844 -22756327.2740271 2245789.64570967
855274752.328712 4804356239961.4 -1618343417235.66 2607.97056304092 -230.348445820208 -22756327.2740271 2265654.23164121
857519175.90746 4810197311341.71 -1618856268233.81 2596.99685948754 -226.653622294116 -22756327.2740271 2244423.57874803
859787815.034395 4816013779560.85 -1619360839113.89 2586.04671933896 -222.970040072117 -22756327.2740271 2268639.12693562
862035195.538029 4821813311712.49 -1619857803450.83 2575.10557768725 -219.29278393215 -22756327.2740271 2247380.50363326
864306823.492721 4827588281123.03 -1620346516085.54 2564.18769248816 -215.626630419807 -22756327.2740271 2271627.95469235
866598544.579821 4833400649274.06 -1620832141167.56 2553.17546028886 -211.932120344793 -22756327.2740271 2291721.08709978
868872430.148877 4839193767595.13 -1621309856545.93 2542.1757068304 -208.245129034505 -22756327.2740271 2273885.56905664
871166428.81952 4844961900203.59 -1621779200777.32 2531.19920261191 -204.569249508147 -22756327.2740271 2293998.67064267
873480718.497295 4850755788741.96 -1622244239518.68 2520.14898014147 -200.872030710118 -22756327.2740272 2314289.67777545
875776997.015014 4856530075233.75 -1622701259187.72 2509.11109833107 -197.182293503599 -22756327.2740272 2296278.51771878
878098050.554536 4862279042287.55 -1623149818926.79 2498.0963647999 -193.503633584978 -22756327.2740272 2321053.53952146
880401040.29366 4868019434248.08 -1623591218071.75 2487.0725034496 -189.825264214732 -22756327.2740272 2302989.73912435
882724400.568226 4873734464789.37 -1624024158623.15 2476.0715558662 -186.157869650298 -22756327.2740272 2323360.27456594
885114950.357344 4879474400753.91 -1624452383082.27 2464.99633489975 -182.469072976281 -22756327.2740272 2390549.78911767
887435013.773087 4885180541351.93 -1624871460476.32 2453.95972961814 -178.796489182173 -22756327.2740272 2320063.41574317
889775598.745324 4890861102693.64 -1625282029889.24 2442.9458241223 -175.134793230435 -22756327.2740272 2340584.97223742
892136886.792491 4896566043726.16 -1625687635272 2431.85731450757 -171.451658048497 -22756327.2740272 2361288.04716695
894476048.035749 4902241611243.26 -1626084393879.22 2420.79826136173 -167.781667807627 -22756327.2740272 2339161.24325747
896840446.971366 4907891336227.71 -1626472580456.97 2409.761729304 -164.122496397147 -22756327.2740272 2364398.93561687
899230355.894002 4913575808501.19 -1626856269715.69 2398.62882313412 -160.434756755498 -22756327.2740272 2389908.92263636
901593885.416099 4919231909199.05 -1627231116285.32 2387.52263566579 -156.759253847935 -22756327.2740272 2363529.52209722
903939020.564782 4924818072748.81 -1627594472129.8 2376.52505863179 -153.12302650933 -22756327.2740272 2345135.14868322
906363069.08971 4930378471219.58 -1627949312914.56 2365.54939137398 -149.4973480546 -22756327.2740272 2424048.52492751
908741900.647349 4935992494546.98 -1628300578115.55 2354.43822104924 -145.830269650356 -22756327.2740272 2378831.55763861
911195282.711555 4941580112687.13 -1628643132686.94 2343.34922897037 -142.173882286383 -22756327.2740273 2453382.06420662
913577984.34346 4947150404252.41 -1628977538067.01 2332.2642464674 -138.522182334142 -22756327.2740273 2382701.63190529
915942142.393345 4952651265541.14 -1629300753696.91 2321.28716631901 -134.90934326013 -22756327.2740273 2364158.04988456
918336175.887588 4958126200575.38 -1629615440221.2 2310.33145823779 -131.306826417125 -22756327.2740273 2394033.49424292
920810768.178614 4963643953119.6 -1629925436803.78 2299.2589056335 -127.669224882956 -22756327.2740273 2474592.29102643
923212396.06749 4969152600863.79 -1630227679323.08 2288.17288897253 -124.030559772433 -22756327.2740273 2401627.88887551
925689288.880075 4974634649993.15 -1630521195642.59 2277.10838789416 -120.402307582097 -22756327.2740273 2476892.81258506
928115888.272323 4980146737589.31 -1630808926488.37 2265.95051201395 -116.746825466988 -22756327.2740273 2426599.39224851
930568668.745127 4985631775736.67 -1631087799662.75 2254.81423787448 -113.101813223997 -22756327.2740273 2452780.4728036
933047912.771555 4991148557540.78 -1631360705931.88 2243.57958073095 -109.42803291449 -22756327.2740273 2479244.0264283
935503924.669874 4996645023551.61 -1631624955923.3 2232.3518664749 -105.759967588587 -22756327.2740273 2456011.89831825
938030962.249825 5002113940693.69 -1631880209989.9 2221.14572665912 -102.102383291155 -22756327.2740273 2527037.57995176
940502328.852172 5007589294490.12 -1632128005350.2 2209.89111997879 -98.4324305977999 -22756327.2740273 2471366.60234629
943000359.537722 5013036860602.77 -1632366743841.9 2198.65798925142 -94.7729282563595 -22756327.2740273 2498030.68555009
945474982.051954 5018463813988.26 -1632596747875.66 2187.43139454066 -91.118995349472 -22756327.2740273 2474622.51423217
947980875.930313 5023863012017.58 -1632817722587.52 2176.22596707872 -87.4753802701493 -22756327.2740273 2505893.87835924
950508935.083313 5029302208442.12 -1633032314549.29 2164.90032406059 -83.7961549142632 -22756327.2740273 2528059.15299975
952971338.65675 5034619385967.31 -1633234213687.54 2153.79202334334 -80.190932171957 -22756327.2740273 2462403.57343749
955510911.810853 5039909235556.81 -1633427247619.45 2142.70414813769 -76.5956927223806 -22756327.2740273 2539573.15410207
958022453.596564 5045276546679.25 -1633615026677.93 2131.41587113444 -72.9389146026757 -22756327.2740274 2511541.78571143
960561092.923806 5050615533088 -1633793634445.43 2120.14847980006 -69.2923640858909 -22756327.2740274 2538639.32724187
963056371.507332 5055891948922.59 -1633962028542.62 2108.97455340261 -65.6794770887765 -22756327.2740274 2495278.58352612
965578572.165351 5061140508012.88 -1634121419899.4 2097.82088802978 -62.0765315138992 -22756327.2740274 2522200.65801908
968179816.39252 5066417437033.06 -1634273407202.45 2086.56729529096 -58.4447386565625 -22756327.2740274 2601244.2271687
970728242.238267 5071720432420.95 -1634417684274.16 2075.21735128731 -54.7853418497712 -22756327.2740274 2548425.8457473
973299209.564825 5076994529586.54 -1634552648571.69 2063.88799221864 -51.1360771660162 -22756327.2740274 2570967.32655772
975850168.115271 5082244979319.46 -1634678446106.87 2052.5678072372 -47.4932543877269 -22756327.2740274 2550958.55044651
978428649.48284 5087466577612.96 -1634794963718 2041.26788519859 -43.8604273694745 -22756327.2740274 2578481.36756881
980987063.595622 5092674510507.5 -1634902526759.16 2029.95510895336 -40.2269448818921 -22756327.2740274 2558414.11278199
983568107.538001 5097853526285.57 -1635000806527.31 2018.6623543338 -36.6033618816284 -22756327.2740274 2581043.94237841
986181767.673146 5103049101696.46 -1635090574439.41 2007.2898194725 -32.957680915091 -22756327.2740274 2613660.13514554
988818546.303138 5108280447501.68 -1635171901128.34 1995.79396686171 -29.2760385007776 -22756327.2740274 2636778.62999194
991386845.827756 5113391759263.15 -1635242455582.95 1984.5174387507 -25.6681232084742 -22756327.2740274 2568299.52461812
994035633.619803 5118474134551.49 -1635303756263.9 1973.26037188865 -22.0698777148745 -22756327.2740274 2648787.79204666
996707850.619839 5123685528762.75 -1635357310912.45 1961.67071931216 -18.3689166522379 -22756327.2740274 2672217.00003595
999306963.523661 5128769374950.34 -1635400345079.25 1950.31817456172 -14.7472054528446 -22756327.2740274 2599112.90382228
1001934118.79184 5133823739830.97 -1635433978597.09 1938.98502118959 -11.1351675751591 -22756327.2740274 2627155.26817963
1004536655.90743 5138855274303.66 -1635458262295.91 1927.65618954734 -7.52798823788333 -22756327.2740274 2602537.11558765
1007172080.82119 5143857349950 -1635473170618.51 1916.34644731717 -3.93035786608786 -22756327.2740275 2635424.91375795
1009835939.87705 5148892666963.85 -1635478738829.7 1904.91305997664 -0.296919941780003 -22756327.2740275 2663859.05586827
1012474836.84198 5153904451803.23 -1635474732547.98 1893.48386351495 3.33164591902507 -22756327.2740275 2638896.96492709
1015142205.40969 5158886101394.79 -1635461163524.46 1882.07375440039 6.95062210807795 -22756327.2740275 2667368.56771248
1017838352.76618 5163890925455.57 -1635437755750.06 1870.55975522622 10.5989752119978 -22756327.2740275 2696147.3564835
1020552865.79684 5168918562853.31 -1635404219045.38 1858.94097674668 14.2768903736254 -22756327.2740275 2714513.03066481
1023216743.68318 5173855285488.93 -1635361357703.84 1847.48028059991 17.9011848759565 -22756327.2740275 2663877.88633884
1025914284.52009 5178761503211.28 -1635308854311.11 1836.03831069762 21.5160118094991 -22756327.2740275 2697540.83690793
1028570001.05256 5183622374197.67 -1635246938968.52 1824.64985952964 25.1104137451539 -22756327.2740275 2655716.53247222
1031308945.42526 5188453024972.31 -1635175490229.07 1813.27966920773 28.6955528486364 -22756327.2740275 2738944.37269533
1034022224.10878 5193357219551.3 -1635092672751.19 1801.68171086962 32.3489081965524 -22756327.2740275 2713278.6835278
1036710077.60734 5198184455979.3 -1635000870319 1790.21086847389 35.9586454796878 -22756327.2740275 2687853.49855122
1039431897.032 5202980884923.83 -1634899377910.72 1778.7581974045 39.5591170065795 -22756327.2740275 2721819.42466319
1042183082.72694 5207806581318.63 -1634786753920.33 1767.17913854604 43.1957195390987 -22756327.2740275 2751185.69494297
1044963951.5309 5212652340647.31 -1634662868908.27 1755.49371949268 46.8620548964585 -22756327.2740275 2780868.80396023
1047718761.78652 5217472297264.51 -1634528727064.24 1743.81142538489 50.5237240576589 -22756327.2740275 2754810.25561961
1050503294.25729 5222260096692.17 -1634384511017.8 1732.14747868642 54.1759668798379 -22756327.2740275 2784532.47076842
1053306794.46585 5227066924476.7 -1634228527544.41 1720.37614558529 57.858112235253 -22756327.2740275 2803500.20856007
1056057772.47014 5231783665907.8 -1634064368119.83 1708.76470066063 61.4865808090723 -22756327.2740275 2750978.00429248
1058843514.09369 5236468488965.28 -1633890239495.17 1697.17100567434 65.1058742724887 -22756327.2740276 2785741.62354472
1061659311.65728 5241180037070.66 -1633703777198.81 1685.44870818954 68.7616293671981 -22756327.2740276 2815797.5635918
1064401980.86043 5245786858656.74 -1633510261406.29 1673.92508124486 72.3518155021395 -22756327.2740276 2742669.20314649
1067179308.68598 5250362098252.4 -1633306911145.25 1662.41856650594 75.9330992127731 -22756327.2740276 2777327.82555796
1069991733.10879 5254963018963.15 -1633090994400.77 1650.78390660684 79.5506394450425 -22756327.2740276 2812424.42281017
1072782269.59471 5259553301151.17 -1632863944518.27 1639.1112271981 83.1763366591017 -22756327.2740276 2790536.48591403
1075660259.06062 5264111034306.92 -1632626789564.27 1627.4557228473 86.7930378124875 -22756327.2740276 2877989.46590893
1078484330.80248 5268690450608.82 -1632376522200.72 1615.67745182379 90.4441178810607 -22756327.2740276 2824071.74186279
1081338872.03593 5273236628591.66 -1632115956742.47 1603.91640429578 94.0861330928514 -22756327.2740276 2854541.23344977
1084149154.73585 5277727661710.7 -1631846466016.36 1592.2296988259 97.701440077232 -22756327.2740276 2810282.69992227
1086994950.47791 5282185875385.86 -1631566827681.73 1580.55968962264 101.307915674511 -22756327.2740276 2845795.74205449
1089818598.56788 5286632284961.96 -1631275664237.86 1568.85081576084 104.922720842035 -22756327.2740276 2823648.08997318
1092677928.59604 5291045656132.4 -1630974306257.12 1557.15843953061 108.52875436607 -22756327.2740276 2859330.02815988
1095515005.64036 5295446789069.61 -1630661272556.05 1545.42689213398 112.143175275814 -22756327.2740276 2837077.04432359
1098447549.8173 5299814661862.96 -1630337996839.31 1533.71164167084 115.74888435316 -22756327.2740276 2932544.17693574
1101330005.23404 5304218382703.64 -1629999086693.33 1521.82551573645 119.403416968677 -22756327.2740276 2882455.41673782
1104248885.72668 5308587866074.67 -1629649655286.43 1509.9558439283 123.049103815143 -22756327.2740276 2918880.49264271
1107122510.13101 5312909929217.73 -1629290846727.28 1498.13873325653 126.674888854467 -22756327.2740276 2873624.40433241
1110037460.95083 5317198057441 -1628921631465.3 1486.33761261039 130.292026679137 -22756327.2740276 2914950.8198229
1112989247.48519 5321513230896.73 -1628536499544.53 1474.3829288961 133.952422000674 -22756327.2740276 2951786.53435105
1115918061.48493 5325813854257.39 -1628138802773.25 1462.38758685351 137.621412465226 -22756327.2740276 2928813.99973973
1118805836.34271 5330019842084.74 -1627736170084.17 1450.5760390212 141.230414919667 -22756327.2740276 2887774.85778624
1121797112.60419 5334191743132.63 -1627323127620.73 1438.77991381481 144.830971193999 -22756327.2740276 2991276.26148017
1124710703.19271 5338366439345.79 -1626895867606.65 1426.89378484832 148.455226317078 -22756327.2740276 2913590.5885222
1127606000.85793 5342480641044.92 -1626460841948.84 1415.09747669851 152.048350043305 -22756327.2740276 2895297.6652163
1130605069.55351 5346560710633.14 -1626015425132.85 1403.31613769321 155.633192777186 -22756327.2740277 2999068.69558373
1133576035.02594 5350711975075.41 -1625547590444.78 1391.24227369892 159.303187731706 -22756327.2740277 2970965.47242218
1136640107.96545 5354827391390.64 -1625068865083.1 1379.18379830931 162.964608633965 -22756327.2740277 3064072.93951203
1139651845.59288 5358962742917.62 -1624572480036.4 1366.97535287126 166.667600370542 -22756327.2740277 3011737.62742936
1142621382.13549 5363004172203.66 -1624072143978.82 1354.9530805288 170.310224677578 -22756327.2740277 2969536.54261151
1145628444.18269 5367009922953.29 -1623561003428.91 1342.94562201588 173.944500153941 -22756327.2740277 3007062.04720002
1148673505.9376 5371029980717.49 -1623032418792.39 1330.80133550398 177.616265954509 -22756327.2740277 3045061.75490892
1151745502.04542 5375063648412.91 -1622485916148.92 1318.51867819841 181.325855505263 -22756327.2740277 3071996.10782696
1154769604.8196 5379032558963.36 -1621932008328.59 1306.33540234287 185.001445226239 -22756327.2740277 3024102.77417547
1157774720.82181 5382940075384.05 -1621370579804.06 1294.24308096056 188.645671546521 -22756327.2740277 3005116.00220583
1160817811.9399 5386811274404.9 -1620798212279.12 1282.16499020514 192.28170865202 -22756327.2740277 3043091.11809061
1163841797.06806 5390670163493.8 -1620211233399.57 1270.02523958671 195.932380963186 -22756327.2740277 3023985.12816347
1166903995.75789 5394492363427.42 -1619613227282.27 1257.89952550502 199.574902950806 -22756327.2740277 3062198.6898335
1169999233.13999 5398325519432.08 -1618996452237.78 1245.63469472914 203.255221364381 -22756327.2740277 3095237.38209986
1173070381.56882 5402132177893.57 -1618366567926.91 1233.34809105186 206.938047054786 -22756327.2740277 3071148.42882933
1176244873.59028 5405901123767.3 -1617725385704.47 1221.07538888047 210.612684080243 -22756327.2740277 3174492.02145867
1179332520.72969 5409652342822.17 -1617069395115.71 1208.75057657349 214.298879637369 -22756327.2740277 3087647.13941387
1182459185.91628 5413365528351.75 -1616402035428.52 1196.43942946706 217.976943319716 -22756327.2740277 3126665.1865856
1185542039.62954 5417035046111.03 -1615724394074.9 1184.16083688852 221.641255615088 -22756327.2740277 3082853.71325724
1188728630.81614 5420666731225.21 -1615035468476.91 1171.89548591145 225.297603682214 -22756327.2740277 3186591.18660371
1191885361.57195 5424346284394.15 -1614318365994.96 1159.34973404443 229.033392520476 -22756327.2740277 3156730.75580609
1195022272.85351 5427963525239.69 -1613594096567.43 1146.89610835797 232.73760118378 -22756327.2740277 3136911.2815667
1198271614.89471 5431541720793.69 -1612858219974.21 1134.45560136576 236.433783289383 -22756327.2740277 3249342.04119814
1201440600.81595 5435116898508.71 -1612103058849.37 1121.90101253674 240.159681997158 -22756327.2740277 3168985.92123896
1204649632.64807 5438652311540.8 -1611336103169.15 1109.35941175365 243.877536653011 -22756327.2740278 3209031.83211494
1207838516.63463 5442169824757.07 -1610552451566.7 1096.75197104515 247.61068979186 -22756327.2740278 3188883.9865589
1211073260.87501 5445647154686.14 -1609756908142.79 1084.15727773599 251.335845634679 -22756327.2740278 3234744.24038358
1214342905.43714 5449133480217.38 -1608937800259.36 1071.39427375426 255.106478676277 -22756327.2740278 3269644.56212731
1217556703.46038 5452556365842.46 -1608111930499.31 1058.72649337347 258.844695987343 -22756327.2740278 3213798.02324381
1220750323.71363 5455917451470.38 -1607279357519.33 1046.15046511694 262.551617633467 -22756327.2740278 3193620.25324707
1223989872.33431 5459238393222.21 -1606434958399.56 1033.58641677837 266.250810619445 -22756327.2740278 3239548.62067935
1227276009.83142 5462566119329.12 -1605566358479.26 1020.85371770809 269.995379772257 -22756327.2740278 3286137.49711637
1230511197.06554 5465848219703.1 -1604686834348.64 1008.15005447751 273.727117986686 -22756327.2740278 3235187.23411515
1233787266.78473 5469089240299.66 -1603795249839.74 995.458073357958 277.451144763304 -22756327.2740278 3276069.71919536
1237104735.61369 5472329393699.86 -1602880133996.88 982.617403026453 281.214447204311 -22756327.2740278 3317468.82896076
1240457997.29702 5475567644182.57 -1601940903557.14 969.626248609694 285.017399583668 -22756327.2740278 3353261.68332621
1243785161.93058 5478772091558.21 -1600986269709.46 956.608816095371 288.823552705612 -22756327.2740278 3327164.63356175
1247154371.35125 5481933246968.3 -1600018985242.05 943.602874112968 292.621857038728 -22756327.2740278 3369209.42066298
1250559931.86617 5485090272057.04 -1599026612540.48 930.444066347628 296.460239626986 -22756327.2740278 3405560.5149273
1253912690.51141 5488187890760.52 -1598026260702.38 917.360763886787 300.272046360728 -22756327.2740278 3352758.64523853
1257307817.37072 5491241662823.17 -1597013141789.91 904.288469372494 304.076114833471 -22756327.2740278 3395126.85930853
1260681627.99037 5494270386010.26 -1595980800044.77 891.144985040002 307.896334721218 -22756327.2740278 3373810.61965022
1264034256.20397 5497236184405.65 -1594942185071.84 878.094626029481 311.684959675035 -22756327.2740278 3352628.21359872
1267435099.52401 5500158247216.27 -1593890880859.22 865.054621142215 315.466073870581 -22756327.2740278 3400843.32004458
1270878918.6956 5503077684743.07 -1592811518977.36 851.837441748192 319.293968056935 -22756327.2740278 3443819.17158904
1274359893.94142 5505988227409.92 -1591705264781.51 838.46364136291 323.162515832641 -22756327.2740278 3480975.24582057
1277878426.14601 5508883385622.32 -1590573549590.08 824.955950783924 327.064989215148 -22756327.2740278 3518532.20458856
1281310212.85718 5511691622614.25 -1589444541609.25 811.649139704385 330.904707678452 -22756327.2740278 3431786.71116449
1284857478.57435 5514454210190.34 -1588302369388.11 798.352035984966 334.736947534734 -22756327.2740278 3547265.71717416
1288322566.46983 5517197322704.48 -1587135783334.21 784.935519496047 338.598864628242 -22756327.2740278 3465087.89547692
1291911847.37853 5519893962221.83 -1585955828359.47 771.5284372739 342.453313613913 -22756327.2740278 3589280.90870221
1295439822.26083 5522591829935.98 -1584740750226.66 757.887487305257 346.370123609616 -22756327.2740278 3527974.88230611
1299012379.5336 5525241589193.3 -1583511867081.12 744.255834900093 350.279353770994 -22756327.2740278 3572557.27276819
1302630082.57656 5527875841908.6 -1582253414184.34 730.461148718095 354.23034263295 -22756327.2740279 3617703.04296102
1306219630.53195 5530473004781.23 -1580974773990.71 716.609956410151 358.19246100872 -22756327.2740279 3589547.95538922
1309854538.96577 5533020464128.05 -1579681925240.44 702.767633017404 362.146983816386 -22756327.2740279 3634908.43381329
1313461158.40956 5535530011897.99 -1578368645119.47 688.868155139164 366.112747821971 -22756327.2740279 3606619.44379555
1317113354.06114 5537989444844.88 -1577041075547.8 674.97712155808 370.07101126846 -22756327.2740279 3652195.65157918
1320737126.18343 5540410131937.51 -1575692827789.62 661.028272308924 374.040629304797 -22756327.2740279 3623772.12229044
1324490778.75686 5542780286173.02 -1574330208482.06 647.087434900862 378.002842532466 -22756327.2740279 3753652.57343182
1328277633.35091 5545182138073.04 -1572903626268.8 632.655115477413 382.099347132406 -22756327.2740279 3786854.59404159
1332005449.75473 5547513857236.63 -1571471659059.8 618.330089206719 386.159970753951 -22756327.2740279 3727816.40382383
1335773486.33741 5549792189679.82 -1570024568727.55 604.012714416964 390.213025015339 -22756327.2740279 3768036.58267778
1339582177.04273 5552040878255.96 -1568546525296.32 589.548360879214 394.30220617114 -22756327.2740279 3808690.70532397
1343431960.4964 5554258455030.55 -1567036891099.69 574.935316677149 398.427830949499 -22756327.2740279 3849783.45367133
1347315796.273 5556443411121.54 -1565495015596.21 560.171840098102 402.590220206608 -22756327.2740279 3883835.77659452
1351233985.57405 5558590114973.68 -1563923279402.89 545.284837981792 406.781630090648 -22756327.2740279 3918189.30105552
1355186832.26531 5560697232437.25 -1562321160771.34 530.273030569704 411.002276840886 -22756327.2740279 3952846.69125925
1359174642.90029 5562763399347.93 -1560688129189.11 515.135115934553 415.252379762039 -22756327.2740279 3987810.6349762
1363125085.15742 5564768538887.76 -1559039321716.62 500.012786470809 419.492093555683 -22756327.2740279 3950442.25713084
1367208459.08646 5566713950600.01 -1557373780745.2 484.896509915414 423.724105462353 -22756327.2740279 4083373.92904039
1371246761.44168 5568640918441.47 -1555653932783.11 469.44996035736 428.042381944827 -22756327.2740279 4038302.35522225
1375320783.61791 5570505519962.11 -1553916662180.51 454.009057471146 432.352818282642 -22756327.2740279 4074022.17622423
1379363099.36334 5572309537410.06 -1552160247910.35 438.558121553576 436.659790880379 -22756327.2740279 4042315.74543682
1383541438.30706 5574051107463.24 -1550386438989.34 423.112158828302 440.959115622393 -22756327.2740279 4178338.94371475
1387748239.34928 5575785666890.66 -1548534691860.22 407.151306286464 445.395182983065 -22756327.2740279 4206801.04222536
1392086877.86765 5577464678834.06 -1546651622639.04 391.086349369024 449.853438369212 -22756327.2740279 4338638.51836851
1396455070.4166 5579125527035.78 -1544689911726.29 374.522379518119 454.443092623804 -22756327.2740279 4368192.54894745
1400767440.81022 5580705114888.78 -1542720363412.19 358.06276088387 458.996710034163 -22756327.2740279 4312370.39361898
1405193656.12595 5582213730766.6 -1540731195726.82 341.606782470676 463.542225069932 -22756327.2740279 4426215.31572934
1409650022.02975 5583688381893.9 -1538669148034.45 324.719726683949 468.199440224925 -22756327.2740279 4456365.90380813
1414320001.66407 5585097573676.67 -1536572247742.85 307.720626005075 472.88001528751 -22756327.2740279 4669979.63431572
1418991112.94385 5586493032726.96 -1534352471919.89 289.909404917939 477.776088199715 -22756327.2740279 4671111.27977814
1423773351.30441 5587805627169.29 -1532109306225.81 272.096142841302 482.664420940298 -22756327.2740279 4782238.36055728
1428567562.86897 5589063252549.04 -1529789141364.22 253.860911874846 487.659954886696 -22756327.2740279 4794211.56456552
1433559863.11769 5590236496930.09 -1527439209724.34 235.581311272091 492.658918741106 -22756327.2740279 4992300.24871719
1438741388.45429 5591365077353.37 -1524966734435.97 216.547191589939 497.854942018446 -22756327.2740279 5181525.33659758
1444160954.55242 5592435940579 -1522373136195.3 196.7917670675 503.23786097773 -22756327.2740279 5419566.09812981
1449848561.92734 5593446473177.39 -1519630572891.97 176.128178061991 508.857329647836 -22756327.274028 5687607.37492604
1455808801.9934 5594386548209.01 -1516719648502.5 154.441079867789 514.743154555596 -22756327.274028 5960240.06605722
1462093895.94462 5595239319571.1 -1513633305294.71 131.71173525338 520.898671952722 -22756327.274028 6285093.95122047
1468451503.93712 5595991808599.23 -1510339045071.09 107.73941120705 527.376211670987 -22756327.274028 6357607.99250194
1474477940.66403 5596571819504.67 -1507142162765.37 84.7484912418263 533.574493801976 -22756327.274028 6026436.72691144
1480083668.66666 5596986941915.55 -1504134954810.14 63.3570544199618 539.329191070067 -22756327.2740279 5605728.00262684
1485494093.02176 5597273865028.38 -1501201951750.08 42.7049794245772 544.873678701592 -22756327.2740279 5410424.355102
1490642447.64269 5597443125271.35 -1498383186384.97 23.0471021224683 550.140937704558 -22756327.2740279 5148354.62092384
1495548214.06981 5597510229862.12 -1495672028088.57 4.30926669204778 555.152312856709 -22756327.2740279 4905766.42712411
1500379400.6395 5597486460786.78 -1492978076790.07 -14.150247087789 560.080320094689 -22756327.2740279 4831186.56968869
1505064327.7759 5597378223131.7 -1490342960175.47 -32.057667028621 564.852470628065 -22756327.2740279 4684927.13639736
1509677080.19854 5597189670675.37 -1487726610874.69 -49.6962242462176 569.544822104689 -22756327.2740279 4612752.42264741
1514217600.92918 5596924593152.17 -1485130106077.23 -67.0658693661797 574.157733984411 -22756327.2740279 4540520.730636
1518770615.13186 5596580631047.56 -1482512669454.05 -84.4432366328292 578.7648533443 -22756327.2740279 4553014.20267672
1523174010.53166 5596171675498.39 -1479954311806.9 -101.303636502595 583.227417402805 -22756327.2740279 4403395.39980623
1527589522.09624 5595688459130.71 -1477376315269.48 -118.172200286663 587.68475654872 -22756327.2740279 4415511.56457574
1531929902.69271 5595139447513.61 -1474816013997.9 -134.807789651686 592.073301848091 -22756327.2740279 4340380.596468
1536126181.33424 5594539996909.51 -1472322615504.54 -150.899427023386 596.311518179514 -22756327.2740279 4196278.64153235
1540255266.25628 5593884216056.51 -1469851792249.26 -166.741791780613 600.477520047686 -22756327.2740279 4129084.92204474
1544393413.65829 5593163002895.61 -1467363775971.29 -182.592858698323 604.639297094342 -22756327.2740279 4138147.40200786
1548463425.51823 5592388037251.36 -1464894545675.84 -198.226028941962 608.737484940544 -22756327.2740279 4070011.8599389
1552624281.94183 5591549425874.71 -1462408643742.42 -213.868371242901 612.831738349983 -22756327.2740279 4160856.42360194
1556642726.81808 5590658961259.94 -1459937897491.36 -229.321873131195 616.870339830322 -22756327.2740279 4018444.87625105
1560595007.08169 5589722566036.58 -1457492009508.82 -244.530325999108 620.838861898445 -22756327.2740279 3952280.26360705
1564553290.44977 5588726043784.52 -1455030443709.52 -259.748428637849 624.803907727264 -22756327.2740279 3958283.36808027
1568514449.61898 5587667704930.03 -1452549439118.39 -274.999649289771 628.771568365396 -22756327.2740279 3961159.169206
1572478486.67866 5586548142310.97 -1450050916398.89 -290.272305682051 632.738774071882 -22756327.2740279 3964037.0596799
1576306848.62871 5585408604108.04 -1447621228962.87 -305.043107540055 636.569878810415 -22756327.2740279 3828361.95005028
1580137991.98842 5584212498324.18 -1445176880394.85 -319.824202139201 640.398004874531 -22756327.2740279 3831143.35971247
1583971918.77856 5582958854253.26 -1442716090114.52 -334.6266447048 644.225998863758 -22756327.2740279 3833926.79014485
1587808631.02138 5581647506427.01 -1440238835904.64 -349.450773032732 648.053925009329 -22756327.2740279 3836712.24281556
1591644655.53254 5580278287806.23 -1437745095278.03 -364.296927478424 651.881847659063 -22756327.2740279 3836024.51115539
1595410096.57306 5578879099635.14 -1435283403746.8 -378.878546057551 655.636020044107 -22756327.2740279 3765441.04052377
1599178273.30948 5577424983795.45 -1432807580926.88 -393.471603484713 659.387639822562 -22756327.2740278 3768176.7364243
1602877114.98529 5575943065681.99 -1430361798588.92 -407.817976787603 663.07048175043 -22756327.2740278 3698841.67580706
1606575293.64277 5574408061230.42 -1427902398348.22 -422.175954570104 666.750983643479 -22756327.2740278 3698178.65748163
1610205425.2156 5572849912929.15 -1425475451660.85 -436.278773106651 670.360899631797 -22756327.2740278 3630131.5728236
1613838194.17829 5571240548353.83 -1423035404401.38 -450.393309423056 673.968677644677 -22756327.2740278 3632768.96269514
1617473602.44699 5569578699345.29 -1420580477195.73 -464.530100652772 677.576993839881 -22756327.2740278 3635408.26870256
1621108359.06782 5567864209030.7 -1418110647654.55 -478.689451879757 681.185902931854 -22756327.2740278 3634756.62083173
1624742464.15759 5566098542105.31 -1415628148100.99 -492.858828257005 684.792193578181 -22756327.2740278 3634105.08976895
1628246700.47996 5564347495598.48 -1413222385336.07 -506.531547138005 688.267173163373 -22756327.2740278 3504236.32236877
1631825675.24532 5562548515389.15 -1410804448464.02 -520.216443616949 691.740424766373 -22756327.2740278 3578974.76535988
1635404008.47853 5560661643564.64 -1408322381621.93 -534.206039546267 695.2860234474 -22756327.2740278 3578333.2332091
1638916499.80225 5558761117901.12 -1405874086651.46 -547.94862172611 698.764110512392 -22756327.2740278 3512491.32371611
1642428361.51099 5556812298794.42 -1403413577722.07 -561.704195508577 702.240616528783 -22756327.2740278 3511861.7087394
1645878200.55041 5554851187168.95 -1400985073049.77 -575.227302297349 705.653622761934 -22756327.2740278 3449839.03942412
1649330545.99225 5552843400616.89 -1398544796530.96 -588.763426699457 709.065201867708 -22756327.2740278 3452345.44183915
1652785399.65747 5550787384161.4 -1396090967252.15 -602.322659857782 712.477879459645 -22756327.2740278 3454853.6652241
1656239634.03929 5548682988460.52 -1393623562931.55 -615.905282132094 715.891702945407 -22756327.2740278 3454234.38181256
1659630309.95052 5546572034935.48 -1391190527881.59 -629.248997362651 719.240860784428 -22756327.2740278 3390675.91123074
1663020378.08222 5544415814350.96 -1388746138956.85 -642.606227205627 722.588826496657 -22756327.2740278 3390068.13169817
1666409838.54333 5542214679174.47 -1386290841330.26 -655.974808397752 725.935046172621 -22756327.2740278 3389460.46111025
1669736932.38446 5540010344440.55 -1383870125613.18 -669.108644999135 729.218036326916 -22756327.2740278 3327093.84113217
1673138288.51245 5537762289488.47 -1381438488782.17 -682.256171383193 732.500010348499 -22756327.2740278 3401356.1279915
1676477059.13827 5535462347885.02 -1378987342522.28 -695.463829068963 735.792524905221 -22756327.2740278 3338770.62582132
1679818255.47227 5533118285230.84 -1376525204886.06 -708.685728564863 739.084103556606 -22756327.2740278 3341196.33399616
1683158852.89596 5530728302407.94 -1374050278137.76 -721.931721913164 742.377180506874 -22756327.2740278 3340597.42369059
1686437982.78745 5528339660716.58 -1371610629154.18 -734.945971927865 745.608258522948 -22756327.2740278 3279129.89149379
1689719495.0565 5525908320054.13 -1369160386331.24 -747.974625305045 748.838559614034 -22756327.2740277 3281512.26904397
1693000419.11362 5523432419783.73 -1366697760435.63 -761.027385387738 752.070471317939 -22756327.2740277 3280924.05712246
1696283726.8518 5520914117715.91 -1364224974411.16 -774.092671454636 755.301108837421 -22756327.2740277 3283307.73818304
1699509048.3915 5518396687382.07 -1361783764710.04 -786.951243635297 758.476359043063 -22756327.2740277 3225321.53969496
1702736713.2155 5515837760214.66 -1359332314771.19 -799.824612222538 761.651017338817 -22756327.2740277 3227664.8240059
1705966723.02628 5513235383714.24 -1356868834234.69 -812.722362287288 764.827429049906 -22756327.2740277 3230009.81077699
1709196153.85696 5510589416929.84 -1354393301185.2 -825.644751156707 768.005634229085 -22756327.2740277 3229430.83068441
1712366162.63872 5507951994346.92 -1351953773303.98 -838.342154928604 771.124338780488 -22756327.2740277 3170008.78175548
1715603781.44983 5505274296954.64 -1349504359777.35 -851.054689982192 774.242623459779 -22756327.2740277 3237618.81110887
1718781827.55185 5502549333827.68 -1347038813949.59 -863.814856327586 777.36843052781 -22756327.2740277 3178046.10201753
1721959303.98828 5499783793521.39 -1344563334723.47 -876.59065422418 780.493891103051 -22756327.2740277 3177476.43643317
1725139088.94825 5496978132668.25 -1342078369540.67 -889.380003246598 783.618482864203 -22756327.2740277 3179784.95996803
1728318303.93094 5494129725783.07 -1339581660264.37 -902.194716526782 786.745073739689 -22756327.2740277 3179214.98269294
1731439020.84442 5491294586753.63 -1337121663929.45 -914.787224831645 789.813357795516 -22756327.2740277 3120716.91347832
1734564477.80375 5488420125312.03 -1334652092652.29 -927.395634822323 792.881453200476 -22756327.2740277 3125456.95932867
1737753056.27577 5485501835725.9 -1332169174117.87 -940.039341799844 795.95405568321 -22756327.2740277 3188578.47202278
1740882964.38886 5482539762601.96 -1329673095889.21 -952.717458661488 799.030916774783 -22756327.2740277 3129908.11309202
1744012311.46512 5479537982172.38 -1327167387504.37 -965.412202404717 802.107696822233 -22756327.2740277 3129347.07625461
1747141097.6051 5476496990825.7 -1324652500898.08 -978.121506413965 805.183880688765 -22756327.2740277 3128786.13998319
1750269322.90936 5473416756837.55 -1322128441249.47 -990.845576715642 808.259504876072 -22756327.2740277 3128225.30425974
1753396987.47843 5470297247858.07 -1319595213621.58 -1003.58462051307 811.334605890207 -22756327.2740277 3127664.56906624
1756467102.51421 5467196913977.49 -1317099690204.08 -1016.10400737952 814.352646042803 -22756327.2740277 3070115.03578921
1759536667.23109 5464058118044.2 -1314594900916.54 -1028.64042809804 817.37078288121 -22756327.2740277 3069564.71687634
1762608462.07069 5460881380431.29 -1312081296884.58 -1041.19183902636 820.388509904138 -22756327.2740277 3071794.83959556
1765679706.29026 5457663738703.44 -1309556593198.92 -1053.76983323582 823.408595322439 -22756327.2740276 3071244.21957742
1768753181.85276 5454408020016.11 -1307023067179.25 -1066.36325000327 826.428340015005 -22756327.2740276 3073475.5625013
1771826106.49398 5451111188882.91 -1304478415647.57 -1078.9837240021 829.450514239513 -22756327.2740276 3072924.64121314
1774842488.82543 5447837858766.15 -1301972002098.6 -1091.38738409657 832.416811054721 -22756327.2740276 3016382.33145065
1777861062.64114 5444527087876.49 -1299456640629.84 -1103.80870988418 835.383401465989 -22756327.2740276 3018573.81571233
1780824094.21106 5441238369420.52 -1296977055533.85 -1116.0277384154 838.297839642305 -22756327.2740276 2963031.56991825
1783850321.395 5437913419806.89 -1294488834359.8 -1128.26420785074 841.212624424784 -22756327.2740276 3026227.18393994
1786823102.65667 5434541067166.6 -1291983746001.59 -1140.55866653713 844.137380107963 -22756327.2740276 2972781.2616716
1789798043.72523 5431132139150.81 -1289469962379.44 -1152.87108082392 847.062548166543 -22756327.2740276 2974941.0685636
1792772451.53484 5427684065460.88 -1286945646407.48 -1165.21061813697 849.990286191671 -22756327.2740276 2974407.80960893
1795746326.18108 5424199883021.58 -1284413074712.25 -1177.56632704236 852.917976211611 -22756327.2740276 2973874.64624106
1798719667.75953 5420679556505.38 -1281872250429.89 -1189.93840347115 855.845650120167 -22756327.2740276 2973341.57844287
1801692476.36572 5417123050022.86 -1279323176600.79 -1202.327044601 858.773339843608 -22756327.2740276 2972808.60619721
1804610584.81337 5413596766929.15 -1276812989881.56 -1214.5040147614 861.64720113733 -22756327.2740276 2918108.44765058
1807587627.17751 5410034923189 -1274294416081.5 -1226.69947314263 864.521644543977 -22756327.2740276 2977042.36413641
1810453694.45731 5406501933400.2 -1271812592460.38 -1238.69562905771 867.345421684147 -22756327.2740276 2866067.27979937
1813321844.01338 5402934535760.47 -1269322674822.44 -1250.71000272276 870.16981882077 -22756327.2740276 2868149.55606492
1816194349.99163 5399330048393.44 -1266822843530.49 -1262.7515348824 872.996917736982 -22756327.2740276 2872505.97825198
1819068942.92404 5395685443783 -1264311087257.49 -1274.8300294766 875.828991491901 -22756327.2740276 2874592.93240805
1821945624.32683 5392003430783.81 -1261789361093.05 -1286.93620267536 878.663834279586 -22756327.2740276 2876681.40279339
1824824395.71734 5388283876987.94 -1259257643863.69 -1299.07030009398 881.50147871658 -22756327.2740276 2878771.39050959
1827705258.614 5384526649046.17 -1256715914270.4 -1311.23256974605 884.341957626483 -22756327.2740276 2880862.89665902
1830588214.53634 5380731612658.71 -1254164150887.76 -1323.4232620777 887.185304042686 -22756327.2740275 2882955.92234488
1833420254.8371 5376966632142.05 -1251647647392.74 -1335.42665170479 889.981276481423 -22756327.2740275 2832040.30075956
1836312696.9667 5373167630221.52 -1249123224416.07 -1347.44936793277 892.778083495554 -22756327.2740275 2892442.12960191
1839204620.62531 5369252428343.29 -1246536783337.96 -1359.74865831897 895.635432095482 -22756327.2740275 2891923.65860335
1841995298.29725 5365441227510.3 -1244033505812.97 -1371.63472397159 898.393133008716 -22756327.2740275 2790677.67194321
1844845495.61482 5361596829552.94 -1241522531192.37 -1383.5401332059 901.1517280733 -22756327.2740275 2850197.31756749
1847598140.65734 5357772250334.96 -1239038234348.51 -1395.30242735684 903.87363062541 -22756327.2740275 2752645.04252438
1850412226.02152 5353915267323.92 -1236546443808.31 -1407.08391405295 906.596456556943 -22756327.2740275 2814085.36417767
1853174531.76044 5350012119817.05 -1234038372280.51 -1418.92623113403 909.329793596999 -22756327.2740275 2762305.73892249
1855938844.39003 5346076233036.16 -1231522749087.69 -1430.78825465886 912.064114351511 -22756327.2740275 2764312.62959072
1858705165.36835 5342104656991.24 -1228997735570.66 -1442.67881641106 914.801433575303 -22756327.2740275 2766320.9783199
1861473496.15452 5338097262618.83 -1226463311075.18 -1454.59816014286 917.541782176095 -22756327.2740275 2768330.78616937
1864246031.7485 5334053919951.05 -1223919454830.06 -1466.54653202764 920.285191269151 -22756327.2740275 2772535.5939809
1866969601.84425 5330043646844.95 -1221409316861.61 -1478.32178878762 922.985313461123 -22756327.2740275 2723570.0957432
1869695150.68815 5326001275668.52 -1218891823444.72 -1490.11714884754 925.686524189973 -22756327.2740275 2725548.84390724
1872422679.71784 5321923779453.71 -1216365134529.13 -1501.94139522757 928.390813550501 -22756327.2740275 2727529.02968594
1875154351.58169 5317811030175.34 -1213829229643.63 -1513.79477176211 931.0982119429 -22756327.2740275 2731671.86385428
1877888008.07987 5313659601595.12 -1211282070043.87 -1525.68694169523 933.810896634383 -22756327.2740275 2733656.49817444
1880623650.65425 5309472607285.5 -1208725639983.16 -1537.60877705189 936.526755268053 -22756327.2740275 2735642.5743857
1883310979.29466 5305324776522.56 -1206205296110.43 -1549.34926522085 939.197786963787 -22756327.2740275 2687328.640402
1886055623.34986 5301145367425.27 -1203677772671.02 -1561.11046331121 941.870033606882 -22756327.2740275 2744644.05520636
1888751794.49675 5296920415596.68 -1201134714194.15 -1572.93136689251 944.552320077815 -22756327.2740275 2696171.14689092
1891505469.65166 5292663564004.96 -1198584422100.77 -1584.77350663442 947.235881703449 -22756327.2740275 2753675.15490257
1894162738.88755 5288436864028.95 -1196063845896.01 -1596.46575225031 949.881996634194 -22756327.2740274 2657269.23589769
1896879319.6126 5284179066735.83 -1193536236543.9 -1608.17900809266 952.529400960852 -22756327.2740274 2716580.7250475
1899547923.05325 5279871755326.03 -1190990764336.13 -1619.96356363581 955.189420607396 -22756327.2740274 2668603.44064629
1902220579.82619 5275532966860.66 -1188438191792.9 -1631.7696989375 957.850791980677 -22756327.2740274 2672656.77294646
1904895178.35738 5271155981404.66 -1185874621983.76 -1643.61559377707 960.517586430391 -22756327.2740274 2674598.53118901
1907522541.04787 5266822285572.87 -1183347548465.07 -1655.28221936262 963.140558244367 -22756327.2740274 2627362.69048427
1910153894.43022 5262457909088.98 -1180813581633.63 -1666.97033986473 965.764915423802 -22756327.2740274 2631353.3823553
1912787159.56278 5258056096093.65 -1178268853260.03 -1678.69795121142 968.394672268079 -22756327.2740274 2633265.13255494
1915422337.83447 5253620163051 -1175715346817.42 -1690.45605697064 971.027781029791 -22756327.2740274 2635178.27169339
1918116334.51469 5249149982016.26 -1173153042021.79 -1702.24490929977 973.664271571814 -22756327.2740274 2693996.68021515
1920714058.24197 5244712901814.63 -1170620353893.58 -1713.88813871139 976.26475182287 -22756327.2740274 2597723.72728798
1923369764.37488 5240245547222.52 -1168080908522.96 -1725.55334054668 978.866709108568 -22756327.2740274 2655706.13290342
1925978568.324 5235728611620.26 -1165523827072.39 -1737.29060804501 981.481275943221 -22756327.2740274 2608803.94912159
1928591334.77618 5231181026410.29 -1162959922726.93 -1749.05043094304 984.097382221082 -22756327.2740274 2612766.4521862
1931159644.39248 5226674032540.22 -1160429146982.59 -1760.64994346416 986.674408987892 -22756327.2740274 2568309.61629724
1933731855.00515 5222137219002.5 -1157891750662.69 -1772.27170373637 989.252976136074 -22756327.2740274 2572210.61266335
1936358925.79234 5217563569324.63 -1155343860635.09 -1783.93360972022 991.837027956065 -22756327.2740274 2627070.78719226
1938939600.12198 5212944695839.42 -1152780905289.56 -1795.65670837986 994.431183974146 -22756327.2740274 2580674.32963916
1941522149.3821 5208295539145.58 -1150211253175.8 -1807.40286471061 997.026968800647 -22756327.2740274 2582549.26012094
1944060755.95896 5203692563928.5 -1147676951119.96 -1818.98023934783 999.582052809679 -22756327.2740273 2538606.57686416
1946653506.00261 5199060169537.58 -1145136160654.96 -1830.58031596417 1002.1387606401 -22756327.2740273 2592750.0436477
1949198549.02665 5194386440754.13 -1142582410927.57 -1842.23278881261 1004.7036047194 -22756327.2740273 2545043.02404217
1951745441.09406 5189683026429.27 -1140022131428.85 -1853.90847466153 1007.27012885684 -22756327.2740273 2546892.06740592
1954247352.73297 5185030329188.73 -1137498872640.4 -1865.40911088735 1009.79481859013 -22756327.2740273 2501911.63890973
1956753064.51659 5180348829867.22 -1134969295217.01 -1876.93256612487 1012.32117835566 -22756327.2740273 2505711.78362351
1959314704.95632 5175631294604.47 -1132429538370.2 -1888.49658971954 1014.85307247164 -22756327.2740273 2561640.43972626
1961831104.49789 5170864446206.11 -1129872561533.86 -1900.13336666633 1017.39749880914 -22756327.2740273 2516399.54157175
1964349332.27255 5166068285277.11 -1127309179694.54 -1911.79382245137 1019.94368536498 -22756327.2740273 2518227.77466208
1966823085.85618 5161324776319.94 -1124782992607.89 -1923.27994241547 1022.44846002801 -22756327.2740273 2473753.58362553
1969300596.81535 5156552824787.32 -1122250607169.91 -1934.78933483431 1024.95498162217 -22756327.2740273 2477510.95916902
1971835508.19078 5151745059771.08 -1119708158458.31 -1946.33973039797 1027.46708422976 -22756327.2740273 2534911.37543557
1974325650.72763 5146883917245.34 -1117146473396.28 -1957.97293520094 1029.993806894 -22756327.2740273 2490142.5368475
1976817602.42113 5141993776314.24 -1114578494148.35 -1969.63032296739 1032.52236979709 -22756327.2740273 2491951.69350577
1979313339.13123 5137070991992.68 -1112002343528.28 -1981.32059438673 1035.05463571106 -22756327.2740273 2495736.71009381
1981764998.86293 5132199344924.41 -1109461685935.61 -1992.84588241804 1037.54780253878 -22756327.2740273 2451659.73169714
1984220382.41189 5127299412345.08 -1106914913679.92 -2004.39520907824 1040.04282195766 -22756327.2740273 2455383.54896731
1986677549.86416 5122363627942.69 -1104358139956.79 -2015.98637240705 1042.54351082734 -22756327.2740273 2457167.45227023
1989138449.49936 5117395735678.79 -1101793359487.37 -2027.61049970349 1045.04792289447 -22756327.2740273 2460899.63519764
1991602147.39556 5112391639691.85 -1099218513220.09 -2039.27709627241 1047.55807364772 -22756327.2740273 2463697.89619493
1994023158.67623 5107440608598.08 -1096679372076.64 -2050.7790243602 1050.02944991176 -22756327.2740273 2421011.2806721
1996446922.8613 5102461701668.48 -1094134245384.8 -2062.30538743974 1052.50274530885 -22756327.2740272 2423764.18507495
1998873443.08108 5097449150355.43 -1091580224213.61 -2073.86953577364 1054.98079808693 -22756327.2740272 2426520.2197741
2001302722.46941 5092402792528.81 -1089017280042.82 -2085.47177295533 1057.46364087506 -22756327.2740272 2429279.38832896
2003689911.58546 5087410728669.96 -1086489996937.64 -2096.91050180532 1059.90818753779 -22756327.2740272 2387189.11605683
2006080726.5946 5082391329139.52 -1083956875909.3 -2108.37378022627 1062.35468825601 -22756327.2740272 2390815.00913759
2008475173.00417 5077336848670.45 -1081414051397.62 -2119.87927650048 1064.80688558016 -22756327.2740272 2394446.40957448
2010923064.57479 5072247090775.88 -1078861486085.03 -2131.42733355132 1067.26481649562 -22756327.2740272 2447891.57061526
2013287173.38752 5067194662681.99 -1076335485365.34 -2142.85390678249 1069.69359984184 -22756327.2740272 2364108.81273372
2015704050.21198 5062115191564.94 -1073803740373.59 -2154.30535213346 1072.1243866736 -22756327.2740272 2416876.82445838
2018079051.65394 5056985027039.34 -1071254541533.33 -2165.8348074631 1074.56841273014 -22756327.2740272 2375001.44195673
2020457660.47716 5051827449787.04 -1068699535678.36 -2177.38977404769 1077.01450506685 -22756327.2740272 2378608.82322252
2022839882.16089 5046634502489.44 -1066134823834.56 -2188.98806934996 1079.46640617723 -22756327.2740272 2382221.68372692
2025225722.19268 5041405985957.2 -1063560368528.89 -2200.63004879506 1081.92415387402 -22756327.2740272 2385840.03179233
2027570966.59502 5036231505789.94 -1061020152638.67 -2212.11700986689 1084.34584891207 -22756327.2740272 2345244.4023353
2029968557.94663 5031030055799.75 -1058474254820.54 -2223.6296673234 1086.7696464691 -22756327.2740272 2397591.35161828
2032323805.65608 5025779216158.65 -1055911774508.29 -2235.21750058507 1089.20592051768 -22756327.2740272 2355247.70944566
2034682630.74292 5020501053325.96 -1053343553622.01 -2246.83167134585 1091.64435957146 -22756327.2740272 2358825.08683721
2037044138.02294 5015187425578.91 -1050765673074.6 -2258.49009501381 1094.08869483797 -22756327.2740271 2361507.28002604
2039409232.188 5009840176959.37 -1048179083034.66 -2270.18867050781 1096.53803014184 -22756327.2740271 2365094.16505714
2041694033.74418 5004640291347.97 -1045671001963.67 -2281.53307691147 1098.90994324907 -22756327.2740271 2284801.55618361
2044030843.8602 4999414456815.43 -1043157499121.57 -2292.90308040986 1101.28397848326 -22756327.2740271 2336810.11601536
2046327165.84854 4994136067796.01 -1040625854924.82 -2304.35640930655 1103.67214342211 -22756327.2740271 2296321.988341
2048627785.58583 4988831348125.45 -1038088724226.52 -2315.83600635 1106.06249446036 -22756327.2740271 2300619.73728823
2050931899.72628 4983490234865.16 -1035541338110.88 -2327.3636405 1108.45953302111 -22756327.2740271 2304114.14044664
2053239513.57752 4978114396973.69 -1032984552956.4 -2338.93563450728 1110.86245510289 -22756327.2740271 2307613.85124162
2055507862.83617 4972795928096.62 -1030462043806.25 -2350.35446376736 1113.23029226371 -22756327.2740271 2268349.25865092
2057780457.49058 4967451527356.36 -1027934161063.38 -2361.79975254642 1115.60034692129 -22756327.2740271 2272594.65441328
2060056503.98095 4962071058973.02 -1025396153428.06 -2373.29320607637 1117.97708225802 -22756327.2740271 2276046.49037272
2062336810.27307 4956656207994.47 -1022848874571.56 -2384.83115997006 1120.35970117553 -22756327.2740271 2280306.29211548
2064620580.11432 4951204856873.82 -1020291387474.87 -2396.41806370934 1122.74908267514 -22756327.2740271 2283769.84125407
2066907818.76549 4945718712267.73 -1017724552220.5 -2408.0502295659 1125.14442598735 -22756327.2740271 2287238.65116517
2069155428.17597 4940293465074.52 -1015193015589.06 -2419.52546070335 1127.50414284587 -22756327.2740271 2247609.410477
2071407244.16593 4934842395469.19 -1012656172651.12 -2431.02793392669 1129.86616316203 -22756327.274027 2251815.9899666
2073663274.60834 4929355167121.29 -1010109255378.65 -2442.57946962035 1132.23493541057 -22756327.274027 2256030.44240375
2075880918.16199 4923925757184.14 -1007595773057.95 -2453.98285358393 1134.57006175954 -22756327.274027 2217643.55365044
2078102712.21165 4918471028537.55 -1005077109707.87 -2465.41339035826 1136.90749262764 -22756327.274027 2221794.04965947
2080327880.93641 4912980640441.86 -1002548531744.61 -2476.89276275126 1139.25162995995 -22756327.274027 2225168.72476054
2082515826.69637 4907548941938.67 -1000053383517.48 -2488.22430405934 1141.56235638311 -22756327.274027 2187945.75995952
2084707867.37056 4902092421078.67 -997553177029.672 -2499.58290011804 1143.8753865901 -22756327.274027 2192040.67418941
2086950694.51925 4896600736192.81 -995043213656.884 -2510.99009610974 1146.1950763536 -22756327.274027 2242827.14869764
2089117957.91773 4891146513293.65 -992556619654.439 -2522.29546652025 1148.49085930085 -22756327.274027 2167263.39847564
2091334554.3744 4885667759276.79 -990065047575.107 -2533.62800474757 1150.78896234447 -22756327.274027 2216596.45666869
2093513434.92086 4880134849180.04 -987555096687.092 -2545.04888709302 1153.10174281597 -22756327.274027 2178880.54646029
2095696393.41528 4874577024002.92 -985040103931.438 -2556.49765646964 1155.41690889197 -22756327.274027 2182958.49442327
2097883437.48987 4868983750636.33 -982515342898.065 -2567.99603640888 1157.73882086511 -22756327.274027 2187044.07458968
2100033896.35467 4863449176538.25 -980023211633.03 -2579.3510269371 1160.0285461117 -22756327.274027 2150458.86480273
2102234178.30242 4857890154144.42 -977526153848.499 -2590.73381989799 1162.32065514962 -22756327.274027 2200281.94774287
2104437802.25061 4852176969974.47 -974966138353.573 -2602.40933610122 1164.66835727625 -22756327.274027 2203623.94818865
2106567695.68354 4846622054332.95 -972483096522.07 -2613.73950136141 1166.94337218427 -22756327.274027 2129893.43293945
2108746935.72753 4841042976957.87 -969995206601.048 -2625.09758059287 1169.22078506148 -22756327.2740269 2179240.04398134
2110889721.10875 4835405688309.83 -967487360447.688 -2636.5527935898 1171.51442259464 -22756327.2740269 2142785.38121916
2112996661.64641 4829838737913.33 -965016671247.413 -2647.84435557621 1173.7720975025 -22756327.2740269 2106940.53766472
2115108226.47899 4824247967459.51 -962541222730.295 -2659.16386801286 1176.03217728979 -22756327.2740269 2111564.83257911
2117267856.51252 4818620968543.13 -960055561015.312 -2670.53648144765 1178.29964983211 -22756327.2740269 2159630.03353128
2119431528.46515 4812841011444.94 -957508363240.477 -2682.19745509431 1180.62127579177 -22756327.2740269 2163671.95263067
2121522303.50859 4807221313365.63 -955037597968.232 -2693.51527211426 1182.87134810309 -22756327.2740269 2090775.04343913
2123617667.36706 4801577922645.52 -952562125747.498 -2704.86147001287 1185.12386623784 -22756327.2740269 2095363.85846626
2125717630.11204 4795898315357.17 -950076492771.026 -2716.26126249711 1187.38380158898 -22756327.2740269 2099962.74498501
2127821523.10406 4790182246676.07 -947580650736.902 -2727.71511429919 1189.6512010554 -22756327.2740269 2103892.99201583
2129928611.69168 4784431328845.27 -945075360046.071 -2739.21978000778 1191.92537793462 -22756327.2740269 2107088.58761867
2132039643.86291 4778647384972.31 -942561465852.349 -2750.77161948753 1194.20557119057 -22756327.2740269 2111032.17122982
2134154626.99848 4772828175220.36 -940038045909.943 -2762.37511574821 1196.49262370827 -22756327.2740269 2114983.13557086
2136233623.1984 4767073303413.47 -937548198768.055 -2773.83213435573 1198.74752443144 -22756327.2740269 2078996.19992749
2138316510.40481 4761294581766.42 -935053661042.912 -2785.31876465407 1201.00498086379 -22756327.2740268 2082887.20640433
2140403295.90002 4755481065934.12 -932549745480.364 -2796.856816644 1203.26924514467 -22756327.2740268 2086785.49520876
2142493986.97999 4749632538153.45 -930036411464.675 -2808.44673072168 1205.54035985616 -22756327.2740268 2090691.07997025
2144549704.65789 4743847403534.48 -927555858995.454 -2819.89394676009 1207.78023926196 -22756327.2740268 2055717.67790254
2146609269.77467 4738038706023.15 -925070699321 -2831.37101808734 1210.02269577306 -22756327.2740268 2059565.11677691
2148672689.53111 4732195446168.96 -922576262989.172 -2842.89973858945 1212.27195329072 -22756327.2740268 2063419.75643865
2150701592.08437 4726415933253.64 -920114431363.851 -2854.28657303315 1214.49029204341 -22756327.2740268 2028902.55326705
2152734291.88988 4720613287414.39 -917648096343.635 -2865.70316206293 1216.71119866268 -22756327.2740268 2032699.80550634
2154770796.05448 4714776522748.58 -915172624088.698 -2877.1711836762 1218.9388562508 -22756327.2740268 2036504.16460472
2156811769.92086 4708905426680.09 -912687975245.092 -2888.69107748655 1221.17330665396 -22756327.2740268 2040973.8663752
2158819138.68639 4703095336396.29 -910234417327.109 -2900.07617569792 1223.37837880175 -22756327.2740268 2007368.76553549
2160873015.34014 4697262361923.95 -907776430420.362 -2911.49129925698 1225.58604039342 -22756327.2740267 2053876.65375119
2162891944.79942 4691372651205.32 -905299815057.054 -2923.002679691 1227.80904728504 -22756327.2740267 2018929.45927249
2164877632.12405 4685557216105.82 -902859597289.745 -2934.3546011068 1229.99804455496 -22756327.2740267 1985687.32463036
2166909325.00865 4679719209837.23 -900415030290.02 -2945.73657765165 1232.18963173501 -22756327.2740267 2031692.88460061
2168907565.60589 4673821450145.25 -897950613252.723 -2957.22108029144 1234.39770733908 -22756327.2740267 1998240.59724546
2170872904.71534 4667998383543.78 -895522466952.185 -2968.54662803654 1236.57202195081 -22756327.2740267 1965339.10944165
2172884502.44095 4662153028843.52 -893090044841.643 -2979.90229153365 1238.74892896899 -22756327.2740267 2011597.72561301
2174862449.8503 4656247611113.23 -890637695721.783 -2991.36144102592 1240.94243766491 -22756327.2740267 1977947.4093466
2176844738.44155 4650319497201.43 -888181005326.151 -3002.85155708838 1243.13860978776 -22756327.2740267 1982288.59125584
2178830737.04331 4644355539629.16 -885714562120.859 -3014.3981968349 1245.34229337431 -22756327.2740267 1985998.60176371
2180820452.59917 4638357435580.5 -883239119466.003 -3025.99811493731 1247.55282250445 -22756327.2740267 1989715.55585084
2182776883.88705 4632426074429.3 -880796235721.583 -3037.45656459142 1249.73312369008 -22756327.2740267 1956431.28788709
2184738183.19184 4626472265095.88 -878349083748.295 -3048.94624591515 1251.91610575392 -22756327.2740267 1961299.30478512
2186703787.13942 4620481047769.04 -875891553280.821 -3060.49610267514 1254.10722937168 -22756327.2740266 1965603.9475781
2188637026.96908 4614553345068.85 -873464973396.265 -3071.91190590922 1256.2696793538 -22756327.2740266 1933239.82966481
2190574509.85684 4608603542767.01 -871034210396.415 -3083.35890438926 1258.43480239381 -22756327.2740266 1937482.88776389
2192516245.11533 4602618448699.99 -868593910275.5 -3094.8625613518 1260.60737786522 -22756327.2740266 1941735.25849027
2194462811.82388 4596597826108.96 -866144028362.558 -3106.42338014905 1262.78745277906 -22756327.2740266 1946566.70854341
2196413650.84024 4590539659643.54 -863683798997.679 -3118.04527729241 1264.97571551087 -22756327.2740266 1950839.01636127
2198331855.92137 4584547599658.62 -861255245783.664 -3129.52973267396 1267.13482035478 -22756327.2740266 1918205.0811318
2200254271.06247 4578533479579.14 -858822548354.284 -3141.04608493091 1269.29664904247 -22756327.2740266 1922415.1410945
2202180905.50373 4572483965323.08 -856380348528.854 -3152.61995804097 1271.46597397315 -22756327.2740266 1926634.44126049
2204075817.46889 4566499194041.04 -853969004361.998 -3164.06007881353 1273.60697727381 -22756327.2740266 1894911.96516882
2205975943.38001 4560492714608.19 -851553600615.138 -3175.53203941568 1275.75069320837 -22756327.2740266 1900125.91111487
2207880797.20828 4554447849347.12 -849127469228.804 -3187.06777850123 1277.90304984032 -22756327.2740265 1904853.82826737
2209789831.79329 4548365910935.56 -846691193448.794 -3198.66484402853 1280.06353671655 -22756327.2740265 1909034.58501547
2211667433.68787 4542349334973.73 -844285742334.551 -3210.12820349123 1282.19585147942 -22756327.2740265 1877601.89457643
2213549707.45506 4536311205177.95 -841876285016.856 -3221.62378103443 1284.33090169144 -22756327.2740265 1882273.76718814
2215401438.17687 4530335104199.3 -839496098415.479 -3232.99275516679 1286.43923023836 -22756327.2740265 1851730.72180918
2217296753.4894 4524337921528.23 -837112005264.205 -3244.39353767499 1288.55025449118 -22756327.2740265 1895315.31253012
2219196228.62362 4518177688312.04 -834667746408.288 -3256.09585137867 1290.71377636284 -22756327.2740265 1899475.13422619
2221063929.04554 4512085481961.63 -832255086595.61 -3267.66075464252 1292.84857470917 -22756327.2740265 1867700.42192012
2222936276.70311 4505971644964.52 -829838437010.076 -3279.25875845071 1294.98617000513 -22756327.2740265 1872347.65756323
2224812733.77315 4499820821655.14 -827411764345.44 -3290.91909740418 1297.13190992221 -22756327.2740265 1876457.07004832
2226658294.54899 4493736599024.55 -825015874707.518 -3302.4456684919 1299.24973865451 -22756327.2740264 1845560.77583346
2228508447.47232 4487631072935.52 -822616073920.855 -3314.00530187034 1301.37035229976 -22756327.2740264 1850152.92333116
2230328578.56478 4481588749015.73 -820245503890.695 -3325.43828281376 1303.46449152143 -22756327.2740264 1820131.0924581
2232192153.08063 4475525585901.56 -817871119758.438 -3336.90390670276 1305.56137431269 -22756327.2740264 1863574.51585358
2234025043.41647 4469398800359.89 -815476231655.407 -3348.48314024029 1307.67574656666 -22756327.2740264 1832890.33583573
2235827754.79432 4463352161902.59 -813116993219.926 -3359.90449505185 1309.75805369359 -22756327.2740264 1802711.37784971
2237673493.8167 4457284904558.23 -810753998515.927 -3371.35859765388 1311.84310374668 -22756327.2740264 1845739.02238162
2239489282.63115 4451152729575.85 -808370059635.856 -3382.92914513602 1313.94606973074 -22756327.2740264 1815788.81444639
2241310067.68019 4444999514341.6 -805982299657.842 -3394.5334185851 1316.05185379712 -22756327.2740264 1820785.04904831
2243101307.44133 4438908813740.62 -803623072690.264 -3406.01409906892 1318.1319467091 -22756327.2740264 1791239.76113757
2244897475.88911 4432797518686.64 -801260117293.05 -3417.52809588836 1320.21481655622 -22756327.2740264 1796168.44777984
2246735921.14622 4426648668360.69 -798886911257.704 -3429.10747939946 1322.30622331177 -22756327.2740263 1838445.25711304
2248544095.9823 4420437677911.86 -796494044816.889 -3440.79861311486 1324.41446556616 -22756327.2740263 1808174.83607952
2250356769.94172 4414205516494.73 -794097363701.659 -3452.52447164302 1326.525590883 -22756327.2740263 1812673.95941246
2252140030.22924 4408038430164.54 -791729964775.749 -3464.12303041492 1328.61046872285 -22756327.2740263 1783260.28752014
2253965263.5039 4401850630050.03 -789358845441.077 -3475.75587858073 1330.69818575032 -22756327.2740263 1825233.27466405
2255744747.91837 4395655222794.06 -786989033051.807 -3487.39853452381 1332.78432989275 -22756327.2740263 1779484.41446924
2257528660.0683 4389439066810.62 -784615505857.571 -3499.07585388786 1334.87333619364 -22756327.2740263 1783912.14993485
2259299850.96204 4383231216750.09 -782249346857.877 -3510.73343203712 1336.95546605185 -22756327.2740263 1771190.89373616
2261058830.74666 4377045700290.51 -779895848550.683 -3522.34514320597 1339.02608189811 -22756327.2740262 1758979.78461772
2262822650.45296 4370839728634.46 -777538705569.627 -3533.99149886949 1341.09954595758 -22756327.2740262 1763819.70630578
2264573892.1843 4364640677018.47 -775188306420.693 -3545.62129644459 1343.16673509185 -22756327.2740262 1751241.73133485
2266347354.85813 4358421228328.53 -772834284624.301 -3557.28595549978 1345.23678173053 -22756327.2740262 1773462.67382759
2268095566.36163 4352192136092.21 -770480717811.104 -3568.96546503306 1347.30611378905 -22756327.2740262 1748211.50350197
2269848127.78695 4345942594812.7 -768123530851.088 -3580.68024389296 1349.37832791151 -22756327.2740262 1752561.42531781
2271588606.54016 4339700321765.04 -765773169107.125 -3592.37850706577 1351.44425631738 -22756327.2740262 1740478.75321453
2273333874.30854 4333437657292.26 -763419209145.288 -3604.11226113736 1353.51307574441 -22756327.2740262 1745267.76838058
2275054292.35534 4327227075168.68 -761088839667.863 -3615.7459162601 1355.56090818542 -22756327.2740262 1720418.04679717
2276779444.21925 4320996448049.45 -758754944606.092 -3627.41477606835 1357.61159908546 -22756327.2740261 1725151.86391665
2278508888.6277 4314728488138.59 -756411082608.099 -3639.15136092637 1359.6708198026 -22756327.2740261 1729444.4084477
2280214161.92448 4308512823662.14 -754090734698.993 -3650.78802513258 1361.70917071002 -22756327.2740261 1705273.29677684
2281923678.30369 4302277285365.76 -751766908409.807 -3662.46006780748 1363.75037989937 -22756327.2740261 1709516.37920751
2283621408.77595 4296049526099.01 -749449900765.995 -3674.1158914548 1365.7854162546 -22756327.2740261 1697730.47226767
2285323363.5625 4289801948205.7 -747129435748.302 -3685.80731258966 1367.82331878662 -22756327.2740261 1701954.78654769
2287030397.90276 4283518871412.84 -744799721729.378 -3697.56382531857 1369.86918566754 -22756327.2740261 1707034.34025908
2288713574.3396 4277285409071.94 -742492285403.074 -3709.22634319339 1371.89534562953 -22756327.2740261 1683176.43684059
2290419042.14969 4271032286573.02 -740181436281.948 -3720.92465112457 1373.92437210412 -22756327.2740261 1705467.81008733
2292112348.09802 4264721633077.18 -737853231700.349 -3732.72974784895 1375.96851855492 -22756327.2740261 1693305.94833223
2293793979.89888 4258434673049.37 -735537650346.043 -3744.48985090033 1378.00147641428 -22756327.274026 1681631.80085377
2295464018.03724 4252171454815.75 -733234647465.684 -3756.20504293708 1380.02329934766 -22756327.274026 1670038.13836945
2297138651.36987 4245888641479.33 -730928265655.244 -3767.95654961825 1382.04800958516 -22756327.274026 1674633.33262721
2298801739.28951 4239612442045.04 -728628119678.09 -3779.69551143353 1384.06717917382 -22756327.274026 1663087.91963395
2300469403.27952 4233316689321.49 -726324613238.559 -3791.47103409839 1386.08924469271 -22756327.274026 1667663.99001394
2302125569.90523 4227027645746.18 -724027349024.19 -3803.23415885776 1388.10578910236 -22756327.274026 1656166.62571121
2303786679.42801 4220719090033.33 -721726742673.432 -3815.03409312039 1390.12523791758 -22756327.274026 1661109.52278275
2305452359.57752 4214372045071.38 -719415908105.314 -3826.90650066991 1392.15364772432 -22756327.274026 1665680.14950392
2307094759.79926 4208077067870.74 -717127785687.448 -3838.68215034108 1394.16211628475 -22756327.274026 1642400.22173929
2308725836.83252 4201806319384.17 -714852171234.229 -3850.41326559446 1396.15961259229 -22756327.2740259 1631077.03325931
2310361781.88193 4195516406570.75 -712573296363.526 -3862.1811809128 1398.1599895663 -22756327.2740259 1635945.04941541
2312002228.31675 4189188410466.65 -710284340331.815 -3874.02146327664 1400.16924634367 -22756327.2740259 1640446.43481755
2313620133.28708 4182911114354.92 -708017390135.571 -3885.768143294 1402.15922814115 -22756327.2740259 1617904.97033085
2315242866.96101 4176614783306.88 -705747218009.004 -3897.55186129026 1404.15209144762 -22756327.2740259 1622733.67392608
2316870065.66857 4170280479883.7 -703467029391.773 -3909.4082343984 1406.15381282352 -22756327.2740259 1627198.70756153
2318486045.99134 4163953387836.18 -701193099898.629 -3921.25285628788 1408.15011592476 -22756327.2740259 1615980.32277551
2320090885.27217 4157650943378.16 -698931652516.173 -3933.05322636053 1410.13554787996 -22756327.2740259 1604839.28082207
2321700140.3493 4151329531119.96 -696667016511.522 -3944.89115875192 1412.12387744339 -22756327.2740259 1609255.07713141
2323298300.75029 4145015517156.95 -694408631899.156 -3956.71743660537 1414.10682727311 -22756327.2740258 1598160.40099246
2324901230.9264 4138682572723.16 -692147075895.899 -3968.58153292107 1416.09268178533 -22756327.2740258 1602930.17611247
2326508945.11322 4132311651051.76 -689875579903.293 -3980.51931559102 1418.0873965951 -22756327.2740258 1607714.18682153
2328105575.24725 4125946715771.42 -687609830727.918 -3992.44857886655 1420.07720776123 -22756327.2740258 1596630.13403198
2329706598.58971 4119562703079.74 -685340902210.154 -4004.41646016108 1422.06996515731 -22756327.2740258 1601023.34245944
2331296584.00803 4113186238906.31 -683078252117.367 -4016.37320593695 1424.05737283607 -22756327.2740258 1589985.41831186
2332875607.60087 4106834890628.15 -680828071740.797 -4028.28600340623 1426.03400138731 -22756327.2740258 1579023.59284833
2334459343.85426 4100464701289.51 -678574767911.444 -4040.23744619155 1428.01355795481 -22756327.2740257 1583736.25338128
2336032493.10226 4094099413687.79 -676326736261.953 -4052.18315053325 1429.9886772076 -22756327.2740257 1573149.2480034
2337609970.94985 4087715303114.01 -674075595146.882 -4064.16780253355 1431.96673354683 -22756327.2740257 1577477.84758741
2339176573.20283 4081338994705.73 -671830727955.309 -4076.14157926506 1433.9394919261 -22756327.2740257 1566602.25298214
2340732374.84074 4074988051606.82 -669598276626.118 -4088.07161868502 1435.90156253056 -22756327.2740257 1555801.63791348
2342292819.83231 4068618517452.78 -667362770436.263 -4100.04063316477 1437.86655120289 -22756327.2740257 1560444.99157159
2343842506.65878 4062255475633.75 -665133009126.664 -4112.00164728279 1439.82673277792 -22756327.2740257 1549686.82646765
2345381834.09445 4055916589335.87 -662915143881.174 -4123.92157388729 1441.77670686903 -22756327.2740256 1539327.43567211
2346925397.06729 4049559324361.96 -660694274756.07 -4135.88053576619 1443.72958210136 -22756327.2740256 1543562.97283183
2348473566.86698 4043166051829.82 -658464274008.568 -4147.91189966491 1445.69075885938 -22756327.2740256 1548169.79969315
2349996946.29975 4036838139000.76 -656260462329.552 -4159.82501683188 1447.62918094175 -22756327.2740256 1523379.43276895
2351524872.32078 4030492048218.87 -654053695502.459 -4171.7772481372 1449.57048818371 -22756327.2740256 1527926.02102896
2353042584.41826 4024151430365.99 -651852195320.905 -4183.72420683443 1451.50745689284 -22756327.2740256 1517712.09748765
2354580396.53979 4017792650594.6 -649647753185.167 -4195.71058366899 1453.44731835067 -22756327.2740256 1537812.12152891
2356093584.14871 4011434686626.23 -647446949576.537 -4207.70076945889 1455.38429115671 -22756327.2740255 1513187.60892007
2357596656.35785 4005101233050.48 -645257954119.897 -4219.65018923653 1457.31119104894 -22756327.2740255 1503072.20913732
2359104214.54751 3998749788945.35 -643066060230.891 -4231.63916298825 1459.24097101373 -22756327.2740255 1507558.18965735
2360616272.10628 3992361257539.02 -640864708760.348 -4243.70395346366 1461.17941786599 -22756327.2740255 1512057.55876982
2362104403.68572 3986037181770.98 -638688855998.624 -4255.652899144 1463.09575544159 -22756327.2740255 1488131.57943712
2363596976.65475 3979695294921.43 -636510149344.216 -4267.64151262089 1465.01495830247 -22756327.2740255 1492572.96903637
2365094004.2689 3973316529972.44 -634322069271.084 -4279.70605665653 1466.94278136727 -22756327.2740255 1497027.61414465
2366581024.51005 3966943558745.44 -632139265845.801 -4291.76600989024 1468.86632703106 -22756327.2740254 1487020.24115691
2368058104.2758 3960595406107.04 -629968220227.663 -4303.78546439934 1470.77988836406 -22756327.2740254 1477079.76574218
2369539891.41893 3954229470056.27 -627794346002.598 -4315.84521079588 1472.69632823741 -22756327.2740254 1481787.14313784
2371011773.06902 3947868187901.65 -625625304113.653 -4327.90290321233 1474.60890103598 -22756327.2740254 1471881.65008634
2372488047.61013 3941489128391.54 -623453445021.654 -4340.0012203557 1476.52435986899 -22756327.2740254 1476274.54110643
2373969026.96242 3935073112943.13 -621272269818.142 -4352.17676630371 1478.44844842031 -22756327.2740254 1480979.3522925
2375440106.2216 3928661766597.01 -619095942919.953 -4364.35074551663 1480.36868164059 -22756327.2740254 1471079.25918434
2376901619.20119 3922274347932.55 -616930969015.27 -4376.4866812146 1482.27932403267 -22756327.2740254 1461512.97958429
2378353628.10972 3915910872092.09 -614777306379.266 -4388.58460048835 1484.1804140452 -22756327.2740253 1452008.9085327
2379809970.59826 3909529800176.95 -612620881256.893 -4400.72360244367 1486.08438059075 -22756327.2740253 1456342.48854235
2381256577.68691 3903154909895.37 -610469727303.027 -4412.85861243537 1487.98413791778 -22756327.2740253 1446607.08864523
2382707502.23361 3896762435110.08 -608315823063.718 -4425.03503045303 1489.88677737338 -22756327.2740253 1450924.54670236
2384148991.56477 3890375024363.94 -606166798973.897 -4437.20987738317 1491.78556601945 -22756327.2740253 1441489.33115862
2385595074.84844 3883970033651.32 -604015035720.163 -4449.4264771751 1493.68724327958 -22756327.2740253 1446083.2836661
2387018276.09394 3877628996808.99 -601887880419.146 -4461.52936317167 1495.56764110221 -22756327.2740252 1423201.24550711
2388432222.40573 3871312108937.84 -599771905664.792 -4473.59447214121 1497.43862509657 -22756327.2740252 1413946.3117864
2389865214.6365 3864978132626.67 -597653283448.894 -4485.70068681608 1499.31242692604 -22756327.2740252 1432992.2307672
2391279371.2496 3858626063628.24 -595531694076.066 -4497.85013212847 1501.18933873577 -22756327.2740252 1414156.61310048
2392698034.70723 3852256783927.4 -593407448446.33 -4510.04132916117 1503.06909489607 -22756327.2740252 1418663.45763848
2394121219.37249 3845849852976.75 -591273759931.298 -4522.31365439503 1504.9577126738 -22756327.2740252 1423184.66525869
2395535149.21185 3839446946601.53 -589144522889.914 -4534.58748827038 1506.8429028302 -22756327.2740251 1413929.83935766
2396953827.83121 3833026655726.75 -587012618285.794 -4546.90403793284 1508.73097523626 -22756327.2740251 1418678.61935464
2398350291.17697 3826668552734.01 -584904427098.796 -4559.11069197633 1510.59856575255 -22756327.2740251 1396463.34575936
2399751204.97973 3820293374088.36 -582793625910.887 -4571.35966128374 1512.46899296605 -22756327.2740251 1400913.80276253
2401156299.86707 3813880661039.65 -580673471223.492 -4583.69051453869 1514.34824405779 -22756327.2740251 1405094.88733799
2402552257.5645 3807473421745.18 -578558196432.273 -4596.02076359914 1516.22371170935 -22756327.2740251 1395957.69743271
2403939137.49025 3801090773361.99 -576454082492.431 -4608.31368626196 1518.08982787002 -22756327.274025 1386879.92574903
2405316998.67614 3794732718433.08 -574361086558.397 -4620.56929785361 1519.94662876156 -22756327.274025 1377861.18589624
2406699487.503 3788357747511.44 -572265530267.094 -4632.86772818049 1521.80625256725 -22756327.274025 1382488.82685555
2408086382.25078 3781944304913.47 -570160358714.304 -4645.25083247815 1523.67497148943 -22756327.274025 1386894.74778428
2409455297.97467 3775576930898.34 -568073307974.112 -4657.55549759798 1525.52816801511 -22756327.274025 1368915.72388598
2410828576.3627 3769192683263.72 -565983718433.49 -4669.90342048182 1527.38418712641 -22756327.2740249 1373278.38803225
2412192924.46031 3762812889442.27 -563898571216.84 -4682.25351833319 1529.23683375497 -22756327.2740249 1364348.09760323
2413548610.76 3756456879800.72 -561824156378.768 -4694.56843473062 1531.08051934035 -22756327.2740249 1355686.29969052
2414908617.56234 3750084145600.1 -559747240182.299 -4706.9267735262 1532.92700857557 -22756327.2740249 1360006.80234093
2416259990.12822 3743714985587.96 -557674439422.357 -4719.28933977708 1534.77042433819 -22756327.2740249 1351372.56588582
2417615669.44911 3737329089572.46 -555599145624.112 -4731.69572633836 1536.61664928838 -22756327.2740249 1355679.32088802
2418950120.01064 3731006677247.9 -553547388710.557 -4743.99009384324 1538.44252370773 -22756327.2740248 1334450.56152694
2420288823.39761 3724667829780.02 -551493193416.283 -4756.32785737075 1540.27116005537 -22756327.2740248 1338703.38696985
2421618929.2126 3718333207780.57 -549443256079.947 -4768.66897003677 1542.09660233408 -22756327.2740248 1330105.81498933
2422953502.27887 3711982141713.52 -547390888873.689 -4781.05386781835 1543.92481096704 -22756327.2740248 1334573.06627173
2424292448.23217 3705593159327.94 -545329182817.211 -4793.52470976897 1545.76195132853 -22756327.2740248 1338945.95329676
2425610524.90419 3699266784914.38 -543290552753.838 -4805.88534445305 1547.57913881898 -22756327.2740248 1318076.67202836
2426920136.47546 3692964876242.67 -541262641457.007 -4818.21018077159 1549.38737878304 -22756327.2740247 1309611.57126452
2428247519.95301 3686646798191.02 -539232360285.034 -4830.57879884939 1551.19834372321 -22756327.2740247 1327383.4775552
2429557802.1545 3680309245341.72 -537198664165.124 -4842.99790604432 1553.01297381894 -22756327.2740247 1310282.20148542
2430872485.02831 3673955390834.4 -535162588567.74 -4855.46152374565 1554.83035313649 -22756327.2740247 1314682.87380706
2432178821.41239 3667604384166.62 -533130272131.37 -4867.93226362634 1556.6450070436 -22756327.2740247 1306336.38408628
2433476768.09552 3661278002365.42 -531108658333.531 -4880.3674166357 1558.45073418016 -22756327.2740247 1297946.68312469
2434779074.02128 3654935451422.54 -529084699028.109 -4892.84727663684 1560.25919049551 -22756327.2740246 1302305.92576488
2436073016.13095 3648596316930.18 -527064646080.412 -4905.33347999736 1562.06479409496 -22756327.2740246 1293942.1096676
2437371304.03363 3642240996854.52 -525042255019.077 -4917.86481201014 1563.87313077193 -22756327.2740246 1298287.90267416
2438661253.9252 3635889115893.84 -523023772842.638 -4930.40275275843 1565.67861888218 -22756327.2740246 1289949.89157826
2439943014.34864 3629561512373.94 -521015796749.499 -4942.9062172771 1567.47535526174 -22756327.2740246 1281760.42343739
2441229079.65206 3623217853393.63 -519005515933.688 -4955.45501349631 1569.2748037881 -22756327.2740245 1286065.30341822
2442498952.38877 3616917138541.62 -517011603283.922 -4967.93247841132 1571.0602477227 -22756327.2740245 1269872.73671476
2443773184.31513 3610600550239.45 -515015421645.926 -4980.45513657503 1572.84837331983 -22756327.2740245 1274231.92635892
2445051790.39526 3604246265243.6 -513010103443.887 -4993.0665641155 1574.64534243625 -22756327.2740245 1278606.08012807
2446314213.1104 3597934993915.2 -511021110228.487 -5005.60669192915 1576.42833977518 -22756327.2740245 1262422.71513543
2447580875.7585 3591607862821.11 -509029864426.673 -5018.19254300142 1578.21401620906 -22756327.2740245 1266662.64810134
2448839496.78152 3585283939586.39 -507042369322.63 -5030.78636665208 1579.99699169063 -22756327.2740244 1258621.02301995
2450102344.96926 3578944136486.38 -505052628441.416 -5043.42635514069 1581.78264905031 -22756327.2740244 1262848.18774307
2451369528.23294 3572567022076.37 -503053944373.478 -5056.15555955663 1583.5770085323 -22756327.2740244 1267183.26367863
2452617045.00501 3566251515553.36 -501077298447.911 -5068.77658242324 1585.35225339523 -22756327.2740244 1247516.77206732
2453868751.64741 3559920235165.67 -499098436214.864 -5081.44404127571 1587.1301606428 -22756327.2740244 1251706.64240472
2455124755.11931 3553551778803.2 -497110697004.778 -5094.20108336297 1588.91672408236 -22756327.2740243 1256003.47190215
2456353497.85943 3547284598758.83 -495157248293.022 -5106.77027392752 1590.67313586196 -22756327.2740243 1228742.74011849
2457586540.24688 3541001946113.25 -493201639800.929 -5119.38558706688 1592.43215680917 -22756327.2740243 1233042.38744934
2458823815.39361 3534681697882.52 -491237013832.843 -5132.09177316926 1594.19996452394 -22756327.2740243 1237275.14672575
2460053317.98792 3528363964959.03 -489275855849.339 -5144.80845939185 1595.96533069548 -22756327.2740243 1229502.59431073
2461287041.19019 3522030567809.38 -487312525722.558 -5157.57242594571 1597.73333511544 -22756327.2740242 1233723.20226744
2462513087.80967 3515699316727.03 -485352548040.417 -5170.34796875752 1599.4990055427 -22756327.2740242 1226046.61948155
2463731432.41425 3509392293543.59 -483402736888.175 -5183.09056944026 1601.25619958335 -22756327.2740242 1218344.60458342
2464953959.3239 3503069716560.31 -481450783275.558 -5195.88070861593 1603.01600919418 -22756327.2740242 1222526.90965208
2466161319.73356 3496788740574.88 -479514311122.782 -5208.60280469589 1604.76254132624 -22756327.2740242 1207360.40965971
2467361095.51494 3490531977704.59 -477587913468.805 -5221.29196090197 1606.50066208709 -22756327.2740241 1199775.78137979
2468565069.58175 3484259962413.49 -475659428924.667 -5234.02831851722 1608.24134289909 -22756327.2740241 1203974.06680407
2469761480.29325 3477990293676.8 -473734272116.654 -5246.77632751914 1609.97969852198 -22756327.2740241 1196410.71150244
2470962077.51504 3471705344599.96 -471807033990.094 -5259.57201761823 1611.72061517061 -22756327.2740241 1200597.22179004
2472166875.89666 3465382984794.1 -469870956679.57 -5272.46079462648 1613.47020579282 -22756327.2740241 1204798.38161915
2473353048.53362 3459121360067.21 -467956076019.304 -5285.24262414471 1615.20132358009 -22756327.274024 1186172.6369596
2474543371.85554 3452844545457.09 -466039140449.025 -5298.07244707725 1616.93498093278 -22756327.274024 1190323.32192067
2475737781.29172 3446530439633.15 -464113428345.304 -5310.99579336352 1618.677264948 -22756327.274024 1194409.43618086
2476913789.98086 3440277131195.21 -462208836427.604 -5323.81194449535 1620.40112224559 -22756327.274024 1176008.68913682
2478082481.20361 3434047773140.85 -460314085583.271 -5336.59620742899 1622.11674715724 -22756327.274024 1168691.22275337
2479255330.50822 3427803446168.78 -458417328247.068 -5349.42855616421 1623.83486503189 -22756327.2740239 1172849.30461224
2480420882.00506 3421560929986.62 -456523665292.977 -5362.27470173896 1625.5508567452 -22756327.2740239 1165551.49683358
2481590512.02884 3415303412681.09 -454628000810.021 -5375.16943631585 1627.26934134515 -22756327.2740239 1169630.02378532
2482752864.27614 3409048075255.87 -452735543427.759 -5388.07755070015 1628.9855981366 -22756327.2740239 1162352.24730357
2483907984.0314 3402816768208.77 -450852883720.311 -5400.95398382014 1630.69364483206 -22756327.2740238 1155119.75525318
2485055916.29726 3396609471061.3 -448979982439.144 -5413.79871071028 1632.39350808596 -22756327.2740238 1147932.2658613
2486207932.78677 3390387401152.77 -447105128428.49 -5426.69208397251 1634.09581431981 -22756327.2740238 1152016.48950991
2487364048.03117 3384128285641.08 -445221637892.752 -5439.68062568109 1635.8066392659 -22756327.2740238 1156115.24440162
2488505881.23085 3377909704510.68 -443352850297.841 -5452.60347265982 1637.50478106664 -22756327.2740238 1141833.19967621
2489640669.80161 3371714842210.87 -441493669875.249 -5465.49542506755 1639.19485826844 -22756327.2740237 1134788.57076056
2490791279.66785 3365505322465.66 -439632570205.262 -5478.43644719594 1640.88734583877 -22756327.2740237 1150609.86623877
2491924163.55131 3359291548800.46 -437772677152.314 -5491.40508397338 1642.57940246632 -22756327.2740237 1132883.88346126
2493061135.75755 3353063055068.04 -435910865829.243 -5504.42340799073 1644.27387231347 -22756327.2740237 1136972.20624654
2494191093.32516 3346835930628.12 -434051950123.026 -5517.45799521932 1645.96637442964 -22756327.2740236 1129957.5676087
2495325071.16431 3340594049319.37 -432191120599.382 -5530.54280755226 1647.66128785995 -22756327.2740236 1133977.83914981
2496441579.24917 3334411912713.62 -430350557415.036 -5543.52160263435 1649.33840080373 -22756327.2740236 1116508.08485981
2497562059.75371 3328215257400.54 -428508120401.182 -5556.55022182855 1651.0178779008 -22756327.2740236 1120480.50453967
2498686583.82004 3321981902532.59 -426657241686.735 -5569.67568656394 1652.70571201288 -22756327.2740235 1124524.06632393
2499797216.10257 3315788792906.29 -424820763233.472 -5582.73610368797 1654.38107042145 -22756327.2740235 1110632.28253524
2500911799.89929 3309581149955.28 -422982422766.669 -5595.84701664407 1656.05878212286 -22756327.2740235 1114583.79672135
2502012673.09799 3303413655594.52 -421158395610.558 -5608.8929557332 1657.72407857968 -22756327.2740235 1100873.19869479
2503128894.74185 3297231771598.31 -419332533897.18 -5621.98930500157 1659.39169576694 -22756327.2740235 1116221.64386719
2504227973.30279 3291045555258.88 -417507816070.903 -5635.11499445483 1661.05891360511 -22756327.2740234 1099078.56093594
2505330962.27097 3284844884736.14 -415681264565.947 -5648.2917392178 1662.72845277264 -22756327.2740234 1102988.96818187
2506420483.48156 3278683812269.58 -413868784016.251 -5661.40469793681 1664.38576898988 -22756327.2740234 1089521.21058815
2507503332.60612 3272546286161.74 -412065612503.048 -5674.48786718191 1666.0352037453 -22756327.2740234 1082849.12455969
2508601278.88305 3266394565508.97 -410260653675.22 -5687.62179714309 1667.68690282355 -22756327.2740233 1097946.27692746
2509685861.19882 3260218714518.36 -408451011789.754 -5700.82803998466 1669.34351880596 -22756327.2740233 1084582.31576945
2510763801.67371 3254066464026.83 -406650670431.013 -5714.00467976826 1670.99224738787 -22756327.2740233 1077940.47488977
2511845632.19299 3247899982168.91 -404848550626.574 -5727.23284403395 1672.64322972785 -22756327.2740233 1081830.51928797
2512920837.72305 3241734913120.8 -403049229048.099 -5740.47918809054 1674.29227144961 -22756327.2740232 1075205.53005164
2513982956.08732 3235630873142.39 -401270066422.011 -5753.61544567223 1675.92344882814 -22756327.2740232 1062118.36427455
2515059882.57437 3229512853728.09 -399489170126.164 -5766.80294364286 1677.55682284494 -22756327.2740232 1076926.48704472
2516123659.53291 3223371213474.6 -397703752725.075 -5780.06280819879 1679.19495191271 -22756327.2740231 1063776.95854338
2517191275.42291 3217215439938.7 -395916591545.518 -5793.37490419048 1680.83528957435 -22756327.2740231 1067615.89000102
2518252394.68275 3211060909853.25 -394132155750.491 -5806.70619867434 1682.47373175495 -22756327.2740231 1061119.25983746
2519307056.84556 3204929786314.38 -392356854662.414 -5820.00870426475 1684.10438580002 -22756327.2740231 1054662.16280924
2520365525.04658 3198784605427.28 -390579832637.144 -5833.36380719433 1685.73721730952 -22756327.274023 1058468.20102193
2521417552.28273 3192640717265.93 -388805533473.851 -5846.7383694185 1687.36814063349 -22756327.274023 1052027.23615213
2522473421.36265 3186482730761.07 -387029517393.359 -5860.16611954557 1689.00123422517 -22756327.274023 1055869.07992174
2523522824.43781 3180326003082.42 -385256218608.619 -5873.61379622498 1690.63241802563 -22756327.274023 1049403.07515968
2524559494.76772 3174230093279.3 -383502753982.633 -5886.95112058965 1692.24593348805 -22756327.2740229 1036670.32991193
2525589856.77664 3168157550665.89 -381758300970.013 -5900.25971862341 1693.85172285247 -22756327.2740229 1030362.00891554
2526623981.5112 3162071268267.07 -380012192337.861 -5913.6210127159 1695.45959937693 -22756327.2740229 1034124.73456404
2527661919.17248 3155948889666.97 -378258040316.891 -5927.0845146373 1697.07544720867 -22756327.2740228 1037937.6612742
2528683995.13905 3149884136254.25 -376522683268.773 -5940.4441575285 1698.67453612555 -22756327.2740228 1022075.9665689
2529720370.23112 3143805701159.91 -374785690779.581 -5953.85692407728 1700.27568119776 -22756327.2740228 1036375.09207431
2530734697.35904 3137759769296.38 -373060248285.245 -5967.2209481747 1701.86672056683 -22756327.2740228 1014327.12791509
2531763215.20406 3131700255010.12 -371333190929.057 -5980.63814404602 1703.45978587386 -22756327.2740227 1028517.8450242
2532776015.30739 3125636257285.55 -369607120314.829 -5994.08862256488 1705.05247444447 -22756327.2740227 1012800.10332795
2533792514.00295 3119558609669.16 -367879435602.49 -6007.59297677412 1706.64718307369 -22756327.2740227 1016498.69556313
2534812724.79745 3113444987497.18 -366143816637.721 -6021.20126013978 1708.24974633866 -22756327.2740226 1020210.79449571
2535817344.79804 3107389189892.12 -364426878362.219 -6034.70471520382 1709.83558109885 -22756327.2740226 1004620.00059632
2536825668.93829 3101319799198.22 -362708345927.431 -6048.26248883848 1711.42340252486 -22756327.2740226 1008324.14024776
2537827889.18393 3095251307598.94 -360992328145.195 -6061.84244279186 1713.00941001324 -22756327.2740226 1002220.24564259
2538824042.48492 3089206037731.72 -359285122182.308 -6075.39463861652 1714.58777444648 -22756327.2740225 996153.300990189
2539823868.70795 3083147240578.77 -357576342954.677 -6089.00156116944 1716.16808981689 -22756327.2740225 999826.223029287
2540808444.24002 3077145515709.72 -355885876129.581 -6102.50455255817 1717.7319539446 -22756327.2740225 984575.532066853
2541806833.11244 3071130469412.14 -354193868624.972 -6116.06188150029 1719.2977215224 -22756327.2740224 998388.872420045
2542789993.2183 3065110724056.36 -352502754323.846 -6129.65438256723 1720.86313603958 -22756327.2740224 983160.105857513
2543767201.76014 3059114150070.14 -350820351164.793 -6143.21917061001 1722.42095202459 -22756327.2740224 977208.541844891
2544758120.28537 3053104293694.66 -349136424780.707 -6156.83880632519 1723.98063821854 -22756327.2740224 990918.525228507
2545728016.95978 3047126218717.29 -347463590237.988 -6170.41121032981 1725.5305015226 -22756327.2740223 969896.674407483
2546711550.81629 3041134953315.44 -345789251596.375 -6184.0385295433 1727.08220305971 -22756327.2740223 983533.856512089
2547683237.14969 3035119352179.71 -344110313403.031 -6197.7465115199 1728.63860879267 -22756327.2740223 971686.333395739
2548658506.19284 3029090404003.07 -342429861977.271 -6211.51051847695 1730.19685466842 -22756327.2740222 975269.043150826
2549618920.81866 3023118223328.13 -340767415288.104 -6225.1703669331 1731.73883021499 -22756327.2740222 960414.625827857
2550582902.93994 3017132896854.81 -339103486802.227 -6238.88585066316 1733.28259791687 -22756327.2740222 963982.121273101
2551550465.80825 3011112064513.02 -337431885798.095 -6252.70868642883 1734.83389906733 -22756327.2740221 967562.868311364
2552512171.53049 3005092144998.85 -335762741205.47 -6266.55565470568 1736.38332961754 -22756327.2740221 961705.722244632
2553468079.26017 2999095295135.83 -334102182161.46 -6280.3758016496 1737.92518983265 -22756327.2740221 955907.729677405
2554427537.74426 2993085207302.47 -332440148398.926 -6294.25290476974 1739.46881198691 -22756327.274022 959458.484091164
2555381228.67507 2987075810775.66 -330780497709.772 -6308.15505432073 1741.01060633884 -22756327.274022 953690.930811449
2556329146.43365 2981089626862.61 -329129435830.74 -6322.03016021743 1742.54479742171 -22756327.274022 947917.75857921
2557280603.84586 2975090263316.86 -327476918848.955 -6335.96267797082 1744.08070897956 -22756327.2740219 951457.412205585
2558220623.42706 2969127818085.62 -325836732288.285 -6349.83627400963 1745.60551772765 -22756327.2740219 940019.581205336
2559164134.74557 2963152304461.62 -324195111586.186 -6363.76726864128 1747.13200937077 -22756327.2740219 943511.318507336
2560090683.83633 2957249578415.92 -322575610325.636 -6377.55526639693 1748.63826854054 -22756327.2740218 926549.090755325
2561030260.62273 2951334050886.56 -320954712688.623 -6391.39995345499 1750.14615312272 -22756327.2740218 939576.786398479
2561973327.50165 2945322221534.07 -319309596996.366 -6405.49767251322 1751.67689383885 -22756327.2740218 943066.878922886
2562896446.31156 2939402770968.26 -317691896331.444 -6419.40616705048 1753.18243876952 -22756327.2740217 923118.809915404
2563823012.17246 2933470454622.45 -316072805131.962 -6433.37234353977 1754.6895810626 -22756327.2740217 926565.860900069
2564743991.89423 2927539010544.03 -314456078585.297 -6447.36411499777 1756.19481697644 -22756327.2740217 920979.721761782
2565659435.36851 2921630425239.43 -312847696065.817 -6461.32962387458 1757.69256850141 -22756327.2740216 915443.474281694
2566578297.23303 2915709028721.06 -311237941728.121 -6475.35328262916 1759.19187309916 -22756327.2740216 918861.864520884
2567491635.58106 2909788428582.2 -309630520630.228 -6489.40312384088 1760.68927125076 -22756327.2740216 913338.348028826
2568399493.26482 2903890612679.19 -308031389137.894 -6503.42697641753 1762.17920308697 -22756327.2740215 907857.683765908
2569310741.01246 2897980038537.45 -306430904314.571 -6517.50945746302 1763.67064264135 -22756327.2740215 911247.747633253
2570216520.64088 2892070225807.99 -304832732898.721 -6531.61861807975 1765.16016383218 -22756327.2740215 905779.628424313
2571116855.39352 2886183247217.46 -303242830802.928 -6545.70176777165 1766.64220422128 -22756327.2740214 900334.752639441
2572020552.11838 2880283562503.18 -301651593716.323 -6559.84403211742 1768.12570578738 -22756327.2740214 903696.724860437
2572913426.2784 2874420164058.73 -300072222625.135 -6573.92797541575 1769.59834980361 -22756327.2740214 892874.16002015
2573809645.05325 2868544164071.81 -298491536012.909 -6588.07103097809 1771.07241541902 -22756327.2740213 896218.774851959
2574695140.22957 2862704227178.79 -296922612170.952 -6602.15607141464 1772.53569492418 -22756327.2740213 885495.176321912
2575593116.95121 2856851791915.11 -295352391989.566 -6616.30022329111 1774.00035641076 -22756327.2740212 897976.721632687
2576477439.33728 2850994581899.47 -293782956497.289 -6630.48512766058 1775.46444877597 -22756327.2740212 884322.38607417
2577365063.90322 2845124801387.63 -292212225672.897 -6644.72997521016 1776.92990219123 -22756327.2740212 887624.565944124
2578247352.72816 2839255938670.46 -290643814791.775 -6659.0023028955 1778.39333300301 -22756327.2740211 882288.824938804
2579124347.20754 2833409787624.69 -289083535312.313 -6673.24911413364 1779.84930664096 -22756327.2740211 876994.479373604
2579996079.11109 2827586309280.07 -287531352614.428 -6687.47034028022 1781.2978426084 -22756327.2740211 871731.903557913
2580871066.17995 2821750407625.13 -285977906620.455 -6701.75179196827 1782.74766420279 -22756327.274021 874987.068856515
2581740805.80035 2815915410267.8 -284426750839.824 -6716.0611266677 1784.19544364862 -22756327.274021 869739.620398166
2582605326.37912 2810103067218.22 -282883654649.693 -6730.34500798497 1785.63578377192 -22756327.2740209 864520.578773726
2583473085.36313 2804278349241.92 -281339312721.615 -6744.68962575939 1787.07735813262 -22756327.2740209 867758.984004431
2584330467.35625 2798489453567.25 -279806491454.945 -6758.97628538109 1788.50823749205 -22756327.2740209 857381.99312046
2585191064.37583 2792688282763.63 -278272442866.001 -6773.32368918826 1789.94030954498 -22756327.2740209 860597.019577914
2586038575.44317 2786941784913.5 -276754848370.922 -6787.56611203562 1791.35705566917 -22756327.2740208 847511.067344529
2586898032.64876 2781183190913.73 -275236052682.456 -6801.86888590712 1792.77494532195 -22756327.2740208 859457.20558594
2587747210.63492 2775401087272.82 -273713064058.223 -6816.26082689001 1794.19675922992 -22756327.2740207 849177.98616627
2588599572.05163 2769606736190.35 -272188867582.481 -6830.71437727962 1795.61969796903 -22756327.2740207 852361.41670998
2589441739.11548 2763848076083.78 -270676061198.085 -6845.10995814 1797.03198772586 -22756327.2740207 842167.063843686
2590287064.15256 2758077266581.63 -269162064973.208 -6859.5671604286 1798.44535968027 -22756327.2740206 845325.037084993
2591122280.4724 2752342035168.12 -267659388325.849 -6873.96641415852 1799.8481229763 -22756327.2740206 835216.319842627
2591960627.88277 2746594751560.48 -266155539632.72 -6888.42730066083 1801.25192572269 -22756327.2740205 838347.410363704
2592793946.8409 2740848461427.86 -264653938319.918 -6902.9172764339 1802.65356244135 -22756327.2740205 833318.958133853
2593630390.59349 2735090070563.94 -263151168575.505 -6917.46964429926 1804.05620772319 -22756327.2740205 836443.752588828
2594461817.31209 2729332643890.19 -261650645924.167 -6932.05167365673 1805.45665953287 -22756327.2740204 831426.718599273
2595296360.91461 2723563067105.58 -260148958492.859 -6946.69686928763 1806.85808782852 -22756327.2740204 834543.602519916
2596120923.998 2717829067601.06 -258658516676.177 -6961.28408100248 1808.24889730518 -22756327.2740203 824563.08338801
2596940541.30828 2712117515177.33 -257175877715.458 -6975.8464168436 1809.63228827461 -22756327.2740203 819617.310282423
2597755242.51047 2706428367144.49 -255701007664.008 -6990.38380008781 1811.00827982082 -22756327.2740203 814701.202186227
2598572997.89533 2700727349970.35 -254225016230.761 -7004.98391437064 1812.38515223717 -22756327.2740202 817755.384858515
2599385848.34001 2695027403965.95 -252751259536.535 -7019.61390777355 1813.75975971771 -22756327.2740202 812850.44468976
2600193823.26463 2689349835881.44 -251285234854.942 -7034.21908710531 1815.12696124357 -22756327.2740202 807974.924612275
2601013187.04364 2683660441649.97 -249818105176.07 -7048.88754621932 1816.49498376872 -22756327.2740201 819363.779008307
2601820091.84936 2677966728829.02 -248351815172.386 -7063.6002676785 1817.86199795648 -22756327.2740201 806904.805725867
2602630019.23755 2672261118381.67 -246884421799.857 -7078.3771786074 1819.22979890749 -22756327.27402 809927.388192614
2603430255.53648 2666590859060.52 -245428065065.221 -7093.09590446307 1820.58705656285 -22756327.27402 800236.298926044
2604233485.51655 2660908795624.1 -243970621906.23 -7107.87884356572 1821.94505496449 -22756327.2740199 803229.980069702
2605039720.37711 2655193553212.4 -242506633339.182 -7122.78221125441 1823.3088613078 -22756327.2740199 806234.860563854
2605833692.69454 2649532391671.47 -241058441172.875 -7137.57848147939 1824.65764815376 -22756327.2740198 793972.3174313
2606622897.1317 2643893558356.97 -239617884001.026 -7152.35016220985 1825.99900674643 -22756327.2740198 789204.437155114
2607415053.97984 2638243041704.85 -238176267964.736 -7167.18645917303 1827.34101689808 -22756327.2740198 792156.848143185
2608197725.43768 2632627710530.43 -236745539273.152 -7181.96430189995 1828.672543572 -22756327.2740197 782671.457839393
2608983324.86666 2627000787900.72 -235313768195.78 -7196.80678307631 1830.00467500595 -22756327.2740197 785599.428975116
2609764206.69536 2621375129273.41 -233884231678.587 -7211.68029207828 1831.33434456401 -22756327.2740196 780881.82870095
2610548004.44284 2615737830676.44 -232453656624.954 -7226.61924773644 1832.66457859537 -22756327.2740196 783797.747483688
2611327095.40932 2610101809505.34 -231025327031.923 -7241.58972325551 1833.99230505622 -22756327.2740195 779090.966480495
2612101503.05836 2604488084066.95 -229604558184.343 -7256.53587976583 1835.31256827958 -22756327.2740195 774407.64903276
2612871255.54257 2598896608721.67 -228191316533.621 -7271.45763227933 1836.62538717771 -22756327.2740194 769752.484218364
2613643882.38709 2593293622030.37 -226777064154.886 -7286.44518763087 1837.93867662572 -22756327.2740194 772626.844517572
2614411864.77167 2587691997474.51 -225365056351.165 -7301.46441637036 1839.24939455172 -22756327.2740193 767982.384580033
2615182714.90676 2582078812866.64 -223952041773.828 -7316.55027543819 1840.56053953249 -22756327.2740193 770850.135086833
2615941830.88635 2576519021889.42 -222554350819.845 -7331.5280108401 1841.85694600073 -22756327.2740192 759115.979588109
2616703774.81262 2570947835973.77 -221155675599.241 -7346.57197041445 1843.15372764482 -22756327.2740192 761943.926272901
2617456566.4543 2565411762002.57 -219767680731.749 -7361.55655501524 1844.44005471374 -22756327.2740192 752791.641675227
2618204826.90654 2559897807461.62 -218387080723.71 -7376.51659297102 1845.71896224798 -22756327.2740191 748260.452248496
2618963617.26486 2554372634254.77 -217005523646.007 -7391.54264046414 1846.99817010925 -22756327.274019 758790.358318026
2619717840.32639 2548792029547.17 -215611988694.313 -7406.75579906072 1848.28785283261 -22756327.274019 754223.061527822
2620474864.97721 2543199925032.8 -214217480934.95 -7422.03718358503 1849.57779471956 -22756327.2740189 757024.650825131
2621220359.31221 2537661187174.37 -212838155836.63 -7437.20934142796 1850.85303922322 -22756327.2740189 745494.334994741
2621961359.16359 2532144608020.83 -211466204316.273 -7452.35723076475 1852.12079987186 -22756327.2740189 740999.851377527
2622705111.48616 2526616779282.08 -210093313317.284 -7467.57269713281 1853.388740539 -22756327.2740188 743752.322574471
2623439922.87952 2521123957614.07 -208730960148.433 -7482.72839936011 1854.64624585673 -22756327.2740187 734811.393361539
2624185074.91688 2515619974560.96 -207367682901.484 -7497.95170514993 1855.90388008387 -22756327.2740187 745152.037354772
2624921252.2505 2510094517572.07 -206000944717.357 -7513.27168727149 1857.16395652111 -22756327.2740186 736177.333626299
2625652982.84867 2504591234740.64 -204641542766.328 -7528.56754161668 1858.41650005572 -22756327.2740186 731730.598166799
2626380293.57102 2499110077369.31 -203289443759.858 -7543.83917535341 1859.66152986091 -22756327.2740185 727310.722344704
2627110296.65195 2493617787881.17 -201936439218.801 -7559.1793620737 1860.90658574278 -22756327.2740185 730003.080937259
2627835898.64393 2488127259099.85 -200585711046.286 -7574.55241248834 1862.14871629699 -22756327.2740184 725601.991976856
2628557117.77873 2482658816111.57 -199242248548.892 -7589.90139696199 1863.3833173423 -22756327.2740184 721219.134803961
2629273980.53016 2477212409715.69 -197906018625.286 -7605.22622131215 1864.61040808957 -22756327.2740183 716862.751424151
2629993496.96388 2471754992850.44 -196568909072.994 -7620.6199825501 1865.8374190685 -22756327.2740183 719516.433721391
2630715676.9033 2466266252068.38 -195225965357.47 -7636.14065094597 1867.06886424957 -22756327.2740182 722179.939418887
2631426831.43376 2460830300808.84 -193897758129.795 -7651.55037909741 1868.28586400819 -22756327.2740182 711154.530461819
2632140608.06581 2455383366128.36 -192568685482.985 -7667.02973675868 1869.50270222146 -22756327.2740181 713776.632045522
2632850063.84788 2449938449032.06 -191241925421.119 -7682.54210251776 1870.71644417233 -22756327.2740181 709455.782073048
2633555224.93626 2444515562508.2 -189922343688.831 -7698.0304342312 1871.92262223194 -22756327.274018 705161.088384832
2634256117.32891 2439114656240.32 -188609907291.719 -7713.49463461368 1873.12125579697 -22756327.274018 700892.392643692
2634959593.98555 2433702886729.29 -187296630874.902 -7729.02885477157 1874.31961777552 -22756327.2740179 703476.656645446
2635658801.62111 2428293252480.27 -185985674428.494 -7744.59610979997 1875.5147987195 -22756327.2740179 699207.635553994
2636360575.66639 2422872708735.27 -184673882416.234 -7760.23426895111 1876.70964905137 -22756327.2740178 701774.045279651
2637053834.86132 2417487460043.42 -183372425651.167 -7775.81000128 1877.89397726836 -22756327.2740178 693259.194931355
2637749638.63249 2412091388782.37 -182070147971.872 -7791.45665995405 1879.07791888527 -22756327.2740177 695803.771177098
2638441208.31554 2406697635849.38 -180770226378.916 -7807.13647201803 1880.25855845441 -22756327.2740176 691569.683046632
2639135303.50609 2401293014434.73 -179469488444.59 -7822.88810671731 1881.43874967101 -22756327.2740176 694095.190549443
2639820977.01631 2395923692653.29 -178179034704.433 -7838.57697508956 1882.60840389401 -22756327.2740175 685673.510216928
2640509140.40444 2390543588834.19 -176887779134.837 -7854.33769125633 1883.77755244258 -22756327.2740175 688163.388134065
2641193116.19752 2385166014787.93 -175598922196.884 -7870.13159387188 1884.94326917168 -22756327.2740174 683975.793076064
2641879575.70361 2379777613249.53 -174309268129.969 -7885.99825193415 1886.10841566826 -22756327.2740174 686459.506093499
2642557680.97266 2374424722352.89 -173029896587.816 -7901.80118150946 1887.26296483872 -22756327.2740173 678105.269046564
2643231659.85207 2369093761987.04 -171757534680.428 -7917.58006117449 1888.40986529376 -22756327.2740172 673978.879409411
2643908100.00004 2363752142584.86 -170484400005.38 -7933.43146637344 1889.55610999224 -22756327.2740172 676440.147967608
2644576320.26433 2358445591940.06 -169221380811.478 -7949.21966120974 1890.69187887247 -22756327.2740171 668220.264294956
2645240461.94912 2353160953115.19 -167965318862.92 -7964.98337585022 1891.82000770885 -22756327.2740171 664141.684786645
2645907028.97852 2347865820978.75 -166708507921 -7980.81938365052 1892.9473957684 -22756327.274017 666567.029403357
2646576001.49821 2342540752415.01 -165446354702.394 -7996.78655055623 1894.0781198997 -22756327.274017 668972.519687056
2647240877.31729 2337218567343.26 -164186653244.328 -8012.78703417271 1895.20515889767 -22756327.2740169 664875.819082561
2647901681.52343 2331918409461 -162933923839.905 -8028.76323783984 1896.32445113933 -22756327.2740168 660804.206139142
2648564870.42312 2326607669979.75 -161680455091.132 -8044.81357051317 1897.44286334374 -22756327.2740168 663188.899691594
2649219961.62864 2321332351446.59 -160437094041.106 -8060.79895706395 1898.55069980587 -22756327.2740167 655091.205519176
2649871041.14092 2316078938457.15 -159200628393.18 -8076.75991765381 1899.65081984737 -22756327.2740166 651079.512275177
2650524470.25251 2310815109595.31 -157963446792.557 -8092.79476527133 1900.74997219325 -22756327.2740166 653429.111597687
2651173883.48828 2305554328184.69 -156728718884.476 -8108.86282931614 1901.84530862958 -22756327.2740165 649413.235764224
2651819305.52917 2300315515985.97 -155500874975.727 -8124.90626723899 1902.93288169871 -22756327.2740165 645422.040892204
2652467040.96293 2295066324975.65 -154272329465.906 -8141.02425626622 1904.01938658526 -22756327.2740164 647735.433760537
2653117113.92799 2289787835908.04 -153038675797.153 -8157.27563474452 1905.10867113755 -22756327.2740163 650072.965056848
2653757202.98455 2284561293247.09 -151818892383.742 -8173.41024710921 1906.18395907623 -22756327.2740163 640089.056562896
2654393342.96179 2279356740196.45 -150605952963.639 -8189.51991490974 1907.25145144458 -22756327.2740162 636139.977242264
2655025573.31959 2274173996300.76 -149399795631.552 -8205.60491054282 1908.31119506584 -22756327.2740161 632230.357796229
2655660069.78717 2268981059384.06 -148192968682.681 -8221.76466722024 1909.36971286213 -22756327.2740161 634496.467578981
2656296805.73139 2263759213693.28 -146981143663.785 -8238.05817507282 1910.43074986993 -22756327.274016 636735.944217983
2656925693.00346 2258573305846.25 -145779367734.74 -8254.28326856952 1911.48110394314 -22756327.274016 628887.272078629
2657556817.79107 2253377170394.26 -144576931670.607 -8270.58432294337 1912.53011753028 -22756327.2740159 631124.78760574
2658180163.07199 2248216685223.54 -143384441333.606 -8286.81735176941 1913.5685206381 -22756327.2740158 623345.280917107
2658799646.69213 2243078121292.9 -142198697692.878 -8303.0250703122 1914.59909984514 -22756327.2740158 619483.620139004
2659421316.80055 2237929493537.7 -141012316066.025 -8319.30847403852 1915.62824850884 -22756327.2740157 621670.108427645
2660039151.4668 2232784499961.18 -139828457828.049 -8335.62458607385 1916.65318841953 -22756327.2740157 617834.666243038
2660659166.80129 2227629402088.89 -138643966811.608 -8352.01732413756 1917.67661563988 -22756327.2740156 620015.3344934
2661281370.50078 2222445903409.63 -137454659916.716 -8368.54564118878 1918.70208789562 -22756327.2740155 622203.699485752
2661893980.68189 2217314225208.09 -136278933532.067 -8384.95370394719 1919.71372397172 -22756327.2740154 612610.181113074
2662502787.49989 2212204425123.77 -135109893102.365 -8401.3365521184 1920.71746861097 -22756327.2740154 608806.817999496
2663113734.04403 2207084627616.04 -133940242086.775 -8417.79649682011 1921.71956052388 -22756327.2740153 610946.544141643
2663717109.66884 2202000593635.96 -132780424145.306 -8434.1863467107 1922.71103498928 -22756327.2740152 603375.624806031
2664322605.93119 2196906647199.61 -131620008488.16 -8450.65327859242 1923.70079158618 -22756327.2740152 605496.262354365
2664927234.90392 2191792129224.09 -130456583860.459 -8467.23242840804 1924.69083227158 -22756327.2740151 604628.972725682
2665530988.73217 2186674987848.59 -129294246420.941 -8483.86620358265 1925.67762055542 -22756327.274015 603753.828249137
2666132106.05034 2181570191639.41 -128136393425.283 -8500.5060939627 1926.6582433506 -22756327.274015 601117.318172369
2666730598.37171 2176477726701.98 -126983011564.975 -8517.15208832417 1927.63269325513 -22756327.2740149 598492.321373131
2667328215.15054 2171382747331.02 -125830735656.449 -8533.85285973565 1928.60378414254 -22756327.2740148 597616.7788333
2667922096.06698 2166309707288.01 -124685088605.449 -8550.5282654682 1929.56683909997 -22756327.2740148 593880.916439419
2668518025.9421 2161226740469.16 -123538870209.135 -8567.28316818519 1930.52788272165 -22756327.2740147 595929.87511821
2669109326.691 2156155947818.97 -122397065232.032 -8584.04496890502 1931.48270013883 -22756327.2740146 591300.748902321
2669699752.97717 2151082741361.53 -121256386130.988 -8600.86203843643 1932.43401030727 -22756327.2740145 590426.286168423
2670285592.88848 2146039105845.21 -120124013185.899 -8617.62825637489 1933.37580801718 -22756327.2740145 585839.911304585
2670870556.78991 2140993188429.66 -118992783609.496 -8634.44941175136 1934.3140337019 -22756327.2740144 584963.901435758
2671451836.58387 2135969279997.5 -117868135508.973 -8651.24453556552 1935.24415446843 -22756327.2740143 581279.793957147
2672035111.78161 2130935585574.14 -116742947397.553 -8668.12003397199 1936.17203123953 -22756327.2740143 583275.197736531
2672614713.50733 2125906632338.71 -115620471175.545 -8685.0275649837 1937.09493944507 -22756327.2740142 579601.725727754
2673192553.58273 2120883185790.01 -114500874813.845 -8701.96469902837 1938.01271007149 -22756327.2740141 577840.075397969
2673769509.83057 2115857634811.87 -113382462491.586 -8718.9573416252 1938.92669632158 -22756327.274014 576956.24783687
2674341936.27898 2110861828345.34 -112272310601.379 -8735.89769665645 1939.83109865162 -22756327.2740139 572426.448413642
2674912612.97214 2105871616890.8 -111165037513.083 -8752.86743340182 1940.73029134382 -22756327.2740139 570676.693154526
2675481524.96902 2100887174101.48 -110060678366.404 -8769.86608912012 1941.62421534878 -22756327.2740138 568911.996886141
2676049556.66519 2095900772425.15 -108957521373.536 -8786.92025675175 1942.51421882521 -22756327.2740137 568031.696163248
2676616699.04882 2090912489592.99 -107855587855.503 -8804.03002437115 1943.40023984793 -22756327.2740136 567142.383631467
2677180230.76026 2085946329935.73 -106760172745.962 -8821.11305604704 1944.27799769912 -22756327.2740135 563531.711438223
2677745655.13146 2080970520188.47 -105664263742.834 -8838.27876302397 1945.15308072805 -22756327.2740134 565424.371204253
2678306579.38458 2076008103864.72 -104572936545.771 -8855.44789410326 1946.02139711961 -22756327.2740134 560924.253122002
2678863922.34781 2071067809115.18 -103488095420.59 -8872.59001988479 1946.88142264557 -22756327.2740133 557342.963228914
2679420382.29854 2066125787006.17 -102404495620.721 -8889.78788776393 1947.73729176135 -22756327.2740132 556459.950727552
2679975048.19742 2061190151444.53 -101323916224.878 -8907.01349442079 1948.58756059347 -22756327.2740131 554665.898878004
2680526196.76852 2056276327793.79 -100249722807.419 -8924.21287958399 1949.42956511762 -22756327.274013 551148.571105647
2681079174.35917 2051353001750.24 -99175066124.0701 -8941.49576689104 1950.26864245992 -22756327.2740129 552977.590652097
2681626817.89157 2046451528049.41 -98106786494.2771 -8958.75220424087 1951.099420157 -22756327.2740129 547643.532399088
2682176267.45964 2041540581018.64 -97038052718.1702 -8976.09259563166 1951.92717869453 -22756327.2740128 549449.568062886
2682721291.21281 2036643675392.68 -95973982240.8243 -8993.43414887919 1952.74791429667 -22756327.2740127 545023.753172085
2683268100.80099 2031737295167.05 -94909465290.9342 -9010.86038205127 1953.56552744946 -22756327.2740126 546809.588177161
2683808848.28804 2026860001405.04 -93852861023.8557 -9028.23434033126 1954.37357295913 -22756327.2740125 540747.487054876
2684351367.59841 2021973289801.65 -92795820672.4594 -9045.69318836919 1955.17841056833 -22756327.2740125 542519.310366556
2684887862.10176 2017115659750.92 -91746664727.5098 -9063.09938095373 1955.97368015261 -22756327.2740124 536494.503355763
2685422583.86915 2012264766019.59 -90700551831.8304 -9080.53273313674 1956.7630444632 -22756327.2740123 534721.767382321
2685956415.9714 2007412621727.92 -89655759298.6368 -9098.0221752202 1957.54776257845 -22756327.2740122 533832.102255193
2686489348.67305 2002559316703.45 -88612310083.911 -9115.5677381899 1958.32776702122 -22756327.2740121 532932.701651486
2687018687.51741 1997729461315.33 -87575486829.9834 -9133.08041008045 1959.09908671685 -22756327.2740121 529338.844357317
2687549749.31952 1992890313083.67 -86538256205.6059 -9150.67900299293 1959.86692211509 -22756327.274012 531061.802114312
2688078074.1524 1988051123127.91 -85502608176.0486 -9168.33034555178 1960.62974026122 -22756327.2740119 528324.832873809
2688602963.34233 1983234144390.29 -84473296706.3699 -9185.95322865332 1961.38401691887 -22756327.2740118 524889.18993386
2689126051.3707 1978424470065.93 -83447124396.9995 -9203.60202798487 1962.13208139322 -22756327.2740117 523088.028369863
2689647321.28447 1973622306530.1 -82424130478.3285 -9221.27606571534 1962.87387348606 -22756327.2740116 521269.913766133
2690165881.68062 1968835940559.62 -81406071293.3136 -9238.9447815977 1963.60809853302 -22756327.2740115 518560.396151793
2690686082.45314 1964040389739.96 -80387632344.1747 -9256.70061320199 1964.33854709321 -22756327.2740114 520200.772515059
2691201973.50584 1959260365509.64 -79374061037.7128 -9274.45228551979 1965.06141275447 -22756327.2740114 515891.052709471
2691719496.49091 1954471160732.56 -78360117811.2973 -9292.29177700102 1965.78038887139 -22756327.2740113 517522.98506521
2692232708.69545 1949697670434.86 -77351072629.1662 -9310.12657549356 1966.49169513168 -22756327.2740112 513212.204544924
2692744090.31769 1944932080124.29 -76345264537.5697 -9327.98580967989 1967.19648122531 -22756327.2740111 511381.62223318
2693254553.14376 1940165921275.93 -75340905160.5142 -9345.90142431431 1967.89595723746 -22756327.274011 510462.826076019
2693763171.22771 1935407868370.77 -74339821316.1129 -9363.84101872521 1968.58880778025 -22756327.2740109 508618.083948962
2694268425.63277 1930672225763.92 -73345010142.1167 -9381.75047144161 1969.27294687442 -22756327.2740108 505254.405055364
2694770361.58521 1925958704296.86 -72356391548.4329 -9399.6304435294 1969.94843779256 -22756327.2740107 501935.952439997
2695273860.88913 1921236186010.17 -71367434957.6768 -9417.59908407516 1970.61970707134 -22756327.2740106 503499.303926327
2695773667.25226 1916524720185.3 -70382340537.3495 -9435.5804080266 1971.28385230534 -22756327.2740105 499806.363124492
2696275005.04179 1911804244834.99 -69396915256.4696 -9453.65128567232 1971.94364816437 -22756327.2740104 501337.789526844
2696772072.85318 1907100653904.19 -68416563369.3193 -9471.7127922296 1972.5954321101 -22756327.2740103 497067.811392155
2697267296.35914 1902405564935.99 -67439527868.6064 -9489.79700990869 1973.24035374312 -22756327.2740102 495223.505965624
2697764017.8313 1897701497890.54 -66462174103.3456 -9507.97161959748 1973.88075485802 -22756327.2740101 496721.472150865
2698256471.86997 1893014790256.6 -65489972687.6036 -9526.13505979158 1974.51300651356 -22756327.27401 492454.03867506
2698747993.00328 1888328019573.16 -64519303675.0942 -9544.35488929263 1975.13943172237 -22756327.2740099 491521.133310556
2699236228.40207 1883663691172.91 -63554819735.5564 -9562.5435634027 1975.75700472737 -22756327.2740098 488235.398788414
2699722609.52527 1879008225616.43 -62593700159.9393 -9580.75381823844 1976.36752259918 -22756327.2740098 486381.123199034
2700210442.27283 1874343880759.4 -61632284800.9703 -9599.05540360137 1976.97325154323 -22756327.2740097 487832.747565924
2700694989.65202 1869688247849.39 -60674202372.2688 -9617.37965101221 1977.57184572854 -22756327.2740096 484547.379183349
2701180963.14042 1865023713635.19 -59715831087.642 -9635.79624393365 1978.16550745443 -22756327.2740094 485973.488403649
2701662686.69831 1860377495043.85 -58762761002.6318 -9654.19790690453 1978.7507288615 -22756327.2740093 481723.557886379
2702142505.33999 1855740815173.53 -57813180674.6575 -9672.61924298435 1979.32860766893 -22756327.2740092 479818.641682384
2702619490.27663 1851122735755.7 -56868934743.9426 -9691.02408432515 1979.89800755015 -22756327.2740091 476984.93663786
2703094595.36207 1846514107774.95 -55928141413.4746 -9709.4487273214 1980.46004959862 -22756327.274009 475105.085440245
2703571078.60451 1841896704090.3 -54987082284.8858 -9727.96638834938 1981.01689424702 -22756327.2740089 476483.24244552
2704043363.16734 1837297970588.6 -54051348904.0857 -9746.46717239145 1981.56518757315 -22756327.2740088 472284.562828828
2704517010.91227 1832690477371.95 -53115357826.6092 -9765.06160636104 1982.10815534429 -22756327.2740087 473647.744930672
2704985222.68762 1828114026811.1 -52187186475.728 -9783.58899921778 1982.6410882184 -22756327.2740086 468211.775343438
2705452479.03369 1823538244887.14 -51260661642.7122 -9802.17207632633 1983.16752407462 -22756327.2740085 467256.346073058
2705916893.45869 1818981667829.14 -50339529592.2896 -9820.73554141176 1983.68530657666 -22756327.2740084 464414.42499859
2706380366.63788 1814425709105.72 -49420025974.2915 -9839.35509940374 1984.19652373491 -22756327.2740083 463473.179190149
2706842881.05731 1809870550352.84 -48502189568.9195 -9858.03034722895 1984.70109145496 -22756327.2740082 462514.419436501
2707306689.38642 1805306732094.53 -47584121104.822 -9876.80059047369 1985.19997278647 -22756327.274008 463808.329108915
2707765150.27698 1800774322221.85 -46673872291.0428 -9895.50096238148 1985.68876957452 -22756327.2740079 458460.890559894
2708222649.71024 1796242849346.79 -45765310324.9666 -9914.25692245234 1986.17077083697 -22756327.2740078 457499.433260996
2708678225.69076 1791721879585.03 -44860350401.2409 -9933.02902278296 1986.64491574561 -22756327.2740077 455575.980516178
2709131873.14391 1787211528370.63 -43959008013.4091 -9951.81673919748 1987.11117034038 -22756327.2740076 453647.453148609
2709586775.8414 1782692632466.59 -43057455461.5832 -9970.70023016361 1987.57145037312 -22756327.2740075 454902.697496401
2710037556.0955 1778193790449.81 -42161395541.1655 -9989.56013499536 1988.02279881969 -22756327.2740074 450780.254098846
2710487357.99345 1773696216948.65 -41267078964.1999 -10008.4751554903 1988.46707843826 -22756327.2740073 449801.897945279
2710934039.78752 1769221400282.46 -40378769523.4386 -10027.3548139621 1988.90215119541 -22756327.2740072 446681.794066436
2711379758.76227 1764747801698.98 -39492182492.5507 -10046.2898783396 1989.33009570469 -22756327.2740071 445718.974753363
2711826690.22088 1760265741835.84 -38605406116.8034 -10065.3218471542 1989.75174847911 -22756327.2740069 446931.458613246
2712269525.73082 1755804255279.14 -37724181797.6268 -10084.3275676975 1990.16433407329 -22756327.2740068 442835.509942251
2712713544.72111 1751334330765.67 -36842776190.2714 -10103.4307635128 1990.57049081537 -22756327.2740067 444018.990287539
2713153447.24925 1746885614234.86 -35967031641.5836 -10122.5048590577 1990.96748190991 -22756327.2740066 439902.528142583
2713592368.37225 1742438438508.04 -35093068224.0567 -10141.6340947033 1991.35704338564 -22756327.2740065 438921.122992874
2714029316.31184 1738002894128.69 -34222865341.4703 -10160.7751812091 1991.73824881742 -22756327.2740064 436947.939597464
2714465272.4906 1733569060711.85 -33354473051.3503 -10179.9710406057 1992.11190831899 -22756327.2740063 435956.178752032
2714900225.4128 1729137069645.01 -32487918304.4519 -10199.2214227383 1992.47794338147 -22756327.2740062 434952.922207527
2715333178.69427 1724717117340.75 -31625190796.6298 -10218.4821406796 1992.8354701149 -22756327.274006 432953.281470172
2715764134.65741 1720309252670.39 -30766291017.148 -10237.7528644335 1993.18446881934 -22756327.2740059 430955.963130995
2716193102.51631 1715913453886.03 -29911205671.3061 -10257.0335697654 1993.5249257099 -22756327.2740058 428967.858905024
2716623167.19376 1711509362971.43 -29055975784.7761 -10276.4138682042 1993.85834885781 -22756327.2740057 430064.677453307
2717048191.88201 1707137535116.75 -28208467804.8826 -10295.7151776661 1994.18165208618 -22756327.2740056 425024.688249463
2717474303.3066 1702757482587.35 -27360823926.5794 -10315.1161290317 1994.49781364532 -22756327.2740055 426111.42459083
2717897369.39651 1698389404108.18 -26516954234.6407 -10334.5275736958 1994.80530584642 -22756327.2740053 423066.08990889
2718319431.18608 1694023490596.98 -25674959681.5202 -10353.993197351 1995.10477667207 -22756327.2740052 422061.789567562
2718740480.63579 1689659841633.45 -24834860311.115 -10373.5128645739 1995.39615007236 -22756327.2740051 421049.449706995
2719162559.2741 1685287952574.62 -23994639831.523 -10393.1341073286 1995.68002873809 -22756327.2740049 422078.638316643
2719579633.98369 1680949168480.22 -23162234827.3957 -10412.6712248884 1995.95371412972 -22756327.2740048 417074.70959017
2719995694.41858 1676612796001.14 -22331741972.1752 -10432.2620456411 1996.21915815745 -22756327.2740047 416060.434883796
2720409726.67915 1672289449647.62 -21505189474.1515 -10451.858680608 1996.47567111487 -22756327.2740046 414032.260576935
2720824759.93171 1667957968565.79 -20678532370.5881 -10471.5573502387 1996.72443814703 -22756327.2740044 415033.252551671
2721234859.72939 1663659566816.96 -19859626882.9439 -10491.170471383 1996.96307910125 -22756327.2740043 410099.797678811
2721645954.67012 1659353100842.51 -19040625134.9267 -10510.8856253873 1997.19386509505 -22756327.2740042 411094.940738446
2722053963.51915 1655060547653.52 -18225706869.0862 -10530.6024826545 1997.41554995716 -22756327.274004 408008.849025882
2722460948.88844 1650770726963.14 -17412744321.3664 -10550.3724341527 1997.62867358184 -22756327.2740039 406985.369291946
2722866904.52343 1646483723701.16 -16601753922.4451 -10570.1953805613 1997.83316122067 -22756327.2740038 405955.634985814
2723271820.59173 1642199661263.25 -15792759259.1946 -10590.0710406543 1998.02893635895 -22756327.2740036 404916.068302938
2723674654.77096 1637929618602.79 -14987847065.9452 -10609.9480439908 1998.21545534595 -22756327.2740035 402834.179225494
2724076448.47731 1633662607965.32 -14184940690.6762 -10629.8775660257 1998.39316080652 -22756327.2740034 401793.706358267
2724476160.33124 1629409740202.58 -13386125320.1914 -10649.8077358742 1998.56155308333 -22756327.2740033 399711.853930059
2724874832.66259 1625159976750.31 -12589322053.0043 -10669.7903051886 1998.72103230434 -22756327.2740031 398672.331349602
2725272455.65094 1620913443204.66 -11794554418.184 -10689.8249633835 1998.87152261863 -22756327.274003 397622.98834568
2725667981.0197 1616681387786.99 -11003921838.3223 -10709.8586526391 1999.01258957213 -22756327.2740029 395525.368761473
2726062458.16837 1612452635086.8 -10215330731.8764 -10729.9442831464 1999.14456985798 -22756327.2740027 394477.148664419
2726454836.41937 1608238501530.38 -9430885559.46012 -10750.0281077264 1999.2670749925 -22756327.2740026 392378.251003417
2726846167.64415 1604027743467.24 -8648487462.42531 -10770.1637129757 1999.38039656822 -22756327.2740025 391331.2247823
2727236442.05939 1599820488331.69 -7868159847.62801 -10790.3507597815 1999.48445961317 -22756327.2740023 390274.415235066
2727624605.9598 1595628149830.05 -7092013529.45824 -10810.5344732836 1999.5789476922 -22756327.2740022 388163.900413819
2728013602.00562 1591427956089.61 -6315832302.38492 -10830.8247556196 1999.6643019094 -22756327.2740021 388996.045823438
2728401499.96141 1587222751366.32 -5540151560.774 -10851.2086289277 1999.74032484702 -22756327.2740019 387897.955789769
2728786462.78081 1583041528467.46 -4770312857.62328 -10871.5455337775 1999.80645896689 -22756327.2740018 384962.819393914
2729169287.2061 1578875747126.44 -4004727000.59524 -10891.8764761763 1999.86287556703 -22756327.2740016 382824.425292282
2729552903.43231 1574702162013.87 -3239121354.68206 -10912.3151621521 1999.90981725916 -22756327.2740015 383616.226212614
2729933248.18319 1570547841456.92 -2478458793.84103 -10932.729195899 1999.94692037048 -22756327.2740013 380344.750873498
2730312515.84182 1566397533573.1 -1719938109.45413 -10953.1933892246 1999.97430255413 -22756327.2740012 379267.658634719
2730689633.84504 1562263033362 -965708178.608913 -10973.6495339047 1999.99185564811 -22756327.274001 377118.003221485
2731065679.41016 1558132588893.64 -213618347.199063 -10994.1557229905 1999.99959925563 -22756327.2740009 376045.565121881
2731440644.59825 1554006312754.51 536311787.953431 -11014.7116420428 1999.9974612693 -22756327.2740008 374965.188083058
2731816340.72169 1549872308356.72 1286239250.99832 -11035.3771064894 1999.9853201472 -22756327.2740006 375696.12344723
2732189134.25937 1545754544392.78 2031817040.38663 -11056.0325402775 1999.96317390743 -22756327.2740005 372793.537671272
2732559067.42349 1541660743223.11 2771664126.60264 -11076.6386254723 1999.93110782107 -22756327.2740003 369933.164126129
2732929719.07946 1537559298906.94 3511497466.71894 -11097.3544875141 1999.88883031427 -22756327.2740002 370651.655973095
2733299250.37303 1533454638701.37 4250509577.82696 -11118.1585137979 1999.83624122483 -22756327.274 369531.293565465
2733665914.88825 1529374203177.26 4983767410.41669 -11138.9115388371 1999.77366515759 -22756327.2739998 366664.515218096
2734030406.54473 1525310386412.22 5712655307.72235 -11159.6516347507 1999.70103398491 -22756327.2739997 364491.656480487
2734393815.73215 1521251092409.81 6439350287.52501 -11180.4404409739 1999.6181056561 -22756327.2739995 363409.187426289
2734757896.40554 1517184223388.46 7166013197.85537 -11201.3404638012 1999.52451365956 -22756327.2739994 364080.673386007
2735120841.99229 1513114941417.46 7891713200.22388 -11222.3259161672 1999.42022884005 -22756327.2739992 362945.586749944
2735480938.02068 1509070060931.73 8611676228.52176 -11243.2583980409 1999.30591496836 -22756327.273999 360096.028388444
2735839924.42747 1505030121608.25 9329377787.53073 -11264.2383006696 1999.18102781167 -22756327.2739989 358986.406795006
2736197791.62992 1500995261117.19 10044795189.7671 -11285.2651142386 1999.04550067131 -22756327.2739987 357867.202446444
2736556264.83979 1496952855588.65 10760162094.92 -11306.4051743111 1998.89878725469 -22756327.2739985 358473.209865446
2736911881.98915 1492928351980.71 11470977194.3233 -11327.5256030444 1998.74174013807 -22756327.2739984 355617.149363032
2737265248.01374 1488921864665 12177235384.6092 -11348.6252934978 1998.57439744086 -22756327.2739982 353366.024594848
2737619206.56248 1484907901378.16 12883432427.2342 -11369.8386914581 1998.39562356424 -22756327.273998 353958.548734782
2737970337.75076 1480911878984.47 13585098588.0569 -11391.0316663959 1998.20647925493 -22756327.2739979 351131.18828382
2738322036.16804 1476908395007.48 14286696295.2645 -11412.3391381681 1998.00568991925 -22756327.2739977 351698.417275097
2738669299.86955 1472941628512.28 14980494984.8911 -11433.5256426682 1997.79547912062 -22756327.2739976 347263.701510828
2739018864.34493 1468967484915.76 15674218641.052 -11454.8263526052 1997.57351839703 -22756327.2739974 349564.475382086
2739363374.13071 1465017528733.43 16362362643.954 -11476.0721008676 1997.34152606845 -22756327.2739972 344509.785782517
2739708442.3833 1461060233470.6 17050424673.821 -11497.4324731594 1997.09760544433 -22756327.2739971 345068.252587485
2740052364.97466 1457102323271.95 17737228054.8885 -11518.8718962336 1996.84201704374 -22756327.2739969 343922.591362962
2740395134.40897 1453150327454.56 18421639066.0778 -11540.3553483433 1996.57508536004 -22756327.2739968 342769.434310792
2740735609.03229 1449217480106.86 19101375342.9505 -11561.810663497 1996.29769484916 -22756327.2739966 340474.623318028
2741076589.03355 1445277307978.02 19781015070.7161 -11583.3824238707 1996.00790919457 -22756327.2739964 340980.001254515
2741416383.95887 1441337659154.63 20459197519.0431 -11605.0283671203 1995.70615126377 -22756327.2739962 339794.925318617
2741753824.7823 1437418005561.25 21132577915.7533 -11626.6414127283 1995.39388219025 -22756327.2739961 337440.823429913
2742090100.43045 1433504611350.02 21803526188.287 -11648.2970357593 1995.07000388267 -22756327.2739959 336275.648153367
2742426831.87264 1429583915044.69 22474363391.3023 -11670.0708248091 1994.73326292418 -22756327.2739957 336731.442195162
2742760767.5402 1425683235501.58 23140418344.2863 -11691.8111982297 1994.38593852178 -22756327.2739956 333935.667552327
2743095135.884 1421775276259.77 23806355134.6117 -11713.6704289986 1994.02553214711 -22756327.2739954 334368.34380154
2743426713.22602 1417887673729.74 24467467676.644 -11735.4940570582 1993.65452628112 -22756327.2739952 331577.342025415
2743758700.14934 1413992815194.94 25128455001.9244 -11757.4372165313 1993.27021868771 -22756327.273995 331986.923319551
2744087901.0723 1410118653666.56 25784576762.2864 -11779.3425374086 1992.87530225059 -22756327.2739948 329200.922953806
2744415908.80049 1406251342418.94 26438188893.8942 -11801.2879953568 1992.46836910952 -22756327.2739946 328007.728194837
2744744297.6074 1402376813160.58 27091665318.3807 -11823.3539607288 1992.04780436949 -22756327.2739944 328388.806912179
2745068703.78844 1398537688003.52 27737828631.6085 -11845.2973528051 1991.6182422754 -22756327.2739943 324406.181042324
2745393506.74398 1394691424803.35 28383850367.7625 -11867.3609850602 1991.17493099337 -22756327.2739941 324802.955535947
2745715576.65948 1390865761308.62 29025075183.2335 -11889.3858520832 1990.7210018282 -22756327.2739939 322069.915504676
2746038020.75517 1387032984831.43 29666151557.4322 -11911.5316097569 1990.2531000871 -22756327.2739937 322444.095683206
2746358052.04914 1383217384598.75 30303018562.4479 -11933.6581309042 1989.77410693816 -22756327.2739935 320031.293973105
2746678435.31802 1379394683735.28 30939730004.3667 -11955.9064146538 1989.28088960198 -22756327.2739933 320383.268876934
2746997581.07552 1375575450252.56 31574520164.1765 -11978.2156089968 1988.77465370629 -22756327.2739931 319145.757502802
2747314285.25244 1371778377545.52 32204291952.6366 -12000.476244671 1988.25787320405 -22756327.2739929 316704.176920726
2747631305.87444 1367974235378.4 32833897771.1635 -12022.8597467063 1987.72650963523 -22756327.2739927 317020.621998059
2747945596.8586 1364192052229.65 33458537511.5024 -12045.1953763964 1987.18455677466 -22756327.2739925 314290.984156542
2748260189.87114 1360402829827.86 34083004600.1345 -12067.6544476842 1986.62779780364 -22756327.2739923 314593.012548159
2748572311.0888 1356632762006.01 34702985065.8549 -12090.0818610991 1986.06000473207 -22756327.2739922 312121.217653529
2748884716.23099 1352855674761.87 35322785967.972 -12112.6334764315 1985.47715792103 -22756327.2739919 312405.142191638
2749194398.16544 1349101130376.99 35937560884.079 -12135.1328304691 1984.88376058241 -22756327.2739917 309681.934446436
2749501410.0125 1345372061078.06 36546851481.2932 -12157.561322961 1984.28040033467 -22756327.2739915 307011.847066801
2749810232.92162 1341636086989.96 37155954505.8033 -12180.1136403618 1983.66179734635 -22756327.2739913 308822.909118194
2750116341.54754 1337904191695.19 37763074128.9279 -12202.7241252544 1983.02960761455 -22756327.2739911 306108.625923023
2750422688.75657 1334165355946.91 38369997848.8423 -12225.460194157 1982.38179912262 -22756327.2739909 306347.209027837
2750726343.44164 1330449597544.05 38971857822.3649 -12248.1393255884 1981.7235169838 -22756327.2739907 303654.685070576
2751028772.70628 1326741970415.48 39571087886.1676 -12270.8522527415 1981.05214553929 -22756327.2739905 302429.264638387
2751329981.49576 1323042459251.33 40167695513.5199 -12293.5990810722 1980.36762692322 -22756327.2739903 301208.789478934
2751631409.12166 1319336077512.41 40764094544.4432 -12316.4724797581 1979.6670430674 -22756327.2739901 301427.625902534
2751931566.61644 1315635759263.3 41358199642.0464 -12339.3932247747 1978.95267988609 -22756327.2739898 300157.494779434
2752230459.33207 1311944177663.95 41949585840.8865 -12362.3448214002 1978.22498769825 -22756327.2739896 298892.715631173
2752529512.84164 1308245716834.98 42540752070.2581 -12385.4248712128 1977.48074232393 -22756327.2739894 299053.509571247
2752827251.4118 1304554659505.73 43129411921.0602 -12408.5448065306 1976.72266233388 -22756327.2739892 297738.570152289
2753122299.5151 1300890146197.87 43712527316.9062 -12431.5841294176 1975.95473119947 -22756327.2739889 295048.103303895
2753414873.74156 1297249627462.45 44290527317.0261 -12454.5576755916 1975.17657265385 -22756327.2739887 292574.226461868
2753707629.20024 1293602368544.76 44868297189.6324 -12477.6593682516 1974.38156680829 -22756327.2739885 292755.458682862
2753999120.59191 1289961868115.64 45443694917.096 -12500.804285038 1973.57249603925 -22756327.2739883 291491.391661977
2754290744.75789 1286314602258.06 46018854302.053 -12524.078991688 1972.74619222976 -22756327.273988 291624.165985611
2754581063.28747 1282675249361.19 46591457511.6204 -12547.3903676879 1971.90582422313 -22756327.2739878 290318.529573409
2754868736.30534 1279062365703.59 47158599755.2876 -12570.6189077765 1971.0557372745 -22756327.2739876 287673.017874277
2755156540.35827 1275442781110.61 47725494932.5686 -12593.9777535287 1970.18809135052 -22756327.2739873 287804.052928719
2755444419.02256 1271814804575.21 48292396001.7556 -12617.4789612086 1969.30221322441 -22756327.2739871 287878.664290057
2755730961.88473 1268195987966.06 48856556983.645 -12641.00940746 1968.40222429443 -22756327.2739869 286542.862167725
2756016167.2531 1264587348659.7 49417825974.8602 -12664.5623714779 1967.48833784839 -22756327.2739866 285205.368377191
2756298722.0685 1261005603514.65 49973619240.5941 -12688.0279814626 1966.56486999631 -22756327.2739864 282554.81539188
2756581350.13442 1257417209395.15 50529149002.454 -12711.6258486076 1965.62314000872 -22756327.2739862 282628.065921936
2756862658.97961 1253837996551.14 51081962147.4479 -12735.2523813407 1964.66714734603 -22756327.2739859 281308.845194044
2757142662.50767 1250268773054.56 51631940501.7988 -12758.902137392 1963.69706809177 -22756327.2739857 280003.528062023
2757421366.77548 1246709516791.98 52179094539.0508 -12782.5751234602 1962.71286231687 -22756327.2739854 278704.267806081
2757700095.22645 1243143644123.4 52725971651.649 -12806.3821257646 1961.70979162783 -22756327.2739852 278728.450971071
2757977476.00637 1239588098210.49 53269971592.7485 -12830.2105011859 1960.69247081474 -22756327.273985 277380.779916639
2758253523.44051 1236043062988.12 53811073782.5436 -12854.0588413048 1959.66092429637 -22756327.2739847 276047.434138836
2758528243.93815 1232508514082.38 54349289596.9109 -12877.9271255279 1958.61511840675 -22756327.2739845 274720.497640594
2758802947.96902 1228967389470.65 54887215440.5081 -12901.931044257 1957.54985184069 -22756327.2739842 274704.030877387
2759076292.57003 1225437436555.59 55422154029.6944 -12925.950743156 1956.47031452825 -22756327.273984 273344.601010035
2759347023.86367 1221934741594.48 55951684827.6108 -12949.8758946991 1955.38153065796 -22756327.2739837 270731.293638732
2759616461.36921 1218442336442.1 56478389770.0455 -12973.8215605798 1954.27832559373 -22756327.2739835 269437.50553736
2759885890.68873 1214943461151.49 57004794797.3255 -12997.9031308219 1953.15524969612 -22756327.2739833 269429.319515802
2760153994.37722 1211455447965.38 57528290884.7315 -13022.0017684359 1952.01771417643 -22756327.273983 268103.688494534
2760422041.93911 1207960955466.37 58051479284.2473 -13046.2377460272 1950.85990907657 -22756327.2739828 268047.561887432
2760688724.31943 1204478523919.94 58571583417.9897 -13070.4828927818 1949.68783111997 -22756327.2739825 266682.380323915
2760955318.4801 1200989608156.86 59091372230.8396 -13094.8667428838 1948.49509029007 -22756327.2739823 266594.160668745
2761219290.08947 1197529734321.02 59605561520.2973 -13119.1407406306 1947.29381881537 -22756327.273982 263971.609365002
2761481932.59882 1194080903576.7 60116844434.0511 -13143.4301871273 1946.07789568541 -22756327.2739818 262642.509353052
2761744504.23114 1190625675203.43 60627805249.4154 -13167.8583690844 1944.8410155036 -22756327.2739815 262571.632318917
2762005723.22298 1187182792131.01 61135671691.8825 -13192.2931789387 1943.58974089201 -22756327.2739813 261218.991845429
2762266831.71399 1183733507957.34 61643208495.2003 -13216.868072291 1942.31710964551 -22756327.273981 261108.491010162
2762526548.67839 1180297675017.2 62147494563.646 -13241.4419723262 1941.03030574611 -22756327.2739807 259716.9643916
2762784897.02924 1176873597646.02 62648788875.6412 -13266.0266191855 1939.72870466473 -22756327.2739805 258348.350858077
2763043103.94339 1173443150648.25 63149744106.4765 -13290.752586797 1938.4052596879 -22756327.2739802 258206.914147474
2763298719.30503 1170042688413.77 63645060587.8291 -13315.3575115878 1937.07399470959 -22756327.2739799 255615.361641589
2763555452.51331 1166635918763.67 64140033968.8602 -13340.1036628817 1935.72070051458 -22756327.2739796 256733.208273747
2763810747.29591 1163227089942.99 64634038465.7933 -13364.9612007893 1934.34678671785 -22756327.2739794 255294.78260561
2764064627.40769 1159830839088.05 65124954833.4146 -13389.82361286 1932.95803700813 -22756327.2739791 253880.111773194
2764317116.19463 1156446922241.11 65612828333.7278 -13414.6922931028 1931.55436229971 -22756327.2739788 252488.786948962
2764568221.28156 1153075304657.47 66097673825.9294 -13439.5671124887 1930.13575752383 -22756327.2739785 251105.08692351
2764820366.12486 1149697422893.18 66582160231.5112 -13464.5854415285 1928.69425513823 -22756327.2739782 252144.843301715
2765069891.27691 1146334553524.17 67063236853.3911 -13489.5899926129 1927.23880169046 -22756327.273978 249525.152047736
2765319200.34323 1142965426872.05 67543947404.2909 -13514.7392175937 1925.76005656431 -22756327.2739777 249309.06632718
2765567081.62566 1139612264563.25 68021122791.9973 -13539.867499624 1924.2676464711 -22756327.2739774 247881.282425057
2765813551.03239 1136272007580.15 68495210619.3142 -13564.9971789004 1922.76026040071 -22756327.2739771 246469.40672704
2766059806.99963 1132925538986.46 68968924001.3666 -13590.2724703023 1921.22911518538 -22756327.2739768 246255.967244445
2766304629.47898 1129595246626.5 69439095466.5127 -13615.5245297785 1919.68432836996 -22756327.2739765 244822.479352462
2766549191.9213 1126262301211.17 69908387003.1125 -13640.8962225587 1918.1170722672 -22756327.2739762 244562.442320688
2766790930.09354 1122961730009.64 70371879453.0044 -13666.1202677745 1916.54388071397 -22756327.2739759 241738.172234139
2767032443.21839 1119655043575.34 70834988678.4596 -13691.4903276033 1914.94643815154 -22756327.2739756 241513.124848526
2767273699.82122 1116348812106.24 71296787374.284 -13716.9569445822 1913.32763929763 -22756327.2739753 241256.602831895
2767513265.414 1113059657441.98 71754959843.7607 -13742.3919896483 1911.69556851585 -22756327.273975 239565.592782884
2767752306.52275 1109771612794.13 72211736564.5739 -13767.9188059324 1910.04225527691 -22756327.2739747 239041.108746026
2767990017.5004 1106495795623.32 72665576695.8198 -13793.4511737217 1908.37319417594 -22756327.2739744 237710.977648143
2768227176.50824 1103221519209.72 73117964649.1168 -13819.0724591846 1906.68284820315 -22756327.2739741 237159.007846074
2768462909.68313 1099960889093.89 73567232532.5201 -13844.68794007 1904.97738942232 -22756327.2739738 235733.174892047
2768698361.15619 1096698110316.01 74015559227.488 -13870.4218777756 1903.24844035142 -22756327.2739735 235451.473054328
2768932616.79834 1093445872306.54 74461201927.9125 -13896.174509965 1901.50257680531 -22756327.2739732 234255.642154739
2769166249.86147 1090196251563.61 74905249876.7503 -13922.0086772822 1899.73544512877 -22756327.2739729 233633.063122884
2769398665.00363 1086957564927.07 75346570356.1304 -13947.8583405142 1897.95147188432 -22756327.2739726 232415.142169345
2769630192.4791 1083725256965.41 75785790011.5471 -13973.7597586008 1896.14809109176 -22756327.2739722 231527.47546441
2769861364.70051 1080491908057.72 76223916102.8857 -13999.7728582295 1894.32097818686 -22756327.2739719 231172.221408217
2770091071.66783 1077273079443.78 76658843764.2749 -14025.7725262465 1892.47882838571 -22756327.2739716 229706.967326305
2770320426.17448 1074053213777.62 77092678819.7132 -14051.8845069683 1890.61263896842 -22756327.2739713 229354.506644415
2770548507.95116 1070845259207.16 77523678903.201 -14078.0040019319 1888.72978683562 -22756327.2739709 228081.776682629
2770775339.57966 1067648962116.63 77951887621.019 -14104.1326633388 1886.83013529257 -22756327.2739706 226831.628497283
2771001807.48252 1064451860425.26 78378976744.3678 -14130.372571554 1884.9061488073 -22756327.2739702 226467.902860133
2771227486.53298 1061259966320.71 78804141634.4071 -14156.6749071434 1882.9612432034 -22756327.2739699 225679.050462765
2771452227.20415 1058075427955.82 79227099365.7442 -14183.0220926334 1880.9966159081 -22756327.2739696 224740.671172287
2771676017.90487 1054898449436.63 79647827406.2701 -14209.4124458456 1879.01230779834 -22756327.2739692 223790.700718317
2771898847.13449 1051729235002.23 80066303528.4914 -14235.8442547873 1877.00836604367 -22756327.2739689 222829.22962329
2772120837.42724 1048566078660.78 80482756954.9306 -14262.3318064362 1874.98361393025 -22756327.2739686 221990.292746357
2772341858.50495 1045410874021.88 80896942449.3885 -14288.8592921756 1872.93916758369 -22756327.2739682 221021.077708731
2772561914.59924 1042263603148.52 81308867533.811 -14315.4268144811 1870.87494138808 -22756327.2739678 220056.09428762
2772781540.4433 1039116639370.51 81719531137.5352 -14342.0990946413 1868.78576752871 -22756327.2739675 219625.844067233
2772999749.03393 1035984164619.35 82127087135.3608 -14368.7559374804 1866.68097364827 -22756327.2739672 218208.590620615
2773217499.67181 1032852448404.45 82533326769.7749 -14395.5141687333 1864.55125131186 -22756327.2739668 217750.637882349
2773434268.98097 1029729041390.98 82937271801.2665 -14422.3095727899 1862.40157737902 -22756327.2739665 216769.309158187
2773650113.72857 1026613167925.52 83339027720.3304 -14449.1487516254 1860.23134255345 -22756327.2739661 215844.74760336
2773864970.4315 1023505787210.65 83738476141.7079 -14476.0233789103 1858.04114194711 -22756327.2739658 214856.702927453
2774079329.31813 1020399835026.85 84136526880.3659 -14502.9948065721 1855.82584650383 -22756327.2739654 214358.886636101
2774292676.31069 1017302786982.12 84532223849.0009 -14529.9983522976 1853.59064271505 -22756327.2739651 213346.992556403
2774505016.18587 1014214621400.61 84925576165.3914 -14557.0340436841 1851.33546387642 -22756327.2739647 212339.875183865
2774716368.92046 1011135094630.92 85316621067.0884 -14584.1038635635 1849.06007812119 -22756327.2739644 211352.734583955
2774927216.41055 1008057211861.99 85706248720.5653 -14611.2695342621 1846.75916928832 -22756327.273964 210847.490097364
2775137038.10499 1004988600363.84 86093495921.6628 -14638.4639386036 1844.43829903282 -22756327.2739636 209821.694435302
2775346327.09621 1001922078412.46 86479271566.2591 -14665.7509009743 1842.09190003674 -22756327.2739633 209288.991224695
2775554567.29765 998865238567.736 86862623331.7063 -14693.0630159977 1839.72565136751 -22756327.2739629 208240.201434805
2775762263.24512 995810705970.806 87244479051.2478 -14720.4663210971 1837.33371558882 -22756327.2739625 207695.947468406
2775968903.09385 992766040112.98 87623896776.9328 -14747.8931308369 1834.92188594508 -22756327.2739621 206639.848734521
2776174507.42819 989730990006.125 88000915214.6776 -14775.3454346663 1832.4899366091 -22756327.2739618 205604.334337567
2776380058.70055 986690278729.711 88377430289.7693 -14802.9620043944 1830.02538516871 -22756327.2739614 205551.272355739
2776584518.90384 983660840555.678 88751344310.1077 -14830.5895384245 1827.54173739184 -22756327.273961 204460.203296588
2776787909.11846 980641634939.345 89122794373.9184 -14858.2371351659 1825.03814163919 -22756327.2739606 203390.214620088
2776990706.14011 977625619500.079 89492650750.7903 -14885.9693450995 1822.50864622715 -22756327.2739602 202797.021648936
2777192337.23339 974621351578.596 89859868815.5177 -14913.7074570101 1819.96033791699 -22756327.2739598 201631.09327722
2777392913.14339 971627240083.757 90224651993.1875 -14941.4657355389 1817.39187714692 -22756327.2739594 200575.910003613
2777592904.06842 968636301107.175 90587854981.6284 -14969.3089891857 1814.7971597835 -22756327.2739591 199990.925026736
2777792280.95218 965648985962.768 90949422890.2759 -14997.2334527916 1812.17636838627 -22756327.2739586 199376.88376258
2777990450.72923 962674223654.07 91308280548.7405 -15025.1555553626 1809.53726448636 -22756327.2739582 198169.777043713
2778188476.47346 959693911413.334 91666611798.4475 -15053.245644021 1806.86357871041 -22756327.2739578 198025.744230958
2778385391.10959 956726945073.718 92022145256.1699 -15081.326003411 1804.17206471121 -22756327.2739574 196914.636130957
2778581215.89596 953770899727.926 92375181948.3329 -15109.4189988839 1801.46057227649 -22756327.273957 195824.786371183
2778776867.13235 950809336521.584 92727684215.7919 -15137.6813840209 1798.71378537357 -22756327.2739566 195651.236387559
2778971196.66707 947864899100.909 93076959710.7187 -15165.8972261244 1795.95256298853 -22756327.2739562 194329.534722504
2779164868.85484 944924949862.779 93424516420.4163 -15194.1871892563 1793.16506531925 -22756327.2739557 193672.187772665
2779357885.91923 941989477787.29 93770356886.0648 -15222.5516936044 1790.35109705865 -22756327.2739553 193017.064391225
2779550234.82067 939058704508.414 94114456361.1977 -15250.9889005811 1787.51068766238 -22756327.2739549 192348.901436629
2779741460.00466 936139614666.555 94456000536.5303 -15279.4309045767 1784.6505372754 -22756327.2739545 191225.183995329
2779932238.32275 933221910184.011 94796198065.8882 -15307.9781109433 1781.76043324883 -22756327.273954 190778.318082338
2780122096.0825 930312861271.714 95134203165.9247 -15336.5596368014 1778.847405575 -22756327.2739536 189857.759753399
2780311448.06717 927406140867.229 95470753463.9007 -15365.2378393733 1775.90496088684 -22756327.2739532 189351.984667479
2780499649.43574 924511686287.982 95804703079.2054 -15393.9146440372 1772.94306022524 -22756327.2739527 188201.368572556
2780687154.25456 921622561017.251 96136858857.2901 -15422.6585552496 1769.95455652619 -22756327.2739523 187504.818825352
2780873724.06103 918742477114.751 96466798611.1488 -15451.4326197398 1766.94318773192 -22756327.2739519 186569.806461125
2781059766.123 915865178215.904 96795242089.3515 -15480.2994797363 1763.90226713311 -22756327.2739514 186042.061974634
2781245506.21217 912987175932.926 97122584527.0672 -15509.2948856011 1760.82779571937 -22756327.2739509 185740.089169896
2781430058.58908 910122226734.153 97447264625.8866 -15538.2803473655 1757.73433080476 -22756327.2739505 184552.376910136
2781613868.0286 907263477505.351 97770066655.0858 -15567.3248634585 1754.61445316356 -22756327.27395 183809.439515604
2781796922.43533 904411149214.229 98090969201.4554 -15596.4262729166 1751.46826991999 -22756327.2739496 183054.406736051
2781979648.96234 901558600885.641 98410718980.3167 -15625.6528298795 1748.28820769544 -22756327.2739491 182726.527005768
2782161284.20367 898717779806.079 98727979647.4965 -15654.8822807078 1745.08743016608 -22756327.2739487 181635.241330509
2782342158.36737 895883570331.381 99043329615.2265 -15684.1669713648 1741.86013963587 -22756327.2739482 180874.163697476
2782522244.6138 893056428819.13 99356722329.1792 -15713.5021976232 1738.60673886521 -22756327.2739477 180086.246436887
2782701962.3942 890229789044.715 99668886091.6699 -15742.956505267 1735.31944262187 -22756327.2739472 179717.780394293
2782880852.03951 887410901363.518 99979021054.3183 -15772.4547124716 1732.00646494418 -22756327.2739467 178889.645312838
2783058917.36577 884599746526.852 100287134703.558 -15801.9969098947 1728.66769781038 -22756327.2739463 178065.326257329
2783235771.83103 881802485012.18 100592561044.944 -15831.5178324578 1725.3104883044 -22756327.2739458 176854.465267631
2783411903.26116 879011454793.149 100896144970.247 -15861.0979117112 1721.92564438072 -22756327.2739453 176131.430123012
2783587237.93116 876227859792.127 101197759800.709 -15890.7243876455 1718.51450913356 -22756327.2739448 175334.670000932
2783762198.82664 873445005014.465 101498131809.386 -15920.4688874692 1715.06865548752 -22756327.2739443 174960.895479581
2783936338.69177 870670025837.032 101796491947.569 -15950.2554863135 1711.5967032323 -22756327.2739438 174139.865131784
2784109691.81135 867902416017.516 102092899931.178 -15980.089507275 1708.09793092294 -22756327.2739433 173353.119582154
2784282630.40644 865136255061.541 102387991088.27 -16010.0351011692 1704.56463951304 -22756327.2739428 172938.595088498
2784454727.98363 862378389419.47 102681036884.606 -16040.0184162526 1701.00537695352 -22756327.2739424 172097.577185401
2784626383.95029 859622444585.446 102972716797.498 -16070.1089906507 1697.41172673138 -22756327.2739419 171655.966667405
2784797175.62724 856875233922.892 103262312142.759 -16100.2326366286 1693.79239175917 -22756327.2739413 170791.676951181
2784967076.7936 854137226874.414 103549780474.301 -16130.3838976879 1690.14795633127 -22756327.2739409 169901.166351518
2785136527.03841 851401368499.741 103835865377.31 -16160.6406165144 1686.46886140516 -22756327.2739403 169450.244816331
2785305482.45966 848668378987.271 104120490394.752 -16190.9954311261 1682.75577491903 -22756327.2739398 168955.421243219
2785473543.16183 845944758639.278 104402982005.782 -16221.3762335671 1679.01737610217 -22756327.2739393 168060.702177554
2785641098.06468 843224236878.662 104683994188.003 -16251.8530426376 1675.24490966872 -22756327.2739388 167554.902847133
2785807736.25602 840513519050.972 104962838211.407 -16282.3507806055 1671.4475347169 -22756327.2739383 166638.19134174
2785973857.96199 837806128819.132 105240184319.347 -16312.9423336394 1667.61604380499 -22756327.2739377 166121.705972116
2786139070.79764 835108495152.235 105515377949.018 -16343.5550817097 1663.75939963292 -22756327.2739372 165212.835646196
2786303379.73549 832420588859.309 105788430215.466 -16374.1889077237 1659.87756416965 -22756327.2739367 164308.937850895
2786467164.58931 829736231143.662 106059972962.369 -16404.9142345343 1655.9614830143 -22756327.2739362 163784.853816235
2786630790.2583 827046825472.426 106330870454.921 -16435.8305570654 1651.99815553035 -22756327.2739356 163625.668988322
2786793447.89589 824370902071.22 106599257244.061 -16466.7252235852 1648.01464790957 -22756327.2739351 162657.637598063
2786955157.82138 821705572874.37 106865434157.219 -16497.6307720467 1644.00677027695 -22756327.2739346 161709.92548411
2787116322.60899 819044240819.985 107130065070.378 -16528.623597656 1639.96449949346 -22756327.273934 161164.78761529
2787276548.38247 816393448078.874 107392504490.523 -16559.6274124163 1635.89766906324 -22756327.2739334 160225.773476015
2787436048.97943 813749703509.275 107653105071.971 -16590.6827143736 1631.80089013538 -22756327.2739328 159500.59695981
2787595364.74896 811104062383.146 107912747483.739 -16621.8951856604 1627.65998021232 -22756327.2739322 159315.769534507
2787754070.17351 808463597321.784 108170735362.273 -16653.1821438249 1623.48564082372 -22756327.2739317 158705.424545669
2787911969.53049 805831600241.053 108426751555.131 -16684.5045456333 1619.28294996109 -22756327.2739311 157899.356975711
2788068906.23671 803210733526.032 108680545472.582 -16715.8302046578 1615.05617540245 -22756327.2739305 156936.706224477
2788225256.26136 800594760659.468 108932727098.141 -16747.2334328654 1610.79519149809 -22756327.2739299 156350.02464807
2788381140.78262 797981673148.388 109183490741.572 -16778.7387535974 1606.4964594782 -22756327.2739294 155884.521265385
2788536740.91481 795368439780.268 109433124671.229 -16810.3835266315 1602.15459908245 -22756327.2739288 155600.132189044
2788691321.26165 792767442382.005 109680449607.53 -16842.0178907179 1597.79001726166 -22756327.2739282 154580.346837115
2788845619.59869 790166298199.828 109926646525.574 -16873.7925266632 1593.38176817212 -22756327.2739275 154298.337041013
2788998974.35475 787576187709.954 110170659940.267 -16905.5710272971 1588.94860304807 -22756327.2739269 153354.756054851
2789151435.02004 784996332168.857 110412572827.845 -16937.3622785489 1584.48925547414 -22756327.2739263 152460.665291084
2789303254.52548 782422494545.857 110652788812.516 -16969.2182223974 1579.99634256571 -22756327.2739258 151819.505447987
2789454491.28036 779853712868.231 110891400573.257 -17001.150912277 1575.46799317211 -22756327.2739251 151236.754880485
2789605077.73465 777291163343.864 111128301900.906 -17033.1458554964 1570.90609366428 -22756327.2739245 150586.454281741
2789755345.69755 774729215835.405 111364013383.632 -17065.2738427559 1566.30031574519 -22756327.2739238 150267.96290518
2789904572.92126 772180219345.38 111597403420.937 -17097.3799524386 1561.67273104846 -22756327.2739233 149227.223712305
2790053469.96461 769632072567.655 111829584764.161 -17129.6165271647 1557.0012468426 -22756327.2739227 148897.043340904
2790201655.65681 767091318927.953 112059962240.464 -17161.9011649709 1552.29758712816 -22756327.273922 148185.692203567
2790349469.77308 764552155097.599 112289063593.259 -17194.3079270588 1547.55075353284 -22756327.2739213 147814.116268578
2790496534.74477 762021091351.809 112516303438.416 -17226.753984211 1542.77268017356 -22756327.2739207 147064.971691824
2790642862.89867 759497957835.955 112741703300.45 -17259.2412361855 1537.96298371538 -22756327.27392 146328.153902363
2790788463.66744 756982633348.103 112965280102.186 -17291.7709858019 1533.12136368708 -22756327.2739194 145600.768764317
2790933340.66683 754475096439.968 113187041765.354 -17324.3432601443 1528.24770664712 -22756327.2739187 144876.99939757
2791078157.87262 751962825663.682 113408093243.286 -17357.1215372629 1523.31724810477 -22756327.2739181 144817.205788783
2791222198.58372 749460334070.936 113627156472.231 -17389.9171200509 1518.35809665836 -22756327.2739174 144040.71109435
2791365791.80147 746960900228.032 113844824012.355 -17422.818080007 1513.35677883175 -22756327.2739168 143593.217752284
2791508200.34397 744477406477.431 114059982351.363 -17455.6542835117 1508.33909897202 -22756327.2739161 142408.542498249
2791650520.93981 741989221777.944 114274421992.879 -17488.6986292571 1503.26317417564 -22756327.2739154 142320.595838187
2791792370.56794 739506109556.73 114487297249.293 -17521.8225321645 1498.14840079528 -22756327.2739148 141849.628130192
2791933403.39006 737032622850.847 114698223282.471 -17554.9650681967 1493.00405813207 -22756327.2739141 141032.822127965
2792073624.10956 734568730541.545 114907211334.141 -17588.1260576524 1487.83011947177 -22756327.2739134 140220.719501096
2792213395.03071 732108099702.328 115114802827.747 -17621.3907024428 1482.61313346891 -22756327.2739127 139770.92114581
2792352674.92967 729651473543.616 115320935515.708 -17654.7494257598 1477.35435205912 -22756327.273912 139279.898963825
2792491436.95189 727199346721.157 115525569191.633 -17688.1958712976 1472.05454573346 -22756327.2739114 138762.022220611
2792629358.21452 724757463734.196 115728230057.82 -17721.6514760624 1466.72603479892 -22756327.2739107 137921.262620565
2792766624.92108 722322573608.812 115929195240.875 -17755.1603388809 1461.36170889287 -22756327.27391 137266.706566818
2792903225.35797 719894921316.408 116128449790.059 -17788.7189169197 1455.96199860725 -22756327.2739093 136600.436886138
2793039444.0735 717469473510.109 116326408809.486 -17822.3970575616 1450.51544677668 -22756327.2739086 136218.715527319
2793175128.16085 715048969904.296 116522849095.033 -17856.1572015464 1445.0278686862 -22756327.2739078 135684.087357798
2793310083.81021 712636902731.807 116717491944.78 -17889.9505411717 1439.50704473183 -22756327.2739071 134955.64935926
2793444605.35631 710228041215.816 116910762980.994 -17923.8504221675 1433.94080842517 -22756327.2739064 134521.546096516
2793578570.97352 707824588158.584 117102486897.753 -17957.8261908171 1428.33395546191 -22756327.2739057 133965.617212135
2793711747.31274 705430769568.556 117292332493.55 -17991.8178416519 1422.69626283445 -22756327.273905 133176.339219279
2793844438.69742 703041151388.719 117480735805.692 -18025.9023830147 1417.01481131517 -22756327.2739042 132691.384680374
2793976412.73915 700659951294.089 117667368552.913 -18060.0196135674 1411.29946735391 -22756327.2739035 131974.041724999
2794108125.10279 698278969085.903 117852874923.294 -18094.2873655145 1405.53025042514 -22756327.2739027 131712.363638656
2794239005.93076 695908533534.327 118036453161.211 -18128.5571177474 1399.73196181918 -22756327.273902 130880.827979552
2794369613.19301 693538567128.803 118218886872.367 -18162.9746726788 1393.87973174594 -22756327.2739013 130607.262240315
2794499322.48717 691180431859.411 118399305513.658 -18197.3750069679 1388.00144330269 -22756327.2739005 129709.29416377
2794629041.91417 688817820231.9 118578957347.975 -18231.9964831837 1382.05609479101 -22756327.2738996 129719.426999282
2794758101.82637 686462565499.628 118756940024.486 -18266.6666119253 1376.07295167335 -22756327.2738988 129059.91220064
2794886166.54115 684121035350.816 118932782648.633 -18301.2907595019 1370.06832925422 -22756327.273898 128064.714781273
2795013908.14138 681780981475.629 119107411196.346 -18336.0497241651 1364.01074693294 -22756327.2738973 127741.600225323
2795141000.2824 679448404306.147 119280379639.078 -18370.8546814073 1357.91544061338 -22756327.2738965 127092.14102172
2795267437.83122 677123437738.637 119451684162.658 -18405.7033175561 1351.7826876243 -22756327.2738956 126437.548823858
2795393528.75703 674800442784.682 119621742468.731 -18440.6803953412 1345.5973369746 -22756327.2738949 126090.925809318
2795519232.39678 672480178734.327 119790497721.303 -18475.7752227825 1339.36094885532 -22756327.2738941 125703.639752408
2795644242.73316 670168322609.154 119957540364.185 -18510.9020139043 1333.08856051477 -22756327.2738933 125010.336378555
2795768855.27004 667859438749.607 120123266668.082 -18546.1434147957 1326.76521062428 -22756327.2738924 124612.536880092
2795893029.6704 665554290408.647 120287622028.78 -18581.488316049 1320.39259512155 -22756327.2738917 124174.400356708
2796016465.03472 663258497508.656 120450210517.842 -18616.8504200569 1313.98610194757 -22756327.2738908 123435.364325258
2796139480.17713 660966163677.624 120611454297.346 -18652.3204481169 1307.52911756319 -22756327.27389 123015.142406001
2796262035.22595 658678050551.151 120771300687.736 -18687.8870546114 1301.02342501325 -22756327.2738891 122555.048817127
2796383702.29289 656402190579.8 120929195796.306 -18723.4248852082 1294.49185007857 -22756327.2738882 121667.066947127
2796504800.78037 654132658861.245 121085559471.116 -18759.0257294135 1287.9174629311 -22756327.2738874 121098.487476971
2796625604.85746 651864335351.953 121240745290.645 -18794.7703518841 1281.28506143864 -22756327.2738865 120804.077090958
2796745748.42487 649604117544.254 121394283485.636 -18830.5503183112 1274.61451383433 -22756327.2738856 120143.567409674
2796865429.11757 647348319868.761 121546428873.095 -18866.4238820426 1267.89477371021 -22756327.2738848 119680.692701168
2796984722.728 645095531677.107 121697277354.769 -18902.4139393556 1261.12125754863 -22756327.2738839 119293.610424744
2797103502.66728 642848164314.445 121846668955.414 -18938.4823217572 1254.30087349292 -22756327.273883 118779.93928192
2797221443.04535 640612429179.854 121994198576.344 -18974.528742916 1247.45249427534 -22756327.2738821 117940.378068257
2797339178.91972 638376316669.972 122140662269.08 -19010.7468712591 1240.53910872767 -22756327.2738812 117735.874377547
2797456204.71022 636149451112.165 122285431491.991 -19046.9811225328 1233.59014684262 -22756327.2738804 117025.790494153
2797572726.59467 633927947625.046 122428764862.405 -19083.2943672237 1226.59340707135 -22756327.2738794 116521.884448146
2797688720.12153 631712301127.672 122570634035.401 -19119.6785488259 1219.55022300836 -22756327.2738785 115993.526860122
2797804458.49187 629497308381.88 122711372303.407 -19156.2196785341 1212.44361959777 -22756327.2738776 115738.37034012
2797919379.34732 627293763051.547 122850298109.147 -19192.7396204508 1205.30804007737 -22756327.2738767 114920.855454188
2798033808.49727 625095462334.005 122987810181.325 -19229.3405767431 1198.12341692433 -22756327.2738758 114429.149953724
2798147959.06987 622898326833.072 123124163774.253 -19266.091045244 1190.87597269232 -22756327.2738748 114150.572599527
2798261500.64207 620708738036.597 123258964638.579 -19302.8845979633 1183.58641484727 -22756327.2738738 113541.572193326
2798374449.912 618526412992.105 123392236517.337 -19339.7255923783 1176.25373830912 -22756327.273873 112949.269934293
2798487336.18449 616339913170.964 123524675547.248 -19376.8081000158 1168.83890027167 -22756327.273872 112886.272484374
2798599335.24081 614167658562.211 123655168826.012 -19413.8198734967 1161.404082486 -22756327.273871 111999.056326159
2798711008.6437 611997579379.793 123784448990.988 -19450.9659643611 1153.90798845118 -22756327.2738701 111673.402891003
2798822317.35968 609830445474.092 123912469306.073 -19488.2339318043 1146.35275474364 -22756327.2738692 111308.715972409
2798932979.11518 607671781992.25 124038907236.176 -19525.5287473765 1138.75742049139 -22756327.2738682 110661.755501103
2799043266.21581 605516307214.453 124164076191.119 -19562.9416184253 1131.10318947182 -22756327.2738672 110287.100632024
2799152899.28825 603369511972.306 124287661539.934 -19600.377165405 1123.40935920912 -22756327.2738663 109633.072437053
2799262148.00801 601226146977.032 124409969886.167 -19637.9268187651 1115.6569274695 -22756327.2738653 109248.719759871
2799370974.1285 599086981138.024 124530958394.368 -19675.5775452296 1107.84826281674 -22756327.2738643 108826.12049295
2799479366.0745 596952263465.697 124650614795.963 -19713.3252758889 1099.98390972751 -22756327.2738632 108391.946000246
2799587073.35883 594826963633.557 124768666318.882 -19751.0818004763 1092.08207615762 -22756327.2738622 107707.284330652
2799694364.00652 592705828576.396 124885410339.693 -19788.9401388242 1084.12311739656 -22756327.2738613 107290.647691795
2799801048.16268 590592643145.676 125000643039.581 -19826.8326119386 1076.12104797725 -22756327.2738602 106684.15615963
2799907390.82928 588482185522.725 125114652574.39 -19864.8529057083 1068.05583197506 -22756327.2738592 106342.666594489
2800013133.38529 586379615378.488 125227163589.42 -19902.908122319 1059.94692237046 -22756327.2738582 105742.556017616
2800118660.46175 584277304813.857 125338585752.871 -19941.1366897994 1051.76450280176 -22756327.2738571 105527.076453587
2800223702.02688 582180647035.067 125448633007.687 -19979.4411896657 1043.52904479563 -22756327.273856 105041.565133605
2800328020.50359 580094427056.032 125557061821.628 -20017.7335515381 1035.25936973478 -22756327.273855 104318.476710655
2800432113.33803 578008724809.309 125664391456.721 -20056.1958612238 1026.91590400885 -22756327.2738539 104092.834433979
2800535701.60592 575929144815.835 125770333868.862 -20094.7253242787 1018.52058060023 -22756327.2738528 103588.267892607
2800638787.75304 573855669798.475 125874894625.989 -20133.3220936135 1010.07314818182 -22756327.2738517 103086.147123762
2800741374.21331 571788282521.636 125978079274.776 -20171.9863224382 1001.57335406844 -22756327.2738506 102586.460272112
2800843439.98468 569727439210.501 126079870079.976 -20210.7092479068 993.02291738619 -22756327.2738495 102065.771365502
2800945220.63882 567668404030.167 126180502677.223 -20249.5801875449 984.401789787094 -22756327.2738484 101780.654145214
2801046678.12988 565611955936.202 126279937633.207 -20288.585295301 975.71260375846 -22756327.2738473 101457.491060015
2801147568.14472 563563072817.56 126377937389.222 -20327.6302469185 966.976091352487 -22756327.2738462 100890.014840024
2801247906.46946 561521473525.013 126474522220.257 -20366.7198578022 958.191025915778 -22756327.273845 100338.324735621
2801347827.54643 559484453356.786 126569824587.206 -20405.9057675668 949.345568530639 -22756327.2738439 99921.0769686329
2801447307.32259 557452527171.309 126663823203.784 -20445.1782186376 940.441625414952 -22756327.2738428 99479.776158001
2801546433.0312 555423934108.189 126756601356.931 -20484.5715604766 931.47107456194 -22756327.2738416 99125.708612393
2801644966.9718 553403568641.092 126847939509.086 -20523.9906303841 922.455341741928 -22756327.2738405 98533.9405986234
2801743137.54228 551386778314.666 126938052507.399 -20563.5260486796 913.373462154476 -22756327.2738393 98170.5704819859
2801840933.43403 549373813425.052 127026930212.792 -20603.1733625535 904.22608972907 -22756327.2738382 97795.8917494539
2801938209.61399 547367686640.164 127114443249.259 -20642.8732326195 895.026641009289 -22756327.273837 97276.1799630089
2802035207.38162 545363443450.108 127200809851.343 -20682.7239747434 885.751999483047 -22756327.2738358 96997.7676259208
2802131772.07286 543364296426.632 127285892308.195 -20722.6622269423 876.416523084249 -22756327.2738346 96564.6912429381
2802227789.67567 541372638928.276 127369593971.01 -20762.6398937747 867.031233593345 -22756327.2738332 96017.6028045476
2802323378.57833 539386048187.682 127452021863.786 -20802.705323342 857.584559070011 -22756327.2738321 95588.902669039
2802418643.68332 537402363720.8 127533267174.269 -20842.9024579639 848.065775122055 -22756327.2738309 95265.1049850461
2802513548.2924 535422365370.054 127613298401.53 -20883.2160648167 838.478079687 -22756327.2738296 94904.6090761189
2802607967.03635 533448694320.767 127692011989.401 -20923.5924424645 828.833939763401 -22756327.2738284 94418.7439575373
2802701914.81415 531481071585.815 127769424184.962 -20964.0370245895 819.131826232359 -22756327.2738271 93947.7777959539
2802795380.99002 529519752294.681 127845530070.973 -21004.5442903588 809.372831594346 -22756327.2738259 93466.1758730335
2802888481.06872 527562338838.746 127920426083.709 -21045.1637918851 799.544716685277 -22756327.2738246 93100.0786994102
2802981179.2619 525609605139.976 127994084706.499 -21085.8797406861 789.650946825984 -22756327.2738232 92698.1931785721
2803073477.30438 523661538348.941 128066509146.745 -21126.6925621374 779.691086417993 -22756327.2738219 92298.0424787364
2803165254.0626 521720726306.434 128137608030.739 -21167.547807919 769.678174106351 -22756327.2738206 91776.7582183635
2803256720.60177 519782731404.429 128207547262.723 -21208.5389351187 759.588994108601 -22756327.2738193 91466.5391746383
2803347743.22699 517850407595.094 128276225905.559 -21249.6058576181 749.437970719101 -22756327.2738179 91022.6252185113
2803438421.08191 515921673630.496 128343720627.943 -21290.7929685056 739.213789215446 -22756327.2738166 90677.8549219809
2803528634.38816 513999102128.681 128409944517.013 -21332.0454136206 728.929740248497 -22756327.2738153 90213.3062530071
2803618481.36471 512080626296.988 128474972305.625 -21373.4075427464 718.574456779863 -22756327.2738139 89846.9765496037
2803707855.89734 510168539011.097 128538730019.534 -21414.8298848492 708.160020446278 -22756327.2738127 89374.5326249218
2803796760.4703 508262820776.257 128601223948.354 -21456.3124669441 697.6861986307 -22756327.2738113 88904.5729603734
2803885304.02794 506361163204.958 128662533520.412 -21497.9054991556 687.140006737528 -22756327.2738099 88543.5576379504
2803973463.78095 504464077427.045 128722644509.218 -21539.5980432417 676.523846750497 -22756327.2738085 88159.7530079983
2804061241.39298 502571550784.657 128781559991.552 -21581.3905385425 665.83725071018 -22756327.2738072 87777.6120337418
2804148551.83651 500685445033.475 128839226240.297 -21623.2417359337 655.090474845967 -22756327.2738058 87310.4435319568
2804235552.47321 498802384933.031 128895749429.817 -21665.2266317205 644.263913815775 -22756327.2738045 87000.6366995523
2804322220.12088 496922888075.856 128951114620.378 -21707.3342453341 633.359946139279 -22756327.2738031 86667.6476667935
2804408428.3506 495049721635.134 129005243657.674 -21749.5026108423 622.394282411506 -22756327.2738017 86208.2297222681
2804494191.5584 493182605455.83 129058150103.009 -21791.7376555608 611.365135971495 -22756327.2738003 85763.2077975405
2804579597.15423 491319662941.613 129109890798.611 -21834.0817954511 600.261104828722 -22756327.2737988 85405.5958272295
2804664544.25849 489463121962.943 129160407849.213 -21876.4842951582 589.095180397133 -22756327.2737974 84947.1042609488
2804749232.47729 487608641332.244 129209821583.527 -21919.0445554066 577.840792453435 -22756327.273796 84688.2188044832
2804833525.17531 485759230440.954 129258052899.804 -21961.6939799731 566.515632688185 -22756327.2737944 84292.6980192398
2804917412.29072 483915136942.116 129305099198.728 -22004.4267830894 555.120911693349 -22756327.2737929 83887.1154129635
2805000907.62676 482076084213.477 129350971387.502 -22047.2493005085 543.654612081505 -22756327.2737915 83495.3360341039
2805083989.4016 480242579508.46 129395660876.71 -22090.1496024543 532.119608358426 -22756327.2737899 83081.7748464735
2805166734.98294 478412939495.158 129439211767.323 -22133.1671526474 520.504922190698 -22756327.2737884 82745.5813318327
2805249046.6928 476589349533.345 129481575558.408 -22176.2505572241 508.824081171944 -22756327.2737869 82311.709861186
2805331025.32524 474769602048.936 129522807044.332 -22219.4519593324 497.062596725172 -22756327.2737853 81978.6324433593
2805412648.66479 472954210728.996 129562896652.59 -22262.7594401237 485.223292766731 -22756327.2737838 81623.3395529952
2805493906.49377 471143425620.117 129601841595.506 -22306.1671769913 473.307368411697 -22756327.2737823 81257.8289758799
2805574788.72634 469337495741.571 129639639694.822 -22349.6692531033 461.316073601117 -22756327.2737808 80882.2325758459
2805655214.00808 467538267955.371 129676257305.224 -22393.2208603992 449.261470580295 -22756327.2737792 80425.2817344138
2805735342.54992 465742183509.45 129711770393.511 -22436.9081175694 437.119361573661 -22756327.2737775 80128.5418428119
2805815065.93255 463951694794.923 129746133063.93 -22480.6715410539 424.905870761158 -22756327.2737761 79723.3826252293
2805894469.24021 462164914758.147 129779384628.329 -22524.5573196955 412.607720610356 -22756327.2737744 79403.3076609273
2805973459.53253 460383959307.667 129811489021.492 -22568.5135034852 400.239090406328 -22756327.2737728 78990.2923266075
2806052121.0973 458606953273.174 129842483580.396 -22612.5863470873 387.786594269387 -22756327.2737712 78661.5647617454
2806130432.15775 456834409851.817 129872361707.527 -22656.7633379715 375.253336771997 -22756327.2737696 78311.0604522347
2806208371.16888 455066840967.727 129901118040.185 -22701.0317439624 362.642541571787 -22756327.2737679 77939.0111362699
2806285939.89828 453304232259.907 129928756531.122 -22745.3918559841 349.953757431387 -22756327.2737663 77568.7293955711
2806363140.10511 451546569402.772 129955281114.548 -22789.8439661708 337.186529887723 -22756327.2737647 77200.2068325356
2806440030.55814 449792536135.373 129980714199.114 -22834.4215375039 324.330815902505 -22756327.273763 76890.4530290097
2806516521.56159 448044202587.086 130005028996.137 -22879.0719891466 311.401379240497 -22756327.2737613 76491.0034510053
2806592682.7019 446300003711.096 130028250960.66 -22923.8352228364 298.386286257896 -22756327.2737596 76161.1403050203
2806668503.95081 444560190797.111 130050379280.854 -22968.7049642869 285.28692048895 -22756327.2737579 75821.2489145797
2806743975.41056 442825014072.787 130071413767.301 -23013.674837349 272.104723301137 -22756327.2737562 75471.45974343
2806819075.92653 441094985261.661 130091351906.049 -23058.7315080677 258.843216748801 -22756327.2737543 75100.5159760075
2806893896.04775 439368039269.686 130110219804.808 -23103.9289815022 245.486044095043 -22756327.2737526 74820.1212140781
2806968325.79687 437646736790.635 130127992253.526 -23149.2003625608 232.052534631363 -22756327.2737508 74429.7491221035
2807042378.4736 435930799231.567 130144676966.089 -23194.552656266 218.540275991697 -22756327.2737489 74052.6767281473
2807116120.70936 434218706325.807 130160291955.225 -23240.0260646853 204.936869547936 -22756327.2737471 73742.2357644249
2807189467.02392 432512467841.211 130174822581.503 -23285.5671283383 191.257909331071 -22756327.2737454 73346.3145585814
2807262483.36584 430810576265.921 130188285844.013 -23331.2159008896 177.490988892168 -22756327.2737436 73016.3419194842
2807335171.21961 429113019176.035 130200684637.567 -23376.9728269279 163.635522676667 -22756327.2737418 72687.8537713693
2807407520.89712 427420045712.101 130212020167.387 -23422.8312518249 149.69308365851 -22756327.27374 72349.6775108525
2807479585.57548 425730431566.671 130222302776.379 -23468.824592018 135.653018648452 -22756327.2737381 72064.6783625571
2807551208.54314 424047878288.41 130231514366.237 -23514.851837373 121.545791784906 -22756327.2737362 71622.9676610141
2807622622.81625 422366934093.239 130239687619.124 -23561.0622252262 107.325200324102 -22756327.2737343 71414.2731072565
2807693638.74169 420692082369.003 130246802697.387 -23607.3327956592 93.0285707586194 -22756327.2737325 71015.9254360804
2807764269.52814 419023043325.47 130252866636.781 -23653.67070856 78.6533921048303 -22756327.2737306 70630.7864543435
2807834672.22299 417356125905.184 130257895046.198 -23700.1786781452 64.1672938380028 -22756327.2737287 70402.6948499608
2807904731.53818 415694077050.432 130261880976.02 -23746.7804935235 49.5934556857134 -22756327.2737268 70059.3151886722
2807974388.75805 414038319268.84 130264826231.399 -23793.435831559 34.9441471494728 -22756327.2737249 69657.2198734633
2808043776.92018 412385714770.311 130266740033.539 -23840.2330211936 20.1912005944436 -22756327.2737229 69388.1621221456
2808112875.0216 410736780590.523 130267622995.623 -23887.1578801483 5.33851102596974 -22756327.273721 69098.1014276862
2808181603.53 409093438677.379 130267477588.858 -23934.1556564206 -9.59703874415739 -22756327.273719 68728.5083979242
2808250022.85587 407454270085.761 130266307673.77 -23981.2667609997 -24.6287130406137 -22756327.2737171 68419.3258670748
2808318134.3901 405819262789.335 130264115901.607 -24028.4916696745 -39.7571660062321 -22756327.273715 68111.5342268415
2808385917.78885 404188927918.542 130260906100.141 -24075.8156383925 -54.9781516068155 -22756327.2737131 67783.3987589868
2808453363.80434 402563512930.169 130256682629.873 -24123.2313347593 -70.2897482505632 -22756327.273711 67446.015488413
2808520474.11584 400943003074.972 130251449563.553 -24170.7389826734 -85.692453171544 -22756327.2737089 67110.3115002792
2808587250.39428 399327383644.359 130245210955.538 -24218.3388064397 -101.186766779278 -22756327.2737069 66776.2784361701
2808653750.71051 397715271164.69 130237964254.5 -24266.0716602709 -116.786497414182 -22756327.2737048 66500.3162349366
2808719954.6665 396107179095.211 130229713744.318 -24313.9226232121 -132.487331692034 -22756327.2737026 66203.9559841297
2808785852.84603 394503357390.113 130220463421.226 -24361.8843681455 -148.287387517331 -22756327.2737005 65898.1795294547
2808851385.07341 392905296984.805 130210226278.779 -24409.9120264249 -164.172305389768 -22756327.2736984 65532.2273865676
2808916680.37039 391309873141.944 130198985143.659 -24458.0995860825 -180.173692231037 -22756327.2736964 65295.2969769307
2808981631.62847 389719723086.037 130186760989.101 -24506.3675758502 -196.265710399642 -22756327.2736942 64951.2580787261
2809046305.352 388133241849.291 130173544872.693 -24554.7646596769 -212.465077384055 -22756327.2736921 64673.7235297105
2809110617.2254 386552522392.842 130159358115.432 -24603.2268178131 -228.750829583356 -22756327.2736899 64311.8734000103
2809174707.88412 384974128737.412 130144172478.753 -24651.8595230337 -245.158961713094 -22756327.2736877 64090.6587186103
2809238535.29248 383399109758.456 130127998347.926 -24700.6311363924 -261.679500957539 -22756327.2736855 63827.408362549
2809302016.16544 381829543534.875 130110860405.294 -24749.4772623468 -278.291145838108 -22756327.2736832 63480.8729587668
2809365152.38442 380265412579.61 130092763828.915 -24798.3979122275 -294.994283518593 -22756327.273681 63136.2189847521
2809428029.27338 378704625874.015 130073687755.366 -24847.4584384114 -311.811745525431 -22756327.2736787 62876.8889597468
2809490616.31476 377147959856.309 130053643731.62 -24896.6346915269 -328.735858296405 -22756327.2736765 62587.0413785122
2809552914.84469 375595402478.566 130032634420.666 -24945.9271251551 -345.767337120812 -22756327.2736742 62298.5299260484
2809614833.78396 374049251516.347 130010696002.435 -24995.2623087251 -362.88122211314 -22756327.273672 61918.939272377
2809676507.51621 372506176246.661 129987785303.302 -25044.7462817395 -380.114778426196 -22756327.2736696 61673.7322471525
2809737926.53953 370966430202.787 129963907148.616 -25094.371409276 -397.466034075902 -22756327.2736672 61419.0233223992
2809799000.51071 369432301597.114 129939100614.349 -25144.0638216078 -414.909681981797 -22756327.2736649 61073.9711824369
2809859801.48389 367902005342.822 129913340942.043 -25193.8810900467 -432.466421476092 -22756327.2736626 60800.9731732786
2809920320.33101 366375791489.002 129886634936.774 -25243.8151926568 -450.134021327426 -22756327.2736601 60518.8471282484
2809980548.05324 364853908775.481 129858990058.364 -25293.8579824028 -467.910163954244 -22756327.2736577 60227.7222285239
2810040475.78511 363336604504.645 129830414418.743 -25344.0011901556 -485.792445238554 -22756327.2736553 59927.7318656132
2810100094.79865 361824124413.636 129800916778.514 -25394.2364278786 -503.778374436343 -22756327.2736529 59619.0135364858
2810159454.5698 360315235173.067 129770476241.436 -25444.6046320821 -521.883180404476 -22756327.2736505 59359.7711578884
2810218545.97643 358810187585.235 129739100048.982 -25495.0976452978 -540.104575809399 -22756327.2736481 59091.4066275751
2810277302.69136 357310695764.382 129706828117.868 -25545.6576734236 -558.422211732994 -22756327.2736456 58756.7149248762
2810335851.07714 355813555248.987 129673594169.101 -25596.3928508665 -576.87588263036 -22756327.273643 58548.3857885326
2810394094.26119 354321261424.959 129639455579.26 -25647.2188751924 -595.43559777799 -22756327.2736406 58243.1840509581
2810452033.83447 352833799177.382 129604416522.998 -25698.1358816067 -614.101900581752 -22756327.2736381 57939.5732727136
2810509783.72386 351348260663.621 129568410054.776 -25749.2437773011 -632.912130880298 -22756327.2736355 57749.8893874881
2810567247.98347 349867129676.248 129531497505.475 -25800.4575876167 -651.835763655473 -22756327.2736329 57464.2596189479
2810624362.85363 348392077712.868 129493725936.906 -25851.7189039068 -670.851657347488 -22756327.2736303 57114.8701541742
2810681250.26869 346919979467.525 129455019249.747 -25903.1360977604 -690.000565928056 -22756327.2736278 56887.4150653756
2810737836.34285 345452767143.329 129415430969.975 -25954.6417479115 -709.258025354193 -22756327.2736251 56586.0741609572
2810794176.9844 343989012849.398 129374925824.978 -26006.2859081431 -728.643360649696 -22756327.2736225 56340.6415474659
2810850145.67736 342532030895.6 129333600759.8 -26057.9510585452 -748.11292291187 -22756327.2736198 55968.6929628515
2810905871.6155 341078485409.339 129291366387.003 -26109.7549024385 -767.711534345962 -22756327.2736171 55725.9381368409
2810961399.5042 339627224252.167 129248189810.461 -26161.7391147121 -787.45578614588 -22756327.2736144 55527.8887013639
2811016647.06822 338180414736.618 129204137155.881 -26213.8263992129 -807.317069727322 -22756327.2736117 55247.5640173748
2811071605.88885 336738301527.179 129159220053.206 -26266.0076235584 -827.292462149124 -22756327.2736089 54958.8206264188
2811126329.87227 335299490911.002 129113398085.922 -26318.3332010674 -847.401917537464 -22756327.2736062 54723.9834277537
2811180790.46044 333864752669.78 129066698122.125 -26370.7752861884 -867.635444569792 -22756327.2736035 54460.5881686414
2811234979.10512 332434333980.15 129019131645.663 -26423.3247067616 -887.990134242201 -22756327.2736006 54188.6446792151
2811288948.57092 331006860638.906 128970655220.681 -26476.0321181566 -908.486335727242 -22756327.2735978 53969.4658011594
2811342619.33567 329584456856.245 128921344056.408 -26528.819041918 -929.094199508381 -22756327.273595 53670.7647472701
2811396002.73981 328166848495.941 128871193704.003 -26581.6950781253 -949.817986863567 -22756327.2735921 53383.4041406643
2811449100.32191 326754020249.574 128820208393.078 -26634.6602947304 -970.658262762026 -22756327.2735893 53097.5821020035
2811501963.78247 325344617928.636 128768342585.118 -26687.7653359273 -991.63561291383 -22756327.2735865 52863.4605589064
2811554574.86635 323939147178.68 128715617327.906 -26740.9912624337 -1012.74329194705 -22756327.2735836 52611.0838832531
2811606925.17457 322537853572.652 128662045093.555 -26794.3286658926 -1033.97824276601 -22756327.2735807 52350.3082112453
2811659055.64555 321139660012.688 128607587083.722 -26847.8186702876 -1055.35759000795 -22756327.2735778 52130.4709788602
2811710947.95186 319745075100.521 128552264886.859 -26901.4421055548 -1076.8744797195 -22756327.2735748 51892.3063148709
2811762584.00436 318354605065.962 128496101472.327 -26955.1794931319 -1098.52181746123 -22756327.2735718 51636.0525038614
2811813955.52194 316968495256.496 128439110469.068 -27009.0211097829 -1120.2963426804 -22756327.2735687 51371.5175798452
2811865054.35878 315586989284.933 128381306164.065 -27062.9570977218 -1142.19468199333 -22756327.2735656 51098.8368383902
2811915929.53572 314208782481.457 128322637101.511 -27117.0383049901 -1164.23819471233 -22756327.2735626 50875.1769401604
2811966515.83812 312835663621.027 128263183110.205 -27171.1942980235 -1186.39884364311 -22756327.2735595 50586.3023940108
2812016871.26814 311466081120.814 128202880968.021 -27225.4859510927 -1208.70219103696 -22756327.2735565 50355.4300199224
2812066965.84808 310100871021.676 128141770680.501 -27279.8800086078 -1231.13529799753 -22756327.2735534 50094.5799473726
2812116813.06288 308739688001.567 128079840542.044 -27334.3899588393 -1253.70440628346 -22756327.2735502 49847.2147983068
2812166450.95181 307381511417.507 128017046377.762 -27389.0568135774 -1276.42731190144 -22756327.2735471 49637.8889296004
2812215815.85986 306028103309.836 127953472751.704 -27443.8095553968 -1299.27524253165 -22756327.273544 49364.9080449504
2812265000.41632 304676942187.839 127889003488.379 -27498.7503271214 -1322.2916497005 -22756327.2735407 49184.5564634047
2812313886.84437 303331283809.619 127823797034.697 -27553.7466424138 -1345.42178848087 -22756327.2735374 48886.4280503035
2812362566.63131 301988632450.131 127757736418.385 -27608.9001563285 -1368.70909881657 -22756327.2735342 48679.7869381022
2812410977.51061 300650725807.757 127690910275.42 -27664.1393704946 -1392.12415695988 -22756327.2735308 48410.8792981736
2812459174.49953 299316064433.11 127623247131.05 -27719.525995239 -1415.69386610924 -22756327.2735275 48196.9889237562
2812507140.09988 297985150938.277 127554774784.031 -27775.0392818793 -1439.41024868898 -22756327.2735243 47965.6003487613
2812554857.05993 296658485086.065 127485522408.171 -27830.6581683608 -1463.26505857653 -22756327.2735209 47716.9600503764
2812602360.89815 295335099045.23 127415442432.186 -27886.4231556237 -1487.27647220029 -22756327.2735175 47503.8382199324
2812649643.37715 294015239828.11 127344550085.177 -27942.3239860542 -1511.44095999274 -22756327.2735142 47282.4789999295
2812696653.59169 292700351038.534 127272926991.884 -27998.2991141065 -1535.73262707629 -22756327.2735109 47010.2145382149
2812743435.65186 291389222230.422 127200511589.909 -28054.3995793494 -1560.17431036425 -22756327.2735075 46782.060171576
2812790023.94773 290080906434.462 127127253504.151 -28110.6661077514 -1584.78467990614 -22756327.273504 46588.2958753113
2812836350.06773 288777344674.109 127053264501.52 -28167.0150954371 -1609.52799002758 -22756327.2735005 46326.1199927004
2812882457.14051 287477345478.692 126978480912.566 -28223.4976641741 -1634.42743167727 -22756327.273497 46107.0727873908
2812928378.63495 286179980948.683 126902850893.497 -28280.154444061 -1659.50190186389 -22756327.2734934 45921.494436789
2812974006.13286 284888336348.481 126826558342.205 -28336.8502853317 -1684.69233278758 -22756327.27349 45627.497905616
2813019449.98267 283599310102.076 126749424100.352 -28393.720912532 -1710.05977960576 -22756327.2734864 45443.8498166893
2813064634.51289 282315068062.608 126671580749.599 -28450.6706570158 -1735.56242985135 -22756327.2734827 45184.5302175449
2813109610.39965 281034191575.209 126592946162.508 -28507.762054988 -1761.22906706238 -22756327.273479 44975.8867549536
2813154409.87747 279755777327.733 126513466054.231 -28565.0357794782 -1787.07903443648 -22756327.2734753 44799.4778236418
2813198918.64665 278483108889.554 126433348538.572 -28622.3443109844 -1813.0465300928 -22756327.2734717 44508.7691752105
2813243235.07503 277213396932.479 126352422589.734 -28679.8126604486 -1839.18892343997 -22756327.273468 44316.4283839406
2813287351.14958 275946886762.172 126270705441.467 -28737.4300028997 -1865.50232575942 -22756327.2734642 44116.0745541258
2813331241.36164 274684329432.528 126188248338.844 -28795.1620957891 -1891.9720195699 -22756327.2734605 43890.2120531045
2813374917.42684 273425407982.86 126105033896.519 -28853.0231978396 -1918.60541509532 -22756327.2734568 43676.065206127
2813418371.63002 272170364635.96 126021081370.954 -28911.0019583628 -1945.39817374614 -22756327.2734529 43454.2031732551
2813461634.51421 270918335227.835 125936335477.964 -28969.1382933368 -1972.36971121863 -22756327.2734491 43262.8841914995
2813504660.28092 269670664606.881 125850890358.637 -29027.3695711399 -1999.49188423278 -22756327.2734454 43025.7667151951
2813547479.18806 268426496268.931 125764691069.926 -29085.7353978054 -2026.78399639623 -22756327.2734415 42818.9071359375
2813590083.55904 267186072347.693 125677757384.724 -29144.2242562459 -2054.24160181585 -22756327.2734375 42604.3709792956
2813632465.84143 265949633274.969 125590109749.268 -29202.8244674134 -2081.86009897058 -22756327.2734335 42382.2823960491
2813674637.02044 264716878947.186 125501730433.756 -29261.5499237737 -2109.64692855392 -22756327.2734296 42171.179007003
2813716616.47822 263487260608.402 125412582631.649 -29320.4267369536 -2137.61545678842 -22756327.2734258 41979.4577773489
2813758387.92319 262261273130.721 125322704706.626 -29379.4311935575 -2165.7554435637 -22756327.2734217 41771.4449767927
2813799944.73904 261039130528.575 125232115711.502 -29438.5527055939 -2194.06277383137 -22756327.2734177 41556.8158433351
2813841305.91227 259820293283.75 125140778639.619 -29497.8171960247 -2222.550843821 -22756327.2734137 41361.1732273974
2813882437.58107 258605779549.07 125048773378.615 -29557.1747928397 -2251.19660278674 -22756327.2734096 41131.668802147
2813923367.12353 257394801932.679 124956044171.679 -29616.663516055 -2280.01929379825 -22756327.2734054 40929.5424601534
2813964104.63451 256187079560.441 124862572109.757 -29676.2970928522 -2309.02661727412 -22756327.2734014 40737.5109795783
2814004660.00498 254982335332.22 124768337670.564 -29736.0893392907 -2338.22643011653 -22756327.2733972 40555.3704698507
2814044983.0917 253782078672.957 124673462385.093 -29795.9649970394 -2367.58294528824 -22756327.273393 40323.0867246326
2814085100.71203 252585533421.726 124577889294.903 -29855.9621491056 -2397.11569859831 -22756327.2733889 40117.6203249733
2814125030.97037 251392177772.744 124481579523.039 -29916.1068110278 -2426.83855329887 -22756327.2733846 39930.2583410159
2814164749.70347 250202752716.293 124384595964.665 -29976.3613935726 -2456.73396378356 -22756327.2733804 39718.7331024071
2814204283.15045 249016491271.504 124286879159.196 -30036.7645082107 -2486.82212813769 -22756327.273376 39533.4469801893
2814243598.91414 247834385032.753 124188514167.835 -30097.2653222905 -2517.07873710861 -22756327.2733718 39315.7636894023
2814282747.9268 246654920525.882 124089377791.309 -30157.9411505467 -2547.54355395996 -22756327.2733673 39149.0126624989
2814321706.0216 245478841431.663 123989534322.058 -30218.753884828 -2578.19866788333 -22756327.2733629 38958.094800476
2814360441.39403 244307128688.172 123889071019.613 -30279.652258403 -2609.01919855149 -22756327.2733583 38735.3724302428
2814398979.66585 243139028766.322 123787927569.269 -30340.6747872841 -2640.02556984778 -22756327.2733539 38538.2718180308
2814437345.83718 241973800912.924 123686042243.932 -30401.8601086816 -2671.23858557348 -22756327.2733493 38366.1713329542
2814475524.29277 240811935643.557 123583460042.221 -30463.1824979557 -2702.64634207456 -22756327.2733448 38178.4555861871
2814513499.65627 239653920125.839 123480227352.42 -30524.6158695005 -2734.23654854927 -22756327.2733403 37975.3634988214
2814551288.70848 238499261869.905 123376303659.031 -30586.1859679985 -2766.02351968356 -22756327.2733357 37789.0522110135
2814588899.85608 237347721025.798 123271669838.322 -30647.9054900512 -2798.01501331239 -22756327.2733311 37611.147603109
2814626309.66181 236200033702.982 123166395898.191 -30709.7346747695 -2830.19154739678 -22756327.2733265 37409.8057322972
2814663542.61341 235055467200.113 123060417773.743 -30771.71267581 -2862.57463190966 -22756327.2733217 37232.9515958376
2814700575.4224 233914755987.761 122953806637.832 -30833.7993899913 -2895.1444522896 -22756327.273317 37032.808992884
2814737424.26804 232777421051.233 122846521239.516 -30896.0204395038 -2927.9155515173 -22756327.2733122 36848.8456355505
2814774082.07498 231643699396.94 122738587158.769 -30958.3624976889 -2960.88205939085 -22756327.2733073 36657.8069412416
2814810556.76956 230513364555.013 122629986090.864 -31020.8376413807 -2994.05151550208 -22756327.2733026 36474.6945844107
2814846856.10086 229386193706.823 122520699311.77 -31083.4579890464 -3027.43159308678 -22756327.2732977 36299.3312951235
2814882972.97957 228262424367.597 122410752570.634 -31146.2101317776 -3061.01638887678 -22756327.2732928 36116.878714967
2814918884.66323 227142784471.76 122300221103.482 -31209.0527815138 -3094.78488275174 -22756327.2732881 35911.6836537529
2814954629.03708 226026111850.63 122188993642.553 -31272.0507024659 -3128.77303725199 -22756327.2732832 35744.3738493032
2814990184.67045 224913093583.819 122077141477.593 -31335.1648595243 -3162.9610461726 -22756327.2732782 35555.6333690065
2815025573.2234 223803069301.394 121964601149.269 -31398.4324043224 -3197.37029138666 -22756327.2732732 35388.5529523428
2815060772.02664 222696767950.513 121851449577.873 -31461.8114523262 -3231.97924440281 -22756327.273268 35198.8032367513
2815095796.07896 221593736848.803 121737643867.881 -31525.3274673311 -3266.80301677561 -22756327.2732631 35024.0523218369
2815130646.24795 220493966014.475 121623185791.498 -31588.9807458725 -3301.84307252868 -22756327.2732579 34850.1689898929
2815165300.2281 219398178853.206 121508154422.043 -31652.7288105401 -3337.07719916848 -22756327.2732528 34653.9801571979
2815199786.44723 218305495498.729 121392460989.251 -31716.622296861 -3372.53459057683 -22756327.2732476 34486.2191239706
2815234098.01529 217216151362.626 121276133160.015 -31780.6471634166 -3408.20879413341 -22756327.2732424 34311.5680657619
2815268241.614 216129951548.502 121159152935.38 -31844.8145596799 -3444.10736273171 -22756327.273237 34143.5987011365
2815302210.41419 215047130678.67 121041548469.422 -31909.1102900709 -3480.22369528858 -22756327.2732318 33968.8001977421
2815336010.95578 213967497793.645 120923301985.779 -31973.5453265023 -3516.56529534332 -22756327.2732265 33800.5415911278
2815369641.99563 212891109718.142 120804422506.007 -32038.115959754 -3553.13144686969 -22756327.2732211 33631.0398454863
2815403096.79739 211818200060.431 120684939047.494 -32102.8077124129 -3589.91527550031 -22756327.2732158 33454.8017604971
2815436381.65824 210748585034.289 120564834448.936 -32167.6311661474 -3626.92411926077 -22756327.2732104 33284.8608490876
2815469502.72313 209682084245.596 120444091274.87 -32232.5969096371 -3664.16542917645 -22756327.2732048 33121.0648872253
2815502453.27489 208618931233.77 120322738878.427 -32297.6903355104 -3701.63223466313 -22756327.2731994 32950.5517659742
2815535219.23487 207559599642.885 120200835244.06 -32362.8817175125 -3739.30868379512 -22756327.2731938 32765.9599806984
2815567821.61778 206503428898.571 120078308037.569 -32428.2110538714 -3777.21919773611 -22756327.2731883 32602.3829072469
2815600278.70009 205449842028.527 119955092288.484 -32493.7139514648 -3815.38602368305 -22756327.2731827 32457.082308012
2815632549.07973 204400200469.59 119831350302.001 -32559.3053011801 -3853.76099106455 -22756327.273177 32270.3796392206
2815664665.6342 203353453270.297 119706961724.916 -32625.0501484699 -3892.38351582943 -22756327.2731713 32116.5544767712
2815696621.70351 202309833466.645 119581956655.628 -32690.933606754 -3931.24640540994 -22756327.2731657 31956.069310688
2815728415.3882 201269420018.938 119456347417.823 -32756.9502789462 -3970.34796838447 -22756327.2731599 31793.6846899453
2815760032.84634 200232684491.494 119330194615.075 -32823.0695497569 -4009.67144437747 -22756327.273154 31617.4581392936
2815791506.0046 199198596932.9 119203375812.982 -32889.3566700701 -4049.2571524549 -22756327.2731482 31473.1582541903
2815822820.89121 198167631654.445 119075951294.787 -32955.7810581431 -4089.08848229101 -22756327.2731422 31314.8866075092
2815853975.34957 197139876623.064 118947934872.061 -33022.3365807474 -4129.16328686964 -22756327.2731364 31154.4583650777
2815884962.94746 196115561969.931 118819358628.652 -33089.0076978116 -4169.4736720477 -22756327.2731303 30987.5978873211
2815915796.005 195094297909.218 118690176845.542 -33155.8192070244 -4210.03614120344 -22756327.2731243 30833.0575445883
2815946464.96943 194076418154.212 118560434883.536 -33222.7487164594 -4250.83863199862 -22756327.2731185 30668.964431418
2815976989.13178 193061298886.397 118430055973.149 -33289.8368157813 -4291.90750403842 -22756327.2731124 30524.1623446959
2816007336.55838 192050019922.956 118299182235.786 -33357.0114673011 -4333.20016704639 -22756327.2731062 30347.4266045517
2816037537.4781 191041592043.086 118167689238.289 -33424.3376459378 -4374.75805662412 -22756327.2730999 30200.9197184001
2816067582.14654 190036356774.371 118035624169.811 -33491.7921281442 -4416.56850645441 -22756327.2730936 30044.6684368553
2816097471.3721 189034304238.69 117902988896.426 -33559.374971488 -4458.63314613025 -22756327.2730873 29889.2255566179
2816127209.64629 188035300599.617 117769768674.372 -33627.0946556513 -4500.95889489042 -22756327.2730811 29738.2741978158
2816156804.88492 187039095534.181 117635932541.125 -33694.9677860139 -4543.5578857125 -22756327.2730744 29595.2386252447
2816186250.71617 186045919067.225 117501513804.856 -33762.9783241542 -4586.42182492747 -22756327.2730678 29445.8312533956
2816215533.86229 185056236700.348 117366578932.008 -33831.0936507736 -4629.53174989122 -22756327.2730614 29283.146119202
2816244665.58349 184069685847.735 117231082128.14 -33899.3379078798 -4672.90451660633 -22756327.2730552 29131.7212034576
2816273639.70254 183086493274.044 117095057999.152 -33967.6946494871 -4716.53129423693 -22756327.2730486 28974.1190499679
2816302487.67706 182105606599.955 116958363182.095 -34036.2367028692 -4760.46042640681 -22756327.2730423 28847.9745167217
2816331182.21901 181127968437.494 116821131122.162 -34104.8979044451 -4804.65141584928 -22756327.2730354 28694.5419522655
2816359714.15999 180153909784.998 116683412319.995 -34173.6540195312 -4849.09022226797 -22756327.2730289 28531.9409777849
2816388104.2647 179182739294.56 116545112541.145 -34242.5530347156 -4893.80952975329 -22756327.2730222 28390.1047094538
2816416339.52174 178214918917.881 116406300756.332 -34311.5614682712 -4938.78935074174 -22756327.2730154 28235.2570363353
2816444430.52306 177250102810.378 116266930747.434 -34380.70319187 -4984.04696555967 -22756327.2730085 28091.0013200921
2816472374.03741 176288418517.468 116127024010.861 -34449.9683776298 -5029.57773641 -22756327.2730018 27943.5143511235
2816500173.60046 175329760999.489 115986568392.95 -34519.3638744688 -5075.38796513713 -22756327.2729949 27799.5630485818
2816527839.43417 174373793072.055 115845516953.669 -34588.913599097 -5121.49538654648 -22756327.2729882 27665.8337164986
2816555351.92126 173421208996.789 115703975166.8 -34658.5663380757 -5167.86789852306 -22756327.2729814 27512.487085106
2816582730.48356 172471352846.74 115561848685.517 -34728.3693114877 -5214.53878933752 -22756327.2729744 27378.5622981411
2816609969.05142 171524450439.062 115419173762.164 -34798.3054038328 -5261.49861272639 -22756327.2729673 27238.5678598198
2816637064.08197 170580641288.018 115275974473.557 -34868.363571109 -5308.7418485479 -22756327.2729604 27095.0305568406
2816664025.36656 169639600130.857 115132204251.748 -34938.5673041127 -5356.28630590741 -22756327.272953 26961.2845912788
2816690833.63364 168702016518.71 114987971825.401 -35008.8642853735 -5404.09841505765 -22756327.2729459 26808.2670809614
2816717511.85808 167767103559.664 114843159390.624 -35079.3126750278 -5452.21963927156 -22756327.2729387 26678.2244308751
2816744049.66377 166835240275.288 114697828276.19 -35149.8832859915 -5500.63209397778 -22756327.2729315 26537.8056909944
2816770441.22082 165906648601.153 114552016695.157 -35220.5583255257 -5549.32543741319 -22756327.2729242 26391.557055729
2816796711.17214 164980476804.882 114405593517.279 -35291.4019740667 -5598.34597879282 -22756327.2729167 26269.9513134975
2816822842.41062 164057342649.704 114258658663.922 -35362.366449717 -5647.66284009051 -22756327.272909 26131.238484195
2816848829.15533 163137467532.709 114111251003.122 -35433.433704748 -5697.26538876538 -22756327.2729018 25986.7447090115
2816874687.06923 162220313245.952 113963287426.945 -35504.6444549072 -5747.18407547722 -22756327.272894 25857.9139000393
2816900403.86085 161306331730.216 113814843868.21 -35575.9627755667 -5797.39579179312 -22756327.2728868 25716.7916245305
2816925990.29296 160395156715.551 113665864021.154 -35647.4163439797 -5847.92208235856 -22756327.2728791 25586.4321100976
2816951448.71692 159486719406.536 113516339129.062 -35719.009887094 -5898.7685193999 -22756327.2728714 25458.423960795
2816976774.97362 158581183449.622 113366298793.074 -35790.7297664364 -5949.92762822772 -22756327.2728634 25326.256692941
2817001971.29647 157678484533.254 113215735205.492 -35862.580257115 -6001.40464931748 -22756327.2728558 25196.3228546892
2817027033.4522 156778790184.855 113064679348.532 -35934.5471258648 -6053.19155226052 -22756327.272848 25062.1557284769
2817051969.92713 155881811263.96 112913085535.132 -36006.6526551092 -6105.3065996811 -22756327.2728401 24936.4749273553
2817076768.69134 154987996486.586 112761032746.973 -36078.8598126047 -6157.72520735267 -22756327.2728323 24798.7642095174
2817101438.13469 154097059949.219 112608475787.385 -36151.1906163182 -6210.465491802 -22756327.272824 24669.4433550941
2817125986.50309 153208718639.791 112455368705.19 -36223.6672848882 -6263.54602333303 -22756327.2728159 24548.3683993471
2817150396.8068 152323603212.93 112301823309.762 -36296.2373780381 -6316.93064332598 -22756327.2728082 24410.3037112671
2817174682.28821 151441249850.394 112147762558.028 -36368.9378152588 -6370.6487073131 -22756327.2727998 24285.481404234
2817198838.51722 150561835001.133 111993220214.195 -36441.7531023617 -6424.69109237947 -22756327.2727916 24156.2290166256
2817222874.49554 149685046049.031 111838144085.887 -36514.7082308153 -6479.07874547684 -22756327.2727832 24035.9783180412
2817246778.46486 148811327411.612 111682615767.52 -36587.7652272214 -6533.78571763274 -22756327.2727752 23903.9693190333
2817270565.33444 147940149386.817 111526543833.246 -36660.9674205491 -6588.84686839392 -22756327.2727668 23786.8695789329
2817294217.26581 147072180969.696 111370051261.419 -36734.2575268958 -6644.22147939638 -22756327.2727584 23651.9313676795
2817317748.06882 146206931587.342 111213053059.517 -36807.6757673378 -6699.94224949048 -22756327.27275 23530.8030076988
2817341166.00793 145344111232.364 111055498735.645 -36881.2460102911 -6756.02995772565 -22756327.2727413 23417.9391177476
2817364452.67494 144484413246.549 110897517745.087 -36954.9081249776 -6812.44126920541 -22756327.2727329 23286.6670030982
2817387616.21638 143627553208.132 110739061402.981 -37028.6851927851 -6869.19620364045 -22756327.2727243 23163.5414420409
2817410657.89488 142773499804.045 110580126973.814 -37102.5787957321 -6926.29847727498 -22756327.2727158 23041.6785030016
2817433585.44553 141921980822.98 110420666344.398 -37176.6115410022 -6983.76821572498 -22756327.2727065 22927.5506441376
2817456393.43334 141073212452.724 110260722464.061 -37250.7637017699 -7041.59280719614 -22756327.2726978 22807.9878137448
2817479076.95932 140227392584.01 110100335840.017 -37325.0167737126 -7099.76035119931 -22756327.272689 22683.5259808941
2817501643.0413 139384274980.147 109939462933.625 -37399.3911654596 -7158.28940472141 -22756327.27268 22566.0819787504
2817524092.63322 138543838651.581 109778102440.68 -37473.8876679262 -7217.18330451843 -22756327.2726707 22449.5919259086
2817546420.7185 137706286605.281 109616296384.894 -37548.487086261 -7276.42952223431 -22756327.2726617 22328.0852768474
2817568639.97619 136871157675.756 109453958279.112 -37623.229438603 -7336.06263254483 -22756327.2726524 22219.2576895859
2817590745.25994 136038658984.464 109291130552.807 -37698.0952719707 -7396.07005443937 -22756327.2726432 22105.2837520694
2817612728.46323 135209111101.774 109127879045.571 -37773.0544774287 -7456.43035428055 -22756327.2726338 21983.203286626
2817634596.18406 134382280587.452 108964161137.764 -37848.1267878649 -7517.1620965161 -22756327.2726247 21867.7208347085
2817656352.0112 133558046237.834 108799955529.366 -37923.3220532888 -7578.27612363567 -22756327.2726154 21755.8271390661
2817677987.84668 132736729943.085 108635329435.608 -37998.6095973461 -7639.75029471898 -22756327.272606 21635.8354794276
2817699512.91728 131917996506.601 108470218754.512 -38074.0188205479 -7701.611434626 -22756327.2725965 21525.0705980045
2817720927.68959 131101842240.224 108304625227.16 -38149.5489346399 -7763.86191497057 -22756327.2725869 21414.7723127872
2817742224.0812 130288590195.155 108138617494.371 -38225.168680081 -7826.47884228125 -22756327.2725775 21296.3916017772
2817763408.25804 129478020237.553 107972153929.712 -38300.8970693847 -7889.48079486723 -22756327.272568 21184.176848214
2817784483.30439 128670028726.797 107805215980.103 -38376.7425177543 -7952.87780584879 -22756327.2725585 21075.0463425711
2817805449.4968 127864619141.674 107637806929.325 -38452.7034726586 -8016.67168902135 -22756327.2725486 20966.1924111738
2817826301.42651 127062014017.736 107469976042.376 -38528.7575438161 -8080.84664888968 -22756327.272539 20851.9297163503
2817847047.55953 126261901996.169 107301661076.219 -38604.9328667693 -8145.42950866879 -22756327.2725292 20746.1330163275
2817867685.41788 125464392556.1 107132887566.85 -38681.2177593351 -8210.41358566366 -22756327.2725192 20637.8583491771
2817888217.64802 124669397413.122 106963639395.87 -38757.6193673565 -8275.80820362308 -22756327.2725093 20532.2301441767
2817908636.19898 123877242990.559 106793989095.948 -38834.1048344868 -8341.58836037233 -22756327.2724994 20418.5509528256
2817928946.67596 123087726895.857 106623896621.776 -38910.6921056489 -8407.77255907909 -22756327.2724895 20310.4769811402
2817949145.99159 122300984013.474 106453394229.059 -38987.3665174333 -8474.35125884957 -22756327.2724795 20199.3156329503
2817969245.09148 121516602081.234 106282395258.042 -39064.1668305326 -8541.36144141766 -22756327.2724693 20099.0998852215
2817989238.30766 120734815835.692 106110953246.62 -39141.0687376127 -8608.78535859957 -22756327.2724589 19993.2161898513
2818009120.01528 119955860156.873 105939122998.259 -39218.0474623343 -8676.60448187038 -22756327.2724487 19881.707614106
2818028900.11063 119179361841.867 105766825238.199 -39295.1382803541 -8744.85319523615 -22756327.272438 19780.0953555349
2818048581.40525 118405223670.903 105594040548.1 -39372.3495330566 -8813.54251707682 -22756327.2724277 19681.2946143521
2818068155.87557 117633775082.096 105420845085.616 -39449.6468648368 -8882.64539747159 -22756327.2724171 19574.4703241456
2818087627.65605 116864867514.115 105247208502.939 -39527.0435102837 -8952.17709210324 -22756327.2724065 19471.7804807946
2818106994.13333 116098618458.544 105073160300.417 -39604.5259843418 -9022.12895624377 -22756327.2723957 19366.4772807258
2818126262.38943 115334761573.434 104898642675.255 -39682.1196348199 -9092.5274727512 -22756327.272385 19268.2560994943
2818145421.26817 114573753553.534 104723763066.142 -39759.7763239008 -9163.33246266912 -22756327.272374 19158.8787311249
2818164477.68657 113815334656.516 104548465300.364 -39837.5206440821 -9234.56973422999 -22756327.2723632 19056.4184043412
2818183436.33792 113059331840.924 104372712055.509 -39915.3686918303 -9306.25774918126 -22756327.2723522 18958.6513471472
2818202303.8651 112305492718.324 104196446492.73 -39993.3450820894 -9378.42322238723 -22756327.2723411 18867.5271820619
2818221067.01758 111554360068.995 104019797968.234 -40071.3920632788 -9451.01658129777 -22756327.27233 18763.1524824911
2818239729.07745 110805817119.883 103842742346.941 -40149.5198333298 -9524.05091028783 -22756327.2723191 18662.0598698835
2818258292.53836 110059777876.993 103665262227.947 -40227.7355432476 -9597.53666873463 -22756327.2723079 18563.4609094795
2818276758.52265 109316210924.596 103487352860.18 -40306.0407135963 -9671.47917753889 -22756327.2722969 18465.9842921644
2818295131.33333 108574956131.843 103308978279.782 -40384.450538436 -9745.89685517575 -22756327.2722856 18372.8106759766
2818313404.91429 107836271261.966 103130203086.58 -40462.9359820906 -9820.76617559894 -22756327.2722741 18273.5809573813
2818331580.1983 107100132725.191 102951024650.423 -40541.4975844581 -9896.09153801987 -22756327.2722631 18175.2840089546
2818349656.23647 106366593157.527 102771458948.054 -40620.1277086852 -9971.86951082444 -22756327.2722515 18076.0381723886
2818367633.82691 105635634478.326 102591504816.561 -40698.8262162719 -10048.1038528034 -22756327.2722397 17977.5904459351
2818385516.99719 104907106751.827 102411128279.828 -40777.6072595283 -10124.812330519 -22756327.2722281 17883.1702812327
2818403316.45169 104180586065.675 102230226129.962 -40856.5150630216 -10202.0425677472 -22756327.2722166 17799.4544956765
2818421014.22972 103456818627.239 102048986620.278 -40935.4667027595 -10279.7177407569 -22756327.272205 17697.7780315501
2818438622.54887 102735318654.249 101867291126.519 -41014.5130737535 -10357.8920826409 -22756327.2721932 17608.319146473
2818456135.18602 102016354379.249 101685209780.783 -41093.6228133768 -10436.5389540631 -22756327.2721815 17512.6371527064
2818473555.87609 101299786087.367 101502710079.059 -41172.8091939162 -10515.6758557389 -22756327.2721694 17420.6900646383
2818490884.91624 100585614776.515 101319794880.517 -41252.0700685393 -10595.3051050985 -22756327.2721574 17329.040154512
2818508120.98612 99873908287.407 101136484336.702 -41331.3957877857 -10675.4214487851 -22756327.2721456 17236.0698786558
2818525269.16441 99164469971.5041 100952730316.755 -41410.8062064826 -10756.049535372 -22756327.2721332 17148.1782953943
2818542323.15869 98457573439.0779 100768606398.634 -41490.2685446942 -10837.1606478204 -22756327.2721213 17053.9942744547
2818559289.35597 97752967298.9783 100584049882.561 -41569.808856389 -10918.7859674381 -22756327.2721089 16966.1972847312
2818576161.42267 97050928015.2922 100399136041.985 -41649.3936737317 -11000.895749775 -22756327.2720964 16872.0666942431
2818592948.92498 96351070665.6641 100213766132.822 -41729.0644149213 -11083.537472292 -22756327.2720839 16787.5023113898
2818609642.05571 95653817337.1965 100028054702.139 -41808.7707494933 -11166.6636763081 -22756327.2720716 16693.1307348937
2818626254.95144 94958590355.1236 99841850311.8996 -41888.5765079296 -11250.345876955 -22756327.2720593 16612.895723815
2818642775.06314 94265927562.3817 99655299372.411 -41968.4177355943 -11334.5220405321 -22756327.2720469 16520.1117025053
2818659208.11989 93575602326.6185 99468343922.2157 -42048.3180809222 -11419.2218661241 -22756327.2720344 16433.0567482618
2818675557.1351 92887500669.367 99280955427.651 -42128.2884666523 -11504.4620837054 -22756327.2720215 16349.0152071234
2818691816.90574 92201854527.8221 99093199674.0702 -42208.2995454038 -11590.2164899858 -22756327.2720088 16259.7706420298
2818707990.36929 91518553334.4257 98905049304.6212 -42288.3617028598 -11676.5012153114 -22756327.2719957 16173.4635496285
2818724081.59351 90837437769.9709 98716462778.9672 -42368.4912429867 -11763.3391586315 -22756327.2719827 16091.2242253398
2818740085.2512 90158746092.7232 98527508597.343 -42448.6576770454 -11850.7025721264 -22756327.2719696 16003.6576861013
2818756004.11743 89482373764.5795 98338160516.407 -42528.8707593331 -11938.6072850881 -22756327.2719568 15918.8662356835
2818771838.53907 88808318899.2719 98148420647.9916 -42609.1281557479 -12027.0561014217 -22756327.2719436 15834.4216315519
2818787585.49119 88136723513.5855 97958331957.7231 -42689.4102594249 -12116.0326672177 -22756327.2719302 15746.9521248347
2818803249.75617 87467396757.7774 97767843327.9629 -42769.7371812928 -12205.5646274144 -22756327.271917 15664.26497756
2818818834.91096 86800197972.5752 97576916876.072 -42850.1232927042 -12295.6737840484 -22756327.2719038 15585.1547952463
2818834338.88556 86135227851.0996 97385583490.5792 -42930.5539389678 -12386.3495986155 -22756327.2718904 15503.9745996402
2818849756.11527 85472738136.7805 97193918533.193 -43010.9958572371 -12477.5601042882 -22756327.2718767 15417.22970676
2818865094.48142 84812403029.5042 97001830521.974 -43091.4858041187 -12569.3526516432 -22756327.2718632 15338.3661494634
2818880352.77917 84154286534.7489 96809340251.8164 -43172.0133162002 -12661.7213496779 -22756327.2718496 15258.2977468804
2818895528.84418 83498494619.8883 96616481319.9967 -43252.56260323 -12754.6539808307 -22756327.271836 15176.0650151031
2818910626.72954 82844864603.7258 96423208373.4682 -43333.1508192769 -12848.1763597228 -22756327.2718222 15097.885359569
2818925645.06126 82193468180.9681 96229544903.7228 -43413.7663169278 -12942.2811663373 -22756327.2718085 15018.3317189039
2818940586.81027 81544188582.7337 96035458397.2168 -43494.4207261523 -13036.9882959692 -22756327.2717947 14941.7490082272
2818955440.95216 80897518001.9656 95841099124.0264 -43575.0497799452 -13132.2281762497 -22756327.2717808 14854.1418933764
2818970219.88036 80252929938.6856 95646311924.6998 -43655.7159775274 -13228.0806257632 -22756327.271767 14778.9282004949
2818984921.98538 79610506403.2858 95451123598.5727 -43736.4061712504 -13324.5366614774 -22756327.271753 14702.1050142782
2818999549.93103 78970142752.3958 95255504330.1132 -43817.1305889037 -13421.6152535986 -22756327.2717386 14627.9456557572
2819014101.99752 78331925986.1476 95059482649.2972 -43897.8753124834 -13519.3065059483 -22756327.2717246 14552.0664822046
2819028571.47442 77696163209.9293 94863155836.5271 -43978.5982214115 -13617.5658209918 -22756327.2717106 14469.4769091618
2819042965.13599 77062569643.0956 94666438987.5348 -44059.332146153 -13716.4395547767 -22756327.2716963 14393.6615650283
2819057286.04035 76431022416.2746 94469295992.2463 -44140.0896440317 -13815.9501250036 -22756327.2716819 14320.9043571184
2819071528.05772 75801804039.577 94271817501.161 -44220.8313348174 -13916.0558869382 -22756327.2716675 14242.0173693553
2819085697.65684 75174640938.2563 94073920159.843 -44301.5890142025 -14016.8032028471 -22756327.2716532 14169.599121936
2819099792.23211 74549660258.0083 93875646244.7045 -44382.3430495503 -14118.1748110999 -22756327.2716389 14094.5752717687
2819113809.76929 73926963761.469 93677030804.0027 -44463.0768299357 -14220.1568189726 -22756327.2716243 14017.537178132
2819127757.03366 73306262856.6712 93477984095.0487 -44543.8243837173 -14322.7995311479 -22756327.2716098 13947.2643690557
2819141631.33036 72687688989.6868 93278550192.1602 -44624.565275488 -14426.0846152597 -22756327.2715948 13874.2967033253
2819155426.90866 72071511158.9093 93078818806.5427 -44705.2607454355 -14529.9695786128 -22756327.27158 13795.5782998362
2819169153.81201 71457292928.7102 92878651040.6698 -44785.9643600251 -14634.5308149009 -22756327.2715652 13726.9033453642
2819182810.18102 70845128728.6015 92678079366.0197 -44866.6602912972 -14739.7558887274 -22756327.2715504 13656.3690176995
2819196393.66208 70235135870.9738 92477144492.5362 -44947.329464926 -14845.627741036 -22756327.2715354 13583.4810582826
2819209902.29421 69627414813.3235 92275882384.3711 -45027.9547947438 -14952.1314763694 -22756327.2715204 13508.6321326719
2819223345.27465 69021563381.0155 92074161944.9441 -45108.5859733945 -15059.3408654609 -22756327.2715054 13442.9804408957
2819236716.4673 68417869400.5536 91872080816.4812 -45189.1810489884 -15167.208544422 -22756327.2714901 13371.1926493394
2819250013.35955 67816458708.0032 91669684061.7493 -45269.7192639663 -15275.7145127896 -22756327.2714748 13296.8922446236
2819263245.40318 67216915425.0263 91466833903.9908 -45350.2524777966 -15384.9370259203 -22756327.2714596 13232.0436295314
2819276406.00458 66619549648.7077 91263637179.0699 -45430.7352131015 -15494.8230768606 -22756327.2714441 13160.6014031993
2819289496.56544 66024309788.1839 91060078979.0813 -45511.1703834433 -15605.3849385508 -22756327.2714288 13090.56086141
2819302518.26874 65431153836.7203 90856147348.1337 -45591.5596289224 -15716.6334257648 -22756327.2714133 13021.7032964404
2819315472.35186 64840036985.8227 90651829073.8545 -45671.9049809312 -15828.5801723567 -22756327.2713978 12954.0831210465
2819328359.96671 64250918004.0927 90447111880.4379 -45752.2079946996 -15941.2364381843 -22756327.2713821 12887.6148508884
2819341178.35597 63663934523.1007 90242045858.7462 -45832.4457458884 -16054.5790717357 -22756327.2713664 12818.3892611074
2819353928.45417 63079055619.9555 90036622790.3903 -45912.618178168 -16168.6168919791 -22756327.2713509 12750.098192497
2819366611.21406 62496249294.6709 89830833869.1061 -45992.7253726185 -16283.3591394718 -22756327.2713349 12682.7598964782
2819379231.20857 61915316514.0397 89624610618.7268 -46072.7904507523 -16398.8486441251 -22756327.2713192 12619.9945107011
2819391781.76659 61336575785.9282 89418068266.996 -46152.7651523126 -16515.0253681505 -22756327.2713034 12550.5580159277
2819404267.37124 60759832122.9335 89211139760.554 -46232.6719303191 -16631.9313561447 -22756327.2712879 12485.6046567806
2819416692.3796 60184895004.6134 89003758194.8999 -46312.5328351685 -16749.6092462635 -22756327.2712719 12425.008353391
2819429049.90462 59612094220.2187 88796044396.2006 -46392.2975735434 -16867.9951297706 -22756327.2712555 12357.5250205771
2819441344.20018 59041244076.9201 88587933331.9355 -46471.9873796329 -16987.1305300205 -22756327.27124 12294.2955644271
2819453575.66155 58472337210.9949 88379424082.9781 -46551.5986930184 -17107.0206929024 -22756327.2712235 12231.461367079
2819465741.01865 57905537111.6777 88170578811.0293 -46631.1039030442 -17227.6343763928 -22756327.2712076 12165.3571023306
2819477840.59573 57340840475.2 87961399034.2693 -46710.4985978363 -17348.9749715856 -22756327.2711914 12099.5770764259
2819489878.24503 56778078877.501 87751824617.3371 -46789.8016028396 -17471.0818636985 -22756327.2711751 12037.6493033875
2819501857.70222 56217088196.1863 87541795726.5784 -46869.0312829543 -17593.9948903663 -22756327.2711589 11979.4571845074
2819513771.85918 55658212280.0478 87331442934.2399 -46948.1341591323 -17717.6423530366 -22756327.2711425 11914.1569602352
2819525624.30939 55101294020.0577 87120709524.2985 -47027.1273974435 -17842.0620284699 -22756327.271126 11852.4502174824
2819537418.47553 54546183275.5484 86909540197.3079 -47106.0272925281 -17967.2914521731 -22756327.2711096 11794.166139336
2819549150.70207 53993062867.7334 86698006128.7262 -47184.8027721529 -18093.2932498377 -22756327.2710929 11732.2265394634
2819560824.30314 53441787417.9053 86486053478.4059 -47263.4693650248 -18220.1042690476 -22756327.2710762 11673.6010624972
2819572432.08647 52892707955.4674 86273819619.5454 -47341.9716486002 -18347.6467731999 -22756327.2710593 11607.7833298082
2819583980.69134 52345521926.9614 86061190189.6693 -47420.3474595304 -18475.9938572068 -22756327.2710428 11548.6048704259
2819595473.17214 51800095029.5825 85848114252.9598 -47498.6107157539 -18605.1813038661 -22756327.2710259 11492.4808040089
2819606905.42844 51256632466.2181 85634673461.852 -47576.726550317 -18735.1645302312 -22756327.271009 11432.2562965902
2819618280.35403 50715007468.7139 85420819777.3336 -47654.7076560333 -18865.977586965 -22756327.2709923 11374.9255911052
2819629593.86431 50175425519.3439 85206636347.887 -47732.5188179403 -18997.5742711219 -22756327.2709749 11313.5102850994
2819640848.7059 49637766824.3772 84992077930.4188 -47810.1715772067 -19129.9868891419 -22756327.2709577 11254.8415874632
2819652047.22921 49101929763.1987 84777105597.6555 -47887.6748751168 -19263.2443220765 -22756327.2709408 11198.5233088155
2819663185.33492 48568121403.4798 84561804405.4384 -47964.9929160801 -19397.2985170943 -22756327.2709236 11138.1057161509
2819674271.9572 48035923977.6818 84346007175.4151 -48042.1803479005 -19532.2585817751 -22756327.2709064 11086.6222780267
2819685299.58093 47505708542.4472 84129865550.4764 -48119.1774240128 -19668.0347635871 -22756327.2708895 11027.6237275543
2819696267.10266 46977539506.4325 83913408405.0546 -48195.9686618187 -19804.6132592572 -22756327.2708724 10967.5217318593
2819707179.83659 46451171870.9726 83696537384.4711 -48272.5835235373 -19942.0607535109 -22756327.2708554 10912.7339315725
2819718036.69297 45926668686.1937 83479279940.942 -48349.0066378295 -20080.3647720925 -22756327.270838 10856.8563764965
2819728839.53972 45403950161.8199 83261604457.9341 -48425.2433549357 -20219.5503855038 -22756327.2708211 10802.846753596
2819739586.7373 44883106109.0706 83043549818.7084 -48501.274213481 -20359.5976445432 -22756327.2708042 10747.1975772271
2819750277.03164 44364208164.2418 82825148055.3368 -48577.0822788824 -20500.4905864125 -22756327.270787 10690.2943343185
2819760915.19265 43847035310.6415 82606307700.0567 -48652.6933048358 -20642.2930800993 -22756327.2707701 10638.1610108986
2819771499.57979 43331677511.4302 82387067950.6069 -48728.0875361075 -20784.9848116959 -22756327.2707529 10584.3871404382
2819782031.36636 42818087951.8028 82167410179.8998 -48803.2651209025 -20928.5828997377 -22756327.2707357 10531.7865775351
2819792508.78076 42306363459.2497 81947377275.007 -48878.2050895068 -21073.0641940825 -22756327.2707183 10477.4143931397
2819802936.15306 41796302746.0022 81726883813.4312 -48952.9300407905 -21218.4898544767 -22756327.2707012 10427.3723026564
2819813308.50462 41288159666.9674 81506040858.6572 -49027.3958094133 -21364.7915807037 -22756327.2706838 10372.3515571208
2819823627.22012 40781877159.0765 81284825636.6385 -49101.6036792532 -21511.9890172132 -22756327.2706659 10318.7155012744
2819833896.04393 40277281757.5403 81063163590.149 -49175.5719162469 -21660.1367524637 -22756327.2706487 10268.8238086555
2819844115.56592 39774354297.1278 80841046868.5968 -49249.2960752464 -21809.2453691199 -22756327.2706316 10219.5219963975
2819854283.60068 39273212377.5111 80618528334.6054 -49322.7515602515 -21959.2845095262 -22756327.2706144 10168.0347596566
2819864397.93179 38773975822.0511 80395662978.0408 -49395.9133594951 -22110.2217342099 -22756327.270597 10114.3311028309
2819874459.24913 38276621376.7852 80172442570.8599 -49468.7773463465 -22262.0670320553 -22756327.2705796 10061.3173434012
2819884474.00404 37780840202.2626 79948729472.3017 -49541.3811134661 -22414.9190910252 -22756327.2705622 10014.7549095237
2819894439.41074 37286779923.8726 79724590691.4737 -49613.6952690873 -22568.7374918823 -22756327.2705452 9965.40670286204
2819904352.9908 36794573753.9377 79500088092.2672 -49685.6924686848 -22723.4845490292 -22756327.2705283 9913.58006020242
2819914217.61577 36304089463.3068 79275162810.8681 -49757.3841066697 -22879.205576513 -22756327.2705109 9864.62496740388
2819924033.16882 35815342953.7366 79049823171.9526 -49828.7597902498 -23035.8997640381 -22756327.2704933 9815.55304690999
2819933799.81321 35328336231.8191 78824071211.1406 -49899.8110550719 -23193.5705845504 -22756327.2704759 9766.64439046893
2819943517.26288 34843093758.133 78597919489.449 -49970.5260613927 -23352.2140676389 -22756327.2704585 9717.44967165733
2819953188.12826 34359495177.3953 78371312785.9688 -50040.9139451003 -23511.8739293544 -22756327.2704411 9670.86537949132
2819962809.34975 33877703578.3102 78144328567.0542 -50110.9424678799 -23672.5004444572 -22756327.2704234 9621.22149104428
2819972386.10128 33397469788.5537 77916850165.5241 -50180.6392052596 -23834.1811881576 -22756327.270406 9576.75153166458
2819981914.77172 32918984692.1133 77688968509.061 -50249.967678477 -23996.8566449672 -22756327.2703888 9528.67044367399
2819991395.05352 32442273989.4694 77460697192.0218 -50318.915351075 -24160.5217098838 -22756327.2703714 9480.28180034844
2820000834.24807 31966980113.4467 77231865064.155 -50387.5248760477 -24325.3044042328 -22756327.270354 9439.19454843999
2820010225.81735 31493441824.5334 77002635221.9201 -50455.7381569415 -24491.0926042642 -22756327.2703369 9391.56927558577
2820019569.00586 31021707561.2982 76773032642.5909 -50523.5390741621 -24657.8726541199 -22756327.2703192 9343.18850954668
2820028868.26855 30551562406.8445 76542953603.2665 -50590.9491793804 -24825.7246448575 -22756327.2703021 9299.2626922155
2820038122.43119 30083075452.2814 76312432223.2128 -50657.9490310058 -24994.6287303066 -22756327.2702849 9254.16264344164
2820047330.02527 29616331077.9896 76081510952.0359 -50724.5169865291 -25164.5584554259 -22756327.270268 9207.5940805538
2820056495.36955 29151120158.922 75850086756.0184 -50790.6730965468 -25335.594541247 -22756327.270251 9165.34427463471
2820065616.79568 28687536957.3545 75618206492.9487 -50856.3939778758 -25507.7074896158 -22756327.2702339 9121.42613229245
2820074694.87332 28225562260.2437 75385860824.6396 -50921.67228763 -25680.9091471718 -22756327.2702169 9078.07763891604
2820083728.01042 27765286970.014 75153096041.4955 -50986.4850328908 -25855.1697041844 -22756327.2702 9033.13709600886
2820092717.55262 27306652473.105 74919883213.5982 -51050.8302121523 -26030.515390041 -22756327.2701828 8989.54220609977
2820101666.7408 26849502980.0805 74686142939.0057 -51114.7191229987 -26207.0109539613 -22756327.2701662 8949.18817695058
2820110570.497 26394107664.3381 74452013140.7305 -51178.1035414728 -26384.5569717176 -22756327.2701495 8903.75619947064
2820119432.34722 25940296154.3787 74217406941.6212 -51240.9965205778 -26563.2237489157 -22756327.2701323 8861.85021891317
2820128252.21172 25488082221.1157 73982331512.0946 -51303.3852147384 -26743.0105857376 -22756327.2701154 8819.86450572549
2820137030.68855 25037444887.4336 73746775965.8857 -51365.2614275337 -26923.930535092 -22756327.2700987 8778.47682512712
2820145767.75103 24588395200.0303 73510746050.5791 -51426.6123940161 -27105.9838804462 -22756327.270082 8737.06248187845
2820154463.27119 24140949474.2029 73274250432.5739 -51487.4245164965 -27289.1685082218 -22756327.2700655 8695.52015827091
2820163119.64723 23694993881.4714 73037228606.113 -51547.701637771 -27473.5360512845 -22756327.2700491 8656.37604061578
2820171736.24895 23250570351.8535 72799702188.4774 -51607.4262217472 -27659.0745915068 -22756327.2700326 8616.60172028573
2820180312.62525 22807711760.7341 72561688405.3831 -51666.5819051946 -27845.7753166324 -22756327.2700162 8576.3763042409
2820188846.2221 22366559911.6428 72323263906.5079 -51725.1378617706 -28033.582216232 -22756327.27 8533.59684267424
2820197344.11944 21926758365.9723 72084235512.6148 -51783.1290853344 -28222.6520782802 -22756327.2699835 8497.89734210419
2820205802.41196 21488518576.9142 71844716938.0602 -51840.5150166287 -28412.8998985004 -22756327.2699673 8458.29252103997
2820214222.4939 21051777910.7319 71604673406.4119 -51897.291202737 -28604.3577793228 -22756327.2699511 8420.08193738104
2820222600.89829 20616726020.1879 71364209193.9157 -51953.420353606 -28796.9466089237 -22756327.2699354 8378.40439228928
2820230941.89835 20183150817.3571 71123207002.2358 -52008.9169992716 -28990.7643755046 -22756327.2699192 8341.00006179567
2820239246.52253 19751008244.9542 70881641059.1641 -52063.7733800005 -29185.8364776949 -22756327.2699034 8304.62417961984
2820247512.90137 19320405104.8094 70639570061.5099 -52117.9624518459 -29382.1199400723 -22756327.269887 8266.37883659969
2820255742.14008 18891293457.8339 70396966317.6736 -52171.4766721596 -29579.6413983275 -22756327.2698715 8229.23870879062
2820263934.91276 18463647689.6891 70153814235.7634 -52224.3053484214 -29778.4178535838 -22756327.269856 8192.77268037316
2820272091.14193 18037481382.1233 69910120350.0495 -52276.4327019614 -29978.4482217835 -22756327.2698407 8156.22917803906
2820280211.25418 17612781806.043 69665876176.8672 -52327.845994171 -30179.7436365048 -22756327.2698252 8120.11224872802
2820288295.5571 17189542425.2791 69421076636.2504 -52378.5314854098 -30382.3124212331 -22756327.26981 8084.30291568345
2820296344.07966 16767771297.9905 69175725052.7591 -52428.4734808434 -30586.1558660534 -22756327.2697947 8048.52256407422
2820304358.9166 16347368120.1803 68929761253.8358 -52477.6687295195 -30791.3281809727 -22756327.2697797 8014.83693448071
2820312338.34211 15928432906.4317 68683241899.9834 -52526.0901835958 -30997.7862254653 -22756327.2697647 7979.42551755066
2820320283.01332 15510940779.1633 68436150847.9698 -52573.7253183431 -31205.5473241226 -22756327.2697501 7944.67120850231
2820328193.61992 15094865070.2029 68188470518.5439 -52620.5614451134 -31414.6301118908 -22756327.2697356 7910.60660024073
2820336070.38206 14680203763.8438 67940197736.2498 -52666.5827692618 -31625.0411032872 -22756327.2697213 7876.76213959084
2820343912.59893 14267003402.224 67691358591.1863 -52711.7679843976 -31836.7617783316 -22756327.2697065 7842.2168633312
2820351721.70653 13855197973.0315 67441911417.7721 -52756.107892492 -32049.8311244771 -22756327.2696917 7809.10760243307
2820359497.3613 13444815223.0069 67191870875.9264 -52799.5827612416 -32264.2401551058 -22756327.2696776 7775.65477288005
2820367241.47244 13035763970.4674 66941178883.3424 -52842.1850944967 -32480.0422864819 -22756327.2696636 7744.11113633399
2820374952.49661 12628135348.8314 66689888723.2281 -52883.8879967155 -32697.1951398041 -22756327.2696495 7711.02417520487
2820382632.95462 12221805711.4732 66437921377.3649 -52924.6863623163 -32915.7704645562 -22756327.2696359 7680.45800919393
2820390279.79627 11816946125.6317 66185380346.6654 -52964.5451412585 -33135.6816642315 -22756327.2696221 7646.84164981208
2820397895.95506 11413411041.1862 65932172354.0571 -53003.460602204 -33357.0129396133 -22756327.2696087 7616.15878672105
2820405481.85426 11011187653.954 65678285949.2131 -53041.41517257 -33579.777629363 -22756327.2695954 7585.89920096612
2820413037.25262 10610298431.123 65423731891.6628 -53078.3876683592 -33803.9694533356 -22756327.269582 7555.39835967435
2820420561.58855 10210782952.0989 65168532183.8942 -53114.3552900654 -34029.5718533492 -22756327.2695692 7524.33593139342
2820428056.41252 9812568681.67714 64912637115.7489 -53149.3050222257 -34256.6315474208 -22756327.2695565 7494.82396818857
2820435521.88965 9415656607.58164 64656043470.0469 -53183.2166922601 -34485.1542345138 -22756327.2695439 7465.47713266498
2820442958.03188 9020055913.90607 64398753321.8387 -53216.0691562361 -34715.1407196474 -22756327.269531 7436.14222317358
2820450364.89111 8625773718.97127 64140767464.2742 -53247.8412117257 -34946.5927297511 -22756327.2695189 7406.85923660848
2820457743.26928 8232777240.61334 63882060386.9799 -53278.5144776629 -35179.5354988925 -22756327.2695062 7378.37817143177
2820465094.39625 7841010853.15917 63622590804.1166 -53308.0716043798 -35414.008658094 -22756327.2694945 7351.12697070207
2820472416.48647 7450579691.769 63362423895.9767 -53336.4828250573 -35649.9554222855 -22756327.2694831 7322.0902127192
2820479711.11337 7061409913.58452 63101506111.7824 -53363.731462598 -35887.4261848346 -22756327.2694716 7294.62690125009
2820486979.07663 6673468886.49314 62839810488.2488 -53389.7969626215 -36126.4474649988 -22756327.2694602 7267.96325920481
2820494220.69229 6286749804.59746 62577327006.8189 -53414.6564043697 -36367.0303223942 -22756327.2694483 7241.61566560518
2820501436.09084 5901255827.34304 62314052258.3832 -53438.2858080109 -36609.1795983131 -22756327.2694373 7215.3985447948
2820508625.52253 5516983778.47718 62049978413.7075 -53460.6612017477 -36852.9039987637 -22756327.2694263 7189.43168731516
2820515789.06006 5133940037.10345 61785104108.4389 -53481.7576674483 -37098.2060579405 -22756327.2694154 7163.53753569805
2820522927.50404 4752092115.23727 61519400847.4372 -53501.5519187736 -37345.1132990355 -22756327.2694054 7138.44397494977
2820530041.93952 4371392322.02348 61252828771.4536 -53520.0205376345 -37593.6639245231 -22756327.2693954 7114.4354829094
2820537132.1918 3991860424.40552 60985394731.8258 -53537.1360913012 -37843.8525595387 -22756327.2693853 7090.25228357439
2820544197.59217 3613542751.41212 60717124689.4484 -53552.8699076048 -38095.655462782 -22756327.2693758 7065.40037119656
2820551239.23772 3236391175.10511 60447977685.1143 -53567.1969454675 -38349.1113708443 -22756327.2693663 7041.64554844697
2820558257.70011 2860385750.7726 60177932052.3703 -53580.0900881601 -38604.2409333553 -22756327.2693563 7018.46239184073
2820565253.91506 2485487094.0464 59906951511.255 -53591.5219904625 -38861.078590326 -22756327.2693472 6996.21495096761
2820572227.62289 2111719959.90803 59635045696.6005 -53601.4626091775 -39119.6151342466 -22756327.2693386 6973.70782021606
2820579180.06939 1739028511.19774 59362165339.2871 -53609.8834283934 -39379.8971409699 -22756327.2693295 6952.44650718662
2820586111.19709 1367426862.48337 59088311648.8278 -53616.7533308255 -39641.9230142071 -22756327.269321 6931.12769959493
2820593021.67567 996890254.481699 58813456985.5606 -53622.0413402557 -39905.7184722402 -22756327.2693119 6910.47858232527
2820599911.23891 627444225.115427 58537610708.8018 -53625.7150837566 -40171.2734696261 -22756327.2693043 6889.56323207931
2820606781.14744 259032555.272358 58260720827.1779 -53627.7423116235 -40438.6367509046 -22756327.2692957 6869.90853005138
2820613631.31005 -108328356.994688 57982789139.3532 -53628.0892402319 -40707.8050436018 -22756327.2692881 6850.16261823023
2820620462.96884 -474693479.985111 57703763012.409 -53626.7213125143 -40978.8275389797 -22756327.2692804 6831.65878805461
2820627275.53827 -840019629.680307 57423663961.116 -53623.6033303731 -41251.6812085403 -22756327.2692728 6812.56942352526
2820634070.64963 -1204382350.50709 57142422187.6643 -53618.6983572257 -41526.4316164589 -22756327.2692657 6795.1113607712
2820640847.85272 -1567745408.11421 56860053214.5275 -53611.969580152 -41803.060878213 -22756327.2692585 6777.20308951158
2820647608.22357 -1930154235.83749 56576508936.583 -53603.3780349754 -42081.6129950094 -22756327.2692513 6760.37085036266
2820654352.32806 -2291626726.1976 56291761759.4847 -53592.8839027314 -42362.1116973144 -22756327.2692447 6744.10448984185
2820661081.35141 -2652213760.16459 56005757136.6186 -53580.4449348701 -42644.6070842696 -22756327.269237 6729.02335122465
2820667794.86491 -3011879522.65121 55718508553.9353 -53566.0206131603 -42929.0817554175 -22756327.2692304 6713.51350086264
2820674493.93259 -3370667971.62595 55429965565.6484 -53549.5664595877 -43215.5811002055 -22756327.2692237 6699.0676854315
2820681179.08316 -3728594141.99536 55140099883.9249 -53531.0376359119 -43504.1282822167 -22756327.269217 6685.15057054395
2820687850.78096 -4085669379.22177 54848885513.5309 -53510.3882041103 -43794.7437739705 -22756327.2692113 6671.69779700866
2820694509.72873 -4441917527.61756 54556285492.0114 -53487.5701063529 -44087.4585775762 -22756327.2692051 6658.94776706069
2820701156.94154 -4797378841.01591 54262248252.3721 -53462.5324284866 -44382.317974264 -22756327.2691984 6647.21281382192
2820707793.10351 -5152075547.22451 53966735891.9258 -53435.2235541106 -44679.3532081098 -22756327.2691927 6636.16196627599
2820714418.69048 -5506018425.14002 53669719131.2084 -53405.5911066625 -44978.5863662414 -22756327.2691865 6625.58697028659
2820721034.45792 -5859232858.5032 53371155527.7279 -53373.5798258258 -45280.0522613184 -22756327.2691803 6615.76743931003
2820727641.49951 -6211761899.29523 53070986375.062 -53339.1306790822 -45583.8016754815 -22756327.2691731 6607.04159237085
2820734240.64605 -6563634142.79027 52769163759.166 -53302.1836185645 -45889.8740176891 -22756327.2691669 6599.1465356062
2820740832.42546 -6914861619.60147 52465652790.9396 -53262.6782511949 -46198.294880079 -22756327.2691607 6591.77941117061
2820747417.88735 -7265819937.50027 52160099892.4167 -53220.5072202555 -46509.4139372051 -22756327.2691541 6585.46189647734
2820753998.05737 -7616155360.74355 51852783054.6535 -53175.6459370695 -46822.9376296837 -22756327.2691474 6580.17001166206
2820760573.87696 -7965905025.11946 51543642056.8318 -53128.0245273372 -47138.9150877718 -22756327.2691398 6575.81959296748
2820767146.26486 -8315101031.41557 51232619417.4579 -53077.5709385731 -47457.3919198424 -22756327.2691326 6572.38790383969
2820773716.42698 -8663773690.12355 50919657576.6492 -53024.2105102648 -47778.4130046062 -22756327.269125 6570.16211754609
2820780285.25603 -9011967909.32482 50604684009.7302 -52967.8631955849 -48102.0377212259 -22756327.2691164 6568.82904654936
2820786853.86965 -9359711310.79507 50287639817.8411 -52908.4483522407 -48428.310541896 -22756327.2691073 6568.61362022296
2820793423.53659 -9707042720.40405 49968453982.8311 -52845.8801093164 -48757.2873848156 -22756327.2690983 6569.66694631036
2820799995.85054 -10054008161.1792 49647046603.2073 -52780.0674608524 -49089.0322683763 -22756327.2690887 6572.31394338981
2820806571.84863 -10400669917.2338 49323320029.9512 -52710.9118722769 -49423.6264340416 -22756327.2690783 6575.99809787593
2820813152.59785 -10747059966.0469 48997202153.749 -52638.3162348062 -49761.1235165507 -22756327.2690668 6580.74921538655
2820819740.02111 -11093210942.0186 48668617941.3852 -52562.1792129787 -50101.5787603691 -22756327.2690539 6587.42326293906
2820826335.28939 -11439199434.1557 48337447689.5594 -52482.3847904997 -50445.0922363425 -22756327.2690396 6595.26827182236
2820832939.90525 -11785061321.9794 48003607191.2385 -52398.8205405647 -50791.7256544242 -22756327.2690248 6604.61586905246
2820839555.0881 -12130848700.6874 47666993587.0786 -52311.3648685682 -51141.5583184615 -22756327.2690082 6615.18284585459
2820846182.59651 -12476597560.5495 47327516417.1722 -52219.8945448914 -51494.6547330458 -22756327.268991 6627.50840495851
2820852824.25744 -12822370711.1498 46985055448.4184 -52124.273227225 -51851.1082846947 -22756327.2689714 6641.66093285205
2820859480.32063 -13168232947.7318 46639484261.11 -52024.3568248111 -52211.0165732818 -22756327.268949 6656.0631869671
2820866153.01768 -13514165477.0115 46290756599.0994 -51920.0193298838 -52574.3912036911 -22756327.2689242 6672.69705648308
2820872843.39242 -13860251073.2357 45938720792.1292 -51811.0984286496 -52941.3508799768 -22756327.2688975 6690.37473636104
2820879552.68466 -14206509050.7195 45583285076.7565 -51697.4437130842 -53311.9489652916 -22756327.2688675 6709.29224577456
2820886281.39679 -14552967210.3429 45224345466.287 -51578.8954755501 -53686.2483747608 -22756327.2688351 6728.71212274043
2820893029.32134 -14899613605.1658 44861835831.7762 -51455.3013183089 -54064.2691099164 -22756327.2687979 6747.92455510287
2820899795.87112 -15246398340.2359 44495727781.6653 -51326.5180814798 -54445.9881567617 -22756327.2687573 6766.54977520973
2820906579.04944 -15593250885.616 44126013939.4387 -51192.4077431637 -54831.3567583543 -22756327.2687116 6783.17831951493
2820913375.44431 -15940027751.0643 43752765576.9686 -51052.8605059785 -55220.2402652325 -22756327.268662 6796.39487227047
2820920181.60477 -16286513211.2409 43376135754.8822 -50907.8005682444 -55612.414997719 -22756327.2686057 6806.16046149684
2820926991.5539 -16632490313.7235 42996285132.9359 -50757.1611777325 -56007.6457519542 -22756327.2685437 6809.9491272941
2820933798.98282 -16977615233.8506 42613522466.1386 -50600.9435476397 -56405.5400086746 -22756327.2684779 6807.42892274876
2820940593.07768 -17320857599.4454 42228942604.9347 -50439.4974465537 -56804.8869207975 -22756327.2684045 6794.09485938644
2820947365.10675 -17661874477.2231 41842903934.3055 -50272.902019454 -57205.2412445911 -22756327.2683277 6772.029072994
2820954101.70634 -17999968608.5068 41456187420.8755 -50101.4438617473 -57605.7200855833 -22756327.2682447 6736.59958787307
2820960793.84922 -18334668620.5229 41069344575.9714 -49925.3417552418 -58005.6808439066 -22756327.268158 6692.14287869642
2820967429.6283 -18665366789.0218 40683110228.9174 -49744.9286393279 -58404.2948182386 -22756327.2680678 6635.77908017868
2820974001.0454 -18991658578.7673 40298008959.0808 -49560.4717823084 -58800.9551387348 -22756327.2679753 6571.417101207
2820980498.52758 -19313068732.8212 39914671759.1044 -49372.3175883552 -59194.9505948626 -22756327.2678814 6497.48218342415
2820986919.58162 -19629478735.7437 39533323203.8868 -49180.6369238536 -59585.9931311604 -22756327.2677855 6421.05403787079
2820993259.20241 -19940650402.6806 39154342635.5485 -48985.6929198989 -59973.6403288904 -22756327.2676883 6339.62078708597
2820999515.78682 -20246516973.0662 38777911905.4809 -48787.662447284 -60357.656834039 -22756327.26759 6256.58441016389
2821005688.86077 -20547069403.3435 38404146717.506 -48586.6957425577 -60737.8786573286 -22756327.2674932 6173.07394954213
2821011777.82193 -20842294417.7452 38033171215.7181 -48382.9537891825 -61114.1369123619 -22756327.2673955 6088.96116073263
2821017784.9408 -21132319216.2828 37664933613.8875 -48176.5042091598 -61486.44424279 -22756327.2672982 6007.1188663701
2821023712.2776 -21417260578.3486 37299391519.6744 -47967.4181841977 -61854.8055720487 -22756327.2672019 5927.33680113743
2821029561.9109 -21697235921.0443 36936498121.9175 -47755.7628193331 -62219.2320360769 -22756327.2671056 5849.6333048072
2821035335.56054 -21972345278.1527 36576225777.4892 -47541.615013686 -62579.7172776154 -22756327.2670107 5773.6496352932
2821041036.97342 -22242784525.0507 36218416520.8341 -47324.9711529316 -62936.3864659146 -22756327.2669163 5701.41288380857
2821046668.07606 -22508661855.3979 35863022007.7285 -47105.8891699969 -63289.2558942213 -22756327.2668214 5631.10263591568
2821052231.47849 -22770117083.5593 35509947438.4326 -46884.3958097108 -63638.3890252698 -22756327.2667284 5563.40243129441
2821057730.12404 -23027304472.1739 35159072814.2179 -46660.4977962401 -63983.8745440115 -22756327.2666354 5498.64554868165
2821063166.88164 -23280373347.0767 34810278643.7816 -46434.1973373635 -64325.8005256203 -22756327.2665424 5436.75760397096
2821068542.73828 -23529384577.7562 34463563020.0288 -46205.5700268522 -64664.1402997675 -22756327.2664509 5375.85663870955
2821073861.65673 -23774536002.9872 34118729085.5161 -45974.5600477353 -64999.0578453919 -22756327.2663603 5318.91844761058
2821079125.05495 -24015906404.59 33775740763.5257 -45741.2138759902 -65330.5601497385 -22756327.2662702 5263.39822671549
2821084335.3376 -24253619104.0063 33434495163.1082 -45505.5303187194 -65658.7192136221 -22756327.266181 5210.28264509907
2821089494.19202 -24487763611.4219 33094933425.7728 -45267.5353556098 -65983.5645548132 -22756327.2660913 5158.85442087065
2821094603.46679 -24718435979.1273 32756983679.7897 -45027.2435648936 -66305.1383502912 -22756327.2660017 5109.27477234056
2821099665.40172 -24945748859.636 32420545486.6884 -44784.6461936396 -66623.509693992 -22756327.2659144 5061.93492952866
2821104681.43904 -25169778027.4381 32085568835.0854 -44539.7679083069 -66938.6996199416 -22756327.2658277 5016.0373170712
2821109653.56798 -25390622861.3647 31751965007.3972 -44292.6028505711 -67250.7655099854 -22756327.2657409 4972.12893808759
2821114583.21784 -25608356870.5073 31419680540.4189 -44043.1686455519 -67559.7313766534 -22756327.2656541 4929.64986601514
2821119471.73713 -25823049329.1906 31088665605.4689 -43791.4839543148 -67865.617907332 -22756327.2655687 4888.51929033649
2821124320.81128 -26034783529.4674 30758845676.5705 -43537.5467164897 -68168.4684415468 -22756327.2654834 4849.07414168308
2821129131.43972 -26243612041.8448 30430191082.4391 -43281.387537947 -68468.284931286 -22756327.2654004 4810.62844920718
2821133905.41661 -26449621261.247 30102616239.2847 -43022.9918708883 -68765.120236698 -22756327.265317 4773.9768873836
2821138643.91883 -26652869968.5752 29776075999.7801 -42762.3747690575 -69058.9899367542 -22756327.2652345 4738.50222021362
2821143347.58248 -26853393347.0667 29450561285.3712 -42499.579247246 -69349.8774142785 -22756327.2651525 4703.66365140859
2821148018.24492 -27051277244.3572 29125978570.0293 -42234.5789933931 -69637.8415077299 -22756327.2650704 4670.6624357863
2821152656.5878 -27246557635.9185 28802312974.9654 -41967.4099221757 -69922.8706293996 -22756327.2649899 4638.34288538202
2821157263.51394 -27439279549.6506 28479533276.7622 -41698.094049619 -70204.9680076542 -22756327.2649102 4606.92613980949
2821161840.49123 -27629510996.7316 28157567360.9324 -41426.6179621506 -70484.1723194265 -22756327.2648311 4576.97728198726
2821166388.22586 -27817287576.4156 27836395335.4193 -41153.0107777938 -70760.4764605227 -22756327.2647529 4547.73463156075
2821170907.76297 -28002658482.3474 27515972420.1316 -40877.2797475358 -71033.8948393318 -22756327.2646747 4519.53711358322
2821175400.02444 -28185667250.4386 27196261450.9473 -40599.437583861 -71304.4350822176 -22756327.2645979 4492.26147260247
2821179865.74955 -28366349514.7174 26877237309.2808 -40319.5067081918 -71572.0945678052 -22756327.2645226 4465.72510758629
2821184305.91058 -28544749883.9674 26558857321.37 -40037.493423669 -71836.8853463734 -22756327.2644458 4440.1610317241
2821188721.06876 -28720895989.4324 26241107399.6373 -39753.428641704 -72098.7956041176 -22756327.2643723 4415.15817795939
2821193112.21472 -28894832222.7168 25923941776.2715 -39467.3144490373 -72357.8397009555 -22756327.2642984 4391.14595479088
2821197479.64204 -29066574970.8937 25607364254.0147 -39179.197111914 -72613.9915173661 -22756327.2642255 4367.42732012542
2821201824.83302 -29236186941.5493 25291291696.6085 -38889.0431993378 -72867.2952085943 -22756327.264153 4345.19098484996
2821206148.17661 -29403687338.6117 24975719397.6217 -38596.889931494 -73117.7312114491 -22756327.2640839 4323.34359262617
2821210450.29298 -29569104174.6125 24660625288.1149 -38302.7584580261 -73365.2941717454 -22756327.2640123 4302.11636199233
2821214731.83469 -29732466364.1902 24345984288.1898 -38006.666751269 -73609.9811438138 -22756327.2639437 4281.54171533833
2821218993.98107 -29893822302.3922 24031731770.3204 -37708.5947101714 -73851.8194213242 -22756327.2638764 4262.14638182102
2821223236.27663 -30053158201.0944 23717923089.0647 -37408.6357965806 -74090.7440878799 -22756327.2638083 4242.29555481606
2821227460.21521 -30210533529.7508 23404469136.2324 -37106.7457641615 -74326.8010081767 -22756327.2637429 4223.93858574366
2821231666.12703 -30365963494.3888 23091366152.2595 -36802.9612518613 -74559.9706284376 -22756327.263679 4205.91181189938
2821235854.6917 -30519476011.6144 22778583934.618 -36497.2932006969 -74790.2533638816 -22756327.2636156 4188.56467825598
2821240026.04416 -30671078804.7084 22466132520.2733 -36189.7917897815 -75017.6202284883 -22756327.2635527 4171.35245560654
2821244180.97966 -30820803472.1425 22153972135.2799 -35880.4582710841 -75242.0789210564 -22756327.2634907 4154.93549879017
2821248320.41257 -30968685205.6161 21842053303.2627 -35569.2834392807 -75463.6433430678 -22756327.2634306 4139.43291724177
2821252444.43702 -31114729469.841 21530387824.7001 -35256.3188515837 -75682.2836636455 -22756327.2633715 4124.02444051992
2821256553.61206 -31258958185.4822 21218952132.5566 -34941.5808470362 -75897.9955279742 -22756327.2633133 4109.17504832876
2821260648.74082 -31401401340.558 20907703610.3592 -34625.0660549602 -76110.7873981046 -22756327.263257 4095.12875629089
2821264729.71946 -31542057107.0181 20596668185.6259 -34306.8407086975 -76320.6209810009 -22756327.2632022 4080.97863794084
2821268797.68918 -31680966415.786 20285776600.7119 -33986.8737430419 -76527.5225532252 -22756327.2631493 4067.96971910528
2821272852.78879 -31818135296.4158 19975035580.2522 -33665.2116280334 -76731.467044466 -22756327.2630963 4055.09961184954
2821276895.31836 -31953575276.3127 19664439343.3533 -33341.8882617929 -76932.4383711582 -22756327.2630448 4042.52956911066
2821280925.96452 -32087310555.8245 19353952061.9802 -33016.9061836365 -77130.4399657059 -22756327.2629952 4030.64616462457
2821284944.91435 -32219348403.8346 19043576007.294 -32690.3076316102 -77325.4508653899 -22756327.2629461 4018.94983137259
2821288952.95091 -32349715420.9091 18733267118.5524 -32362.0860675756 -77517.4793519724 -22756327.2628989 4008.03655506774
2821292949.93148 -32478407808.4826 18423052688.662 -32032.3103533914 -77706.489600784 -22756327.2628522 3996.98057122301
2821296936.94117 -32605461160.6741 18112864495.2058 -31700.947938414 -77892.5043601316 -22756327.2628088 3987.00968546498
2821300914.16389 -32730881640.9317 17802703887.7601 -31368.0400215859 -78075.5037395791 -22756327.2627664 3977.22271972197
2821304882.17578 -32854687611.2688 17492541409.9097 -31033.5948420196 -78255.4863265767 -22756327.2627249 3968.01189243746
2821308840.84356 -32976875153.3583 17182402855.5527 -30697.6803415063 -78432.4190091686 -22756327.2626848 3958.66778650492
2821312791.15209 -33097474741.6219 16872226241.1326 -30360.2695500406 -78606.3191745014 -22756327.2626472 3950.30852201217
2821316733.09353 -33216485982.5031 16562027121.6402 -30021.4195185583 -78777.1601451712 -22756327.2626095 3941.94143925324
2821320667.17756 -33333924112.7531 16251780228.2292 -29681.1430005692 -78944.9384396149 -22756327.2625737 3934.08403565791
2821324593.83915 -33449801740.4199 15941465886.2885 -29339.4587605948 -79109.6473330717 -22756327.2625394 3926.66158783551
2821328513.3751 -33564127127.4701 15631075112.8661 -28996.3973510738 -79271.2745038211 -22756327.262507 3919.5359549059
2821332426.36279 -33676916418.5277 15320576477.3006 -28651.9645085279 -79429.8193242693 -22756327.2624755 3912.9876869566
2821336332.96009 -33788173337.0511 15009971599.1167 -28306.2026052218 -79585.2642281799 -22756327.2624464 3906.59729945004
2821340233.614 -33897909717.9465 14699238978.11 -27959.1284444375 -79737.6036418113 -22756327.2624192 3900.65390377414
2821344128.52439 -34006130197.1506 14388376614.7543 -27610.7806660571 -79886.8225640389 -22756327.262393 3894.91039337794
2821348018.02891 -34112843130.1504 14077371397.9623 -27261.1856314725 -80032.9117892821 -22756327.2623696 3889.50451835593
2821351902.91851 -34218068840.5983 13766173706.267 -26910.3285505223 -80175.8788744316 -22756327.2623463 3884.88959965567
2821355782.91179 -34321798299.6597 13454819631.4317 -26558.2912928981 -80315.6919945639 -22756327.2623262 3879.99328722703
2821359658.9416 -34424054931.0497 13143247770.4116 -26205.0457469931 -80452.3638037266 -22756327.2623053 3876.02980620979
2821363531.03918 -34524837768.7397 12831468904.0183 -25850.6454666268 -80585.8745863621 -22756327.2622876 3872.09758428533
2821367399.38827 -34624245490.3087 12519178966.0639 -25494.7851746175 -80716.3356810139 -22756327.2622714 3868.34908901113
2821371264.84535 -34722178316.3869 12206692861.3472 -25137.8644358773 -80843.5975434255 -22756327.2622557 3865.45707556
2821375127.47242 -34818656155.3396 11893954606.6883 -24779.8613690462 -80967.6697784953 -22756327.2622442 3862.62707291722
2821378987.53451 -34913678518.6749 11580972256.5301 -24420.8272921136 -81088.5359769289 -22756327.2622333 3860.06209209162
2821382845.34193 -35007249943.4563 11267737390.897 -24060.7948581275 -81206.1869102557 -22756327.2622232 3857.80741756264
2821386701.31992 -35099375887.9586 10954237822.5212 -23699.79250401 -81320.6150923572 -22756327.2622161 3855.97799086663
2821390555.98168 -35190064273.5876 10640451902.7933 -23337.8378363407 -81431.8165692586 -22756327.2622099 3854.66176092247
2821394409.53567 -35279324654.0742 10326350665.6196 -22974.9400267456 -81539.789691808 -22756327.2622046 3853.55398304153
2821398262.0587 -35367159173.2137 10011929851.3508 -22611.1368451426 -81644.5242295307 -22756327.2622023 3852.52303742195
2821402114.01909 -35453566968.3183 9697195920.76706 -22246.4786535936 -81746.0071235927 -22756327.2622023 3851.96038564729
2821405965.90477 -35538555855.4587 9382123310.29215 -21880.9788537822 -81844.2361606861 -22756327.2622032 3851.88567959338
2821409817.97238 -35622133613.4106 9066684709.39963 -21514.6488468485 -81939.2093115191 -22756327.2622051 3852.0676118308
2821413670.39079 -35704302637.6097 8750871648.31014 -21147.5219866134 -82030.9187702814 -22756327.2622094 3852.41840448845
2821417523.77791 -35785063345.366 8434682824.69677 -20779.6401020698 -82119.3551668872 -22756327.2622156 3853.38712371172
2821421378.33088 -35864425294.3442 8118080013.50629 -20411.0021672014 -82204.5195776695 -22756327.2622228 3854.55297506946
2821425234.41352 -35942388919.6905 7801059461.39028 -20041.6473674376 -82286.4034939569 -22756327.2622318 3856.0826324936
2821429092.2707 -36018957865.8624 7483603680.58952 -19671.5990208541 -82365.0023471716 -22756327.2622423 3857.8571782853
2821432952.29842 -36094133165.4151 7165704931.99 -19300.8919284019 -82440.3093400236 -22756327.2622547 3860.02772785882
2821436814.86753 -36167918570.2956 6847342993.93109 -18929.5464592194 -82512.3208811117 -22756327.2622695 3862.56910781076
2821440680.25749 -36240316999.0684 6528499671.54454 -18557.5854648751 -82581.0328718928 -22756327.2622848 3865.38996343576
2821444548.74739 -36311329379.259 6209164282.77706 -18185.0406895711 -82646.4397247767 -22756327.2623019 3868.48989719681
2821448420.73228 -36380956437.1683 5889326171.14352 -17811.944037892 -82708.5361819829 -22756327.262321 3871.98489214973
2821452296.69309 -36449200727.9977 5568965077.63904 -17438.3163445557 -82767.3190360805 -22756327.262342 3875.96080394518
2821456176.88285 -36516065904.7915 5248053608.09978 -17064.1702692308 -82822.7862096301 -22756327.2623639 3880.18976109625
2821460061.6499 -36581551321.2066 4926583219.07154 -16689.5406026784 -82874.9323043419 -22756327.2623882 3884.76705011083
2821463951.30453 -36645657730.3397 4604537486.95542 -16314.4530942553 -82923.7535183445 -22756327.2624149 3889.65462778024
2821467846.21345 -36708384981.2002 4281903152.01473 -15938.9373288743 -82969.2457342241 -22756327.2624421 3894.9089172276
2821471746.72446 -36769733560.6176 3958662291.18624 -15563.0176165722 -83011.4056712494 -22756327.2624722 3900.51101984171
2821475653.23726 -36829703343.6954 3634798567.90905 -15186.7202768147 -83050.2299283431 -22756327.2625017 3906.51279266489
2821479566.02576 -36888294677.7242 3310291363.85482 -14810.0668267889 -83085.7156846545 -22756327.2625346 3912.78850135075
2821483485.48909 -36945505721.8817 2985130538.12246 -14433.0911156051 -83117.8590995039 -22756327.2625685 3919.463331344
2821487412.10778 -37001336211.9213 2659295590.4276 -14055.8151423448 -83146.6576004586 -22756327.2626033 3926.61868905118
2821491346.16923 -37055786626.1652 2332759290.36288 -13678.2533310185 -83172.1090840341 -22756327.2626395 3934.06145506142
2821495288.00984 -37108854381.333 2005510515.51895 -13300.4389460215 -83194.2101501709 -22756327.2626767 3941.84060149238
2821499237.91308 -37160537326.8874 1677534135.29479 -12922.4007856191 -83212.9579927994 -22756327.2627168 3949.90324742786
2821503196.46298 -37210832376.2614 1348819488.54024 -12544.172964657 -83228.3498450668 -22756327.2627573 3958.54989490355
2821507164.08153 -37259739907.6125 1019330976.96025 -12165.7611254764 -83240.3841389351 -22756327.2627983 3967.61855606519
2821511141.02502 -37307257745.3156 689046558.065941 -11787.1867996033 -83249.0584193741 -22756327.2628417 3976.94348597195
2821515127.67448 -37353381425.2908 357958076.462998 -11408.4876454684 -83254.3700475127 -22756327.2628865 3986.64946098188
2821519124.58218 -37398107715.1853 26047086.4357 -11029.6897152429 -83256.3169353708 -22756327.2629328 3996.90770091185
2821523132.33059 -37441434874.8645 -306719010.738464 -10650.8031929113 -83254.8969941195 -22756327.2629805 4007.74841120815
2821527151.01263 -37483360885.7557 -640375216.009774 -10271.8359296102 -83250.107658784 -22756327.2630281 4018.68204131842
2821531181.01136 -37523878254.0733 -974915652.891377 -9892.84246612845 -83241.947056278 -22756327.2630806 4029.99872905739
2821535222.91599 -37562982358.9388 -1310358475.58223 -9513.85018673358 -83230.4135053217 -22756327.2631316 4041.90462654006
2821539277.14376 -37600670138.1548 -1646738861.11483 -9134.86756394206 -83215.504668189 -22756327.2631836 4054.22777437331
2821543344.40103 -37636936389.7883 -1984077525.65331 -8755.91976040984 -83197.2185829293 -22756327.263238 4067.25726632496
2821547424.67104 -37671777963.3733 -2322419077.55418 -8377.00551407986 -83175.551747653 -22756327.2632933 4080.27001341654
2821551518.58114 -37705185120.0027 -2661747809.62205 -7998.19142739515 -83150.5045933205 -22756327.26335 4093.91009902481
2821555626.80684 -37737153322.4708 -3002101426.3704 -7619.48454372387 -83122.0743815107 -22756327.2634087 4108.22569973468
2821559749.59435 -37767677704.3397 -3343521434.33601 -7240.88825200887 -83090.2574852678 -22756327.2634668 4122.78751181896
2821563887.93456 -37796749706.2072 -3686013461.56243 -6862.44615213489 -83055.0534979057 -22756327.263526 4138.34020279862
2821568041.86311 -37824365504.3725 -4029644782.95042 -6484.13417918312 -83016.4555464672 -22756327.263587 4153.92855136519
2821572211.7531 -37850514227.3859 -4374403114.77552 -6106.01645775903 -82974.4652488588 -22756327.2636504 4169.88999047908
2821576398.65855 -37875187171.0572 -4720304003.14283 -5728.12654606434 -82929.0818941767 -22756327.2637124 4186.90544817887
2821580603.14503 -37898379002.9538 -5067419216.25859 -5350.43718824152 -82880.2970168787 -22756327.2637768 4204.48648167843
2821584825.50523 -37920080666.807 -5415779704.24855 -4972.96652111833 -82828.1067952545 -22756327.2638412 4222.360198194
2821589066.20703 -37940281300.9861 -5765393547.75409 -4595.75785268894 -82772.5110353697 -22756327.2639074 4240.70180045469
2821593325.7393 -37958970649.011 -6116283089.94743 -4218.8393260972 -82713.5078203494 -22756327.2639747 4259.53227776257
2821597605.29857 -37976138142.2906 -6468472133.34018 -3842.23791338763 -82651.0951985667 -22756327.2640414 4279.55926764092
2821601904.92628 -37991775246.408 -6822042631.46386 -3465.91925587197 -82585.2603246644 -22756327.2641096 4299.62771287374
2821606225.73958 -38005868381.4193 -7176980732.70498 -3089.95184160352 -82516.0076164804 -22756327.2641792 4320.81329949636
2821610568.11861 -38018407155.0598 -7533361076.86456 -2714.31078049781 -82443.3246348445 -22756327.2642484 4342.37902475154
2821614933.06077 -38029378109.5962 -7891197086.31459 -2339.03673848514 -82367.2107092668 -22756327.2643194 4364.9421590647
2821619320.64493 -38038768772.6472 -8250552669.01228 -1964.11808113644 -82287.6544292186 -22756327.2643914 4387.58415876221
2821623731.88217 -38046564066.8533 -8611415706.657 -1589.62320678704 -82204.661129318 -22756327.2644649 4411.23724241035
2821628167.95645 -38052750287.2825 -8973850407.30448 -1215.5416083994 -82118.219181701 -22756327.2645378 4436.07428485109
2821632628.84684 -38057312726.623 -9337934604.83479 -841.850217701718 -82028.3125270717 -22756327.2646122 4460.89038161388
2821637116.24587 -38060234717.2967 -9703646764.14888 -468.628826358881 -81934.9494756861 -22756327.264688 4487.39903812976
2821641630.84921 -38061500168.607 -10071105370.0532 -95.8149935510147 -81838.102783589 -22756327.2647629 4514.60333177034
2821646173.44022 -38061091132.7151 -10440346533.761 276.568121787185 -81737.7652711133 -22756327.2648396 4542.5910115086
2821650744.73869 -38058988969.7419 -10811413007.3514 648.503177579262 -81633.9279737744 -22756327.2649169 4571.29847711428
2821655345.81678 -38055174349.7712 -11184341783.591 1019.96612288509 -81526.5835273356 -22756327.2649951 4601.07808165357
2821659977.65836 -38049626803.6577 -11559197979.3912 1390.9597988737 -81415.7162772915 -22756327.2650723 4631.84158483297
2821664641.01506 -38042324857.8855 -11936038799.0063 1761.47770461122 -81301.3122969809 -22756327.2651505 4663.35669813667
2821669336.59556 -38033246518.5369 -12314901865.1097 2131.49287221534 -81183.3634277728 -22756327.2652311 4695.58049973312
2821674066.99007 -38022369240.5886 -12695820687.0416 2500.97345710276 -81061.8630823078 -22756327.2653103 4730.39451224663
2821678831.79478 -38009664497.0162 -13078980431.2392 2870.03238513206 -80936.7549887032 -22756327.2653918 4764.80471333667
2821683632.55481 -37995110114.9087 -13464322714.343 3238.54553382733 -80808.0610510635 -22756327.2654729 4800.76002238417
2821688471.221 -37978677981.1571 -13851946278.9899 3606.5391153993 -80675.7522060285 -22756327.2655554 4838.66619619712
2821693349.47088 -37960336602.7744 -14241981411.1337 3974.06629843349 -80539.7869266422 -22756327.2656384 4878.249877916
2821698267.95759 -37940053329.7324 -14634535013.6203 4341.15485416496 -80400.1299306728 -22756327.2657208 4918.4867094014
2821703227.80421 -37917798413.4236 -15029630471.9576 4707.75235438823 -80256.7751581982 -22756327.2658048 4959.84662103252
2821708230.73842 -37893539321.3953 -15427328067.5755 5073.83960431277 -80109.7038235223 -22756327.2658887 5002.93420461347
2821713279.47484 -37867239162.9506 -15827735382.2799 5439.43874779758 -79958.8792265093 -22756327.2659745 5048.73642451684
2821718374.69619 -37838853386.1258 -16231037320.234 5804.63853819519 -79804.2336125141 -22756327.2660589 5095.22134509356
2821723517.61638 -37808346626.5032 -16637254835.1612 6169.37561171015 -79645.7606443772 -22756327.2661448 5142.92019656427
2821728711.33739 -37775679690.7297 -17046450222.6771 6533.62268929037 -79483.4388324735 -22756327.2662301 5193.72100666301
2821733956.56595 -37740799252.8702 -17458834288.7302 6897.4811241262 -79317.1866866742 -22756327.2663169 5245.22855981574
2821739255.90772 -37703665548.7024 -17874425709.883 7260.87848878688 -79146.9986653953 -22756327.2664051 5299.34177601149
2821744611.16955 -37664224018.9307 -18293392137.4707 7623.87034110264 -78972.8084866405 -22756327.2664943 5355.26182919754
2821750024.7942 -37622423437.2001 -18715835931.6716 7986.45117321126 -78794.5756634772 -22756327.2665825 5413.6246433946
2821755499.88732 -37578205412.7957 -19141907596.4881 8348.65298060634 -78612.2387601871 -22756327.2666702 5475.09312289959
2821761038.18373 -37531503037.6965 -19571807253.3517 8710.54446890144 -78425.7134500182 -22756327.2667594 5538.29641219811
2821766642.54588 -37482258175.1415 -20005624822.2161 9072.09637828167 -78234.9619866254 -22756327.2668486 5604.36214849908
2821772316.624 -37430400406.7821 -20443536236.6447 9433.34710636763 -78039.9085997706 -22756327.2669392 5674.07811743807
2821778061.73956 -37375848363.9687 -20885775820.3142 9794.37657318785 -77840.449754107 -22756327.2670307 5745.11556531268
2821783880.03988 -37318539998.83 -21332393432.787 10155.1085101058 -77636.5642921877 -22756327.2671213 5818.3003151213
2821789774.92884 -37258403656.8732 -21783501019.7767 10515.5143545963 -77428.2040878838 -22756327.2672119 5894.88896128848
2821795748.4434 -37195351948.5093 -22239304972.0382 10875.6359654336 -77215.2773006607 -22756327.2673044 5973.51455837538
2821801803.25652 -37129309013.4918 -22699902691.913 11235.4233857247 -76997.742710556 -22756327.2673974 6054.81312157005
2821807941.68674 -37060189808.9001 -23165437772.9508 11594.85882496 -76775.5382278395 -22756327.2674904 6138.43021997407
2821814165.2301 -36987910860.6026 -23636023408.1436 11953.8964837479 -76548.6170214437 -22756327.2675838 6223.54336459875
2821820472.98218 -36912396720.6849 -24111706998.283 12312.4374437657 -76316.9657402002 -22756327.2676768 6307.75207352133
2821826864.46418 -36833601493.8576 -24592351006.4338 12670.2446321214 -76080.665018238 -22756327.2677698 6391.48200172781
2821833338.44075 -36751476364.1946 -25077850161.9063 13027.1102582861 -75839.7854083354 -22756327.2678628 6473.97657583428
2821839889.89139 -36665984695.6261 -25568041659.3407 13382.7897789094 -75594.4316353038 -22756327.2679539 6551.45063266
2821846513.73107 -36577145011.1519 -26062477987.4339 13736.8432521642 -75344.8587713272 -22756327.268044 6623.83967868465
2821853201.5419 -36484985257.864 -26560711225.7054 14088.8487065998 -75091.3324656145 -22756327.2681322 6687.81083712526
2821859943.6423 -36389590039.1059 -27062048792.6337 14438.2334206302 -74834.2539656249 -22756327.2682171 6742.10039467097
2821866729.39716 -36291075693.6254 -27565712327.6008 14784.3943658371 -74574.0815406269 -22756327.2682986 6785.75485902831
2821873546.81389 -36189587522.5588 -28070862721.124 15126.7193258698 -74311.3177707847 -22756327.2683764 6817.41673076708
2821880383.12088 -36085307298.5403 -28576571764.2758 15464.5709889498 -74046.5241219818 -22756327.2684498 6836.30699504698
2821887228.43075 -35978445931.493 -29081866899.2452 15797.3202367992 -73780.2972525016 -22756327.2685175 6845.30986756147
2821894073.11668 -35869185084.8111 -29586001765.39 16124.5220980601 -73513.1242738287 -22756327.2685814 6844.68593214152
2821900910.18255 -35757840305.1795 -30087702167.2724 16445.4256756914 -73245.7807267616 -22756327.2686377 6837.06586729351
2821907733.66632 -35644549081.9546 -30586582125.4682 16759.883913081 -72978.5760032552 -22756327.2686901 6823.48377200247
2821914539.94371 -35529425419.8172 -31082386648.9156 17067.8447056568 -72711.7486722468 -22756327.2687368 6806.27739151122
2821921326.76726 -35412562772.3965 -31574964984.834 17369.3282108607 -72445.4789228552 -22756327.2687798 6786.82354221911
2821928092.86517 -35294038875.3875 -32064239778.4166 17664.4033519687 -72179.9039314905 -22756327.2688179 6766.09791050855
2821934837.21663 -35173927220.8347 -32550153607.8617 17953.1527855872 -71915.1462161822 -22756327.2688527 6744.35146523029
2821941560.95597 -35052261916.5357 -33032805039.3967 18235.7509309468 -71651.2389623045 -22756327.2688847 6723.7393364158
2821948265.16564 -34929075519.106 -33512288193.7475 18512.365282786 -71388.2128982016 -22756327.2689123 6704.20967139376
2821954949.9646 -34804416314.9848 -33988627945.8387 18783.1200809524 -71126.1323132901 -22756327.2689376 6684.79896003217
2821961617.82672 -34678286468.6812 -34462016319.8248 19048.2306391588 -70864.9652302998 -22756327.268961 6667.86212047925
2821968270.06156 -34550706940.5283 -34932560920.457 19307.858677947 -70604.7217698896 -22756327.2689815 6652.23483731062
2821974906.17619 -34421731602.8656 -35400241544.799 19562.0924931343 -70345.4790873946 -22756327.2690015 6636.11462860317
2821981530.48012 -34291318718.2671 -35865375416.2104 19811.1994351167 -70087.1236408234 -22756327.2690187 6624.30393721379
2821988144.18606 -34159483492.0351 -36328059370.6377 20055.3204218631 -69829.6603218114 -22756327.2690349 6613.70594040216
2821994747.9695 -34026250057.5219 -36788351926.4239 20294.5727376231 -69573.112286246 -22756327.2690496 6603.78343801423
2822001344.82741 -33891593489.5888 -37246472117.5419 20529.1526163592 -69317.4102362475 -22756327.269063 6596.85791220003
2822007934.24893 -33755558189.5014 -37702393934.1981 20759.1261456696 -69062.6188208395 -22756327.2690749 6589.42151944166
2822014518.66934 -33618021603.7346 -38156638995.0013 20984.8295221449 -68808.4939327555 -22756327.2690883 6584.420405591
2822021099.40112 -33479117697.9587 -38608868980.4433 21206.1650366947 -68555.2699813377 -22756327.2690978 6580.73178618142
2822027678.42685 -33338849072.0528 -39059182130.7924 21423.2532290233 -68302.9352744607 -22756327.2691078 6579.02572721319
2822034255.88419 -33197202137.8558 -39507721198.0955 21636.2320650666 -68051.4510353827 -22756327.2691169 6577.45733860386
2822040833.35851 -33054201419.5569 -39954502088.0348 21845.1758923822 -67800.8476365216 -22756327.2691259 6577.47431642598
2822047412.5631 -32909838927.5769 -40399638585.7117 22050.2027243578 -67551.0987485072 -22756327.2691355 6579.2045960456
2822053994.05926 -32764102079.5115 -40843251720.2745 22251.4300402433 -67302.1722487286 -22756327.2691441 6581.4961548233
2822060579.22362 -32617002372.4341 -41285383781.8551 22448.9365033045 -67054.0786057926 -22756327.2691512 6585.16435956529
2822067168.921 -32468532019.5125 -41726131184.5069 22642.8227104738 -66806.7964357494 -22756327.2691593 6589.69738257213
2822073764.36228 -32318693501.7665 -42165555117.6032 22833.1709979699 -66560.3227326565 -22756327.2691665 6595.44128243383
2822080366.35401 -32167480349.086 -42603739066.8088 23020.071014691 -66314.6406880841 -22756327.2691731 6601.99173228713
2822086975.36524 -32014894266.5168 -43040738810.7555 23203.5981943595 -66069.74781919 -22756327.2691803 6609.01122562319
2822093592.82825 -31860943978.7162 -43476587314.3726 23383.8167098602 -65825.6532659999 -22756327.2691875 6617.46300643332
2822100218.94475 -31705614910.0054 -43911380444.3084 23560.814852465 -65582.3298597896 -22756327.2691941 6626.11649825046
2822106854.5249 -31548920433.3084 -44345132453.3508 23734.6456065699 -65339.7951033183 -22756327.2692018 6635.58015788806
2822113500.87526 -31390859003.9341 -44777897189.5718 23905.3766897517 -65098.0433524344 -22756327.269208 6646.35035216429
2822120158.4951 -31231416354.8743 -45209760088.291 24073.0862537312 -64857.0504413865 -22756327.2692151 6657.61984602348
2822126828.00042 -31070596709.6357 -45640753341.227 24237.8297889139 -64616.8211006663 -22756327.2692223 6669.50532280074
2822133510.64135 -30908400931.0241 -46070916346.4604 24399.6643342085 -64377.3552057058 -22756327.2692289 6682.64092057132
2822140206.52253 -30744813734.9867 -46500328756.1305 24558.6604176127 -64138.6294862077 -22756327.2692366 6695.88118609829
2822146916.67195 -30579847195.2053 -46928996004.1057 24714.8595222444 -63900.6612349876 -22756327.2692437 6710.14941763855
2822153641.45944 -30413490210.0456 -47356982372.6883 24868.3236087567 -63663.4343460589 -22756327.2692509 6724.78748744202
2822160381.56075 -30245747374.8784 -47784309591.7566 25019.097944343 -63426.9556755723 -22756327.269259 6740.10131220183
2822167137.33061 -30076615234.17 -48211018536.5993 25167.233585181 -63191.220830947 -22756327.2692666 6755.76985963494
2822173909.32426 -29906097937.7654 -48637129396.3901 25312.7733576734 -62956.2362411621 -22756327.2692738 6771.99365391776
2822180698.77027 -29734194210.4928 -49062674763.9576 25455.7634769801 -62722.000887534 -22756327.2692819 6789.44601024913
2822187505.07008 -29560885117.8332 -49487728944.1676 25596.2628256378 -62488.490312042 -22756327.269289 6806.29980365271
2822194329.97476 -29386197961.2577 -49912251503.7158 25734.2914004804 -62255.7425687115 -22756327.2692976 6824.90468251542
2822201173.40122 -29210099493.3444 -50336348455.049 25869.9162351643 -62023.7148557672 -22756327.2693057 6843.42646185661
2822208036.06331 -29032603129.9225 -50760011001.8566 26003.1660427507 -61792.4268643285 -22756327.2693138 6862.66209219168
2822214917.92034 -28853701428.4956 -51183279640.4292 26134.0845862344 -61561.8708358102 -22756327.2693229 6881.85702440711
2822221819.76147 -28673406319.0809 -51606148083.207 26262.7004301089 -61332.0640376294 -22756327.269331 6901.84112874004
2822228742.13895 -28491707784.569 -52028660937.7349 26389.0571100571 -61102.99559148 -22756327.26934 6922.37748315464
2822235685.99084 -28308601627.5167 -52450847815.1115 26513.1926432076 -60874.6624172088 -22756327.2693496 6943.85189043698
2822242650.96445 -28124073044.3437 -52872761368.7583 26635.1508234411 -60647.048661904 -22756327.2693586 6964.97361196037
2822249637.56791 -27938141260.5749 -53294375560.9154 26754.9520134289 -60420.1805531015 -22756327.2693682 6986.60346279484
2822256646.76315 -27750802490.8925 -53715716636.7759 26872.631335094 -60194.0556662356 -22756327.2693782 7009.19523861704
2822263677.95416 -27562040417.3723 -54136837740.5502 26988.2304979937 -59968.6568772208 -22756327.2693877 7031.19100600941
2822270732.39071 -27371880462.3375 -54557698217.9864 27101.7649016325 -59744.0169144376 -22756327.2693977 7054.43655138264
2822277810.44595 -27180298048.6587 -54978367954.7557 27213.2795374359 -59520.1090671998 -22756327.2694082 7078.05523794068
2822284912.6602 -26987291959.6964 -55398863878.486 27322.8042129168 -59296.9346839217 -22756327.2694182 7102.21424810909
2822292039.19579 -26792856201.5784 -55819212603.5309 27430.3706788333 -59074.4896839795 -22756327.2694285 7126.53559723156
2822299190.92688 -26596994932.1963 -56239418161.3461 27536.0043788282 -58852.7816483329 -22756327.2694395 7151.73108507628
2822306367.65508 -26399692544.5307 -56659526315.7368 27639.7407008028 -58631.7958738252 -22756327.2694502 7176.72820075723
2822313569.55152 -26200962805.1021 -57079519553.5255 27741.5988255216 -58411.5507043312 -22756327.2694612 7201.89643705587
2822320797.40703 -26000809257.0718 -57499402178.99 27841.6032004958 -58192.0526129491 -22756327.2694724 7227.85551237075
2822328051.59919 -25799218042.1633 -57919214412.4129 27939.7863298193 -57973.2890540244 -22756327.269484 7254.19215823412
2822335332.59905 -25596186564.3974 -58338972053.177 28036.1742886856 -57755.2600648156 -22756327.2694952 7280.99986363653
2822342640.1683 -25391709442.4776 -58758696090.2651 28130.793864945 -57537.9627677871 -22756327.2695074 7307.56925305901
2822349975.81765 -25185801130.9886 -59178366580.4154 28223.6623470217 -57321.4151845943 -22756327.2695191 7335.64934503752
2822357338.42404 -24978426641.0572 -59598063803.0915 28314.8187371024 -57105.5834232788 -22756327.2695308 7362.60639250608
2822364729.46347 -24769625241.4728 -60017717038.0587 28404.2686809553 -56890.5110955804 -22756327.2695432 7391.03942448244
2822372148.93001 -24559362545.7304 -60437403970.888 28492.0495330519 -56676.1653451106 -22756327.2695556 7419.46654915282
2822379597.78503 -24347645997.5631 -60857117487.6823 28578.1800106427 -56462.5566531451 -22756327.269568 7448.85501333587
2822387074.81973 -24134455320.5748 -61276905024.5989 28662.6896560445 -56249.6675464484 -22756327.2695801 7477.03470569805
2822394582.55799 -23919832300.543 -61696691730.1859 28745.5832065809 -56037.5422978481 -22756327.2695928 7507.73825970995
2822402119.48908 -23703711523.3075 -62116612291.8962 28826.9065632352 -55826.1190504101 -22756327.2696061 7536.93108291199
2822409686.95075 -23486143390.0133 -62536575015.8141 28906.6608712152 -55615.4500242857 -22756327.2696192 7567.46167243249
2822417284.6333 -23267096226.715 -62956647439.6416 28984.8778450818 -55405.5070673534 -22756327.2696323 7597.6825563823
2822424912.63048 -23046585826.9261 -63376805179.3942 29061.5714388833 -55196.3079591844 -22756327.2696457 7627.9971763949
2822432572.43686 -22824616332.402 -63797046430.0534 29136.7598090912 -54987.8588695627 -22756327.2696598 7659.80638066843
2822440263.74915 -22601150943.2351 -64217446180.6351 29210.4743120173 -54780.1278380351 -22756327.2696736 7691.31228858216
2822447987.71006 -22376205078.8747 -64637980198.7442 29282.7282215467 -54573.1319831025 -22756327.2696872 7723.96090743204
2822455743.28874 -22149751814.8884 -65058703254.0925 29353.5481716681 -54366.8493493113 -22756327.2697015 7755.5786803986
2822463531.4532 -21921827873.1911 -65479551588.2654 29422.9405608445 -54161.3159511968 -22756327.269716 7788.16446208688
2822471351.36237 -21692411326.8544 -65900570276.05 29490.9299094362 -53956.5142556607 -22756327.2697303 7819.90916551793
2822479205.33937 -21461533471.5322 -66321706490.583 29557.5246695565 -53752.4742026315 -22756327.2697439 7853.97700791017
2822487091.72203 -21229132104.021 -66743077664.2213 29622.7599307683 -53549.1431181384 -22756327.2697585 7886.38266089851
2822495013.12877 -20995262744.3603 -67164586872.0236 29686.6369667871 -53346.5718502048 -22756327.2697732 7921.40673917589
2822502968.19745 -20759854006.4304 -67586366160.6566 29749.191765743 -53144.7009210712 -22756327.2697875 7955.06867517095
2822510958.21734 -20522952532.8329 -68008334853.4566 29810.4279595961 -52943.5728831218 -22756327.2698023 7990.01989531387
2822518982.67584 -20284526120.0803 -68430553348.991 29870.3698828383 -52743.1626376117 -22756327.2698174 8024.45849160009
2822527043.22995 -20044596205.4295 -68852986468.7965 29929.0278630583 -52543.4904612978 -22756327.2698324 8060.5541160041
2822535139.14902 -19803119305.6519 -69275713147.2154 29986.4278564665 -52344.5225727572 -22756327.2698479 8095.91906470428
2822543268.9084 -19560123314.3146 -69698686626.539 30042.5782400893 -52146.2844277788 -22756327.2698627 8129.75938452848
2822551436.21794 -19315660208.1495 -70121819618.9393 30097.4826357512 -51948.8198083067 -22756327.2698779 8167.3095411516
2822559638.71815 -19069624485.3629 -70545297063.7451 30151.1796863408 -51752.0454040492 -22756327.2698929 8202.50020899689
2822567878.12764 -18822093187.665 -70968988205.8745 30203.6670933184 -51556.0249651732 -22756327.2699087 8239.40949391716
2822576154.96936 -18573020489.4105 -71392973727.5717 30254.9692345765 -51360.7238440951 -22756327.2699242 8276.84171577067
2822584468.89577 -18322396468.3293 -71817271923.0525 30305.1021600608 -51166.1364350148 -22756327.2699399 8313.92640807821
2822592820.78974 -18070237545.0012 -72241856445.3897 30354.0765136975 -50972.2774629396 -22756327.2699554 8351.8939726252
2822601210.05413 -17816522824.7692 -72666763829.8 30401.910111054 -50779.1327681189 -22756327.2699711 8389.26439425808
2822609637.92514 -17561276333.068 -73091955194.9107 30448.6120719862 -50586.7223906902 -22756327.2699866 8427.8710072783
2822618104.43556 -17304466322.9143 -73517484642.6545 30494.2016615714 -50395.0241158602 -22756327.2700033 8466.51041347074
2822626610.36038 -17046097596.5171 -73943345045.7359 30538.691137972 -50204.0434236734 -22756327.2700195 8505.92482709122
2822635155.82433 -16786152277.2514 -74369566507.4005 30582.0964699316 -50013.7690149143 -22756327.270035 8545.4639487722
2822643740.85534 -16524632296.0183 -74796146275.9837 30624.4299886428 -49824.2042668135 -22756327.2700512 8585.03101071113
2822652366.21833 -16261542557.4372 -75223076837.8896 30665.703496379 -49635.3545029916 -22756327.2700675 8625.362991088
2822661029.90468 -15996865357.8292 -75650387234.6091 30705.9321631468 -49447.2087977609 -22756327.2700841 8663.68634655828
2822669735.14572 -15730668170.691 -76077969443.3963 30745.118373879 -49259.8162652829 -22756327.2701001 8705.24104321342
2822678479.68326 -15462857499.8745 -76505974218.2966 30783.2882339533 -49073.1123936746 -22756327.2701163 8744.53753695674
2822687266.31385 -15193508572.2381 -76934281666.8236 30820.4431190489 -48887.1510126319 -22756327.2701328 8786.63059146863
2822696094.18426 -14922540999.3254 -77363019884.3822 30856.6060791413 -48701.8779420771 -22756327.2701495 8827.87041148669
2822704963.43887 -14649986763.5451 -77792137950.6017 30891.7843786671 -48517.3167420958 -22756327.2701654 8869.25461049715
2822713873.83602 -14375847142.2991 -78221633928.3241 30925.9895090668 -48333.4695251498 -22756327.2701821 8910.39714583907
2822722827.58793 -14100135369.0399 -78651487319.2333 30959.2314654352 -48150.3461643207 -22756327.2701986 8953.75191495373
2822731823.43399 -13822788681.1868 -79081795641.7095 30991.5290528404 -47967.9063401686 -22756327.2702153 8995.84605596494
2822740863.16081 -13543851796.609 -79512488980.9589 31022.8880975132 -47786.1808965559 -22756327.2702322 9039.72681578874
2822749945.5838 -13263274989.9104 -79943643537.4576 31053.3251093992 -47605.1387972933 -22756327.2702491 9082.42299590989
2822759070.77389 -12981100699.7044 -80375193445.6261 31082.8462730357 -47424.8087435341 -22756327.2702658 9125.19009204068
2822768239.99242 -12697332469.6169 -80807133144.6034 31111.4621828032 -47245.193784311 -22756327.2702827 9169.21852213701
2822777454.16136 -12411936788.3432 -81239513182.4843 31139.1869217363 -47066.2736639417 -22756327.2702992 9214.16894018439
2822786712.22704 -12124890605.5468 -81672367427.1211 31166.0330361659 -46888.0352919905 -22756327.2703166 9258.06568619367
2822796015.21627 -11836232425.2309 -82105636941.8036 31192.007236236 -46710.5036900842 -22756327.2703328 9302.98922318564
2822805366.04466 -11545935939.5851 -82539360483.5518 31217.1221853263 -46533.6635763039 -22756327.2703505 9350.82839547628
2822814760.0274 -11253915752.3002 -82973663779.1702 31241.3949169612 -46357.4646949971 -22756327.2703674 9393.98274088454
2822824199.02835 -10960323845.7862 -83408319638.5866 31264.8227100445 -46181.9998276248 -22756327.2703841 9439.00095316967
2822833684.02197 -10665107771.9295 -83843405579.3055 31287.4200776575 -46007.237750587 -22756327.2704008 9484.99361174613
2822843215.90703 -10368242780.0578 -84278957180.3387 31309.1987772168 -45833.1644990203 -22756327.2704179 9531.88506290775
2822852794.96125 -10069706428.4241 -84715006021.3761 31330.1700175723 -45659.7678967813 -22756327.2704353 9579.05422465289
2822862421.38205 -9769495697.43015 -85151554943.6116 31350.3433856777 -45487.0472802613 -22756327.270452 9626.42079595447
2822872093.15345 -9467610091.14949 -85588603094.3566 31369.7282075959 -45315.0033780151 -22756327.2704687 9671.77139572896
2822881813.78145 -9164118599.12725 -86026049701.4562 31388.3295783989 -45143.6758666899 -22756327.2704856 9720.62800481747
2822891582.94717 -8858916955.56413 -86464043844.535 31406.1631866482 -44973.0064340126 -22756327.2705023 9769.1657242191
2822901400.51414 -8552020860.19584 -86902560978.3581 31423.2369651833 -44803.0050159315 -22756327.2705195 9817.56696090287
2822911266.39198 -8243440327.44103 -87341585054.2339 31439.5592549413 -44633.6780096607 -22756327.2705364 9865.87784360078
2822921180.53471 -7933183954.78687 -87781102303.2095 31455.1385109048 -44465.0307396103 -22756327.2705534 9914.14273553892
2822931145.49015 -7621258972.29841 -88221101116.9525 31469.9832750763 -44297.067527521 -22756327.2705703 9964.95543592843
2822941160.52934 -7307590970.54554 -88661684514.7947 31484.1056664802 -44129.7491153829 -22756327.2705874 10015.039193199
2822951224.96202 -6992208632.61911 -89102809893.341 31497.5127376993 -43963.0918599302 -22756327.2706041 10064.4326728381
2822961338.80117 -6675139489.22101 -89544436967.3286 31510.2118170285 -43797.1108461409 -22756327.2706211 10113.839154497
2822971501.96151 -6356388959.46471 -89986556729.8758 31522.2112429721 -43631.8091139053 -22756327.270638 10163.1603366542
2822981719.21202 -6035965581.4346 -90429156025.1861 31533.5192308373 -43467.1911083019 -22756327.2706549 10217.2505161839
2822991986.18267 -5713724790.51921 -90872432091.4116 31544.1488812736 -43303.1834707147 -22756327.2706716 10266.9706440532
2823002305.1093 -5389810223.24228 -91316184923.596 31554.1033962965 -43139.8601314005 -22756327.2706885 10318.9266287234
2823012677.5272 -5064157207.78745 -91760501411.172 31563.3929172586 -42977.1886504177 -22756327.2707057 10372.4178995612
2823023099.24896 -4736723128.72884 -92205437128.5219 31572.0264026393 -42815.1485741935 -22756327.2707224 10421.7217653389
2823033573.2181 -4407646066.74476 -92650802701.1379 31580.0082053448 -42653.8083183876 -22756327.2707393 10473.9691417889
2823044100.959 -4076839005.61847 -93096714602.2775 31587.3485291293 -42493.1248700702 -22756327.270756 10527.7409013846
2823054680.9672 -3744259695.49715 -93543227468.5207 31594.0559422834 -42333.0781591824 -22756327.2707727 10580.008198454
2823065317.50752 -3409961580.52596 -93990267360.9575 31600.1369767013 -42173.6941959109 -22756327.2707891 10636.5403128659
2823076005.44 -3073815819.51731 -94438003830.6191 31605.6013149801 -42014.9122555775 -22756327.2708063 10687.9324878168
2823086746.91547 -2735990793.42904 -94886210209.7556 31610.4536208256 -41856.8122318213 -22756327.2708225 10741.4754690002
2823097543.32066 -2396424506.17703 -95334967234.3165 31614.7024329232 -41699.3646897559 -22756327.2708387 10796.4051866312
2823108395.53598 -2055079099.18062 -95784322675.5104 31618.3555366553 -41542.5522268126 -22756327.2708552 10852.2153206795
2823119304.22452 -1711932724.05819 -96234302616.389 31621.420265466 -41386.3652568752 -22756327.2708714 10908.688537294
2823130267.09312 -1366970416.71802 -96684923768.323 31623.903710123 -41230.7975656344 -22756327.2708883 10962.8686046748
2823141285.47976 -1020270722.90825 -97136081141.0514 31625.8123793695 -41075.8846890938 -22756327.2709048 11018.3866342992
2823152363.10313 -671797381.402369 -97587819890.7834 31627.1536025701 -40921.6101986018 -22756327.2709217 11077.6233742522
2823163496.83925 -321438841.882444 -98040281540.0554 31627.9345243915 -40767.925311741 -22756327.2709382 11133.7361200655
2823174687.48606 30700010.8189656 -98493327553.545 31628.1615671609 -40614.8765949373 -22756327.2709546 11190.6468046526
2823185932.72612 384638310.941714 -98946980138.704 31627.8415594512 -40462.4556899976 -22756327.2709711 11245.2400618479
2823197236.81304 740296644.872678 -99401135570.0681 31626.9814747307 -40310.696324884 -22756327.2709875 11304.0869225585
2823208599.79567 1097803407.94863 -99855955548.6702 31625.5877410737 -40159.5434611245 -22756327.2710037 11362.9826347558
2823220021.70094 1457153985.16579 -100311431112.363 31623.6667926187 -40008.9994479985 -22756327.2710199 11421.9052607244
2823231499.60434 1818343047.27197 -100767552535.852 31621.2250546786 -39859.0667773796 -22756327.2710359 11477.9034090869
2823243037.47249 2181271928.02473 -101224193018.232 31618.2697637139 -39709.7859977537 -22756327.2710519 11537.8681417871
2823254638.12017 2546059843.83022 -101681500254.186 31614.8064267899 -39561.1077115241 -22756327.2710679 11600.6476813228
2823266297.55807 2912789532.2591 -102139574320.4 31610.840284955 -39412.9988947361 -22756327.2710843 11659.4379049026
2823278016.00362 3281328609.07963 -102598246605.255 31606.3788574582 -39265.5133533853 -22756327.2711003 11718.4455483201
2823289796.73712 3651677683.16026 -103057515551.455 31601.4284371111 -39118.6503848862 -22756327.2711165 11780.7335025804
2823301635.89569 4023934122.07105 -103517498975.613 31595.9937923243 -38972.3713840914 -22756327.2711325 11839.1585682004
2823313537.07667 4397969550.53399 -103978035568.643 31590.0828788528 -38826.7265681911 -22756327.2711492 11901.1809750479
2823325499.66884 4773891294.5041 -104439254980.102 31583.7000765236 -38681.6737364283 -22756327.2711644 11962.5921745762
2823337523.09921 5151673681.82985 -104901122723.217 31576.8517079031 -38537.2227522589 -22756327.2711799 12023.4303682668
2823349613.62947 5531292248.61372 -105363606269.314 31569.5441465674 -38393.3825977003 -22756327.2711959 12090.5302556645
2823361766.09124 5912938251.42796 -105826934982.375 31561.7793234042 -38250.0812233913 -22756327.2712114 12152.4617745963
2823373979.93522 6296442072.12181 -106290899215.564 31553.5662310323 -38107.3827736305 -22756327.2712271 12213.8439805002
2823386254.76072 6681779953.96364 -106755467777.626 31544.9111924034 -37965.2954896066 -22756327.2712429 12274.8255009092
2823398593.69651 7068932837.17389 -107220615544.245 31535.8204684205 -37823.8255300493 -22756327.2712581 12338.9357916307
2823410999.02262 7457992940.43392 -107686450748.319 31526.2975679039 -37682.9386361214 -22756327.2712736 12405.3261055755
2823423469.20103 7849025603.21851 -108153048131.261 31516.3462906655 -37542.6112987907 -22756327.2712889 12470.1784157057
2823436002.95347 8241975767.68276 -108620338493.266 31505.9733869699 -37402.8634082261 -22756327.2713041 12533.7524331314
2823448602.98621 8636796605.51182 -109088263313.58 31495.185549457 -37263.7111917054 -22756327.2713199 12600.0327409916
2823461267.52313 9033566784.8703 -109556912846.706 31483.9860013832 -37125.1265870087 -22756327.2713351 12664.5369204246
2823473998.93773 9432223768.91744 -110026210194.293 31472.3818184776 -36987.1311179615 -22756327.2713504 12731.414596022
2823486795.53365 9832835642.52132 -110496232487.731 31460.3762841806 -36849.7008616196 -22756327.2713654 12796.5959199132
2823499659.80979 10235342377.4892 -110966906277.013 31447.9764125135 -36712.8560345577 -22756327.2713804 12864.276148561
2823512589.91123 10639815899.8237 -111438312625.456 31435.1851502415 -36576.5718012304 -22756327.2713957 12930.1014360713
2823525587.54254 11046191191.1448 -111910372715.415 31422.0096683561 -36440.8696615601 -22756327.2714105 12997.6313051348
2823538654.83076 11454515122.0971 -112383138103.746 31408.4535455994 -36305.7334166841 -22756327.2714255 13067.2882196921
2823551789.24516 11864847726.1353 -112856674843.914 31394.5197260498 -36171.1430698236 -22756327.2714407 13134.4144029038
2823564992.79428 12277102745.0447 -113330880133.947 31380.2160701787 -36037.1266099728 -22756327.271455 13203.549126321
2823578267.22764 12691336434.4234 -113805815643.001 31365.5455550988 -35903.6652554451 -22756327.2714696 13274.4333520564
2823591610.0061 13107596803.4447 -114281532840.356 31350.5112619532 -35770.743438011 -22756327.2714841 13342.7784597015
2823605022.75494 13525797361.261 -114757929568.889 31335.1211022445 -35638.3884520277 -22756327.2714987 13412.7488427893
2823618506.8407 13945982192.733 -115235053017.469 31319.3782496123 -35506.585783993 -22756327.2715135 13484.0857608406
2823632059.47974 14368187174.815 -115712940502.901 31303.2860407052 -35375.3239005958 -22756327.271528 13552.6390423867
2823645686.48393 14792318242.6983 -116191482494.69 31286.8527624083 -35244.6314704407 -22756327.2715425 13627.0041864408
2823659380.3345 15218550292.4988 -116670872879.58 31270.0762301961 -35114.4543019618 -22756327.2715569 13693.8505685992
2823673151.16793 15646641200.005 -117150836292.471 31252.970590936 -34984.8657200657 -22756327.2715714 13770.8334299434
2823686991.26705 16076900824.8033 -117631716786.285 31235.5279875309 -34855.7715200206 -22756327.2715855 13840.0991207143
2823700906.106 16509080959.6136 -118113233317.654 31217.7629174698 -34727.2459641387 -22756327.2715998 13914.8389545022
2823714892.21121 16943345506.0155 -118595565358.696 31199.673119555 -34599.2397081236 -22756327.2716138 13986.1052074883
2823728950.70991 17379578963.0281 -119078581275.268 31181.2678056572 -34471.7863382312 -22756327.2716281 14058.4986970659
2823743082.88696 17817809455.4727 -119562309356.242 31162.5502254101 -34344.8767879825 -22756327.271642 14132.1770570477
2823757289.14524 18258069931.7804 -120046782847.251 31143.5233241602 -34218.5008562343 -22756327.271656 14206.2582746133
2823771570.25066 18700365788.1663 -120532004412.005 31124.1911581155 -34092.6564331476 -22756327.2716696 14281.1054161395
2823785926.91629 19144713680.015 -121017988982.537 31104.5572396007 -33967.3382531493 -22756327.2716835 14356.6656324802
2823800364.45664 19591128556.9828 -121504749457.895 31084.6250936991 -33842.541641954 -22756327.2716969 14437.5403512781
2823814869.50207 20039768249.4412 -121992453673.771 31064.3917114381 -33718.2226037162 -22756327.2717109 14505.0454331081
2823829456.60194 20490210121.1305 -122480639291.014 31043.8803373135 -33594.4973584283 -22756327.2717246 14587.0998680733
2823844125.50041 20942898770.8403 -122969785199.807 31023.0748641045 -33471.2429232838 -22756327.2717385 14668.8984690067
2823858867.161 21397818593.4618 -123459869529.41 31001.9798455324 -33348.4641794718 -22756327.2717521 14741.6605857723
2823873686.6863 21854681965.7019 -123950578942.352 30980.612616481 -33226.2382468532 -22756327.2717655 14819.52530556
2823888584.38582 22313639769.7535 -124442072722.895 30958.9701681691 -33104.5237225081 -22756327.2717788 14897.6995168117
2823903559.73142 22774694163.2671 -124934349713.893 30937.0563242787 -32983.3194927149 -22756327.2717922 14975.3456020907
2823918612.90757 23237821381.7589 -125427381222.101 30914.8761208519 -32862.6311433669 -22756327.2718054 15053.1761467189
2823933748.93067 23703019722.3466 -125921162279.247 30892.433527963 -32742.4583266851 -22756327.2718186 15136.0231023324
2823948962.98079 24170436628.9582 -126415845596.871 30869.7252148301 -32622.7626120393 -22756327.2718319 15214.0501247685
2823964255.04211 24639915668.5966 -126911261914.376 30846.7625392098 -32503.5836403048 -22756327.271845 15292.0613145727
2823979629.2622 25111448931.8383 -127407399989.237 30823.5496963207 -32384.9224094851 -22756327.271858 15374.220096054
2823995080.53735 25585156749.4467 -127904383060.379 30800.0844857594 -32266.7479602811 -22756327.271871 15451.2751514006
2824010617.97604 26060874342.6247 -128402035125.707 30776.3787815719 -32149.1005381648 -22756327.271884 15537.4386850351
2824026236.32522 26538874481.987 -128900637963.015 30752.4226263012 -32031.9121300917 -22756327.2718966 15618.3491776449
2824041939.63729 27018987761.6737 -129400010874.962 30728.2280722601 -31915.224001915 -22756327.2719094 15703.3120745014
2824057727.2185 27501330998.6266 -129900271662.781 30703.7927909725 -31799.0072796398 -22756327.2719222 15787.5812090223
2824073593.51445 27985875007.1195 -130401386013.935 30679.12175756 -31683.2687436285 -22756327.2719349 15866.2959467101
2824089542.80012 28472441672.2895 -130903166641.818 30654.2275885794 -31568.0499989876 -22756327.2719476 15949.2856685433
2824105579.71045 28961154505.2985 -131405738119.109 30629.1075016823 -31453.3206547935 -22756327.2719601 16036.9103376042
2824121697.73358 29452147611.2802 -131909234471.705 30603.7580195647 -31339.0488361076 -22756327.2719724 16118.0231212971
2824137901.05574 29945213777.6612 -132413439690.394 30578.1932533082 -31225.2821145568 -22756327.2719849 16203.3221604101
2824154193.87285 30440473318.604 -132918473706.765 30552.4103781704 -31111.9917754498 -22756327.2719975 16292.8171145183
2824170569.75212 30938046418.3555 -133424454992.061 30526.4064474927 -30999.150048269 -22756327.2720096 16375.8792652449
2824187032.45013 31437728649.2882 -133931171984.769 30500.1954542363 -30886.8027262029 -22756327.2720217 16462.6980182259
2824203585.73407 31939626774.9965 -134438729731.12 30473.7751087765 -30774.9249125626 -22756327.2720339 16553.2839399167
2824220218.15587 32443847491.3739 -134947232058.483 30447.1430192682 -30663.4925097454 -22756327.272046 16632.42180167
2824236943.84692 32950034244.8884 -135456316398.844 30420.3212811448 -30552.5832516999 -22756327.272058 16725.691046919
2824253761.38744 33458609166.4466 -135966404084.709 30393.290745517 -30442.1037318701 -22756327.2720701 16817.5405201289
2824270663.78502 33969520638.4611 -136477438647.884 30366.0572591772 -30332.0652514872 -22756327.2720819 16902.3975812469
2824287654.28023 34482548134.7874 -136989195977.823 30338.6357193885 -30222.5145946154 -22756327.2720935 16990.4952120033
2824304737.0429 34997782078.4731 -137501763314.929 30311.0244367345 -30113.4313474458 -22756327.2721055 17082.7626628621
2824321915.02352 35515340686.4573 -138015254502.335 30283.2201488802 -30004.7899133447 -22756327.2721173 17177.9806253789
2824339181.76839 36035304829.0748 -138529745262.117 30255.2215215777 -29896.5732451334 -22756327.2721289 17266.7448676928
2824356540.1188 36557470788.8977 -139045030050.272 30227.0425347081 -29788.8232984685 -22756327.2721407 17358.3504069417
2824373993.51115 37081916282.5843 -139561182136.494 30198.6820024 -29681.5232209562 -22756327.2721524 17453.3923483776
2824391533.99771 37608736669.4264 -140078291310.813 30170.1377223218 -29574.6531060426 -22756327.272164 17540.4865680703
2824409165.45463 38137683790.6736 -140596110571.486 30141.4260933286 -29468.2624662907 -22756327.2721753 17631.456912478
2824426890.62011 38668866459.6133 -141114743609.575 30112.5441558454 -29362.3281967688 -22756327.2721868 17725.1654789612
2824444712.795 39202358823.659 -141634259315.449 30083.4907726124 -29256.8347318424 -22756327.272198 17822.1748933504
2824462624.20545 39738251632.9647 -142154741966.013 30054.2638506235 -29151.7637304141 -22756327.2722092 17911.410450775
2824480627.47138 40276302744.5614 -142675952909.849 30024.8794387353 -29047.1618595361 -22756327.2722204 18003.2659272917
2824498726.80688 40816582708.2334 -143197957710.761 29995.3365195174 -28943.0141392914 -22756327.2722316 18099.3355003188
2824516924.82903 41359209550.4907 -143720866947.751 29965.6314287871 -28839.296992028 -22756327.2722425 18198.0221537107
2824535212.82397 41904253002.2899 -144244743699.948 29935.763097666 -28735.9966879605 -22756327.2722535 18287.9949357626
2824553594.29059 42451443632.3116 -144769325671.647 29905.7490320787 -28633.1633762021 -22756327.272264 18381.466617899
2824572071.71042 43000877935.3762 -145294702724.434 29875.5866675022 -28530.7775673006 -22756327.2722747 18477.4198377163
2824590660.10452 43552621638.1909 -145820934494.631 29845.2750860159 -28428.8260205793 -22756327.2722857 18588.3940929453
2824609349.9644 44107114044.9573 -146348434952.602 29814.7927917247 -28327.2277173149 -22756327.2722964 18689.8598851193
2824628132.5629 44664062044.7933 -146876919756.46 29784.1585105981 -28226.0368148004 -22756327.272307 18782.5984995433
2824647010.23626 45223196946.5476 -147406130544.137 29753.3896400426 -28125.3012456006 -22756327.2723176 18877.6733560246
2824665985.77272 45784579983.1311 -147936122656.557 29722.4854114556 -28025.0085937151 -22756327.272328 18975.536466913
2824685061.94257 46348285538.9844 -148466963248.965 29691.4443004395 -27925.144473218 -22756327.2723384 19076.1698464817
2824704241.05874 46914387136.8542 -148998717997.068 29660.2648010231 -27825.6950687217 -22756327.272349 19179.1161711438
2824723513.84752 47482944420.4067 -149531438935.053 29628.9461461808 -27726.6493777472 -22756327.2723594 19272.788780153
2824742894.97699 48053673822.5957 -150064857209.59 29597.5064528625 -27628.0557551153 -22756327.2723695 19381.1294681653
2824762387.14802 48627000824.4231 -150599366870.022 29565.9247564427 -27529.8399356489 -22756327.2723796 19492.171031124
2824781967.78062 49202995627.7835 -151135028064.571 29534.1996450594 -27431.9901664405 -22756327.2723898 19580.6325958365
2824801651.93352 49780982257.7377 -151671209003.135 29502.3707789571 -27334.6202262157 -22756327.2723998 19684.1528991613
2824821454.11047 50361396866.6032 -152208312007.318 29470.4165405127 -27237.6550518934 -22756327.2724099 19802.1769568915
2824841338.8835 50944657365.5286 -152746718624.243 29438.3163191793 -27141.0250079094 -22756327.2724198 19884.7730236528
2824861346.31396 51529711516.9853 -153285454564.482 29406.130383095 -27044.9032553933 -22756327.2724296 20007.4304673165
2824881453.40962 52117729082.5108 -153825593656.505 29373.7967200655 -26949.0966535792 -22756327.2724392 20107.0956577859
2824901662.43452 52708024580.9262 -154366501308.531 29341.3553601136 -26853.716902593 -22756327.272449 20209.0248980223
2824921975.28258 53300655764.7024 -154908227674.138 29308.8054183448 -26758.7533800395 -22756327.2724589 20312.8480570903
2824942394.16208 53895669278.5298 -155450812307.773 29276.146603314 -26664.197512789 -22756327.2724683 20418.8795004559
2824962933.81654 54493120735.1029 -155994302534.118 29243.3781161254 -26570.0395469158 -22756327.272478 20539.6544662344
2824983570.65065 55093431639.6907 -156539076869.839 29210.4791016924 -26476.2130455833 -22756327.2724875 20636.8341095304
2825004319.33744 55695902942.2058 -157084496974.308 29177.4900954002 -26382.8266889509 -22756327.2724972 20748.686791022
2825025181.67458 56300954037.7278 -157630939525.084 29144.3903179053 -26289.814320116 -22756327.2725066 20862.3371347211
2825046159.7244 56908627583.7972 -158178438579.858 29111.1796346446 -26197.1690958576 -22756327.2725163 20978.0498216825
2825067228.54561 57518973714.9236 -158727034590.215 29077.8574941932 -26104.8832291774 -22756327.2725254 21068.821204384
2825088416.67878 58131258003.7036 -159276064954.062 29044.4661017863 -26013.0663143039 -22756327.2725346 21188.1331759303
2825109712.19103 58746300945.4138 -159826262684.19 29010.9628057033 -25921.5939999462 -22756327.2725439 21295.5122479986
2825131130.32509 59363746419.3327 -160377305040.142 28977.3691211678 -25830.5187811904 -22756327.272553 21418.1340582339
2825152645.70369 59984026494.3194 -160929573266.35 28943.6636462435 -25739.7765636992 -22756327.2725619 21515.3785990258
2825174273.23413 60606396885.6364 -161482401349.692 28909.8888778859 -25649.4752804264 -22756327.2725708 21627.5304391956
2825196014.37366 61231280023.1086 -162036162226.446 28876.0238893884 -25559.5520917589 -22756327.2725798 21741.1395367369
2825217884.52383 61858708417.3742 -162590881026.154 28842.0689450634 -25470.0015681623 -22756327.2725887 21870.1501628114
2825239857.39035 62489116112.6456 -163146936413.631 28808.0026176257 -25380.7618018239 -22756327.2725978 21972.8665206375
2825261948.26127 63121735325.5715 -163703647153.489 28773.8684011649 -25291.9409099093 -22756327.2726064 22090.8709221248
2825284158.6453 63756996951.2027 -164261389507.103 28739.64498984 -25203.4772152444 -22756327.2726152 22210.3840317154
2825306489.84315 64394934278.0552 -164820188389.183 28705.3325729693 -25115.3656818342 -22756327.272624 22331.1978525021
2825328928.86238 65035574448.4013 -165380063125.527 28670.9316635736 -25027.6022345421 -22756327.2726325 22439.019224562
2825351491.12695 65678535144.3957 -165940676261.042 28636.4646979186 -24940.2383000304 -22756327.2726411 22562.2645735806
2825374163.57515 66324248632.6977 -166502401252.359 28601.9103980594 -24853.2142566805 -22756327.2726496 22672.4482021228
2825396975.96618 66972331316.0079 -167064900837.487 28567.291172953 -24766.5809807133 -22756327.2726585 22812.3910275935
2825419886.31201 67623623226.3485 -167628899247.349 28532.5640797719 -24680.226077363 -22756327.2726669 22910.3458312307
2825442909.87193 68276915649.4663 -168193346032.198 28497.7954247908 -24594.3090876842 -22756327.2726752 23023.5599158093
2825466076.84149 68932635170.0055 -168758608360.271 28462.9642254518 -24508.7719093991 -22756327.2726834 23166.9695662077
2825489344.42094 69591630888.391 -169325413090.032 28428.0272743307 -24423.5038015805 -22756327.2726917 23267.5794441474
2825512742.81643 70252675150.4566 -169892700346.744 28393.0514753247 -24338.6630126919 -22756327.2727001 23398.3954944263
2825536258.04788 70916616625.2798 -170461195609.949 28357.9936671483 -24254.1394027586 -22756327.2727081 23515.2314519165
2825559905.67598 71583048294.1778 -171030546306.245 28322.8771349883 -24169.9842433576 -22756327.2727164 23647.6280918939
2825583671.66652 72252400772.4495 -171601116232.506 28287.6809689008 -24086.1426234581 -22756327.2727244 23765.9905428951
2825607556.6828 72924266386.269 -172172553762.646 28252.428372207 -24002.6650877461 -22756327.2727324 23885.0162850988
2825631561.34468 73598654191.6329 -172744863654.36 28217.1205513651 -23919.5493681245 -22756327.2727401 24004.6618742932
2825655701.44706 74275571958.8871 -173318049539.56 28181.758765109 -23836.7933772782 -22756327.2727481 24140.1023820065
2825679962.37685 74955454525.9114 -173892475449.632 28146.3220227409 -23754.3434643766 -22756327.2727559 24260.9297932906
2825704344.61828 75637879726.8107 -174467780532.898 28110.8340384738 -23672.2503339364 -22756327.2727637 24382.2414280896
2825728864.04634 76322851363.2181 -175043965030.662 28075.2962326607 -23590.5124063945 -22756327.2727714 24519.4280635548
2825753521.21213 77010804754.1679 -175621390979.532 28039.6877002157 -23509.0772304343 -22756327.2727792 24657.165788808
2825778301.15023 77701743856.9952 -176200056387.926 28004.0099812302 -23427.9444375298 -22756327.2727869 24779.9380924613
2825803204.17652 78395238609.1937 -176779596979.469 27968.2869329359 -23347.1639946762 -22756327.2727946 24903.0262901144
2825828230.36442 79091287965.2887 -177360008999.838 27932.5201615936 -23266.7348653632 -22756327.2728021 25026.1879052721
2825853395.95403 79789884105.1652 -177941283099.922 27896.7116016941 -23186.6567726251 -22756327.2728097 25165.5896072412
2825878701.26892 80491469650.5629 -178523783596.88 27860.8401642024 -23106.8783856946 -22756327.2728174 25305.3148922081
2825904114.62711 81196042050.2982 -179107503258.215 27824.9076477506 -23027.3999811575 -22756327.2728246 25413.3581857434
2825929668.01939 81902709336.9928 -179691700433.78 27788.9610189382 -22948.3209285262 -22756327.2728319 25553.3922791948
2825955361.60461 82612351246.0824 -180277099781.242 27752.9569850299 -22869.5415045991 -22756327.2728394 25693.5852232455
2825981179.24577 83324960658.1912 -180863690528.783 27716.8975213858 -22791.0623746486 -22756327.2728468 25817.6411574684
2826007137.13721 84040079381.4422 -181451091883.383 27680.8073187438 -22712.9332367238 -22756327.2728539 25957.8914402698
2826033219.2603 84758145379.8358 -182039660053.287 27644.6657593931 -22635.1054347532 -22756327.2728611 26082.1230952658
2826059441.87933 85478704960.3173 -182629019700.734 27608.4971439708 -22557.6273027196 -22756327.2728682 26222.6190238979
2826085804.43646 86202196898.0679 -183219526318.723 27572.2808944535 -22480.4507859595 -22756327.2728753 26362.5571312008
2826112323.91049 86928594434.9143 -183811153644.833 27536.0198659492 -22403.578373804 -22756327.2728825 26519.4740362122
2826138966.73082 87658353180.9714 -184404267276.879 27499.6929054257 -22326.9620012564 -22756327.2728895 26642.820327513
2826165732.44273 88390538057.4482 -184998103019.575 27463.3480359101 -22250.6993670696 -22756327.2728964 26765.7119116343
2826192637.94951 89125127173.102 -185592641392.003 27426.9876016715 -22174.7910730214 -22756327.2729032 26905.5067764897
2826219682.27323 89862574188.4136 -186188246760.534 27390.5904799081 -22099.1890909573 -22756327.27291 27044.3237219324
2826246882.6276 90602841216.4021 -186784884698.705 27354.1599456137 -22023.8966535877 -22756327.2729168 27200.3543705923
2826274221.47283 91346387503.7735 -187382920501.337 27317.6748788048 -21948.8668888378 -22756327.2729236 27338.8452257644
2826301698.20902 92092721705.9462 -187981954254.313 27281.1608487098 -21874.1491547938 -22756327.2729304 27476.7361953721
2826329312.16616 92841816599.4231 -188581960718.922 27244.6205195603 -21799.7453168565 -22756327.2729371 27613.9571391797
2826357080.02232 93593643179.6886 -189182913446.25 27208.0566108734 -21725.6573178984 -22756327.2729437 27767.8561589186
2826385001.89254 94348643953.6197 -189785161937.308 27171.4489823266 -21651.8410819603 -22756327.2729504 27921.8702191151
2826413041.1891 95106809589.9019 -190388693517.515 27134.7995477739 -21578.297533159 -22756327.2729568 28039.2965657293
2826441250.59471 95867136202.1203 -190992706342.296 27098.1580575971 -21505.1228813721 -22756327.2729635 28209.4056059231
2826469575.35877 96631041099.499 -191598322657.229 27061.4575090089 -21432.1800098747 -22756327.27297 28324.7640631316
2826498051.5334 97397030542.1494 -192204354768.27 27024.7709339906 -21359.610745296 -22756327.2729763 28476.1746294468
2826526678.16745 98166069457.2919 -192811563944.767 26988.0532527337 -21287.3222594845 -22756327.2729826 28626.6340457229
2826555453.29651 98938120232.8187 -193419916123.878 26951.3075888876 -21215.3176989031 -22756327.2729889 28775.1290575496
2826584377.69086 99713118166.0632 -194029356240.669 26914.5383128079 -21143.6025783271 -22756327.2729952 28924.3943579299
2826613449.21019 100491072387.282 -194639887563.452 26877.7462555416 -21072.1754563114 -22756327.2730016 29071.5193221455
2826642666.57942 101271913831.549 -195251452156.641 26840.9359199376 -21001.0419981682 -22756327.2730076 29217.3692341017
2826672047.87242 102055596984.841 -195864010943.249 26804.110647966 -20930.2055387969 -22756327.2730137 29381.2930019557
2826701573.39553 102842594481.342 -196477928953.985 26767.2495103675 -20859.6229841405 -22756327.27302 29525.5231093741
2826731242.76513 103632366793.035 -197092781109.641 26730.3790282159 -20789.3422630076 -22756327.2730261 29669.3696007371
2826761073.07195 104424892792.351 -197708548099.465 26693.5012963727 -20719.3641969972 -22756327.2730322 29830.3068168093
2826791062.867 105220617259.202 -198325571686.603 26656.596810288 -20649.6488826643 -22756327.2730381 29989.7950465904
2826821191.81537 106019488973.348 -198943807462.728 26619.6692144824 -20580.2005655401 -22756327.2730443 30128.9483785727
2826851478.22204 106820954932.96 -199562824204.202 26582.7451874214 -20511.0664483162 -22756327.2730502 30286.4066651521
2826881901.45098 107625490911.122 -200182986322.509 26545.8038945507 -20442.2045308928 -22756327.2730561 30423.2289423478
2826912497.68321 108432537740.867 -200803859953.468 26508.872062299 -20373.66162546 -22756327.273062 30596.2322234149
2826943246.0542 109243043405.529 -201426170703.818 26471.9074376284 -20305.3565447921 -22756327.2730678 30748.3709915768
2826974165.23962 110056442590.143 -202049479995.887 26434.9370067658 -20237.3366204061 -22756327.2730738 30919.1854192276
2827005234.04902 110873216890.426 -202674152582.199 26397.9400519175 -20169.5611677632 -22756327.2730798 31068.8094036012
2827036471.23937 111692794276.436 -203299746913.945 26360.9436214978 -20102.0771412201 -22756327.2730855 31237.1903475346
2827067853.83482 112515657473.64 -203926627641.449 26323.9270285669 -20034.8441792952 -22756327.2730911 31382.5954523027
2827099399.11973 113341189450.844 -204554321200.827 26286.9190896801 -19967.9119463642 -22756327.2730968 31545.2849088258
2827131106.40661 114169833451.665 -205183161537.773 26249.9009403062 -19901.2435797883 -22756327.2731024 31707.2868804039
2827162994.81622 115001559114.244 -205813121654.813 26212.8750263313 -19834.8409733368 -22756327.273108 31888.4096070756
2827195002.6062 115836854723.22 -206444566462.031 26175.8207950251 -19768.6650012073 -22756327.2731135 32007.7899857266
2827227210.11358 116674092114.255 -207076262741.221 26138.8113770741 -19702.8434574072 -22756327.2731191 32207.5073803663
2827259571.65883 117515360839.623 -207709783689.089 26101.755405271 -19637.2112772878 -22756327.2731245 32361.5452462907
2827292086.28679 118359454011.672 -208344215195.385 26064.7072349088 -19571.8626154374 -22756327.2731298 32514.6279576436
2827324754.7216 119206335631.336 -208979527666.973 26027.669336296 -19506.7991298953 -22756327.2731352 32668.4348098352
2827357613.20689 120056013535.806 -209615724529.538 25990.6422379247 -19442.019062165 -22756327.2731405 32858.4852922614
2827390638.72999 120909417362.8 -210253497419.939 25953.5865074565 -19377.4511935128 -22756327.2731459 33025.5231010186
2827423832.14004 121765935710.223 -210892384347.98 25916.5298345967 -19313.1417019637 -22756327.2731511 33193.4100551125
2827457169.98953 122625578167.905 -211532388712.73 25879.4727927585 -19249.089249931 -22756327.2731563 33337.8494835398
2827490711.39246 123487726365.023 -212173047695.905 25842.442871484 -19185.3387675715 -22756327.2731616 33541.4029276368
2827524393.0702 124353895988.231 -212815483300.809 25805.3760029006 -19121.7777852453 -22756327.2731667 33681.6777415459
2827558255.46601 125222440159.755 -213458470048.373 25768.3436529137 -19058.5266409681 -22756327.2731718 33862.3958166667
2827592293.55004 126094390328.147 -214102768850.489 25731.3026761177 -18995.5091804921 -22756327.2731768 34038.0840284725
2827626527.36677 126969603602.69 -214748269627.858 25694.260172471 -18932.7354201117 -22756327.2731819 34233.8167298001
2827660911.40027 127848581227.436 -215395336869.988 25657.1960296066 -18870.1693736024 -22756327.2731869 34384.033497866
2827695465.48511 128730141859.66 -216043097162.912 25620.1609924916 -18807.8945276848 -22756327.2731919 34554.084842305
2827730207.59874 129614782822.844 -216691913611.968 25583.1349268332 -18745.8745875436 -22756327.273197 34742.1136302058
2827765091.418 130502951111.964 -217342109825.809 25546.100092756 -18684.0778021103 -22756327.273202 34883.8192568521
2827800204.06731 131393450862.685 -217992807678.879 25509.1071373468 -18622.5863632184 -22756327.2732069 35112.6493157452
2827835477.11265 132288492310.045 -218645617516.835 25472.06525148 -18561.2474181368 -22756327.2732117 35273.0453387358
2827870928.4969 133186316203.151 -219299250632.185 25435.0483453268 -18500.1816415233 -22756327.2732166 35451.3842477856
2827906554.43674 134087367282.715 -219954027917.29 25398.038865611 -18439.3578589547 -22756327.2732214 35625.9398408555
2827942375.43881 134991536687.771 -220609866728.905 25361.0421343833 -18378.7827462909 -22756327.2732263 35821.0020678861
2827978365.59537 135899331291.201 -221267130429.398 25324.0383439596 -18318.4219642531 -22756327.2732309 35990.1565630342
2828014523.25476 136810081303.601 -221925330134.25 25287.0556799245 -18258.3195338306 -22756327.2732357 36157.6593920964
2828050866.4952 137723733290.574 -222584424745.999 25250.097015955 -18198.4779180293 -22756327.2732404 36343.2404305951
2828087368.82284 138640731568.035 -223244731559.87 25213.1451629536 -18138.8672379417 -22756327.273245 36502.3276466452
2828124075.90993 139560395680.114 -223905757855.81 25176.2282597102 -18079.5307733628 -22756327.2732496 36707.0870866307
2828160978.34595 140483863343.179 -224568317782.842 25139.3014504757 -18020.3944903262 -22756327.2732542 36902.436017018
2828198054.46745 141410882876.355 -225232225466.622 25102.375808119 -17961.4745067609 -22756327.2732587 37076.1215054193
2828235327.90183 142340896919.732 -225897078046.404 25065.4743443512 -17902.8056544643 -22756327.2732632 37273.4343747816
2828272794.23942 143274484932.5 -226563286064.377 25028.5748721359 -17844.3507910286 -22756327.2732678 37466.3375926989
2828310425.94891 144211522250.884 -227230756011.628 24991.6832181888 -17786.1174449706 -22756327.2732723 37631.7094905626
2828348264.3137 145151307922.283 -227898985651.171 24954.8276779428 -17728.1483145903 -22756327.2732767 37838.3647900657
2828386281.48124 146094859833.305 -228568695234.662 24917.9690940946 -17670.3799618991 -22756327.273281 38017.1675426854
2828424507.42083 147041469662.202 -229239377939.138 24881.1359584239 -17612.8553086272 -22756327.2732854 38225.9395929363
2828462902.19835 147991869792.826 -229911548581.982 24844.3005905026 -17555.5294073641 -22756327.2732897 38394.7775150639
2828501513.58031 148945054124.425 -230584492058.559 24807.5027287869 -17498.4623106817 -22756327.2732941 38611.3819577453
2828540313.00744 149902194900.31 -231259032148.152 24770.6978904239 -17441.5833037836 -22756327.2732985 38799.4271297911
2828579271.56711 150862569556.775 -231934654995.369 24733.9147245451 -17384.9350838167 -22756327.2733026 38958.5596745042
2828618467.65617 151825451064.003 -232610847236.811 24697.1816010993 -17328.559330175 -22756327.2733068 39196.0890576148
2828657848.38136 152792762997.106 -233288955624.71 24660.4259236587 -17272.3429907535 -22756327.2733111 39380.7251898086
2828697408.25935 153763184622.361 -233968049110.754 24623.6987904933 -17216.362775031 -22756327.2733151 39559.8779941647
2828737189.92936 154736568704.177 -234648022220.544 24587.0063444323 -17160.6261744215 -22756327.2733192 39781.6700084181
2828777163.72591 155713950293.627 -235329593960.339 24550.3103300286 -17105.0734795662 -22756327.2733234 39973.7965445079
2828817354.9632 156694585794.537 -236012241238.23 24513.6394833583 -17049.7466892476 -22756327.2733274 40191.2372917269
2828857733.57401 157679081760.251 -236696382030.425 24476.9718988219 -16994.6112166358 -22756327.2733313 40378.6108149723
2828898269.14265 158666687553.264 -237381490737.214 24440.3362683089 -16939.7086366207 -22756327.2733355 40535.5686427247
2828939036.19311 159656648498.413 -238067042612.075 24403.7609744349 -16885.0795074941 -22756327.2733395 40767.0504512207
2828980028.99071 160650771512.73 -238754285851.758 24367.1798726202 -16830.6233655067 -22756327.2733436 40992.7976021514
2829021198.96324 161648899929.639 -239443106116.682 24330.5997007983 -16776.3490331282 -22756327.2733474 41169.9725364797
2829062589.71913 162649837287.492 -240132674137.511 24294.0649694308 -16722.3209819287 -22756327.2733513 41390.7558847353
2829104170.04097 163654630360.93 -240823707781.391 24257.5380894673 -16668.4820242344 -22756327.2733552 41580.3218383419
2829145958.60696 164662507257.709 -241515672445.132 24221.0477920605 -16614.8729931788 -22756327.2733591 41788.5659954262
2829187956.46005 165673907408.485 -242208866696.006 24184.5787555473 -16561.4697861646 -22756327.2733629 41997.8530888573
2829230157.10113 166688841722.742 -242903294116.088 24148.1312649141 -16508.2713549143 -22756327.2733666 42200.6410778261
2829272553.857 167707139169.876 -243598834099.214 24111.7120960349 -16455.2860921127 -22756327.2733703 42396.7558683689
2829315206.80298 168728625537.638 -244295364694.98 24075.3280288993 -16402.5222878019 -22756327.2733741 42652.9459782625
2829358050.16236 169754732211.562 -244993856820.333 24038.928894563 -16349.9059351689 -22756327.2733779 42843.3593841219
2829401102.6877 170783861129.132 -245693217847.057 24002.5721506862 -16297.5188047996 -22756327.2733817 43052.5253435983
2829444339.46469 171816449707.267 -246393742277.092 23966.242851491 -16245.3377965619 -22756327.2733853 43236.776987303
2829487805.30583 172851887754.908 -247095013710.988 23929.9629268429 -16193.3928166328 -22756327.273389 43465.8411392658
2829531501.42468 173891234790.37 -247797746544.797 23893.6958036586 -16141.6300261327 -22756327.2733926 43696.1188503643
2829575412.34749 174934503736.535 -248501944524.635 23857.4418045514 -16090.0486736086 -22756327.2733961 43910.9228080474
2829619547.55302 175981309895.49 -249207343659.235 23821.2149820108 -16038.6674589407 -22756327.2733999 44135.2055341634
2829663891.18544 177031864373.887 -249914082208.346 23785.0086679224 -15987.4755969578 -22756327.2734034 44343.6324221407
2829708444.22904 178085775304.986 -250621892889.302 23748.8369578425 -15936.4916565265 -22756327.273407 44553.0435984454
2829753207.67275 179143052506.495 -251330779303.434 23712.7000149779 -15885.714429533 -22756327.2734104 44763.4437113428
2829798200.6444 180203705828.517 -252040745051.931 23676.5979990129 -15835.1427172192 -22756327.2734139 44992.9716460491
2829843415.42058 181268173855.929 -252752079980.195 23640.5165649865 -15784.7551102973 -22756327.2734173 45214.7761777267
2829888844.08026 182336258671.661 -253464647726.96 23604.4630474613 -15734.5605970514 -22756327.2734208 45428.6596767323
2829934514.86604 183407758882.223 -254178310522.76 23568.4447776377 -15684.5680507784 -22756327.2734241 45670.7857899391
2829980392.51657 184483325320.969 -254893497722.772 23532.4404971657 -15634.7467352801 -22756327.2734276 45877.6505288881
2830026505.40822 185562112704.004 -255609643485.088 23496.4790718992 -15585.1353305951 -22756327.2734309 46112.89164311
2830072845.3506 186644773863.269 -256327177754.449 23460.5392611185 -15535.7032365889 -22756327.2734343 46339.9423865358
2830119403.94803 187731101057.311 -257045958713.357 23424.6285672942 -15486.4595754804 -22756327.2734376 46558.5974270615
2830166200.35165 188820882987.69 -257765843128.965 23388.7544861787 -15437.4133503883 -22756327.2734409 46796.403614846
2830213207.88578 189914552927.45 -258487113452.362 23352.9033038524 -15388.5445885836 -22756327.273444 47007.5341342883
2830260483.62505 191011472925.14 -259209345554.718 23317.0964314662 -15339.8812195171 -22756327.2734473 47275.7392691195
2830307990.92041 192112958734.317 -259933401285.494 23281.2915487351 -15291.3646114037 -22756327.2734506 47507.2953623871
2830355682.6507 193218139353.394 -260658702944.546 23245.5176814603 -15243.0330712233 -22756327.2734538 47691.730292367
2830403616.07731 194325906040.225 -261384520943.411 23209.8110181499 -15194.9340895139 -22756327.2734569 47933.4266089609
2830451802.6859 195437575822.055 -262111715945.479 23174.1294420139 -15147.0095816391 -22756327.2734601 48186.6085900311
2830500223.11232 196553398440.606 -262840446582.061 23138.4655836209 -15099.2486050524 -22756327.2734632 48420.4264159566
2830548907.26408 197672909353.946 -263570405102.033 23102.8348852998 -15051.6707597825 -22756327.2734664 48684.1517572297
2830597817.08251 198796783412.576 -264302026867.015 23067.216497205 -15004.2471673255 -22756327.2734694 48909.8184381321
2830646942.92788 199924125908.606 -265034725150.841 23031.6393511045 -14957.0152756868 -22756327.2734725 49125.8453613332
2830696314.80717 201054701145.513 -265768344280.479 22996.1112266128 -14909.9841411671 -22756327.2734756 49371.8792977249
2830745923.02388 202189185178.257 -266503319787.152 22960.6113014831 -14863.1250160004 -22756327.2734786 49608.2167090165
2830795786.94356 203327339662.576 -267239493445.606 22925.1475367879 -14816.4473105116 -22756327.2734816 49863.9196730238
2830845878.44639 204469592924.207 -267977138222.119 22889.7071191656 -14769.933100302 -22756327.2734846 50091.5028370176
2830896228.14327 205615285372.932 -268715824469.71 22854.3109931016 -14723.6087808726 -22756327.2734876 50349.6968741492
2830946826.00204 206765101643.59 -269455989900.015 22818.938483638 -14677.4462104707 -22756327.2734905 50597.8587774937
2830997661.75477 207918796119.789 -270197472047.457 22783.59770263 -14631.4549726626 -22756327.2734936 50835.7527297658
2831048736.51995 209076119313.163 -270940106996.083 22748.2967435964 -14585.6445188799 -22756327.2734964 51074.7651786284
2831100081.51774 210237081878.336 -271683898402.521 22713.0356787729 -14540.013828453 -22756327.2734994 51344.9977827576
2831151656.18896 211402377023.392 -272429286157.141 22677.7939809407 -14494.5353453023 -22756327.2735022 51574.6712271287
2831203491.8758 212571068362.437 -273175667464.251 22642.6004415809 -14449.2451979321 -22756327.2735052 51835.6868359729
2831255565.83719 213743850797.462 -273923482682.708 22607.4345531108 -14404.1159351384 -22756327.2735079 52073.9613884111
2831307909.71456 214920194113.391 -274672390061.316 22572.3126574802 -14359.1675020228 -22756327.2735108 52343.8773694534
2831360433.07225 216100796993.794 -275422830520.754 22537.2143626466 -14314.3728058625 -22756327.2735136 52523.3576976018
2831413247.12004 217283606757.781 -276173497444.96 22502.200896412 -14269.8087906267 -22756327.2735163 52814.0477827295
2831466353.46673 218471113869.443 -276925968921.541 22467.1988167 -14225.3808580151 -22756327.2735191 53106.3466897089
2831519728.31668 219663334705.282 -277680249148.08 22432.2083907498 -14181.0886148321 -22756327.2735218 53374.8499573261
2831573373.02745 220859716507.589 -278435983065.027 22397.2464811388 -14136.9525927938 -22756327.2735246 53644.7107652227
2831627213.64055 222060272409.003 -279193174451.939 22362.3132338086 -14092.9720831452 -22756327.2735273 53840.613105717
2831681389.61724 223263333817.783 -279950768869.262 22327.4574127745 -14049.2073461645 -22756327.27353 54175.9766868036
2831735813.28635 224472000208.971 -280710713994.352 22292.5896913364 -14005.5453068154 -22756327.2735328 54423.6691071349
2831790422.66348 225684296236.49 -281471762085.466 22257.767730599 -13962.0574216599 -22756327.2735354 54609.3771308664
2831845345.42368 226898829680.325 -282233038327.509 22223.0315636699 -13918.7924570269 -22756327.273538 54922.7602007093
2831900569.79334 228118425221.971 -282996310366.987 22188.3007063519 -13875.6491507903 -22756327.2735407 55224.3696575334
2831955955.92355 229342800596.625 -283761395016.891 22153.5839621249 -13832.6377870312 -22756327.2735434 55386.1302170734
2832011632.44785 230568842369.806 -284526345152.819 22118.969745547 -13789.8667815088 -22756327.2735457 55676.5243001755
2832067600.8888 231799385810.33 -285292928559.082 22084.3780877258 -13747.2361667982 -22756327.2735484 55968.440943586
2832123848.79875 233034445687.189 -286061149176.43 22049.8091658807 -13704.7454066077 -22756327.2735509 56247.9099519817
2832180363.45204 234273729083.722 -286830819977.591 22015.2717127857 -13662.4044442645 -22756327.2735534 56514.6532854022
2832237131.8527 235516938772.692 -287601752405.807 21980.7744319286 -13620.2230827883 -22756327.2735559 56768.4006598502
2832294155.14004 236763773429.967 -288373756518.202 21946.3259904306 -13578.2109782286 -22756327.2735584 57023.2873446593
2832351434.4585 238014243328.726 -289146836019.232 21911.9263523294 -13536.3671131764 -22756327.2735609 57279.3184552641
2832409103.95344 239268358771.73 -289920994610.179 21877.5754804621 -13494.6904786325 -22756327.2735634 57669.4949408139
2832466988.28545 240529035149.937 -290698025199.448 21843.1942810099 -13453.0845289443 -22756327.2735659 57884.3320163291
2832525103.08074 241792419995.68 -291475547877.153 21808.8884049779 -13411.6764143831 -22756327.2735683 58114.7952834583
2832583531.15354 243058843188.783 -292253765204.009 21774.648851301 -13370.4541260563 -22756327.2735708 58428.0728047854
2832642176.88936 244330093230.664 -293033772821.965 21740.4275906585 -13329.3589692158 -22756327.2735732 58645.7358223348
2832701176.11858 245604074350.607 -293814281867.16 21706.2813064066 -13288.4581116087 -22756327.2735757 58999.2292164742
2832760432.03627 246883719825.215 -294597085342.081 21672.1317845334 -13247.657071874 -22756327.273578 59255.9176878697
2832820029.48608 248166910700.649 -295380881830.601 21638.0361147338 -13207.0233674547 -22756327.2735804 59597.4498099029
2832879802.72181 249455465640.042 -296166777475.48 21603.9464550251 -13166.499254328 -22756327.2735828 59773.2357289775
2832939888.69849 250745786627.003 -296952575553.691 21569.9581628361 -13126.1971549522 -22756327.273585 60085.9766812592
2833000374.4164 252040817230.383 -297740067318.694 21535.9937530872 -13086.0241847431 -22756327.2735873 60485.7179103861
2833061022.75326 253342408355.876 -298530370421.695 21502.0055493129 -13045.923510773 -22756327.2735896 60648.3368630674
2833122041.77657 254645440894.027 -299320373231.216 21468.1275277927 -13006.052386277 -22756327.2735919 61019.0233035936
2833183347.32797 255954370276.133 -300112774516.587 21434.2440322298 -12966.2738034038 -22756327.2735941 61305.5514096297
2833244940.75295 257267370076.236 -300906462596.763 21400.4029646172 -12926.6434108718 -22756327.2735964 61593.4249707567
2833306806.77371 258584452273.112 -301701441187.498 21366.6043250883 -12887.1604184562 -22756327.2735987 61866.0207658666
2833368946.59671 259905274125.023 -302497500351.614 21332.8571569302 -12847.8345680788 -22756327.2736009 62139.8229960392
2833431361.43371 261229846131.488 -303294643817.725 21299.1613792586 -12808.6649121033 -22756327.273603 62414.8370006288
2833494106.56497 262558178820.791 -304092875310.475 21265.5169105539 -12769.6505108011 -22756327.2736052 62745.1312635649
2833557166.43768 263891430613.28 -304892886815.943 21231.8947847165 -12730.7570604969 -22756327.2736074 63059.8727126501
2833620471.12423 265229251041.389 -305694462855.412 21198.3043418663 -12691.9947404561 -22756327.2736096 63304.6865484953
2833684165.53552 266570140985.971 -306496702489.234 21164.7834141153 -12653.4063899631 -22756327.2736118 63694.4112854931
2833748072.31485 267917150597.45 -307301425858.036 21131.2561903686 -12614.9040848448 -22756327.2736139 63906.7793356904
2833812354.60921 269266511562.216 -308106377945.62 21097.8167817974 -12576.595179076 -22756327.273616 64282.2943580897
2833876905.74107 270621651883.354 -308913600408.63 21064.3804921726 -12538.3818870374 -22756327.2736181 64551.1318571706
2833941799.75947 271980303163.021 -309721737232.558 21031.0037295852 -12500.3280433649 -22756327.2736202 64894.0184033605
2834006874.28783 273344006168.571 -310531701066.472 20997.6489576205 -12462.3901469629 -22756327.2736222 65074.5283590518
2834072312.87469 274709335367.351 -311341455973.225 20964.3999693783 -12424.6626184258 -22756327.2736243 65438.5868556996
2834138061.85449 276080127519.105 -312153275599.426 20931.1634000633 -12387.038676661 -22756327.2736263 65748.9797975396
2834204011.66811 277455237776.886 -312966476615.423 20897.9675014777 -12349.5497321139 -22756327.2736283 65949.8136273514
2834270348.73693 278832362298.165 -313779695712.893 20864.86783203 -12312.25762723 -22756327.2736303 66337.0688145045
2834337075.33488 280215377621.475 -314595219190.442 20831.7714038871 -12275.0568513678 -22756327.2736323 66726.597951677
2834404080.20419 281604305669.99 -315413052162.498 20798.6784849115 -12237.9473341971 -22756327.2736343 67004.8693084074
2834471364.50533 282996810606.747 -316231814396.052 20765.6451521378 -12200.9913686387 -22756327.2736363 67284.3011461207
2834539004.86955 284392902112.967 -317051509716.214 20732.6712307157 -12164.1879542207 -22756327.2736382 67640.3642189763
2834606963.6578 285794152017.978 -317873057153.559 20699.7198918153 -12127.4953310301 -22756327.2736402 67958.7882442412
2834675166.6299 287199760540.628 -318695983003.748 20666.810352579 -12090.9343180878 -22756327.2736422 68202.9721049842
2834743730.52661 288608177718.541 -319519378001.58 20633.9789457253 -12054.5444898265 -22756327.273644 68563.8967101584
2834812694.0024 290021797847.756 -320344639045.76 20601.1700266411 -12018.2634614742 -22756327.2736459 68963.4757827626
2834881941.54761 291441393882.484 -321172210590.247 20568.3663015978 -11982.0716844439 -22756327.2736479 69247.5452125903
2834951515.08282 292864567952.977 -322000690028.166 20535.6235723566 -11946.0301562301 -22756327.2736498 69573.5352089617
2835021416.14265 294292165187.483 -322830566553.175 20502.9225467431 -11910.1169394981 -22756327.2736516 69901.0598370288
2835091605.13395 295724198605.661 -323661843905.221 20470.2632030017 -11874.3313873725 -22756327.2736534 70188.9912962088
2835162124.5472 297159840560.442 -324494038840.812 20437.6645664643 -11838.6936572954 -22756327.2736553 70519.4132475966
2835233012.92673 298599943576.307 -325327642723.352 20405.1074283688 -11803.1820668692 -22756327.2736573 70888.37952798
2835304193.30461 300045274336.54 -326163094567.125 20372.5748410065 -11767.7775870676 -22756327.2736591 71180.377883999
2835375624.70722 301494245075.829 -326999472834.141 20340.1028013665 -11732.5187833999 -22756327.2736608 71431.4026134963
2835447387.00523 302946009072.687 -327836288004.251 20307.7101808171 -11697.42534121 -22756327.2736625 71762.2980082047
2835519605.04926 304402175145.674 -328674465729.742 20275.361087782 -11662.457639488 -22756327.2736644 72218.0440331714
2835592034.70107 305865252388.063 -329515443607.443 20243.0003835937 -11627.5556755082 -22756327.2736661 72429.6518001111
2835664880.36273 307330276322.707 -330356364387.395 20210.7381130118 -11592.8375402211 -22756327.2736678 72845.6616629709
2835738063.47113 308801364946.513 -331199589173.162 20178.4837018 -11558.2051031147 -22756327.2736696 73183.1084032959
2835811622.19559 310276909289.567 -332044190094.301 20146.2728960726 -11523.6962859468 -22756327.2736714 73558.7244549537
2835885513.22992 311757658568.808 -332890591450.18 20114.089679237 -11489.2934025955 -22756327.2736731 73891.0343357134
2835959738.07539 313242720998.449 -333738279135.146 20081.9537467992 -11455.0169711563 -22756327.2736748 74224.8454640501
2836034298.24001 314732108835.041 -334587256857.67 20049.8650164026 -11420.8663028047 -22756327.2736765 74560.1646220199
2836109149.10978 316225834367.541 -335437528324.6 20017.8234054442 -11386.8407138913 -22756327.2736781 74850.8697762822
2836184338.12685 317722987993.677 -336288573542.7 19985.8484777069 -11352.9603205182 -22756327.2736799 75189.0170700863
2836259949.66818 319224502779.289 -337140920670.571 19953.9203576875 -11319.2034098847 -22756327.2736815 75611.5413281469
2836335891.14326 320732041631.947 -337995508404.231 19922.0040958722 -11285.5325722936 -22756327.2736831 75941.4750772534
2836412128.70913 322243736886.171 -338851273007.475 19890.1396093226 -11251.9894473426 -22756327.2736847 76237.5658696914
2836488746.95448 323758899400.75 -339707822370.819 19858.3414417591 -11218.5886899139 -22756327.2736863 76618.2453486423
2836565699.52637 325279192514.774 -340566093701.094 19826.5748337039 -11185.293207532 -22756327.2736879 76952.571887869
2836643036.34799 326803676942.774 -341425552796.821 19794.859655638 -11152.1233009259 -22756327.2736896 77336.8216292665
2836720710.6317 328333322095.634 -342286742237.851 19763.1759832835 -11119.0576097791 -22756327.2736911 77674.2837025946
2836798723.85 329867182900.507 -343149125995.59 19731.5436342042 -11086.1162982801 -22756327.2736928 78013.218304125
2836877162.67409 331405271021.416 -344012707770.826 19699.9624793039 -11053.2986521278 -22756327.2736943 78438.8240934108
2836955979.15344 332949273747.488 -344878430128.745 19668.3982099544 -11020.5685583773 -22756327.2736959 78816.4793489206
2837035089.63526 334498223979.804 -345745745229.573 19636.8710241103 -10987.9465501437 -22756327.2736974 79110.4818135286
2837114631.70905 336050460810.409 -346613720508.991 19605.4147988979 -10955.4670947026 -22756327.273699 79542.0737896699
2837194556.74985 337608664538.355 -347483851027.457 19573.9754204372 -10923.0738021873 -22756327.2737006 79925.0408031102
2837274693.65376 339171859152.113 -348355586144.196 19542.5730054233 -10890.7869989692 -22756327.2737021 80136.9039113132
2837355216.38858 340736685132.758 -349227051695.627 19511.2748902556 -10858.675235704 -22756327.2737036 80522.7348218628
2837436214.53591 342306526457.823 -350100131543.681 19480.0132415514 -10826.6682399831 -22756327.2737051 80998.1473246786
2837517550.47154 343883104220.911 -350975776447.797 19448.754299041 -10794.7311033453 -22756327.2737066 81335.9356286022
2837599225.60415 345463716651.48 -351852480510.502 19417.5520110378 -10762.9185390734 -22756327.273708 81675.1326183049
2837681188.45285 347048374601.664 -352730247480.138 19386.4061899072 -10731.2297814135 -22756327.2737095 81962.8487006673
2837763670.83708 348636065138.788 -353608515133.384 19355.3366400081 -10699.6843476165 -22756327.273711 82482.3842244161
2837846586.42299 350231256383.888 -354489750141.321 19324.2562596281 -10668.1933866208 -22756327.2737124 82915.5859132216
2837929794.09472 351832249558.499 -355373006021.151 19293.1988307048 -10636.7908823808 -22756327.2737139 83207.6717266261
2838013384.24948 353436301495.661 -356256766320.234 19262.2176794053 -10605.5302377236 -22756327.2737153 83590.1547600394
2838097358.64544 355045138899.168 -357141980447.775 19231.2794352259 -10574.377206464 -22756327.2737168 83974.3959639173
2838181719.04886 356658775470.805 -358028652110.011 19200.3840310586 -10543.3312545603 -22756327.2737182 84360.403420091
2838266411.68173 358277224948.088 -358916785013.073 19169.5313996047 -10512.3918515866 -22756327.2737196 84692.6328651913
2838351584.99097 359899437902.178 -359805800586.881 19138.7416091172 -10481.5786011848 -22756327.2737211 85173.3092376964
2838437093.73105 361528235728.019 -360697240424.781 19107.9613882255 -10450.8377755553 -22756327.2737224 85508.7400810564
2838523030.80425 363160818819.286 -361589567694.734 19077.2439202322 -10420.2220774452 -22756327.2737238 85937.0732027993
2838609306.31616 364798941413.96 -362483737770.14 19046.5563425986 -10389.698281536 -22756327.2737251 86275.5119132158
2838695956.25136 366440870401.652 -363378801176.762 19015.9312657578 -10359.2983567854 -22756327.2737265 86649.935198775
2838782982.23479 368087273634.699 -364275119694.682 18985.3562429073 -10329.0094229242 -22756327.2737279 87025.9834274224
2838870385.89844 369738163373.6 -365172696992.031 18954.8311364137 -10298.830860111 -22756327.2737291 87403.6636511769
2838958110.11645 371393551907.866 -366071536732.981 18924.3558090127 -10268.7620533411 -22756327.2737305 87724.2180128763
2839046308.71499 373052341254.79 -366971040894.576 18893.9504312605 -10238.8223687932 -22756327.2737319 88198.5985389593
2839134890.08274 374717419773.991 -367872771995.346 18863.5622281609 -10208.959404363 -22756327.2737331 88581.3677432718
2839223950.46616 376387034858.581 -368775775971.511 18833.2234853926 -10179.2045156659 -22756327.2737344 89060.3834219871
2839313431.87515 378062977398.025 -369681016473.684 18802.9019597435 -10149.5257100863 -22756327.2737357 89481.408996438
2839403181.04094 379744131296.023 -370587885020.214 18772.6182181004 -10119.9427852173 -22756327.273737 89749.1657856603
2839493511.77731 381427601836.947 -371494818734.779 18742.4243034845 -10090.5060376795 -22756327.2737383 90330.7363720942
2839584207.84372 383119253067.9 -372404972260.904 18712.2152838565 -10061.1127810942 -22756327.2737396 90696.0664047331
2839675208.51906 384815008746.221 -373316146122.47 18682.0643989563 -10031.8339859142 -22756327.2737408 91000.6753421491
2839766736.24683 386513719557.796 -374227721923.168 18651.9919201109 -10002.6887791091 -22756327.2737421 91527.7277757931
2839858537.85463 388219516646.601 -375141912603.156 18621.9248914201 -9973.60605042528 -22756327.2737434 91801.6078005817
2839950807.7159 389927661915.168 -376056175563.868 18591.9469345063 -9944.66625278947 -22756327.2737446 92269.8612690405
2840043548.21907 391641755071.17 -376972435406.499 18561.9948465358 -9915.80788569349 -22756327.2737459 92740.5031631051
2840136697.42666 393361814751.96 -377890696255.707 18532.0686831786 -9887.03069767307 -22756327.2737471 93149.2075973611
2840230159.48224 395086669253.232 -378810327974.501 18502.1890757681 -9858.35416669438 -22756327.2737484 93462.0555771263
2840324197.39167 396814527813.058 -379730374250.403 18472.3869537564 -9829.8074738983 -22756327.2737496 94037.9094314955
2840418486.39589 398550229539.326 -380653407137.667 18442.5790994229 -9801.31055279162 -22756327.2737508 94289.0042204991
2840513389.81752 400287759898.755 -381576224710.966 18412.8689159223 -9772.96185130673 -22756327.273752 94903.4216312786
2840608711.4755 402033792190.884 -382502367128.231 18383.1424775098 -9744.65228794241 -22756327.2737532 95321.6579781156
2840704221.79309 403784687822.958 -383429897207.932 18353.4622460763 -9716.44111512957 -22756327.2737543 95510.3175889664
2840800354.48656 405536219661.529 -384356576509.714 18323.8995206436 -9688.39550593497 -22756327.2737555 96132.6934695993
2840896944.30666 407296322309.136 -385286600084.441 18294.3204275414 -9660.38803413609 -22756327.2737566 96589.8200986409
2840993993.4271 409061939212.254 -386218345050.154 18264.7769113827 -9632.46768695343 -22756327.2737578 97049.1204393245
2841091334.83639 410833086465.898 -387151815186.24 18235.2689438884 -9604.63410086923 -22756327.2737589 97341.4092890475
2841189070.3123 412606699863.238 -388085393903.28 18205.8474840084 -9576.93487159623 -22756327.2737601 97735.4759157558
2841287373.02258 414384620575.857 -389020049957.246 18176.4817647062 -9549.34051040308 -22756327.2737613 98302.7102753982
2841386175.97311 416169973420.598 -389957420713.262 18147.1204794083 -9521.8025052424 -22756327.2737624 98802.950526688
2841485308.83161 417961511797.659 -390896844452.274 18117.7846305775 -9494.34033648485 -22756327.2737635 99132.858502468
2841584946.1548 419756127854.651 -391836688683.516 18088.5251419132 -9467.00126829801 -22756327.2737646 99637.3231902617
2841684986.83915 421556962225.125 -392778595313.451 18059.2908423806 -9439.73708421934 -22756327.2737657 100040.684351052
2841785361.56433 423362165057.055 -393721592676.326 18030.1119297645 -9412.57560080343 -22756327.2737668 100374.725181756
2841886247.07378 425170470530.029 -394665018517.773 18001.0087032842 -9385.53523777347 -22756327.2737678 100885.509448104
2841987501.00179 426985043217.695 -395610520968.429 17971.9302667477 -9358.56831312725 -22756327.2737688 101253.928014276
2842089302.47406 428803301502.471 -396556751399.613 17942.9180842249 -9331.71291379754 -22756327.2737699 101801.472269756
2842191548.96454 430628439566.617 -397505368049.161 17913.9213425036 -9304.92166399475 -22756327.273771 102246.490475072
2842294168.84368 432458593603.066 -398455396885.202 17884.9699394396 -9278.22190344124 -22756327.273772 102619.879137359
2842397268.97072 434292463479.111 -399406160810.565 17856.0844014102 -9251.63215057721 -22756327.2737732 103100.127047733
2842500851.59318 436131939392.28 -400358637027.951 17827.2349730295 -9225.12462945382 -22756327.2737742 103582.62245691
2842604918.96906 437977037387.763 -401312829240.855 17798.421610664 -9198.69899259186 -22756327.2737753 104067.375882896
2842709473.36696 439827773551.091 -402268741153.65 17769.6442704998 -9172.35489444035 -22756327.2737762 104554.39789292
2842814440.75506 441684164008.189 -403226376471.565 17740.9029085464 -9146.09199136273 -22756327.2737772 104967.388101727
2842919930.19436 443544873289.085 -404185042950.474 17712.2182726726 -9119.9288885748 -22756327.2737783 105489.439299331
2843025836.31728 445411812254.499 -405145721229.206 17683.5610307892 -9093.83850243612 -22756327.2737793 105906.122924708
2843132160.76973 447283093652.725 -406107436303.308 17654.9602772964 -9067.84699400833 -22756327.2737803 106324.452451748
2843239014.02269 449158728653.741 -407070191855.155 17626.415779239 -9041.95375462566 -22756327.2737813 106853.252955798
2843346289.34634 451040643426.674 -408034972680.797 17597.8983486837 -9016.13198546659 -22756327.2737822 107275.323649516
2843454288.45364 452926935561.303 -409000799586.51 17569.4369389408 -8990.40758365417 -22756327.2737832 107999.10730317
2843562635.11592 454822879397.714 -409970366071.226 17540.9524160623 -8964.70883050208 -22756327.2737843 108346.662279935
2843671440.44941 456721842590.711 -410940274644.169 17512.5447364603 -8939.12566248341 -22756327.2737852 108805.333485305
2843780706.39582 458625756489.162 -411911510461.807 17484.1848632299 -8913.63151407119 -22756327.2737862 109265.946414308
2843890353.83391 460534634192.467 -412884077079.933 17455.8726421179 -8888.22590431942 -22756327.2737872 109647.438092643
2844000577.14594 462447075949.572 -413857259521.837 17427.6287410212 -8862.92698966063 -22756327.2737881 110223.312029867
2844111267.07373 464366449841.079 -414832768053.161 17399.4035101193 -8837.68997950056 -22756327.273789 110689.927782718
2844222343.46488 466290827516.713 -415809617621.021 17371.2255317842 -8812.54016482333 -22756327.2737899 111076.39115681
2844334003.23491 468218797838.463 -416787090067.291 17343.1153769572 -8787.49552486533 -22756327.2737908 111659.770028408
2844446249.44775 470153756213.177 -417766903170.671 17315.0236317067 -8762.51172409471 -22756327.2737918 112246.212835594
2844558804.0764 472095724933.946 -418749061377.37 17286.9503791289 -8737.58864457961 -22756327.2737927 112554.628651701
2844671865.40334 474039874748.973 -419731119921.096 17258.9653886346 -8712.78787135414 -22756327.2737936 113061.326935786
2844785435.70961 475989614922.803 -420714799917.077 17231.019410158 -8688.06535659947 -22756327.2737945 113570.306273561
2844899632.41312 477944960814.21 -421700104929.202 17203.1123616838 -8663.42074404781 -22756327.2737954 114196.703508834
2845014257.33348 479907905142.95 -422688033080.203 17175.2161205302 -8638.82898215528 -22756327.2737963 114624.920366758
2845129312.07644 481875015981.276 -423676852449.922 17147.3796423748 -8614.33296389573 -22756327.2737972 115054.742959977
2845245029.95808 483846303835.245 -424666566810.817 17119.6026488846 -8589.9320695906 -22756327.2737981 115717.881631124
2845361181.76071 485825739481.968 -425659164607.904 17091.8294157254 -8565.57710416038 -22756327.2737989 116151.8026302
2845477885.88409 487809375194.251 -426652661088.049 17064.1155590289 -8541.31659670239 -22756327.2737999 116704.123386824
2845595056.03483 489799210935.115 -427648054579.623 17036.4331849203 -8517.12582497315 -22756327.2738007 117170.150733075
2845712694.07386 491793752087.808 -428644593624.309 17008.8031773593 -8493.02275245115 -22756327.2738016 117638.039037458
2845830801.86959 493793010650.169 -429642281785.025 16981.225327631 -8469.00686537219 -22756327.2738024 118107.795731221
2845949590.40081 495796998640.796 -430641122615.529 16953.6994282241 -8445.0776542321 -22756327.2738033 118788.531220244
2846068734.84695 497809267417.567 -431642880561.045 16926.1769669731 -8421.19272840684 -22756327.2738041 119144.446140863
2846188474.22087 499824290938.084 -432644800769.469 16898.733618121 -8397.41748363379 -22756327.2738051 119739.373919045
2846308811.49324 501846091545.779 -433648880773.788 16871.3145589062 -8373.70410260314 -22756327.2738059 120337.272369151
2846429537.43374 503874689604.594 -434655124596.05 16843.9198193897 -8350.05241300055 -22756327.2738067 120725.940498066
2846550866.19894 505906536788.048 -435661769249.479 16816.5973167141 -8326.50348125578 -22756327.2738076 121328.765202663
2846672586.83462 507945216113.82 -436670586952.103 16789.2988696643 -8303.01547910551 -22756327.2738084 121720.635678256
2846794847.25468 509987161605.993 -437679810184.627 16762.0722281456 -8279.62919266199 -22756327.2738092 122260.420057189
2846917718.16161 512034835982.409 -438690654193.557 16734.8844601213 -8256.31600543972 -22756327.2738099 122870.906927707
2847041107.77332 514089395949.536 -439703684853.638 16707.720416161 -8233.0627043431 -22756327.2738107 123389.611717834
2847164922.88268 516149280319.696 -440718127637.078 16680.600908659 -8209.88687168348 -22756327.2738115 123815.109356177
2847289383.83451 518212914246.247 -441733204992.3 16653.5465782577 -8186.80582415284 -22756327.2738123 124460.951829573
2847414493.99765 520283946344.98 -442750707839.965 16626.5096689035 -8163.77855717795 -22756327.2738131 125110.163136567
2847539816.71054 522362399832.077 -443770640587.507 16599.490255879 -8140.80497686006 -22756327.2738138 125322.71288989
2847665918.14307 524441005275.002 -444789435369.282 16572.5826189616 -8117.96488618634 -22756327.2738146 126101.432535473
2847792356.77325 526529132881.912 -445811682386.966 16545.6654096669 -8095.15498062934 -22756327.2738154 126438.630180764
2847919356.11031 528619446196.313 -446833785838.108 16518.8333143632 -8072.45525716222 -22756327.2738161 126999.337057498
2848047044.24186 530715623988.081 -447857543511.371 16492.0389262683 -8049.82526971625 -22756327.2738169 127688.131550535
2848175323.86977 532819750023.17 -448883967085.556 16465.2558891864 -8027.24257580698 -22756327.2738176 128279.627911283
2848304071.95541 534930189477.327 -449912252685.98 16438.5053242034 -8004.72481350641 -22756327.2738184 128748.085639679
2848433416.44749 537044895618.594 -450941399889.09 16411.8131877777 -7982.29356351471 -22756327.2738191 129344.492080782
2848563360.10878 539165947426.668 -451972417263.723 16385.1532525205 -7959.92651847138 -22756327.2738199 129943.661286404
2848693778.30459 541293362494.992 -453005308379.292 16358.5254752668 -7937.62343168126 -22756327.2738206 130418.195812087
2848824672.76786 543425077600.781 -454039068302.214 16331.9556942321 -7915.4056819627 -22756327.2738213 130894.463265825
2848956406.96375 545561103351.969 -455073700737.486 16305.4436284702 -7893.27271998756 -22756327.2738221 131734.195895209
2849088415.57207 547707338886.625 -456112056589.198 16278.9163696978 -7871.16351807523 -22756327.2738228 132008.608319855
2849221035.69072 549854549912.375 -457149664659.226 16252.4881020398 -7849.17299750157 -22756327.2738235 132620.118649441
2849354188.00025 552008204742.16 -458189167035.417 16226.0912755421 -7827.24461097367 -22756327.2738243 133152.309528049
2849487874.63628 554166990342.439 -459229926035.634 16199.7420593373 -7805.39155721453 -22756327.273825 133686.636033846
2849622097.74302 556330919563.284 -460271945048.919 16173.4402704074 -7783.61341985488 -22756327.2738257 134223.106736886
2849757206.88738 558500005276.273 -461315227455.911 16147.1857267607 -7761.90978578247 -22756327.2738264 135109.144359894
2849892727.67855 560679861018.242 -462362465701.863 16120.9108808585 -7740.22469141725 -22756327.2738271 135520.791170874
2850028792.3007 562862802420.777 -463409962312.334 16094.7085944727 -7718.63460244229 -22756327.2738278 136064.622149592
2850165534.71636 565050941741.311 -464458729790.293 16068.5533293624 -7697.11816693944 -22756327.2738285 136742.415657601
2850302693.75503 567246406030.685 -465509783002.005 16042.4197928261 -7675.65437223778 -22756327.2738292 137159.038674479
2850440536.03895 569444979886.399 -466561101009.102 16016.3581375151 -7654.28415518691 -22756327.2738299 137842.283918611
2850578931.46976 571650914819.089 -467614713928.407 15990.3179420099 -7632.96591847169 -22756327.2738306 138395.430808653
2850717791.71108 573862101318.908 -468669609550.413 15964.324240632 -7611.71995598608 -22756327.2738313 138860.241321314
2850857568.60082 576077109140.955 -469725103847.417 15938.3937170167 -7590.55962214388 -22756327.2738319 139776.889737088
2850997681.93928 578303112812.329 -470784609178.432 15912.4426687976 -7569.41646330837 -22756327.2738326 140113.338461063
2851138265.85796 580530844628.607 -471843709721.472 15886.579273355 -7548.37841894091 -22756327.2738332 140583.91868398
2851279686.56927 582762426865.621 -472903415658.217 15860.7785051717 -7527.42477528613 -22756327.273834 141420.711310146
2851421811.75496 585003643017.33 -473966468092.385 15834.9736809323 -7506.50119927083 -22756327.2738346 142125.185687906
2851564279.04182 587252357558.786 -475031845834.637 15809.189830397 -7485.62789012494 -22756327.2738353 142467.286856842
2851707360.6812 589502817687.133 -476096821592.901 15783.4927902603 -7464.85787522214 -22756327.2738359 143081.639385091
2851851059.32235 591759308252.385 -477163422502.354 15757.8334033537 -7444.1511211302 -22756327.2738365 143698.641146278
2851995377.62591 594021844819.022 -478231651845.159 15732.2115666232 -7423.50733924146 -22756327.2738371 144318.303564521
2852140554.95015 596290442982.078 -479301512899.157 15706.6271773865 -7402.92624276903 -22756327.2738378 145177.324236117
2852286219.86235 598568829856.271 -480374756247.312 15681.0385355436 -7382.37416284703 -22756327.2738384 145664.912201345
2852432512.91599 600851145984.219 -481448616411.036 15655.5116296931 -7361.90393059325 -22756327.2738391 146293.053643934
2852579436.81977 603139572317.385 -482524117200.288 15630.0219889549 -7341.49567574969 -22756327.2738397 146923.903780512
2852726994.29407 605434124580.159 -483601261881.045 15604.5695112754 -7321.14911731647 -22756327.2738403 147557.474291604
2852875047.35022 607734818527.472 -484680053714.789 15579.1540949699 -7300.86397605413 -22756327.2738409 148053.056153458
2853023837.91917 610039481204.052 -485759471419.978 15553.7996682217 -7280.65910855695 -22756327.2738415 148790.568952276
2853173025.78042 612351853326.727 -486841263374.95 15528.4651071683 -7260.50153501451 -22756327.2738421 149187.86124368
2853322999.56273 614666626031.563 -487922943575.387 15503.2084983798 -7240.43723363618 -22756327.2738427 149973.782318175
2853473620.06736 616989806048.955 -489007316018.073 15477.9642695478 -7220.41388885085 -22756327.2738433 150620.504624544
2853625034.04022 619319204611.243 -490093353118.147 15452.7564268011 -7200.45039605741 -22756327.2738439 151413.972858814
2853776710.47562 621657058555.155 -491182091791.01 15427.560985852 -7180.52761540092 -22756327.2738445 151676.435401868
2853929076.9252 623995151059.979 -492269704261.684 15402.4663233184 -7160.71516628028 -22756327.2738451 152366.449580785
2854082391.97786 626340058830.411 -493359249927.807 15377.4015651776 -7140.9567997083 -22756327.2738457 153315.052657171
2854236116.40383 628695721814.787 -494452551250.916 15352.3250027501 -7121.21955008627 -22756327.2738462 153724.425973005
2854390650.64948 631053825792.736 -495545744732.762 15327.3252581489 -7101.57299843804 -22756327.2738468 154534.245652901
2854545597.52387 633420489856.911 -496641664142.011 15302.3374279011 -7081.96592514516 -22756327.2738474 154946.874389978
2854701249.29049 635789607394.518 -497737478731.764 15277.4259566953 -7062.44868581268 -22756327.273848 155651.766616807
2854857609.15606 638165627421.363 -498835244681.579 15252.5439235515 -7042.98427711108 -22756327.2738485 156359.86557532
2855014792.7248 640548568308.667 -499934965312.815 15227.6912835804 -7023.57250681281 -22756327.2738491 157183.568740821
2855172543.53364 642940157007.025 -501037431096.977 15202.8502817948 -7004.19938226577 -22756327.2738497 157750.808839243
2855330747.37986 645336461875.976 -502140824868.994 15178.0618680341 -6984.89667424614 -22756327.2738503 158203.84621482
2855489670.93508 647735732542.434 -503244340325.229 15153.343899483 -6965.67801919295 -22756327.2738508 158923.555224054
2855649317.47345 650141992124.113 -504349825752.636 15128.6548230654 -6946.5108831529 -22756327.2738514 159646.538370236
2855809275.07204 652555259164.212 -505457284447.057 15103.9945957263 -6927.395081374 -22756327.2738519 159957.598583785
2855970262.08225 654969291098.859 -506563851269.677 15079.4267649576 -6908.3796118207 -22756327.2738524 160987.010211777
2856131711.42374 657394902079.306 -507674479396.654 15054.8413143512 -6889.37914233501 -22756327.273853 161449.341486937
2856294047.36757 659823515374.971 -508785236118.58 15030.3253536378 -6870.46085560242 -22756327.2738535 162335.943835627
2856456999.68166 662261486063.46 -509899024108.098 15005.8147680261 -6851.57509782869 -22756327.273854 162952.314086363
2856620419.97109 664704723188.123 -511013968780.445 14981.3508615591 -6832.75355660786 -22756327.2738546 163420.289428366
2856784460.7479 667150984675.403 -512129046226.411 14956.955870269 -6814.01309255836 -22756327.2738551 164040.776810213
2856949124.368 669602536339.863 -513245288489.411 14932.6069869297 -6795.33594029923 -22756327.2738556 164663.620108772
2857114413.19627 672059390663.804 -514362698735.316 14908.3040139552 -6776.72174431814 -22756327.2738561 165288.828269179
2857280482.75872 674521560144.26 -515481280118.184 14884.0467549967 -6758.1701519366 -22756327.2738566 166069.56244952
2857447621.06652 676991333107.398 -516602067975.808 14859.8127291044 -6739.66380728364 -22756327.2738571 167138.307793002
2857615239.37122 679472948428.185 -517726976725.683 14835.560792518 -6721.17123677244 -22756327.2738576 167618.30470001
2857783649.41327 681957631228.052 -518852023003.1 14811.3768754879 -6702.75783420289 -22756327.2738582 168410.042055162
2857952854.93242 684449979453.017 -519979286163.404 14787.2161519993 -6684.38927080817 -22756327.2738587 169205.519145307
2858122416.17707 686950014005.852 -521108769624.679 14763.0786164965 -6666.06542011936 -22756327.2738591 169561.244649426
2858292488.09982 689451218956.343 -522237528438.722 14739.0269950931 -6647.83367334838 -22756327.2738596 170071.922756881
2858463521.18675 691955871850.236 -523366592476.061 14715.0389566869 -6629.67680966028 -22756327.2738601 171033.086928926
2858635069.38463 694470577114.92 -524498934315.696 14691.0513329135 -6611.54686662925 -22756327.2738606 171548.197874978
2858807587.08987 696988746481.102 -525631582727.273 14667.1270534106 -6593.49125842862 -22756327.2738611 172517.705239295
2858980624.37737 699517019987.293 -526767519706.491 14643.2031179472 -6575.46229122919 -22756327.2738616 173037.287502307
2859154639.58785 702048773786.684 -527903764569.234 14619.3422893136 -6557.50711624164 -22756327.273862 174015.210480298
2859329476.75117 704590683707.546 -529043308759.456 14595.481734598 -6539.57830603743 -22756327.2738625 174837.163325773
2859504840.48242 707140430468.762 -530185104666.136 14571.6435531037 -6521.69238761078 -22756327.273863 175363.731244431
2859680892.07804 709693681625.089 -531327209266.376 14547.8682007267 -6503.87953475621 -22756327.2738635 176051.595622723
2859857634.23619 712252765834.658 -532470662771.608 14524.133831104 -6486.12316979611 -22756327.2738639 176742.158149598
2860035069.6656 714817696802.753 -533615468149.493 14500.4402854548 -6468.42300068661 -22756327.2738644 177435.429408545
2860213201.08562 717388488252.693 -534761628357.651 14476.7874058917 -6450.77873752021 -22756327.2738648 178131.420024569
2860392031.22629 719965153925.808 -535909146343.662 14453.1750354146 -6433.19009250534 -22756327.2738653 178830.14066435
2860571725.91836 722547707581.423 -537058025045.07 14429.6030179029 -6415.6567799462 -22756327.2738657 179694.692066814
2860752289.34148 725138512481.686 -538209310867.217 14406.0498813613 -6398.16269458373 -22756327.2738662 180563.423128951
2860933561.02479 727737591458.454 -539363007307.899 14382.5156442537 -6380.70775103383 -22756327.2738666 181271.683302885
2861115543.74642 730342602882.133 -540518070011.815 14359.0216071809 -6363.30761485294 -22756327.2738671 181982.721627927
2861297925.88215 732953560604.904 -541674501894.925 14335.5676151522 -6345.96200539627 -22756327.2738675 182382.135735295
2861481189.74135 735565978559.496 -542830316040.311 14312.1936960035 -6328.70029735241 -22756327.2738679 183263.859200078
2861665506.93666 738186744290.05 -543988557997.795 14288.8380837506 -6311.47668348385 -22756327.2738684 184317.195309256
2861850228.66976 740818268155.276 -545150284583.628 14265.479649629 -6294.27552094315 -22756327.2738688 184721.73309932
2862036012.11831 743451260221.743 -546311391168.807 14242.2008396749 -6277.15736555006 -22756327.2738693 185783.448554144
2862222524.3026 746095060703.126 -547475993170.661 14218.919060531 -6260.06132526316 -22756327.2738697 186512.184282049
2862409612.73141 748744892830.1 -548641979662.007 14195.6766010707 -6243.01836021177 -22756327.2738702 187088.428815809
2862597776.47861 751398568901.236 -549808386285.933 14172.4925080374 -6226.04224856923 -22756327.2738706 188163.747203959
2862786353.20599 754063134669.402 -550978304761.318 14149.3053346092 -6209.08787546814 -22756327.273871 188576.727372934
2862975681.48246 756729183480.4 -552147601455.113 14126.1969239846 -6192.21493177962 -22756327.2738714 189328.276470401
2863166097.95117 759401485943.924 -553318368529.728 14103.1256723541 -6175.39282579573 -22756327.2738719 190416.468713897
2863356932.34431 762084754398.21 -554492663579.362 14080.0511276023 -6158.59197548705 -22756327.2738723 190834.393136607
2863548863.58632 764769516119.212 -555666337467.706 14057.0547368708 -6141.8715341263 -22756327.2738727 191931.242008181
2863741216.07736 767465294846.767 -556843550054.965 14034.0549119346 -6125.17203109048 -22756327.2738731 192352.491042249
2863934335.16534 770162573662.108 -558020141869.736 14011.1328371806 -6108.5522647369 -22756327.2738735 193119.087976304
2864128223.90542 772866178984.026 -559198218048.088 13988.2472477111 -6091.98210837151 -22756327.2738739 193888.740087113
2864322885.36497 775576125459.522 -560377781329.17 13965.3980134806 -6075.46132416248 -22756327.2738743 194661.459550704
2864518671.91212 778292427754.749 -561558834442.489 13942.585005106 -6058.98967588137 -22756327.2738746 195786.547150731
2864715238.74221 781019962577.6 -562743490702.273 13919.7674997711 -6042.53767984376 -22756327.2738751 196566.830088382
2864912243.05799 783753886054.715 -563929639164.314 13896.986252863 -6026.13464135192 -22756327.2738755 197004.315781902
2865110032.50998 786489413725.731 -565115203715.245 13874.2808910231 -6009.80889207675 -22756327.2738759 197789.451985003
2865308965.12847 789231356157.708 -566302268899.792 13851.6112463424 -5993.53135150446 -22756327.2738762 198932.618487289
2865508690.56817 791984636026.156 -567492958745.67 13828.9368529271 -5977.27288590777 -22756327.2738766 199725.439701039
2865708509.67373 794744363670.736 -568685151512.875 13806.2982115493 -5961.06245835502 -22756327.273877 199819.105557787
2865909483.6766 797500873386.156 -569874674666.156 13783.7741424704 -5944.95625438204 -22756327.2738774 200974.002877628
2866111619.25178 800268787667.789 -571067837846.923 13761.2449312333 -5928.86847778824 -22756327.2738777 202135.575173897
2866314560.41315 803048145240.485 -572264647129.96 13738.7107306583 -5912.7992218684 -22756327.2738782 202941.161373234
2866518310.37129 805834010062.875 -573462969825.295 13716.2117920459 -5896.77711499003 -22756327.2738785 203749.958136194
2866722513.80213 808626397029.4 -574662808570.714 13693.7479908768 -5880.8019349435 -22756327.2738789 204203.43083909
2866927897.47043 811420419229.799 -575862063153.654 13671.3584070269 -5864.90128372759 -22756327.2738793 205383.668305973
2867133738.24748 814225991084.964 -577064985197.518 13648.9635937798 -5849.01860951412 -22756327.2738796 205840.777048715
2867340768.72539 817033204962.002 -578267322825.884 13626.642638114 -5833.20987262555 -22756327.27388 207030.477908721
2867548995.78029 819852022058.386 -579473338565.562 13604.3163376245 -5817.41884967344 -22756327.2738804 208227.054899669
2867757320.48807 822682481628.276 -580683038467.429 13581.9848434866 -5801.64563354717 -22756327.2738807 208324.707785172
2867966475.44808 825509628151.022 -581890030255.51 13559.7659237609 -5785.97322278729 -22756327.2738811 209154.960002914
2868176463.96916 828343398280.098 -583098559126.383 13537.5810292145 -5770.34597259554 -22756327.2738814 209988.521087628
2868387289.37339 831183807038.942 -584308627622.11 13515.4300420176 -5754.76367449236 -22756327.2738818 210825.404226392
2868598954.99605 834030869469.181 -585520238274.499 13493.3128449137 -5739.22612134582 -22756327.2738822 211665.622658839
2868811464.18573 836884600630.575 -586733393605.066 13471.2293212158 -5723.7331073601 -22756327.2738825 212509.189677368
2869025194.80337 839745015600.957 -587948096124.997 13449.1793548018 -5708.28442806408 -22756327.2738829 213730.617644652
2869239025.65492 842617157928.242 -589166480307.982 13427.1242911811 -5692.85293345706 -22756327.2738832 213830.851552986
2869454092.38768 845485942995.157 -590382146637.593 13405.1797418876 -5677.51933884713 -22756327.2738836 215066.732759984
2869670002.71988 848366588616.914 -591601543170.877 13383.2290820951 -5662.20197969866 -22756327.2738839 215910.33219398
2869887154.02861 851253797925.32 -592822420421.546 13361.3128942065 -5646.9291081799 -22756327.2738843 217151.308730418
2870105170.76688 854152842185.522 -594047000132.384 13339.3913806651 -5631.67292280827 -22756327.2738847 218016.738268641
2870323666.0064 857058664585.658 -595273138885.892 13317.5030016301 -5616.46012438345 -22756327.273885 218495.239524849
2870543018.29368 859966090019.402 -596498652511.459 13295.6865149514 -5601.31747784924 -22756327.2738853 219352.287279416
2870763610.2539 862880138068.823 -597725656438.15 13273.9040249345 -5586.21850722974 -22756327.2738856 220591.960214086
2870985067.48625 865805849478.195 -598956266030.405 13252.118054564 -5571.13716644772 -22756327.273886 221457.23235726
2871207010.77103 868738216103.283 -600188367643.328 13230.3660979799 -5556.09934293066 -22756327.2738863 221943.28478021
2871429824.62853 871672198870.151 -601419843592.09 13208.685305827 -5541.13054993417 -22756327.2738866 222813.857495093
2871653897.72208 874612863143.446 -602652819533.745 13187.0380205738 -5526.20461929431 -22756327.2738869 224073.093548804
2871878849.74252 877565295631.886 -603889421077.144 13165.3869988309 -5511.29580562787 -22756327.2738872 224952.020440312
2872104684.13744 880524442373.722 -605127524234.121 13143.7695034885 -5496.42970239757 -22756327.2738875 225834.394923266
2872330993.31034 883490318173.868 -606367131381.446 13122.1854136841 -5481.60611059242 -22756327.2738878 226309.1728997
2872559002.48695 886457552728.678 -607605997698.702 13100.6735758565 -5466.85154147094 -22756327.2738882 228009.176608653
2872787491.01364 889442166857.07 -608850804822.997 13079.1180471339 -5452.08640884209 -22756327.2738885 228488.526689563
2873016481.02497 892428138696.62 -610094863147.625 13057.6347441767 -5437.39005066246 -22756327.2738888 228990.011336651
2873246369.24982 895415752656.191 -611338294269.349 13036.2211754098 -5422.76054747655 -22756327.2738891 229888.224842176
2873477556.69161 898410166552.218 -612583244352.605 13014.8401522425 -5408.17233161721 -22756327.2738894 231187.441795284
2873709230.16524 901416559909 -613831859543.335 12993.4548913153 -5393.60024439688 -22756327.2738897 231673.473632152
2873942212.94519 904424327550.988 -615079731588.303 12972.1408088967 -5379.09556240641 -22756327.27389 232982.779947144
2874176512.43102 907444127313.574 -616331278511.202 12950.8223590611 -5364.60676289046 -22756327.2738903 234299.485827566
2874411304.49122 910475998121.443 -617586505723.144 12929.499674069 -5350.13392391167 -22756327.2738906 234792.060201805
2874646590.16135 913509244862.511 -618840981592.827 12908.2479491741 -5335.7279731133 -22756327.2738909 235285.670128952
2874883643.26541 916543876557.65 -620094713085.654 12887.0666742809 -5321.38835537479 -22756327.2738912 237053.104063501
2875120764.54789 919596277713.987 -621354461876.133 12865.8416905505 -5307.03772784675 -22756327.2738915 237121.282477818
2875359225.92506 922644536771.897 -622611181056.173 12844.7253451146 -5292.7789878317 -22756327.2738918 238461.377171007
2875598188.62627 925704987112.553 -623871604254.396 12823.6042545733 -5278.53541533322 -22756327.2738921 238962.701206035
2875838501.82897 928766832716.755 -625131281407.969 12802.5529070468 -5264.3571366277 -22756327.2738924 240313.202706407
2876079320.24886 931840922885.133 -626394672214.184 12781.4966912951 -5250.19379402548 -22756327.2738927 240818.419886147
2876321499.65787 934916413443.152 -627657316102.275 12760.5098674827 -5236.09523282641 -22756327.273893 242179.409010107
2876564629.01581 938004202000.885 -628923683242.214 12739.518053893 -5222.01137983868 -22756327.2738933 243129.357938724
2876809132.42318 941099002476.196 -630191598245.098 12718.5573836285 -5207.96642230514 -22756327.2738936 244503.407365783
2877054112.22848 944206167706.189 -631463246644.417 12697.5917987137 -5193.93614394113 -22756327.2738938 244979.805306416
2877299569.35996 947314259748.126 -632733943749.957 12676.698440211 -5179.97206028374 -22756327.2738941 245457.131475412
2877545958.46294 950423288080.777 -634003697206.005 12655.8767764363 -5166.0736108004 -22756327.2738944 246389.102979058
2877794166.21749 953538994862.096 -635274852229.182 12635.0881023127 -5152.2148056566 -22756327.2738947 248207.754552704
2878043316.38733 956672534336.938 -636551948847.64 12614.2583763424 -5138.34627450187 -22756327.273895 249150.16984468
2878292493.11766 959812785905.843 -637830444060.016 12593.461901216 -5124.51747771159 -22756327.2738952 249176.730322112
2878543509.07564 962948203874.956 -639105640993.769 12572.7746764549 -5110.77875098781 -22756327.2738955 251015.957979655
2878794597.22786 966101567054.293 -640386800547.322 12552.0463622593 -5097.03014483588 -22756327.2738958 251088.152225121
2879047538.71636 969250645737.408 -641664887393.841 12531.4230577499 -5083.36846295026 -22756327.273896 252941.48850358
2879301011.97085 972417746756.306 -642948951204.144 12510.7586501765 -5069.69681429996 -22756327.2738963 253473.254482402
2879555447.6331 975586276734.199 -644232256977.538 12490.1615891967 -5056.0868969319 -22756327.2738966 254435.662250691
2879811280.53397 978761600723.633 -645516977353.027 12469.5967729937 -5042.5153725535 -22756327.2738969 255832.900874673
2880067611.90752 981949100596.872 -646805282729.76 12449.0295074085 -5028.95928846908 -22756327.2738971 256331.373548063
2880325350.93003 985137548036.469 -648092631526.288 12428.532193207 -5015.46626149089 -22756327.2738974 257739.022509264
2880584505.33163 988338221604.194 -649383574103.734 12408.0322755078 -5001.98842724065 -22756327.2738977 259154.401603419
2880843687.36021 991551158766.603 -650678115055.594 12387.5298664863 -4988.52584658673 -22756327.2738979 259182.028574894
2881103804.71835 994759138493.136 -651969316059.724 12367.1345989318 -4975.15036009729 -22756327.2738982 260117.358142582
2881365791.17496 997973394523.906 -653261702699.291 12346.7745845615 -4961.81462865285 -22756327.2738985 261986.456607922
2881628288.09402 1001205407978.48 -654559881115.12 12326.377428121 -4948.47121724447 -22756327.2738987 262496.919058103
2881891296.47012 1004438373674.06 -655857094453.856 12306.0493281638 -4935.18954123904 -22756327.273899 263008.376108984
2882155253.98423 1007672301147.59 -657153350195.401 12285.789781554 -4921.96908568023 -22756327.2738992 263957.514103145
2882420164.06155 1010912556061.1 -658450799344.805 12265.5649195059 -4908.7876057248 -22756327.2738994 264910.077322561
2882687487.72193 1014159151135.59 -659749443932.796 12245.3745940389 -4895.64490307718 -22756327.2738997 267323.660378251
2882954839.88016 1017429918276.75 -661056402626.445 12225.1084495179 -4882.46917465356 -22756327.2739 267352.158227773
2883223600.44852 1020695630014.19 -662359989438.753 12204.9477319519 -4869.37820118532 -22756327.2739002 268760.568360551
2883493330.91324 1023973127259.94 -663666927478.933 12184.7881996614 -4856.30414907224 -22756327.2739004 269730.464721029
2883763967.28616 1027257019268.17 -664975060685.509 12164.6631239082 -4843.26853525337 -22756327.2739007 270636.372920848
2884036029.37044 1030546499200.56 -666284065056.067 12144.5773527301 -4830.27439404864 -22756327.2739009 272062.084283892
2884308563.04995 1033847843666.71 -667596432312.017 12124.4926465284 -4817.29692132653 -22756327.2739012 272533.679508307
2884582532.43583 1037149446727.76 -668907546121.096 12104.4795211023 -4804.38157611202 -22756327.2739014 273969.385875096
2884857490.51551 1040462959753.51 -670222030709.272 12084.467258254 -4791.48261755306 -22756327.2739017 274958.079684845
2885133440.85698 1043782932633.7 -671537717482.506 12064.4888874214 -4778.62127661603 -22756327.2739019 275950.341467878
2885409869.53362 1047109378172.46 -672854608353.109 12044.5442642115 -4765.79736340195 -22756327.2739021 276428.676637419
2885687754.43545 1050436086329 -674170245491.832 12024.6703532297 -4753.03450535827 -22756327.2739024 277884.901833981
2885967103.23387 1053774796977.34 -675489269000.709 12004.7969309412 -4740.2875051783 -22756327.2739026 279348.79841923
2886247460.13919 1057125544402.33 -676811682482.496 11984.9240850597 -4727.55640131635 -22756327.2739029 280356.90531729
2886528303.01806 1060482817115.38 -678135304177.241 11965.084615927 -4714.86215036349 -22756327.2739031 280842.878870081
2886810625.37612 1063840347451.47 -679457663635.591 11945.3152948815 -4702.22814319314 -22756327.2739033 282322.358066886
2887094435.00728 1067209983962.68 -680783424605.387 11925.5462690875 -4689.60964062197 -22756327.2739036 283809.631154363
2887378206.55826 1070591761118.33 -682112590632.979 11905.7776259187 -4677.00668150591 -22756327.2739038 283771.550983691
2887663473.01668 1073967489869.57 -683438013757.551 11886.1154052146 -4664.48672896171 -22756327.273904 285266.458413833
2887950242.25769 1077355392972.24 -684766849838.377 11866.4531818399 -4651.98187782428 -22756327.2739042 286769.24101052
2888236973.02142 1080755505024.55 -686099102387.831 11846.7910433298 -4639.49216792646 -22756327.2739044 286730.763734056
2888525764.11682 1084149538284.2 -687427606775.958 11827.23446123 -4627.08445958542 -22756327.2739047 288791.095402377
2888815525.13686 1087562306505.07 -688762072740.18 11807.6403772136 -4614.66789567973 -22756327.2739049 289761.020032991
2889105708.54138 1090980864523.07 -690097428336.335 11788.0834016305 -4602.28974105283 -22756327.2739051 290183.404523564
2889396866.5467 1094398741388.14 -691431147483.217 11768.6002408595 -4589.97308644313 -22756327.2739053 291158.005319515
2889690040.94281 1097822430067.71 -692765765430.374 11749.1535723281 -4577.69419721453 -22756327.2739055 293174.396108139
2889983176.00223 1101264123181.09 -694106025449.838 11729.6744009637 -4565.40948936996 -22756327.2739057 293135.059419687
2890277204.17745 1104699659764.85 -695442516346.195 11710.2993675301 -4553.20504071954 -22756327.2739059 294028.175225934
2890573268.62059 1108139973020.55 -696779496799.856 11690.9663095589 -4541.04151532601 -22756327.2739061 296064.443139883
2890871383.43365 1111598383207.3 -698122134312.364 11671.6005993802 -4528.8719355235 -22756327.2739063 298114.813059581
2891168352.12484 1115061611389.33 -699465264626.358 11652.2768194723 -4516.7431445843 -22756327.2739065 296968.691187355
2891467868.90501 1118519115925.34 -700804804557.452 11633.0533049915 -4504.69158378458 -22756327.2739067 299516.780173606
2891767822.29064 1122000519565.39 -702152224627.119 11613.765437004 -4492.61399615262 -22756327.2739069 299953.385630742
2892068689.56597 1125481223423.5 -703497995045.76 11594.5497292501 -4480.59584028116 -22756327.2739071 300867.275325051
2892372138.38141 1128966757038.2 -704844255875.968 11575.375322767 -4468.61767577281 -22756327.2739073 303448.815444698
2892676029.53404 1132476369466.64 -706198429364.698 11556.1367175187 -4456.61360846978 -22756327.2739075 303891.152627635
2892980846.57384 1135985262365.19 -707550937887.213 11536.9700781893 -4444.66857667427 -22756327.2739077 304817.039801718
2893286592.32178 1139499010029.32 -708903932208.047 11517.8446243111 -4432.76325848285 -22756327.2739079 305745.74794328
2893594455.48673 1143017622027.8 -710257414837.6 11498.7601351929 -4420.89741232085 -22756327.2739081 307863.164942127
2893903256.64066 1146554721427.92 -711616616858.916 11479.6429432384 -4409.02521226371 -22756327.2739083 308801.15393367
2894212507.93388 1150096700503.2 -712976300008.331 11460.5668157868 -4397.19244660499 -22756327.2739085 309251.293217683
2894523191.78792 1153637954385.85 -714334314824.755 11441.5616111142 -4385.41750014968 -22756327.2739087 310683.854038126
2894834822.22494 1157189709625.07 -715694965312.013 11422.5669112611 -4373.66283784965 -22756327.2739089 311630.437027335
2895149126.55356 1160746373232.54 -717056104323.534 11403.6126197901 -4361.94689651389 -22756327.2739091 314304.32861232
2895463889.04343 1164327586708.56 -718425235928.421 11384.594447202 -4350.20522531721 -22756327.2739093 314762.489871245
2895779610.54296 1167908045458.04 -719792676519.935 11365.6469984619 -4338.5209076255 -22756327.2739094 315721.499535508
2896096794.57559 1171493437304.04 -721160600481.656 11346.7398489738 -4326.87504819506 -22756327.2739096 317184.03262858
2896416175.24012 1175089442540.97 -722531170432.501 11327.8430360002 -4315.24912377055 -22756327.2739099 319380.664526057
2896736021.46567 1178704311115.72 -723907518014.091 11308.9135813768 -4303.61670377597 -22756327.27391 319846.225557245
2897056842.18988 1182318405819.64 -725282160390.97 11290.0543755273 -4292.04096243098 -22756327.2739102 320820.724207046
2897378640.38181 1185937467843.57 -726657283351.089 11271.2351367551 -4280.50318177099 -22756327.2739104 321798.19193243
2897701419.01959 1189561506734.01 -728032889241.13 11252.4556515773 -4269.00313294271 -22756327.2739106 322778.637779493
2898023941.67847 1193190532019.96 -729408980381.165 11233.7157080903 -4257.54058903736 -22756327.2739108 322522.658878792
2898349231.68778 1196810653145.04 -730780296351.697 11215.086501845 -4246.15892587012 -22756327.273911 325290.009307619
2898675512.78171 1200455765826.52 -732159672122.681 11196.3936084212 -4234.75151522812 -22756327.2739111 326281.09392746
2899003305.32449 1204105891593.39 -733539534563.424 11177.7398562351 -4223.38112214058 -22756327.2739113 327792.542777838
2899332096.57653 1207766813037.83 -734922064989.148 11159.0956874518 -4212.02966592381 -22756327.2739115 328791.252047567
2899662410.90537 1211432764847.32 -736305081460.946 11140.4904572338 -4200.71495612045 -22756327.2739117 330314.32883372
2899993731.62678 1215109554624.26 -737690770241.413 11121.8946850909 -4189.41900128729 -22756327.2739119 331320.721411583
2900326061.80702 1218791392004.36 -739076944368.362 11103.3376504404 -4178.15952457888 -22756327.273912 332330.180238568
2900658633.43422 1222478286453.9 -740463606022.789 11084.8191480792 -4166.93630876144 -22756327.2739122 332571.627203722
2900994058.6353 1226161714289.39 -741847552903.222 11066.3816137763 -4155.77493595644 -22756327.2739124 335425.201083949
2901330505.80063 1229870552075.5 -743239626391.65 11047.880654316 -4144.58796605165 -22756327.2739125 336447.165326285
2901668511.50763 1233584471710.65 -744632183444.503 11029.418041745 -4133.43695180918 -22756327.2739127 338005.706996978
2902008082.97601 1237309356597.57 -746027425288.44 11010.9645228519 -4122.30416405441 -22756327.2739129 339571.468381164
2902346867.66787 1241036583048.24 -747422118503.425 10992.5627445847 -4111.21525669081 -22756327.273913 338784.691861113
2902687757.47132 1244757591119.66 -748813066654.499 10974.2544572025 -4100.19522737261 -22756327.2739132 340889.803449361
2903028376.93285 1248495475901.8 -750208901194.822 10955.9258855832 -4089.17550662944 -22756327.2739134 340619.46152789
2903371649.85666 1252224171599.98 -751599888364.947 10937.7046285341 -4078.23271072139 -22756327.2739135 343272.923810998
2903716512.94145 1255975650949.33 -752997952178.914 10919.434375852 -4067.27289665807 -22756327.2739137 344863.084797081
2904062973.55342 1259738209192.32 -754398715696.223 10901.1725689632 -4056.33055211133 -22756327.2739138 346460.611968453
2904409685.8785 1263511871399.84 -755802179978.134 10882.9192302777 -4045.40566216207 -22756327.273914 346712.325078726
2904758004.29708 1267281960377.28 -757202886491.054 10864.7451350502 -4034.54048673394 -22756327.2739142 348318.418581858
2905106575.77852 1271063184776.31 -758606300008.774 10846.5791611535 -4023.69240683739 -22756327.2739143 348571.481439446
2905457313.18387 1274840837911.02 -760006962124.831 10828.4917480861 -4012.90338819051 -22756327.2739145 350737.405350824
2905808836.61219 1278635616752.41 -761412543412.373 10810.3837291685 -4002.11420943144 -22756327.2739146 351523.42831094
2906163956.82267 1282432543486.97 -762817489508.896 10792.3266454173 -3991.3674552421 -22756327.2739148 355120.210482414
2906518795.40584 1286261891408.78 -764232986953.142 10774.1769617987 -3980.57773123436 -22756327.2739149 354838.583167418
2906875838.8549 1290081781111.18 -765643546577.883 10756.1333258701 -3969.86310640907 -22756327.2739151 357043.449064042
2907233141.70579 1293918960488.68 -767059045401.654 10738.069180189 -3959.14833250299 -22756327.2739152 357302.850894905
2907592664.73484 1297752487269.15 -768471754623.76 10720.0830436838 -3948.49177833202 -22756327.2739154 359523.029049356
2907951902.64493 1301603364351.27 -769889410689.204 10702.0763049781 -3937.83495031541 -22756327.2739155 359237.910088616
2908313939.05702 1305444737647.23 -771302127433.191 10684.1743274691 -3927.25194777987 -22756327.2739157 362036.412090842
2908676238.49847 1309309545635.42 -772722014869.065 10666.2235433913 -3916.6519213029 -22756327.2739158 362299.441445901
2909041360.29158 1313170671961.94 -774139103915.687 10648.3499723976 -3906.10924789316 -22756327.273916 365121.793107065
2909406747.35565 1317055341932.56 -775563379769.075 10630.4276585163 -3895.54959452291 -22756327.2739162 365387.064075817
2909772399.88342 1320936299743.6 -776984842489.344 10612.582421313 -3885.04705489978 -22756327.2739163 365652.527771182
2910138871.85981 1324813566014.41 -778403508021.094 10594.8136087379 -3874.60108467473 -22756327.2739164 366471.97638963
2910508198.69236 1328693018697.47 -779821532115.922 10577.0938662794 -3864.19547019913 -22756327.2739166 369326.832547303
2910879820.41666 1332596139322.38 -781246756521.636 10559.3252839156 -3853.77270545557 -22756327.2739167 371621.724299274
2911251712.1343 1336516905750.39 -782676963409.437 10541.5358352448 -3843.34925738723 -22756327.2739169 371891.717645809
2911626500.92848 1340433919156.9 -784104343437.692 10523.8225449482 -3832.98191252355 -22756327.273917 374788.794171464
2912001562.01696 1344374798639.79 -785538954151.286 10506.0605876579 -3822.59757582365 -22756327.2739172 375061.088480881
2912378953.62822 1348311893739.83 -786970722884.125 10488.3746582777 -3812.26911263621 -22756327.2739173 377391.611266088
2912757190.99608 1352266774347.47 -788407490187.305 10470.6677950387 -3801.93983495044 -22756327.2739175 378237.367854593
2913135703.16372 1356223829960.55 -789843578019.848 10453.0099559833 -3791.65051602183 -22756327.2739177 378512.167647109
2913516567.29818 1360177091039.02 -791276825025.003 10435.4273662713 -3781.41630824946 -22756327.2739178 380864.134455376
2913898284.97135 1364148215943.09 -792715079771.059 10417.8236329758 -3771.18104332875 -22756327.2739179 381717.673170665
2914280858.09607 1368121529965.96 -794152658269.834 10400.2683082009 -3760.98512520691 -22756327.2739181 382573.124715943
2914665808.42122 1372097041434.96 -795589565265.608 10382.7610787325 -3750.82827050139 -22756327.2739182 384950.325154863
2915050110.53733 1376083793240.83 -797029065930.887 10365.2620436232 -3740.68726776809 -22756327.2739184 384302.116111551
2915438010.00663 1380063836816.87 -798464681177.399 10347.849714769 -3730.6075168593 -22756327.2739185 387899.469295167
2915826778.78123 1384074367580.83 -799909818524.586 10330.3615101604 -3720.49488199563 -22756327.2739186 388768.774605726
2916216418.80931 1388087096618.04 -801354270558.518 10312.9211206031 -3710.42090548716 -22756327.2739188 389640.028080132
2916607519.9166 1392102032209.55 -802798041958.257 10295.5282374288 -3700.38530994575 -22756327.2739189 391101.107283116
2917000087.58186 1396125224844.54 -804243306828.819 10278.1565074378 -3690.37281610587 -22756327.273919 392567.665267239
2917395094.5508 1400156688283.04 -805690065120.828 10260.8058579283 -3680.38333351502 -22756327.2739192 395006.968934667
2917790986.75336 1404206344219.22 -807141866947.385 10243.4337829755 -3670.39238126259 -22756327.2739193 395892.202566016
2918186784.21268 1408258207560.49 -808592974534.644 10226.1089211765 -3660.43940153497 -22756327.2739194 395797.459311518
2918584065.84044 1412302261842.52 -810039807808.858 10208.8736231488 -3650.54858788813 -22756327.2739196 397281.627761159
2918985066.31925 1416354637396.19 -811488141462.18 10191.6587961975 -3640.68017909889 -22756327.2739197 401000.478812201
2919386965.4635 1420438027880.52 -812946068813.706 10174.3684925987 -3630.7792156308 -22756327.2739198 401899.14424838
2919790371.6564 1424523629943.44 -814403291822.15 10157.125002599 -3620.91574273892 -22756327.27392 403406.192906218
2920194681.90609 1428617600317.86 -815862004704.784 10139.902200825 -3611.07474521367 -22756327.2739201 404310.249687844
2920598311.347 1432706899908.39 -817317563561.538 10122.7546611984 -3601.28730904546 -22756327.2739202 403629.440910644
2921005719.05921 1436789295233.62 -818769183730.529 10105.6911619301 -3591.55828958715 -22756327.2739203 407407.712206553
2921414039.79584 1440902937647.11 -820230421840.06 10088.5523801053 -3581.79683006059 -22756327.2739205 408320.736626068
2921823891.66092 1445018810244.69 -821690956350.781 10071.4595340322 -3572.07198949414 -22756327.2739206 409851.865086793
2922234662.02792 1449143115192.79 -823152986332.896 10054.3867302186 -3562.36896729043 -22756327.2739207 410770.366995315
2922646972.70904 1453269659314.2 -824614314550.883 10037.3594703308 -3552.70218877631 -22756327.2739208 412310.681124168
2923060829.48019 1457404660780.75 -826077141212.483 10020.3519619387 -3543.05694335783 -22756327.273921 413856.771150716
2923476238.13893 1461548133156.05 -827541465902.236 10003.3641384389 -3533.43314935923 -22756327.2739211 415408.658733522
2923893828.54512 1465700089989.49 -829007288180.005 9986.39593345987 -3523.83072551119 -22756327.2739212 417590.406196328
2924311319.01534 1469866766147.75 -830476800610.744 9969.4219772257 -3514.23529434755 -22756327.2739213 417490.470219127
2924731002.1668 1474025376848.05 -831941967754.944 9952.53487640744 -3504.69912551628 -22756327.2739214 419683.151462034
2925152889.51558 1478198740286.05 -833410829275.674 9935.64176023898 -3495.16969402035 -22756327.2739216 421887.348778663
2925576992.63823 1482386894193.49 -834883386416.194 9918.74270720712 -3485.64704708569 -22756327.2739217 424103.12265202
2926001603.86627 1486589876311.51 -836359640365.848 9901.83779546086 -3476.13123156357 -22756327.2739218 424611.228034784
2926428445.17413 1490790729118.36 -837833632042.739 9884.99513413779 -3466.66052787697 -22756327.2739219 426841.30786092
2926854567.73368 1494999361864.05 -839308839274.664 9868.17476276196 -3457.21238265208 -22756327.273922 426122.559550464
2927282928.31065 1499200844489.98 -840780032346.458 9851.43602758891 -3447.82003087371 -22756327.2739222 428360.576966803
2927715298.66071 1503417221932.49 -842254930241.83 9834.69091353168 -3438.43401147282 -22756327.2739223 432370.350061157
2928146940.95223 1507658663557.24 -843737072609.144 9817.89945204155 -3429.03196048278 -22756327.2739224 431642.291523067
2928580850.25108 1511892874894.22 -845215168656.01 9801.18949507453 -3419.68542742867 -22756327.2739225 433909.29885325
2929015279.40381 1516142072535.6 -846696973556.951 9784.47317830336 -3410.34519230208 -22756327.2739226 434429.152725111
2929451990.2006 1520389112227.7 -848176505640.033 9767.8178547852 -3401.04883296854 -22756327.2739227 436710.796792465
2929890994.62477 1524651182604.55 -849659749821.783 9751.15602501511 -3391.75861842285 -22756327.2739229 439004.424170832
2930329893.98825 1528928321560.16 -851146706990.937 9734.48776613299 -3382.47459574202 -22756327.273923 438899.363481041
2930772901.7757 1533197139815.87 -852629246035.872 9717.90402316912 -3373.24734439881 -22756327.2739231 443007.787443108
2931215163.59246 1537491317306.12 -854119058538.545 9701.27393769796 -3364.00401359884 -22756327.2739232 442261.816767638
2931659748.19085 1541778157724.42 -855604795088.864 9684.72413480841 -3354.81494723544 -22756327.2739233 444584.598386034
2932104865.43287 1546080153558.21 -857094250791.753 9668.1675957278 -3345.6317578911 -22756327.2739234 445117.242017898
2932552320.45334 1550379947252.57 -858581412918.219 9651.67103234857 -3336.49139434662 -22756327.2739235 447455.020475344
2933002794.44052 1554694940669.65 -860072297075.928 9635.1675911701 -3327.35676146286 -22756327.2739236 450473.987172884
2933453160.62215 1559031605795.7 -861569123519.497 9618.63285526199 -3318.21437059559 -22756327.2739237 450366.181635583
2933906565.41201 1563359805240.56 -863061486883.956 9602.18164518982 -3309.12765614527 -22756327.2739238 453404.78985728
2934360513.41271 1567709740748.89 -864559797441.44 9585.69907956533 -3300.03311205575 -22756327.2739239 453948.000699155
2934815005.27505 1572057419101.98 -866055784250.468 9569.27609632286 -3290.98088367891 -22756327.2739241 454491.862345841
2935272563.58148 1576402855623.7 -867549458742.587 9552.91224046381 -3281.97061123878 -22756327.2739242 457558.306421645
2935730670.07494 1580770116054.1 -869049086462.331 9536.51691130726 -3272.9523776164 -22756327.2739243 458106.493468624
2936191867.40031 1585135111493.6 -870546389112.08 9520.18056676263 -3263.97590878876 -22756327.2739244 461197.325361044
2936653617.27251 1589522015889.85 -872049652254.732 9503.8127584148 -3254.99147501479 -22756327.2739245 461749.872208771
2937117792.2786 1593906631878.08 -873550577465.375 9487.50379227811 -3246.04861600532 -22756327.2739246 464175.006088296
2937582523.39901 1598306704191.91 -875055235785.688 9471.18757730257 -3237.11104073916 -22756327.2739247 464731.120407057
2938049695.31096 1602704479062.05 -876557552823.251 9454.92986025558 -3228.21471332575 -22756327.2739248 467171.911954172
2938519320.83363 1607117754392.02 -878063605193.638 9438.66475878044 -3219.32353255985 -22756327.2739249 469625.522662981
2938989509.00071 1611546568241.52 -879573393121.195 9422.39234764293 -3210.43754520916 -22756327.273925 470188.167084121
2939460260.4863 1615973050743.41 -881080821437.547 9406.17819728559 -3201.59250816238 -22756327.2739251 470751.485592869
2939931575.9653 1620397217276.4 -882585901517.456 9390.02186499348 -3192.78807555585 -22756327.2739252 471315.478996828
2940406071.39685 1624819083084.58 -884088644627.281 9373.92291282773 -3184.02390561611 -22756327.2739253 474495.431550752
2940883768.23601 1629263136673.94 -885597366171.848 9357.79220984792 -3175.25144820125 -22756327.2739254 477696.839156962
2941362037.38959 1633729461018.36 -887112074485.658 9341.6298859181 -3166.47082066421 -22756327.2739255 478269.153583197
2941841563.21067 1638193420175.79 -888624407663.527 9325.52511510184 -3157.73044125871 -22756327.2739256 479525.821078377
2942322349.00118 1642661394100.72 -890136529916.26 9309.45460363638 -3149.0175850427 -22756327.2739257 480785.790507585
2942806378.64017 1647133389496.76 -891648442886.574 9293.41815710061 -3140.33208351935 -22756327.2739258 484029.638992403
2943289053.06847 1651615214722.1 -893162106594.029 9277.39487168781 -3131.66256958445 -22756327.2739259 482674.428297863
2943777751.96326 1656089324195.82 -894671597764.427 9261.44721202603 -3123.0427605744 -22756327.273926 488698.894790849
2944267036.35371 1660611453316.54 -896195702981.644 9245.37686315662 -3114.36549885166 -22756327.2739261 489284.390453888
2944756906.9413 1665131151268.18 -897717398247.845 9229.36354611444 -3105.72787384515 -22756327.2739262 489870.58758193
2945248064.67951 1669648433566.6 -899236694935.93 9213.40682912477 -3097.12955264249 -22756327.2739263 491157.738215933
2945739810.85926 1674169756147.97 -900755767081.089 9197.48363656664 -3088.55802064459 -22756327.2739264 491746.179746411
2946232849.11782 1678688679196.04 -902272453712.178 9181.61638001204 -3080.02526276264 -22756327.2739265 493038.258558804
2946729946.9392 1683211660839.15 -903788925016.966 9165.7821170661 -3071.51886290136 -22756327.2739266 497097.821383576
2947228350.90101 1687763998710.49 -905313648829.303 9149.8925159886 -3062.99138030874 -22756327.2739267 498403.961805506
2947728772.54849 1692320386845.04 -906838135373.607 9134.03613515606 -3054.49035384897 -22756327.2739268 500421.64748934
2948230509.06987 1696887288371.95 -908364542976.786 9118.19041720834 -3046.00364828114 -22756327.2739268 501736.521370652
2948733563.91999 1701458247492.68 -909890709767.344 9102.37769662181 -3037.54318424552 -22756327.2739269 503054.850125135
2949237940.56282 1706033270553.16 -911416637102.482 9086.59778706605 -3029.10880285182 -22756327.273927 504376.642830578
2949744359.0705 1710612363854.49 -912942326302.975 9070.8505035973 -3020.70034654576 -22756327.2739271 506418.507682159
2950252827.70911 1715202022547.05 -914469937273.175 9055.11344624426 -3012.30581428306 -22756327.2739272 508468.638602622
2950763354.77816 1719802262324.12 -915999467640.615 9039.38659649535 -3003.92517405231 -22756327.2739273 510527.069055443
2951275223.27342 1724413098844.41 -917530914994.421 9023.66993575115 -2995.55839387854 -22756327.2739274 511868.495255073
2951788436.71951 1729028013910.86 -919062110148.982 9007.98561859786 -2987.21722798332 -22756327.2739275 513213.446094938
2952303727.80443 1733647013676.02 -920593054311.958 8992.3334630308 -2978.90152227283 -22756327.2739276 515291.084922659
2952820372.83316 1738276649645.9 -922125914683.541 8976.69120563243 -2970.59940940786 -22756327.2739277 516645.028726324
2953338375.36322 1742910376902.38 -923658519983.41 8961.08089748196 -2962.3225540696 -22756327.2739277 518002.530060629
2953860643.00614 1747548201486.06 -925190871332.606 8945.50235930601 -2954.07080498516 -22756327.2739278 522267.64291479
2954382162.57291 1752209382024.77 -926729320926.033 8929.89102553767 -2945.80995798315 -22756327.2739279 521519.566769224
2954905793.40412 1756862439900.88 -928263474503.895 8914.35227004366 -2937.59573540297 -22756327.273928 523630.831214028
2955432283.02658 1761526200633.03 -929799541023.925 8898.82298542298 -2929.3947065023 -22756327.2739281 526489.622460151
2955960156.01736 1766207244168.74 -931339676469.184 8883.28139169166 -2921.19536614809 -22756327.2739282 527872.990779304
2956490165.99311 1770892391628.48 -932879537006.307 8867.77127745306 -2913.02079560268 -22756327.2739282 530009.975751333
2957022321.60498 1775588287925.2 -934421302224.104 8852.27058298539 -2904.85933077448 -22756327.2739283 532155.611866441
2957556631.53912 1780294948312.76 -935964969274.281 8836.7792915336 -2896.71094274091 -22756327.2739284 534309.934146996
2958093104.51688 1785012388003.6 -937510535267.023 8821.29738624331 -2888.57560260037 -22756327.2739285 536472.97775715
2958629537.77419 1789740622168.23 -939057997270.705 8805.82485016088 -2880.4532814723 -22756327.2739286 536433.257311559
2959168899.7183 1794460225797.75 -940601000026.805 8790.42500701396 -2872.3771517235 -22756327.2739286 539361.944105223
2959710445.15803 1799197286874.04 -942148071314.944 8775.01258550853 -2864.30244242697 -22756327.2739287 541545.439736124
2960254182.93283 1803945180905.65 -943697036243.266 8759.60926527989 -2856.24050931914 -22756327.2739288 543737.774798916
2960800121.91791 1808703922912.65 -945247891728.666 8744.21503008576 -2848.19132460052 -22756327.2739289 545938.985078219
2961345278.92092 1813466702073.29 -946798413690.303 8728.85184984541 -2840.16633935594 -22756327.273929 545157.003009807
2961894924.62043 1818221125189.13 -948344573013.589 8713.55937312414 -2832.18618010413 -22756327.2739291 549645.699504784
2962442996.86477 1822992588269.04 -949894627326.409 8698.25576714073 -2824.20809247865 -22756327.2739292 548072.244342783
2962994061.33959 1827755683137.44 -951440321265.735 8683.02237832287 -2816.27443354642 -22756327.2739292 551064.474824585
2963548134.38115 1832536384217.43 -952990082333.526 8667.77599690451 -2808.34181807331 -22756327.2739293 554073.041552839
2964104450.47317 1837334734603.61 -954543909460.677 8652.51670082147 -2800.41030160248 -22756327.2739294 556316.092028781
2964660725.37557 1842144023510.56 -956099617918.47 8637.26595449597 -2792.4910394089 -22756327.2739294 556274.902399516
2965220037.29132 1846944492499.25 -957650818330.654 8622.08618001062 -2784.61637958876 -22756327.2739295 559311.915742926
2965778548.07012 1851755780710.29 -959203858923.887 8606.91504111104 -2776.75391886264 -22756327.2739296 558510.778801409
2966340890.50554 1856558615024.06 -960752520418.945 8591.81308339307 -2768.93497099299 -22756327.2739297 562342.435424778
2966903191.30515 1861385896988.6 -962307406712.323 8576.67680556798 -2761.10591752668 -22756327.2739298 562300.799605202
2967470952.94261 1866204330118.58 -963857787943.945 8561.61056049878 -2753.32070189413 -22756327.2739298 567761.637457551
2968039438.10996 1871060981989.62 -965418796559.625 8546.4673065338 -2745.50334348141 -22756327.2739299 568485.16735724
2968611026.95327 1875915228440.14 -966977359902.757 8531.37392432866 -2737.71935737262 -22756327.27393 571588.843311965
2969184929.75618 1880787345918.59 -968539983293.772 8516.26731266916 -2729.93616842433 -22756327.2739301 573902.802900111
2969761155.88625 1885670519736.99 -970104469222.999 8501.16872110231 -2722.16472402408 -22756327.2739301 576226.130076582
2970335732.47012 1890550765970.2 -971666336367.16 8486.12123677114 -2714.42715237934 -22756327.2739302 574576.583869515
2970914250.92988 1895422385914.51 -973223769943.936 8471.14202802496 -2706.73218717406 -22756327.2739303 578518.459759432
2971493506.62755 1900318751839.31 -974787433648.823 8456.12843590602 -2699.0270614745 -22756327.2739304 579255.69766975
2972075924.80348 1905212674981.09 -976348636242.572 8441.16386166307 -2691.35456212825 -22756327.2739304 582418.175925521
2972660700.77931 1910124597173.7 -977913893853.319 8426.18574468762 -2683.68258254136 -22756327.2739305 584775.975834078
2973246221.96735 1915047647630.36 -979481005008.131 8411.21515409711 -2676.02191455442 -22756327.2739306 585521.188041494
2973834113.51721 1919968220498.4 -981045637225.264 8396.29332308188 -2668.39361129802 -22756327.2739307 587891.549854857
2974421961.53959 1924899943018.92 -982612122190.416 8381.37878602982 -2660.77642861265 -22756327.2739307 587848.0223795
2975013842.4864 1929822553032.25 -984174025863.291 8366.53259817645 -2653.20148819832 -22756327.2739308 591880.946817088
2975606477.69968 1934770137150.49 -985742158448.819 8351.65190724031 -2645.61628245672 -22756327.2739308 592635.213280028
2976199868.14063 1939715221717.2 -987307803586.267 8336.81937717248 -2638.06293361022 -22756327.2739309 593390.440946231
2976797329.52971 1944657820801.79 -988870971217.813 8322.03466018605 -2630.54118940957 -22756327.273931 597461.389081153
2977395552.29672 1949625484889.21 -990440365899.629 8307.21537761538 -2623.00912552089 -22756327.273931 598222.767008774
2977997041.09374 1954590628617.29 -992007264134.25 8292.44385280436 -2615.50856970183 -22756327.2739311 601488.797020015
2978599296.40103 1959573990697.45 -993578205470.015 8277.65833499652 -2608.00813760591 -22756327.2739312 602255.307295209
2979203124.8242 1964554813030.65 -995146641010.945 8262.92036103763 -2600.53901695229 -22756327.2739312 603828.423164546
2979811095.80515 1969539754620.88 -996714669699.012 8248.21000589844 -2593.09105066546 -22756327.2739313 607970.980953604
2980421528.03128 1974549941336.97 -998288924526.711 8233.4650394842 -2585.63273205343 -22756327.2739314 610432.226125116
2981033554.73172 1979571411996.76 -999865002824.429 8218.72674532395 -2578.18495937897 -22756327.2739315 612026.700445957
2981646361.37147 1984596987201.08 -1001440646145.41 8204.01613836291 -2570.75832297062 -22756327.2739315 612806.639751408
2982259948.94445 1989619966460.66 -1003013755775.82 8189.35261114805 -2563.36255458516 -22756327.2739316 613587.572976438
2982875952.95749 1994640363781.25 -1004584341564.79 8174.73582520288 -2555.9974113643 -22756327.2739316 616004.013043412
2983496183.05882 1999671530892.23 -1006156579069.21 8160.12676769818 -2548.64319195684 -22756327.2739317 620230.101323507
2984118033.22692 2004728142511.87 -1007735038343.21 8145.48301410996 -2541.27855518843 -22756327.2739318 621850.168101191
2984740675.85291 2009788864457.49 -1009313047366.07 8130.86645544875 -2533.93462862592 -22756327.2739318 622642.625992081
2985368455.43099 2014846949153.47 -1010888504149.5 8116.29636296094 -2526.62103775502 -22756327.2739319 627779.578074166
2985997035.02312 2019937600226.51 -1012472361057.26 8101.67144085813 -2519.28693820306 -22756327.2739319 628579.592138492
2986626415.64883 2025025560326.02 -1014053635846.84 8087.0930888815 -2511.98318177934 -22756327.273932 629380.625704766
2987259232.41258 2030110843531.22 -1015632338387.27 8072.56097240082 -2504.70953020904 -22756327.2739321 632816.763754683
2987895504.07417 2035214689352.62 -1017215056945.82 8058.01434413482 -2497.43555140918 -22756327.2739321 636271.661588769
2988532586.57175 2040337139690.42 -1018801788126.04 8043.45327347892 -2490.1612968235 -22756327.2739322 637082.497582455
2989170480.93862 2045456855970.67 -1020385916627.27 8028.93836498454 -2482.91701595857 -22756327.2739323 637894.366869068
2989810041.51207 2050573852247.04 -1021967452284.24 8014.46928747244 -2475.70247400043 -22756327.2739323 639560.573441807
2990453989.78329 2055694968892.61 -1023548511224.54 8000.02648597185 -2468.50786535078 -22756327.2739324 643948.271227216
2991098758.67324 2060841907252.02 -1025135780655.71 7985.54886171162 -2461.30275615306 -22756327.2739324 644768.889947023
2991745211.7263 2065986084639.26 -1026720436730.76 7971.11684144535 -2454.12716105784 -22756327.2739325 646453.053059484
2992393353.34158 2071134377655.48 -1028304599704.37 7956.7109209656 -2446.97132799468 -22756327.2739326 648141.615275924
2993042320.91938 2076286789573.08 -1029888268960.99 7942.33095595151 -2439.83514473059 -22756327.2739326 648967.57780482
2993695740.73161 2081436449958.41 -1031469334649.83 7927.99591235244 -2432.72796962982 -22756327.2739327 653419.812232925
2994351733.85185 2086612061290.71 -1033056599779.77 7913.62591939867 -2425.61019276978 -22756327.2739327 655993.120240411
2995009440.45336 2091798630929.14 -1034645450011.73 7899.26277922889 -2418.50253565236 -22756327.2739328 657706.601508448
2995667985.20659 2096989309853.08 -1036233782038.11 7884.92539778547 -2411.41432732908 -22756327.2739329 658544.753225681
2996331963.11312 2102177176466.46 -1037819479740.16 7870.63268545393 -2404.35486381776 -22756327.2739329 663977.906530659
2996994052.91765 2107383502494.2 -1039409039420.25 7856.32598351898 -2397.29514723948 -22756327.273933 662089.804530352
2997661605.12301 2112580376948.01 -1040993937366.04 7842.08186566824 -2390.27292574968 -22756327.273933 667552.205365005
2998330901.00246 2117810599896.01 -1042587216602.64 7827.78305343058 -2383.23037295847 -22756327.2739331 669295.87944334
2999004788.5784 2123044922793.13 -1044179950418.15 7813.50968326439 -2376.20697494511 -22756327.2739331 673887.575945539
2999679534.92637 2128305525262.86 -1045778874619.45 7799.20137227266 -2369.17302246966 -22756327.2739332 674746.347968969
3000356043.73982 2133563192176.84 -1047375099917.39 7784.93760679267 -2362.16758062044 -22756327.2739332 676508.813446499
3001033414.66568 2138824951332.12 -1048970761812.15 7770.69911348187 -2355.18113146418 -22756327.2739333 677370.925857128
3001709725.0971 2144075560294.85 -1050561243996.84 7756.5268487386 -2348.23370432589 -22756327.2739334 676310.431421523
3002388698.98472 2149316605239.69 -1052147039967.4 7742.41610373481 -2341.32289932194 -22756327.2739334 678973.887619424
3003071238.87782 2154568711689.33 -1053734392041.18 7728.31114951541 -2334.42137322054 -22756327.2739335 682539.893106988
3003756466.76009 2159838770957.26 -1055325370490.19 7714.19356105759 -2327.52011189621 -22756327.2739335 685227.882267217
3004444393.2174 2165119913095.46 -1056917888808.61 7700.08182315152 -2320.62815264375 -22756327.2739336 687926.457307918
3005131242.65449 2170403869717.68 -1058509448886.1 7685.99795782955 -2313.75622415156 -22756327.2739336 686849.437093096
3005824705.03488 2175678173762.59 -1060096301381.21 7671.97491590597 -2306.92034013534 -22756327.2739337 693462.380387799
3006517959.8331 2180993508387.85 -1061693681284.25 7657.87804618517 -2300.05486691627 -22756327.2739337 693254.79821578
3007213944.81808 2186297501805.4 -1063285836729.99 7643.84632996805 -2293.22749381338 -22756327.2739338 695984.984980978
3007912670.74189 2191612619547.21 -1064879513822.39 7629.82012288583 -2286.40914836779 -22756327.2739339 698725.923809908
3008610302.7378 2196930539667.92 -1066472212431.08 7615.82131482058 -2279.61044587852 -22756327.2739339 697631.995910248
3009312506.10755 2202238714784.31 -1068060180445.45 7601.88266068154 -2272.84723163309 -22756327.273934 702203.369756695
3010017474.90548 2207571874079.83 -1069653801685.95 7587.91290791174 -2266.07520577102 -22756327.273934 704968.797924696
3010725220.02242 2212916190124.09 -1071248927999.04 7573.94842110778 -2259.31201061505 -22756327.273934 707745.116944666
3011441908.7884 2218271671799.86 -1072845552766.92 7559.98918696922 -2252.55762931496 -22756327.2739341 716688.765979557
3012150480.10944 2223623529712.04 -1074439265143.98 7546.07362212092 -2245.83061410614 -22756327.2739342 708571.321036983
3012862772.88319 2228965548562.78 -1076028223350.79 7532.21755516295 -2239.1385443314 -22756327.2739342 712292.773754417
3013584066.77391 2234325749646.24 -1077620760042.31 7518.3481818956 -2232.44622357634 -22756327.2739342 721293.890718742
3014307244.71422 2239743641201.89 -1079228576412.64 7504.3637922537 -2225.70465686043 -22756327.2739343 723177.940310669
3015032311.62534 2245165579939.94 -1080835723538.77 7490.40322810554 -2218.9808347142 -22756327.2739344 725066.911118359
3015753265.53531 2250560816388.15 -1082433100618.55 7476.54524587812 -2212.31260055498 -22756327.2739344 720953.909963998
3016477058.71711 2255946083188.66 -1084025682676.73 7462.74632161224 -2205.67890031124 -22756327.2739344 723793.181799358
3017204653.29761 2261342572418.03 -1085619738243.36 7448.95196607199 -2199.05349337546 -22756327.2739345 727594.580505879
3017935113.30234 2266757362684.8 -1087217345127.86 7435.14415952254 -2192.42772762977 -22756327.2739345 730460.004732642
3018675859.92827 2272183393203.92 -1088816406916.91 7421.34098069596 -2185.81028096659 -22756327.2739346 740746.62592672
3019405647.48952 2277594381301.68 -1090409182013.42 7407.60905702178 -2179.23304223543 -22756327.2739346 729787.561244889
3020141156.07247 2282995369218.38 -1091997169470.68 7393.93516840203 -2172.68959106256 -22756327.2739347 735508.582952676
3020880527.58401 2288428621791.22 -1093592786448.57 7380.21231813728 -2166.12871660985 -22756327.2739347 739371.511543576
3021623782.31244 2293880258748.41 -1095191932577.54 7366.4758262818 -2159.56734340365 -22756327.2739348 743254.728432457
3022369964.13814 2299350313210.63 -1096794600558.72 7352.7257451268 -2153.0055112532 -22756327.2739348 746181.825695917
3023109500.71539 2304782881761.79 -1098384423010.89 7339.10223406342 -2146.51003004591 -22756327.2739349 739536.577246402
3023860511.43817 2310205396394.42 -1099969454088.33 7325.53588593081 -2140.04768453401 -22756327.2739349 751010.722787483
3024614479.803 2315701797261.4 -1101574199059.15 7311.81706761103 -2133.51867488448 -22756327.273935 753968.364827832
3025365083.36322 2321184945412.57 -1103173187246.43 7298.16361803675 -2127.02672801373 -22756327.273935 750603.56021956
3026125172.16699 2326657866821.14 -1104767315037.07 7284.56760330133 -2120.56798838511 -22756327.2739351 760088.803771539
3026888254.36424 2332189571086.36 -1106376660011.79 7270.8578205225 -2114.06116038575 -22756327.2739351 763082.197250781
3027647931.08374 2337707886160.75 -1107980203439.74 7257.21334536654 -2107.59126406356 -22756327.2739352 759676.719496571
3028412585.7376 2343215857669.84 -1109578844425.81 7243.62624885629 -2101.15445683032 -22756327.2739352 764654.653862569
3029178214.83297 2348749519745.64 -1111183035418.12 7230.00758364169 -2094.70858068335 -22756327.2739352 765629.095368486
3029948860.86684 2354279822131.34 -1112784345062.55 7216.42884644227 -2088.28746751436 -22756327.2739353 770646.033873549
3030722541.87084 2359835886351.51 -1114391195706.79 7202.81853608101 -2081.85729749117 -22756327.2739353 773681.003999611
3031499269.79734 2365403303002.83 -1115999402554.08 7189.21207735004 -2075.43482201327 -22756327.2739354 776727.92649195
3032276987.55097 2370982078316.91 -1117608957336.2 7175.60945811995 -2069.02002744096 -22756327.2739354 777717.753633595
3033057768.12469 2376557399484.4 -1119215583952.51 7162.04667361665 -2062.62985744446 -22756327.2739355 780780.573715757
3033841623.58053 2382144089337.36 -1120823551438.99 7148.48754292297 -2056.24723424641 -22756327.2739355 783855.455843322
3034626477.94652 2387742153809.22 -1122432851349.31 7134.93205422628 -2049.87214469555 -22756327.2739356 784854.365987862
3035407829.67007 2393311784766.24 -1124032050366.6 7121.47627249878 -2043.54969851605 -22756327.2739356 781351.723555244
3036201304.31448 2398870923876.12 -1125626321825.32 7108.07634550913 -2037.25918864881 -22756327.2739357 793474.644409584
3036991237.84594 2404480499599.71 -1127233119926.44 7094.58555427052 -2030.93175833135 -22756327.2739357 789933.531460282
3037784282.30585 2410079440703.91 -1128834932457.08 7081.15091550556 -2024.63638044978 -22756327.2739357 793044.459907557
3038582523.34895 2415689778613.6 -1130438063596.5 7067.71938733114 -2018.34815936356 -22756327.2739358 798241.043098041
3039383908.03726 2421326145083.84 -1132046676390.11 7054.25606137929 -2012.05076754358 -22756327.2739358 801384.688316096
3040190543.95979 2426973920777.33 -1133656580515.7 7040.79597812237 -2005.76061036034 -22756327.2739359 806635.922529244
3040986670.93039 2432573983926.58 -1135250943643.51 7027.47956540607 -1999.54321644575 -22756327.2739359 796126.970594775
3041795150.0645 2438163467335.26 -1136840369337.94 7014.2178801272 -1993.356930564 -22756327.273936 808479.134112903
3042600021.12373 2443803631218.82 -1138442258224.64 7000.86571554671 -1987.13403675262 -22756327.273936 804871.059234622
3043419652.94722 2449433070506.04 -1140039151069.39 6987.56857631545 -1980.94236834136 -22756327.2739361 819631.823482028
3044233633.98869 2455115364608.63 -1141649062800.16 6974.1764364476 -1974.71208985176 -22756327.2739361 813981.041474915
3045043982.40142 2460761494070.34 -1143246765058.05 6960.8990516781 -1968.54076853831 -22756327.2739361 810348.412723938
3045866903.62786 2466396886302.74 -1144839478894.89 6947.67608368016 -1962.40025036135 -22756327.2739362 822921.226446282
3046686152.32736 2472083303681.94 -1146444640406.35 6934.36274860851 -1956.2233200528 -22756327.2739362 819248.699501968
3047510769.3186 2477758836571.33 -1148044754160.33 6921.10412693841 -1950.07730962844 -22756327.2739363 824616.99123829
3048338633.82922 2483460613000.8 -1149650281021.32 6907.81342534927 -1943.92196937739 -22756327.2739363 827864.510623126
3049171923.08842 2489173842394.36 -1151257037783.44 6894.52523328721 -1937.77333460877 -22756327.2739364 833289.259193217
3050010672.64294 2494913422601.02 -1152869195684.13 6881.20501264124 -1931.61543988055 -22756327.2739364 838749.554518449
3050839922.25319 2500614181868.16 -1154468456793.47 6868.00374098164 -1925.51802473812 -22756327.2739364 829249.61025728
3051674605.68816 2506304016323.01 -1156062674196.65 6854.85626902989 -1919.45088795183 -22756327.2739365 834683.434971068
3052522239.50248 2512020147101.04 -1157662269937.36 6841.67653300594 -1913.37429794252 -22756327.2739365 847633.814314369
3053362324.5705 2517762184476.36 -1159267108822.11 6828.46564922652 -1907.28880609856 -22756327.2739366 840085.068021768
3054205718.07453 2523493146246.73 -1160866848100.23 6815.30864182734 -1901.23356150355 -22756327.2739366 843393.504025755
3055054638.08397 2529235582063.3 -1162467783204.25 6802.15357261021 -1895.18462359162 -22756327.2739366 848920.009445759
3055909120.81238 2535004465033.54 -1164074069694.34 6788.9662483652 -1889.12628589343 -22756327.2739367 854482.728403112
3056766968.67787 2540799867650.62 -1165685700955.92 6775.74672067603 -1883.05860941936 -22756327.2739367 857847.865495825
3057620988.14607 2546580864650.89 -1167291290858.6 6762.58825790126 -1877.02438334553 -22756327.2739368 854019.468197385
3058473229.61779 2552338646338.25 -1168888413515.78 6749.51046716206 -1871.03250927165 -22756327.2739368 852241.47172373
3059333235.82084 2558085305115.28 -1170480442235.6 6736.48546616969 -1865.07012804293 -22756327.2739369 860006.20304803
3060198877.38736 2563873091602.14 -1172081837531.06 6723.39487461773 -1859.08305473515 -22756327.2739369 865641.566516797
3061060655.7749 2569661534839.28 -1173681380679.91 6710.33035937177 -1853.11323551554 -22756327.2739369 861778.387545366
3061920640.01256 2575426726070.13 -1175272477720.61 6697.34555490008 -1847.18511161752 -22756327.273937 859984.237656299
3062788459.52551 2581180772977.88 -1176858489146.5 6684.41278375211 -1841.28596465368 -22756327.273937 867819.51295102
3063664185.70057 2586975992958.23 -1178453820544.06 6671.41450401198 -1835.36218488699 -22756327.273937 875726.175064541
3064538088.68763 2592800461774.57 -1180055153158.58 6658.37778888858 -1829.42617119416 -22756327.2739371 873902.987058724
3065408356.67795 2598589404629.51 -1181644682490.58 6645.44741344275 -1823.54380050322 -22756327.2739371 870267.990315494
3066292127.15332 2604367117069.48 -1183229105062.64 6632.56862373456 -1817.6900660053 -22756327.2739371 883770.475368775
3067174057.69313 2610210845864.23 -1184829576193.8 6619.56944743424 -1811.78684108302 -22756327.2739372 881930.539808474
3068054152.12796 2616031002828.84 -1186421537993.27 6606.64929906928 -1805.92470703723 -22756327.2739372 880094.434838761
3068940013.55845 2621839811532.29 -1188008353128.28 6593.78064297161 -1800.09108938949 -22756327.2739372 885861.430483186
3069833946.03009 2627675269254.08 -1189600394113.83 6580.87924373189 -1794.24778895812 -22756327.2739373 893932.471645205
3070726017.40976 2633540107740.23 -1191198377286.62 6567.939279029 -1788.39220919928 -22756327.2739373 892071.379666089
3071626216.40914 2639393425916.77 -1192791149607.8 6555.0509503173 -1782.56515780043 -22756327.2739373 900198.999378369
3072522671.03359 2645263945647.77 -1194386524353.83 6542.15089195746 -1776.73795969443 -22756327.2739374 896454.624454086
3073419342.89 2651122924090.5 -1195976687985.95 6529.30214183455 -1770.93906426899 -22756327.2739374 896671.85640957
3074321890.36894 2656971822648.09 -1197562049215.05 6516.50119287303 -1765.16682723985 -22756327.2739374 902547.478940167
3075224656.55628 2662847478971.76 -1199152584724.61 6503.66737318822 -1759.38486065934 -22756327.2739375 902766.187337021
3076135647.80321 2668712994714.81 -1200738297894.84 6490.88122871967 -1753.62944148687 -22756327.2739375 910991.246930937
3077054939.04786 2674620272988.57 -1202333204173.71 6478.02966468826 -1747.84967073233 -22756327.2739375 919291.244649777
3077980254.13313 2680569527716.22 -1203937317080.11 6465.11260154694 -1742.04558838872 -22756327.2739376 925315.085267317
3078893938.0595 2686470751539.92 -1205526371421.36 6452.32526576456 -1736.30487590226 -22756327.2739376 913683.926378108
3079815946.51647 2692360314824.57 -1207110193209.84 6439.58830476393 -1730.59179973059 -22756327.2739376 922008.456970721
3080746355.34844 2698291763869.16 -1208703166404.36 6426.78595431024 -1724.85444127961 -22756327.2739377 930408.831963773
3081682860.87124 2704265312145.01 -1210305303714.08 6413.91813178888 -1719.09283886226 -22756327.2739377 936505.522806332
3082607594.57199 2710190584525.7 -1211892369743.02 6401.17932113711 -1713.39403330396 -22756327.2739377 924733.700742894
3083546675.81063 2716104100031.94 -1213474178547.87 6388.49047557306 -1707.72255450462 -22756327.2739378 939081.238640984
3084483801.96137 2722084916053.38 -1215071847739.11 6375.68215154731 -1702.00270577711 -22756327.2739378 937126.150738475
3085429466.22368 2728053752751.27 -1216664169649.71 6362.92432241886 -1696.3104310583 -22756327.2739378 945664.262317043
3086373161.6928 2734052373558.12 -1218262276264.67 6350.12767711031 -1690.60587251017 -22756327.2739379 943695.469114693
3087323040.91612 2740038942035.34 -1219855012495.39 6337.38141801254 -1684.92878624141 -22756327.2739379 949879.223317211
3088273150.31742 2746052615582.82 -1221452788287.27 6324.60211026673 -1679.24199857847 -22756327.2739379 950109.401304502
3089221281.67112 2752043141869.21 -1223042250111.48 6311.89641171568 -1673.59294619455 -22756327.273938 948131.353697846
3090175625.84604 2758021645052.01 -1224626368713.94 6299.24036057525 -1667.97090105538 -22756327.273938 954344.174925512
3091136223.55296 2764027229489.88 -1226215497518.12 6286.55111416159 -1662.33905118685 -22756327.273938 960597.706912776
3092086834.76374 2769997307292.88 -1227793079877.6 6273.96071329171 -1656.75595969752 -22756327.2739381 950611.210785087
3093057504.34581 2775955439709.28 -1229365367475.31 6261.41903671277 -1651.19931300677 -22756327.2739381 970669.582073523
3094013977.21534 2781938301718.08 -1230942031590.69 6248.84881190579 -1645.6348614213 -22756327.2739381 956472.869525694
3094979164.46348 2787909163896.55 -1232513386059.76 6236.32713613087 -1640.09671991551 -22756327.2739381 965187.248134644
3095950676.29501 2793922309019.43 -1234093700109.75 6223.74020050853 -1634.53456018618 -22756327.2739382 971511.83153809
3096922423.54663 2799962611910.78 -1235678960982.78 6211.11992237897 -1628.96254143628 -22756327.2739382 971747.251613109
3097900538.36738 2805992137102.24 -1237259203622 6198.54550820431 -1623.41562503448 -22756327.2739382 978114.820757619
3098876616.83561 2812036259626.98 -1238841076221.73 6185.96391195606 -1617.8703864793 -22756327.2739383 976078.468230659
3099859091.25416 2818068125268.8 -1240417549053.49 6173.43089946562 -1612.35137817433 -22756327.2739383 982474.418542438
3100837479.07343 2824102009014.23 -1241992358394.03 6160.91660422721 -1606.84540737858 -22756327.2739383 978387.8192693
3101827221.856 2830123672459.49 -1243561793448.32 6148.45035288504 -1601.36533673922 -22756327.2739384 989742.782574421
3102812847.80656 2836177575496.11 -1245137430714.55 6135.94007026006 -1595.87068637985 -22756327.2739384 985625.950563809
3103807453.74807 2842219171754.82 -1246707665059.88 6123.47777746299 -1590.40186869057 -22756327.2739384 994605.94150101
3104799989.00392 2848290731249.16 -1248283472667.41 6110.97623522209 -1584.92059352077 -22756327.2739385 992535.255852124
3105813467.24935 2854349906324.09 -1249853852711.22 6098.52259169862 -1579.46506386352 -22756327.2739385 1013478.24542859
3106812122.67598 2860433992171.41 -1251428463895.41 6086.04011692666 -1574.00165396358 -22756327.2739385 998655.42663469
3107819876.80449 2866505636190.94 -1252997631824.88 6073.60537011412 -1568.5638599918 -22756327.2739385 1007754.12850576
3108827875.13543 2872620034561.08 -1254575604396.02 6061.10533048754 -1563.10226527765 -22756327.2739386 1007998.33093833
3109842478.57799 2878723337195.54 -1256148466344.47 6048.65011523601 -1557.66499259233 -22756327.2739386 1014603.44256498
3110866326.02404 2884853978742.53 -1257726113053.38 6036.16123255702 -1552.21776831124 -22756327.2739386 1023847.44604711
3111883792.08207 2890989216812.76 -1259302673824.83 6023.68503929994 -1546.78082168673 -22756327.2739386 1017466.05803509
3112907925.29092 2897111785034.36 -1260873715659.06 6011.25645939105 -1541.36933576382 -22756327.2739387 1024133.20884615
3113932306.67123 2903261726795.84 -1262449504863.11 5998.7941406186 -1535.94787939465 -22756327.2739387 1024381.38031357
3114954555.37595 2909387648449.61 -1264016870433.86 5986.40210245865 -1530.56168128077 -22756327.2739387 1022248.70471343
3115986117.73976 2915500926378.19 -1265578742788.35 5974.05699652939 -1525.20052481605 -22756327.2739388 1031562.36381366
3117017930.0753 2921657133634.38 -1267149302686.61 5961.64661585146 -1519.81568987755 -22756327.2739388 1031812.33553937
3118049992.44314 2927802050256.41 -1268714699308.82 5949.28028665276 -1514.45462291287 -22756327.2739388 1032062.36783908
3119082304.90387 2933935715700.44 -1270274954488.32 5936.95767187058 -1509.11712643898 -22756327.2739388 1032312.46072748
3120114867.51808 2940058169107.31 -1271830089872.58 5924.67843809551 -1503.80300527579 -22756327.2739389 1032562.61421924
3121150015.34071 2946169449305.99 -1273380126925.35 5912.4422555196 -1498.51206651145 -22756327.2739389 1035147.82262986
3122197176.87131 2952283371832.13 -1274928573631.48 5900.22128228784 -1493.23223698599 -22756327.2739389 1047161.53059908
3123256491.53845 2958455403864.17 -1276489443216.68 5887.90481449499 -1487.91573218175 -22756327.2739389 1059314.66713687
3124307036.73826 2964634443945.15 -1278049775105.05 5875.59501502165 -1482.60669929603 -22756327.273939 1050545.19980923
3125367153.40518 2970800576312.28 -1279604542491.29 5863.33139174365 -1477.32214609133 -22756327.273939 1060116.66692412
3126427526.96321 2977009852495.14 -1281167860545.43 5851.0024770055 -1472.01404853878 -22756327.273939 1060373.55802638
3127500206.99379 2983207583071.55 -1282725941193.46 5838.71687793258 -1466.7291768222 -22756327.273939 1072680.0305764
3128559403.49635 2989385452620.44 -1284276710575.12 5826.49078566734 -1461.47443668847 -22756327.2739391 1059196.50256355
3129628250.28763 2995550396455.75 -1285821926906.84 5814.31017914917 -1456.24374183423 -22756327.2739391 1068846.79128443
3130706835.29096 3001758454696.62 -1287375618245.67 5802.06434506237 -1450.98955797432 -22756327.2739391 1078585.00332471
3131785681.6607 3008009830801.8 -1288937785429.84 5789.75316196042 -1445.71190367538 -22756327.2739391 1078846.3697375
3132862281.96332 3014236486519.09 -1290491414450.86 5777.51057323549 -1440.46819520578 -22756327.2739392 1076600.30262494
3133948691.11986 3020449986407.21 -1292039411034.36 5765.31352323534 -1435.24849227715 -22756327.2739392 1086409.15653653
3135035363.53878 3026706810681.77 -1293595827859.99 5753.05114816708 -1430.00536010264 -22756327.2739392 1086672.41892494
3136113040.01102 3032900204506.64 -1295134119179.4 5740.93244094264 -1424.82811460384 -22756327.2739392 1077676.47223484
3137213455.99501 3039080562332.99 -1296666843754.43 5728.85830371904 -1419.6743148157 -22756327.2739393 1100415.98399701
3138302431.91426 3045312528295.04 -1298210010004.49 5716.7024912084 -1414.49009199593 -22756327.2739393 1088975.91924987
3139404046.25905 3051531281298.05 -1299747543594.65 5704.59148470587 -1409.32940645723 -22756327.2739393 1101614.34479004
3140515697.3595 3057808813614.22 -1301297216448.87 5692.3851542806 -1404.13257267887 -22756327.2739393 1111651.1004445
3141627617.83905 3064129934622.75 -1302855218236.02 5680.11337049998 -1398.91239483481 -22756327.2739394 1111920.47954722
3142739807.76297 3070438965880.96 -1304407805751.74 5667.88423437632 -1393.71486779902 -22756327.2739394 1112189.92392681
3143852267.19657 3076735948409.32 -1305955001368.3 5655.69742033567 -1388.53980450352 -22756327.2739394 1112459.43359908
3144967511.87481 3083020922900.11 -1307496827268.32 5643.55260630988 -1383.38702004659 -22756327.2739394 1115244.67823666
3146083026.80295 3089308096553.17 -1309036772670.02 5631.42216109615 -1378.24475844749 -22756327.2739394 1115514.92814746
3147198812.0465 3095583285253.27 -1310571367264.44 5619.33327521065 -1373.12451383768 -22756327.2739395 1115785.24354615
3148327546.85897 3101846529018.53 -1312100632833.6 5607.28563463163 -1368.02610637917 -22756327.2739395 1128734.81246691
3149446937.51397 3108116527916.21 -1313629136429.28 5595.2431152731 -1362.93422192514 -22756327.2739395 1119390.65499739
3150569130.76717 3114373071065.64 -1315151953019.01 5583.24437635462 -1357.86517839953 -22756327.2739395 1122193.25320909
3151701548.26949 3120631821327.82 -1316672899453.18 5571.25920214943 -1352.80617804606 -22756327.2739395 1132417.50231479
3152844283.17355 3126933985538.9 -1318201961093.93 5559.20874848645 -1347.72396663153 -22756327.2739396 1142734.90406552
3153987294.98906 3133279760572.34 -1319739133045.02 5547.09287784923 -1342.61855531361 -22756327.2739396 1143011.81550202
3155143572.35935 3139613248391.65 -1321270854410.61 5535.01831621006 -1337.53492790506 -22756327.2739396 1156277.37029197
3155760000 3145939834689.17 -1322798436786.65 5522.97458335616 -1332.46863117144 -22756327.2739396 616427.640651226
