0 1556958000000 0 -11000 2000 -22756327.2740819 105192
2247428.71896309 1555800584889.89 210383986.33895 -11005.7644167263 1999.9996102518 -22756327.2740819 2247428.71896309
3730652.53421518 1539415824520.59 3176783843.9089 -11087.9685469289 1999.90923285274 -22756327.2739328 1483223.81525209
5196216.46982564 1523105115951.13 6107614437.49138 -11170.9365241729 1999.65727572435 -22756327.2737784 1465563.93561045
6640658.05449066 1506909235246.4 8995722301.52948 -11254.4707277152 1999.24045603859 -22756327.2736203 1444441.58466502
8064246.907817 1490827842441.07 11841423452.2735 -11338.5784730526 1998.65538201573 -22756327.2734585 1423588.85332634
9467227.62939227 1474860840763.08 14644989114.2599 -11423.2658432078 1997.89859126801 -22756327.273293 1402980.72157527
10849852.6929122 1459008008001.72 17406711413.4625 -11508.5395939883 1996.96653926357 -22756327.2731235 1382625.06351989
12212369.3193861 1443269144717.84 20126877060.6309 -11594.4063851754 1995.85560228803 -22756327.2729501 1362516.6264739
13555013.6225679 1427644144232.03 22805755614.8169 -11680.8723801737 1994.56208371984 -22756327.2727725 1342644.30318188
14878029.1443068 1412132778682.87 25443636418.8134 -11767.9444165576 1993.0821969117 -22756327.2725907 1323015.52173882
16181648.459244 1396734913255.33 28040791830.6557 -11855.6288236236 1991.41208094564 -22756327.2724047 1303619.31493723
17466116.9557024 1381450226321.34 30597524545.6592 -11943.9330104941 1989.54776956282 -22756327.2722142 1284468.49645841
18731657.3985475 1366278629540.02 33114096955.822 -12032.863061962 1987.48523705172 -22756327.2720192 1265540.44284512
19978516.490982 1351219712837.75 35590823732.4778 -12122.4269621162 1985.22032597341 -22756327.2718195 1246859.0924345
21206912.7856931 1336273369171.44 38027968182.4159 -12212.6309339689 1982.74883010071 -22756327.2716151 1228396.29471107
22417077.0875254 1321439309470.57 40425822500.8949 -12303.4822964472 1980.06642438176 -22756327.2714058 1210164.30183232
23609240.3497182 1306717206471.13 42784683591.5949 -12394.9886430056 1977.16867887945 -22756327.2711915 1192163.2621928
24783617.6984181 1292106893453.24 45104821424.3437 -12487.1565950517 1974.05109794398 -22756327.270972 1174377.34869983
25940440.6338936 1277607965796.28 47386542648.3129 -12579.9942948039 1970.70903691844 -22756327.2707473 1156822.93547554
27079919.6798474 1263220246076.12 49630116744.4902 -12673.5084715861 1967.13779937559 -22756327.2705172 1139479.04595376
28202266.0963751 1248943515981.75 51835818929.2654 -12767.7061115436 1963.33258188415 -22756327.2702815 1122346.41652779
29307711.359915 1234777264791.46 54003968223.5579 -12862.5961718632 1959.28839479466 -22756327.2700401 1105445.26353982
30396461.2374525 1220721274193.11 56134837143.9052 -12958.1857208283 1955.00021612898 -22756327.2697929 1088749.87753752
31468726.7055392 1206775226239.65 58228712444.9711 -13054.482513837 1950.46288687767 -22756327.2695397 1072265.46808673
32524713.8009028 1192938833674.82 60285875156.9185 -13151.4941223299 1945.6711456565 -22756327.2692804 1055987.09536361
33564628.5159315 1179211776805.22 62306610100.154 -13249.2283680055 1940.61960621406 -22756327.2690147 1039914.71502872
34588676.4985662 1165593706866.41 64291205201.3124 -13347.6933136968 1935.30275336621 -22756327.2687427 1024047.98263466
35597067.3625711 1152084187556.25 66239959709.2125 -13446.8977104441 1929.71491272871 -22756327.2684639 1008390.86400493
36589996.3882619 1138682940258.31 68153148755.8821 -13546.8492034083 1923.85034816593 -22756327.2681783 992929.025690733
37567663.0189729 1125389598088.29 70031059131.3903 -13647.5561165658 1917.70316188087 -22756327.2678857 977666.630711002
38530261.7033491 1112203829043.19 71873971543.5157 -13749.0265473403 1911.26734297803 -22756327.267586 962598.684376279
39477992.78008 1099125187090.57 73682181393.31 -13851.2695167971 1904.53669110866 -22756327.2672789 947731.076730837
40411044.7822007 1086153355390.34 75455964874.5271 -13954.2930916677 1897.50493371677 -22756327.2669642 933052.00212076
41329612.0175239 1073287904536.53 77195612495.1701 -14058.1062678976 1890.16560007115 -22756327.2666418 918567.235323143
42233881.4829303 1060528474203.29 78901404109.1596 -14162.7175397835 1882.51211416969 -22756327.2663114 904269.465406363
43124043.2143073 1047874628598.24 80573628469.669 -14268.1360671981 1874.53770895711 -22756327.2659728 890161.731377081
44000278.2240967 1035326027554.05 82212560467.2409 -14374.3702643466 1866.23552778688 -22756327.2656258 876235.009789409
44862772.5629347 1022882226999.49 83818487497.6321 -14481.4294632785 1857.59849514447 -22756327.2652703 862494.338837986
45711705.0581657 1010542854458.96 85391686447.9366 -14589.3224371406 1848.61942738683 -22756327.2649058 848932.495231003
46547257.3690964 998307464458.305 86932442381.4631 -14698.058643309 1839.29092914018 -22756327.2645323 835552.310930634
47369607.7746113 986175628278.685 88441036904.34 -14807.6474570582 1829.60545063672 -22756327.2641495 822350.405514925
48178933.0554285 974146907016.971 89917751611.3137 -14918.0984075659 1819.55526431127 -22756327.2637571 809325.280817237
48975404.9381087 962220905148.721 91362861584.7964 -15029.4206802317 1809.13250728342 -22756327.2633548 796471.882680224
49759197.4091645 950397161896.092 92776648671.6607 -15141.6241209092 1798.32908508079 -22756327.2629425 783792.471055711
50530479.2726844 938675262788.229 94159387916.975 -15254.7182001049 1787.13676383581 -22756327.2625198 771281.86351997
51289421.2349909 927054733002.322 95511360286.1148 -15368.7130294755 1775.54706762242 -22756327.2620865 758941.962306502
52036188.8272767 915535145152.142 96832839923.1353 -15483.6183255445 1763.55137626444 -22756327.2616422 746767.592285772
52770946.0664845 904116064440.577 98124100718.9964 -15599.4439298847 1751.14087110395 -22756327.2611867 734757.239207836
53493858.3756769 892797002939.461 99385421333.2619 -15716.2002889149 1738.30647663296 -22756327.2607196 722912.309192396
54205087.6393195 881577496345.722 100617076415.767 -15833.897686812 1725.03893621406 -22756327.2602407 711229.263642558
54904792.2204981 870457105064.3 101819336707.216 -15952.5462121623 1711.32881473381 -22756327.2597497 699704.5811786
55593130.1842174 859435363782.616 102992474592.831 -16072.1562857655 1697.16643456053 -22756327.2592461 688337.963719286
56270260.6809387 848511758536.984 104136766291.558 -16192.7389378414 1682.54183309289 -22756327.2587298 677130.49672137
56936337.4624576 837685831111.875 105252480792.837 -16314.3046709074 1667.44489294121 -22756327.2582001 666076.781518842
57591510.9325277 826957147888.518 106339883479.118 -16436.8637642782 1651.86530648205 -22756327.257657 655173.470070135
58235933.937658 816325205296.936 107399245697.205 -16560.4273557415 1635.79243285052 -22756327.2570999 644423.005130262
58869756.9241739 805789508396.432 108430836549.757 -16685.006572686 1619.21539792925 -22756327.2565286 633822.986515914
59493127.9910085 795349570750.395 109434922997.488 -16810.6125241954 1602.1230911984 -22756327.2559425 623371.066834561
60106192.9982298 785004913335.726 110411770051.326 -16937.2563045831 1584.50416101524 -22756327.2553414 613065.007221339
60709098.0892038 774755022199.027 111361644740.569 -17064.9495161304 1566.3469350923 -22756327.2547247 602905.090973986
61301985.6586437 764599416871.106 112284809661.292 -17193.7034311185 1547.63953091465 -22756327.254092 592887.569439906
61884996.9928034 754537606314.335 113181527174.298 -17323.5295269384 1528.36977566298 -22756327.253443 583011.334159682
62458272.1897575 744569090313.032 114052059205.592 -17454.4394779467 1508.52519917048 -22756327.2527771 573275.196954156
63021948.8882312 734693381880.364 114896665281.412 -17586.4448625553 1488.09307134177 -22756327.252094 563676.698473645
63576165.8628016 724909944451.901 115715607861.343 -17719.5580081371 1467.06026340695 -22756327.251393 554216.974570484
64121057.8036126 715218283596.301 116509144472.548 -17853.7907685701 1445.41342925927 -22756327.2506739 544891.940810923
64656758.0693079 705617899496.766 117277531865.479 -17989.1551475234 1423.13890374561 -22756327.2499359 535700.265695338
65183399.6870214 696108269002.106 118021027362.455 -18125.6635634568 1400.22264928948 -22756327.2491786 526641.617713502
65701113.9218696 686688871245.49 118739886719.073 -18263.3285007479 1376.65030305965 -22756327.2484014 517714.234848198
66210028.1539507 677359227185.564 119434361247.388 -18402.1619122963 1352.40727470409 -22756327.2476039 508914.232081108
66710271.5511869 668118796391.633 120104705609.909 -18542.1767395331 1327.4784755665 -22756327.2467854 500243.397236128
67201970.2162747 658967065732.659 120751171065.208 -18683.3856141753 1301.84853270545 -22756327.2459453 491698.665087879
67685248.4555915 649903526911.962 121374007256.83 -18825.8011755245 1275.50172784084 -22756327.2450831 483278.239316796
68160230.8330832 640927638054.776 121973464795.29 -18969.4366821599 1248.42187347445 -22756327.2441981 474982.377491635
68627038.7344553 632038888456.931 122549790802.521 -19114.3049951013 1220.59249138611 -22756327.2432896 466807.90137211
69085790.7355944 623236793051.255 123103229563.295 -19260.4186229727 1191.99680290652 -22756327.2423571 458752.00113916
69536609.3843846 614520762119.415 123634030590.412 -19407.7919033283 1162.61728841721 -22756327.2413999 450818.648790125
69979609.8602054 605890319398.323 124142434958.634 -19556.437373904 1132.43638876532 -22756327.2404172 443000.475820889
70414909.3438189 597344922167.01 124628686496.069 -19706.3687771279 1101.43590291577 -22756327.2394082 435299.483613494
70842622.5779588 588884047174.895 125093026491.41 -19857.5996154569 1069.59726328015 -22756327.2383724 427713.234139838
71262863.0841934 580507167393.012 125535695096.924 -20010.1435452997 1036.90144560064 -22756327.237309 420240.506234641
71675743.7526252 572213740317.536 125956931873.207 -20164.0146007799 1003.32890699265 -22756327.2362171 412880.668431788
72081375.0275506 564003244578.251 126356973883.515 -20319.2265209098 968.859719189286 -22756327.2350959 405631.274925371
72479865.8845658 555875161088.491 126736056771.738 -20475.7930772369 933.473489084526 -22756327.2339447 398490.857015248
72871325.0251129 547828948813.893 127094415840.401 -20633.7285474075 897.149237406478 -22756327.2327625 391459.140547018
73255858.9073889 539864085192.789 127432284146.01 -20793.046937793 859.865560784287 -22756327.2315484 384533.882276078
73633573.2229019 531980036243.348 127749893865.027 -20953.7625619452 821.600486598583 -22756327.2303017 377714.315512978
74004572.1537553 524176272124.925 128047475592.422 -21115.8897340936 782.331529427538 -22756327.2290214 370998.930853377
74368958.8764763 516452256900.346 128325258739.657 -21279.4429778085 742.035626558636 -22756327.2277065 364386.722720971
74726835.3482882 508807453200.929 128583471311.294 -21444.4369345984 700.689143584826 -22756327.2263559 357876.471811915
75078301.4971136 501241339994.194 128822339342.177 -21610.8859703756 658.26795938803 -22756327.2249688 351466.148825419
75423456.7699531 493753379813.251 129042087998.159 -21778.8048803706 614.747273723982 -22756327.223544 345155.27283948
75762398.921642 486343045007.664 129242940704.868 -21948.208315819 570.101735608957 -22756327.2220805 338942.151688898
76095224.9754919 479009797188.569 129425119738.332 -22119.1112434136 524.305307092782 -22756327.2205772 332826.053849868
76422030.0286123 471753113745.185 129588845527.293 -22291.5283305699 477.331409250251 -22756327.219033 326805.053120495
76742908.8055 464572453865.38 129734337474.882 -22465.4747371816 429.15269137006 -22756327.2174466 320878.77688767
77057954.2686344 457467289578.614 129861813218.572 -22640.9653809715 379.741211153725 -22756327.2158169 315045.463134409
77367258.4122238 450437088450.093 129971489019.013 -22818.0153437043 329.068305253817 -22756327.2141428 309304.143589334
77670912.1422046 443481316460.367 130063579662.552 -22996.6398037906 277.104586703201 -22756327.2124227 303653.729980842
77969004.8350642 436599448463.301 130138298329.752 -23176.853760174 223.82000562996 -22756327.2106555 298092.692859655
78261625.2292489 429790948005.734 130195856835.996 -23358.6725497021 169.183676801783 -22756327.2088399 292620.394184688
78548860.4535608 423055290044.041 130236465373 -23542.1112477775 113.16403505123 -22756327.2069743 287235.224311869
78830797.0749384 416391936822.79 130260332690.845 -23727.1853100308 55.7286192301435 -22756327.2050574 281936.621377581
79107519.9346873 409800365487.865 130267665930.765 -23913.9098125788 -3.15571842473697 -22756327.2030878 276722.859748858
79379112.983624 403280048832.577 130258670744.014 -24102.2999673172 -63.5229927460445 -22756327.201064 271593.048936753
79645659.3297981 396830454245.001 130233551217.031 -24292.3711599125 -125.408126079126 -22756327.1989843 266546.346174109
79907240.7369141 390451056054.209 130192509881.442 -24484.1385853215 -188.8468568983 -22756327.1968473 261581.407115968
80163937.7787551 384141332273.881 130135747751.384 -24677.6173221512 -253.875786715733 -22756327.1946512 256697.041841004
80415830.3642694 377900751962.446 130063464190.698 -24872.8227140005 -320.532536004152 -22756327.1923945 251892.585514341
80662997.0258804 371728792981.7 129975857053.021 -25069.7698182952 -388.855587687582 -22756327.1900755 247166.661610924
80905515.3966044 365624930564.328 129873122569.698 -25268.4737471486 -458.884430703605 -22756327.187692 242518.370724058
81143461.9096176 359588645129.773 129755455457.576 -25468.949405955 -530.65949879264 -22756327.1852425 237946.513013197
81376912.2411831 353619411388.232 129623048710.998 -25671.2118407488 -604.222324971892 -22756327.1827251 233450.33156552
81605940.9358906 347716708075.124 129476093758.304 -25875.2759090262 -679.615457444331 -22756327.180138 229028.694707484
81830621.3435797 341880020022.632 129314780553.479 -26081.1561830295 -756.882453595285 -22756327.1774789 224680.407689116
82051026.226218 336108822711.196 129139297145.716 -26288.8674796371 -836.068112734869 -22756327.1747462 220404.88263831
82267226.9999098 330402602240.662 128949830215.856 -26498.4241431081 -917.218242794831 -22756327.1719373 216200.77369181
82479294.2884504 324760841231.074 128746564671.88 -26709.8405285494 -1000.3798787854 -22756327.1690505 212067.288540595
82687297.5727049 319183028379.029 128529683958.94 -26923.1306339899 -1085.60117789539 -22756327.1660835 208003.284254513
82891305.84552 313668641183.794 128299369373.21 -27138.3087450546 -1172.93171691629 -22756327.1630341 204008.272815122
83091386.5907038 308217173681.989 128055801150.789 -27355.3883507033 -1262.42209800502 -22756327.1598997 200080.745183775
83287606.90627 302828106394.46 127799157204.76 -27574.3832962371 -1354.12445886546 -22756327.1566779 196220.315566124
83480032.2838243 297500939959.518 127529614647.321 -27795.3064151954 -1448.09194953558 -22756327.1533666 192425.377554334
83668727.88679 292235160380.378 127247348144.572 -28018.1709143208 -1544.37935572779 -22756327.1499634 188695.602965713
83853757.908596 287030256806.706 126952530698.834 -28242.9896433398 -1643.04284492598 -22756327.1464653 185030.021806047
84035185.1915314 281885732762.046 126645334350.31 -28469.7745640489 -1744.13977509653 -22756327.1428701 181427.282935367
84213072.4819065 276801070947.563 126325928100.093 -28698.5382659473 -1847.72941741732 -22756327.1391746 177887.290375146
84387480.8103722 271775779499.658 125994480673.995 -28929.2918961329 -1953.87208417868 -22756327.1353766 174408.328465665
84558470.9021316 266809352138.939 125651158069.053 -29162.0469057161 -2062.62996763816 -22756327.1314729 170990.091759385
84726102.4266781 261901289880.076 125296124893.284 -29396.8140464385 -2174.06674281203 -22756327.1274607 167631.524546493
84890434.2467392 257051094191.558 124929543916.452 -29633.6036487627 -2288.24775203311 -22756327.1233373 164331.82006111
85051524.3622451 252258268926.173 124551576193.915 -29872.4254968728 -2405.24000641993 -22756327.1190994 161090.115505838
85209430.0412239 247522316713.286 124162380763.26 -30113.2889748367 -2525.11232129596 -22756327.1147442 157905.678978795
85364207.5712174 242842746691.783 123762115256.699 -30356.202638965 -2647.93517006351 -22756327.1102682 154777.529993536
85515912.539442 238219066436.281 123350935236.562 -30601.1745850138 -2773.780933174 -22756327.1056684 151704.968224664
85664599.731568 233650785249.159 122928994434.936 -30848.2122444094 -2902.72386886352 -22756327.1009412 148687.192125931
85810323.0426555 229137417233.592 122496445038.108 -31097.3221693671 -3034.84007260167 -22756327.0960838 145723.311087523
85953135.8279789 224678470722.214 122053436655.457 -31348.510571084 -3170.2078394156 -22756327.0910923 142812.785323406
86093090.3860857 220273464609.878 121600117879.38 -31601.7823662399 -3308.9072359438 -22756327.0859634 139954.55810681
86230238.4254241 215921914148.424 121136634886.21 -31857.1419166953 -3451.02057760319 -22756327.0806935 137148.039338398
86364630.8084302 211623339244.874 120663132249.659 -32114.5925059984 -3596.63223069766 -22756327.0752792 134392.383006041
86496317.6728844 207377260950.204 120179752567.976 -32374.1364823054 -3745.82877836681 -22756327.0697166 131686.864454221
86625348.4787486 203183200203.781 119686636282.304 -32635.7752819653 -3898.69913048878 -22756327.0640019 129030.805864249
86751771.8491089 199040683288.137 119183922291.969 -32899.5090284532 -4055.33438771143 -22756327.0581312 126423.370360276
86875635.8517902 194949232931.895 118671746868.96 -33165.337027605 -4215.8282348907 -22756327.0521009 123864.002681321
86996987.6889891 190908378766.661 118150244901.229 -33433.2570335883 -4380.27661105003 -22756327.045907 121351.837198871
87115873.8734198 186917651895.877 117619549234.263 -33703.2655133313 -4548.77797135634 -22756327.0395458 118886.184430762
87232340.2514624 182976584390.549 117079790569.455 -33975.3576070979 -4721.43337924773 -22756327.0330125 116466.378042554
87346432.0193145 179084708997.541 116531097379.012 -34249.5270743925 -4898.34659587887 -22756327.0263038 114091.767852099
87458193.6717301 175241561159.235 115973596151.665 -34525.7660707193 -5079.62406420576 -22756327.0194153 111761.65241567
87567668.9929469 171446679660.869 115407411478.771 -34804.0650042145 -5265.37494258813 -22756327.0123428 109475.321216799
87674901.1821745 167699602584.443 114832665426.091 -35084.4127361711 -5455.71137501008 -22756327.005082 107232.189227585
87779932.733864 163999871735.481 114249478155.257 -35366.7961598284 -5650.74835411757 -22756326.997629 105031.551689527
87882805.4543815 160347032420.47 113657967893.418 -35651.2000994961 -5850.60379422167 -22756326.9899796 102872.720517476
87983560.5875446 156740629296.606 113058250235.078 -35937.6075206245 -6055.39883422171 -22756326.9821293 100755.133163108
88082238.7931546 153180207342.72 112450438218.455 -36225.9993543026 -6265.25788770254 -22756326.9740738 98678.2056100177
88178879.9445471 149665319485.944 111834643605.059 -36516.3537519313 -6480.30827005128 -22756326.9658092 96641.1513924574
88273523.4478143 146195515391.909 111210974936.213 -36808.6468611025 -6700.68094004841 -22756326.9573312 94643.5032672492
88366208.0159991 142770349930.225 110579538954.097 -37102.8519981786 -6926.51007947472 -22756326.9486355 92684.5681847647
88456971.8287372 139389377633.465 109940439573.999 -37398.9399681202 -7157.93352863345 -22756326.9397181 90763.8127380952
88545852.3938468 136052158120.901 109293778849.692 -37696.8784442067 -7395.09251379894 -22756326.9305749 88880.5651096409
88632886.7413983 132758249148.31 108639655604.418 -37996.6324208274 -7638.13222027948 -22756326.9212016 87034.3475514781
88718111.2720767 129507212560.925 107978166514.804 -38298.1635218847 -7887.20147534656 -22756326.9115942 85224.5306784283
88801561.8043664 126298612856.916 107309405807.645 -38601.4299429249 -8142.45293150667 -22756326.901749 83450.5322897016
88883273.6208157 123132015714.008 106633464904.564 -38906.3864021627 -8404.04327809627 -22756326.8916625 81711.8164492316
88963281.4761105 120006987941.274 105950432334.197 -39212.9839561651 -8672.13335760305 -22756326.8813303 80007.8552947951
89041619.5405036 116923099982.679 105260394216.495 -39521.1695482617 -8946.88805465609 -22756326.8707495 78338.0643931765
89118321.4889705 113879922733.297 104563433504.728 -39830.8861021918 -9228.47667225452 -22756326.8599167 76701.9484668494
89193420.4496051 110877029852.969 103859630426.357 -40142.0720641388 -9517.07283763297 -22756326.848829 75098.9606345694
89266949.0163387 107913997586.451 103149062389.474 -40454.6611717702 -9812.85461420444 -22756326.8374834 73528.56673364
89338939.2858361 104990403587.154 102431803633.039 -40768.5823196382 -10116.0047230645 -22756326.8258772 71990.2694974171
89409422.8618503 102105827021.253 101707925158.737 -41083.759282475 -10426.7106530709 -22756326.814008 70483.5760141537
89478430.8487516 99259849124.5307 100977494778.677 -41400.1103714799 -10745.1647194857 -22756326.801874 69007.986901291
89545993.851734 96452053506.0647 100240577109.992 -41717.5480970633 -11071.5641403942 -22756326.7894739 67563.0029823575
89612141.9864236 93682026069.7668 99497233471.5974 -42035.9788553214 -11406.1111528584 -22756326.7768056 66148.1346896703
89676904.9294587 90949353195.9609 98747521290.584 -42355.3028022248 -11749.0133539621 -22756326.7638687 64762.9430351079
89740311.870497 88253624046.3404 97991494605.3033 -42675.4132356166 -12100.4835483929 -22756326.7506629 63406.9410383064
89802391.548725 85594429341.7689 97229203624.2229 -42996.1963592875 -12460.740016472 -22756326.7371879 62079.6782279586
89863172.2453403 82971361991.3812 96460694780.9581 -43317.5308104343 -12830.0065543398 -22756326.7234449 60780.6966153192
89922681.8217501 80384015755.7974 95686010210.8739 -43639.2874030124 -13208.5127877585 -22756326.7094351 59509.5764097233
89980947.6969114 77831986526.9109 94905187976.5889 -43961.3285283153 -13596.4941266971 -22756326.6951605 58265.8751613557
90037996.8741004 75314871477.9188 94118261661.7703 -44283.5077892947 -13994.1920198975 -22756326.6806235 57049.1771890405
90093855.9335747 72832269698.7212 93325260400.8291 -44605.6694214327 -14401.8539920499 -22756326.6658275 55859.0594742646
90148551.0237117 70383782930.2205 92526208956.8323 -44927.6476632183 -14819.7336403773 -22756326.6507778 54695.0901370265
90202107.9379042 67969012452.03 91721126523.9517 -45249.2666022427 -15248.0912956321 -22756326.6354787 53556.9141924984
90254552.0544983 65587562080.3487 90910027487.7641 -45570.3391883751 -15687.1936630868 -22756326.6199367 52444.1165941115
90305908.3920969 63239036005.4661 90092920486.6805 -45890.666887523 -16137.3143463547 -22756326.6041598 51356.337598591
90356201.5832389 60923040313.5703 89269808686.5967 -46210.0388040766 -16598.7337177794 -22756326.5881555 50293.1911419412
90405455.9069063 58639181841.5242 88440689129.1889 -46528.2311191092 -17071.7392825173 -22756326.571934 49254.323667468
90453695.2534218 56387070157.2914 87605553181.5035 -46845.0060491624 -17556.6254102002 -22756326.5555062 48239.3465154753
90500943.2250706 54166313227.6345 86764384644.1171 -47160.1116384616 -18053.6944050798 -22756326.5388849 47247.9716487671
90547223.0744129 51976520623.8465 85917160576.5462 -47473.2804440288 -18563.2560130429 -22756326.5220833 46279.8493422888
90592557.735349 49817302436.1493 85063850539.8815 -47784.2287577609 -19085.6278184677 -22756326.5051174 45334.6609360801
90636969.8140414 47688270086.2352 84204416534.1276 -48092.6554935382 -19621.1352125155 -22756326.4880037 44412.0786924859
90680481.6393059 45589034305.7595 83338811767.9675 -48398.2414124289 -20170.11206701 -22756326.4707623 43511.8252644869
90723115.2225057 43519207459.1177 82466981139.6982 -48700.6476411372 -20732.9003259839 -22756326.4534125 42633.5831997708
90764892.3689901 41478398545.1606 81588858623.462 -48999.5151709075 -21309.8515589513 -22756326.4359782 41777.1464843752
90805834.5681673 39466218946.1254 80704369113.7704 -49294.4626917915 -21901.3256255024 -22756326.4184833 40942.1991772747
90845963.0923181 37482278059.0624 79813425954.0614 -49585.0857991982 -22507.6921027574 -22756326.400955 40128.5241507939
90885298.9804173 35526184529.2674 78915930764.3344 -49870.9552646797 -23129.3302027714 -22756326.3834229 39335.8880991625
90923863.065777 33597545359.5975 78011772275.9888 -50151.6154864866 -23766.629319546 -22756326.3659174 38564.0853597452
90961675.9964453 31695965388.06 77100825226.8985 -50426.5827385975 -24419.9895174504 -22756326.3484738 37812.9306682727
90998758.2390136 29821047628.2318 76182949577.0416 -50695.3431300381 -25089.8217526686 -22756326.3311265 37082.2425682834
91035130.1225974 27972391617.6168 75257988655.3382 -50957.3506655215 -25776.5488254351 -22756326.3139143 36371.8835837543
91070811.8552055 26149593179.2435 74325767834.5683 -51212.0248869798 -26480.6059255006 -22756326.2968783 35681.7326081707
91105823.5580552 24352243312.7243 73386092619.7979 -51458.7483944053 -27202.4415684371 -22756326.2800622 35011.7028496247
91140185.2648039 22579928936.0245 72438747534.0497 -51696.8638350093 -27942.5178634618 -22756326.2635121 34361.7067486965
91173916.9927895 20832229987.9718 71483492901.8797 -51925.6710722678 -28701.3123352304 -22756326.2472754 33731.7279856544
91207038.7925898 19108717675.7176 70520061902.1728 -52144.4237993749 -29479.3195309682 -22756326.2314014 33121.799800247
91239570.7385132 17408955882.4515 69548159115.6087 -52352.3253136588 -30277.0513378362 -22756326.2159426 32531.9459234079
91271533.0235925 15732497246.4559 68567455798.9747 -52548.5244652967 -31095.039834862 -22756326.2009521 31962.2850793559
91302946.0136047 14078881461.9149 67577585923.5362 -52732.1106840306 -31933.8394815476 -22756326.1864836 31412.9900121351
91333830.3069091 12447633419.1977 66578141649.1231 -52902.1082937977 -32794.02965847 -22756326.1725907 30884.2933043915
91364206.8204639 10838260137.1547 65568667488.6647 -53057.4700751404 -33676.2181875355 -22756326.1593282 30376.5135548893
91394096.8945194 9250246907.62157 64548653229.5743 -53197.0698086874 -34581.0457937641 -22756326.1467481 29890.0740554273
91423522.3911438 7683054023.87848 63517526332.0532 -53319.693432256 -35509.1908449853 -22756326.1348994 29425.4966243843
91452505.8488369 6136110852.10945 62474641523.8004 -53424.0287856576 -36461.3763570465 -22756326.1238258 28983.4576930938
91481070.6540679 4608809399.01578 61419268622.8302 -53508.6532896765 -37438.3783559864 -22756326.1135645 28564.8052310794
91509241.23418 3100497260.94876 60350578215.981 -53572.0190580103 -38441.0358481543 -22756326.1041408 28170.5801120934
91537043.3322646 1610466860.9913 59267622550.3957 -53612.4348621108 -39470.2647797608 -22756326.0955658 27802.0980845253
91564504.3253849 137943237.663547 58169312482.4635 -53628.0437711948 -40527.0751362551 -22756326.0878296 27460.9931203264
91591653.6356108 -1317931978.9149 57054387926.406 -53616.7951943982 -41612.593424914 -22756326.0808935 27149.3102259446
91618523.2536961 -2758121074.03066 55921380021.0662 -53576.4093765106 -42728.0920309273 -22756326.0746789 26869.61808528
91645148.4120981 -4183716644.82127 54768562213.9956 -53504.3316359669 -43875.0277927393 -22756326.0690517 26625.1584019592
91671568.4594928 -5595975872.12158 53593886289.9724 -53397.6724628536 -45055.0930934715 -22756326.063797 26420.0473947072
91697827.9771085 -6996363652.63132 52394899226.3343 -53253.1280387685 -46270.28253311 -22756326.0585904 26259.5176156787
91723978.1912716 -8386605802.3197 51168635412.8978 -53066.8736330417 -47522.9788966097 -22756326.0529399 26150.2141631492
91750078.6534947 -9768748397.97102 49911481896.4218 -52834.4203363165 -48816.0577422029 -22756326.0461063 26100.4622230601
91776198.8609778 -11144165132.3947 48620019342.5752 -52550.6621880349 -50151.9657417269 -22756326.0369997 26120.2074830868
91802418.4952439 -12512481361.4399 47292115029.0337 -52210.1659376041 -51531.4914887433 -22756326.0240788 26219.6342661289
91828821.7446828 -13876256586.4377 45922362674.9872 -51805.9490738801 -52958.4051227744 -22756326.0049305 26403.2494389222
91855474.5290138 -15237974456.6578 44504662601.1196 -51329.7085484245 -54436.6734555809 -22756325.9759007 26652.7843310241
91882355.3478701 -16598802021.8293 43033439956.668 -50772.0885581247 -55969.0015169975 -22756325.9316053 26880.8188563154
91909213.0316603 -17955093846.542 41507747787.606 -50124.5688290737 -57552.3607891016 -22756325.8651743 26857.6837901382
91935491.9585648 -19263021452.6505 39974626680.9992 -49402.044601977 -59133.3873833379 -22756325.7815824 26278.9269044935
91960667.24749 -20497084939.0962 38466577520.8882 -48620.5644069391 -60674.4468200786 -22756325.6894493 25175.2889252411
91984571.1920006 -21649580606.8525 36998531731.0813 -47792.2317245633 -62157.0284638287 -22756325.5956564 23903.9445106172
92007282.3442678 -22725280471.1234 35570752632.0403 -46922.8131291904 -63578.3669727094 -22756325.5030336 22711.1522672079
92028949.7468982 -23732280381.2666 34178417545.3144 -46014.8044240289 -64941.2014495367 -22756325.4124236 21667.4026303368
92049719.9977352 -24678330974.4063 32815987915.005 -45069.4428907731 -66249.1198623501 -22756325.3240433 20770.2508370007
92069719.1722899 -25569982885.4171 31478490634.8839 -44087.5504880882 -67505.1861608704 -22756325.2379827 19999.1745547006
92089052.1268323 -26412597605.9799 30161737190.1876 -43069.8536335535 -68711.6966275801 -22756325.154367 19332.9545423704
92107805.9083064 -27210550265.8416 28862247587.3284 -42017.1015467077 -69870.2522971831 -22756325.0733814 18753.7814741795
92126053.4544799 -27967436087.3866 27577117660.7854 -40930.1083758578 -70981.8940573968 -22756324.9952736 18247.5461734289
92143856.6825406 -28686238927.926 26303896150.9976 -39809.7664067306 -72047.2294675991 -22756324.9203434 17803.2280606884
92161268.8936585 -29369460752.4825 25040484824.0899 -38657.0479122348 -73066.5365787537 -22756324.8489232 17412.2111179791
92178336.5900055 -30019218705.7269 23785062016.7878 -37473.0039002422 -74039.8442752474 -22756324.7813635 17067.6963469423
92195100.882426 -30637319266.9624 22536022208.3926 -36258.7596530197 -74966.9958770179 -22756324.7180347 16764.2924205328
92211598.5503949 -31225313757.656 21291931039.8125 -35015.5114269831 -75847.6972789424 -22756324.6592984 16497.6679689008
92227862.8869355 -31784541682.1619 20051488825.3551 -33744.521380686 -76681.5557999117 -22756324.6055131 16264.3365406385
92243924.3548596 -32316163908.6747 18813502574.1985 -32447.1133120321 -77468.1102995399 -22756324.5570183 16061.4679240075
92259811.11208 -32821188619.3548 17576863670.6498 -31124.6683836214 -78206.8552346407 -22756324.514133 15886.7572203953
92275549.4475073 -33300492036.8035 16340529098.6143 -29778.6200498154 -78897.2604251884 -22756324.4771452 15738.3354273231
92291164.1430724 -33754834869.6309 15103505793.9749 -28410.4487847784 -79538.7870358025 -22756324.446312 15614.695565089
92306678.7717282 -34184875182.7102 13864837988.6876 -27021.6773447758 -80130.9001932972 -22756324.4218459 15514.6286557927
92322115.9617264 -34591178881.6812 12623595633.2502 -25613.8651288535 -80673.079501201 -22756324.4039221 15437.189998194
92337497.6293124 -34974228033.0541 11378864074.5439 -24188.6023171453 -81164.8274080553 -22756324.3926687 15381.6675860655
92352845.1870215 -35334427368.512 10129734711.1941 -22747.5039151567 -81605.6756736754 -22756324.388164 15347.5577091149
92368179.739098 -35672386274.1004 8874229533.51028 -21290.9634830719 -81995.4987182035 -22756324.3904552 15334.552076499
92383522.2791766 -35987637713.9556 7614210192.64028 -19823.8626786555 -82333.0768814737 -22756324.3994751 15342.5400785709
92398893.8245416 -36280471535.6363 6348756393.65963 -18347.8907109558 -82618.2677516996 -22756324.4150572 15371.5453649687
92414315.5451017 -36551110951.2133 5076929399.04381 -16864.7246911349 -82850.9696299165 -22756324.4369898 15421.7205600831
92429808.9517985 -36799713385.5405 3797767309.88411 -15376.0275629978 -83031.1201911498 -22756324.4650211 15493.4066967798
92445396.0906262 -37026371505.947 2510275352.89492 -13883.4406008374 -83158.6951667816 -22756324.4988627 15587.1388276957
92461099.7550205 -37231113140.2618 1213415717.16398 -12388.5760501247 -83233.7055134805 -22756324.5381894 15703.6643943848
92476943.7209058 -37413900167.9445 -93903961.8837947 -10893.009204057 -83256.1930909691 -22756324.5826468 15843.9658853116
92492953.0121565 -37574626251.9895 -1412843659.14903 -9398.27009591673 -83226.2246678591 -22756324.6318603 16009.29125062
92509154.2088804 -37713113271.7338 -2744646006.09043 -7905.8347557644 -83143.8840686666 -22756324.68543 16201.1967239568
92525575.8113907 -37829106272.7251 -4090654123.59302 -6417.11569108435 -83009.2621821482 -22756324.742949 16421.6025103304
92542248.6841881 -37922266626.6756 -5452333018.27711 -4933.45143162581 -82822.4444229397 -22756324.803998 16672.872797393
92559206.5901329 -37992163009.0396 -6831296183.91378 -3456.09425158878 -82583.4949873729 -22756324.8681593 16957.9059447814
92576486.8636868 -38038259521.284 -8229337754.38873 -1986.19689330154 -82292.4372571209 -22756324.9350238 17280.2735538458
92594131.267785 -38059900230.6634 -9648473588.88881 -524.796228962146 -81949.2290729856 -22756325.0041933 17644.4040981771
92612187.0911898 -38056288890.3387 -11090994038.4092 927.206803523934 -81553.7312047213 -22756325.0752897 18055.8234048812
92630708.5760709 -38026462134.4295 -12559531781.3397 2369.07148269691 -81105.666902673 -22756325.147974 18521.484881063
92649758.816067 -37969253764.8442 -14057150269.4063 3800.24730448116 -80604.5694623106 -22756325.2219367 19050.2399961321
92669412.2390645 -37883246590.7305 -15587461602.5857 5220.41258148679 -80049.7130575388 -22756325.2969289 19653.422997464
92689757.8608671 -37766707041.2126 -17154779370.8939 6629.51902836257 -79440.0226738827 -22756325.3727655 20345.6218026515
92710903.2837896 -37617496142.4546 -18764316261.9082 8027.84124181093 -78773.9576486948 -22756325.4493465 21145.4229224312
92732978.6450386 -37432950653.5212 -20422417518.6043 9416.01123088529 -78049.3719092991 -22756325.5266643 22075.3612490405
92756136.9412442 -37209737084.879 -22136760509.5397 10794.9714769281 -77263.3865991731 -22756325.6047959 23158.2962055729
92780537.1746043 -36943724210.2017 -23916241985.4624 12165.6414371306 -76412.4255408619 -22756325.683815 24400.2333601296
92806269.9292455 -36630093989.9986 -25769546824.8986 13527.652535631 -75492.9683019126 -22756325.7634254 25732.7546411732
92833163.1405175 -36264456507.2837 -27699506868.328 14875.5357310987 -74504.6598239314 -22756325.8418307 26893.211271986
92860619.5632407 -35846509703.2801 -29689129697.4893 16190.8695978393 -73458.2862966866 -22756325.9136457 27456.422723222
92887975.5277648 -35386360094.8191 -31684000786.0934 17435.4639420494 -72386.3867268068 -22756325.9698544 27355.9645240974
92914959.8955129 -34900301462.3654 -33623011028.6215 18575.6597165754 -71327.3606272865 -22756326.0072594 26984.367748095
92941600.0276395 -34391349476.0086 -35509284903.1779 19620.8256809624 -70284.956758249 -22756326.0324998 26640.1321265708
92968003.573164 -33860437520.9657 -37351490203.2873 20582.4321102726 -69258.7473844673 -22756326.0502644 26403.5455245422
92994279.1464828 -33307809985.1937 -39157993562.1499 21470.4496873051 -68247.5452542907 -22756326.0635033 26275.5733188455
93020519.5585418 -32733488794.3491 -40935722989.4598 22292.9891509737 -67250.2825853894 -22756326.0740633 26240.4120589594
93046801.5414576 -32138380919.456 -42687472396.1622 23055.4576509378 -66267.7063041357 -22756326.083055 26281.9829158114
93073188.5559008 -31523021929.8827 -44416364759.7518 23762.9327406457 -65299.9866613145 -22756326.0912294 26387.0144431488
93099733.6316161 -30887201320.911 -46126812875.8442 24420.504966915 -64346.2616221901 -22756326.0991168 26545.0757153493
93126481.9910375 -30230729566.1415 -47822365178.8797 25032.4072513952 -63405.9153232879 -22756326.1070628 26748.3594214217
93153472.9597117 -29553432082.3009 -49505920320.159 25602.2245234478 -62478.5069800207 -22756326.1152906 26990.9686741667
93180741.3776652 -28855143517.618 -51179882267.852 26133.0426106528 -61563.719297229 -22756326.1239419 27268.4179534582
93208318.6100438 -28135702716.7623 -52846273986.1596 26627.5557368901 -60661.3209928208 -22756326.1331038 27577.2323786426
93236233.3294836 -27394949701.3273 -54506819062.844 27088.1446134489 -59771.1410523406 -22756326.1428232 27914.7194397563
93264512.0799842 -26632722755.4667 -56163004171.6998 27516.9351379457 -58893.0494027748 -22756326.153121 28278.7505006187
93293179.7251193 -25848857087.2394 -57816124500.0274 27915.8423792047 -58026.9439507988 -22756326.1639962 28667.6451350828
93322259.7900413 -25043183518.3679 -59467319461.384 28286.6047436192 -57172.7407617968 -22756326.1754365 29080.0649219979
93351774.72911 -24215527762.0955 -61117599999.2445 28630.8105956722 -56330.3671789876 -22756326.1874177 29514.9390687183
93381746.1448258 -23365710015.5879 -62767869936.5456 28949.9193748081 -55499.7569111088 -22756326.1999097 29971.4157157651
93412194.9520387 -22493544569.9474 -64418943253.6077 29245.2786445008 -54680.8463490945 -22756326.2128778 30448.8072129617
93443141.5317647 -21598839933.6264 -66071557284.0932 29518.1378489117 -53873.5722697752 -22756326.2262838 30946.5797260094
93474605.8387194 -20681398419.7105 -67726384518.6235 29769.6598400364 -53077.869702968 -22756326.2400887 31464.3069546872
93506607.4971129 -19741016419.2401 -69384041218.4713 30000.9302814305 -52293.6709411752 -22756326.2542529 32001.6583935185
93539165.8834488 -18777484494.4301 -71045094891.7494 30212.9656293966 -51520.9047354834 -22756326.2687349 32558.3863358317
93572300.207726 -17790587423.9442 -72710070644.3956 30406.7199193967 -50759.4957371656 -22756326.2834964 33134.3242772606
93606029.5467884 -16780103932.3911 -74379457056.8014 30583.090620832 -50009.3639345477 -22756326.2984982 33729.3390623657
93640372.9175575 -15745807580.8175 -76053709326.1277 30742.9234829543 -49270.4251287776 -22756326.3137028 34343.370769096
93675349.3032647 -14687466203.0277 -77733254188.771 30887.0170009325 -48542.5904229366 -22756326.3290746 34976.385707177
93710977.7093298 -13604842572.8937 -79418492268.8736 31016.1261249175 -47825.7667122716 -22756326.3445783 35628.4060651345
93747277.1873987 -12497693989.95 -81109801708.234 31130.9656733322 -47119.8564818595 -22756326.3601832 36299.4780688994
93784266.8620763 -11365772701.0492 -82807540080.0203 31232.2132454521 -46424.7582349706 -22756326.3758566 36989.6746775961
93821965.9590256 -10208826120.6965 -84512046327.0668 31320.5118517847 -45740.3667947794 -22756326.3915708 37699.0969492681
93860393.8325833 -9026596904.19148 -86223642653.8073 31396.4722835265 -45066.5735340766 -22756326.4072988 38427.8735577163
93899569.9944763 -7818822944.28628 -87942636286.0946 31460.6752444369 -44403.2665846882 -22756326.4230139 39176.1618929971
93939514.1173665 -6585237253.84253 -89669321173.68 31513.6732752248 -43750.3310094599 -22756326.4386938 39944.1228901998
93980246.0450922 -5325568574.09794 -91403978501.2789 31555.9924682011 -43107.6493647106 -22756326.4543157 40731.9277256583
94021785.8601203 -4039541717.6484 -93146877477.0342 31588.1340610708 -42475.102075445 -22756326.4698603 41539.8150281217
94064153.8374122 -2726876052.23509 -94898278481.9752 31610.5759287049 -41852.5669175006 -22756326.4853082 42367.9772919224
94107370.4917285 -1387287526.31104 -96658431291.6483 31623.7738613778 -41239.9202486958 -22756326.500643 43216.6543163099
94151456.5823274 -20487707.1739887 -98427577274.3219 31628.162821931 -40637.0367410887 -22756326.5158489 44086.0905989211
94196433.1190737 1373815869.95687 -100205949718.801 31624.1580730656 -40043.7897556094 -22756326.530911 44976.536746299
94242321.3969474 2795919426.88205 -101993774210.886 31612.1562306225 -39460.051650668 -22756326.5458174 45888.2778736875
94289142.9906323 4246123591.68219 -103791270101.752 31592.5362326692 -38885.6937038719 -22756326.5605562 46821.5936848729
94336919.7545104 5724732808.15395 -105598650337.689 31565.6602456095 -38320.5865490493 -22756326.5751169 47776.7638780927
94385673.8426778 7232054937.88263 -107416121523.638 31531.8745203179 -37764.6004875647 -22756326.5894897 48754.0881674088
94435427.7482151 8768401513.68411 -109243884741.484 31491.5101817243 -37217.6055360864 -22756326.6036677 49753.9055373536
94486204.2539581 10334088612.9657 -111082137018.405 31444.8839403664 -36679.4712798232 -22756326.6176426 50776.5057430007
94538026.4737441 11929434957.9557 -112931069481.189 31392.2988365213 -36150.0676848636 -22756326.6314089 51822.2197859361
94590917.881356 13554762881.6775 -114790868901.993 31334.0448700376 -35629.2648681729 -22756326.6449602 52891.4076119393
94644902.300177 15210398910.8197 -116661718691.892 31270.3995875879 -35116.9330464578 -22756326.6582925 53984.4188210121
94700003.8992253 16896673124.2429 -118543798457.862 31201.6286776631 -34612.9428741702 -22756326.6714025 55101.5990483147
94756247.2012059 18613918725.7572 -120437283821.772 31127.9865330485 -34117.165672015 -22756326.6842859 56243.3019805845
94813657.1182728 20362472003.5874 -122342346666.292 31049.7167696528 -33629.4735184167 -22756326.6969408 57409.9170668974
94872258.9278623 22142673155.7574 -124259156286.1 30967.0526754188 -33149.7391052362 -22756326.7093656 58601.8095894945
94932078.3123871 23954865257.2616 -126187878489.403 30880.2177154553 -32677.8361092248 -22756326.7215585 59819.3845247812
94993141.3175366 25799395215.3705 -128128676837.251 30789.4259227254 -32213.6390101661 -22756326.7335186 61063.0051494864
95055474.4412813 27676612214.1731 -130081711198.859 30694.8823864974 -31757.0235537873 -22756326.7452458 62333.1237447076
95119104.573588 29586870190.637 -132047140524.664 30596.783520535 -31307.8662008406 -22756326.7567403 63630.1323067418
95184058.9725427 31530525713.904 -134025120783.271 30495.3175394647 -30866.0447172027 -22756326.7680025 64954.3989546719
95250365.4065697 33507937014.4601 -136015804180.308 30390.6648667305 -30431.4384103646 -22756326.7790331 66306.4340269905
95318052.003242 35519468067.2412 -138019343431.466 30282.9982553394 -30003.9272663671 -22756326.7898334 67686.5966722906
95387147.3631046 37565483737.0842 -140035887002.82 30172.4833637431 -29583.3930634021 -22756326.8004048 69095.3598626217
95457680.5979717 39646352996.5364 -142065582477.043 30059.2788898389 -29169.7187006663 -22756326.8107495 70533.2348671058
95529681.10393 41762449812.9144 -144108577473.24 29943.5368102406 -28762.78809586 -22756326.8208692 72000.5059583044
95603178.9034229 43914146101.1355 -146165012965.171 29825.4030426738 -28362.4875603167 -22756326.8307657 73497.7994928697
95678204.3993658 46101821749.4098 -148235033069.892 29705.0171613365 -27968.7038909798 -22756326.8404422 75025.4959429191
95754788.5218714 48325857011.8283 -150318777819.214 29582.5130647233 -27581.3258412668 -22756326.8499007 76584.1225055901
95832962.6637431 50586636651.1306 -152416387199.578 29458.0189883315 -27200.2433733436 -22756326.8591446 78174.1418717497
95912758.6607153 52884547783.1707 -154527999198.516 29331.6578525942 -26825.3480590394 -22756326.8681762 79795.9969721206
95994208.9302341 55219979082.2689 -156653749193.684 29203.5475252661 -26456.533196146 -22756326.8769991 81450.2695188798
96077346.3375024 57593324617.7825 -158793773531.208 29073.8008198805 -26093.6932040074 -22756326.8856161 83137.4072682976
96162204.2117404 60004979694.5376 -160948205794.425 28942.5259241554 -25736.7242952958 -22756326.8940302 84857.8742379823
96248816.5354024 62455341131.4734 -163117177186.774 28809.8265741695 -25385.5243985178 -22756326.9022453 86612.3236619843
96337217.7884928 64944812493.7028 -165300821217.95 28675.8019539227 -25039.9924138071 -22756326.9102641 88401.2530904006
96427442.8325484 67473799333.8222 -167499269492.128 28540.5471304412 -24700.0289267975 -22756326.9180906 90225.0440556344
96519527.2155183 70042705690.4588 -169712648797.283 28404.15340532 -24365.5366326816 -22756326.9257281 92084.3829698786
96613507.0544056 72651942585.9748 -171941088548.951 28266.7080201012 -24036.4191872343 -22756326.93318 93979.8388872465
96709418.9020188 75301924401.9028 -174184717628.044 28128.2945068164 -23712.5817208861 -22756326.9404498 95911.847613276
96807299.8601865 77993064911.0475 -176443661093.663 27988.9930409149 -23393.931301929 -22756326.9475411 97880.9581677048
96907187.7670919 80725780290.5562 -178718042847.365 27848.8804200542 -23080.3765234369 -22756326.9544576 99887.9069053752
97009120.9850566 83500494099.8803 -181007989777.335 27708.0299461682 -22771.8269434855 -22756326.9612025 101933.2179647
97113138.3729385 86317631090.8786 -183313626593.829 27566.5118759354 -22468.1938104813 -22756326.96778 104017.387881931
97219279.3187802 89177616265.6122 -185635075160.635 27424.3935872473 -22169.3901192308 -22756326.9741927 106140.945841634
97327584.0015906 92080875607.4395 -187972455199.802 27281.7396552713 -21875.3304845025 -22756326.9804444 108304.682810391
97438093.1407291 95027843008.5062 -190325889889.969 27138.6116265624 -21585.9304321164 -22756326.986539 110509.139138507
97550848.1002457 98018953145.2634 -192695500108.808 26995.0684828127 -21301.1071314425 -22756326.9924794 112754.959516603
97665890.7707258 101054644105.6 -195081406581.87 26851.1666162598 -21020.7791117082 -22756326.9982698 115042.670480082
97783263.6649818 104135353989.302 -197483727248.733 26706.9600903332 -20744.8665554649 -22756327.0039127 117372.894256068
97903010.0979084 107261523296.53 -199902579211.955 26562.5006183021 -20473.2910415492 -22756327.0094119 119746.432926616
98025173.8205955 110433599462.382 -202338082237.058 26417.8374493375 -20205.9751498133 -22756327.0147707 122163.722687079
98149799.4353563 113652026902.279 -204790351094.56 26273.0179150508 -19942.8432999071 -22756327.0199922 124625.614760833
98276932.0009269 116917257784.417 -207259503862.227 26128.0870224625 -19683.8208220745 -22756327.0250798 127132.56557059
98406617.3683061 120229741405.028 -209745653855.421 25983.0880131509 -19428.8348065572 -22756327.0300363 129685.367379201
98538902.117956 123589932790.803 -212248916185.928 25838.0620561754 -19177.8133893157 -22756327.0348653 132284.749649868
98673833.4801664 126998290772.309 -214769406273.965 25693.0484143041 -18930.6859075041 -22756327.0395696 134931.362210369
98811459.1528202 130455275687.394 -217307238154.189 25548.0846156031 -18687.3830528722 -22756327.0441524 137625.672653806
98951827.9161942 133961344553.007 -219862521015.987 25403.206717583 -18447.8371664322 -22756327.0486163 140368.763374017
99094989.0140829 137516966532.655 -222435370524.8 25258.4487308936 -18211.9811509617 -22756327.0529645 143161.097888699
99240992.310998 141122606893.073 -225025897102.787 25113.8433511075 -17979.7495648343 -22756327.0571997 146003.296915073
99389888.8861032 144778730881.774 -227634208864.828 24969.4218486896 -17751.0783025819 -22756327.061325 148896.575105233
99541729.7997345 148485818315.489 -230260421992.564 24825.2135573614 -17525.9036814986 -22756327.0653428 151840.913631334
99696567.5553489 152244332557.844 -232904638700.745 24681.24714596 -17304.1643327176 -22756327.0692559 154837.755614412
99854455.1614484 156054756707.19 -235566972907.398 24537.5492626421 -17085.7989767135 -22756327.0730672 157887.606099438
100015446.080477 159917569982.408 -238247533498.738 24394.1455080359 -16870.747845205 -22756327.0767789 160990.919028754
100179594.883925 163833246432.824 -240946423606.038 24251.0605136273 -16658.9526785909 -22756327.0803937 164148.803447973
100346956.968797 167802270721.812 -243663751560.688 24108.317405092 -16450.3558322469 -22756327.0839141 167362.084871646
100517588.369868 171825130859.45 -246399625788.22 23965.9381276011 -16244.9006873158 -22756327.0873424 170631.401071545
100691545.764429 175902313466.285 -249154151608.264 23823.9436566725 -16042.5318702501 -22756327.0906813 173957.394560877
100868886.939075 180034303761.028 -251927431319.607 23682.3540308428 -15843.1952083429 -22756327.0939326 177341.174645766
101049670.283917 184221596426.233 -254719571511.365 23541.1880192671 -15646.8371849265 -22756327.0970991 180783.344842335
101233955.064664 188464683325.611 -257530674804.764 23400.4635850585 -15453.4055214204 -22756327.1001826 184284.780746719
101421801.437525 192764059748.138 -260360844067.784 23260.1977073489 -15262.8488536988 -22756327.1031853 187846.372860836
101613270.300145 197120224482.236 -263210182446.023 23120.4064186771 -15075.1167191691 -22756327.1061096 191468.862620614
101808423.576826 201533676115.327 -266078790946.358 22981.1049592763 -14890.1596999138 -22756327.1089573 195153.276680473
102007323.64413 206004919383.747 -268966772581.983 22842.3076090327 -14707.929136268 -22756327.1117305 198900.067304279
102210034.175117 210534451774.414 -271874223725.912 22704.0281357415 -14528.3776558611 -22756327.1144312 202710.530987118
102416619.361242 215122782621.387 -274801246448.959 22566.2792338672 -14351.458379506 -22756327.1170612 206585.186124381
102627144.733483 219770415122.512 -277747936967.125 22429.0731055052 -14177.1256221835 -22756327.1196224 210525.372241148
102841675.968591 224477864654.017 -280714397313.641 22292.4209415623 -14005.3341749783 -22756327.1221166 214531.235107861
103060280.80051 229245631774.938 -283700718293.562 22156.3337381539 -13836.0402848265 -22756327.1245457 218604.831918873
103283026.588709 234074244590.407 -286707006103.674 22020.8211038262 -13669.2001134675 -22756327.1269113 222745.788199726
103509982.27621 238964204514.301 -289733348394.933 21885.8928295495 -13504.7716404626 -22756327.1292151 226955.687500983
103741217.823612 243916029490.496 -292779841319.167 21751.5576835093 -13342.7131210407 -22756327.1314588 231235.547401239
103976804.203125 248930241073.954 -295846581387.828 21617.823810381 -13182.9835430204 -22756327.1336439 235586.37951375
104216812.567317 254007364007.199 -298933665190.843 21484.6987686998 -13025.5426313045 -22756327.135772 240008.364191595
104461315.517359 259147908186.285 -302041178509.829 21352.1900162033 -12870.3513746086 -22756327.1378448 244502.950042068
104710387.010499 264352395843.363 -305169212904.568 21220.3042113176 -12717.371155765 -22756327.1398636 249071.493139668
104964101.398169 269621359031.32 -308317864033.889 21089.0473186223 -12566.5638510713 -22756327.1418297 253714.38767052
105222534.630542 274955318970.993 -311487219287.189 20958.4251465443 -12417.8924139615 -22756327.1437449 258433.232373221
105485762.877097 280354811281.669 -314677372866.703 20828.4427373015 -12271.320138375 -22756327.1456103 263228.246554812
105753863.602759 285820356790.84 -317888408478.998 20699.1050956924 -12126.8114518453 -22756327.1474272 268100.725661595
106026915.825699 291352483932.904 -321120412660.235 20570.416656288 -11984.331275366 -22756327.149197 273052.222940661
106304999.082753 296951733590.575 -324373477485.829 20442.3812024138 -11843.844911374 -22756327.150921 278083.257054041
106588193.790417 302618637493.043 -327647687954.07 20315.002384453 -11705.3185867357 -22756327.1526002 283194.707663756
106876581.49125 308353725586.313 -330943126385.56 20188.2835527068 -11568.7192317868 -22756327.1542361 288387.700832989
107170244.938388 314157530832.146 -334259875212.976 20062.2276626122 -11434.0143480782 -22756327.1558297 293663.447137388
107469268.185518 320030590598.302 -337598017747.633 19936.837262459 -11301.1719701367 -22756327.1573822 299023.247130756
107773736.327669 325973448100.382 -340957638949.999 19812.1144823887 -11170.1606306707 -22756327.1588946 304468.142150362
108083734.803345 331986646909.055 -344338822286.21 19688.0611675402 -11040.9494771828 -22756327.1603681 309998.475676385
108399350.574173 338070717075.446 -347741642008.769 19564.6791674079 -10913.5085435937 -22756327.1618037 315615.770827572
108720672.01556 344226198277.957 -351166176223.399 19441.9698647022 -10787.8082328063 -22756327.1632024 321321.44138731
109047788.260773 350453637200.699 -354612505320.486 19319.9342524013 -10663.8193794046 -22756327.1645651 327116.245212895
109380789.40436 356753574507.836 -358080704742.64 19198.5732031805 -10541.5135025031 -22756327.1658929 333001.143586634
109719767.813437 363126548696.343 -361570847196.568 19077.8873957363 -10420.8627049575 -22756327.1671867 338978.409077257
110064815.980516 369573120807.087 -365083016130.38 18957.8768637252 -10301.839204689 -22756327.1684474 345048.167079556
110416027.172561 376093833048.704 -368617283067.257 18838.5417901392 -10184.4161088029 -22756327.169676 351211.192044839
110773496.545673 382689221312.489 -372173714619.059 18719.8822620231 -10068.5671406324 -22756327.1708731 357469.373111368
111137320.188883 389359835884.773 -375752383672.044 18601.8979054069 -9954.26626391999 -22756327.1720397 363823.643210422
111507595.597861 396106223096.909 -379353359435.304 18484.5882307874 -9841.48800476264 -22756327.1731766 370275.40897797
111884421.343245 402928933921.935 -382976712063.755 18367.9524884644 -9730.20729314897 -22756327.1742845 376825.745384383
112267897.278281 409828517545.235 -386622509221.746 18251.98978912 -9620.39956191359 -22756327.1753644 383475.935035875
112658124.472976 416805524953.605 -390290818003.092 18136.6990488744 -9512.04067699198 -22756327.1764169 390227.194694685
113055204.387401 423860507457.235 -393981704149.163 18022.0790218444 -9405.10695215446 -22756327.1774426 397079.914425415
113459241.169366 430994001637.6 -397695224240.613 17908.1285449952 -9299.57535904263 -22756327.1784424 404036.781964318
113870339.501358 438206570460.483 -401431447141.492 17794.8458840997 -9195.42290470965 -22756327.179417 411098.331992251
114288605.257043 445498764134.878 -405190433546.197 17682.2293738411 -9092.6272130268 -22756327.1803671 418265.755684811
114714145.569279 452871131802.704 -408972242133.417 17570.2772303774 -8991.16633400189 -22756327.1812931 425540.312235964
115147068.902549 460324222514.367 -412776930084.826 17458.9875409104 -8891.01871994385 -22756327.1821959 432923.333270143
115587485.604388 467858586240.532 -416604553606.607 17348.3582540837 -8792.16320340839 -22756327.1830761 440416.701839327
116035506.339045 475474783098.63 -420455172578.721 17238.3870540762 -8694.57887325121 -22756327.1839341 448020.734656548
116491243.301958 483173355948.285 -424328836682.949 17129.0717634408 -8598.24542017353 -22756327.1847707 455736.962912874
116954811.177419 490954851349.845 -428225596086.871 17020.4100370621 -8503.1428498539 -22756327.1855864 463567.875461926
117426323.380665 498819835388.26 -432145509271.413 16912.3991558044 -8409.25129413549 -22756327.1863816 471512.20324521
117905896.94048 506768829642.207 -436088611117.913 16805.0369107295 -8316.5517682955 -22756327.1871571 479573.559814966
118393650.893764 514802393858.31 -440054954153.362 16698.3204685371 -8225.02517243213 -22756327.1879132 487753.953284519
118889703.379973 522921097846.74 -444044594329.983 16592.2467824106 -8134.6526447817 -22756327.1886506 496052.486209383
119394175.043809 531125472984.814 -448057567248.916 16486.8132244811 -8045.41608807959 -22756327.1893696 504471.663835395
119907187.792811 539416068900.894 -452093916132.645 16382.0168383007 -7957.29751880936 -22756327.1900707 513012.749001833
120428865.391504 547793432403.151 -456153681429.972 16277.8546219302 -7870.27929990793 -22756327.1907546 521677.598693634
120959332.351829 556258116901.106 -460236905381.72 16174.3234145375 -7784.34403647967 -22756327.1914215 530466.960324616
121498715.537538 564810664083.221 -464343623169.169 16071.420125276 -7699.47475690098 -22756327.192072 539383.18570919
122047142.434146 573451629624.718 -468473875301.393 15969.1414234812 -7615.65464700996 -22756327.1927065 548426.89660738
122604741.527663 582181555006.375 -472627694082.171 15867.4840811266 -7532.86732382495 -22756327.1933253 557599.093517763
123171644.474507 591000973644.108 -476805106657.695 15766.4448929938 -7451.09675836343 -22756327.193929 566902.946843486
123747981.9575 599910444848.42 -481006151074.653 15666.0202930578 -7370.32695776955 -22756327.1945178 576337.482993402
124333887.567216 608910488201.926 -485230845266.116 15566.2071032711 -7290.54256153364 -22756327.1950923 585905.609715947
124929496.751253 618001644552.147 -489479215903.467 15467.0018409473 -7211.72827429422 -22756327.1956527 595609.184036588
125534946.144519 627184458893.029 -493751290219.859 15368.4009233469 -7133.86902556273 -22756327.1961994 605449.393265935
126150374.550623 636459469700.448 -498047091032.572 15270.4007860143 -7056.95005619535 -22756327.1967328 615428.406104124
126775921.63917 645827223719.61 -502366643606.701 15172.9977276164 -6980.95678903257 -22756327.1972532 625547.088547433
127411725.720441 655288255749.14 -506709966303.219 15076.1881248311 -6905.87499028715 -22756327.197761 635804.081270448
128057933.198976 664843055367.216 -511077055517.157 14979.9687577241 -6831.69101017478 -22756327.1982565 646207.478534851
128714686.212864 674492208766.472 -515467950520.646 14884.3353823095 -6758.39067557269 -22756327.1987399 656753.013888292
129382129.831417 684236212559.158 -519882648314.674 14789.2846113287 -6685.96073481597 -22756327.1992117 667443.618553359
130060412.867534 694075582057.536 -524321153245.057 14694.8128158673 -6614.38800197981 -22756327.1996721 678283.036116456
130749684.719906 704010862222.168 -528783481710.222 14600.9160402552 -6543.65929167116 -22756327.2001214 689271.85237241
131450095.475748 714042580574.552 -533269640848.255 14507.5904613624 -6473.76176260739 -22756327.2005598 700410.755841495
132161797.897811 724171248890.272 -537779629446.334 14414.8323627393 -6404.68288925464 -22756327.2009878 711702.422063293
132884946.233242 734397391819.508 -542313450739.395 14322.6378699318 -6336.41025807168 -22756327.2014055 723148.335431596
133619694.848179 744721529183.57 -546871104473.768 14231.0031180703 -6268.93168800911 -22756327.2018131 734748.614936666
134366200.334283 755144156471.938 -551452578383.351 14139.9244200252 -6202.23534741128 -22756327.2022111 746505.486104296
135124624.405371 765665774862.999 -556057861513.072 14049.3979962326 -6136.30954872518 -22756327.2025995 758424.071087641
135895124.054546 776286931128.839 -560686961502.065 13959.4196458332 -6071.14250756976 -22756327.2029787 770499.649174922
136677863.0369 787008079298.479 -565339844235.354 13869.9859237361 -6006.72319142913 -22756327.2033489 782738.982354558
137473004.715263 797829741493.132 -570016504037.431 13781.0927724614 -5943.04032235369 -22756327.2037103 795141.67836289
138280716.573446 808752407435.966 -574716919875.17 13692.7363745632 -5880.08298982522 -22756327.2040631 807711.858183005
139101164.254507 819776596512.369 -579441082171.214 13604.9126441242 -5817.84028202245 -22756327.2044075 820447.681060763
139934517.674789 830902775857.226 -584188957635.173 13517.6178847744 -5756.30174899253 -22756327.2047438 833353.420281387
140780946.457521 842131443757.353 -588960525077.315 13430.8481211708 -5695.45692341251 -22756327.2050722 846428.782732286
141640627.935758 853463067340.198 -593755748794.701 13344.5995904226 -5635.29566341795 -22756327.2053928 859681.478237447
142513731.218969 864898189290.758 -598574623701.076 13258.8679324267 -5575.80758424517 -22756327.205706 873103.283211225
143400436.572598 876437215136.041 -603417085558.946 13173.6497935761 -5516.9831691322 -22756327.2060117 886705.353628273
144300919.107146 888080670886.937 -608283119601.91 13088.9408925455 -5458.81242258512 -22756327.2063103 900482.534547928
145215358.85403 899828986671.984 -613172669599.606 13004.7376275944 -5401.28597837553 -22756327.2066019 914439.746884025
146143939.263131 911682629582.181 -618085693605.51 12921.036096232 -5344.39441932458 -22756327.2068867 928580.409101664
147086840.066853 923642082797.346 -623022155013.15 12837.832261333 -5288.12839108959 -22756327.2071648 942900.803722157
148044251.425845 935707753629.591 -627981984669.646 12755.1225870977 -5232.47902782812 -22756327.2074365 957411.358991161
149016358.367842 947880154803.425 -632965155548.381 12672.9027875327 -5177.43710466298 -22756327.2077019 972106.941997081
150003347.504546 960159704717.858 -637971600565.919 12591.1692006674 -5122.99396013948 -22756327.2079611 986989.136704091
151005414.724226 972546814057.459 -643001248437.51 12509.9181803647 -5069.14108057231 -22756327.2082142 1002067.21967982
152022750.495909 985041981229.088 -648054062221.355 12429.1454828141 -5015.86969319391 -22756327.2084616 1017335.77168312
153055546.995592 997645607623.41 -653129964314.24 12348.8474781557 -4963.1715661216 -22756327.2087032 1032796.49968292
154104002.501045 1010358087706.28 -658228873279.13 12269.0205458223 -4911.03860164312 -22756327.2089393 1048455.50545315
155168317.287019 1023179862374.27 -663350725135.677 12189.6607461376 -4859.46262044624 -22756327.2091699 1064314.78597432
156248687.739057 1036111367295.77 -668495452437.388 12110.7641561225 -4808.43558063216 -22756327.2093952 1080370.45203797
157345322.696518 1049152961782.38 -673662956153.927 12032.3272937089 -4757.94984718323 -22756327.2096153 1096634.95746098
158458425.04622 1062305126154.19 -678853183976.095 11954.3459253012 -4707.99742061042 -22756327.2098304 1113102.34970194
159588198.059985 1075568238754.65 -684066041848.491 11876.8164129827 -4658.57080280154 -22756327.2100406 1129773.01376451
160734849.011332 1088942653524.18 -689301425049.885 11799.7352299215 -4609.66267878638 -22756327.210246 1146650.95134707
161898587.65855 1102428742713.24 -694559234964.121 11723.0987118876 -4561.26575623787 -22756327.2104467 1163738.64721876
163079635.501065 1116026878144.25 -699839371632.948 11646.9031712476 -4513.37283677627 -22756327.2106428 1181047.84251457
164278194.469839 1129737537839.3 -705141774871.905 11571.1443138854 -4465.97645018907 -22756327.2108345 1198558.96877392
165494490.941009 1143560942132.2 -710466283523.892 11495.819250639 -4419.07011071436 -22756327.2110218 1216296.47116975
166728738.278438 1157497564177.25 -715812832869.032 11420.9236773936 -4372.6465508258 -22756327.2112048 1234247.33742937
167981159.715056 1171547696248.79 -721181287247.183 11346.4542543284 -4326.69920409642 -22756327.2113837 1252421.43661822
169251974.280549 1185711712992 -726571541387.333 11272.4071746246 -4281.22131246895 -22756327.2115587 1270814.56549291
170541402.957993 1199989910637.66 -731983458910.577 11198.7790197023 -4236.20645260965 -22756327.2117296 1289428.67744395
171849677.198106 1214382577509.17 -737416899444.792 11125.5663774077 -4191.64829680672 -22756327.2118967 1308274.24011281
173177027.442505 1228890087862.84 -742871753848.262 11052.7653740436 -4147.54032823706 -22756327.21206 1327350.24439905
174523680.90127 1243512772523.89 -748347895164.368 10980.3723416515 -4103.87624706984 -22756327.2122197 1346653.45876478
175889871.311271 1258250895483.27 -753845170189.411 10908.3839186007 -4060.6500261932 -22756327.2123758 1366190.41000132
177275843.880305 1273104761266.18 -759363439729.887 10836.7965157567 -4017.85558704797 -22756327.2125284 1385972.56903391
178681816.443906 1288074766275.6 -764902597208.506 10765.6060891701 -3975.48666606447 -22756327.2126776 1405972.56360113
180108037.800924 1303160979767.78 -770462413817.361 10694.8101238904 -3933.53799188896 -22756327.2128235 1426221.35701778
181554748.848224 1318363773760.31 -776042771631.542 10624.4046367195 -3892.00349966573 -22756327.2129661 1446711.04730061
183022194.191232 1333683402367.95 -781643507839.825 10554.3861813806 -3850.87752376961 -22756327.2131055 1467445.34300758
184510622.306099 1349120126773.11 -787264460971.033 10484.7512544865 -3810.15444278223 -22756327.2132419 1488428.11486729
186020276.983107 1364674216076 -792905471094.048 10415.4962958066 -3769.82867895791 -22756327.2133752 1509654.67700756
187551413.210551 1380345857879.17 -798566347470.224 10346.618082781 -3729.89492578268 -22756327.2135056 1531136.22744412
189104272.285967 1396135323603.16 -804246928441.949 10278.1129967173 -3690.34771972184 -22756327.2136331 1552859.07541583
190679126.518043 1412042710984.59 -809946988682.72 10209.9781440543 -3651.18208697179 -22756327.2137578 1574854.23207631
192276216.275812 1428068402549.93 -815666403681.997 10142.2093844506 -3612.39240703466 -22756327.2138797 1597089.757769
193895805.193194 1444212421345.5 -821404919090.84 10074.8040822622 -3573.97399153422 -22756327.213999 1619588.91738202
195538156.31866 1460474994619.58 -827162352389.454 10007.7587038242 -3535.92170404756 -22756327.2141156 1642351.12546618
197203532.891307 1476856309343.43 -832938505333.337 9941.06986220844 -3498.23055895793 -22756327.2142297 1665376.57264701
198892192.952438 1493356520518.99 -838733167087.525 9874.73427535423 -3460.89569502951 -22756327.2143413 1688660.06113092
200604414.178453 1509975698700.13 -844546096068.476 9808.74896696244 -3423.91248541769 -22756327.2144504 1712221.22601476
202340463.973679 1526714074076.66 -850377105329.329 9743.11029663503 -3387.27599283927 -22756327.2145572 1736049.79522572
204100612.51063 1543571741028.86 -856225959068.02 9677.81513780688 -3350.98162959168 -22756327.2146616 1760148.53695088
205885134.831307 1560548787276.12 -862092418049.828 9612.86035586776 -3315.02486230369 -22756327.2147638 1784522.3206771
207694298.429584 1577645313459.71 -867976246307.566 9548.2427351656 -3279.40117088143 -22756327.2148637 1809163.59827769
209528404.638963 1594861314222.37 -873877170300.236 9483.95942533655 -3244.10629301076 -22756327.2149614 1834106.20937884
211387720.66829 1612197070914.23 -879795013360.291 9420.00647954987 -3209.13542144608 -22756327.2150571 1859316.02932693
213272518.478868 1629652505312.52 -885729474354.149 9356.38126132408 -3174.48452334343 -22756327.2151506 1884797.81057739
215183105.886705 1647227552195.62 -891680255993.723 9293.08103366746 -3140.14956116372 -22756327.2152422 1910587.40783792
217119763.41019 1664922445287.8 -897647160891.208 9230.10195299032 -3106.12595053162 -22756327.2153317 1936657.52348444
219082776.881559 1682737127451.08 -903629891747.174 9167.44119609695 -3072.40971354322 -22756327.2154194 1963013.47136911
221072443.67146 1700671556599.65 -909628155380.104 9105.09584409552 -3038.99686994835 -22756327.2155051 1989666.78990126
223089058.478986 1718725760718.71 -915641680827.259 9043.06269984179 -3005.88334013329 -22756327.215589 2016614.8075257
225132918.872835 1736899707063.95 -921670175481.843 8981.33874553677 -2973.06519009246 -22756327.2156711 2043860.39384859
227204325.709761 1755193352819.33 -927713342124.227 8919.92096345588 -2940.53853399919 -22756327.2157514 2071406.83692626
229303586.032039 1773606648319.59 -933770879962.178 8858.80632527431 -2908.29952782704 -22756327.2158301 2099260.32227854
231430991.76327 1792139561933.37 -939842492724.807 8797.99171143144 -2876.34432642944 -22756327.215907 2127405.73123094
233586859.567575 1810791892437.64 -945927827365.204 8737.47452153091 -2844.66940260547 -22756327.2159823 2155867.80430512
235771500.272144 1829563619837.58 -952026588862.663 8677.25152617148 -2813.27094365496 -22756327.216056 2184640.70456871
237985212.0933 1848454634801.95 -958138451545.223 8617.31975511445 -2782.14531744745 -22756327.2161282 2213711.82115612
240228325.476306 1867464682841.64 -964263041655.882 8557.67665720942 -2751.2891516979 -22756327.2161987 2243113.38300546
242501141.999593 1886593749495.05 -970400061555.091 8498.31888866053 -2720.69870587542 -22756327.2162678 2272816.52328688
244803989.637409 1905841535540.36 -976549120699.69 8439.24395767083 -2690.37072112752 -22756327.2163355 2302847.63781595
247137190.189534 1925207929022.35 -982709887310.601 8380.44875318293 -2660.30166027125 -22756327.2164017 2333200.55212549
249501065.691271 1944692726805.56 -988881998991.52 8321.93040947309 -2630.48815289389 -22756327.2164665 2363875.50173658
251895948.806707 1964295689729.63 -995065080601.939 8263.68612997229 -2600.92690311105 -22756327.2165299 2394883.11543643
254322155.077778 1984016628184.98 -1001258771214.42 8205.71293314631 -2571.6145600759 -22756327.216592 2426206.27107111
256780007.036992 2003855173281.47 -1007462652268.46 8148.00832403855 -2542.54805679942 -22756327.2166528 2457851.95921358
259269856.092142 2023810977219.97 -1013676310925.42 8090.56969497801 -2513.72430481203 -22756327.2167122 2489849.05514979
261792039.897042 2043883887415.35 -1019899393680.96 8033.39383760761 -2485.1399512193 -22756327.2167705 2522183.80490039
264346885.560227 2064073598569.43 -1026131497775.44 7976.47794913832 -2456.79188403437 -22756327.2168275 2554845.66318485
266934735.051578 2084379682365.98 -1032372181214.56 7919.81952904166 -2428.6771766884 -22756327.2168833 2587849.49135096
269555930.611166 2104801790567.59 -1038621025489.32 7863.41580532749 -2400.79280163877 -22756327.216938 2621195.55958802
272210826.38828 2125339537229.29 -1044877599115.91 7807.26406814726 -2373.13579639032 -22756327.2169915 2654895.77711436
274899769.583771 2145992589171.87 -1051141485148.28 7751.36142264706 -2345.70314138769 -22756327.2170439 2688943.19549042
277623107.590813 2166760517865.55 -1057412236077.34 7695.70519266269 -2318.49195821926 -22756327.2170952 2723338.00704268
280381200.128002 2187642856252.27 -1063689391390.96 7640.29275956406 -2291.49942881913 -22756327.2171454 2758092.53718854
283174387.275853 2208639191035.54 -1069972505262.43 7585.12131767082 -2264.72267601814 -22756327.2171946 2793187.14785149
286003000.040871 2229748918906.05 -1076261073602.97 7530.1885140786 -2238.15907359485 -22756327.2172428 2828612.7650178
288867448.984269 2250971331204.86 -1082554560262.63 7475.49220939301 -2211.80612678624 -22756327.2172899 2864448.94339747
291768109.112709 2272306274374.95 -1088852592127.68 7421.02878907599 -2185.66066086254 -22756327.2173361 2900660.12844069
294705265.535473 2293753280636.09 -1095154700372.13 7366.79542005519 -2159.71991097162 -22756327.2173813 2937156.42276363
297679334.919489 2315311180593.57 -1101460209395.38 7312.7909797992 -2133.98195688776 -22756327.2174256 2974069.38401599
300690688.691905 2336979735268.57 -1107768715474.55 7259.01194505547 -2108.44375914758 -22756327.217469 3011353.772416
303739690.319123 2358758327064.33 -1114079701870.75 7205.4557052309 -2083.10274420302 -22756327.2175114 3049001.62721821
306826719.725785 2380646238839.16 -1120392621551.32 7152.11984351825 -2057.9564579114 -22756327.217553 3087029.40666235
309952132.036517 2402642829643.66 -1126706948045.79 7099.00170509238 -2033.00236104333 -22756327.2175937 3125412.31073147
313116335.486276 2424747239902.13 -1133022090748.14 7046.09910947089 -2008.23816379342 -22756327.2176336 3164203.44975955
316319693.670866 2446958943074.31 -1139337552732.79 6993.40902609497 -1983.66120481163 -22756327.2176727 3203358.18458997
319562598.771735 2469277053453.06 -1145652732927.25 6940.92923121795 -1959.26922664546 -22756327.217711 3242905.10086873
322845443.406534 2491700842558.35 -1151967073468.41 6888.65707380605 -1935.05979818273 -22756327.2177485 3282844.63479915
326168611.77625 2514229539451.77 -1158280002643.45 6836.58995256145 -1911.03053759588 -22756327.2177852 3323168.36971588
329532488.040265 2536862270809.62 -1164590918345.37 6784.72544977666 -1887.1791730505 -22756327.2178211 3363876.26401485
332937456.202207 2559598119726.68 -1170899204884.37 6733.06118979897 -1863.50347615337 -22756327.2178564 3404968.16194168
336383931.115429 2582436125176.1 -1177204232969.02 6681.59483770573 -1840.00126070881 -22756327.2178909 3446474.91322208
339872256.310667 2605375487826.45 -1183505416230.89 6630.32363868799 -1816.67017286344 -22756327.2179247 3488325.19523863
343402896.588576 2628414890135.62 -1189802024577.88 6579.24593539722 -1793.50838100795 -22756327.2179578 3530640.27790893
346976208.249009 2651553772048.6 -1196093533600.33 6528.35832892496 -1770.51328614726 -22756327.2179902 3573311.6604323
350592681.564732 2674790811970.64 -1202379209254.71 6477.65904784661 -1747.68304980839 -22756327.218022 3616473.31572326
354252639.595512 2698125512892.37 -1208658538717.79 6427.14446349416 -1725.01501995676 -22756327.2180531 3659958.03078029
357956488.523047 2721556248162.43 -1214930702641.09 6376.81334219638 -1702.50764343639 -22756327.2180836 3703848.92753491
361704668.429195 2745081887528.06 -1221195014748.63 6326.66330005029 -1680.15886996387 -22756327.2181134 3748179.90614833
365497620.408218 2768701467429.23 -1227450831044.2 6276.6915403159 -1657.9664877066 -22756327.2181427 3792951.97902226
369335697.190727 2792413977921.03 -1233697492437.83 6226.89531344103 -1635.92832942307 -22756327.2181713 3838076.78250992
373219359.096055 2816217810520.74 -1239934180587.52 6177.27306098198 -1614.04277547214 -22756327.2181994 3883661.9053276
377148982.451249 2840111981004.46 -1246160239721.97 6127.82185006391 -1592.30761885053 -22756327.2182269 3929623.35519378
381125054.395672 2864094938387.86 -1252374864172.49 6078.53985999977 -1570.72116267187 -22756327.2182539 3976071.94442291
385147987.20873 2888165760306.91 -1258577409402.51 6029.42391153822 -1549.28113488568 -22756327.2182803 4022932.81305775
389218175.782658 2912323015530.24 -1264767096593.04 5980.47180968247 -1527.98571564746 -22756327.2183061 4070188.57392814
393336041.013503 2936565123343.02 -1270943107404.57 5931.681588005 -1506.83320268038 -22756327.2183315 4117865.2308452
397502051.755557 2960890613122.73 -1277104650403.45 5883.05098276447 -1485.82178255556 -22756327.2183563 4166010.74205448
401716628.976106 2985298246168.94 -1283250990608.7 5834.57720048452 -1464.94943277775 -22756327.2183806 4214577.22054864
405980231.999634 3009786449597.94 -1289381306228 5786.25804721855 -1444.21440922112 -22756327.2184045 4263603.02352805
410293270.620287 3034353822879.83 -1295494816556.8 5738.09091809524 -1423.61481012692 -22756327.2184278 4313038.62065333
414656164.051997 3058998628583.56 -1301590654850.7 5690.07379801237 -1403.14900467417 -22756327.2184507 4362893.43170968
419069370.937835 3083719136925.35 -1307667955039.99 5642.2045770473 -1382.8153382118 -22756327.2184731 4413206.88583747
423533391.166211 3108513791406.22 -1313725891759.43 5594.4807343353 -1362.61199916452 -22756327.2184951 4464020.22837664
428048590.751652 3133381209505.82 -1319763678926.21 5546.89934758358 -1342.53702579542 -22756327.2185166 4515199.58544054
432615458.49806 3158319209880.79 -1325780334157.23 5499.45894833832 -1322.58908765036 -22756327.2185377 4566867.74640846
437234441.748366 3183326243481.32 -1331775026597.11 5452.15677984622 -1302.76632785489 -22756327.2185584 4618983.25030635
441905987.298667 3208400476708.93 -1337746854093.36 5404.99055163442 -1283.06710363316 -22756327.2185786 4671545.55030099
446630596.118565 3233540020423.74 -1343694899109.4 5357.95799786514 -1263.48979931022 -22756327.2185985 4724608.81989784
451408647.916076 3258743220665.86 -1349618296954.52 5311.05633563392 -1244.03260162129 -22756327.2186179 4778051.79751035
456240676.065964 3284007722401.57 -1355516015787.57 5264.28400560902 -1224.69422161075 -22756327.218637 4832028.14988881
461127137.296602 3309331932291.31 -1361387199843.58 5217.63795186042 -1205.47276694956 -22756327.2186557 4886461.23063773
466068406.8164 3334713791811.63 -1367230881524.52 5171.11590071838 -1186.36668646407 -22756327.2186739 4941269.5197975
471065030.181701 3360150770079.5 -1373045983166.33 5124.71635296787 -1167.37476137401 -22756327.2186919 4996623.36530164
476117425.94645 3385641161718.87 -1378831614086.7 5078.43621346831 -1148.49513448486 -22756327.2187094 5052395.76474829
481226093.5505 3411182550990.66 -1384586718661.8 5032.27359575314 -1129.72645932596 -22756327.2187267 5108667.60405059
486391496.548093 3436772877592.84 -1390310319323.25 4986.2258796308 -1111.06710598078 -22756327.2187435 5165402.99759295
491614109.739372 3462409841016.01 -1396001381505.55 4940.29079039349 -1092.5156010449 -22756327.2187601 5222613.19127922
496894456.23197 3488091139343.02 -1401658867684.54 4894.46596448831 -1074.07045060864 -22756327.2187763 5280346.49259752
502232911.299452 3513814646217.63 -1407281775535.05 4848.748635654 -1055.73001501157 -22756327.2187921 5338455.06748185
507630046.44656 3539577457565.41 -1412868930098.13 4803.13732523434 -1037.49318610393 -22756327.2188077 5397135.14710775
513086270.830435 3565377562032.16 -1418419348022.58 4757.62887530434 -1019.35819819991 -22756327.2188229 5456224.38387569
518602169.455771 3591212106426.11 -1423931860771.71 4712.22152059212 -1001.32385715773 -22756327.2188378 5515898.62533539
524178148.683807 3617079010701.13 -1429405461905.64 4666.91203812769 -983.388404594558 -22756327.2188525 5575979.22803602
529814729.07964 3642975289551.48 -1434838949097.65 4621.69869507618 -965.550688436063 -22756327.2188668 5636580.39583313
535512378.23503 3668898432800.85 -1440231217688.71 4576.57882402854 -947.809201144128 -22756327.2188809 5697649.15539036
541271615.655059 3694845621780.07 -1445581095074.8 4531.55019329852 -930.16262185592 -22756327.2188946 5759237.42002887
547092934.551048 3720814211563.86 -1450887441145.29 4486.61016515056 -912.609485168971 -22756327.2189081 5821318.89598877
552976785.452965 3746801371632.55 -1456149073756.46 4441.75631858995 -895.148425708576 -22756327.2189214 5883850.90191682
558923753.96616 3772804019407.85 -1461364756684.73 4396.98655860564 -877.778218910901 -22756327.2189343 5946968.51319533
564934232.080172 3798819603102.74 -1466533356297.47 4352.29776711104 -860.497257998343 -22756327.218947 6010478.11401152
571008777.475437 3824844655302.29 -1471653552734.48 4307.68828859651 -843.304516853324 -22756327.2189595 6074545.3952654
577147962.112326 3850876367548.17 -1476724153418.69 4263.1552218334 -826.19850191997 -22756327.2189717 6139184.63688944
583352170.982168 3876911914272.72 -1481743956354.69 4218.69558311281 -809.177704688462 -22756327.2189836 6204208.86984196
589621973.789771 3902947609179.42 -1486711589535.45 4174.30774102316 -792.241148635278 -22756327.2189953 6269802.80760303
595957927.054222 3928980481328.07 -1491625814953.42 4129.98872267412 -775.387357809011 -22756327.2190068 6335953.2644503
602360527.467546 3955007425158.97 -1496485362877.67 4085.73566507134 -758.614914443273 -22756327.219018 6402600.41332385
608830209.157437 3981025014461.48 -1501288898391.65 4041.54612712019 -741.922575805717 -22756327.219029 6469681.68989163
615367553.314912 4007029504155.18 -1506035024400.24 3997.41808182124 -725.309268492474 -22756327.2190398 6537344.15747501
621973098.857799 4033017672267.1 -1510722435349.52 3953.34848531095 -708.773549707846 -22756327.2190504 6605545.54288653
628647412.741623 4058986046788.35 -1515349773957.84 3909.3345875552 -692.31410290108 -22756327.2190608 6674313.88382461
635390920.533099 4084931186200.15 -1519915682223.94 3865.37345324837 -675.929557556557 -22756327.2190709 6743507.79147612
642204249.995296 4110849025265.44 -1524418687363.43 3821.46306723817 -659.618900182037 -22756327.2190809 6813329.46219628
649087806.836205 4136736203353.75 -1528857434337.08 3777.60008114417 -643.380635667515 -22756327.2190906 6883556.84090949
656042297.657135 4162588435373.88 -1533230403293.64 3733.78257088898 -627.21381121439 -22756327.2191002 6954490.82093009
663068123.487635 4188402489415.36 -1537536247044.78 3690.00668211616 -611.116775943203 -22756327.2191096 7025825.83050018
670165910.31143 4214173908844.93 -1541773405908.49 3646.27048825102 -595.088604284648 -22756327.2191187 7097786.82379467
677336202.551202 4239898989648.42 -1545940439393.44 3602.57063464128 -579.127860345515 -22756327.2191277 7170292.23977202
684579489.948649 4265573639630.41 -1550035835523.68 3558.90426959953 -563.23330837599 -22756327.2191365 7243287.39744653
691896481.375434 4291193489915.8 -1554058031991.77 3515.26885386221 -547.403840579121 -22756327.2191452 7316991.42678554
699287563.551297 4316754856605.2 -1558005565958.97 3471.66051806063 -531.637882294802 -22756327.2191536 7391082.17586322
706753359.197532 4342252836571.63 -1561876777462.8 3428.07730495634 -515.93456631151 -22756327.2191619 7465795.64623502
714294507.057809 4367683265826.16 -1565670113859 3384.51582707563 -500.292522931999 -22756327.21917 7541147.86027711
721911471.079251 4393041932203.89 -1569384004608.73 3340.97260125267 -484.710365436153 -22756327.219178 7616964.02144174
729604814.93486 4418323941681.17 -1573016770439.69 3297.44513535695 -469.18707749288 -22756327.2191858 7693343.85560859
737375379.036902 4443524648660.2 -1576566761352.77 3253.93032991562 -453.72143993923 -22756327.2191934 7770564.10204253
745223532.264914 4468640201477.29 -1580032426349.06 3210.42351927243 -438.311695403344 -22756327.2192009 7848153.22801138
753150016.699524 4493665111373.56 -1583411975568.35 3166.92267314419 -422.957038262122 -22756327.2192082 7926484.43461001
761155496.608842 4518594992356.08 -1586703760735.27 3123.42365015305 -407.655931827567 -22756327.2192154 8005479.90931787
769240362.895223 4543425089723.54 -1589906069471.02 3079.92273616239 -392.407009384151 -22756327.2192224 8084866.28638196
777405480.451914 4568149701944.1 -1593017057374.42 3036.41766700322 -377.209428186818 -22756327.2192293 8165117.55669024
785651234.188848 4592764475575.41 -1596035039195.02 2992.90359133633 -362.06145767795 -22756327.2192361 8245753.73693415
793978492.53616 4617263487132.61 -1598958121789.39 2949.37820098304 -346.962271754224 -22756327.2192427 8327258.34731262
802387970.433275 4641642145906.39 -1601784559993.47 2905.83659307656 -331.910160309474 -22756327.2192492 8409477.897114
810880027.489624 4665895263904.47 -1604512518185.52 2862.27467060961 -316.903714279705 -22756327.2192556 8492057.05634928
819455571.74464 4690016518778.5 -1607140020747.5 2818.69013199122 -301.942159826534 -22756327.2192618 8575544.2550161
828115137.189626 4714001037672.65 -1609665237807.74 2775.07780960976 -287.023755748142 -22756327.2192679 8659565.44498585
836859788.034611 4737842756257.92 -1612086193070.63 2731.43442196614 -272.147427712614 -22756327.2192739 8744650.84498527
845689874.541967 4761536929030.39 -1614401024131.19 2687.75398802423 -257.311202083118 -22756327.2192797 8830086.50735614
854606316.801201 4785076722003.14 -1616607641240.94 2644.03407331196 -242.514332398142 -22756327.2192855 8916442.25923342
863609852.216797 4808456705011.35 -1618704072291.8 2600.26935702698 -227.755112409926 -22756327.2192911 9003535.41559587
872701357.959053 4831670801270.25 -1620688260184.77 2556.4553961471 -213.032156090596 -22756327.2192966 9091505.74225689
881881576.331171 4854713135426.09 -1622558140020.5 2512.58703296237 -198.343860095349 -22756327.219302 9180218.3721178
891151410.080429 4877577322678.06 -1624311578144.83 2468.65972719617 -183.688851699357 -22756327.2193073 9269833.74925793
900511606.279888 4900257212086.8 -1625946431697 2424.6681283942 -169.065511390198 -22756327.2193125 9360196.1994593
909963274.663625 4922746096268.42 -1627460487767.96 2380.6075839587 -154.472476336514 -22756327.2193175 9451668.38373663
919507134.44804 4945037954197.39 -1628851546979.91 2336.47169337385 -139.907830582469 -22756327.2193225 9543859.78441452
929144161.89224 4967125641927.5 -1630117302356.33 2292.25584511728 -125.370276400822 -22756327.2193274 9637027.44420053
938875490.064855 4989002431736.52 -1631255439175.01 2247.95417408624 -110.858128685018 -22756327.2193322 9731328.17261481
948702074.830707 5010661731359.54 -1632263606292.4 2203.56005694593 -96.3694839552406 -22756327.2193369 9826584.76585175
958625068.488352 5032096324740.14 -1633139377085.62 2159.06763840118 -81.9027203694203 -22756327.2193415 9922993.65764505
968645634.905867 5053299198067.98 -1633880287100.52 2114.47012048799 -67.455940022644 -22756327.219346 10020566.417515
978764968.322572 5074263109741.27 -1634483809653.79 2069.76060903522 -53.0272474250792 -22756327.2193504 10119333.4167051
988984237.406586 5094980621952.65 -1634947355304.23 2024.93202374667 -38.6147213476584 -22756327.2193547 10219269.0840141
999305057.809584 5115443978997.03 -1635268267854.76 1979.97733912007 -24.216493101308 -22756327.2193589 10320820.4029981
1009728648.83463 5135646023033.48 -1635443830345.51 1934.88751376081 -9.83008693730567 -22756327.2193631 10423591.025047
1020256628.88362 5155578494866.9 -1635471236223.25 1889.65519328869 4.54639279119494 -22756327.2193672 10527980.0489929
1030890454.85354 5175233585493.62 -1635347602230.5 1844.27122349801 18.9153735922653 -22756327.2193712 10633825.9699183
1041632037.10259 5194602831762.25 -1635069957777.49 1798.72708838309 33.279036155421 -22756327.2193751 10741582.2490518
1052482859.83898 5213678225329.33 -1634635226588.25 1753.01226602595 47.6401470296009 -22756327.219379 10850822.7363906
1063444870.3813 5232450600961.64 -1634040247959.92 1707.11798390376 62.0008731917101 -22756327.2193827 10962010.5423138
1074520518.5201 5250911204610.84 -1633281738675.63 1661.03342162162 76.3639736833577 -22756327.2193864 11075648.1388039
1085712006.2093 5269051643024.16 -1632356255319.71 1614.74559000747 90.7328239876665 -22756327.2193901 11191487.6891932
1097021816.5342 5286862582157.37 -1631260236084.07 1568.24248211015 105.110429799787 -22756327.2193936 11309810.324905
1108452664.29563 5304334600227.14 -1629989954306.54 1521.51084364454 119.500117766102 -22756327.2193971 11430847.7614295
1120007097.63657 5321458039126.95 -1628541503678.4 1474.53638648731 133.905461734201 -22756327.2194006 11554433.3409356
1131688668.13966 5338222370140.43 -1626910839306.97 1427.3054148131 148.329779961047 -22756327.2194039 11681570.5030974
1143500721.14981 5354617835774.51 -1625093597797.33 1379.80003621994 162.777591517773 -22756327.2194072 11812053.0101443
1155447423.7964 5370633586144.41 -1623085237460.1 1332.00311966025 177.253090322831 -22756327.2194105 11946702.6465939
1167532946.22685 5386259032124.93 -1620880854106.35 1283.894112482 191.761407708908 -22756327.2194137 12085522.4304444
1179762048.12208 5401482618016.46 -1618475288031.91 1235.45235754073 206.307595246101 -22756327.2194168 12229101.8952376
1192140086.55666 5416292496100.84 -1615862991529.69 1186.65471811735 220.897331161201 -22756327.2194199 12378038.4345802
1204673315.75593 5430676368475.16 -1613037980903.77 1137.47555476451 235.536909388957 -22756327.2194229 12533229.1992657
1217368324.33159 5444621639027.44 -1609993713983.62 1087.88554177273 250.233571117834 -22756327.2194259 12695008.5756564
1230232906.59253 5458114574528.07 -1606723168749.37 1037.85389478723 264.994822227723 -22756327.2194288 12864582.2609485
1243276111.92294 5471141043642.46 -1603218569372.23 987.344916350852 279.829432914565 -22756327.2194317 13043205.3304091
1256508540.38012 5483686214250.41 -1599471275595.22 936.317815784165 294.74745373503 -22756327.2194345 13232428.457176
1269942108.03698 5495734440204.22 -1595471589162.74 884.725556142088 309.76051142909 -22756327.2194372 13433567.6568568
1283591057.24306 5507268598585.09 -1591208702968.71 832.515760050043 324.881498900646 -22756327.21944 13648949.2060804
1297472593.1054 5518270451306.3 -1586670244472.56 779.626757292947 340.125667793497 -22756327.2194426 13881535.8623391
1311607676.02018 5528720388993.7 -1581841854766.71 725.985112712217 355.511261990057 -22756327.2194452 14135082.9147817
1326021551.58722 5538597034919.76 -1576706643355.65 671.502548672837 371.060298741174 -22756327.2194478 14413875.5670468
1340746205.98354 5547876371766.71 -1571244659506.43 616.07386312366 386.799036029909 -22756327.2194503 14724654.3963128
1355823898.31294 5556531692306.96 -1565431522475.14 559.567418595813 402.760507419681 -22756327.2194527 15077692.3294003
1371308321.9754 5564533142058.95 -1559236341347.29 501.81151671446 418.988114010325 -22756327.2194551 15484423.6624646
1387275017.21069 5571844788896.53 -1552620281246.28 442.589809492148 435.536555191298 -22756327.2194574 15966695.2352869
1403833412.6602 5578424501124.01 -1545530761117.09 381.601199209747 452.482525763427 -22756327.2194596 16558395.4495149
1421152823.27184 5584219990673.12 -1537893706206.02 318.413428090561 469.936714036714 -22756327.2194616 17319410.6116353
1439525886.02822 5589162703908.68 -1529597474708.45 252.363011440217 488.069916624635 -22756327.2194634 18373062.7563828
1459548087.70893 5593155850767.14 -1520454410794.82 182.31144865534 507.176955076537 -22756327.2194648 20022201.6807101
1482749731.16929 5596041784341.43 -1510092338672.68 105.955841360542 527.857548150609 -22756327.2194653 23201643.4603548
1506785388.89672 5597473039719.5 -1497568804438.69 17.4014603789869 551.651806767161 -22756327.2194624 24035657.7274309
1526624549.16651 5597066275935.88 -1486423798882.54 -58.4280523262073 571.864739420439 -22756327.2194592 19839160.2697924
1544685344.24736 5595386719397.51 -1475930044336.56 -127.583438011006 590.168364552778 -22756327.2194562 18060795.0808496
1561692302.36078 5592662216482.14 -1465747072803.83 -192.839350455261 607.326096567771 -22756327.2194532 17006958.1134229
1577956351.77065 5589017397906.25 -1455736503999.05 -255.392182981582 623.669506703462 -22756327.2194502 16264049.4098704
1593647950.30862 5584535357662.79 -1445826782594.87 -315.901760021942 639.382687463173 -22756327.2194472 15691598.5379713
1608873963.15581 5579277380710.7 -1435975760760.5 -374.784672404223 654.582566124142 -22756327.2194442 15226012.847188
1623706875.71633 5573291710336.66 -1426156829140.91 -432.325779473228 669.349561552203 -22756327.2194412 14832912.5605214
1638198858.59025 5566617968424.38 -1416352297272.44 -488.731941669804 683.74237819642 -22756327.2194382 14491982.8739186
1652389745.67082 5559289363299.68 -1406549563194.03 -544.162581689319 697.806389985441 -22756327.2194351 14190887.0805659
1666309741.46576 5551335008710.82 -1396740233241.68 -598.739942371891 711.576613637651 -22756327.2194321 13919995.7949435
1679982851.40903 5542780661641.92 -1386918420102.26 -652.562262453563 725.081302563555 -22756327.2194289 13673109.9432655
1693428943.4238 5533649176768.54 -1377079725681.66 -705.711731725068 738.344117475688 -22756327.2194258 13446092.0147704
1706664620.95711 5523961120087.55 -1367220923891.39 -758.257842364219 751.385083540607 -22756327.2194226 13235677.5333163
1719702931.92864 5513735995595.2 -1357340445577.01 -810.256121401985 764.220377640217 -22756327.2194194 13038310.9715287
1732555654.80091 5502991299834.04 -1347436868760.47 -861.757132957857 776.8646359482 -22756327.2194161 12852722.8722709
1745232369.8332 5491743774346.09 -1337509762043.88 -912.802729247448 789.330081520756 -22756327.2194128 12676715.0322848
1757741984.25808 5480008559879.31 -1327558623547.36 -963.432122614257 801.628058512155 -22756327.2194094 12509614.4248831
1770091809.98653 5467800352381.75 -1317583693049.71 -1013.67814183715 813.768152243216 -22756327.2194059 12349825.7284491
1782288300.02136 5455133062531.35 -1307585457701.14 -1063.57015705309 825.758935461092 -22756327.2194024 12196490.034829
1794337325.48388 5442019755674.42 -1297564485436.22 -1113.13519128303 837.608258744764 -22756327.2193989 12049025.462522
1806243964.15582 5428473070752.87 -1287521651059.19 -1162.39703306912 849.323057703036 -22756327.2193953 11906638.6719376
1818012953.13124 5414504891965.19 -1277457803354.27 -1211.37808138747 860.909810923791 -22756327.2193916 11768988.9754165
1829648287.30893 5400126959240.61 -1267374144059.28 -1260.09766217331 872.374155550855 -22756327.2193879 11635334.1776947
1841153669.66859 5385350477964.55 -1257271880280.9 -1308.57387612015 883.721339418148 -22756327.2193841 11505382.3596644
1852532522.1938 5370186190495.16 -1247152238023.22 -1356.82364159755 894.956239996773 -22756327.2193802 11378852.5252007
1863787978.16356 5354644468637.56 -1237016491010.4 -1404.8626554513 906.083363838971 -22756327.2193763 11255455.9697608
1874922901.87434 5338735366649.12 -1226865964087.56 -1452.70546676689 917.106872071894 -22756327.2193723 11134923.7107819
1885939678.9697 5322469011104.61 -1216702247483.82 -1500.36455437653 928.030377435078 -22756327.2193682 11016777.0953647
1896840669.28238 5305855023578.33 -1206526802045.86 -1547.85225842602 938.85739681323 -22756327.219364 10900990.31268
1907628586.03413 5288901930396.93 -1196340604344.62 -1595.18246692767 949.591734262733 -22756327.2193598 10787916.7517433
1918304886.46672 5271619730412.36 -1186145676843.46 -1642.36355496777 960.235883714104 -22756327.2193554 10676300.4325958
1928871796.35215 5254016778165.61 -1175943192555.43 -1689.40724648498 970.793045819998 -22756327.219351 10566909.8854245
1939331116.43429 5236101681808.36 -1165734608498.36 -1736.32338316959 981.265943910818 -22756327.2193465 10459320.0821489
1949684420.83616 5217883055193.2 -1155521494049.93 -1783.12076937284 991.657022718098 -22756327.2193419 10353304.4018683
1959933435.12985 5199368884519.33 -1145305166366.99 -1829.80887561441 1001.96883012541 -22756327.2193373 10249014.2936885
1970079491.8797 5180567519654.42 -1135087236001.04 -1876.3953692643 1012.20347256474 -22756327.2193325 10146056.7498529
1980124078.18203 5161486717484.81 -1124869069360.87 -1922.88859961305 1022.36316748864 -22756327.2193276 10044586.3023214
1990068095.97916 5142135066938.43 -1114652546507.51 -1969.29417193063 1032.44949702045 -22756327.2193227 9944017.79713213
1999913372.81263 5122519083542.1 -1104438517483.19 -2015.6219830239 1042.46494108752 -22756327.2193176 9845276.83347657
2009661137.2195 5102646142362.85 -1094228362240.44 -2061.87914833613 1052.411335943 -22756327.2193124 9747764.406867
2019312065.73404 5082524521189.8 -1084023972320.21 -2108.07011933007 1062.28991558879 -22756327.2193071 9650928.51454017
2028867721.94668 5062160431144.28 -1073826236659.89 -2154.20355451685 1072.10278490252 -22756327.2193018 9555656.21264236
2038328754.59667 5041561779849.29 -1063636948881.05 -2200.28369948263 1081.85107688205 -22756327.2192963 9461032.64998675
2047696336.54242 5020735152765.86 -1053457282551.42 -2246.31730083036 1091.5364289568 -22756327.2192906 9367581.94574843
2056971617.23588 4999686950335.64 -1043288369898.81 -2292.31100047991 1101.16042496003 -22756327.2192849 9275280.69345739
2066155214.08038 4978424585364.94 -1033131869191.77 -2338.26878176326 1110.72406586981 -22756327.2192791 9183596.84450001
2075248079.38952 4956954540712.8 -1022989020071.03 -2384.19625206398 1120.22866900538 -22756327.2192731 9092865.30914827
2084251154.24034 4935283135832.31 -1012861019650.42 -2430.09895325425 1129.67551204359 -22756327.219267 9003074.85081916
2093165527.56329 4913416137666.49 -1002748842876.18 -2475.98318818019 1139.0660021509 -22756327.2192608 8914373.32294607
2101991616.71738 4891360795315.23 -992654177656.902 -2521.85178495281 1148.4008121118 -22756327.2192545 8826089.15408799
2110730489.52654 4869122601432.24 -982577926577.56 -2567.71090432998 1157.68127396833 -22756327.219248 8738872.80916262
2119382875.46774 4846707729280.95 -972521331396.278 -2613.5649445348 1166.90833765122 -22756327.2192414 8652385.94120082
2127949492.92214 4824122241824.07 -962485604663.663 -2659.41821890481 1176.08291580891 -22756327.2192346 8566617.45439725
2136430895.20126 4801372512529.08 -952472113485.158 -2705.27412019863 1185.20571854812 -22756327.2192277 8481402.27911664
2144828103.76528 4778463522795.82 -942481631504.56 -2751.13855476221 1194.2779360499 -22756327.2192207 8397208.56402873
2153141809.91351 4755400989048.22 -932515279019.178 -2797.0156497255 1203.30038247248 -22756327.2192135 8313706.1482268
2161372547.42828 4732190949143.34 -922574329338.329 -2842.90863213851 1212.27367750466 -22756327.2192062 8230737.51477384
2169521151.24254 4708838474957.58 -912659656338.996 -2888.82238389935 1221.19874669787 -22756327.2191987 8148603.81425762
2177588140.68998 4685349414637.18 -902772480302.627 -2934.76000378399 1230.07614962741 -22756327.219191 8066989.44743495
2185574184.9555 4661729079026.24 -892913805878.105 -2980.72540872628 1238.90658830321 -22756327.2191832 7986044.26552271
2193480090.10498 4637982247763.98 -883084432193.913 -3026.72330667052 1247.69089734571 -22756327.2191752 7905905.14948406
2201306505.81461 4614114040133.54 -873285315914.247 -3072.75750949031 1256.42972017706 -22756327.2191671 7826415.70962891
2209053931.38992 4590129933412.02 -863517571029.245 -3118.83092276457 1265.12351219367 -22756327.2191588 7747425.57530835
2216723147.92391 4566034430885.03 -853781925405.906 -3164.94811178098 1273.77302572503 -22756327.2191503 7669216.53399315
2224314644.29399 4541832841111.89 -844079445189.874 -3211.11188878376 1282.37866632015 -22756327.2191416 7591496.37007116
2231829185.67254 4517529494561.8 -834410813947.621 -3257.32673232655 1290.94113429503 -22756327.2191328 7514541.37855437
2239267252.96639 4493129532598.74 -824777049727.78 -3303.5953795356 1299.46078967317 -22756327.2191238 7438067.29384655
2246629323.0718 4468638035337.27 -815179151062.718 -3349.9205015027 1307.93796772764 -22756327.2191145 7362070.10541287
2253916144.78512 4444059086458.41 -805617734311.395 -3396.3064692847 1316.37329947862 -22756327.2191051 7286821.7133227
2261128321.05522 4419397149196.07 -796093576027.965 -3442.75675097728 1324.76723307202 -22756327.2190955 7212176.27009633
2268266448.87684 4394656612849.87 -786607433020.565 -3489.27477741654 1333.12019386077 -22756327.2190857 7138127.82162647
2275330986.73166 4369842263653.2 -777160220807.742 -3535.86306310577 1341.43242824413 -22756327.2190757 7064537.85481299
2282322654.1151 4344957886511.2 -767752480480.474 -3582.52583588146 1349.70447354534 -22756327.2190655 6991667.38344443
2289241904.28172 4320008118355.44 -758385084247.341 -3629.26556080661 1357.9365379129 -22756327.219055 6919250.16661815
2296089314.18371 4294997077592.04 -749058714038.062 -3676.08551640674 1366.12895969887 -22756327.2190444 6847409.90199388
2302865456.95306 4269928810587.48 -739774031995.017 -3722.98895954917 1374.2820580604 -22756327.2190335 6776142.76934257
2309571024.62686 4244806830508.29 -730531511301.204 -3769.97999160227 1382.39628210473 -22756327.2190224 6705567.67380783
2316206392.58129 4219635752497.1 -721332037338.874 -3817.06050358251 1390.47168375367 -22756327.219011 6635367.95442744
2322772181.72327 4194419196364.24 -712176134538.744 -3864.23410252211 1398.50859710888 -22756327.2189994 6565789.14197823
2329268944.23473 4169160958476.91 -703064398787.507 -3911.50392244999 1406.50725935067 -22756327.2189876 6496762.51145572
2335697169.14989 4143865006401.56 -693997492584.547 -3958.87263691622 1414.46781551367 -22756327.2189755 6428224.91516247
2342057458.98893 4118534786719.28 -684975896577.496 -4006.34375783135 1422.39053711904 -22756327.2189632 6360289.83903936
2348350353.93205 4093173911333.77 -676000156812.287 -4053.92035402538 1430.27560561797 -22756327.2189506 6292894.94312488
2354576330.35156 4067786178728.46 -667070889570.628 -4101.60501218589 1438.12310849675 -22756327.2189377 6225976.41951053
2360735918.9069 4042375099603.35 -658188613354.074 -4149.40072900805 1445.933187288 -22756327.2189246 6159588.55534104
2366829646.90147 4016944126275.07 -649353830789.908 -4197.31048404292 1453.70596606973 -22756327.2189112 6093727.99456897
2372858151.16961 3991496174611.92 -640566864016.543 -4245.3381453185 1461.44169683704 -22756327.2188975 6028504.26813395
2378821891.10675 3966034830117.95 -631828272292.213 -4293.48619801546 1469.14039237931 -22756327.2188836 5963739.93713974
2384721270.08673 3940563863786.5 -623138679743.559 -4341.75665158691 1476.80197776383 -22756327.2188693 5899378.97998484
2390556964.37138 3915085802078.42 -614498289448.326 -4390.15375535316 1484.42671930748 -22756327.2188548 5835694.2846502
2396329424.48023 3889604074409.41 -605907617208.906 -4438.67993359357 1492.01457809166 -22756327.2188399 5772460.10885258
2402039151.45033 3864121828461.69 -597367086063.987 -4487.33803005079 1499.56556763358 -22756327.2188247 5709726.97009919
2407686695.55873 3838641923988.96 -588877026486.001 -4536.13132748012 1507.0797543345 -22756327.2188093 5647544.10840198
2413272550.50199 3813167406209.79 -580437834995.3 -4585.06264592188 1514.55711753398 -22756327.2187934 5585854.94325762
2418797205.03955 3787701280524.14 -572049897861.32 -4634.13477270537 1521.99761711696 -22756327.2187773 5524654.53755362
2424261196.45526 3762246263563.1 -563713509693.208 -4683.3509460686 1529.40126609118 -22756327.2187608 5463991.41571382
2429664955.45494 3736805505469.19 -555429110174.875 -4732.71346125661 1536.76792062109 -22756327.218744 5403758.99967565
2435009060.4091 3711381400543.41 -547196895574.865 -4782.22597589463 1544.09762548652 -22756327.2187268 5344104.95416894
2440293983.8899 3685976775531.93 -539017206718.453 -4831.89121026584 1551.39026951862 -22756327.2187093 5284923.48079686
2445520244.03409 3660594177073.91 -530890297091.537 -4881.71233267265 1558.64579205435 -22756327.2186913 5226260.14418595
2450688258.75956 3635236579421.45 -522816559617.468 -4931.69157273664 1565.86398070561 -22756327.2186731 5168014.72547471
2455798586.01159 3609906212754.08 -514796152494.932 -4981.83252747471 1573.04480580749 -22756327.2186544 5110327.25202351
2460851683.78348 3584605735767.12 -506829373525.889 -5032.13785650369 1580.18808615291 -22756327.2186353 5053097.77188954
2465848006.96417 3559337768608.54 -498916510107.248 -5082.61019791638 1587.29362296389 -22756327.2186159 4996323.18069327
2470788098.5416 3534104425593.85 -491057694054.86 -5133.25310931837 1594.36133068476 -22756327.218596 4940091.57743055
2475672450.46127 3508908014228.25 -483253121448.02 -5184.06967876618 1601.39103994453 -22756327.2185757 4884351.91967072
2480501505.13925 3483751040215.98 -475503052132.269 -5235.06250502315 1608.38249761993 -22756327.218555 4829054.67797581
2485275746.564 3458635738533.28 -467807664411.157 -5286.23464448431 1615.33549781733 -22756327.2185338 4774241.424754
2489995654.30247 3433564308308.55 -460167128330.955 -5337.58914232783 1622.24981610621 -22756327.2185122 4719907.73847231
2494661660.10965 3408539147764.02 -452581676642.942 -5389.12854869987 1629.12514522959 -22756327.2184902 4666005.80718203
2499274321.27859 3383561923365.57 -445051322961.617 -5440.8568396189 1635.96135072891 -22756327.2184677 4612661.16893817
2503834018.84682 3358635194948.17 -437576353369.135 -5492.77606459543 1642.75802517188 -22756327.2184447 4559697.56823203
2508341257.98298 3333760795803.77 -430156837022.315 -5544.88969594521 1649.51493222731 -22756327.2184212 4507239.13615551
2512796497.02824 3308940757200.97 -422792905203.164 -5597.20071793606 1656.23175347634 -22756327.2183972 4455239.04526393
2517200230.98963 3284176848804.39 -415484614160.607 -5649.71259111034 1662.90821334146 -22756327.2183728 4403733.96138932
2521552828.61322 3259471498002.26 -408232216006.992 -5702.4273008424 1669.54383153338 -22756327.2183478 4352597.62359088
2525854856.49996 3234825957738.54 -401035619731.35 -5755.34925853504 1676.13841591786 -22756327.2183222 4302027.88673242
2530106715.63197 3210242365249.43 -393894996390.049 -5808.48091746727 1682.69150902711 -22756327.2182962 4251859.13201128
2534308804.88454 3185722827395.82 -386810508433.989 -5861.82470634859 1689.20263515815 -22756327.2182696 4202089.252574
2538461635.9047 3161268741647.97 -379782115050.049 -5915.38452147565 1695.67147967712 -22756327.2182424 4152831.02015394
2542565676.02736 3136881703384.29 -372809835976.764 -5969.16377046817 1702.09764695084 -22756327.2182146 4104040.12266506
2546621312.25999 3112563734483.15 -365893814564.315 -6023.16484741093 1708.48060162173 -22756327.2181863 4055636.23262994
2550629003.67723 3088316378720.98 -359034059085.628 -6077.39112819189 1714.81990698955 -22756327.2181574 4007691.41723496
2554589241.13353 3064140929133.63 -352230509865.379 -6131.84649279361 1721.11516358059 -22756327.2181278 3960237.45630343
2558502436.74447 3040039102823.06 -345483229281.974 -6186.53380830896 1727.36583328389 -22756327.2180976 3913195.61094026
2562368963.62454 3016012814235.55 -338792335424.981 -6241.45541261275 1733.57130013457 -22756327.2180668 3866526.88006962
2566189333.94319 2992063064614.17 -332157693593.312 -6296.61566252355 1739.73115653078 -22756327.2180353 3820370.31865444
2569963948.01023 2968191497220.54 -325579350150.294 -6352.01738890781 1745.84480091105 -22756327.2180032 3774614.06704069
2573693237.33824 2944399511337.36 -319057285395.71 -6407.6639187725 1751.91166677498 -22756327.2179703 3729289.32800368
2577377662.93575 2920688264412.87 -312591415686.257 -6463.55909056305 1757.93122085554 -22756327.2179368 3684425.59750945
2581017612.91939 2897059331060.44 -306181773230.539 -6519.70570341701 1763.90279561511 -22756327.2179026 3639949.98364177
2584613472.2409 2873514264732.98 -299828384930.62 -6576.1065300672 1769.82570170788 -22756327.2178676 3595859.32150621
2588165721.12687 2850053945513.33 -293531097727.495 -6632.76589797643 1775.69939084008 -22756327.2178319 3552248.88597111
2591674735.9588 2826679884866.27 -287289930613.468 -6689.68656430853 1781.52312745211 -22756327.2177954 3509014.83193373
2595140922.12968 2803393358516.96 -281104840273.2 -6746.87178885217 1787.29620701768 -22756327.2177581 3466186.1708779
2598564744.07385 2780195193595.88 -274975666454.796 -6804.3258854747 1793.01800698153 -22756327.21772 3423821.94417549
2601946566.18473 2757086842950.19 -268902416495.4 -6862.05157315484 1798.68772096341 -22756327.2176811 3381822.11087806
2605286811.6429 2734069314601.73 -262884981647.653 -6920.05261621929 1804.30462335995 -22756327.2176414 3340245.45816972
2608585868.08688 2711143812682.52 -256923306206.674 -6978.33223458331 1809.86791127455 -22756327.2176008 3299056.44397525
2611844149.30593 2688311313343.4 -251017276563.703 -7036.89417248575 1815.37680785999 -22756327.2175593 3258281.21905049
2615062064.13262 2665572777503.34 -245166777185.938 -7095.74216963793 1820.83050980336 -22756327.217517 3217914.82669277
2618240045.77484 2642928942072.09 -239371637249.801 -7154.88050925918 1826.22823674965 -22756327.2174737 3177981.64221519
2621378434.75682 2620381156829.77 -233631844456.015 -7214.31182766045 1831.56903192302 -22756327.2174295 3138388.9819827
2624477597.61523 2597930548241.63 -227947329530.18 -7274.03927243653 1836.85196287726 -22756327.2173844 3099162.85840907
2627537953.67335 2575577815083.4 -222317916249.591 -7334.06707837014 1842.07616738275 -22756327.2173382 3060356.05812086
2630559916.54578 2553323644762.23 -216743428176.872 -7394.39948567214 1847.24075360214 -22756327.2172911 3021962.87243435
2633543866.77158 2531168918600.38 -211223739572.777 -7455.04017592089 1852.34475268555 -22756327.2172429 2983950.22579899
2636490153.28241 2509114710413.16 -205758773575.428 -7515.99224895476 1857.38712060989 -22756327.2171937 2946286.51083333
2639399148.46354 2487161878600.68 -200348400496.772 -7577.25933837987 1862.36683199188 -22756327.2171435 2908995.18112918
2642271273.23213 2465310867063.33 -194992390451.936 -7638.84620218636 1867.28292268044 -22756327.2170921 2872124.76858181
2645106889.95165 2443562514437.83 -189690612710.398 -7700.75646413722 1872.13430591321 -22756327.2170396 2835616.71952663
2647906356.87593 2421917649116.4 -184442934992.97 -7762.99372663276 1876.91986506538 -22756327.216986 2799466.9242806
2650670028.0453 2400377090967.01 -179249223810.126 -7825.56156462302 1881.63845307503 -22756327.2169312 2763671.16936256
2653398303.66827 2378941254846.8 -174109249569.981 -7888.46469367466 1886.28897785491 -22756327.2168752 2728275.62297356
2656091503.70691 2357611140838.79 -169022924597.172 -7951.70607810486 1890.87018615767 -22756327.216818 2693200.03864398
2658750018.55223 2336387151508.32 -163990019431.843 -8015.29040074543 1895.38091990368 -22756327.2167595 2658514.84531407
2661374232.71498 2315269685621.27 -159010306261.486 -8079.2223469952 1899.81998510765 -22756327.2166998 2624214.16274932
2663964477.42879 2294259525465.36 -154083649375.151 -8143.50541323676 1904.18607145089 -22756327.2166387 2590244.7138154
2666521103.77875 2273357253277.16 -149209866813.919 -8208.14365679477 1908.47787582542 -22756327.2165763 2556626.34995723
2669044481.40447 2252563255153.14 -144388732466.706 -8273.14171394035 1912.69409888657 -22756327.2165125 2523377.62571781
2671534951.68001 2231878104943.71 -139620065482.808 -8338.50361156058 1916.83336590171 -22756327.2164472 2490470.27554477
2673992828.89571 2211302563076.07 -134903728642.362 -8404.23273682957 1920.89422922504 -22756327.2163806 2457877.21570076
2676418479.74454 2190836911783.99 -130239475940.791 -8470.33396034611 1924.87529914395 -22756327.2163125 2425650.84882863
2678812254.2249 2170481527202.24 -125627084866.596 -8536.81184016763 1928.77512799567 -22756327.2162429 2393774.48036047
2681174497.23037 2150236784664.24 -121066334392.952 -8603.67091796485 1932.59222886795 -22756327.2161717 2362243.00547049
2683505527.30506 2130103244107.6 -116557046269.624 -8670.91509467902 1936.32504114856 -22756327.2160989 2331030.07469002
2685805690.63634 2110081186649.76 -112098980817.391 -8738.5491675536 1939.97201686426 -22756327.2160246 2300163.33128092
2688075307.31155 2090171078051.55 -107691940925.759 -8806.5772887047 1943.53153370921 -22756327.2159485 2269616.67520426
2690314723.90777 2070373110360.49 -103335670177.836 -8875.0045201875 1947.00197740197 -22756327.2158708 2239416.59622225
2692524251.15696 2050687749845.02 -99029974023.2647 -8943.83495954951 1950.3816433885 -22756327.2157914 2209527.24918912
2694704215.64137 2031115282884.63 -94774619442.0135 -9013.07329784234 1953.66881690595 -22756327.2157101 2179964.48441479
2696854939.09977 2011655997953.2 -90569375226.2395 -9082.72419897731 1956.86173976354 -22756327.215627 2150723.45839784
2698976748.14482 1992310097842.03 -86413993066.9851 -9152.79261696984 1959.95862385216 -22756327.2155421 2121809.04504664
2701069954.6777 1973077878056.37 -82308245981.9882 -9223.28315462199 1962.9576215077 -22756327.2154553 2093206.53288529
2703134884.92475 1953959461596.93 -78251871510.5307 -9294.20103086035 1965.85686666571 -22756327.2153665 2064930.24704732
2705171831.85387 1934955238980.35 -74244665240.3528 -9365.55045522202 1968.65440683464 -22756327.2152757 2036946.92911738
2707181121.1286 1916065257153.8 -70286351306.6811 -9437.33690109152 1971.34829444552 -22756327.2151829 2009289.27473217
2709163054.7754 1897289742925.34 -66376693204.2849 -9509.56515690097 1973.9365074826 -22756327.2150879 1981933.64680147
2711117930.20024 1878628928710.4 -62515456571.5119 -9582.23996482547 1976.41697598816 -22756327.2149908 1954875.42484241
2713046049.13133 1860082967344.97 -58702391602.9568 -9655.36635471614 1978.7875924616 -22756327.2148915 1928118.93108974
2714947717.14997 1841651934535.08 -54937233981.6633 -9728.9496511921 1981.0462090445 -22756327.21479 1901668.01864264
2716823234.72862 1823335914725.26 -51219722670.7829 -9802.99514156426 1983.19062505037 -22756327.2146861 1875517.57864679
2718672888.90824 1805135084616.56 -47549616555.3248 -9877.50772774013 1985.21857750293 -22756327.2145799 1849654.17961695
2720496978.8648 1787049463168.03 -43926643832.0031 -9952.49294308506 1987.12776889956 -22756327.2144713 1824089.95655747
2722295782.19543 1769079244563.45 -40350569007.8121 -10027.9555845362 1988.91582982546 -22756327.2143602 1798803.33063435
2724069604.59151 1751224303905 -36821094272.8534 -10103.9017791779 1990.58036829912 -22756327.2142465 1773822.39607684
2725818722.0445 1733484774320.62 -33337974465.4124 -10180.3365668653 1992.11891075056 -22756327.2141302 1749117.45299453
2727543414.02553 1715860717384.34 -29900951224.8231 -10257.2652745765 1993.52893502708 -22756327.2140113 1724691.9810309
2729243963.04604 1698352125768 -26509753899.3967 -10334.6935220681 1994.80786722631 -22756327.2138897 1700549.02051062
2730920646.63516 1680959005019.83 -23164115603.8933 -10412.626870688 1995.95307348977 -22756327.2137652 1676683.58912161
2732573745.00199 1663681294528.97 -19863758013.5807 -10491.0711786801 1996.96186404741 -22756327.2136378 1653098.36682455
2734203533.21994 1646518948484.54 -16608407034.497 -10570.032244121 1997.83148612566 -22756327.2135076 1629788.21795275
2735810274.08653 1629472013333.03 -13397807168.0412 -10649.5154349985 1998.55912067906 -22756327.2133743 1606740.86659063
2737394254.73772 1612540239221.47 -10231648422.3377 -10729.5275064085 1999.1418971638 -22756327.2132379 1583980.6511922
2738955720.94182 1595723779920.28 -7109697703.08534 -10810.0733180115 1999.57686505459 -22756327.2130983 1561466.20409576
2740494942.67632 1579022494677.28 -4031667827.8504 -10891.1591137088 1999.86101930672 -22756327.2129555 1539221.73450397
2742012184.685 1562436260906 -997276438.174148 -10972.7910661862 1999.99128545962 -22756327.2128094 1517242.00867888
2743507706.64074 1545964973887.29 1993754243.1032 -11054.9752707359 1999.96451942823 -22756327.2126599 1495521.95573391
2744981763.3036 1529608546470.41 4941697652.18005 -11137.7177387294 1999.77750736623 -22756327.2125068 1474056.66286166
2746434611.24878 1513366835001.27 7846836267.56887 -11221.0247717574 1999.42696363234 -22756327.2123502 1452847.94518278
2747866502.04915 1497239715020.09 10709447903.7815 -11304.90258308 1998.90952972472 -22756327.21219 1431890.80036479
2749277688.82047 1481227008189.5 13529818725.2316 -11389.3576766886 1998.22177072113 -22756327.212026 1411186.77132267
2750668425.85715 1465328485193.46 16308242433.2161 -11474.3968496127 1997.36017137616 -22756327.2118581 1390737.03667777
2752038943.60194 1449544153932.9 19044970204.6854 -11560.0256351903 1996.32115259674 -22756327.2116862 1370517.74479072
2753389499.02615 1433873682394.67 21740311256.9629 -11646.2514074286 1995.10103606535 -22756327.2115103 1350555.42420903
2754720319.33553 1418317047090.59 24394520371.9067 -11733.079866554 1993.69608500258 -22756327.2113303 1330820.3093874
2756031657.3194 1402873891092.84 27007908283.5559 -11820.5185747471 1992.10245205924 -22756327.2111459 1311337.98386681
2757323748.31614 1387544024691.57 29580755737.5794 -11908.5741929227 1990.31621799313 -22756327.2109572 1292090.99674519
2758596822.85364 1372327280751.36 32113338682.768 -11997.2532595243 1988.33338154349 -22756327.2107641 1273074.53749318
2759851118.12732 1357223377489 34605951034.1001 -12086.5629956976 1986.14983901495 -22756327.2105663 1254295.2736814
2761086866.04494 1342232060423.03 37058880794.13 -12176.5104946835 1983.76139827612 -22756327.2103638 1235747.91761717
2762304293.52834 1327353100382.78 39472410617.3821 -12267.102720605 1981.16377885817 -22756327.2101564 1217427.48339868
2763503622.67998 1312586293058.4 41846818112.4798 -12358.3464979258 1978.35261237299 -22756327.2099441 1199329.15164176
2764685081.56741 1297931326295.53 44182397125.1113 -12450.2493359143 1975.32341465113 -22756327.2097267 1181458.88742969
2765848887.85547 1283387981997.47 46479425274.3279 -12542.8181820567 1972.0716221335 -22756327.2095041 1163806.28806688
2766995264.87279 1268955937267.12 48738195653.9625 -12636.0606698392 1968.59254866228 -22756327.2092762 1146377.0173199
2768124430.71105 1254634899875.28 50958995218.3584 -12729.9842721679 1964.88141091616 -22756327.2090427 1129165.83825553
2769236603.54862 1240424541771.94 53142115214.8274 -12824.5967307541 1960.93331028639 -22756327.2088037 1112172.83756696
2770331996.41221 1226324566050.42 55287840827.1484 -12919.9056164248 1956.74324816993 -22756327.2085589 1095392.8635946
2771410822.25639 1212334642614.97 57396461094.974 -13015.9187563602 1952.30610608204 -22756327.2083081 1078825.84418252
2772473288.97819 1198454472915.51 59468259100.1008 -13112.6437950666 1947.61666293098 -22756327.2080512 1062466.72179404
2773519604.34453 1184683726631.69 61503521551.3827 -13210.0886271328 1942.66957298023 -22756327.2077881 1046315.36634083
2774549975.75176 1171022044269.04 63502538215.5876 -13308.2613936371 1937.45936148494 -22756327.2075186 1030371.407233
2775564600.96942 1157469160757.7 65465583931.4146 -13407.1695877357 1931.98047066263 -22756327.2072425 1014625.21765478
2776563682.25303 1144024718931.11 67392945951.2786 -13506.821392193 1926.22718668881 -22756327.2069596 999081.283617825
2777547425.61887 1130688276499.55 69284922312.8958 -13607.2256769809 1920.19362994071 -22756327.2066699 983743.365836158
2778516022.89727 1117459549473.35 71141787252.7523 -13708.3901724267 1913.87386119719 -22756327.2063731 968597.278395568
2779469674.25977 1104338107545.9 72963834501.3196 -13810.3237577139 1907.26174207632 -22756327.2060689 953651.362501487
2780408570.32554 1091323618115.81 74751342885.5842 -13913.0346073287 1900.35104616901 -22756327.2057573 938896.065772608
2781332903.22795 1078415695384.87 76504597486.4086 -14016.5313481827 1893.13538341056 -22756327.205438 924332.902406445
2782242862.1677 1065613961689.2 78223881079.8366 -14120.8225876535 1885.60822708769 -22756327.2051108 909958.939752696
2783138637.27544 1052917993390.09 79909481375.8562 -14225.917358052 1877.76287815466 -22756327.2047755 895775.107741377
2784020413.55068 1040327406552.47 81561679520.5903 -14331.8244191768 1869.59251235141 -22756327.204432 881776.275240059
2784888375.08324 1027841798011.47 83180758031.3901 -14438.5527379004 1861.09014246433 -22756327.2040799 867961.532558876
2785742702.90276 1015460776447.4 84766996722.8249 -14546.1112274359 1852.24863508872 -22756327.203719 854327.819518248
2786583582.34987 1003183855318.12 86320686296.4298 -14654.5096901965 1843.06062773006 -22756327.2033491 840879.44711395
2787411186.04196 991010701296.931 87842096768.0909 -14763.7566374635 1833.51870804237 -22756327.2029701 827603.692092468
2788225694.93477 978940827258.256 89331516347.6791 -14873.8619991464 1823.61518068128 -22756327.2025815 814508.892806528
2789027282.72029 966973820786.215 90789222597.3391 -14984.8351002867 1813.34223606663 -22756327.2021832 801587.785518996
2789816120.03864 955109283902.476 92215490249.7631 -15096.6851761815 1802.69190579306 -22756327.2017749 788837.318349157
2790592381.25318 943346731037.27 93610603372.0706 -15209.4223448513 1791.65596451063 -22756327.2013564 776261.214544431
2791356233.86807 931685748375.909 94974836173.3802 -15323.0561095018 1780.22606777286 -22756327.2009273 763852.614887767
2792107847.12428 920125864339.94 96308468447.1618 -15437.5965933057 1768.39362804736 -22756327.2004875 751613.256205634
2792847383.61594 908666678275.411 97611770595.2427 -15553.0532781402 1756.14993860447 -22756327.2000365 739536.491667461
2793575009.29516 897307706817.466 98885021328.321 -15669.4365302953 1743.48601100772 -22756327.1995741 727625.679213075
2794290888.09106 886048466176.999 100128497989.794 -15786.7568052107 1730.39264938416 -22756327.1991 715878.795901294
2794995177.18238 874888547787.946 101342468406.655 -15905.0238389017 1716.8605393264 -22756327.1986138 704289.091326223
2795688038.35246 863827439637.662 102527210526.405 -16024.2485208271 1702.88003226829 -22756327.1981153 692861.170076965
2796369628.12547 852864682052.631 103682995279.325 -16144.4412644723 1688.44132345745 -22756327.197604 681589.773011792
2797040100.9617 841999818158.21 104810092135.374 -16265.6125150005 1673.53439179296 -22756327.1970798 670472.836231405
2797699612.35931 831232343587.497 105908774237.554 -16387.7733202271 1658.14892275478 -22756327.1965421 659511.397603609
2798348313.94098 820561786247.713 106979310081.238 -16510.9344471453 1642.27441070198 -22756327.1959907 648701.581668895
2798986353.93526 809987699972.912 108021964428.768 -16635.1064241292 1625.90015321795 -22756327.1954251 638039.994287099
2799613883.99365 799509551666.914 109037009387.728 -16760.3008725902 1609.01506884918 -22756327.1948448 627530.0583845
2800231049.1552 789126887896.112 110024707970.145 -16886.5285529452 1591.60794861257 -22756327.1942498 617165.161557789
2800837996.36529 778839193399.897 110985327891.39 -17013.8010450936 1573.66722505037 -22756327.1936394 606947.2100858
2801434868.71097 768645987972.992 111919132252.926 -17142.1295832562 1555.18112458219 -22756327.1930133 596872.34568115
2802021809.44196 758546758764.406 112826385888.336 -17271.5258913705 1536.13754372183 -22756327.1923709 586940.730985971
2802598958.05966 748541027502.805 113707349227.92 -17402.0013342909 1516.52416529628 -22756327.1917118 577148.617697935
2803166453.04798 738628304334.726 114562282562.065 -17533.5674948127 1496.32836943655 -22756327.1910356 567494.988319591
2803724433.94956 728808051096.152 115391449019.022 -17666.2366858762 1475.53714368684 -22756327.1903418 557980.901587752
2804273036.21676 719079771526.402 116195106766.656 -17800.0207561156 1454.1372586264 -22756327.1896299 548602.267196213
2804812393.98185 709442963581.678 116973513213.536 -17934.9317115442 1432.11516713491 -22756327.1888995 539357.765094308
2805342639.94541 699897121617.389 117726924797.101 -18070.9816897947 1409.45700022704 -22756327.18815 530245.963559851
2805863906.26423 690441720465.552 118455598173.075 -18208.1831963646 1386.14851821382 -22756327.1873808 521266.318817686
2806376321.30144 681076274696.396 119159785641.895 -18346.5482456503 1362.1752484328 -22756327.1865915 512415.037212437
2806880013.97039 671800260213.422 119839741204.893 -18486.0894965511 1337.52228447186 -22756327.1857814 503692.668949027
2807375112.45062 662613137058.755 120495718600.847 -18626.8199507712 1312.17432323977 -22756327.1849501 495098.480223728
2807861740.82746 653514412254.871 121127966853.701 -18768.751985303 1286.11583124155 -22756327.1840968 486628.376844332
2808340023.56881 644503557312.3 121736736223.772 -18911.898606899 1259.33081128757 -22756327.1832209 478282.741349137
2808810082.21162 635580070367.843 122322273854.665 -19056.2724871922 1231.80296957084 -22756327.1823219 470058.642813968
2809272039.40403 626743399951.79 122884828816.879 -19201.8871894034 1203.51547337197 -22756327.1813991 461957.192406321
2809726013.57101 617993046651.225 123424645453.888 -19348.7555202464 1174.45125601201 -22756327.1804518 453974.166983696
2810172123.19211 609328482070.902 123941968658.124 -19496.8908466187 1144.59275445941 -22756327.1794794 446109.621093716
2810610486.30242 600749157865.042 124437043074.935 -19646.3069805309 1113.92191423961 -22756327.178481 438363.110308567
2811041217.7537 592254559545.096 124910109960.985 -19797.0172471965 1082.42036862011 -22756327.1774561 430731.451282703
2811464431.17383 583844169047.462 125361409498.21 -19949.0351110601 1050.06930403197 -22756327.1764039 423213.420135567
2811880238.90544 575517466166.279 125791180687.864 -20102.3741529047 1016.8494528616 -22756327.1753234 415807.73160701
2812288752.68648 567273915018.893 126199661987.137 -20257.0483276628 982.741023937002 -22756327.174214 408513.781034602
2812690082.67355 559112983711.875 126587090233.925 -20413.0716107549 947.723764965227 -22756327.1730749 401329.987070194
2813084338.24935 551034128222.866 126953701401.438 -20570.4583065489 911.776880293365 -22756327.1719052 394255.575804541
2813471626.60656 543036821619.723 127299729234.765 -20729.2224839144 874.879145469335 -22756327.170704 387288.357211135
2813852052.84693 535120552985.836 127625405472.138 -20889.3779647046 837.008903136307 -22756327.1694704 380426.240369048
2814225722.89463 527284767034.387 127930962304.842 -21050.9395471193 798.143759375959 -22756327.1682036 373670.047698008
2814592739.05014 519528957022.366 128216628574.574 -21213.9211195175 758.261016619498 -22756327.1669026 367016.155510166
2814953204.66313 511852567065.848 128482633574.272 -21378.3376734705 717.337174420638 -22756327.1655664 360465.612995116
2815307219.73933 504255085184.948 128729203588.84 -21544.2033510857 675.348391261829 -22756327.1641939 354015.076194155
2815654884.68297 496735964080.911 128956564681.02 -21711.5331311414 632.27005102699 -22756327.1627844 347664.943638382
2815996297.39106 489294683643.904 129164940612.641 -21880.3414700671 588.077089246301 -22756327.1613365 341412.708094488
2816331555.82745 481930695569.004 129354554505.862 -22050.643533408 542.743658953103 -22756327.1598491 335258.436392684
2816660755.28704 474643483354.385 129525627176.381 -22222.453827812 496.243472672117 -22756327.1583214 329199.459582115
2816983991.05501 467432504298.661 129678378649.902 -22395.787533509 448.549431297993 -22756327.1567519 323235.767971325
2817301356.13637 460297240019.031 129813026957.621 -22570.6593118086 399.633928293342 -22756327.1551397 317365.08135919
2817612943.57416 453237144974.027 129929789200.175 -22747.084542793 349.468489286983 -22756327.1534834 311587.437790314
2817918843.95905 446251702784.386 130028880486.975 -22925.0779387798 298.024141130385 -22756327.1517819 305900.384896602
2818219148.0822 439340366385.126 130110514905.242 -23104.655038449 245.270966181628 -22756327.1500336 300304.123146006
2818513944.72687 432502608530.545 130174904727.662 -23285.8309295951 191.178447276636 -22756327.1482375 294796.644669525
2818803321.74912 425737897510.221 130222260777.393 -23468.6208569506 135.715272060064 -22756327.146392 289377.02224786
2819087365.10243 419045720330.332 130252792283.578 -23653.0395844533 78.8495059950661 -22756327.144496 284043.353317239
2819366160.85564 412425535632.545 130266707138.892 -23839.1026753472 20.5481778183074 -22756327.1425477 278795.753201658
2819639793.74913 405876807540.876 130264211590.075 -24026.8255857225 -39.2224727655762 -22756327.1405456 273632.893496684
2819908346.59554 399399020681.786 130245510350.999 -24216.2232014437 -100.49686569284 -22756327.1384884 268552.846404046
2820171901.8733 392991642380.916 130210806592.242 -24407.3109116083 -163.310446636732 -22756327.1363745 263555.277763416
2820430540.8036 386654144959.831 130160301911.533 -24600.1039683257 -227.699510825408 -22756327.1342023 258638.930305067
2820684343.41063 380386004718.485 130094196367.277 -24794.6174976885 -293.701230601556 -22756327.13197 253802.607026585
2820933388.92452 374186692297.138 130012688372.316 -24990.8667889573 -361.353781050604 -22756327.129676 249045.513892738
2821177755.42539 368055681690.655 129915974754.504 -25188.8670115037 -430.696274342319 -22756327.1273183 244366.500869374
2821417519.52244 361992458801.072 129804250949.114 -25388.632912325 -501.768679108888 -22756327.1248956 239764.097047673
2821652757.22613 355996499860.888 129677710653.038 -25590.1795008995 -574.612090429329 -22756327.1224056 235237.703692139
2821883543.65866 350067278778.899 129536545858.872 -25793.5218182949 -649.268685619045 -22756327.1198466 230786.432529693
2822109952.48685 344204282057.52 129380947216.412 -25998.6744093946 -725.781562213375 -22756327.1172165 226408.828189627
2822332057.10044 338406978682.288 129211103258.348 -26205.6523547826 -804.195154365802 -22756327.1145134 222104.613589577
2822549929.02213 332674861679.626 129027201524.23 -26414.4697947069 -884.55471497095 -22756327.1117352 217871.921690678
2822763639.62628 327007403581.681 128829427254.533 -26625.1415022907 -966.906947492777 -22756327.1088799 213710.604147441
2822973258.53233 321404098976.72 128617964741.77 -26837.6813185959 -1051.29944128128 -22756327.1059451 209618.906050515
2823178854.84706 315864432047.564 128392996253.435 -27052.1033251186 -1137.7811633729 -22756327.1029288 205596.314733292
2823380496.80867 310387886110.036 128154702284.421 -27268.4214902967 -1226.40236614731 -22756327.0998286 201641.961608619
2823578251.6661 304973947148.993 127903261684.516 -27486.6495156578 -1317.21456760778 -22756327.0966421 197754.857429266
2823772185.46905 299622109997.57 127638851981.862 -27706.8005540065 -1410.27047336722 -22756327.0933671 193933.802945739
2823962363.6399 294331862969.714 127361648656.304 -27928.8878083791 -1505.62427062634 -22756327.0900009 190178.170848513
2824148850.60407 289102698251.371 127071825602.116 -28152.9240934121 -1603.33149252872 -22756327.0865411 186486.964169665
2824331709.91265 283934108824.216 126769554969.455 -28378.921937097 -1703.44910858141 -22756327.082985 182859.308586549
2824511004.2114 278825589631.275 126455007216.699 -28606.893506203 -1806.03554190975 -22756327.07933 179294.298746243
2824686795.22259 273776638422.902 126128351162.482 -28836.8505388225 -1911.15068943966 -22756327.0755733 175791.011187624
2824859143.90385 268786751496.317 125789753698.671 -29068.8045104211 -2018.85605132564 -22756327.0717121 172348.681268483
2825028110.32897 263855427371.997 125439379997.863 -29302.7664424298 -2129.21470083071 -22756327.0677437 168966.425119893
2825193753.56385 258982170787.717 125077393814.238 -29538.7466728704 -2242.29123074059 -22756327.0636652 165643.234871617
2825356132.04854 254166481813.22 124703956684.28 -29776.7553439375 -2358.15204438754 -22756327.0594733 162378.484690768
2825515303.3347 249407863779.81 124319228464.852 -30016.8019949579 -2476.86522681037 -22756327.0551652 159171.286164788
2825671324.03026 244705825324.39 123923367521.311 -30258.8954116238 -2598.50053072718 -22756327.0507379 156020.695561419
2825824250.02051 240059874095.684 123516530212.998 -30503.043902335 -2723.12957885046 -22756327.0461879 152925.990249309
2825974136.51732 235469515434.177 123098870711.302 -30749.2553432825 -2850.82596287543 -22756327.0415121 149886.496808377
2826121037.69438 230934263819.117 122670542015.766 -30997.5365250957 -2981.66497856829 -22756327.0367072 146901.177060572
2826265007.12647 226453629746.679 122231694758.778 -31247.8938071326 -3115.72403838861 -22756327.0317696 143969.432087616
2826406097.53385 222027127849.482 121782477927.145 -31500.3326348485 -3253.08249893127 -22756327.0266961 141090.407384478
2826544360.80578 217654276550.033 121323038849.857 -31754.857496655 -3393.82171368695 -22756327.0214829 138263.271928185
2826679848.14405 213334593847.233 120853522751.402 -32011.4721119865 -3538.02521979301 -22756327.0161268 135487.338273621
2826812610.03588 209067598402.838 120374072817.396 -32270.1793225665 -3685.77877005261 -22756327.0106237 132761.891821934
2826942696.19878 204852811587.565 119884830395.251 -32530.9809134194 -3837.17032438417 -22756327.0049703 130086.16290504
2827070155.63673 200689755978.806 119385934807.433 -32793.8776419078 -3992.29016162838 -22756326.9991624 127459.437949396
2827195036.55549 196577958433.481 118877523704.175 -33058.8689772261 -4151.23082501443 -22756326.9931966 124880.918754514
2827317386.49879 192516945948.601 118359732552.461 -33325.9532913808 -4314.0873372231 -22756326.9870685 122349.943302974
2827437252.30649 188506247297.671 117832694798.378 -33595.1276879133 -4480.95720839787 -22756326.9807745 119865.807697534
2827554680.15172 184545392066.945 117296541708.86 -33866.3879938583 -4651.94054605668 -22756326.9743106 117427.845239183
2827669715.40763 180633915463.723 116751403004.875 -34139.7283485346 -4827.13991307996 -22756326.9676725 115035.255902397
2827782402.85826 176771351506.586 116197405920.074 -34415.1415840283 -5006.66068900509 -22756326.9608566 112687.450628686
2827892786.5251 172957239218.192 115634676037.325 -34692.61870408 -5190.6108636157 -22756326.953858 110383.666840046
2828000909.87804 169191115670.742 115063336254.904 -34972.1492900272 -5379.1014368652 -22756326.9466732 108123.352947034
2828106815.66194 165472522242.835 114483507664.62 -35253.7209533679 -5572.24619875166 -22756326.9392974 105905.783892895
2828210546.01943 161801000648.656 113895308926.12 -35537.3195249559 -5770.16200179523 -22756326.9317271 103730.357490721
2828312142.38725 158176096887.933 113298856858.233 -35822.9286448033 -5972.96863086653 -22756326.9239578 101596.367820392
2828411645.66518 154597355537.641 112694265478.933 -36110.5300930977 -6180.78919699364 -22756326.9159847 99503.2779356988
2828509096.01541 151064327218.565 112081647206.066 -36400.103079012 -6393.74979814479 -22756326.9078045 97450.3502298189
2828604533.041 147576562510.182 111461111814.883 -36691.6245950283 -6611.97994554973 -22756326.899412 95437.0255859485
2828697995.73194 144133614163.133 110832766762.477 -36985.0691095267 -6835.61252609334 -22756326.8908038 93462.6909407483
2828789522.47283 140735037120.951 110196717155.207 -37280.4084229347 -7064.78388642216 -22756326.8819754 91526.7408869327
2828879151.07499 137380387619.909 109553065535.66 -37577.6115985857 -7299.63398416355 -22756326.8729229 89628.6021645181
2828966918.70412 134069226202.812 108901912420.656 -37876.6445380843 -7540.30626565974 -22756326.863642 87767.629124677
2829052862.04095 130801111975.614 108243355138.371 -38177.4703307137 -7786.94816888426 -22756326.8541285 85943.3368353675
2829137017.14131 127575608157.731 107577488853.938 -38480.0485848068 -8039.71082432506 -22756326.8443787 84155.1003611688
2829219419.5189 124392279255.528 106904405963.98 -38784.3354995004 -8298.74935610566 -22756326.8343889 82402.3775913657
2829300104.10653 121250692851.318 106224196415.089 -39090.2835029821 -8564.22283796907 -22756326.8241552 80684.5876282899
2829379105.3035 118150418080.65 105536947331.458 -39397.8411924651 -8836.29451301873 -22756326.8136744 79001.196963829
2829456456.99264 115091025239.167 104842742851.697 -39706.953164495 -9115.13193981999 -22756326.802943 77351.6891482208
2829532192.49916 112072087701.948 104141664492.328 -40017.5595979714 -9400.9069265339 -22756326.7919577 75735.5065149942
2829606344.6514 109093179816.219 103433790601.449 -40329.596228975 -9693.79582907955 -22756326.7807157 74152.1522393005
2829678945.77454 106153877423.91 102719196386.673 -40642.9940531393 -9993.97962398486 -22756326.7692143 72601.123145651
2829750027.61959 103253761056.903 101997954627.49 -40957.6787157769 -10301.643683543 -22756326.7574508 71081.8450476452
2829819621.51738 100392409991.339 101270134140.752 -41273.5708687543 -10616.9785000016 -22756326.7454232 69593.8977922481
2829887758.23151 97569408547.7773 100535801259.251 -41590.5851923762 -10940.1791313392 -22756326.7331295 68136.7141222927
2829954468.11147 94784340099.4491 99795018218.0545 -41908.6307443198 -11271.4459751163 -22756326.7205683 66709.8799649496
2830019781.00211 92036791096.7259 99047844078.1431 -42227.6101867266 -11610.9844435943 -22756326.7077388 65312.8906404336
2830083726.29307 89326349317.3441 98294334164.516 -42547.4196354135 -11959.0052850035 -22756326.6946404 63945.290962308
2830146332.88434 86652605635.4386 97534540445.5533 -42867.9480837307 -12315.7244777538 -22756326.6812727 62606.5912670166
2830207629.25488 84015151417.279 96768510687.8706 -43189.0773216749 -12681.363688856 -22756326.6676366 61296.3705382078
2830267643.43288 81413580080.9912 95996288754.8533 -43510.6813428628 -13056.1502042723 -22756326.653733 60014.178001284
2830326402.99752 78847487346.7915 95217914555.0003 -43832.6258751976 -13440.3170102305 -22756326.639564 58759.5646432946
2830383935.12278 76316469642.5249 94433423414.3615 -44154.7681193967 -13834.1031578437 -22756326.6251312 57532.1252589849
2830440266.54886 73820125658.9837 93642846384.051 -44476.956067656 -14237.7536665848 -22756326.6104383 56331.4260794573
2830495423.61205 71358055359.6768 92846209768.1505 -44799.0281111376 -14651.5198072795 -22756326.5954895 55157.0631837755
2830549432.24436 68929860311.5928 92043535041.3769 -45120.8124498298 -15075.6591877481 -22756326.5802894 54008.6323106982
2830602317.98897 66535143317.606 91234838530.277 -45442.126559065 -15510.4359549946 -22756326.5648439 52885.7446178664
2830654106.00102 64173508706.6499 90420131294.8679 -45762.7765330339 -15956.1208864366 -22756326.5491602 51788.0120468072
2830704821.05598 61844562289.0929 89599418889.551 -46082.556432198 -16412.9915354649 -22756326.5332453 50715.054956206
2830754487.57348 59547910601.5525 88772700848.3998 -46401.247687768 -16881.3325256809 -22756326.5171092 49666.5175012175
2830803129.62667 57283160800.9979 87939970359.9331 -46718.6183750867 -17361.4357404749 -22756326.5007627 48642.0531937506
2830850770.91326 55049922364.4191 87101214602.5009 -47034.4221810148 -17853.6001137792 -22756326.4842172 47641.2865901762
2830897434.82127 52847804380.8433 86256413432.0435 -47348.3979361453 -18358.1323611724 -22756326.4674857 46663.9080086308
2830943144.41149 50676416713.4609 85405539448.3783 -47660.2685492048 -18875.3469134137 -22756326.4505832 45709.590220557
2830987922.42753 48535369896.8014 84548557580.7798 -47969.7400529059 -19405.5661077012 -22756326.4335268 44778.0160378664
2831031791.30181 46424275236.8212 83685424724.5401 -48276.5005513113 -19949.1203303152 -22756326.4163337 43868.8742779463
2831074773.18435 44342743821.8972 82816088892.7658 -48580.2192504066 -20506.3484483522 -22756326.3990242 42981.8825416247
2831116889.9518 42290386477.9792 81940488688.3896 -48880.5452702122 -21077.5980341653 -22756326.3816214 42116.7674549274
2831158163.20405 40266814352.3546 81058553011.2562 -49177.1062722328 -21663.2254086733 -22756326.3641474 41273.2522411644
2831198614.31718 38271636748.6672 80170199518.1609 -49469.5073883919 -22263.5964875105 -22756326.3466291 40451.1131372014
2831238264.40638 36304463396.5715 79275334949.4372 -49757.3293880366 -22879.0863660309 -22756326.3290951 39650.0891974582
2831277134.39195 34364901661.1871 78373853156.1378 -50040.1274610949 -23510.0804190386 -22756326.3115747 38869.9855704123
2831315244.99698 32452557132.9351 77465634522.45 -50317.4293647687 -24156.9744462895 -22756326.2941022 38110.6050266079
2831352616.75229 30567033903.3764 76550545198.3952 -50588.7334606976 -24820.174891935 -22756326.2767112 37371.7553082871
2831389270.03912 28707932973.6655 75628435335.573 -50853.5068457533 -25500.0997403623 -22756326.2594404 36653.2868369416
2831425225.12599 26874850958.9958 74699137282.4568 -51111.1832309824 -26197.1794378026 -22756326.2423296 35955.0868685086
2831460502.13618 25067382370.519 73762465462.082 -51361.160088431 -26911.8565010575 -22756326.2254207 35277.010190433
2831495121.16034 23285114544.2853 72818212349.5963 -51602.7965662333 -27644.5880077625 -22756326.2087586 34619.024158191
2831529102.21297 21527630590.3213 71866148350.6773 -51835.4099786403 -28395.8450920023 -22756326.1923904 33981.0526316057
2831562465.31812 19794505787.1126 70906018060.2533 -52058.2728497835 -29166.1151422047 -22756326.1763656 33363.105146351
2831595230.52522 18085307632.2269 69937538166.7165 -52270.6090453334 -29955.9026708465 -22756326.1607342 32765.2071001919
2831627417.99496 16399592343.0716 68960393062.2475 -52471.5898705946 -30765.731953597 -22756326.1455498 32187.4697426628
2831659048.0059 14736905592.3102 67974232461.6873 -52660.3290640861 -31596.1479492852 -22756326.1308663 31630.0109399608
2831690141.05862 13096778275.6527 66978665729.9035 -52835.8777140484 -32447.719821573 -22756326.1167369 31093.0527150956
2831720717.93401 11478724824.5813 65973257097.2751 -52997.2180319541 -33321.0436356066 -22756326.1032162 30576.8753956154
2831750799.78522 9882239946.24479 64957519285.4339 -53143.2563091045 -34216.7462566687 -22756326.0903575 30081.8512062771
2831780408.25238 8306794380.99375 63930905676.001 -53272.8147336114 -35135.4903639341 -22756326.0782111 29608.4671606787
2831809565.58736 6751830423.39369 62892801294.8779 -53384.6217041386 -36077.9803201035 -22756326.0668228 29157.3349765286
2831838294.80802 5216756239.59366 61842511757.9024 -53477.3003598176 -37044.9696145832 -22756326.0562327 28729.2206683397
2831866619.8979 3700938234.4869 60779249307.6865 -53549.3548579655 -38037.270648319 -22756326.0464721 28325.0898774393
2831894566.04612 2203691863.50717 59702115727.7348 -53599.1536798331 -39055.7670187231 -22756326.0375566 27946.1482205739
2831922159.93277 724270804.90516 58610081522.287 -53624.909100253 -40101.4287678902 -22756326.0294881 27593.8866452203
2831949430.10239 -738147555.830059 57501959111.0995 -53624.6516894673 -41175.3325799726 -22756326.0222387 27270.1696178753
2831976407.44941 -2184481260.53249 56376368171.8355 -53596.1981059834 -42278.6885535491 -22756326.0157485 26977.3470243174
2832003125.81863 -3615767212.34001 55231691851.0558 -53537.1098127957 -43412.8744754409 -22756326.0099072 26718.3692212963
2832029622.79502 -5033192194.04084 54066019241.3437 -53444.6393828135 -44579.4815754204 -22756326.0045357 26496.9763864276
2832055940.71855 -6438132368.80649 52877070433.5268 -53315.65960843 -45780.3746005925 -22756325.9993587 26317.9235305092
2832082127.9695 -7832202229.5028 51662099397.1735 -53146.5688122061 -47017.7695251914 -22756325.993958 26187.2509544783
2832108240.56155 -9217312888.08049 50417769542.7978 -52933.1634180749 -48294.3316470744 -22756325.9877067 26112.5920478487
2832134343.85818 -10596216616.5065 49139545802.6497 -52670.3653508011 -49613.761998569 -22756325.9796419 26103.2966290778
2832160513.73018 -11967072286.0354 47826783249.5312 -52353.28121061 -50975.456022252 -22756325.9684796 26169.8720022501
2832186833.91185 -13332343696.7304 46474436334.2471 -51975.4156488394 -52382.9770864246 -22756325.9521737 26320.1816691835
2832213382.41098 -14694623844.36 45076618559.2984 -51528.9994260193 -53840.2994456531 -22756325.927628 26548.4991259741
2832240185.62206 -16055856735.901 43627274788.2961 -51005.0021642758 -55350.9395050148 -22756325.890192 26803.2110815646
2832267103.91376 -17414959582.4431 42122814844.2255 -50394.1513503554 -56915.0039442165 -22756325.8334322 26918.2916998986
2832293691.76569 -18745806875.987 40588546182.3463 -49700.0572312126 -58501.7726334126 -22756325.7559457 26587.8519361552
2832319351.39984 -20011541057.2364 39067446251.4849 -48940.3680538778 -60062.3809015999 -22756325.6661568 25659.6341480958
2832343764.94123 -21196634687.7268 37582754385.6461 -48129.8584479552 -61569.3656299328 -22756325.572504 24413.5413906592
2832366938.30927 -22302240540.2121 36139257451.4336 -47276.5098352526 -63015.1054554739 -22756325.4792418 23173.3680368604
2832389006.15691 -23335828286.7965 34733369757.6369 -46383.7986985295 -64400.986776419 -22756325.3877807 22067.8476442614
2832410120.09876 -24305484004.2142 33359576842.8193 -45453.3182637229 -65730.5378578913 -22756325.2984934 21113.9418440032
2832430415.04013 -25218263394.5455 32012619107.0841 -44485.9996721521 -67007.0976074791 -22756325.2114906 20294.9413701835
2832450004.02981 -26079984431.5818 30687994521.9829 -43482.5865267541 -68233.2701311421 -22756325.1268744 19588.9896784224
2832468980.79847 -26895391828.553 29381953958.6891 -42443.811140213 -69410.9201686672 -22756325.0448055 18976.7686640441
2832487423.53837 -27668371357.0872 28091377855.7266 -41370.4588370693 -70541.2972604176 -22756324.9655094 18442.7398966339
2832505398.2642 -28402134630.1094 26813646540.1068 -40263.3899269805 -71625.1690358086 -22756324.889266 17974.7258364543
2832522961.4869 -29099363723.2593 25546530525.9045 -39123.5446717518 -72662.9348922338 -22756324.8163934 17563.2226997827
2832540162.2489 -29762320222.2077 24288105153.3684 -37951.9428199302 -73654.715274703 -22756324.747242 17200.762001452
2832557043.67855 -30392927640.5568 23036684464.7316 -36749.6804475834 -74600.4213226679 -22756324.6821709 16881.4296468203
2832573644.18432 -30992834001.5831 21790770009.4832 -35517.9256560541 -75499.8091029804 -22756324.6215472 16600.5057725173
2832589998.36956 -31563459303.816 20549011895.511 -34257.9147666792 -76352.5213954273 -22756324.5657315 16354.1852359569
2832606137.76203 -32106032589.6045 19310177377.2935 -32970.9474602669 -77158.1212719027 -22756324.5150743 16139.3924709317
2832622091.38758 -32621620564.4225 18073126435.8311 -31658.3824803787 -77916.1184074704 -22756324.4699001 15953.625552797
2832637886.24162 -33111150336.0404 16836791488.007 -30321.6326241202 -78625.9905612611 -22756324.4305139 15794.8540391341
2832653547.66967 -33575427176.5009 15600161265.9411 -28962.160275187 -79287.2005757199 -22756324.3971839 15661.4280465136
2832669099.6961 -34015148956.1437 14362266507.1944 -27581.4718853081 -79899.2105984205 -22756324.3701396 15552.0264345658
2832684565.30034 -34430917501.6567 13122168020.6875 -26181.1127035963 -80461.4933616569 -22756324.3495727 15465.6042392252
2832699966.65749 -34823247633.4212 11878946198.8061 -24762.6613268658 -80973.5412360718 -22756324.3356295 15401.3571449082
2832715325.35853 -35192574445.1861 10631691081.0804 -23327.7235123278 -81434.8735502461 -22756324.3284106 15358.7010416091
2832730662.60808 -35539258875.4304 9379493386.03247 -21877.9261077187 -81845.0420372199 -22756324.3279653 15337.2495500198
2832745999.41226 -35863601061.2224 8121399096.05632 -20414.8678860882 -82203.6444480079 -22756324.3342981 15336.8041772415
2832761356.76368 -36165417239.9998 6858242089.57444 -18942.2604416264 -82509.911947724 -22756324.3472638 15357.3514261681
2832776755.74939 -36444957271.1008 5589091573.2947 -17461.7859677571 -82763.7265867147 -22756324.3666701 15398.9857038953
2832792217.71953 -36702404858.54 4312996029.77546 -15975.113918328 -82965.0102953101 -22756324.3922839 15461.970142177
2832807764.48065 -36937878638.6509 3028975157.38742 -14483.8952476719 -83113.7237468739 -22756324.4238272 15546.7611175999
2832823418.49914 -37151432582.6483 1736009747.21701 -12989.7547901308 -83209.8641700673 -22756324.46099 15654.0184939723
2832839203.12572 -37343055293.3292 433030817.18522 -11494.2836433366 -83253.4616247894 -22756324.5034285 15784.6265807387
2832855142.84743 -37512668209.2633 -881092722.914402 -9999.03108134156 -83244.5736985687 -22756324.550776 15939.7217065951
2832871263.57998 -37660122582.5383 -2207568242.45541 -8505.49600893855 -83183.2784363156 -22756324.6026425 16120.7325497937
2832887593.0037 -37785195077.8307 -3547696240.73209 -7015.11752414548 -83069.6652341242 -22756324.6586232 16329.4237229621
2832904160.97216 -37887581656.8016 -4902889880.32724 -5529.26522855006 -82903.8233909802 -22756324.7183032 16567.9684621965
2832921000.01046 -37966889503.1184 -6274699284.1881 -4049.22777683399 -82685.8277717596 -22756324.7812638 16839.0383013222
2832938145.9283 -38022626398.8357 -7664841558.58147 -2576.19972131325 -82415.7208307382 -22756324.8470898 17145.9178360245
2832955638.59008 -38054186812.9761 -9075238026.73149 -1111.26647038184 -82093.4900785909 -22756324.9153786 17492.6617790697
2832973522.91162 -38060833715.772 -10508061364.8531 344.613610107788 -81719.039633077 -22756324.9857435 17884.3215424036
2832991850.14047 -38041674658.9768 -11965797240.3302 1790.63208381147 -81292.1535953425 -22756325.0578279 18327.2288484332
2833010679.55057 -37995629990.482 -13451323547.2257 3226.1578065299 -80812.4489091718 -22756325.131309 18829.4101038069
2833030080.6656 -37921390196.4949 -14968015669.9783 4650.77213408812 -80279.3134400336 -22756325.2059131 19401.115025986
2833050136.20038 -37817358134.4682 -16519883829.8041 6064.31083667318 -79691.8250767306 -22756325.2814269 20055.5347817497
2833070945.76372 -37681570278.8977 -18111753244.2822 7466.91350251582 -79048.6458750057 -22756325.3577142 20809.5633383825
2833092630.04973 -37511590539.0965 -19749484365.1204 8859.06647090151 -78347.8909544965 -22756325.434731 21684.2860132437
2833115333.41586 -37304373286.023 -21440204290.0004 10241.6039814062 -77586.9868133642 -22756325.5125227 22703.3661289656
2833139216.77461 -37056116820.4103 -23192380141.4294 11615.5315498403 -76762.6081917224 -22756325.5911851 23883.3587520906
2833164413.79429 -36762229363.2735 -25015125668.5947 12981.2621581435 -75871.0269731949 -22756325.67065 25197.0196751235
2833190888.81022 -36417888896.6648 -26914778814.2551 14336.1003602886 -74909.971781206 -22756325.7499375 26475.0159302589
2833218209.90625 -36020507414.3278 -28884474755.9759 15667.9055504746 -73884.4888238168 -22756325.8253369 27321.0960266261
2833245664.1039 -35574744010.4577 -30888502808.2279 16947.9566018882 -72816.2371028877 -22756325.889245 27454.19765817
2833272804.73865 -35098535411.8735 -32850330214.5017 18129.4017844515 -71751.1182465604 -22756325.933341 27140.6347497704
2833299571.85426 -34598604139.4089 -34756851368.621 19211.3611628241 -70701.9729884396 -22756325.9627876 26767.1156107456
2833326056.7846 -34076467842.3662 -36615698037.3716 20205.250204825 -69669.3879934652 -22756325.98312 26484.9303315338
2833352371.67554 -33532559504.3483 -38435635341.3433 21121.7744214781 -68652.2953936882 -22756325.9979053 26314.890947474
2833378616.15523 -32966962338.876 -40224192648.036 21969.7671395486 -67649.5405019606 -22756326.0093699 26244.4796867555
2833404873.11436 -32379929427.0854 -41986611029.7248 22756.0112485029 -66660.6828716209 -22756326.0189004 26256.9591330222
2833431211.03322 -31772734394.5805 -43724100137.4819 23484.9151125978 -65687.1137938699 -22756326.0273256 26337.9188596399
2833457686.77386 -31145159552.1036 -45441490101.1332 24161.9880166636 -64727.8514392156 -22756326.0352778 26475.7406373482
2833484348.4294 -30497007530.9558 -47142647123.8946 24791.7781768253 -63782.1906848821 -22756326.0431676 26661.6555377457
2833511237.5018 -29828098521.063 -48830709292.4466 25378.1100541623 -62849.6276439112 -22756326.0512605 26889.0723978453
2833538390.48906 -29138264090.6353 -50508263730.0172 25924.255141243 -61929.8005718411 -22756326.0597291 27152.987264165
2833565840.05197 -28427341956.7571 -52177474922.1234 26433.0541575734 -61022.4474042407 -22756326.0686779 27449.5629072049
2833593615.86634 -27695171907.3586 -53840178588.9104 26907.0058805648 -60127.3753955379 -22756326.0781698 27775.8143766294
2833621745.2684 -26941593169.5511 -55497950291.524 27348.3325872811 -59244.4398996724 -22756326.0882339 28129.4020567903
2833650253.75281 -26166442442.8783 -57152157177.6851 27759.0294167109 -58373.5290278828 -22756326.0988786 28508.4844057913
2833679165.34676 -25369552367.751 -58803997690.574 28140.9022270329 -57514.5524485113 -22756326.1100936 28911.5939574548
2833708502.90642 -24550750771.3813 -60454531539.5042 28495.5968621696 -56667.4336574615 -22756326.121861 29337.55965654
2833738288.35065 -23709860106.8337 -62104703324.3309 28824.6223154427 -55832.1043025029 -22756326.1341522 29785.4442327229
2833768542.8551 -22846697149.1092 -63755361145.7103 29129.369251792 -55008.5001355658 -22756326.1469333 30254.5044449324
2833799286.99961 -21961072652.0846 -65407271840.8551 29411.125080716 -54196.5579448055 -22756326.1601679 30744.1445094721
2833830540.89854 -21052791431.8799 -67061132737.3504 29671.0862074938 -53396.21364861 -22756326.1738181 31253.8989295533
2833862324.29227 -20121652224.655 -68717581756.923 29910.3682818767 -52607.4007347994 -22756326.1878421 31783.3937316609
2833894656.65955 -19167448107.5435 -70377204863.2331 30130.0146511274 -51830.0496033427 -22756326.2022014 32332.3672860686
2833927557.2611 -18189965821.6079 -72040544122.2778 30331.003765211 -51064.0863158682 -22756326.2168553 32900.6015406831
2833961045.21822 -17188986770.1846 -73708101769.1967 30514.2551253187 -50309.4329637615 -22756326.2317648 33487.9571291346
2833995139.57147 -16164286652.0524 -75380345805.3023 30680.6346978259 -49566.0070880813 -22756326.2468925 34094.3532418791
2834029859.31627 -15115635431.0246 -77057714250.3047 30830.9595115518 -48833.7215515691 -22756326.2622008 34719.744806206
2834065223.44419 -14042797787.4313 -78740618033.5231 30966.0015995933 -48112.4848527775 -22756326.2776558 35364.1279137551
2834101250.97737 -12945533224.8533 -80429443984.2803 31086.4915235948 -47402.2012453268 -22756326.2932236 36027.5331866798
2834137961.01198 -11823596226.4553 -82124557334.7708 31193.1214806114 -46702.770946859 -22756326.3088732 36710.0346026443
2834175372.72327 -10676736003.0523 -83826304483.6873 31286.5480959701 -46014.0901433135 -22756326.3245742 37411.711295049
2834213505.43117 -9504697320.47421 -85535013850.733 31367.3948255991 -45336.0516825495 -22756326.3402994 38132.7078939288
2834252378.55197 -8307219344.87503 -87250999408.4232 31436.2542610422 -44668.5446090497 -22756326.3560228 38873.1208056921
2834292011.70877 -7084037970.52388 -88974558951.053 31493.6899887369 -44011.4557015491 -22756326.3717194 39633.1567987262
2834332424.68295 -5834883098.77391 -90705979435.7015 31540.2385613311 -43364.6681848227 -22756326.3873675 40412.9741773846
2834373637.46204 -4559480844.01617 -92445535113.3582 31576.4110257745 -42728.0631818664 -22756326.4029453 41212.7790941496
2834415670.22822 -3257552660.06739 -94193489909.7685 31602.6944741895 -42101.5194694396 -22756326.4184341 42032.7661763636
2834458543.38548 -1928816291.02973 -95950097169.3812 31619.5534037722 -41484.9141643513 -22756326.4338167 42873.1572629429
2834502277.60648 -572985458.903528 -97715601033.2523 31627.431005986 -40878.1227601522 -22756326.4490759 43734.2209982205
2834546893.79876 810231106.429385 -99490238513.8142 31626.7503359738 -40281.0189185438 -22756326.4641974 44616.1922812475
2834592413.14751 2221128120.47005 -101274238214.798 31617.915381218 -39693.4753758341 -22756326.4791682 45519.3487490517
2834638857.0996 3660004643.14321 -103067822172.537 31601.312068733 -39115.3637389306 -22756326.4939756 46443.9520893122
2834686247.41394 5127163146.6807 -104871205295.652 31577.3092049628 -38546.5550534794 -22756326.5086088 47390.3143450932
2834734606.12143 6622910700.40523 -106684597388.096 31546.2593281168 -37986.9195109391 -22756326.5230582 48358.7074822592
2834783955.55666 8147557317.73231 -108508201628.006 31508.4995471628 -37436.3272510566 -22756326.5373156 49349.4352369934
2834834318.39227 9701416591.60526 -110342215840.849 31464.3522970833 -36894.6482466225 -22756326.5513728 50362.8356046518
2834885717.62844 11284806418.9342 -112186833768.206 31414.1260262802 -36361.7522033244 -22756326.5652237 51399.2361748409
2834938176.58192 12898048329.6774 -114042244638.002 31358.1158771828 -35837.5089487748 -22756326.578862 52458.9534784035
2834991718.92821 14541466812.7268 -115908632757.11 31296.6043396206 -35321.7887675699 -22756326.592283 53542.3462939148
2835046368.70103 16215390324.9786 -117786179004.284 31229.8618072925 -34814.4621858003 -22756326.6054826 54649.7728142519
2835102150.26522 17920150962.1083 -119675060735.225 31158.1471427933 -34315.4001992134 -22756326.6184573 55781.5641948826
2835159088.4001 19656083318.5026 -121575450807.439 31081.7082527638 -33824.4746985501 -22756326.631205 56938.1348763494
2835217208.22769 21423526791.3984 -123487520373.486 31000.7824851131 -33341.5578986492 -22756326.6437223 58119.8275954344
2835276535.24745 23222823063.4713 -125411436350.525 30915.5972079072 -32866.5231430377 -22756326.6560085 59327.0197501463
2835337095.3897 25054316909.8377 -127347362553.6 30826.3702224211 -32399.244730228 -22756326.6680623 60560.1422539588
2835398914.94885 26918357576.6962 -129295461342.833 30733.3101156814 -31939.5976420225 -22756326.6798832 61819.5591535616
2835462020.64826 28815296450.1566 -131255891345.436 30636.6167735612 -31487.4582038812 -22756326.6914713 63105.6994104032
2835526439.64282 30745488795.8752 -133228809462.683 30536.4816749655 -31042.7037038094 -22756326.7028269 64418.9945544953
2835592199.44529 32709293571.0228 -135214370805.771 30433.0882594405 -30605.2125120825 -22756326.7139503 65759.8024692603
2835659328.03866 34707070930.0266 -137212726339.015 30326.6124024397 -30174.8646741559 -22756326.724843 67128.5933742721
2835727853.8634 36739185405.3285 -139224026256.505 30217.2225750107 -29751.5412306335 -22756326.7355063 68525.8247410581
2835797805.83336 38806005256.8493 -141248419413.419 30105.0801860041 -29335.1244282226 -22756326.7459416 69951.9699612779
2835869213.17932 40907902695.2693 -143286053633.546 29990.3398647283 -28925.4977294939 -22756326.7561514 71407.3459558269
2835942105.69883 43045248950.2686 -145337071074.745 29873.1500133258 -28522.5467813271 -22756326.7661376 72892.5195064382
2836016513.66343 45218421546.4275 -147401615409.309 29753.6526785624 -28126.158008998 -22756326.7759023 74407.9646041539
2836092467.7603 47427801254.2014 -149479828914.127 29631.9839733657 -27736.2192663958 -22756326.7854483 75954.0968662504
2836169999.18405 49673770128.0752 -151571850737.621 29508.2744299899 -27352.6201878528 -22756326.7947782 77531.4237587522
2836249139.67858 51956714008.6029 -153677819363.176 29382.6490958257 -26975.2517473026 -22756326.8038949 79140.4945293812
2836329921.24576 54277023497.1352 -155797873541.927 29255.22770304 -26604.0061386106 -22756326.8128009 80781.5671764481
2836412376.7683 56635085203.4356 -157932144409.43 29126.1253617006 -26238.7781630094 -22756326.8215004 82455.5225397311
2836496539.26584 59031299730.4906 -160080771903.108 28995.4517774274 -25879.4624101033 -22756326.8299954 84162.4975449436
2836582442.52819 61466059727.4937 -162243884961.3 28863.3126473733 -25525.9566645941 -22756326.8382902 85903.2623467886
2836670120.79267 63939768101.3408 -164421617992.569 28729.8088515219 -25178.1591327918 -22756326.8463875 87678.2644736338
2836759608.80589 66452828396.4575 -166614102284.661 28595.0371562999 -24835.9698993089 -22756326.8542911 89488.0132263491
2836850941.76833 69005646378.2068 -168821467515.052 28459.0902975007 -24499.2906679924 -22756326.8620043 91332.9624382048
2836944155.58278 71598628251.9507 -171043840309.883 28322.0572358578 -24168.0249682055 -22756326.8695302 93213.8144523548
2837039286.66874 74232187501.1929 -173281350168.03 28184.0229508314 -23842.077269289 -22756326.8768727 95131.0859565102
2837136371.95139 76906739348.9432 -175534124699.077 28045.0688863847 -23521.3537148449 -22756326.8840355 97085.2826488468
2837235448.84462 79622700252.2156 -177802289289.186 27905.2731178636 -23205.7621498432 -22756326.8910218 99076.8932352255
2837336555.50325 82380487245.0632 -180085966657.909 27764.710518628 -22895.2121550145 -22756326.897835 101106.658625677
2837439730.67293 85180524738.1653 -182385282533.82 27623.4525442685 -22589.6142685877 -22756326.9044793 103175.169677571
2837545013.52254 88023240055.1618 -184700361914.16 27481.5675922215 -22288.8805184556 -22756326.9109578 105282.849613041
2837652443.96365 90909058620.3957 -187031325226.888 27339.1213594038 -21992.9248956557 -22756326.917274 107430.441108042
2837762062.40441 93838412542.7955 -189378295367.35 27196.1765285503 -21701.6624268104 -22756326.9234313 109618.440767147
2837873909.99991 96811733632.4606 -191741392073.586 27052.7932250893 -21415.0098841686 -22756326.9294333 111847.595493873
2837988028.31299 99829459990.791 -194120737228.334 26909.0288028205 -21132.8851190998 -22756326.9352834 114118.313080402
2838104459.7151 102892026614.669 -196516447454.757 26764.9383958045 -20855.2079366682 -22756326.9409852 116431.402109
2838223247.19587 105999875995.754 -198928642515.987 26620.5745098425 -20581.8990817616 -22756326.9465418 118787.480774084
2838344434.29406 109153452726.261 -201357441055.629 26475.9873764906 -20312.8807413626 -22756326.9519564 121187.098187293
2838468065.19236 112353201469.005 -203802959094.438 26331.2251327723 -20048.0766847347 -22756326.9572325 123630.898300712
2838594184.99309 115599569285.568 -206265311887.569 26186.3337966215 -19787.412029942 -22756326.9623734 126119.80073271
2838722839.13606 118893012596.473 -208744619171.672 26041.3570448811 -19530.812690513 -22756326.9673822 128654.142971212
2838854073.75567 122233981693.111 -211240993466.984 25896.3369811937 -19278.2065887757 -22756326.9722621 131234.619602368
2838987935.92641 125622929947.952 -213754547146.37 25751.3137943983 -19029.5228723087 -22756326.9770162 133862.170742886
2839124473.16593 129060319862.701 -216285396874.506 25606.3255802091 -18784.6914789749 -22756326.9816474 136537.239521698
2839263733.86127 132546610002.813 -218833653933.981 25461.408970919 -18543.6440777082 -22756326.9861587 139260.695337298
2839405766.92257 136082265743.368 -221399432184.69 25316.5987463964 -18306.3132721726 -22756326.9905531 142033.061300535
2839550622.14817 139667750203.263 -223982841459.233 25171.9282751598 -18072.6332069511 -22756326.9948334 144855.225603948
2839698349.98978 143303533289.275 -226583994147.841 25027.4292056069 -17842.5389392368 -22756326.9990024 147727.841607473
2839849001.66704 146990085501.302 -229203000718.555 24883.1317795414 -17615.966835454 -22756327.0030631 150651.67725548
2840002628.9671 150727880590.938 -231839971647.623 24739.0647823786 -17392.8543786501 -22756327.007018 153627.300067347
2840159284.58472 154517390378.746 -234495013794.793 24595.2557959382 -17173.1404525803 -22756327.0108698 156655.617614324
2840319022.07739 158359092965.458 -237168236214.605 24451.7309343175 -16956.764831037 -22756327.0146212 159737.492671754
2840481895.42983 162253471300.685 -239859749089.784 24308.5149585359 -16743.6682685852 -22756327.0182747 162873.352444834
2840647959.69002 166201002353.06 -242569656277.007 24165.6317214679 -16533.7930678734 -22756327.0218327 166064.260190064
2840817270.60274 170202172402.715 -245298065903.388 24023.10365049 -16327.0822188572 -22756327.0252976 169310.912718639
2840989884.71112 174257467854.476 -248045084015.263 23880.9521321081 -16123.4798872725 -22756327.0286722 172614.108379676
2841165859.26347 178367377479.542 -250810816141.972 23739.1974724296 -15922.9312721533 -22756327.0319585 175974.55234838
2841345252.48481 182532389981.427 -253595365682.247 23597.8590210038 -15725.3827018159 -22756327.0351588 179393.221342566
2841528123.13559 186753000201.528 -256398838072.812 23456.954999011 -15530.781318256 -22756327.0382754 182870.65077336
2841714531.06167 191029698479.733 -259221333714.776 23316.5028949584 -15339.0755547463 -22756327.0413103 186407.926079938
2841904537.0179 195362983368.226 -262062956434.92 23176.5190762738 -15150.2145296657 -22756327.0442659 190005.95623225
2842098202.34691 199753357152.253 -264923810458.189 23037.0189821573 -14964.1482533779 -22756327.0471442 193665.329010637
2842295589.26454 204201318211.851 -267803995454.559 22898.0173984192 -14780.8279295184 -22756327.0499471 197386.917631
2842496761.03158 208707367463.27 -270703610802.201 22759.5282782287 -14600.2056481935 -22756327.0526767 201171.767039858
2842701781.49071 213272011995.682 -273622757904.012 22621.564665891 -14422.2342321826 -22756327.0553348 205020.459131994
2842910715.86598 217895754299.614 -276561533288.982 22484.1390549604 -14246.8676449727 -22756327.0579234 208934.375270858
2843123629.55373 222579110096.787 -279520039977.806 22347.2628840899 -14074.0602906478 -22756327.0604444 212913.687745369
2843340589.37387 227322580907.758 -282498370102.482 22210.9473741928 -13903.7680251816 -22756327.0628995 216959.820141369
2843561662.92901 232126681927.524 -285496622565.742 22075.2027350851 -13735.9471002214 -22756327.0652904 221073.555135931
2843786918.78317 236991927370.866 -288514893762.117 21940.0386232061 -13570.5546951554 -22756327.0676189 225255.854166932
2844016426.26379 241918834218.801 -291553279942.696 21805.4640579998 -13407.5487650309 -22756327.0698866 229507.480615336
2844250255.88524 246907917659.816 -294611874419.308 21671.4875691016 -13246.8881734272 -22756327.0720952 233829.621450635
2844488478.80284 251959700084.84 -297690773102.673 21538.116975467 -13088.5323830667 -22756327.074246 238222.91760273
2844731167.32946 257074698993.87 -300790067106.39 21405.3597306347 -12932.441827264 -22756327.0763409 242688.526616283
2844978394.27012 262253437949.697 -303909849450.406 21273.2226519531 -12778.5775464589 -22756327.0783813 247226.940664712
2845230234.42717 267496432137.725 -307050206367.071 21141.7123094592 -12626.9016030064 -22756327.0803685 251840.157051182
2845486762.50873 272804220060.023 -310211236300.528 21010.8342491415 -12477.3761475111 -22756327.0823041 256528.081551957
2845748054.6301 278177318954.155 -313393023220.733 20880.5941285693 -12329.9646918674 -22756327.0841893 261292.121371913
2846014188.58185 283616256411.383 -316595655579.78 20750.9969402613 -12184.6311778728 -22756327.0860255 266133.951757949
2846285241.76705 289121575393.631 -319819229099.698 20622.0469306703 -12041.3398663541 -22756327.0878141 271053.185198331
2846561293.83116 294693791287.081 -323063821616.497 20493.7486244654 -11900.056444138 -22756327.0895563 276052.064106324
2846842424.96533 300333446119.629 -326329524865.056 20366.1055664644 -11760.7465924213 -22756327.0912533 281131.134171924
2847128716.43637 306041073199.029 -329616423772.161 20239.1211660027 -11623.3768952364 -22756327.0929065 286291.471035011
2847420249.69496 311817207839.516 -332924602750.981 20112.7984593497 -11487.914545495 -22756327.0945171 291533.258589144
2847717109.35324 317662369274.194 -336254135421.474 19987.1405104875 -11354.3277421503 -22756327.096086 296859.658280642
2848019379.27521 323577120094.888 -339605118467.201 19862.1491476599 -11222.5843206252 -22756327.0976144 302269.921976655
2848327144.88103 329561987530.995 -342977626757.651 19737.8266736313 -11092.6535473628 -22756327.0991035 307765.605817492
2848640492.52513 335617509535.322 -346371739671.985 19614.1748794536 -10964.5050417887 -22756327.1005541 313347.644099454
2848959510.58501 341744222123.594 -349787533919.936 19491.1953254402 -10838.1090489474 -22756327.1019675 319018.059879627
2849284287.901 347942680313.331 -353225095173.704 19368.8889378569 -10713.4360042069 -22756327.1033446 324777.315992107
2849614913.71973 354213427286.638 -356684500845.285 19247.2566429396 -10590.4571637769 -22756327.1046863 330625.818730861
2849951479.11847 360556993460.26 -360165819771.549 19126.2993732013 -10469.1445779622 -22756327.1059937 336565.398740703
2850294076.40715 366973923741.444 -363669127256.596 19006.0175488967 -10349.4705457395 -22756327.1072675 342597.28867708
2850642799.54945 373464765565.349 -367194498402.971 18886.4113283196 -10231.4078511153 -22756327.1085089 348723.142301854
2850997743.11358 380030076497.804 -370742012192.307 18767.4804830117 -10114.9296225757 -22756327.1097185 354943.564125819
2851359001.89495 386670404124.872 -374311740580.522 18649.2247757237 -10000.0096858087 -22756327.1108972 361258.781375487
2851726673.23989 393386279146.045 -377903744968.132 18531.6440721457 -9886.62264456407 -22756327.1120459 367671.344932872
2852100855.15279 400178258469.188 -381518099318.174 18414.7375877377 -9774.74313338681 -22756327.1131655 374181.912900331
2852481647.02279 407046889526.62 -385154870971.043 18298.5045318788 -9664.34642627906 -22756327.1142566 380791.870001551
2852869149.43003 413992723551.452 -388814127762.479 18182.943881606 -9555.40820073099 -22756327.11532 387502.407240114
2853263463.32618 421016311724.473 -392495935971.896 18068.0544558155 -9447.9045923889 -22756327.1163564 394313.896146954
2853664691.69817 428118190226.578 -396200352558.271 17953.8351596243 -9341.81240485339 -22756327.1173666 401228.371993915
2854072939.83993 435298910156.093 -399927440853.982 17840.2845010936 -9237.10864190606 -22756327.1183512 408248.141758268
2854488312.26464 442559041639.111 -403677272500.945 17727.400553862 -9133.77046671392 -22756327.119311 415372.424713193
2854910916.70879 449899118593.846 -407449898901.359 17615.1818245727 -9031.77598221816 -22756327.1202466 422604.444145295
2855340860.19814 457319709708.558 -411245387897.228 17503.6261534635 -8931.10320978259 -22756327.1211587 429943.489350486
2855778252.03366 464821348677.05 -415063787921.756 17392.731786234 -8831.73104972729 -22756327.1220478 437391.835525823
2856223203.32144 472404586654.037 -418905154945.595 17282.4965794893 -8733.63854675064 -22756327.1229147 444951.287776714
2856675825.64061 480069983383.747 -422769547807.197 17172.9181530864 -8636.80501970019 -22756327.1237597 452622.319169572
2857136232.89017 487818083942.685 -426657016475.032 17063.9942292134 -8541.21034934553 -22756327.1245837 460407.249558491
2857604538.17691 495649450257.426 -430567617929.876 16955.7221875928 -8446.83457351555 -22756327.125387 468305.286746302
2858080858.96301 503564607880.115 -434501389580.392 16848.099806989 -8353.65852223106 -22756327.1261704 476320.786096874
2858565311.51043 511564133051.755 -438458392657.843 16741.1240740449 -8261.66277093064 -22756327.1269343 484452.547418909
2859058014.8684 519648558422.125 -442438665320.139 16634.7924736222 -8170.82874815486 -22756327.1276791 492703.357974613
2859559089.38839 527818440064.493 -446442255921.448 16529.1020854067 -8081.13794400501 -22756327.1284054 501074.51998436
2860068656.02199 536074332077.264 -450469210385.18 16424.0499337407 -7992.57220274302 -22756327.1291137 509566.63360223
2860586836.99093 544416774912.802 -454519566574.946 16319.6331341108 -7905.11383425563 -22756327.1298045 518180.96893601
2861113756.83028 552846306396.499 -458593359760.614 16215.8487483853 -7818.74547964815 -22756327.1304782 526919.839357695
2861649542.31625 561363478344.038 -462690630620.811 16112.6935865923 -7733.44993794828 -22756327.1311352 535785.485967506
2862194319.3673 569968854681.049 -466811424188.328 16010.1642467592 -7649.21019437856 -22756327.131776 544777.051045696
2862748216.7176 578662961473.545 -470955765952.005 15908.2577107975 -7566.00990011099 -22756327.1324011 553897.350303273
2863311364.92811 587446345903.167 -475123690186.357 15806.9706371742 -7483.83278004449 -22756327.1330108 563148.210507213
2863883894.52935 596319559778.873 -479315231948.144 15706.2995699758 -7402.6627992092 -22756327.1336056 572529.601241555
2864465938.35907 605283130110.243 -483530413216.661 15606.2412721139 -7322.48442219555 -22756327.1341858 582043.829716763
2865057631.67612 614337595845.509 -487769260310.969 15506.7923059575 -7243.28226556658 -22756327.1347517 591693.317051241
2865659110.91835 623483508951.766 -492031804259.726 15407.9490358087 -7165.04109583809 -22756327.1353039 601479.242234927
2866270512.99882 632721414680.161 -496318071523.714 15309.7078503749 -7087.74600009756 -22756327.1358426 611402.080466348
2866891977.32048 642051840761.437 -500628079079.708 15212.0652719115 -7011.38246213787 -22756327.1363682 621464.321657656
2867523643.05941 651475328103.639 -504961848678.271 15115.0176308961 -6935.93609913188 -22756327.136881 631665.738932487
2868165652.16113 660992389259.246 -509319387726.149 15018.5614974697 -6861.39299075326 -22756327.1373813 642009.101717171
2868818150.6485 670603553723.261 -513700710165.837 14922.6932133341 -6787.73930765797 -22756327.1378696 652498.487373873
2869481281.49163 680309386473.673 -518105844690.66 14827.4087278051 -6714.96118458421 -22756327.138346 663130.843131364
2870155192.4008 690110381468.796 -522534786361.638 14732.7046487735 -6643.04551773963 -22756327.1388109 673910.909167051
2870840031.17015 700007077650.827 -526987549375.33 14638.5770964103 -6571.97908055975 -22756327.1392647 684838.769354491
2871535946.88014 709999989465.31 -531464135551.714 14545.0223853445 -6501.74903843274 -22756327.1397074 695915.70998622
2872243093.80187 720089624680.846 -535964542490.347 14452.036846245 -6432.34280536976 -22756327.1401396 707146.921729708
2872961623.0687 730276540333.016 -540488788411.889 14359.616320313 -6363.74766344302 -22756327.1405614 718529.266831904
2873691690.58168 740561221983.971 -545036858394.872 14267.7572665797 -6295.95158198014 -22756327.140973 730067.512977222
2874433453.13274 750944197717.663 -549608755127.318 14176.4557198513 -6228.94243634545 -22756327.1413749 741762.551064451
2875187069.84932 761425981834.631 -554204473854.379 14085.7078062694 -6162.70838633541 -22756327.1417671 753616.716574569
2875952697.92532 772007095150.749 -558824011334.934 13995.509564607 -6097.23773955328 -22756327.14215 765628.076003914
2876730498.36246 782688005065.182 -563467339765.264 13905.8574520232 -6032.5193120076 -22756327.1425238 777800.437135292
2877520637.60812 793469206230.253 -568134442099.586 13816.7476505381 -5968.54191828698 -22756327.1428886 790139.2456626
2878323278.83119 804351241813.704 -572825320924.474 13728.1759155742 -5905.29426425933 -22756327.1432449 802641.223071138
2879138589.32456 815334582576.775 -577539946202.73 13640.1385700827 -5842.76565467612 -22756327.1435927 815310.493370903
2879966739.15421 826419729126.893 -582278299524.823 13552.631661234 -5780.9453835558 -22756327.1439322 828149.82965069
2880807894.95812 837607192401.069 -587040365528.362 13465.6511315009 -5719.82285487056 -22756327.1442638 841155.803904998
2881662230.90581 848897409982.083 -591826096387.359 13379.193462751 -5659.38802918307 -22756327.1445876 854335.947692331
2882529921.0208 860290893745.589 -596635474632.405 13293.2545309692 -5599.63061529829 -22756327.1449037 867690.114986108
2883411139.13875 871788125697.927 -601468468776.951 13207.8304191599 -5540.54063812441 -22756327.1452124 881218.117956997
2884306063.77152 883389557978.085 -606325033556.838 13122.9174025375 -5482.10842080524 -22756327.1455138 894924.63276939
2885214873.25704 895095676834.659 -611205136779.524 13038.5114766889 -5424.32425533189 -22756327.1458082 908809.48551527
2886137749.24858 906906938301.621 -616108732353.132 12954.6088317879 -5367.17872595062 -22756327.1460957 922875.991546919
2887074875.07372 918823813664.363 -621035779278.605 12871.2055228987 -5310.66247934329 -22756327.1463765 937125.825132413
2888026433.9398 930846767571.003 -625986232497.769 12788.2976299265 -5254.76633105535 -22756327.1466508 951558.866078448
2888992612.62619 942976235021.643 -630960033505.632 12705.8814114567 -5199.48136462287 -22756327.1469187 966178.68639457
2889973601.51009 955212668506.034 -635957129781.125 12623.9529788673 -5144.79870833836 -22756327.1471803 980988.883896272
2890969585.31863 967556537340.923 -640977474340.89 12542.5083115462 -5090.70954464018 -22756327.1474359 995983.808541043
2891980761.98718 980008211447.198 -646020978590.099 12461.544017118 -5037.20561032673 -22756327.1476855 1011176.66855108
2893007321.83269 992568197592.878 -651087608217.074 12381.0557838375 -4984.27816817491 -22756327.1479295 1026559.84550787
2894049464.83937 1005236878367.18 -656177277379.526 12301.0400831579 -4931.91913028682 -22756327.1481677 1042143.00668798
2895107383.53549 1018014726968.3 -661289935455.608 12221.492787275 -4880.12014467542 -22756327.1484005 1057918.69611912
2896181282.30551 1030902095918.7 -666425482246.957 12142.4104991347 -4828.87346181602 -22756327.148628 1073898.77001816
2897271357.69749 1043899453465.12 -671583862552.689 12063.7890816205 -4778.17097430668 -22756327.1488502 1090075.39197442
2898377816.60215 1057007143363.4 -676764970442.546 11985.6251320995 -4728.00516990315 -22756327.1490673 1106458.90465958
2899500866.20318 1070225604889.99 -681968736655.358 11907.9146473029 -4678.36826696143 -22756327.1492794 1123049.60103456
2900640711.95948 1083555250398.48 -687195079887.863 11830.6537701587 -4629.25269482215 -22756327.1494867 1139845.75630064
2901797561.42784 1096996441974.23 -692443897874.103 11753.8389128497 -4580.65116687225 -22756327.1496892 1156849.46835488
2902971629.02992 1110549537207.61 -697715085509.027 11677.4664825337 -4532.55650192102 -22756327.1498872 1174067.60208207
2904163127.53776 1124214944159.82 -703008556090.485 11601.5325786591 -4484.96143281031 -22756327.1500806 1191498.50784469
2905372274.47981 1137993021090.43 -708324202276.514 11526.033560186 -4437.8589618044 -22756327.1502697 1209146.94204578
2906599283.22408 1151884150909.83 -713661924982.489 11450.965628878 -4391.24209652858 -22756327.1504545 1227008.74427111
2907844374.02597 1165888638424.59 -719021593901.589 11376.325384371 -4345.10419249375 -22756327.1506351 1245090.80188652
2909107770.09789 1180006837216.26 -724403096327.205 11302.109135212 -4299.43852251742 -22756327.1508116 1263396.07192353
2910389690.35576 1194239103413.57 -729806319217.906 11228.313156842 -4254.23843657828 -22756327.1509841 1281920.25787357
2911690373.73643 1208585714158.67 -735231118365.033 11154.9341085412 -4209.49761402613 -22756327.1511528 1300683.38066334
2913010037.93263 1223047139126.13 -740677420996.177 11081.9676473961 -4165.20921708891 -22756327.1513176 1319664.19620457
2914348913.37068 1237623579395.32 -746145051652.34 11009.410775598 -4121.36731791947 -22756327.1514788 1338875.43804672
2915707224.89849 1252315347247.74 -751633875769.515 10937.2598991739 -4077.96571344763 -22756327.1516363 1358311.52781137
2917085219.71311 1267122663045.57 -757143723361.331 10865.5118450464 -4034.99853951173 -22756327.1517903 1377994.81462056
2918483129.4747 1282045959132.67 -762674502056.599 10794.1623902708 -3992.45938871536 -22756327.1519408 1397909.76158733
2919901191.49535 1297085466071.38 -768226043047.323 10723.2082704396 -3950.34251218428 -22756327.152088 1418062.02065428
2921339646.65447 1312241444344.88 -773798187547.909 10652.646046273 -3908.64213707413 -22756327.1522319 1438455.15911861
2922798731.12876 1327514160746.03 -779390777890.366 10582.4722229361 -3867.35253742094 -22756327.1523727 1459084.47429192
2924278704.10273 1342903800637.94 -785003625487.072 10512.6836492542 -3826.46826675756 -22756327.1525102 1479972.97396879
2925779805.66163 1358410759423.25 -790636617034.752 10443.276199721 -3785.98338522914 -22756327.1526448 1501101.55890143
2927302279.53882 1374035198195.81 -796289552485.524 10374.2467878055 -3745.89263723397 -22756327.1527763 1522473.87719021
2928846380.69124 1389777285220.26 -801962233535.506 10305.5922539707 -3706.19079536206 -22756327.152905 1544101.15241731
2930412369.89669 1405637272655.96 -807654490992 10237.3090421058 -3666.87247413176 -22756327.1530308 1565989.2054498
2932000499.16036 1421615438224.44 -813366163297.86 10169.3934711589 -3627.93228900953 -22756327.1531538 1588129.26366712
2933611013.63861 1437711936274.8 -819097043370.166 10101.8423645693 -3589.36521523731 -22756327.1532741 1610514.4782575
2935244188.08088 1453926820499.24 -824846887460.915 10034.6529255782 -3551.16650976067 -22756327.1533918 1633174.4422694
2936900278.77866 1470260409889.61 -830615544795.728 9967.82122557544 -3513.33085156092 -22756327.1535069 1656090.69777609
2938579556.02931 1486712803519.97 -836402785286.93 9901.34422267927 -3475.85348958097 -22756327.1536195 1679277.25064898
2940282282.49556 1503284206421.15 -842208414966.404 9835.21841530484 -3438.72947677337 -22756327.1537296 1702726.46625579
2942008723.48562 1519974713966.96 -848032200087.098 9769.44071499494 -3401.95416136117 -22756327.1538373 1726440.99006022
2943759151.68278 1536784414577.22 -853873903447.45 9704.00802416684 -3365.52294635913 -22756327.1539426 1750428.1971566
2945533834.44974 1553713434856.25 -859733299960.642 9638.91706422318 -3329.43119355607 -22756327.1540457 1774682.76695627
2947333067.54798 1570761816064.76 -865610133819.863 9574.16485291956 -3293.67448764227 -22756327.1541465 1799233.09824701
2949157110.36693 1587929836921.8 -871504229621.252 9509.74748280197 -3258.2479614512 -22756327.1542451 1824042.81894891
2951006253.84266 1605217393099.17 -877415278901.204 9445.66246309443 -3223.14758542428 -22756327.1543416 1849143.47572772
2952880780.91667 1622624646505.32 -883343063381.138 9381.90627195824 -3188.36881835528 -22756327.154436 1874527.07401069
2954780977.60211 1640151647168.43 -889287325065.735 9318.47577756674 -3153.90738840443 -22756327.1545284 1900196.68543896
2956707115.99324 1657798438626.27 -895247802466.311 9255.36784078768 -3119.75907333722 -22756327.1546187 1926138.39113216
2958659504.20077 1675564901184.51 -901224177949.344 9192.5798663645 -3085.91999619278 -22756327.1547071 1952388.20752217
2960638431.28127 1693451212588.33 -907216232791.91 9130.10817166652 -3052.38574471087 -22756327.1547936 1978927.08050138
2962644177.29745 1711457337807.56 -913223675179.364 9067.94980052852 -3019.15235000013 -22756327.1548783 2005746.01618653
2964677057.34535 1729583125990.75 -919246173733.08 9006.10215286664 -2986.21608111455 -22756327.1549611 2032880.04789676
2966737357.38156 1747828707425.51 -925283489297.573 8944.56163298066 -2953.57272497916 -22756327.1550422 2060300.03620914
2968825387.29098 1766193913096.36 -931335282057.462 8883.32563033995 -2921.21864052958 -22756327.1551215 2088029.90942298
2970941442.06228 1784678752195.14 -937401269869.56 8822.39089893309 -2889.14989646707 -22756327.1551991 2116054.77130056
2973085828.97521 1803283065045.6 -943481113770.954 8761.75471757426 -2857.3628841685 -22756327.1552751 2144386.91293114
2975258858.58281 1822006764577.6 -949574497458.936 8701.41408678716 -2825.85389304123 -22756327.1553494 2173029.60759561
2977460854.53769 1840849755068.35 -955681100425.661 8641.3660015507 -2794.61925426819 -22756327.1554222 2201995.95488485
2979692108.74425 1859812015873.8 -961800624888.768 8581.60718910042 -2763.65520458146 -22756327.1554934 2231254.20655608
2981952955.19049 1878893215717.14 -967932671494.51 8522.135319089 -2732.95851167872 -22756327.155563 2260846.44623507
2984243695.49746 1898093347329.88 -974076943988.141 8462.94700652093 -2702.52543935607 -22756327.1556313 2290740.30697627
2986564664.62147 1917412089681.36 -980233044121.807 8404.03980256009 -2672.35277504789 -22756327.155698 2320969.12401041
2988916181.26596 1936849366197.06 -986400650425.995 8345.41046952871 -2642.43694152123 -22756327.1557634 2351516.64448916
2991298557.17622 1956404924411.48 -992579383927.647 8287.05627024955 -2612.77465809986 -22756327.1558274 2382375.91025939
2993712132.04352 1976078417573.82 -998768834852.721 8228.9747017941 -2583.36280065098 -22756327.15589 2413574.86729859
2996157235.53663 1995869692211.79 -1004968653044.48 8171.16264729214 -2554.19797170889 -22756327.1559513 2445103.49311026
2998634193.9819 2015778472345.91 -1011178448268.19 8113.61731561897 -2525.27697714299 -22756327.1560113 2476958.44527173
3001143352.20059 2035804416558.03 -1017397808612.62 8056.3360619253 -2496.59673281819 -22756327.15607 2509158.21868621
3003685037.27347 2055947293972.07 -1023626355117.4 7999.31588420001 -2468.15401204122 -22756327.1561275 2541685.07287824
3006259598.35239 2076206691528.8 -1029863650990.65 7942.55425710083 -2439.94586197246 -22756327.1561838 2574561.07892645
3008867362.64786 2096582333316.66 -1036109300388.42 7886.04822641821 -2411.96915118992 -22756327.156239 2607764.29546557
3011508680.35455 2117073730062.55 -1042362840641.92 7829.79538760176 -2384.22105492872 -22756327.1562929 2641317.70669351
3014183905.84706 2137680534870.35 -1048623851420.23 7773.79289602802 -2356.69856406665 -22756327.1563458 2675225.49250352
3016893382.68571 2158402391968.6 -1054891908000.41 7718.03789327378 -2329.39869699432 -22756327.1563975 2709476.83865823
3019637458.23637 2179238820991.74 -1061166546434.1 7662.52781416175 -2302.31864877112 -22756327.1564482 2744075.55065321
3022416488.39081 2200189331518.3 -1067447298521.55 7607.26007136689 -2275.45563502149 -22756327.1564978 2779030.15444307
3025230829.32064 2221253457970.93 -1073733702143.74 7552.23196526779 -2248.80684812272 -22756327.1565463 2814340.92983456
3028080837.37047 2242430695751.65 -1080025282033.95 7497.44085327162 -2222.36953931955 -22756327.1565939 2850008.04982889
3030966868.94828 2263720500676.29 -1086321549741.7 7442.88414804207 -2196.14101694525 -22756327.1566405 2886031.57780119
3033889328.56321 2285122288413.41 -1092622003600.48 7388.55931578419 -2170.11864470601 -22756327.1566861 2922459.61492994
3036848553.61065 2306635787084.35 -1098926231948.26 7334.46299071021 -2144.29941893132 -22756327.1567307 2959225.0474489
3039844915.48184 2328260185749.61 -1105233663076.42 7280.5931243894 -2118.68099562753 -22756327.1567745 2996361.87118501
3042878731.59098 2349994883497.29 -1111543785711.22 7226.94708434485 -2093.2607794161 -22756327.1568173 3033816.1091364
3045950471.41908 2371838849498.54 -1117855962956.89 7173.52323795849 -2068.03667466059 -22756327.1568592 3071739.82810124
3049060463.44411 2393792104740.99 -1124169860221.46 7120.31733189632 -2043.00537637774 -22756327.1569003 3109992.02503575
3052209042.93134 2415853610667.66 -1130484834977.97 7067.32765692423 -2018.16480875753 -22756327.1569406 3148579.48722362
3055396646.46118 2438022343533.79 -1136800249159.78 7014.55238855514 -1993.51286346097 -22756327.15698 3187603.52984023
3058623637.69946 2460297950877.72 -1143115654579.66 6961.98804912916 -1969.04668575358 -22756327.1570186 3226991.23827929
3061890400.4215 2482679521293.47 -1149430441920.15 6909.63244396492 -1944.76404721097 -22756327.1570564 3266762.72204944
3065197327.22938 2505166241712.9 -1155744028494.1 6857.4830878244 -1920.66260886085 -22756327.1570934 3306926.80787498
3068544772.03025 2527757315593.55 -1162055834604.64 6805.53740381382 -1896.74001468856 -22756327.1571296 3347444.80087163
3071933196.88825 2550451639910.6 -1168365193684.88 6753.7934598253 -1872.99422942597 -22756327.1571652 3388424.85799702
3075362937.81411 2573248799600.24 -1174671628653.53 6702.24770183465 -1849.42249831376 -22756327.1572 3429740.92586148
3078834387.23 2596147482227.52 -1180974411717.66 6650.89856006021 -1826.023000234 -22756327.157234 3471449.41588662
3082348000.90685 2619146714794.84 -1187272908268.89 6599.74362777313 -1802.79355268238 -22756327.1572674 3513613.67685543
3085904167.75684 2642245894888.8 -1193566582813.05 6548.77962569224 -1779.73160208739 -22756327.1573001 3556166.84999237
3089503262.352 2665443928696.47 -1199854763141.68 6498.00431481495 -1756.83509145213 -22756327.1573321 3599094.59515595
3093145700.55238 2688739586821.73 -1206136739278.35 6447.41568495513 -1734.10208785649 -22756327.1573635 3642438.20038341
3096831879.63847 2712131863911.37 -1212411860463.62 6397.01117312712 -1711.53043101277 -22756327.1573943 3686179.08608229
3100562215.56202 2735619588440.97 -1218679429533.13 6346.78851497124 -1689.11811660627 -22756327.1574244 3730335.92355186
3104337139.44218 2759201662108.13 -1224938767265.18 6296.74522639252 -1666.863063598 -22756327.1574539 3774923.88016163
3108157048.32813 2782877033428.24 -1231189204706.72 6246.87866616482 -1644.76314335826 -22756327.1574828 3819908.88595101
3112022338.54609 2806644388994.26 -1237430001780.65 6197.18668375267 -1622.81646622474 -22756327.1575111 3865290.21796012
3115933451.05183 2830502367093.79 -1243660404579.1 6147.66715867453 -1601.02117512582 -22756327.1575388 3911112.50574332
3119890863.50288 2854449834565.87 -1249879717203.52 6098.31742996937 -1579.37519531121 -22756327.157566 3957412.45104927
3123894915.73727 2878485827961.76 -1256087284743.22 6049.1344341267 -1557.87629837674 -22756327.1575926 4004052.23438405
3127946038.65537 2902608497556.27 -1262282221386.78 6000.11685607509 -1536.52304043334 -22756327.1576187 4051122.91810457
3132044738.05033 2926816503350.47 -1268463772096.86 5951.26226055669 -1515.31350560327 -22756327.1576443 4098699.39496178
3136191350.09445 2951108897423.16 -1274631278884.11 5902.567364034 -1494.24543159175 -22756327.1576693 4146612.04412042
3140386343.28509 2975483674465.84 -1280783812876.3 5854.03093810523 -1473.31746546225 -22756327.1576938 4194993.19063386
3144630187.14503 2999939566010.94 -1286920630784.17 5805.65020325157 -1452.52760130134 -22756327.1577179 4243843.859946
3148923291.69254 3024475252503.46 -1293040973240.91 5757.42242144838 -1431.87387226598 -22756327.1577414 4293104.54750898
3153266076.3816 3049089017586.65 -1299143979451.78 5709.34556646774 -1411.35463564735 -22756327.1577645 4342784.68905539
3155760000 3073779152767.24 -1305228789331.35 5661.41751737337 -1390.96822503903 -22756327.1577871 2493923.61840105
